wall_time_iso,elapsed_s,run_id,run_group,stream_id,frame_id,object_index,class_name,score,world_x,world_y,world_z,yaw_deg,length_m,width_m,height_m,distance_m,center_x_px,center_y_px,bbox_x1,bbox_y1,bbox_x2,bbox_y2,parked_score,radar_support_score,radar_support_count
2026-07-15T23:42:55.981,5.892395116039552,20260715_234250_front_fusion_ego_2537,egofpsfast_5,fusion_ego_2537,6721565,0,person,0.17590193450450897,-113.0346953159161,-46.65501298875108,0.8786386311464369,68.40240159540949,0.5760447382926941,0.5302790403366089,1.6009001731872559,31.496464850529676,422.55208333333337,226.66666666666669,419.8795885893827,218.7765098611514,425.22457807728404,234.55682347218197,0.9999852180480957,0.999110996723175,
2026-07-15T23:42:56.131,6.0423781629651785,20260715_234250_front_fusion_ego_2537,egofpsfast_5,fusion_ego_2537,6721566,0,person,0.18761910498142242,-99.74687002591376,-26.543146102620597,0.983242505390381,38.58423864769029,0.5970248579978943,0.46266454458236694,1.6792998313903809,10.154215132759333,564.8854166666667,243.33333333333334,557.471310398231,224.6047874291738,572.2995229351025,262.0618792374929,0.9999959468841553,0.9972386360168457,
2026-07-15T23:42:56.131,6.0423781629651785,20260715_234250_front_fusion_ego_2537,egofpsfast_5,fusion_ego_2537,6721566,1,person,0.12421581149101257,-114.65973915678677,-33.54442135682717,1.1040107554881793,-135.8641986961457,0.4880360960960388,0.443796843290329,1.8619897365570068,20.158573857184287,572.6692708333334,233.33333333333334,566.8793704028552,218.34303935368857,578.4591712638115,248.32362731297812,0.9997982382774353,0.970386266708374,
2026-07-15T23:42:56.273,6.184598296997137,20260715_234250_front_fusion_ego_2537,egofpsfast_5,fusion_ego_2537,6721567,0,person,0.10249695926904678,-121.41094630131141,-41.720462674198245,1.3870255602299952,69.40665097822105,0.6487294435501099,0.48772770166397095,2.088578701019287,30.50717959714001,573.78125,226.66666666666669,568.7308476194739,214.32828078667325,578.8316523805261,239.00505254666012,0.9842946529388428,0.4565414786338806,
2026-07-15T23:42:56.273,6.184598296997137,20260715_234250_front_fusion_ego_2537,egofpsfast_5,fusion_ego_2537,6721567,1,person,0.09764061123132706,-101.63431490270808,-27.38682258128268,1.2501031233267272,128.69663107568317,0.6747035384178162,0.48205915093421936,1.752247929573059,10.224290294232425,572.6692708333334,243.33333333333334,563.7356700648864,227.42804308732352,581.6028716017803,259.2386235793432,0.9999980926513672,0.9919204711914062,
2026-07-15T23:42:56.414,6.325548805994913,20260715_234250_front_fusion_ego_2537,egofpsfast_5,fusion_ego_2537,6721568,0,person,0.2027408927679062,-106.78689194924178,-29.176301999461174,1.1092878326574107,161.1817436110278,0.30032336711883545,0.36324870586395264,1.9668551683425903,12.135154605318501,582.6770833333334,235.55555555555557,576.6045852911969,215.8853468630049,588.7495813754698,255.22576424810623,0.9999728202819824,0.996972918510437,
2026-07-15T23:42:56.414,6.325548805994913,20260715_234250_front_fusion_ego_2537,egofpsfast_5,fusion_ego_2537,6721568,1,person,0.11464753746986389,-109.20908615728631,-33.519103743132824,0.9419239270855488,-134.35479736718455,0.7519420385360718,0.5661147236824036,1.645768642425537,17.037241933084374,102.30208333333334,225.55555555555557,93.9732193828871,208.82524106237625,110.63094728377959,242.2858700487349,0.9980548620223999,0.9891489148139954,
2026-07-15T23:42:56.566,6.477859542937949,20260715_234250_front_fusion_ego_2537,egofpsfast_5,fusion_ego_2537,6721569,0,person,0.1837921291589737,-98.08520407278353,-26.515161091247396,0.9612885519235754,67.73930770678439,0.5756778717041016,0.39664426445961,1.7614883184432983,9.942601195444777,582.6770833333334,243.33333333333334,573.9045201552411,223.02797575791678,591.4496465114256,263.63869090874994,0.9999997615814209,0.9991647005081177,
2026-07-15T23:42:56.566,6.477859542937949,20260715_234250_front_fusion_ego_2537,egofpsfast_5,fusion_ego_2537,6721569,1,person,0.11693458259105682,-111.92558243711755,-32.62938557519554,1.109701412721619,-72.10658219687328,0.6881847977638245,0.5091351270675659,1.9305753707885742,17.091968249565006,590.4609375,233.33333333333334,584.441119032912,216.11736019452414,596.480755967088,250.54930647214255,0.9999661445617676,0.9957510232925415,
2026-07-15T23:42:56.709,6.620628430042416,20260715_234250_front_fusion_ego_2537,egofpsfast_5,fusion_ego_2537,6721570,0,vehicle,0.13822045922279358,-99.42226306159634,-21.11640875004438,1.2443000795573886,-26.17846555614681,4.996927261352539,1.9433156251907349,2.2004950046539307,4.620295724561948,92.29427083333334,278.8888888888889,35.7619242866834,200.86989455752902,148.82661737998328,356.9078832202488,0.02553974650800228,0.9174093008041382,
2026-07-15T23:42:56.709,6.620628430042416,20260715_234250_front_fusion_ego_2537,egofpsfast_5,fusion_ego_2537,6721570,1,person,0.13380581140518188,-98.01094037762856,-25.91404258231846,1.0505758874309432,80.8325458329338,0.5294747352600098,0.3823736310005188,2.0123822689056396,9.123644945377544,591.5729166666667,243.33333333333334,582.5461375253897,213.26363881429037,600.5996958079438,273.40302785237634,0.9999997615814209,0.9124292135238647,
2026-07-15T23:42:56.709,6.620628430042416,20260715_234250_front_fusion_ego_2537,egofpsfast_5,fusion_ego_2537,6721570,2,person,0.11862976849079132,-115.03307508333275,-28.982864766325655,0.9132326647235818,-110.58491538050573,0.37236666679382324,0.3685799241065979,1.7015222311019897,15.948014122039824,93.40625,226.66666666666669,84.43470469862223,206.3735220829646,102.37779530137777,246.95981125036877,0.9894948601722717,0.7342821359634399,
2026-07-15T23:42:56.882,6.794489201973192,20260715_234250_front_fusion_ego_2537,egofpsfast_5,fusion_ego_2537,6721571,0,person,0.16461382806301117,-112.7147852184949,-28.059969179677758,0.8289470065142339,176.1073393626755,0.6196506023406982,0.5208067893981934,1.6082111597061157,13.324074034782553,84.51041666666667,234.44444444444446,72.73364432590704,213.91884532239703,96.2871890074263,254.97004356649188,0.9077495336532593,0.43873482942581177,
2026-07-15T23:42:56.882,6.794489201973192,20260715_234250_front_fusion_ego_2537,egofpsfast_5,fusion_ego_2537,6721571,1,person,0.0950627326965332,-112.36193500190534,-32.09279448621404,1.16886563783922,-51.23478310451852,0.7145166397094727,0.5685794949531555,1.7728976011276245,16.163003921730667,608.2526041666667,235.55555555555557,601.1141294414799,219.04998514387344,615.3910788918536,252.0611259672377,0.9982870221138,0.9570795297622681,
2026-07-15T23:42:57.033,6.945431952015497,20260715_234250_front_fusion_ego_2537,egofpsfast_5,fusion_ego_2537,6721572,0,person,0.27278977632522583,-97.15096042239436,-26.94378293512682,1.0638283224461356,107.46055340691393,0.3599746823310852,0.3648468255996704,1.8778940439224243,9.68094593840382,617.1484375,243.33333333333334,606.8050909154117,217.48126407464346,627.4917840845883,269.18540259202325,1.0,0.9989194869995117,
2026-07-15T23:42:57.033,6.945431952015497,20260715_234250_front_fusion_ego_2537,egofpsfast_5,fusion_ego_2537,6721572,1,person,0.14568081498146057,-112.16857650703429,-28.459091038489156,1.0591877013358306,-116.91682080769179,0.7469208836555481,0.5555773377418518,1.7080367803573608,12.858687996969811,75.61458333333334,235.55555555555557,65.16128047866127,213.06427273485397,86.06788618800542,258.04683837625714,0.9849756360054016,0.8115134239196777,
2026-07-15T23:42:57.033,6.945431952015497,20260715_234250_front_fusion_ego_2537,egofpsfast_5,fusion_ego_2537,6721572,2,vehicle,0.07136691361665726,-110.19117339254706,-23.398210874198995,1.3872897878702661,70.03630076680763,5.810351848602295,2.1616382598876953,2.811174154281616,8.157035550496179,12.231770833333334,225.55555555555557,-26.608341517547768,151.38306352827286,51.071883184214435,299.72804758283826,0.2097635120153427,0.9666950106620789,
2026-07-15T23:42:57.033,6.945431952015497,20260715_234250_front_fusion_ego_2537,egofpsfast_5,fusion_ego_2537,6721572,3,vehicle,0.061687443405389786,-114.28877068677927,-27.829520941516435,0.8522193020044424,78.60246228738477,2.4361915588378906,1.1437755823135376,1.5571494102478027,14.048121923350218,66.71875,234.44444444444446,44.84406399354339,209.96270683076648,88.59343600645661,258.92618205812244,0.17308609187602997,0.660470724105835,
2026-07-15T23:42:57.175,7.086713224998675,20260715_234250_front_fusion_ego_2537,egofpsfast_5,fusion_ego_2537,6721573,0,person,0.4462985694408417,-98.41090677524221,-28.22458927431154,0.9764209219315889,82.72728054284188,0.2631290555000305,0.30911558866500854,1.9152835607528687,9.57795953600713,627.15625,244.44444444444446,617.1418702993542,213.49470641877917,637.1706297006458,275.39418247010974,0.9999997615814209,0.989809513092041,
2026-07-15T23:42:57.311,7.222995540010743,20260715_234250_front_fusion_ego_2537,egofpsfast_5,fusion_ego_2537,6721574,0,person,0.12261424213647842,-108.97338761531127,-27.641225754435204,1.0446275049855223,3.1074383678910174,0.5490432977676392,0.48878276348114014,1.7944446802139282,9.257427417625843,644.9479166666667,243.33333333333334,631.9242137062054,205.46380360921225,657.9716196271281,281.20286305745446,0.99959796667099,0.6033231019973755,
2026-07-15T23:42:58.424,8.336296619963832,20260715_234250_front_fusion_ego_2537,egofpsfast_5,fusion_ego_2537,6721581,0,person,0.13968272507190704,-106.79758578549487,-43.75430242344766,0.496706576007778,-94.10955102605753,0.701250433921814,0.5622780919075012,1.3013558387756348,17.509521020040953,573.78125,234.44444444444446,567.643977900967,223.9285507467058,579.918522099033,244.9603381421831,0.9961355924606323,0.9933463335037231,
2026-07-15T23:42:58.932,8.844439473003149,20260715_234250_front_fusion_ego_2537,egofpsfast_5,fusion_ego_2537,6721584,0,person,0.12438952922821045,-102.27188312013882,-40.7525510831288,0.8808255631436253,-108.38784777669369,0.8273468613624573,0.6471073627471924,1.6734912395477295,10.335946947236097,582.6770833333334,243.33333333333334,575.5876936012259,226.9617267449697,589.7664730654409,259.704939921697,0.9582224488258362,0.6125286221504211,
2026-07-15T23:42:59.102,9.013909192988649,20260715_234250_front_fusion_ego_2537,egofpsfast_5,fusion_ego_2537,6721585,0,person,0.0605919323861599,-103.80380142088265,-47.13887655086708,0.8154697837005358,-67.0209335768116,1.2589733600616455,0.7529109716415405,1.5393551588058472,15.582396554790728,591.5729166666667,243.33333333333334,584.0491157981257,229.27869935830435,599.0967175352077,257.38796730836236,0.9832615256309509,0.5736379623413086,
2026-07-15T23:42:59.263,9.174735983018763,20260715_234250_front_fusion_ego_2537,egofpsfast_5,fusion_ego_2537,6721586,0,person,0.14721272885799408,-105.13708751663465,-45.52470958378909,1.0004353918822275,-153.3074110737423,0.551020085811615,0.5951260924339294,1.7095073461532593,13.097556060787381,591.5729166666667,244.44444444444446,583.5756028952699,226.69109609391955,599.5702304380636,262.19779279496936,0.9900692105293274,0.5356065630912781,
2026-07-15T23:43:00.285,10.197133800946176,20260715_234250_front_fusion_ego_2537,egofpsfast_5,fusion_ego_2537,6721592,0,vehicle,0.07116565108299255,-96.17222429486115,-38.55321028588176,1.1468585750856368,-61.15151979087617,4.810349941253662,1.8304263353347778,1.974143624305725,2.912980031333242,805.0729166666667,332.22222222222223,762.8738430390756,232.14387549294366,847.2719902942579,432.3005689515008,0.2219700813293457,0.05266202986240387,
2026-07-15T23:43:00.932,10.843522498034872,20260715_234250_front_fusion_ego_2537,egofpsfast_5,fusion_ego_2537,6721596,0,vehicle,0.0814182311296463,-94.10000312320749,-54.39386329866632,1.465447350999772,94.34803543284067,6.547364234924316,2.461428165435791,2.6982078552246094,10.372368717563488,831.7604166666667,234.44444444444446,799.8455712969105,194.60417058732776,863.675262036423,274.28471830156116,0.30569911003112793,0.9904521703720093,
2026-07-15T23:43:01.190,11.101747225038707,20260715_234250_front_fusion_ego_2537,egofpsfast_5,fusion_ego_2537,6721598,0,person,0.050355687737464905,-100.59573168085251,-75.74719629126959,1.1332141294555669,-26.021785955092327,1.2341433763504028,0.7450186610221863,1.9523036479949951,30.3054088285716,209.05208333333334,226.66666666666669,202.1976692651709,215.36806772152585,215.90649740149578,237.96526561180752,0.992424488067627,0.9836205244064331,
2026-07-15T23:43:01.559,11.471014391980134,20260715_234250_front_fusion_ego_2537,egofpsfast_5,fusion_ego_2537,6721601,0,person,0.42513176798820496,-98.30312737789771,-75.64663361973466,0.9557331739467045,2.9567557117169345,0.5828289985656738,0.49859488010406494,1.8182750940322876,27.81444586804992,191.26041666666669,234.44444444444446,184.41262626896304,223.25099882152347,198.10820706437033,245.63789006736545,0.9787178039550781,0.8951817154884338,
2026-07-15T23:43:01.559,11.471014391980134,20260715_234250_front_fusion_ego_2537,egofpsfast_5,fusion_ego_2537,6721601,1,vehicle,0.10136490315198898,-55.766596939663074,-54.98712391705822,2.137068305456747,-174.73575861518117,8.378475189208984,2.84926176071167,4.004258155822754,37.67531468347688,715.0026041666667,217.7777777777778,667.5959384689729,199.12631856070627,762.4092698643606,236.42923699484933,0.0037315464578568935,0.9839919209480286,
2026-07-15T23:43:01.683,11.594731903984211,20260715_234250_front_fusion_ego_2537,egofpsfast_5,fusion_ego_2537,6721602,0,vehicle,0.10591743886470795,-55.062560187718645,-58.22083436225685,1.695707066673,-154.44937868181339,6.332295894622803,2.272521495819092,2.906841993331909,38.189913154979344,697.2109375,225.55555555555557,674.4120935760438,214.159148964617,720.0097814239562,236.95196214649414,0.9965944886207581,0.99907386302948,
2026-07-15T23:43:01.802,11.71442674298305,20260715_234250_front_fusion_ego_2537,egofpsfast_5,fusion_ego_2537,6721603,0,vehicle,0.08187149465084076,-60.169251660208246,-67.69783222826175,1.0628704093807455,-99.76628970575445,5.220383167266846,1.9422950744628906,1.8419872522354126,36.03502593644376,627.15625,225.55555555555557,606.6247183792293,219.5834705564711,647.6877816207707,231.52764055464004,0.06740138679742813,0.9997982382774353,
2026-07-15T23:43:01.933,11.844718341948465,20260715_234250_front_fusion_ego_2537,egofpsfast_5,fusion_ego_2537,6721604,0,vehicle,0.2516489624977112,-58.86051142538528,-68.05434980695935,1.0727713655744937,-136.2672721292351,5.959331512451172,2.1873257160186768,2.0568599700927734,36.40215432936296,617.1484375,225.55555555555557,591.6348701491952,218.8127574655745,642.6620048508048,232.29835364553665,0.01569189876317978,0.9999582767486572,
2026-07-15T23:43:01.933,11.844718341948465,20260715_234250_front_fusion_ego_2537,egofpsfast_5,fusion_ego_2537,6721604,1,vehicle,0.10505037754774094,-97.65165686488113,-73.56416750803162,0.7504730141507405,62.55783386147388,3.209463596343994,1.4334324598312378,1.9059444665908813,24.15305680607893,13.34375,234.44444444444446,-11.139715701341629,209.92556896474628,37.82721570134163,258.96331992414264,0.1739785373210907,0.2230628877878189,
2026-07-15T23:43:02.054,11.966369951027445,20260715_234250_front_fusion_ego_2537,egofpsfast_5,fusion_ego_2537,6721605,0,vehicle,0.40367981791496277,-57.07156830871227,-61.40048505448502,1.7805783431778073,-128.5585426392148,8.09935188293457,2.943373203277588,3.5468087196350098,34.506937683696606,661.6276041666667,217.7777777777778,618.4778111303847,203.0081348286735,704.7773972029488,232.5474207268821,0.0017165207536891103,0.9578129053115845,
2026-07-15T23:43:02.054,11.966369951027445,20260715_234250_front_fusion_ego_2537,egofpsfast_5,fusion_ego_2537,6721605,1,vehicle,0.14061251282691956,-60.15256019250035,-68.95420076149344,1.0065662298751583,-109.05667163467324,5.299325466156006,2.0239267349243164,1.9135334491729736,34.796679084407984,600.46875,225.55555555555557,578.1422911733389,218.5219443175528,622.7952088266611,232.58916679355835,0.03264988213777542,0.999853253364563,
2026-07-15T23:43:02.179,12.091109168948606,20260715_234250_front_fusion_ego_2537,egofpsfast_5,fusion_ego_2537,6721606,0,vehicle,0.19842949509620667,-60.01704861914171,-72.58002561757135,0.9347784538057515,-103.16117940752315,5.273832321166992,2.0282864570617676,1.9820582866668701,35.973044914386286,591.5729166666667,225.55555555555557,567.97846238936,218.67773327562546,615.1673709439735,232.4333778354857,0.004075025208294392,0.9998956918716431,
2026-07-15T23:43:02.179,12.091109168948606,20260715_234250_front_fusion_ego_2537,egofpsfast_5,fusion_ego_2537,6721606,1,vehicle,0.0508028045296669,-53.14428372880212,-63.97843808287206,2.1183755735988177,-141.59374780745935,8.539289474487305,3.082061767578125,3.9996378421783447,38.185122536605775,644.9479166666667,217.7777777777778,614.1010284001629,204.08455358611215,675.7948049331706,231.47100196944345,0.006362819578498602,0.9996740818023682,
2026-07-15T23:43:02.307,12.219299930962734,20260715_234250_front_fusion_ego_2537,egofpsfast_5,fusion_ego_2537,6721607,0,vehicle,0.20348212122917175,-59.99452634343319,-74.39641914030511,0.8344190669847202,-107.80547859428503,5.154333114624023,2.0408742427825928,1.8882969617843628,36.15771730186749,582.6770833333334,225.55555555555557,561.8584925880035,218.9220266375277,603.4956740786632,232.18908447358345,0.1102486401796341,0.999799907207489,
2026-07-15T23:43:02.307,12.219299930962734,20260715_234250_front_fusion_ego_2537,egofpsfast_5,fusion_ego_2537,6721607,1,vehicle,0.056476980447769165,-53.898380855193224,-63.6189222127702,2.031219438293501,-104.07179312265512,8.379385948181152,2.927367925643921,3.8985342979431152,36.486516366582975,636.0520833333334,217.7777777777778,602.6314727862676,202.14683817492593,669.4726938803991,233.40871738062967,1.599551433173474e-05,0.9991201758384705,
2026-07-15T23:43:02.430,12.341766173951328,20260715_234250_front_fusion_ego_2537,egofpsfast_5,fusion_ego_2537,6721608,0,vehicle,0.30349069833755493,-59.87728962829949,-73.8053031782405,0.8344687164082321,-105.65896783061719,5.3778228759765625,2.0852041244506836,1.9136430025100708,34.98910887245771,564.8854166666667,225.55555555555557,542.3428168470662,219.06241166922783,587.4280164862673,232.04869944188331,0.0037127146497368813,0.9997761845588684,
2026-07-15T23:43:02.430,12.341766173951328,20260715_234250_front_fusion_ego_2537,egofpsfast_5,fusion_ego_2537,6721608,1,vehicle,0.21928679943084717,-53.96781532728495,-64.2340603641348,1.8183892095004481,-90.70927622979079,8.200451850891113,3.044527530670166,3.626394271850586,35.75201073997335,626.0442708333334,217.7777777777778,587.6535118495425,202.85251306162942,664.4350298171242,232.70304249392618,1.5304154658224434e-05,0.9948392510414124,
2026-07-15T23:43:02.430,12.341766173951328,20260715_234250_front_fusion_ego_2537,egofpsfast_5,fusion_ego_2537,6721608,2,vehicle,0.135214164853096,-96.04330127809435,-84.9867375257798,1.0999399532225453,12.473133532734215,4.0078125,1.6719154119491577,2.1727421283721924,33.243196318268765,30.023437500000004,226.66666666666669,4.9138536006212234,211.94785873095196,55.133021399378784,241.3854746023814,0.7009255290031433,0.3209061622619629,
2026-07-15T23:43:02.551,12.463082710979506,20260715_234250_front_fusion_ego_2537,egofpsfast_5,fusion_ego_2537,6721609,0,vehicle,0.3863206207752228,-63.01038633835502,-77.42359324724137,0.9913641210176936,-74.37303435626549,5.426795959472656,2.118558645248413,1.8919798135757446,34.1174807683082,547.09375,225.55555555555557,528.5213947966695,218.4001823100779,565.6661052033305,232.71092880103325,0.0027191496919840574,0.999840497970581,
2026-07-15T23:43:02.551,12.463082710979506,20260715_234250_front_fusion_ego_2537,egofpsfast_5,fusion_ego_2537,6721609,1,vehicle,0.16993935406208038,-52.958252526041406,-65.75705497045931,2.1142756546295143,-131.8205517377267,8.906804084777832,3.13826584815979,4.061657428741455,36.35363355128672,608.2526041666667,217.7777777777778,573.4204169089596,201.5049265490638,643.0847914243739,234.0506290064918,0.0023263399489223957,0.9994010925292969,
2026-07-15T23:43:02.551,12.463082710979506,20260715_234250_front_fusion_ego_2537,egofpsfast_5,fusion_ego_2537,6721609,2,vehicle,0.15365161001682281,-57.876625853815476,-49.65829635407398,1.6330349675941083,-23.63092459988535,6.5749359130859375,2.424093246459961,2.9508960247039795,29.437558469745117,777.2734375,226.66666666666669,732.4553034901619,208.45088581244153,822.0915715098381,244.88244752089184,0.01136364322155714,0.9685852527618408,
2026-07-15T23:43:02.672,12.58374599297531,20260715_234250_front_fusion_ego_2537,egofpsfast_5,fusion_ego_2537,6721610,0,vehicle,0.340116411447525,-64.14839140488772,-75.74338363440853,1.1074961065231221,-100.22078173154932,5.221938610076904,2.0174365043640137,1.9019298553466797,31.276724990800812,537.0859375,225.55555555555557,515.702417973429,217.86149058077072,558.469457026571,233.24962053034042,0.00021069694776088,0.9998339414596558,
2026-07-15T23:43:02.672,12.58374599297531,20260715_234250_front_fusion_ego_2537,egofpsfast_5,fusion_ego_2537,6721610,1,vehicle,0.23531533777713776,-50.26666808666934,-62.37980203008969,2.1208724316836403,-90.62978219489031,8.764138221740723,3.095205307006836,4.095692157745361,37.1202200595925,608.2526041666667,217.7777777777778,576.9100668306153,202.52071665392984,639.5951415027182,233.03483890162576,0.0006038926658220589,0.9970099925994873,
2026-07-15T23:43:02.807,12.719142163987271,20260715_234250_front_fusion_ego_2537,egofpsfast_5,fusion_ego_2537,6721611,0,vehicle,0.6334837079048157,-61.954289316461455,-75.31987312610605,1.0760126515691708,-135.4897719727701,5.364104747772217,2.028197765350342,1.8496010303497314,31.755852639482082,520.40625,225.55555555555557,497.55588969960814,218.11282742354607,543.2566103003919,232.99828368756508,0.00020375970052555203,0.9999949932098389,
2026-07-15T23:43:02.807,12.719142163987271,20260715_234250_front_fusion_ego_2537,egofpsfast_5,fusion_ego_2537,6721611,1,vehicle,0.4024326205253601,-48.31669748405953,-62.86877019602003,2.218396520385874,-110.24278333774272,8.996620178222656,3.2115261554718018,4.179861068725586,38.309009327654785,590.4609375,217.7777777777778,564.0859668962657,202.56189392672647,616.8359081037343,232.99366162882913,0.0002885750727728009,0.999390721321106,
2026-07-15T23:43:02.952,12.8640223989496,20260715_234250_front_fusion_ego_2537,egofpsfast_5,fusion_ego_2537,6721612,0,vehicle,0.2492670863866806,-57.41903745232914,-73.98758294233376,0.9081508523089861,-103.71949917968927,5.169667720794678,1.9967046976089478,1.7739489078521729,33.648939951026875,510.39843750000006,225.55555555555557,488.4065981060267,219.1890561911795,532.3902768939734,231.92205491993164,0.0008222402539104223,0.9999374151229858,
2026-07-15T23:43:03.085,12.996662038960494,20260715_234250_front_fusion_ego_2537,egofpsfast_5,fusion_ego_2537,6721613,0,vehicle,0.15352199971675873,-60.487799308555765,-76.45438360461115,0.8291170275577002,-133.0353379657362,5.130100727081299,1.9162485599517822,1.8935776948928833,31.981513115870033,501.5026041666667,225.55555555555557,480.12218014026683,217.82326731416916,522.8830281930666,233.28784379694198,0.002989373169839382,0.9990717172622681,
2026-07-15T23:43:03.085,12.996662038960494,20260715_234250_front_fusion_ego_2537,egofpsfast_5,fusion_ego_2537,6721613,1,vehicle,0.1200733557343483,-53.1285155014928,-46.375171789429906,1.5425209191238984,-91.2758421461445,8.168828010559082,3.0091211795806885,3.6731579303741455,32.21820665728775,787.28125,217.7777777777778,730.286200940609,193.7924705611335,844.276299059391,241.7630849944221,0.009045676328241825,0.9955737590789795,
2026-07-15T23:43:03.085,12.996662038960494,20260715_234250_front_fusion_ego_2537,egofpsfast_5,fusion_ego_2537,6721613,2,person,0.05552991107106209,-86.94440756300702,-75.75654531457536,1.092536951574795,69.47703583078236,0.8664501905441284,0.6132134795188904,1.72893226146698,20.96514050724324,1.1119791666666667,234.44444444444446,-3.460965377589067,213.55943110254077,5.6849237109224005,255.32945778634814,0.99233478307724,0.15194781124591827,
2026-07-15T23:43:03.210,13.122313866042532,20260715_234250_front_fusion_ego_2537,egofpsfast_5,fusion_ego_2537,6721614,0,vehicle,0.3618086278438568,-57.73947747574148,-74.66442625921346,0.8379387859852103,-116.16379069465385,5.395723342895508,2.0353918075561523,1.866480827331543,32.16964220426072,492.60677083333337,225.55555555555557,467.4670559143027,218.27171567413544,517.746485752364,232.8393954369757,0.0003396637621335685,0.9999717473983765,
2026-07-15T23:43:03.210,13.122313866042532,20260715_234250_front_fusion_ego_2537,egofpsfast_5,fusion_ego_2537,6721614,1,person,0.16556744277477264,-55.353482553645975,-73.67709844442003,0.656215407349864,-110.61255258894654,0.5039323568344116,0.373026043176651,1.7151049375534058,33.56547215911075,458.1354166666667,226.66666666666669,455.9481421710613,219.84991023937863,460.32269116227206,233.48342309395474,0.9999963045120239,0.9999090433120728,
2026-07-15T23:43:03.333,13.245481251971796,20260715_234250_front_fusion_ego_2537,egofpsfast_5,fusion_ego_2537,6721615,0,vehicle,0.35683444142341614,-58.49313819533016,-73.42213153311356,0.9691965022060522,157.22580054890523,5.450565814971924,2.056777000427246,2.0184061527252197,30.044933456784282,483.71093750000006,225.55555555555557,465.5428043529392,217.10549834701752,501.8790706470609,234.00561276409363,0.0005752643919549882,0.999924898147583,
2026-07-15T23:43:03.333,13.245481251971796,20260715_234250_front_fusion_ego_2537,egofpsfast_5,fusion_ego_2537,6721615,1,vehicle,0.0898391529917717,-54.69295149721762,-51.68517139832936,2.0650998222377073,-151.52162424521984,8.121990203857422,2.929004430770874,3.7324228286743164,28.39328356814675,769.4895833333334,217.7777777777778,692.6364011963209,194.65350078211893,846.3427654703459,240.90205477343667,0.0734260305762291,0.9821969270706177,
2026-07-15T23:43:03.460,13.372289240011014,20260715_234250_front_fusion_ego_2537,egofpsfast_5,fusion_ego_2537,6721616,0,vehicle,0.5325074791908264,-57.05583328858867,-72.67222572672853,1.0124785562110985,113.9343833177817,5.140056610107422,1.9726011753082275,1.9151922464370728,30.039087048932156,465.91927083333337,226.66666666666669,449.45102222015464,217.9356400171916,482.3875194465121,235.39769331614178,0.00023211118241306394,0.9999827146530151,
2026-07-15T23:43:03.460,13.372289240011014,20260715_234250_front_fusion_ego_2537,egofpsfast_5,fusion_ego_2537,6721616,1,vehicle,0.16399580240249634,-47.6608234715754,-63.826265875193634,2.163239630616312,-177.82889774277706,8.822071075439453,2.966254234313965,4.281826019287109,35.284706004063125,563.7734375,217.7777777777778,543.3457578420639,201.70653031931985,584.2011171579361,233.84902523623575,0.01567688025534153,0.9999301433563232,
2026-07-15T23:43:03.460,13.372289240011014,20260715_234250_front_fusion_ego_2537,egofpsfast_5,fusion_ego_2537,6721616,2,person,0.10113231092691422,-52.62108107396247,-73.19419037705913,0.8486708107895917,-106.75585930082121,2.766404867172241,1.123140811920166,1.8873800039291382,34.08418788948684,449.23958333333337,226.66666666666669,442.9722342131039,218.98956576983136,455.50693245356285,234.343767563502,0.9025171399116516,0.9936562180519104,
2026-07-15T23:43:03.460,13.372289240011014,20260715_234250_front_fusion_ego_2537,egofpsfast_5,fusion_ego_2537,6721616,3,vehicle,0.0992443859577179,-57.6728270988565,-50.808852130769175,2.1443129804873724,143.96842188654531,8.374224662780762,3.0060312747955322,3.6745054721832275,24.964870965827235,750.5859375,226.66666666666669,688.3783524781466,204.05984322230023,812.7935225218534,249.27349011103314,0.03454902023077011,0.9983828067779541,
2026-07-15T23:43:03.579,13.491499710944481,20260715_234250_front_fusion_ego_2537,egofpsfast_5,fusion_ego_2537,6721617,0,vehicle,0.2523069679737091,-46.23346760554001,-64.8371368979264,2.0870452191938123,172.61508547765294,8.630847930908203,2.926802158355713,4.348607540130615,36.14951848494158,555.9895833333334,217.7777777777778,536.4731196661791,201.46341847048868,575.5060470004877,234.09213708506692,0.07706989347934723,0.9997460246086121,
2026-07-15T23:43:03.579,13.491499710944481,20260715_234250_front_fusion_ego_2537,egofpsfast_5,fusion_ego_2537,6721617,1,vehicle,0.16911680996418,-55.41165975457669,-71.889363863126,1.0369995061961697,116.87991319808626,5.418056964874268,2.045377731323242,2.129500150680542,30.26133782095818,448.1276041666667,226.66666666666669,429.18753662953776,217.17989186445874,467.0676717037956,236.15344146887463,0.0012921268353238702,0.9994440674781799,
2026-07-15T23:43:03.579,13.491499710944481,20260715_234250_front_fusion_ego_2537,egofpsfast_5,fusion_ego_2537,6721617,2,vehicle,0.07803035527467728,-61.29761841015977,-70.69992762263547,0.5253070572426553,39.9298168164876,4.843090534210205,1.8328031301498413,1.3166643381118774,24.69976125857838,438.1197916666667,234.44444444444446,420.00285834694904,227.13989075687198,456.23672498638433,241.74899813201694,0.0003335874353069812,0.9915212392807007,
2026-07-15T23:43:03.579,13.491499710944481,20260715_234250_front_fusion_ego_2537,egofpsfast_5,fusion_ego_2537,6721617,3,vehicle,0.07577960938215256,-82.86860693821727,-56.55607363364273,1.1844523720716684,-38.39258776274799,6.044620037078857,2.218071460723877,2.2588396072387695,1.5639171664012765,839.5442708333334,280.0,808.1357067649564,100.34812927246094,870.9528349017104,459.65187072753906,0.015558999963104725,0.0005124146700836718,
2026-07-15T23:43:03.718,13.62985764699988,20260715_234250_front_fusion_ego_2537,egofpsfast_5,fusion_ego_2537,6721618,0,vehicle,0.5497763752937317,-56.966677556028856,-74.30765033602512,0.9818477656070006,93.594348220031,5.093821048736572,1.9828847646713257,1.9060940742492676,29.5799667730146,431.4479166666667,226.66666666666669,414.87559975559515,217.9833600918452,448.0202335777382,235.34997324148816,0.011668084189295769,0.9993379712104797,
2026-07-15T23:43:03.718,13.62985764699988,20260715_234250_front_fusion_ego_2537,egofpsfast_5,fusion_ego_2537,6721618,1,vehicle,0.29508501291275024,-48.35758033078781,-43.936312673684675,1.9036782570553354,-130.85926868149232,8.403037071228027,2.9206299781799316,3.67624568939209,34.720052348142715,723.8984375,217.7777777777778,648.0167779326439,197.93943213091958,799.7800970673561,237.61612342463602,0.5032706260681152,0.9854808449745178,
2026-07-15T23:43:03.718,13.62985764699988,20260715_234250_front_fusion_ego_2537,egofpsfast_5,fusion_ego_2537,6721618,2,vehicle,0.07626914232969284,-55.0255143002084,-45.2876056008112,1.409442270106735,129.38173095656762,7.054786205291748,2.4705164432525635,2.9911298751831055,28.043035113482464,750.5859375,226.66666666666669,709.999695815146,204.62530116240185,791.172179184854,248.70803217093152,0.9977732300758362,0.9996681213378906,
2026-07-15T23:43:03.857,13.769569820025936,20260715_234250_front_fusion_ego_2537,egofpsfast_5,fusion_ego_2537,6721619,0,vehicle,0.396792471408844,-58.35960484085905,-72.138548453182,0.997461764044667,74.64933273050727,5.385678768157959,2.020230531692505,2.0794143676757812,26.478457482973166,421.4401041666667,226.66666666666669,401.5951150345306,215.73020885388058,441.2850932988028,237.6031244794528,0.0004696726391557604,0.9998865127563477,
2026-07-15T23:43:03.857,13.769569820025936,20260715_234250_front_fusion_ego_2537,egofpsfast_5,fusion_ego_2537,6721619,1,vehicle,0.15625180304050446,-50.948375723912605,-43.81717609310445,2.029763699979547,114.14252429393949,7.77633810043335,2.8029301166534424,3.6422278881073,31.826563721308187,741.6901041666667,226.66666666666669,695.0726287613313,201.65093163649243,788.3075795720022,251.68240169684094,0.9784291386604309,0.9983735084533691,
2026-07-15T23:43:03.857,13.769569820025936,20260715_234250_front_fusion_ego_2537,egofpsfast_5,fusion_ego_2537,6721619,2,person,0.050347331911325455,-66.98646994054273,-83.7156078868804,0.9149395876545388,159.70533228988512,2.767669916152954,1.2019222974777222,2.034057855606079,29.841133878710703,262.42708333333337,226.66666666666669,252.67183087890348,215.98204145828885,272.18233578776324,237.35129187504452,0.9262052774429321,0.9927968382835388,
2026-07-15T23:43:03.980,13.892093637958169,20260715_234250_front_fusion_ego_2537,egofpsfast_5,fusion_ego_2537,6721620,0,vehicle,0.39085593819618225,-59.25318675711394,-72.11316355245306,0.90483569343711,116.58688134356574,5.099640369415283,1.9656596183776855,1.9578121900558472,25.06082288998598,395.86458333333337,226.66666666666669,371.17755588640773,215.85820655028027,420.551610780259,237.4751267830531,0.12479560822248459,0.9974048733711243,
2026-07-15T23:43:03.980,13.892093637958169,20260715_234250_front_fusion_ego_2537,egofpsfast_5,fusion_ego_2537,6721620,1,vehicle,0.2017693668603897,-68.05926335577094,-85.46062454633929,1.1284706391919823,48.38601760621257,4.591565132141113,1.8297752141952515,2.014414072036743,30.533243515553487,226.84375000000003,226.66666666666669,198.67424668371677,214.4177199403445,255.01325331628325,238.91561339298886,0.15333077311515808,0.9824448227882385,
2026-07-15T23:43:03.980,13.892093637958169,20260715_234250_front_fusion_ego_2537,egofpsfast_5,fusion_ego_2537,6721620,2,person,0.18615829944610596,-63.497117825427736,-54.26434232769105,0.8098628201619931,172.5505484584657,0.794224202632904,0.5512033104896545,1.5536575317382812,16.053241935667106,626.0442708333334,234.44444444444446,619.7328585566332,220.82459655072955,632.3556831100335,248.06429233815936,1.0,0.9997891783714294,
2026-07-15T23:43:03.980,13.892093637958169,20260715_234250_front_fusion_ego_2537,egofpsfast_5,fusion_ego_2537,6721620,3,vehicle,0.17558559775352478,-58.49783626896065,-71.7141197877314,0.9012609062231176,73.64832199309285,4.946291923522949,1.9337961673736572,1.8893938064575195,25.43691263201928,412.54427083333337,226.66666666666669,393.00226372232044,215.99527190128964,432.0862779443463,237.33806143204373,0.0015811462653800845,0.9996367692947388,
2026-07-15T23:43:03.980,13.892093637958169,20260715_234250_front_fusion_ego_2537,egofpsfast_5,fusion_ego_2537,6721620,4,vehicle,0.14347493648529053,-48.91866780345889,-45.11642809150223,1.8040547950330652,163.5839436469422,8.272871971130371,2.848491907119751,3.6444857120513916,32.635981458523354,697.2109375,217.7777777777778,627.3314177691936,197.76052878962625,767.0904572308064,237.79502676592935,0.31206390261650085,0.9661371111869812,
2026-07-15T23:43:03.980,13.892093637958169,20260715_234250_front_fusion_ego_2537,egofpsfast_5,fusion_ego_2537,6721620,5,vehicle,0.1156923770904541,-54.636333141065094,-55.057489119795264,0.37615021127762893,-60.63723241376015,3.7688512802124023,1.4087754487991333,1.3839962482452393,24.75953070956152,662.7395833333334,234.44444444444446,641.6592542094489,224.9061953690317,683.8199124572178,243.9826935198572,0.5527297258377075,0.9928044676780701,
2026-07-15T23:43:04.110,14.022474118042737,20260715_234250_front_fusion_ego_2537,egofpsfast_5,fusion_ego_2537,6721621,0,vehicle,0.379842609167099,-59.36556125251303,-69.86759751407999,0.9431482598798739,86.87527076120239,5.213651180267334,1.990976095199585,1.9346846342086792,23.00051044856045,394.7526041666667,226.66666666666669,370.7923734361927,214.16475812594098,418.7128348971407,239.1685752073924,0.000411380548030138,0.9999963045120239,
2026-07-15T23:43:04.110,14.022474118042737,20260715_234250_front_fusion_ego_2537,egofpsfast_5,fusion_ego_2537,6721621,1,person,0.2787916660308838,-62.55161670075578,-53.85358749541022,0.5795231695694911,162.54142567199114,0.7237939834594727,0.48987504839897156,1.4094114303588867,16.45186039987969,627.15625,234.44444444444446,619.5341654103249,222.17273470428256,634.7783345896751,246.71615418460635,0.9999995231628418,0.9995456337928772,
2026-07-15T23:43:04.110,14.022474118042737,20260715_234250_front_fusion_ego_2537,egofpsfast_5,fusion_ego_2537,6721621,2,vehicle,0.22962120175361633,-60.94121907684074,-70.82287216593164,0.9851507487570312,108.36039877911533,5.263683795928955,2.06988787651062,2.0599029064178467,22.26549390741267,384.7447916666667,226.66666666666669,355.61769075940055,215.0766448179881,413.8718925739328,238.25668851534527,0.0053498465567827225,0.9989795088768005,
2026-07-15T23:43:04.110,14.022474118042737,20260715_234250_front_fusion_ego_2537,egofpsfast_5,fusion_ego_2537,6721621,3,vehicle,0.20702111721038818,-50.963759535418276,-48.565493248007606,1.8058329006420517,-154.8765552788973,8.474259376525879,2.9350736141204834,3.79422664642334,28.992535660513866,688.3151041666667,217.7777777777778,618.6662103335063,197.00361655818094,757.9639979998271,238.55193899737466,0.7996445298194885,0.9982523322105408,
2026-07-15T23:43:04.110,14.022474118042737,20260715_234250_front_fusion_ego_2537,egofpsfast_5,fusion_ego_2537,6721621,4,person,0.19509637355804443,-68.02715746654745,-85.08298165906902,1.1128095821605202,-92.25810349104697,1.8578846454620361,0.923774242401123,1.949530005455017,29.74510997080561,226.84375000000003,226.66666666666669,219.36558389849964,214.18855379025143,234.32191610150042,239.14477954308194,0.8040335178375244,0.9121033549308777,
2026-07-15T23:43:04.238,14.150254064938053,20260715_234250_front_fusion_ego_2537,egofpsfast_5,fusion_ego_2537,6721622,0,vehicle,0.32668814063072205,-59.46777500096271,-70.66776210278815,0.8734509150332541,103.98150756491843,5.564294815063477,2.1808061599731445,1.9528002738952637,22.721253753209435,360.28125,226.66666666666669,323.2711890786886,214.65221027533215,397.2913109213114,238.68112305800122,0.024930961430072784,0.9998763799667358,
2026-07-15T23:43:04.238,14.150254064938053,20260715_234250_front_fusion_ego_2537,egofpsfast_5,fusion_ego_2537,6721622,1,vehicle,0.2679551839828491,-53.09374945248016,-51.778417781057186,2.1274378197699475,-94.10455357118626,8.865745544433594,3.2312283515930176,3.990302562713623,25.48844572204588,671.6354166666667,217.7777777777778,602.1837949554126,191.51494072543252,741.0870383779209,244.04061483012308,0.04673364758491516,0.9994199275970459,
2026-07-15T23:43:04.238,14.150254064938053,20260715_234250_front_fusion_ego_2537,egofpsfast_5,fusion_ego_2537,6721622,2,vehicle,0.2105804681777954,-60.01424007151648,-69.61159213160903,0.8494778843055473,85.71584141638961,5.170020580291748,2.0074901580810547,2.0437915325164795,21.67016257521708,370.2890625,226.66666666666669,342.70103918761015,214.54791525999707,397.87708581238985,238.7854180733363,0.0035092514008283615,0.9998418092727661,
2026-07-15T23:43:04.238,14.150254064938053,20260715_234250_front_fusion_ego_2537,egofpsfast_5,fusion_ego_2537,6721622,3,person,0.11024358123540878,-68.19071609848156,-83.83805905293265,0.6929010711307768,138.77586928278686,2.3286070823669434,1.0467026233673096,2.0175180435180664,28.14337134872678,200.15625,226.66666666666669,189.59674810618162,213.47892264525098,210.71575189381838,239.8544106880824,0.9932382106781006,0.9725119471549988,
2026-07-15T23:43:04.359,14.271001721965149,20260715_234250_front_fusion_ego_2537,egofpsfast_5,fusion_ego_2537,6721623,0,vehicle,0.38772252202033997,-62.526900724789705,-73.51358410292247,0.785638074587959,16.3022271387767,4.8731608390808105,1.9867959022521973,1.8652929067611694,21.70875027504434,333.59375,226.66666666666669,293.25726713985205,213.72528175512952,373.93023286014795,239.60805157820386,0.08651183545589447,0.9995942711830139,
2026-07-15T23:43:04.359,14.271001721965149,20260715_234250_front_fusion_ego_2537,egofpsfast_5,fusion_ego_2537,6721623,1,person,0.20529039204120636,-70.88495930772638,-79.06760553307967,0.7462415422949826,-160.4779796927073,0.9015281796455383,0.543053150177002,1.9085180759429932,22.41328421123883,173.46875,234.44444444444446,164.17981412634254,218.13227918412952,182.75768587365746,250.7566097047594,0.96384197473526,0.9498704671859741,
2026-07-15T23:43:04.359,14.271001721965149,20260715_234250_front_fusion_ego_2537,egofpsfast_5,fusion_ego_2537,6721623,2,vehicle,0.1990433633327484,-52.69999926957669,-57.54265956572913,2.1555677213398257,-127.74890147308581,8.836445808410645,3.1728129386901855,4.074500560760498,24.579176501051187,662.7395833333334,217.7777777777778,600.6804359753927,196.39351235495675,724.798730691274,239.16204320059884,0.005474581383168697,0.9959214925765991,
2026-07-15T23:43:04.359,14.271001721965149,20260715_234250_front_fusion_ego_2537,egofpsfast_5,fusion_ego_2537,6721623,3,vehicle,0.1717267632484436,-60.4368200511299,-71.38093040125528,0.8216593530350509,73.071249165627,4.809790134429932,1.8323204517364502,2.046468734741211,21.76885701091945,350.2734375,226.66666666666669,320.77315225452185,212.69049177567166,379.77372274547815,240.6428415576617,0.0006946197827346623,0.9996529817581177,
2026-07-15T23:43:04.496,14.406415321980603,20260715_234250_front_fusion_ego_2537,egofpsfast_5,fusion_ego_2537,6721624,0,person,0.3260696232318878,-53.34498100297424,-69.07762680434087,0.868093889965261,-24.118902769327548,0.6247931718826294,0.5710437297821045,1.7165385484695435,25.89498910229201,422.55208333333337,226.66666666666669,419.6915522644607,217.66208688418072,425.41261440220603,235.67124644915265,0.9999618530273438,0.9989951252937317,
2026-07-15T23:43:04.496,14.406415321980603,20260715_234250_front_fusion_ego_2537,egofpsfast_5,fusion_ego_2537,6721624,1,vehicle,0.2201089709997177,-65.64160353901572,-69.29729293015453,0.6979610286609292,173.69888645778707,5.180864334106445,2.016761541366577,1.7167456150054932,15.954148556649853,306.90625,234.44444444444446,268.594214707613,218.6252745654848,345.218285292387,250.2636143234041,0.00314102740958333,0.999601423740387,
2026-07-15T23:43:04.496,14.406415321980603,20260715_234250_front_fusion_ego_2537,egofpsfast_5,fusion_ego_2537,6721624,2,vehicle,0.14431075751781464,-40.602572364052186,-49.98832580559667,0.6204125156388565,-137.6646016147123,5.283587455749512,1.9258408546447754,1.4357386827468872,36.86034969395646,599.3567708333334,225.55555555555557,575.3312975851198,219.8658110532496,623.3822440815469,231.24530005786156,0.11173713207244873,0.9940546154975891,
2026-07-15T23:43:04.496,14.406415321980603,20260715_234250_front_fusion_ego_2537,egofpsfast_5,fusion_ego_2537,6721624,3,vehicle,0.10154981166124344,-46.33232411192952,-70.30953756519907,0.900027655901636,-81.79375872657275,5.646864891052246,2.1070351600646973,1.8707849979400635,32.79623915018363,449.23958333333337,225.55555555555557,432.4390838382145,218.35275325510239,466.0400828284522,232.75835785600876,0.04221151024103165,0.9998533725738525,
2026-07-15T23:43:04.496,14.406415321980603,20260715_234250_front_fusion_ego_2537,egofpsfast_5,fusion_ego_2537,6721624,4,vehicle,0.09937231987714767,-61.554784419725536,-73.22561353853257,0.9090849780682981,60.04272376829416,4.8872761726379395,1.8461966514587402,2.0547304153442383,21.605736574473887,323.5859375,226.66666666666669,284.26229084283113,212.35420803229016,362.90958415716887,240.9791253010432,0.0008176258415915072,0.9999265670776367,
2026-07-15T23:43:04.629,14.541381426039152,20260715_234250_front_fusion_ego_2537,egofpsfast_5,fusion_ego_2537,6721625,0,vehicle,0.3128041923046112,-62.02117827973365,-72.23913840849035,0.9476073315514992,91.93473083166694,5.293607711791992,2.0146539211273193,2.1598737239837646,20.05017438941831,289.11458333333337,226.66666666666669,243.30118716259798,211.611913839976,334.92797950406873,241.72141949335736,0.003918253816664219,0.9993045330047607,
2026-07-15T23:43:04.629,14.541381426039152,20260715_234250_front_fusion_ego_2537,egofpsfast_5,fusion_ego_2537,6721625,1,person,0.29058781266212463,-53.27131197036702,-66.19770359661914,0.7859267520940361,-37.43903177250857,0.5313882231712341,0.4469314217567444,1.7665646076202393,24.20386067494658,421.4401041666667,226.66666666666669,418.68097339586046,217.5929046670596,424.1992349374729,235.74042866627377,0.9999644756317139,0.9952964186668396,
2026-07-15T23:43:04.629,14.541381426039152,20260715_234250_front_fusion_ego_2537,egofpsfast_5,fusion_ego_2537,6721625,2,vehicle,0.2752302587032318,-66.93461032921851,-70.65710060794208,0.7071367853653561,-134.74919970189615,4.545467376708984,1.857642412185669,1.5513813495635986,15.694320411534832,253.53125000000003,234.44444444444446,200.37903693318367,218.8034733798769,306.68346306681633,250.08541550901202,0.01978205144405365,0.9999004602432251,
2026-07-15T23:43:04.629,14.541381426039152,20260715_234250_front_fusion_ego_2537,egofpsfast_5,fusion_ego_2537,6721625,3,vehicle,0.18467971682548523,-40.21999919753432,-49.04485834403218,0.6920625041259045,-136.45004224489182,5.2276930809021,1.8549138307571411,1.5635336637496948,36.84095284081325,581.5651041666667,226.66666666666669,559.053235060225,220.69227899114293,604.0769732731085,232.64105434219044,0.3144783675670624,0.9830822944641113,
2026-07-15T23:43:04.629,14.541381426039152,20260715_234250_front_fusion_ego_2537,egofpsfast_5,fusion_ego_2537,6721625,4,vehicle,0.13559289276599884,-54.544903257685625,-62.91190101763911,2.336574035445421,-98.18192438270285,8.868268966674805,3.2443253993988037,4.250232696533203,22.038315566354004,644.9479166666667,217.7777777777778,580.3642727981012,195.04122303591836,709.5315605352323,240.51433251963724,0.004725712817162275,0.9993595480918884,
2026-07-15T23:43:04.762,14.67407520103734,20260715_234250_front_fusion_ego_2537,egofpsfast_5,fusion_ego_2537,6721626,0,vehicle,0.4970351755619049,-69.62073368800856,-67.98005453876739,1.0565448785655032,-23.47902380636862,4.89070463180542,1.974183201789856,1.7320646047592163,11.556068625688084,190.1484375,243.33333333333334,136.79548458755016,218.69252820809683,243.50139041244987,267.9741384585699,0.24446815252304077,0.9999910593032837,
2026-07-15T23:43:04.762,14.67407520103734,20260715_234250_front_fusion_ego_2537,egofpsfast_5,fusion_ego_2537,6721626,1,vehicle,0.2673981189727783,-49.05895388565273,-57.020503224791184,1.8909216448588622,-74.82167630129857,8.436424255371094,3.124371290206909,3.726944923400879,26.309605011983813,634.9401041666667,217.7777777777778,564.4005143592756,197.78099404440988,705.4796939740579,237.77456151114572,0.05670560523867607,0.9987634420394897,
2026-07-15T23:43:04.762,14.67407520103734,20260715_234250_front_fusion_ego_2537,egofpsfast_5,fusion_ego_2537,6721626,2,person,0.2054690569639206,-51.06360769455358,-66.42413149405866,1.0116458254288487,-57.65857865985319,0.49264782667160034,0.4590400457382202,1.8436386585235596,25.725461640779024,413.65625,226.66666666666669,411.18153341906145,217.5590221087138,416.13096658093855,235.77431122461957,0.999971866607666,0.9993795156478882,
2026-07-15T23:43:04.762,14.67407520103734,20260715_234250_front_fusion_ego_2537,egofpsfast_5,fusion_ego_2537,6721626,3,vehicle,0.20401668548583984,-41.959248707503136,-69.30822688718948,0.9331180607770835,-52.6906553607436,6.176033973693848,2.239389657974243,1.9526993036270142,35.27265474865238,431.4479166666667,225.55555555555557,412.3853780354063,217.79452476236557,450.5104552979271,233.31658634874557,0.0001262351725017652,0.9991924166679382,
2026-07-15T23:43:04.762,14.67407520103734,20260715_234250_front_fusion_ego_2537,egofpsfast_5,fusion_ego_2537,6721626,4,vehicle,0.15775610506534576,-62.47982965746642,-73.51392891756085,1.18668991337083,94.40728036971691,4.784770965576172,1.9215269088745117,2.0597896575927734,20.19457747927159,235.73958333333334,226.66666666666669,187.9631755699714,211.378856698672,283.5159910966953,241.95447663466138,0.10701386630535126,0.9122617244720459,
2026-07-15T23:43:04.886,14.797538134967908,20260715_234250_front_fusion_ego_2537,egofpsfast_5,fusion_ego_2537,6721627,0,vehicle,0.3405698835849762,-41.83241477976709,-69.44017474507888,1.0984326332860805,-37.06288628766682,6.215500354766846,2.270636796951294,2.093557596206665,34.81527344374307,431.4479166666667,225.55555555555557,411.64046007643145,217.89399716589188,451.2553732569019,233.21711394521927,0.00019552736193872988,0.9998923540115356,
2026-07-15T23:43:04.886,14.797538134967908,20260715_234250_front_fusion_ego_2537,egofpsfast_5,fusion_ego_2537,6721627,1,vehicle,0.26676157116889954,-45.41546987353894,-45.85592807474935,1.9312179511962113,-99.6263502031766,8.133316993713379,3.011178493499756,3.940525531768799,31.75872746484402,627.15625,217.7777777777778,572.4103347361088,196.90171764956582,681.9021652638912,238.65383790598977,0.0020415617618709803,0.9954545497894287,
2026-07-15T23:43:04.886,14.797538134967908,20260715_234250_front_fusion_ego_2537,egofpsfast_5,fusion_ego_2537,6721627,2,person,0.21594704687595367,-59.86931548474716,-62.42580667846932,0.7426129861761512,-172.6731084596638,0.6031308174133301,0.44561663269996643,1.656982421875,15.511154133112514,413.65625,234.44444444444446,408.2337966542691,219.9591549899843,419.0787033457309,248.9297338989046,0.9999839067459106,0.9981750249862671,
2026-07-15T23:43:04.886,14.797538134967908,20260715_234250_front_fusion_ego_2537,egofpsfast_5,fusion_ego_2537,6721627,3,vehicle,0.20231185853481293,-40.02329742360843,-51.412966929700275,0.6670874815349184,-135.9682140720823,4.824626445770264,1.7822775840759277,1.5599266290664673,35.35086241781926,555.9895833333334,226.66666666666669,539.6237152864536,220.62304536501568,572.3554513802131,232.7102879683177,0.10103803128004074,0.9874167442321777,
2026-07-15T23:43:05.017,14.929291834007017,20260715_234250_front_fusion_ego_2537,egofpsfast_5,fusion_ego_2537,6721628,0,vehicle,0.5772988200187683,-46.22605072840373,-48.7895415996618,1.9775117809413292,-92.35046076359,8.621283531188965,3.04217791557312,4.159736156463623,29.437318684778024,618.2604166666667,217.7777777777778,563.5320563564699,193.6963169442283,672.9887769768636,241.8592386113273,0.008789870887994766,0.999784529209137,
2026-07-15T23:43:05.017,14.929291834007017,20260715_234250_front_fusion_ego_2537,egofpsfast_5,fusion_ego_2537,6721628,1,person,0.3225175142288208,-61.37406905447379,-61.14129498724793,0.9584781285749573,164.87091878130786,0.41574156284332275,0.37377238273620605,1.7319222688674927,13.110030790002005,413.65625,234.44444444444446,407.91010293737054,216.0277232196596,419.40239706262946,252.8611656692293,0.9999730587005615,0.9988712668418884,
2026-07-15T23:43:05.017,14.929291834007017,20260715_234250_front_fusion_ego_2537,egofpsfast_5,fusion_ego_2537,6721628,2,vehicle,0.25511229038238525,-39.89006352867543,-68.23730771760845,1.1946970597726978,122.26244026115197,6.767858505249023,2.440333366394043,2.2152647972106934,35.69143081672582,430.33593750000006,225.55555555555557,407.6961364299059,218.01847759220337,452.97573857009417,233.09263351890777,2.9339729735511355e-05,0.9991313815116882,
2026-07-15T23:43:05.017,14.929291834007017,20260715_234250_front_fusion_ego_2537,egofpsfast_5,fusion_ego_2537,6721628,3,vehicle,0.1867757886648178,-39.55960581486394,-51.27949472749984,0.6375274732512581,-92.72336732565357,4.961200714111328,1.8087654113769531,1.523633599281311,35.25820858404665,554.8776041666667,226.66666666666669,534.1732128808897,220.551242629687,575.5819954524438,232.78209070364636,0.035657383501529694,0.9808444976806641,
2026-07-15T23:43:05.158,15.069805621053092,20260715_234250_front_fusion_ego_2537,egofpsfast_5,fusion_ego_2537,6721629,0,person,0.4288361370563507,-61.75861002865989,-61.31256425604815,1.0592188945671204,144.78800097352945,0.5486668944358826,0.3712756037712097,1.8879432678222656,12.18032310523219,412.54427083333337,234.44444444444446,407.6699361599361,215.06905701425342,417.4186055067306,253.8198318746355,0.9995900988578796,0.9917973279953003,
2026-07-15T23:43:05.158,15.069805621053092,20260715_234250_front_fusion_ego_2537,egofpsfast_5,fusion_ego_2537,6721629,1,vehicle,0.20665566623210907,-46.598934882063546,-49.69891687960071,1.9521470069331972,-114.90498413554309,8.578908920288086,3.070969820022583,3.8050413131713867,28.243642234709764,600.46875,217.7777777777778,539.1347068548203,196.49717079268564,661.8027931451797,239.05838476286996,0.0016516672912985086,0.9974592328071594,
2026-07-15T23:43:05.158,15.069805621053092,20260715_234250_front_fusion_ego_2537,egofpsfast_5,fusion_ego_2537,6721629,2,vehicle,0.18425078690052032,-39.5868824463667,-51.224911489935494,0.8134495583056776,-105.73544594150435,4.929192543029785,1.843227505683899,1.7242984771728516,34.65845719648838,537.0859375,226.66666666666669,514.7879744544625,220.04174898068112,559.3839005455375,233.29158435265225,0.052715886384248734,0.905323326587677,
2026-07-15T23:43:05.158,15.069805621053092,20260715_234250_front_fusion_ego_2537,egofpsfast_5,fusion_ego_2537,6721629,3,vehicle,0.10769221186637878,-71.74404560994469,-59.44291960182184,0.9541918725356289,-66.12164545975303,4.642519950866699,1.8212639093399048,1.7168785333633423,2.2440139446008103,92.29427083333334,278.8888888888889,61.30494501938423,177.14164310031467,123.28359664728245,380.63613467746313,0.04999591410160065,0.22386953234672546,
2026-07-15T23:43:05.158,15.069805621053092,20260715_234250_front_fusion_ego_2537,egofpsfast_5,fusion_ego_2537,6721629,4,person,0.08039838820695877,-67.00361872733596,-76.96907869768606,0.4798486824762507,158.93903510865312,0.6821547150611877,0.5666043758392334,1.4667646884918213,19.891059682644098,84.51041666666667,226.66666666666669,73.06080576653282,208.59229008356732,95.96002756680052,244.74104324976605,0.9924305081367493,0.17317944765090942,
2026-07-15T23:43:05.158,15.069805621053092,20260715_234250_front_fusion_ego_2537,egofpsfast_5,fusion_ego_2537,6721629,5,person,0.0731964260339737,-57.22079372968095,-60.86254667497565,0.6209761501137743,139.7018915955634,0.1234365776181221,0.3326396048069,1.5915279388427734,16.545999759115116,164.57291666666669,226.66666666666669,154.86926091896993,210.98269800345105,174.27657241436344,242.35063532988232,0.9998594522476196,0.9872379302978516,
2026-07-15T23:43:05.285,15.196549735963345,20260715_234250_front_fusion_ego_2537,egofpsfast_5,fusion_ego_2537,6721630,0,vehicle,0.6396955847740173,-46.74814291932349,-52.0426983021211,2.0253766142115097,-171.62170228511474,9.053610801696777,3.2392773628234863,4.035335063934326,26.91047034912203,590.4609375,217.7777777777778,524.2583756744862,196.01178036795724,656.6634993255138,239.54377518759836,0.0021562569309026003,0.9998258948326111,
2026-07-15T23:43:05.285,15.196549735963345,20260715_234250_front_fusion_ego_2537,egofpsfast_5,fusion_ego_2537,6721630,1,vehicle,0.2707888185977936,-40.052655728885696,-65.65232180599423,1.0258637643714617,-83.82541125070955,5.306352138519287,2.0358495712280273,1.992922306060791,33.711807056777864,431.4479166666667,225.55555555555557,417.0216689842443,218.17731577489113,445.8741643490891,232.93379533622002,0.085788793861866,0.9999544620513916,
2026-07-15T23:43:05.285,15.196549735963345,20260715_234250_front_fusion_ego_2537,egofpsfast_5,fusion_ego_2537,6721630,2,vehicle,0.12475249171257019,-38.05613048271607,-64.71363577793048,0.9620031491463916,-107.74932932511344,3.7021548748016357,1.5117379426956177,2.047750949859619,35.479259966032075,413.65625,225.55555555555557,406.28561992011964,217.37833711836075,421.02688007988036,233.7327739927504,0.4229552149772644,0.9511924386024475,
2026-07-15T23:43:05.285,15.196549735963345,20260715_234250_front_fusion_ego_2537,egofpsfast_5,fusion_ego_2537,6721630,3,vehicle,0.0779760405421257,-38.69679526103055,-48.58598202434063,0.8316487822776812,-116.61723054714393,5.411633014678955,1.9601030349731445,1.6913481950759888,35.57519344146257,545.9817708333334,226.66666666666669,517.4962878947457,220.00383863846463,574.467253771921,233.32949469486874,0.17444078624248505,0.9989767074584961,
2026-07-15T23:43:05.410,15.322365534026176,20260715_234250_front_fusion_ego_2537,egofpsfast_5,fusion_ego_2537,6721631,0,vehicle,0.7175633907318115,-45.83754566520773,-53.04736691806712,2.010452692643368,-140.18755372710433,9.136397361755371,3.2494797706604004,4.149433612823486,27.02654980174657,581.5651041666667,217.7777777777778,515.814854408304,194.09340547190774,647.3153539250295,241.46215008364786,0.004583891946822405,0.9999585151672363,
2026-07-15T23:43:05.410,15.322365534026176,20260715_234250_front_fusion_ego_2537,egofpsfast_5,fusion_ego_2537,6721631,1,person,0.139589324593544,-60.38444100746465,-61.07172414878421,0.6146036272938078,43.690610255887904,1.0919524431228638,0.5609501004219055,1.765596628189087,12.327888732979126,413.65625,234.44444444444446,408.6781456824392,215.19726660516528,418.6343543175608,253.69162228372363,0.9891040325164795,0.9412888288497925,
2026-07-15T23:43:05.410,15.322365534026176,20260715_234250_front_fusion_ego_2537,egofpsfast_5,fusion_ego_2537,6721631,2,vehicle,0.13356079161167145,-62.24635554362389,-44.27642918605097,1.0218999037914664,-48.96698583876828,4.441441059112549,1.8021667003631592,1.7201945781707764,17.25877409107823,852.8880208333334,253.33333333333334,844.8823757761469,219.78681286176047,860.8936658905199,286.87985380490625,0.2740669250488281,0.2832677662372589,
2026-07-15T23:43:05.410,15.322365534026176,20260715_234250_front_fusion_ego_2537,egofpsfast_5,fusion_ego_2537,6721631,3,vehicle,0.08796311914920807,-42.43475016201649,-61.834297363226966,0.9128639727357537,-49.67488342388365,4.295406818389893,1.6629596948623657,2.078720808029175,30.136980147078464,412.54427083333337,226.66666666666669,399.91615561520064,217.11844603220624,425.1723860514661,236.21488730112713,0.025609243661165237,0.9482160806655884,
2026-07-15T23:43:05.410,15.322365534026176,20260715_234250_front_fusion_ego_2537,egofpsfast_5,fusion_ego_2537,6721631,4,vehicle,0.06246417015790939,-51.14920429383844,-36.16021898290041,0.9861175970105149,93.03168333756095,5.06607723236084,1.9314641952514648,1.973983645439148,30.62963430437156,795.0651041666667,235.55555555555557,756.7925245712202,222.33931932184433,833.3376837621133,248.7717917892668,0.06420242041349411,0.9993537068367004,
2026-07-15T23:43:05.536,15.447557455976494,20260715_234250_front_fusion_ego_2537,egofpsfast_5,fusion_ego_2537,6721632,0,vehicle,0.8153321146965027,-44.22380947012748,-49.78874780611328,1.952256939820248,-173.77206306094033,8.772068977355957,3.106729745864868,4.076249122619629,28.846982943569227,572.6692708333334,217.7777777777778,521.3107712691029,199.1955982314216,624.0277703975638,236.359957324134,0.0007146161515265703,0.999987006187439,
2026-07-15T23:43:05.536,15.447557455976494,20260715_234250_front_fusion_ego_2537,egofpsfast_5,fusion_ego_2537,6721632,1,person,0.2013455331325531,-52.32864156381558,-47.678458967540166,0.8097702623396712,148.68792248858597,0.487528920173645,0.4788154065608978,1.616654396057129,22.174755270929413,154.56510416666669,226.66666666666669,145.84149633968872,214.483004907767,163.28871199364465,238.85032842556637,0.8557338118553162,0.9750698804855347,
2026-07-15T23:43:05.665,15.577396358014084,20260715_234250_front_fusion_ego_2537,egofpsfast_5,fusion_ego_2537,6721633,0,vehicle,0.5230274796485901,-42.51800820854368,-49.85097416186241,2.1112375502903324,176.7617891608996,9.609564781188965,3.4075682163238525,4.326921463012695,29.941776190987458,564.8854166666667,216.66666666666669,505.1912123511235,195.9715537230174,624.5796209822099,237.36177961031598,0.0036587808281183243,0.9999988079071045,
2026-07-15T23:43:05.665,15.577396358014084,20260715_234250_front_fusion_ego_2537,egofpsfast_5,fusion_ego_2537,6721633,1,person,0.19075818359851837,-61.231128025761265,-60.2280850401404,0.8957509781918715,102.44354198247512,0.6160755157470703,0.4062633216381073,1.8836959600448608,10.19778567727501,421.4401041666667,234.44444444444446,416.3051358551408,209.6139803197649,426.57507247819257,259.274908569124,0.9950980544090271,0.9862288236618042,
2026-07-15T23:43:05.665,15.577396358014084,20260715_234250_front_fusion_ego_2537,egofpsfast_5,fusion_ego_2537,6721633,2,person,0.12757162749767303,-56.55591637066678,-65.12759262563506,0.8602969448839479,46.23320621833393,0.7440227270126343,0.5209082365036011,1.9773632287979126,16.188559434418593,145.66927083333334,226.66666666666669,137.727817637225,212.62401054302853,153.61072402944168,240.70932279030484,0.9419950246810913,0.45472562313079834,
2026-07-15T23:43:05.665,15.577396358014084,20260715_234250_front_fusion_ego_2537,egofpsfast_5,fusion_ego_2537,6721633,3,vehicle,0.05964997783303261,-38.971643745646446,-63.835956128580825,0.9165509413344739,-51.690380985006165,4.361746788024902,1.6946403980255127,2.183481216430664,32.73172301352518,412.54427083333337,225.55555555555557,398.759246626248,216.02431777450775,426.32929504041874,235.0867933366034,0.047530826181173325,0.9723384380340576,
2026-07-15T23:43:05.800,15.711854057968594,20260715_234250_front_fusion_ego_2537,egofpsfast_5,fusion_ego_2537,6721634,0,vehicle,0.5969622731208801,-42.672028798116436,-47.514239505687556,2.0091683181159823,168.94382875212764,9.290033340454102,3.2908761501312256,4.180311679840088,30.039829102225827,555.9895833333334,217.7777777777778,502.3771301557621,198.02318857775796,609.6020365109047,237.53236697779764,0.009075988084077835,0.9999949932098389,
2026-07-15T23:43:05.800,15.711854057968594,20260715_234250_front_fusion_ego_2537,egofpsfast_5,fusion_ego_2537,6721634,1,person,0.05517519637942314,-60.040957202186576,-59.473760407129404,0.7271493348826998,123.77447707483827,1.0109745264053345,0.610079288482666,1.6140131950378418,10.732393695087447,422.55208333333337,234.44444444444446,415.200384957095,214.104466703203,429.9037817095717,254.7844221856859,0.9987648725509644,0.9609339237213135,
2026-07-15T23:43:05.800,15.711854057968594,20260715_234250_front_fusion_ego_2537,egofpsfast_5,fusion_ego_2537,6721634,2,vehicle,0.052143897861242294,-37.58257716873542,-65.07660974410788,0.6585814011974254,-78.83474218178355,4.786046981811523,1.8679044246673584,1.7630723714828491,33.7903014004543,395.86458333333337,225.55555555555557,375.44316943859064,218.9566445681784,416.2859972280761,232.15446654293274,0.0031350459903478622,0.9995645880699158,
2026-07-15T23:43:05.800,15.711854057968594,20260715_234250_front_fusion_ego_2537,egofpsfast_5,fusion_ego_2537,6721634,3,vehicle,0.050250548869371414,-35.20562398638435,-60.3663170607954,1.8332036885113983,-86.69054980807614,7.602187156677246,2.834965705871582,3.5356593132019043,35.53854435039515,449.23958333333337,217.7777777777778,429.5769089808067,203.19593326912988,468.90225768586004,232.35962228642572,0.0069583868607878685,0.9998534917831421,
2026-07-15T23:43:05.923,15.835484726005234,20260715_234250_front_fusion_ego_2537,egofpsfast_5,fusion_ego_2537,6721635,0,vehicle,0.8376356959342957,-43.07268832941682,-48.78752784824788,1.6765922648909979,-154.70160197743525,8.730134010314941,3.0425195693969727,3.9825291633605957,28.72546923762209,554.8776041666667,217.7777777777778,508.8417137513558,198.10478495226968,600.9134945819776,237.45077060328592,0.013957402668893337,0.9999957084655762,
2026-07-15T23:43:05.923,15.835484726005234,20260715_234250_front_fusion_ego_2537,egofpsfast_5,fusion_ego_2537,6721635,1,vehicle,0.2404516041278839,-44.86540655787634,-42.63751745825287,1.6634834329827672,-74.35979638155392,7.853638172149658,2.8754591941833496,3.7233519554138184,29.78200444411968,661.6276041666667,217.7777777777778,617.4364123369257,194.9623035060035,705.8187959964077,240.5932520495521,0.0018360723042860627,0.9916927814483643,
2026-07-15T23:43:06.050,15.962061383994296,20260715_234250_front_fusion_ego_2537,egofpsfast_5,fusion_ego_2537,6721636,0,vehicle,0.9265522956848145,-42.3389719012862,-49.95531477067262,1.6278975574735153,-147.41578149071177,8.822840690612793,3.0917322635650635,3.8940939903259277,28.578035907261796,545.9817708333334,217.7777777777778,497.6881950249275,200.01161919699777,594.2753466417392,235.54393635855783,0.07143282890319824,0.999997615814209,
2026-07-15T23:43:06.050,15.962061383994296,20260715_234250_front_fusion_ego_2537,egofpsfast_5,fusion_ego_2537,6721636,1,vehicle,0.13852089643478394,-45.93359021996179,-42.99087996792389,1.7327005774079591,-155.27435946873712,7.465020179748535,2.7923927307128906,3.623655080795288,28.26864909288941,653.84375,217.7777777777778,606.803361825645,195.6426082717048,700.884138174355,239.9129472838508,0.12930066883563995,0.9484222531318665,
2026-07-15T23:43:06.050,15.962061383994296,20260715_234250_front_fusion_ego_2537,egofpsfast_5,fusion_ego_2537,6721636,2,vehicle,0.13425222039222717,-63.26031990989934,-60.57016843744473,1.2213955374205012,18.9625107476084,5.05314302444458,2.0951340198516846,2.3897387981414795,6.760121003940467,840.65625,243.33333333333334,807.522938773036,182.938183148702,873.7895612269641,303.7284835179647,0.9034123420715332,0.18644684553146362,
2026-07-15T23:43:06.181,16.093077961006202,20260715_234250_front_fusion_ego_2537,egofpsfast_5,fusion_ego_2537,6721637,0,vehicle,0.7652692198753357,-42.83432684565233,-50.262744933202754,1.5197548699475552,178.4883226940371,8.677804946899414,3.0700912475585938,3.8550260066986084,27.589722895864206,538.1979166666667,216.66666666666669,488.22864449272555,197.31912414232892,588.1671888406079,236.01420919100445,0.008699414320290089,0.9999974966049194,
2026-07-15T23:43:06.181,16.093077961006202,20260715_234250_front_fusion_ego_2537,egofpsfast_5,fusion_ego_2537,6721637,1,vehicle,0.06529785692691803,-45.41169867487071,-42.73022072972663,1.5925999806185311,-117.57086080993861,7.35772705078125,2.700897216796875,3.670238971710205,28.47627505028464,652.7317708333334,217.7777777777778,608.3176234563192,195.76470957862009,697.1459182103475,239.79084597693551,0.13245517015457153,0.9786197543144226,
2026-07-15T23:43:06.305,16.216657269047573,20260715_234250_front_fusion_ego_2537,egofpsfast_5,fusion_ego_2537,6721638,0,vehicle,0.860323965549469,-42.79930056432224,-50.524154214036706,1.3864305684922713,157.6765199119612,8.555667877197266,3.0775017738342285,3.840052604675293,27.19174965365341,529.3020833333334,216.66666666666669,481.33433993657434,197.21004764238995,577.2698267300924,236.12328569094342,0.036610960960388184,0.9999868869781494,
2026-07-15T23:43:06.305,16.216657269047573,20260715_234250_front_fusion_ego_2537,egofpsfast_5,fusion_ego_2537,6721638,1,vehicle,0.05191521346569061,-34.84608600307694,-65.01894439883392,1.116271986147126,-125.66430636952992,7.295045852661133,2.6895081996917725,3.2351155281066895,34.62935412723916,378.0729166666667,216.66666666666669,355.06875645617646,205.0414417187373,401.0770768771569,228.29189161459607,0.0022867608349770308,0.9996182918548584,
2026-07-15T23:43:06.427,16.339479541988112,20260715_234250_front_fusion_ego_2537,egofpsfast_5,fusion_ego_2537,6721639,0,vehicle,0.6866744756698608,-43.422817959493806,-53.01332400614257,1.4032617972675892,157.39699379147203,8.422436714172363,3.019341468811035,3.735368013381958,25.67520030287417,520.40625,216.66666666666669,474.9700371846557,197.14573363463086,565.8424628153443,236.1875996987025,0.012851836159825325,0.9999902248382568,
2026-07-15T23:43:06.552,16.464510253979824,20260715_234250_front_fusion_ego_2537,egofpsfast_5,fusion_ego_2537,6721640,0,vehicle,0.6973431706428528,-45.13834033844866,-54.415849317055574,1.332666689703554,176.79758832775025,7.741723537445068,2.810451030731201,3.529391288757324,23.49826655351828,519.2942708333334,216.66666666666669,473.89165357997024,194.69354192415875,564.6968880866965,238.63979140917462,0.011583568528294563,0.9999237060546875,
2026-07-15T23:43:06.552,16.464510253979824,20260715_234250_front_fusion_ego_2537,egofpsfast_5,fusion_ego_2537,6721640,1,vehicle,0.0656324028968811,-42.45517229207235,-42.1283852581176,1.8802757309576412,-113.20232486922922,8.639473915100098,3.1329293251037598,4.075479507446289,30.533421896434056,644.9479166666667,216.66666666666669,606.479181619982,191.85850421587628,683.4166517133515,241.4748291174571,0.006208211183547974,0.9983685612678528,
2026-07-15T23:43:06.678,16.5896438480122,20260715_234250_front_fusion_ego_2537,egofpsfast_5,fusion_ego_2537,6721641,0,vehicle,0.8929109573364258,-44.370116963149265,-57.390230573663686,1.4904449784354648,-135.60115682811588,8.420380592346191,3.0169405937194824,3.7727229595184326,23.786056652655308,511.5104166666667,216.66666666666669,458.4791921625535,196.69511536757153,564.5416411707799,236.63821796576184,0.004420170094817877,0.9999784231185913,
2026-07-15T23:43:06.678,16.5896438480122,20260715_234250_front_fusion_ego_2537,egofpsfast_5,fusion_ego_2537,6721641,1,vehicle,0.0650583803653717,-45.173067531722964,-44.44573868547405,0.2899092854589167,34.74924679123285,4.292652606964111,1.66872239112854,1.4708538055419922,26.88831926236048,679.4192708333334,234.44444444444446,653.7978381862243,224.46803953912524,705.0407034804424,244.42084934976367,0.958997368812561,0.9830434918403625,
2026-07-15T23:43:06.678,16.5896438480122,20260715_234250_front_fusion_ego_2537,egofpsfast_5,fusion_ego_2537,6721641,2,vehicle,0.05298450216650963,-43.367479436759204,-42.44639030077583,1.5614227807608234,-31.99657440599165,7.582586288452148,2.786876678466797,3.712615728378296,29.452990399842875,652.7317708333334,217.7777777777778,614.0240205427011,195.28284178839792,691.4395211239656,240.27271376715768,0.022452358156442642,0.9969291090965271,
2026-07-15T23:43:06.817,16.729289966984652,20260715_234250_front_fusion_ego_2537,egofpsfast_5,fusion_ego_2537,6721642,0,vehicle,0.46549975872039795,-43.788570598912436,-55.29660315843841,1.2889454304247443,-117.49420451790175,7.435930252075195,2.6300525665283203,3.4558753967285156,24.448023045578072,510.39843750000006,216.66666666666669,468.05184245109564,196.8393001953761,552.7450325489044,236.49403313795727,0.04599866271018982,0.9998971223831177,
2026-07-15T23:43:06.817,16.729289966984652,20260715_234250_front_fusion_ego_2537,egofpsfast_5,fusion_ego_2537,6721642,1,person,0.20848016440868378,-53.37853416202043,-80.40728340086996,0.61784379144015,-115.38301656693287,0.4762415885925293,0.4572693705558777,1.7410862445831299,26.470880013152556,155.67708333333334,226.66666666666669,147.22202525784573,212.19617674748105,164.13214140882096,241.13715658585232,0.9922159314155579,0.9655230641365051,
2026-07-15T23:43:06.817,16.729289966984652,20260715_234250_front_fusion_ego_2537,egofpsfast_5,fusion_ego_2537,6721642,2,person,0.11539424955844879,-62.01127204207142,-60.60189052700545,0.9136699885532691,135.16970517427083,0.7110776901245117,0.5417819619178772,1.7818260192871094,6.448755658017896,493.71875000000006,243.33333333333334,483.7454206719995,212.35997041066489,503.6920793280006,274.3066962560018,0.9983251690864563,0.9573312997817993,
2026-07-15T23:43:06.817,16.729289966984652,20260715_234250_front_fusion_ego_2537,egofpsfast_5,fusion_ego_2537,6721642,3,vehicle,0.09581882506608963,-46.95328429337731,-43.96041328044965,0.3457246102364342,136.27047748143704,4.690539360046387,1.7262938022613525,1.522976279258728,25.57342539840239,698.3229166666667,234.44444444444446,664.5352364281814,224.58579030301837,732.1105969051521,244.30309858587054,0.375291645526886,0.9995032548904419,
2026-07-15T23:43:06.945,16.857289555948228,20260715_234250_front_fusion_ego_2537,egofpsfast_5,fusion_ego_2537,6721643,0,vehicle,0.4166299104690552,-41.71019595314847,-54.52718335394205,1.4650294985481445,-76.07504989279474,7.61930513381958,2.655416965484619,3.655221700668335,26.582991580817215,484.8229166666667,216.66666666666669,453.95016045371693,198.44691971937817,515.6956728796165,234.8864136139552,0.00019612075993791223,0.9997082352638245,
2026-07-15T23:43:06.945,16.857289555948228,20260715_234250_front_fusion_ego_2537,egofpsfast_5,fusion_ego_2537,6721643,1,person,0.09028364717960358,-64.13266044257915,-58.722967840148506,1.194086511841438,-1.4722399818651262,0.5525681972503662,1.174259066581726,1.8458490371704102,3.90460135802788,502.61458333333337,243.33333333333334,485.26678159212076,193.4135647614797,519.962385074546,293.253101905187,0.9999457597732544,0.9898867011070251,
2026-07-15T23:43:07.082,16.994036486023106,20260715_234250_front_fusion_ego_2537,egofpsfast_5,fusion_ego_2537,6721644,0,vehicle,0.3467402458190918,-43.416202684559494,-56.038985169084164,1.2989152238239101,-152.04220077734112,7.527721881866455,2.6430556774139404,3.491506338119507,24.712607508213146,483.71093750000006,216.66666666666669,448.62067842483526,198.05296043554944,518.8011965751648,235.28037289778393,0.01969466544687748,0.9999580383300781,
2026-07-15T23:43:07.082,16.994036486023106,20260715_234250_front_fusion_ego_2537,egofpsfast_5,fusion_ego_2537,6721644,1,vehicle,0.18673504889011383,-48.34446692468654,-63.29887594871728,0.18704521830553067,58.806208254061076,4.804165840148926,1.813557744026184,1.3168823719024658,20.31836925901809,680.53125,234.44444444444446,645.6265873163939,226.29904415872363,715.4359126836061,242.58984473016528,0.02533290535211563,0.9982019662857056,
2026-07-15T23:43:07.082,16.994036486023106,20260715_234250_front_fusion_ego_2537,egofpsfast_5,fusion_ego_2537,6721644,2,person,0.15376491844654083,-62.8855846143355,-58.97999578074315,0.8141713926316096,-117.83848586268361,0.667286217212677,0.512711226940155,1.6846734285354614,5.209410756235584,519.2942708333334,243.33333333333334,505.45084570472443,206.93464835484824,533.1376959619423,279.7320183118185,0.9999847412109375,0.997448742389679,
2026-07-15T23:43:07.082,16.994036486023106,20260715_234250_front_fusion_ego_2537,egofpsfast_5,fusion_ego_2537,6721644,3,person,0.08304159343242645,-51.8571302452003,-83.10864140297079,0.5938892434724554,-145.82402597683543,1.0450420379638672,0.6511302590370178,1.7870535850524902,29.549961761876194,155.67708333333334,226.66666666666669,147.0220751942446,213.532958428065,164.3320914724221,239.80037490526837,0.9606655836105347,0.9455348253250122,
2026-07-15T23:43:07.082,16.994036486023106,20260715_234250_front_fusion_ego_2537,egofpsfast_5,fusion_ego_2537,6721644,4,vehicle,0.06209548935294151,-39.57631301117672,-55.990348613911486,2.2075848826122053,166.74546746945782,10.464683532714844,3.604464054107666,4.652531147003174,28.54978692748033,617.1484375,216.66666666666669,565.9419355839491,191.7052338520686,668.3549394160509,241.62809948126477,0.0002901876869145781,0.9914330244064331,
2026-07-15T23:43:07.228,17.140466912998818,20260715_234250_front_fusion_ego_2537,egofpsfast_5,fusion_ego_2537,6721645,0,vehicle,0.7955176830291748,-43.717994190837835,-54.69508559912043,1.4755963001354937,-157.94120964236126,8.024020195007324,2.856041431427002,3.6128110885620117,24.572921907000353,475.92708333333337,217.7777777777778,432.4642439236244,197.9300461875068,519.3899227430423,237.6255093680488,0.0005194437108002603,0.9999983310699463,
2026-07-15T23:43:07.228,17.140466912998818,20260715_234250_front_fusion_ego_2537,egofpsfast_5,fusion_ego_2537,6721645,1,vehicle,0.2908612787723541,-49.2589730249435,-71.23164896654916,0.4686663309101924,23.591317309540344,4.967190742492676,1.8793596029281616,1.4401841163635254,22.755174235831532,679.4192708333334,234.44444444444446,638.3752228071293,225.3292002942827,720.4633188595375,243.5596885946062,0.006732328329235315,0.9998961687088013,
2026-07-15T23:43:07.228,17.140466912998818,20260715_234250_front_fusion_ego_2537,egofpsfast_5,fusion_ego_2537,6721645,2,person,0.24876214563846588,-61.82244749455533,-59.74331307568449,0.9016708114575007,31.980295018696392,0.6000351309776306,0.4906662106513977,1.776492953300476,6.36547661832675,528.1901041666667,243.33333333333334,515.7970870962988,210.52573998769125,540.5831212370347,276.14092667897546,0.9999960660934448,0.9992082715034485,
2026-07-15T23:43:07.228,17.140466912998818,20260715_234250_front_fusion_ego_2537,egofpsfast_5,fusion_ego_2537,6721645,3,person,0.13956451416015625,-52.6401570021753,-82.13549634342283,0.6715720964058902,-174.62755304226232,0.7197811603546143,0.549676775932312,1.7980968952178955,28.303573748134607,154.56510416666669,226.66666666666669,146.54533449808758,213.64731977383298,162.5848738352458,239.6860135595004,0.9395254254341125,0.9295727610588074,
2026-07-15T23:43:07.228,17.140466912998818,20260715_234250_front_fusion_ego_2537,egofpsfast_5,fusion_ego_2537,6721645,4,person,0.101268470287323,-41.45482023319522,-55.95958408555548,0.7186753456621018,156.09631502306223,0.5885578989982605,0.5596004724502563,1.6345824003219604,26.679465941299416,538.1979166666667,226.66666666666669,534.2098772988345,218.0813742677371,542.185956034499,235.25195906559628,0.9886912107467651,0.4042570888996124,
2026-07-15T23:43:07.362,17.27438140299637,20260715_234250_front_fusion_ego_2537,egofpsfast_5,fusion_ego_2537,6721646,0,vehicle,0.6738523244857788,-43.89135163527263,-54.30801542621868,1.6322035480830384,125.861066618374,8.234537124633789,2.89164400100708,3.737286329269409,24.42723646902128,467.03125000000006,217.7777777777778,425.61133889853954,198.3968328105079,508.4511611014605,237.1587227450477,0.0015382928540930152,0.9999984502792358,
2026-07-15T23:43:07.362,17.27438140299637,20260715_234250_front_fusion_ego_2537,egofpsfast_5,fusion_ego_2537,6721646,1,vehicle,0.2724948525428772,-40.63063157548931,-50.54335716211416,2.399275571582818,-156.47624067553016,10.206424713134766,3.596993923187256,4.549641132354736,28.461051249052133,609.3645833333334,217.7777777777778,555.9417732854685,192.3544560538398,662.7873933811983,243.2010995017158,6.970367849135073e-06,0.998090922832489,
2026-07-15T23:43:07.362,17.27438140299637,20260715_234250_front_fusion_ego_2537,egofpsfast_5,fusion_ego_2537,6721646,2,person,0.2575382888317108,-60.6618693367729,-58.492799052052455,0.974603965115598,-86.29326336042858,0.6878910660743713,0.42123734951019287,1.9900175333023071,7.334067283692771,545.9817708333334,243.33333333333334,537.6646748737743,203.4402879079183,554.2988667928925,283.2263787587484,0.9999096393585205,0.9002684950828552,
2026-07-15T23:43:07.362,17.27438140299637,20260715_234250_front_fusion_ego_2537,egofpsfast_5,fusion_ego_2537,6721646,3,vehicle,0.23585127294063568,-49.99005964855847,-71.37083419631284,0.6183692001731691,62.113178250136784,4.721090316772461,1.7567213773727417,1.6495592594146729,22.201879809828423,671.6354166666667,234.44444444444446,642.5104123006265,223.03795632388858,700.760421032707,245.85093256500033,0.1319194883108139,0.9997623562812805,
2026-07-15T23:43:07.489,17.401213977020234,20260715_234250_front_fusion_ego_2537,egofpsfast_5,fusion_ego_2537,6721647,0,person,0.37439462542533875,-59.93714971206686,-59.17526679004497,1.0864394662366785,-80.76149618886306,0.5926625728607178,0.385577917098999,1.9104982614517212,8.010210024876983,545.9817708333334,243.33333333333334,537.0438926753899,213.02754004796347,554.9196489912769,273.63912661870324,0.9999276399612427,0.9839243292808533,
2026-07-15T23:43:07.489,17.401213977020234,20260715_234250_front_fusion_ego_2537,egofpsfast_5,fusion_ego_2537,6721647,1,vehicle,0.3710494041442871,-44.65358037311026,-56.794570939064464,1.6200018239638736,104.57899898281518,7.926488399505615,2.8202435970306396,3.5488240718841553,23.297897688080624,458.1354166666667,217.7777777777778,419.8295437420408,198.30970572100748,496.44128959129256,237.24584983454812,0.0011989298509433866,0.9999746084213257,
2026-07-15T23:43:07.489,17.401213977020234,20260715_234250_front_fusion_ego_2537,egofpsfast_5,fusion_ego_2537,6721647,2,vehicle,0.339598149061203,-50.188920971008294,-67.70659091418598,0.950381863497058,18.78599177092845,4.850876808166504,1.8706814050674438,1.6530662775039673,20.01991314293523,670.5234375,234.44444444444446,634.392015054822,223.72943427827624,706.654859945178,245.15945461061267,0.04105038195848465,0.9997798800468445,
2026-07-15T23:43:07.489,17.401213977020234,20260715_234250_front_fusion_ego_2537,egofpsfast_5,fusion_ego_2537,6721647,3,vehicle,0.1845361292362213,-40.56991703785056,-51.504785717827744,2.64648998985637,165.04786033637598,10.837342262268066,3.754810094833374,4.932440757751465,28.20251643822354,608.2526041666667,217.7777777777778,562.8160509417455,190.71527587042917,653.689157391588,244.84027968512643,5.062179297965486e-06,0.997374415397644,
2026-07-15T23:43:07.634,17.54645435605198,20260715_234250_front_fusion_ego_2537,egofpsfast_5,fusion_ego_2537,6721648,0,vehicle,0.6271958947181702,-45.72711819260476,-56.8515402607241,1.6133626108125476,105.9413497980213,7.418649673461914,2.6564934253692627,3.5108981132507324,22.10339917412402,457.02343750000006,217.7777777777778,416.93402518332005,195.63028799162973,497.11284981668,239.92526756392587,0.0010149949230253696,0.9999983310699463,
2026-07-15T23:43:07.634,17.54645435605198,20260715_234250_front_fusion_ego_2537,egofpsfast_5,fusion_ego_2537,6721648,1,vehicle,0.26117730140686035,-42.51258847454113,-55.876690809651514,1.5954878942702608,126.04668552133684,6.972289562225342,2.5437254905700684,3.086648464202881,25.38874398029606,609.3645833333334,225.55555555555557,574.5361024041971,207.66589376661514,644.1930642624696,243.445217344496,0.39977285265922546,0.9616692066192627,
2026-07-15T23:43:07.634,17.54645435605198,20260715_234250_front_fusion_ego_2537,egofpsfast_5,fusion_ego_2537,6721648,2,vehicle,0.20626991987228394,-51.18647177490114,-62.37903412645538,1.0150923057690036,96.9351316929592,4.745026111602783,1.7699642181396484,1.6598658561706543,17.072053679794077,662.7395833333334,234.44444444444446,629.4058408563336,223.35552361276416,696.0733258103331,245.53336527612475,0.010677410289645195,0.9999603033065796,
2026-07-15T23:43:07.634,17.54645435605198,20260715_234250_front_fusion_ego_2537,egofpsfast_5,fusion_ego_2537,6721648,3,person,0.15592330694198608,-59.8501510389099,-60.409806980893464,0.7970325339497557,-172.99799618976363,0.5252900123596191,0.4141821563243866,1.802376389503479,8.212670265983906,555.9895833333334,243.33333333333334,545.8045439043393,210.53276737531027,566.1746227623274,276.13389929135644,0.9999843835830688,0.9984682202339172,
2026-07-15T23:43:07.760,17.672522063017823,20260715_234250_front_fusion_ego_2537,egofpsfast_5,fusion_ego_2537,6721649,0,vehicle,0.5394719243049622,-44.46864065531173,-59.66866221868721,1.717315147122761,117.23267895540363,8.186803817749023,2.917618751525879,3.723330020904541,23.18586163496466,440.34375000000006,217.7777777777778,398.10376677662134,198.0833541022407,482.5837332233787,237.4722014533149,0.0029285845812410116,0.9999514818191528,
2026-07-15T23:43:07.760,17.672522063017823,20260715_234250_front_fusion_ego_2537,egofpsfast_5,fusion_ego_2537,6721649,1,person,0.5018962621688843,-60.09022193778539,-59.44692275920906,0.8846023311725857,107.26519576375757,0.4506150484085083,0.43137645721435547,1.7099158763885498,7.627848678118194,572.6692708333334,243.33333333333334,560.7140538835278,213.52230568726858,584.624487783139,273.14436097939813,0.9999990463256836,0.9999279975891113,
2026-07-15T23:43:07.760,17.672522063017823,20260715_234250_front_fusion_ego_2537,egofpsfast_5,fusion_ego_2537,6721649,2,vehicle,0.2113979011774063,-45.12120501039669,-58.522690963103,1.338037115597818,98.21840359600546,6.113597869873047,2.223083019256592,2.8825089931488037,22.497756213261113,617.1484375,225.55555555555557,585.0668200701475,209.45616099569534,649.2300549298525,241.6549501154158,0.04738670215010643,0.9945787191390991,
2026-07-15T23:43:07.760,17.672522063017823,20260715_234250_front_fusion_ego_2537,egofpsfast_5,fusion_ego_2537,6721649,3,vehicle,0.13978834450244904,-51.72547627029401,-55.248872840837514,0.7701512040916472,120.504211355289,4.879233360290527,1.8870595693588257,1.8058445453643799,16.215338916345807,643.8359375,234.44444444444446,603.5218198671937,218.18834092881946,684.1500551328063,250.70054796006946,0.6900960803031921,0.9559282660484314,
2026-07-15T23:43:07.884,17.795776127954014,20260715_234250_front_fusion_ego_2537,egofpsfast_5,fusion_ego_2537,6721650,0,vehicle,0.5559980869293213,-45.3175864896949,-60.047014052139374,1.691048255936202,108.33875579948341,7.924249649047852,2.828918695449829,3.668649196624756,22.165610424100503,431.4479166666667,217.7777777777778,388.3290913576881,196.62076877223123,474.56674197564524,238.93478678332437,0.0005150986835360527,0.9999871253967285,
2026-07-15T23:43:07.884,17.795776127954014,20260715_234250_front_fusion_ego_2537,egofpsfast_5,fusion_ego_2537,6721650,1,person,0.20886732637882233,-61.1660682452133,-60.019614166573824,1.0114812732700864,37.44423717680376,0.7142488956451416,0.5435460209846497,1.717955231666565,6.483214508662215,582.6770833333334,243.33333333333334,569.4192827747514,213.8243885835012,595.9348838919153,272.8422780831655,0.9999457597732544,0.9996830224990845,
2026-07-15T23:43:07.884,17.795776127954014,20260715_234250_front_fusion_ego_2537,egofpsfast_5,fusion_ego_2537,6721650,2,vehicle,0.084786057472229,-47.706138504290614,-65.95835176114413,1.3686598409369646,70.44599259308383,5.737954616546631,2.1989543437957764,2.5116899013519287,21.119525113843004,618.2604166666667,225.55555555555557,581.3584214697282,208.86444959375595,655.1624118636053,242.2466615173552,0.4963916540145874,0.9681708812713623,
2026-07-15T23:43:08.016,17.928213394014165,20260715_234250_front_fusion_ego_2537,egofpsfast_5,fusion_ego_2537,6721651,0,vehicle,0.5577335357666016,-45.843688803810934,-61.420637693231505,1.7013407176637758,114.53099258964599,7.95235013961792,2.8549652099609375,3.682349920272827,21.555290196727334,422.55208333333337,217.7777777777778,378.16480922450626,197.09127114878763,466.9393574421605,238.46428440676797,0.0012219271156936884,0.999962568283081,
2026-07-15T23:43:08.016,17.928213394014165,20260715_234250_front_fusion_ego_2537,egofpsfast_5,fusion_ego_2537,6721651,1,person,0.2623002529144287,-62.21495386938943,-60.82113614834736,1.0032584097059327,31.218047264047957,0.7483210563659668,0.6241562366485596,1.6277786493301392,5.556746448300013,608.2526041666667,244.44444444444446,591.0605859371524,213.3400180604723,625.4446223961811,275.5488708284166,0.9998525381088257,0.9996637105941772,
2026-07-15T23:43:08.016,17.928213394014165,20260715_234250_front_fusion_ego_2537,egofpsfast_5,fusion_ego_2537,6721651,2,vehicle,0.25208553671836853,-50.8170796810505,-57.15129700357875,0.7301259626117229,-50.76873688144908,4.598146438598633,1.8023251295089722,1.3610602617263794,16.430316353462,643.8359375,234.44444444444446,594.8852025941014,224.0512698557642,692.7866724058986,244.83761903312472,0.3220021724700928,0.999259889125824,
2026-07-15T23:43:08.016,17.928213394014165,20260715_234250_front_fusion_ego_2537,egofpsfast_5,fusion_ego_2537,6721651,3,vehicle,0.08216936141252518,-40.33873274714671,-59.33886617071599,2.3015738329016333,-41.7295762088807,8.262269020080566,3.1155333518981934,4.3496575355529785,26.873039178906627,590.4609375,217.7777777777778,544.2703166157007,192.56766484843362,636.6515583842993,242.98789070712198,0.0011407731799408793,0.9665564298629761,
2026-07-15T23:43:08.153,18.064543365035206,20260715_234250_front_fusion_ego_2537,egofpsfast_5,fusion_ego_2537,6721652,0,vehicle,0.48658478260040283,-46.03721481879077,-61.030456349009334,1.6188033757047218,104.15770366407126,7.7968668937683105,2.8327882289886475,3.5846962928771973,21.037466567020413,413.65625,217.7777777777778,368.172217592597,197.18617664443124,459.14028240740305,238.36937891112436,0.001131499302573502,0.9999672174453735,
2026-07-15T23:43:08.153,18.064543365035206,20260715_234250_front_fusion_ego_2537,egofpsfast_5,fusion_ego_2537,6721652,1,person,0.34820786118507385,-60.475391251809114,-59.92543306187215,0.8984974193124777,80.58156531809117,0.48185664415359497,0.52593594789505,1.6834028959274292,6.641782596137436,636.0520833333334,244.44444444444446,620.2400012214979,212.06513908174304,651.8641654451689,276.8237498071459,0.9997990727424622,0.9997569918632507,
2026-07-15T23:43:08.153,18.064543365035206,20260715_234250_front_fusion_ego_2537,egofpsfast_5,fusion_ego_2537,6721652,2,vehicle,0.2890689969062805,-42.199458932772714,-53.354282388063034,2.0660291697427065,-112.48024016001256,9.216835975646973,3.2459545135498047,4.268058776855469,25.220033943327053,582.6770833333334,217.7777777777778,537.9656152327856,192.77116047011484,627.3885514338812,242.78439508544076,0.00012306790449656546,0.9999260902404785,
2026-07-15T23:43:08.153,18.064543365035206,20260715_234250_front_fusion_ego_2537,egofpsfast_5,fusion_ego_2537,6721652,3,person,0.14627334475517273,-46.51549004869816,-53.058415995435176,0.9040331582217978,137.41400745881847,0.5272682905197144,0.4355131983757019,1.7165995836257935,21.083295094647085,563.7734375,234.44444444444446,560.0521344868466,223.4608941939142,567.4947405131534,245.4279946949747,0.9999744892120361,0.9792537689208984,
2026-07-15T23:43:08.275,18.187526135938242,20260715_234250_front_fusion_ego_2537,egofpsfast_5,fusion_ego_2537,6721653,0,vehicle,0.6949139833450317,-46.336794949171164,-59.530319580967046,1.6322343478931112,88.45931990097331,7.749289512634277,2.7821338176727295,3.6263647079467773,20.288187112732132,403.6484375,217.7777777777778,357.3294822052121,194.72288416491617,449.96739279478794,240.83267139063943,0.0007812160183675587,0.9999945163726807,
2026-07-15T23:43:08.275,18.187526135938242,20260715_234250_front_fusion_ego_2537,egofpsfast_5,fusion_ego_2537,6721653,1,vehicle,0.47670671343803406,-41.16519601539548,-51.06251612744965,2.199185364671866,-78.95436979590455,9.974264144897461,3.54518985748291,4.69771671295166,26.467809080711824,590.4609375,217.7777777777778,534.2126897871494,183.75308381186593,646.7091852128506,251.80247174368967,6.202204076544149e-06,0.999448835849762,
2026-07-15T23:43:08.275,18.187526135938242,20260715_234250_front_fusion_ego_2537,egofpsfast_5,fusion_ego_2537,6721653,2,person,0.4223547875881195,-60.60042787179554,-62.92708012784853,0.9364842668088538,-43.9672996495148,0.14265716075897217,0.35978779196739197,1.751685619354248,7.54294443451461,661.6276041666667,244.44444444444446,640.5619985523324,201.59235027101306,682.6932097810011,287.29653861787585,0.9999922513961792,0.9998676776885986,
2026-07-15T23:43:08.402,18.313711449038237,20260715_234250_front_fusion_ego_2537,egofpsfast_5,fusion_ego_2537,6721654,0,vehicle,0.6228259801864624,-47.489502343306754,-60.58627163559631,1.4470077982239369,108.33746195459136,7.479872703552246,2.6890616416931152,3.2949347496032715,18.87833860207691,386.96875,217.7777777777778,345.0638188794255,196.84513376818765,428.87368112057453,238.71042178736795,0.009578637778759003,0.9999772310256958,
2026-07-15T23:43:08.402,18.313711449038237,20260715_234250_front_fusion_ego_2537,egofpsfast_5,fusion_ego_2537,6721654,1,person,0.20499257743358612,-58.295564690935926,-57.62920140375215,0.7997052417903008,165.7451862824887,0.12463679909706116,0.3537367880344391,1.6297231912612915,8.008225729643316,671.6354166666667,244.44444444444446,658.2056655275326,213.59638359811572,685.0651678058009,275.2925052907732,0.9999489784240723,0.9992771744728088,
2026-07-15T23:43:08.402,18.313711449038237,20260715_234250_front_fusion_ego_2537,egofpsfast_5,fusion_ego_2537,6721654,2,vehicle,0.1764003485441208,-46.10420946512431,-59.290596490556965,0.8199392354506974,130.91654868994027,5.061182022094727,1.9000765085220337,1.779441475868225,20.166005416772567,634.9401041666667,234.44444444444446,603.8221957931917,224.16160162952212,666.0580125401418,244.7272872593668,0.07733714580535889,0.9987383484840393,
2026-07-15T23:43:08.402,18.313711449038237,20260715_234250_front_fusion_ego_2537,egofpsfast_5,fusion_ego_2537,6721654,3,person,0.11618256568908691,-43.72299428894189,-53.457674407356755,0.6951039774242798,-171.46132780560225,0.5812480449676514,0.5034686923027039,1.4124341011047363,23.06012615518306,554.8776041666667,234.44444444444446,550.7933800049748,225.71017858054904,558.9618283283587,243.17871030833987,0.9993650317192078,0.980340301990509,
2026-07-15T23:43:08.402,18.313711449038237,20260715_234250_front_fusion_ego_2537,egofpsfast_5,fusion_ego_2537,6721654,4,vehicle,0.11332619190216064,-40.35186488411824,-51.9265870494592,2.459899302980748,-62.47553318335989,10.174981117248535,3.5615592002868652,4.751644134521484,26.694852795247613,582.6770833333334,217.7777777777778,526.7588611145815,189.7743050919639,638.5953055520853,245.7812504635917,2.340550281587639e-06,0.9989237189292908,
2026-07-15T23:43:08.531,18.44257572304923,20260715_234250_front_fusion_ego_2537,egofpsfast_5,fusion_ego_2537,6721655,0,vehicle,0.522643506526947,-47.450270275988316,-60.753421461950694,1.5672505605793254,116.95462312518754,7.299866676330566,2.66251277923584,3.442056179046631,18.547487514028532,376.9609375,216.66666666666669,331.2906374260783,192.2312221924464,422.6312375739217,241.10211114088696,0.0004375481221359223,0.9999562501907349,
2026-07-15T23:43:08.531,18.44257572304923,20260715_234250_front_fusion_ego_2537,egofpsfast_5,fusion_ego_2537,6721655,1,person,0.20941175520420074,-60.542744871620336,-59.32390012308333,0.8989277697225246,-10.150961978152827,0.40673360228538513,0.4172150790691376,1.5768057107925415,5.419537072866269,698.3229166666667,252.22222222222223,677.8938992309074,212.8363253010644,718.751934102426,291.60811914338007,0.9999375343322754,0.9998342990875244,
2026-07-15T23:43:08.531,18.44257572304923,20260715_234250_front_fusion_ego_2537,egofpsfast_5,fusion_ego_2537,6721655,2,vehicle,0.19142788648605347,-40.151467616915724,-57.96264215925241,2.383661354449767,-60.877766163966896,10.227799415588379,3.5850396156311035,4.9188551902771,25.711090482183295,581.5651041666667,217.7777777777778,524.7700250546138,187.92339669333566,638.3601832787197,247.63215886221994,8.355386671610177e-05,0.9997925162315369,
2026-07-15T23:43:08.531,18.44257572304923,20260715_234250_front_fusion_ego_2537,egofpsfast_5,fusion_ego_2537,6721655,3,vehicle,0.09065542370080948,-47.278065655616004,-66.24968157914124,0.5923730533272864,-89.9473388939432,4.496419906616211,1.8240844011306763,1.2866876125335693,20.188630628477586,324.6979166666667,234.44444444444446,292.6666893983881,223.21410146024493,356.7291439349453,245.67478742864398,0.10576141625642776,0.9997528195381165,
2026-07-15T23:43:08.531,18.44257572304923,20260715_234250_front_fusion_ego_2537,egofpsfast_5,fusion_ego_2537,6721655,4,vehicle,0.06615601480007172,-38.77968733432326,-48.80089177133373,2.2986622800044576,-88.06084217662197,10.319969177246094,3.639575719833374,4.736525535583496,28.717998015461532,617.1484375,217.7777777777778,571.9045720025897,193.52436052428354,662.3923029974103,242.03119503127206,0.0028172973543405533,0.9986598491668701,
2026-07-15T23:43:08.666,18.57782887900248,20260715_234250_front_fusion_ego_2537,egofpsfast_5,fusion_ego_2537,6721656,0,person,0.367144912481308,-59.05637618939617,-57.46089171580839,0.7911291126544511,-20.70286818653908,0.4222451448440552,0.3208152651786804,1.781205415725708,6.4625448887323405,716.1145833333334,252.22222222222223,692.0785923836132,198.91015662087335,740.1505742830535,305.5342878235711,0.9999964237213135,0.9998090863227844,
2026-07-15T23:43:08.666,18.57782887900248,20260715_234250_front_fusion_ego_2537,egofpsfast_5,fusion_ego_2537,6721656,1,vehicle,0.31653159856796265,-47.30245697793322,-63.71077971484942,1.6854901202680481,111.10200852262126,6.9850873947143555,2.601128101348877,3.4229414463043213,18.887578678224937,360.28125,216.66666666666669,319.4860541000962,193.22110037008923,401.0764458999038,240.11223296324414,0.029308268800377846,0.9969788789749146,
2026-07-15T23:43:08.666,18.57782887900248,20260715_234250_front_fusion_ego_2537,egofpsfast_5,fusion_ego_2537,6721656,2,vehicle,0.2866305410861969,-39.05369509385771,-55.96230121436664,2.24627724979091,-87.00978403581873,10.190507888793945,3.6125681400299072,4.774888038635254,26.482313920472297,572.6692708333334,217.7777777777778,505.801955913504,188.80388544665445,639.5365857531627,246.75167010890115,0.00011035800707759336,0.9993115663528442,
2026-07-15T23:43:08.666,18.57782887900248,20260715_234250_front_fusion_ego_2537,egofpsfast_5,fusion_ego_2537,6721656,3,vehicle,0.22201655805110931,-42.73223416307974,-46.20502182210062,0.9053435175291775,-163.65675759662716,5.090177536010742,1.8955872058868408,1.8295621871948242,25.743910352928637,634.9401041666667,234.44444444444446,609.0898415210347,223.89610495832233,660.7903668122988,244.9927839305666,0.8036405444145203,0.9999048709869385,
2026-07-15T23:43:08.811,18.722914968035184,20260715_234250_front_fusion_ego_2537,egofpsfast_5,fusion_ego_2537,6721657,0,person,0.3565225303173065,-60.61057566042959,-60.80917387377094,0.7646973604350054,-20.57041434093936,0.5217757821083069,0.4577036201953888,1.5879451036453247,5.066475354277114,741.6901041666667,252.22222222222223,716.8118858399491,205.80294026268854,766.5683224933844,298.6415041817559,0.9999712705612183,0.988861620426178,
2026-07-15T23:43:08.811,18.722914968035184,20260715_234250_front_fusion_ego_2537,egofpsfast_5,fusion_ego_2537,6721657,1,vehicle,0.34450989961624146,-38.256882402643505,-51.685955667300654,2.3060707533400526,-72.88445127096288,9.571837425231934,3.4133646488189697,4.602025032043457,27.556996890812343,572.6692708333334,217.7777777777778,527.2751797263821,191.47014068232644,618.0633619402846,244.08541487322915,0.00045976974070072174,0.9975659847259521,
2026-07-15T23:43:08.811,18.722914968035184,20260715_234250_front_fusion_ego_2537,egofpsfast_5,fusion_ego_2537,6721657,2,vehicle,0.267899751663208,-46.51117431547112,-62.268990143233474,1.5955989187161166,120.19337463190502,7.203725814819336,2.5853688716888428,3.3779966831207275,18.881788382810182,359.16927083333337,216.66666666666669,315.4044149567684,194.3619779745738,402.93412670989835,238.97135535875958,0.08775614202022552,0.9985167384147644,
2026-07-15T23:43:08.811,18.722914968035184,20260715_234250_front_fusion_ego_2537,egofpsfast_5,fusion_ego_2537,6721657,3,vehicle,0.25067347288131714,-48.80390735329524,-67.0139030957411,0.4240127616008431,-155.1740236053926,4.862978935241699,1.9124228954315186,1.3390772342681885,18.381322702435202,289.11458333333337,234.44444444444446,250.5269180883964,220.46659943130282,327.7022485782703,248.4222894575861,0.015024864114820957,0.9985841512680054,
2026-07-15T23:43:08.811,18.722914968035184,20260715_234250_front_fusion_ego_2537,egofpsfast_5,fusion_ego_2537,6721657,4,vehicle,0.2366945445537567,-49.22048937963379,-44.265220821847414,1.3237109690891176,129.84729490720457,5.52692174911499,2.08925199508667,2.810258388519287,21.141858218939415,803.9609375,226.66666666666669,766.9074504971504,200.7858333985011,841.0144245028496,252.54749993483227,0.6580489277839661,0.9984664916992188,
2026-07-15T23:43:08.811,18.722914968035184,20260715_234250_front_fusion_ego_2537,egofpsfast_5,fusion_ego_2537,6721657,5,person,0.16455484926700592,-44.912620892170004,-50.92360691617066,0.6449561871931162,105.46440189604986,0.8722839951515198,0.5712258815765381,1.463890790939331,21.4181515448283,537.0859375,234.44444444444446,532.1272273818031,224.891420867708,542.0446476181969,243.9974680211809,0.9989243149757385,0.9712114930152893,
2026-07-15T23:43:08.811,18.722914968035184,20260715_234250_front_fusion_ego_2537,egofpsfast_5,fusion_ego_2537,6721657,6,vehicle,0.12254822254180908,-48.89743254675437,-63.07812699599136,1.9238127012522415,90.289181484625,7.922874927520752,2.8921616077423096,4.049478530883789,16.76979192971146,341.3776041666667,208.88888888888889,292.9856149951617,175.8268039756351,389.76959333817166,241.95097380214267,0.0001250993082066998,0.9999434947967529,
2026-07-15T23:43:08.944,18.85594408994075,20260715_234250_front_fusion_ego_2537,egofpsfast_5,fusion_ego_2537,6721658,0,vehicle,0.37328386306762695,-39.226001724262005,-51.97573953692188,2.1036970251081577,-84.63857799869413,9.244017601013184,3.229149341583252,4.311273574829102,26.11264001349684,563.7734375,217.7777777777778,512.3174217268825,194.2301087247001,615.2294532731175,241.3254468308555,0.006360896863043308,0.9979376792907715,
2026-07-15T23:43:08.944,18.85594408994075,20260715_234250_front_fusion_ego_2537,egofpsfast_5,fusion_ego_2537,6721658,1,vehicle,0.2734801471233368,-48.752860509406894,-64.80149219388552,1.7752720696030906,86.59900814648186,7.753068923950195,2.8086798191070557,3.8525102138519287,17.068742397039586,324.6979166666667,208.88888888888889,273.87542538593215,174.80473571353488,375.5204079474012,242.9730420642429,0.0013487903634086251,0.9999599456787109,
2026-07-15T23:43:08.944,18.85594408994075,20260715_234250_front_fusion_ego_2537,egofpsfast_5,fusion_ego_2537,6721658,2,vehicle,0.1540151834487915,-48.690325937574265,-69.81188140433245,0.4389035804288639,-69.90467719676528,5.140359401702881,2.0068459510803223,1.677308201789856,19.602907411445127,270.2109375,234.44444444444446,225.58469904959205,219.53454163339404,314.837175950408,249.35434725549487,0.9808407425880432,0.9988387227058411,
2026-07-15T23:43:08.944,18.85594408994075,20260715_234250_front_fusion_ego_2537,egofpsfast_5,fusion_ego_2537,6721658,3,vehicle,0.1472250074148178,-44.89602848911052,-45.972295184126345,0.8934545592247751,-145.07996999937563,4.998311996459961,1.9066990613937378,1.6175358295440674,23.22152224116979,626.0442708333334,234.44444444444446,599.5489320394894,224.40832909610538,652.5396096271774,244.48055979278354,0.8970975279808044,0.9996901750564575,
2026-07-15T23:43:08.944,18.85594408994075,20260715_234250_front_fusion_ego_2537,egofpsfast_5,fusion_ego_2537,6721658,4,person,0.09523604810237885,-59.867704013812464,-57.5601204023039,0.8272278143178249,-36.28867291562894,0.4890662133693695,0.5367777347564697,1.5093756914138794,4.787452391791478,768.3776041666667,253.33333333333334,742.5990740905206,209.22888000806174,794.1561342428129,297.437786658605,0.9997501969337463,0.9465229511260986,
2026-07-15T23:43:09.073,18.985393929993734,20260715_234250_front_fusion_ego_2537,egofpsfast_5,fusion_ego_2537,6721659,0,vehicle,0.3691258430480957,-40.27559305033596,-53.17065287927059,2.2406335553916694,-112.4334904738575,9.582844734191895,3.3518118858337402,4.363274574279785,24.356432828659585,555.9895833333334,217.7777777777778,493.7933177252611,191.95836173163522,618.1858489414057,243.59719382392038,0.0009577268501743674,0.9998056292533875,
2026-07-15T23:43:09.073,18.985393929993734,20260715_234250_front_fusion_ego_2537,egofpsfast_5,fusion_ego_2537,6721659,1,vehicle,0.20607180893421173,-43.64854240301223,-45.40794915125723,0.9709024634889438,166.68892855486493,5.076549530029297,1.9510332345962524,1.6584056615829468,24.160598691617032,618.2604166666667,234.44444444444446,590.9708148414891,224.7083314922121,645.5500184918444,244.18055739667682,0.4048977196216583,0.9997637867927551,
2026-07-15T23:43:09.073,18.985393929993734,20260715_234250_front_fusion_ego_2537,egofpsfast_5,fusion_ego_2537,6721659,2,vehicle,0.16323785483837128,-41.85222861432382,-76.14247460055556,1.8017465128827581,-20.508023894179917,7.48184871673584,2.8145856857299805,3.8420963287353516,28.497972783193756,225.73177083333334,216.66666666666669,181.65117712070546,191.74723724524182,269.81236454596126,241.58609608809155,0.3890182077884674,0.8492763042449951,
2026-07-15T23:43:09.073,18.985393929993734,20260715_234250_front_fusion_ego_2537,egofpsfast_5,fusion_ego_2537,6721659,3,vehicle,0.07169028371572495,-48.92896566873638,-65.87456997068111,1.8385204707341138,91.59301740629805,7.814863204956055,2.774707317352295,3.9428958892822266,16.935385426551104,296.8984375,208.88888888888889,249.9600322172046,175.06195955806308,343.83684278279543,242.7158182197147,0.00439573684707284,0.9907634854316711,
2026-07-15T23:43:09.073,18.985393929993734,20260715_234250_front_fusion_ego_2537,egofpsfast_5,fusion_ego_2537,6721659,4,person,0.0712394118309021,-58.958072015594226,-53.520666865313174,1.01977073328659,107.83684596434095,0.6485763192176819,0.626472532749176,1.526695728302002,7.018843662679214,786.1692708333334,253.33333333333334,760.252411985149,219.28492863972983,812.0861296815177,287.3817380269369,0.999848484992981,0.9834107756614685,
2026-07-15T23:43:09.073,18.985393929993734,20260715_234250_front_fusion_ego_2537,egofpsfast_5,fusion_ego_2537,6721659,5,vehicle,0.06662743538618088,-45.62579998979169,-67.5089511143764,1.7422439784042787,82.50226906102493,7.180302143096924,2.629812479019165,3.5211403369903564,20.618759786993678,332.48177083333337,216.66666666666669,296.02283937980735,193.52702061335248,368.9407022868594,239.8063127199809,0.025089619681239128,0.6510499715805054,
2026-07-15T23:43:09.202,19.114292338956147,20260715_234250_front_fusion_ego_2537,egofpsfast_5,fusion_ego_2537,6721660,0,vehicle,0.24866923689842224,-41.058417128547724,-52.956755446063354,2.3428266333854157,-103.21740261674987,10.016548156738281,3.524932861328125,4.489622116088867,23.12168670346355,554.8776041666667,217.7777777777778,486.7139586756627,190.3150205479728,623.0412496576707,245.2405350075828,0.0008596358820796013,0.9992384910583496,
2026-07-15T23:43:09.202,19.114292338956147,20260715_234250_front_fusion_ego_2537,egofpsfast_5,fusion_ego_2537,6721660,1,vehicle,0.17622525990009308,-42.02699800506818,-47.09900642338317,1.08331679108076,-178.1361184386513,5.117074012756348,1.8977878093719482,1.6469123363494873,24.248792739377073,618.2604166666667,235.55555555555557,587.2874305124085,225.50027403566574,649.233402820925,245.6108370754454,0.913677453994751,0.9997323155403137,
2026-07-15T23:43:09.202,19.114292338956147,20260715_234250_front_fusion_ego_2537,egofpsfast_5,fusion_ego_2537,6721660,2,person,0.13110485672950745,-59.544191832584474,-51.37354699414451,1.0821641365627617,141.64506118922733,0.4720933437347412,0.4796850383281708,1.5520185232162476,7.983309128765517,831.7604166666667,252.22222222222223,812.5394126052659,221.75381554497613,850.9814207280676,282.6906288994683,0.9999610185623169,0.8686773777008057,
2026-07-15T23:43:09.202,19.114292338956147,20260715_234250_front_fusion_ego_2537,egofpsfast_5,fusion_ego_2537,6721660,3,vehicle,0.10990020632743835,-45.03140922588909,-36.920108383491694,1.4606448638283709,158.92658041509046,4.988274574279785,1.9168894290924072,2.2133467197418213,28.258605689687418,777.2734375,235.55555555555557,741.4708634316921,220.75838151905273,813.0760115683079,250.3527295920584,0.020893890410661697,0.9841265082359314,
2026-07-15T23:43:09.331,19.243608523975126,20260715_234250_front_fusion_ego_2537,egofpsfast_5,fusion_ego_2537,6721661,0,vehicle,0.26167502999305725,-54.49895741746391,-70.30269133373234,1.435209715912415,-55.90563510366249,7.862984657287598,2.8595242500305176,3.1507933139801025,14.744122255291373,137.88541666666669,244.44444444444446,44.65469711522262,156.35086562898425,231.11613621811074,332.53802325990466,0.02891196496784687,0.9983768463134766,
2026-07-15T23:43:09.331,19.243608523975126,20260715_234250_front_fusion_ego_2537,egofpsfast_5,fusion_ego_2537,6721661,1,vehicle,0.20185543596744537,-40.173680347772034,-54.520594237363866,2.4298050728873917,-146.8339532623745,10.6547269821167,3.6930058002471924,4.606879234313965,23.10205658784335,545.9817708333334,217.7777777777778,481.57852495213353,189.0661375390159,610.3850167145332,246.4894180165397,0.00013107228733133525,0.9999052286148071,
2026-07-15T23:43:09.331,19.243608523975126,20260715_234250_front_fusion_ego_2537,egofpsfast_5,fusion_ego_2537,6721661,2,vehicle,0.11540109664201736,-42.41003837424726,-53.53667395506262,1.0672365649655489,-141.29359543837083,5.116050720214844,1.8962364196777344,1.7462924718856812,21.080903084343333,617.1484375,235.55555555555557,581.9629337340593,224.71706095669006,652.3339412659407,246.39405015442108,0.7251848578453064,0.9993857145309448,
2026-07-15T23:43:09.331,19.243608523975126,20260715_234250_front_fusion_ego_2537,egofpsfast_5,fusion_ego_2537,6721661,3,vehicle,0.10490021109580994,-47.15782447956006,-44.68546151632975,1.6596404945848295,121.74298112575669,5.423620223999023,2.052574872970581,2.236823320388794,20.809358241833117,777.2734375,234.44444444444446,732.4547944664955,217.45424535539416,822.0920805335045,251.43464353349475,0.12003610283136368,0.9996275901794434,
2026-07-15T23:43:09.331,19.243608523975126,20260715_234250_front_fusion_ego_2537,egofpsfast_5,fusion_ego_2537,6721661,4,vehicle,0.10016022622585297,-35.01287197128991,-64.74286260551742,1.721468586498323,-123.33787833475735,5.925226211547852,2.2768304347991943,2.7032980918884277,28.69547684213847,351.3854166666667,226.66666666666669,328.5732188249628,216.1417982975642,374.1976145083706,237.19153503576916,0.0026238705031573772,0.9881981015205383,
2026-07-15T23:43:09.331,19.243608523975126,20260715_234250_front_fusion_ego_2537,egofpsfast_5,fusion_ego_2537,6721661,5,vehicle,0.07488628476858139,-27.670892788856754,-57.547385572581135,2.306439914996245,-87.42804489802627,10.033000946044922,3.8234517574310303,4.057812690734863,35.302566233591456,386.96875,217.7777777777778,353.37182638049126,201.93299459086526,420.56567361950874,233.62256096469034,0.0007168155279941857,0.9999943971633911,
2026-07-15T23:43:09.331,19.243608523975126,20260715_234250_front_fusion_ego_2537,egofpsfast_5,fusion_ego_2537,6721661,6,vehicle,0.07400959730148315,-50.10852343902289,-64.42733949410002,1.934053329847068,94.11768733553151,6.894083023071289,2.536731481552124,3.803921937942505,14.273615342207053,296.8984375,208.88888888888889,254.6994497701526,163.3038240008884,339.09742522984743,254.4739537768894,0.012086405418813229,0.999240517616272,
2026-07-15T23:43:09.331,19.243608523975126,20260715_234250_front_fusion_ego_2537,egofpsfast_5,fusion_ego_2537,6721661,7,person,0.05583570897579193,-42.837388874242485,-54.62827079855907,0.9014245028487442,-25.272582611670483,1.8032898902893066,0.9557910561561584,1.3383073806762695,20.448738147932023,502.61458333333337,234.44444444444446,494.382346391057,225.62502738502292,510.84682027560973,243.263861503866,0.9994181394577026,0.997735857963562,
2026-07-15T23:43:09.465,19.377409021020867,20260715_234250_front_fusion_ego_2537,egofpsfast_5,fusion_ego_2537,6721662,0,person,0.18790635466575623,-45.52318220015997,-54.483247355316976,1.1979593539358284,17.62939595859642,0.8193053007125854,0.6050447225570679,1.5603631734848022,17.186524946994833,493.71875000000006,235.55555555555557,488.82750898040837,224.13107875320648,498.60999101959175,246.98003235790466,0.9990334510803223,0.9958760142326355,
2026-07-15T23:43:09.465,19.377409021020867,20260715_234250_front_fusion_ego_2537,egofpsfast_5,fusion_ego_2537,6721662,1,vehicle,0.09546403586864471,-46.83954067163529,-70.28151922956644,1.851777616869561,59.09023228233835,6.933650970458984,2.6061716079711914,3.427546739578247,19.64463917255984,261.3151041666667,216.66666666666669,218.35983770589036,187.8567413489024,304.270370627443,245.47659198443097,0.050139788538217545,0.5970704555511475,
2026-07-15T23:43:09.465,19.377409021020867,20260715_234250_front_fusion_ego_2537,egofpsfast_5,fusion_ego_2537,6721662,2,vehicle,0.08811599016189575,-43.103056130266914,-57.36443278261848,1.0720297498605311,-41.68891073563691,4.680425643920898,1.7754007577896118,1.5073223114013672,19.224797743116504,617.1484375,243.33333333333334,587.7068935856223,232.73016860087714,646.5899814143777,253.93649806578955,0.9277971982955933,0.9978610873222351,
2026-07-15T23:43:09.465,19.377409021020867,20260715_234250_front_fusion_ego_2537,egofpsfast_5,fusion_ego_2537,6721662,3,vehicle,0.07465749979019165,-47.87601723337522,-68.5760254652625,1.3760517541360802,85.45359365179625,5.042200088500977,1.887968897819519,2.114811420440674,17.788643949836427,777.2734375,234.44444444444446,724.0375059470534,216.52325775888232,830.5093690529466,252.3656311300066,0.08877679705619812,0.9999053478240967,
2026-07-15T23:43:09.465,19.377409021020867,20260715_234250_front_fusion_ego_2537,egofpsfast_5,fusion_ego_2537,6721662,4,vehicle,0.06288142502307892,-56.0669194888569,-67.35346910439881,1.5213112141795033,51.30189641529401,7.651474952697754,2.6113550662994385,3.432046413421631,11.09882193008585,84.51041666666667,191.11111111111111,4.5717112223307295,128.99290985531277,164.44912211100262,253.22931236690945,0.40194374322891235,0.00448201596736908,
2026-07-15T23:43:09.465,19.377409021020867,20260715_234250_front_fusion_ego_2537,egofpsfast_5,fusion_ego_2537,6721662,5,vehicle,0.05319274961948395,-48.55151526138714,-67.84102387128611,1.821765550717779,46.01954112776355,7.442416191101074,2.597649574279785,3.4801154136657715,16.814498122992525,226.84375000000003,207.7777777777778,170.79264715313911,169.68480931388007,282.8948528468609,245.8707462416755,0.006236410699784756,0.9365787506103516,
2026-07-15T23:43:09.595,19.50662136496976,20260715_234250_front_fusion_ego_2537,egofpsfast_5,fusion_ego_2537,6721663,0,vehicle,0.3616918623447418,-41.141123162940886,-47.95399308410641,1.3248431012794697,83.99016182657766,5.224762916564941,1.9908021688461304,1.5879549980163574,22.82036703771471,609.3645833333334,243.33333333333334,575.5790250872573,232.83882757027945,643.1501415794095,253.82783909638724,0.3188956677913666,0.9992469549179077,
2026-07-15T23:43:09.595,19.50662136496976,20260715_234250_front_fusion_ego_2537,egofpsfast_5,fusion_ego_2537,6721663,1,vehicle,0.12661032378673553,-46.39372656170496,-73.91192703070728,1.3895973365525478,17.657373926212415,6.910286903381348,2.516716718673706,3.337040662765503,21.960520351234145,154.56510416666669,225.55555555555557,114.9461506108443,199.9713120195601,194.18405772248906,251.13979909155105,0.08826719969511032,0.006664974614977837,
2026-07-15T23:43:09.595,19.50662136496976,20260715_234250_front_fusion_ego_2537,egofpsfast_5,fusion_ego_2537,6721663,2,vehicle,0.1116332933306694,-55.56022476127738,-64.85773063043769,1.6047741008542005,-29.12900525860393,8.15303897857666,2.7569055557250977,3.657423257827759,9.087689965791089,154.56510416666669,198.88888888888889,72.66798743108909,120.3896647029453,236.46222090224427,277.3881130748325,0.9807811975479126,0.8113667964935303,
2026-07-15T23:43:09.595,19.50662136496976,20260715_234250_front_fusion_ego_2537,egofpsfast_5,fusion_ego_2537,6721663,3,vehicle,0.08327175676822662,-48.77338846728388,-68.67305567955808,1.5669363752921157,2.9042068956852436,6.046454429626465,2.3208417892456055,3.0143439769744873,16.6425387632024,207.94010416666669,217.7777777777778,164.11708597342175,189.5656185017692,251.76312235991162,245.9899370537864,0.1899658739566803,0.5483521819114685,
2026-07-15T23:43:09.595,19.50662136496976,20260715_234250_front_fusion_ego_2537,egofpsfast_5,fusion_ego_2537,6721663,4,vehicle,0.0716971606016159,-42.296104305061256,-77.80641947100315,0.9581938356173083,-6.538340256811896,5.665201663970947,2.0931615829467773,2.2872073650360107,27.614018766985982,759.4817708333334,235.55555555555557,708.2121817966303,221.51097181770538,810.7513598700365,249.60013929340576,0.06329092383384705,0.9999079704284668,
2026-07-15T23:43:09.719,19.630862053018063,20260715_234250_front_fusion_ego_2537,egofpsfast_5,fusion_ego_2537,6721664,0,vehicle,0.21555683016777039,-39.62851128988587,-41.414335236481605,1.5817088047012149,101.42782456749575,5.007483959197998,1.88267982006073,1.6796859502792358,26.83924655502595,590.4609375,243.33333333333334,565.6220269352198,233.69414826234183,615.2998480647802,252.97251840432486,0.8922888040542603,0.9978103041648865,
2026-07-15T23:43:09.719,19.630862053018063,20260715_234250_front_fusion_ego_2537,egofpsfast_5,fusion_ego_2537,6721664,1,vehicle,0.19461874663829803,-36.26435989444067,-75.8612094039161,0.8651901871687429,-144.05775086932672,6.475709438323975,2.2791199684143066,2.7490124702453613,30.482136460874326,723.8984375,235.55555555555557,669.3972544521093,221.11623469326233,778.3996205478907,249.99487641784881,0.15472887456417084,0.9994853734970093,
2026-07-15T23:43:09.719,19.630862053018063,20260715_234250_front_fusion_ego_2537,egofpsfast_5,fusion_ego_2537,6721664,2,vehicle,0.16165876388549805,-52.121315174568565,-67.92878006910216,1.4587797903021489,34.25656034156555,7.795361042022705,2.745880603790283,3.6634771823883057,13.331954847807918,172.35677083333334,207.7777777777778,113.65398555000624,146.75645695792304,231.05955611666045,268.7990985976325,0.21578949689865112,0.996065080165863,
2026-07-15T23:43:09.840,19.75188735104166,20260715_234250_front_fusion_ego_2537,egofpsfast_5,fusion_ego_2537,6721665,0,vehicle,0.3599695563316345,-40.25790937981159,-55.57176331096768,1.7338694246890114,-168.53909390159131,6.674463272094727,2.4818179607391357,3.050809621810913,19.908614662525817,234.62760416666669,216.66666666666669,190.37064011643332,195.1795832316081,278.88456821690005,238.15375010172528,0.04468010738492012,0.999902606010437,
2026-07-15T23:43:09.840,19.75188735104166,20260715_234250_front_fusion_ego_2537,egofpsfast_5,fusion_ego_2537,6721665,1,vehicle,0.2939009964466095,-34.7463108481017,-77.15393097631673,0.7978356296130329,163.86076455192966,5.557222366333008,2.066896677017212,2.323178291320801,31.997352963567938,706.1067708333334,234.44444444444446,663.4721765567859,220.81999924447803,748.7413651098808,248.0688896444109,0.007112859282642603,0.9999185800552368,
2026-07-15T23:43:09.840,19.75188735104166,20260715_234250_front_fusion_ego_2537,egofpsfast_5,fusion_ego_2537,6721665,2,vehicle,0.2549704611301422,-25.015242656034168,-52.219663072282046,2.1870420765503997,-65.30647893484266,8.224841117858887,3.0078628063201904,3.7200732231140137,35.463404118814324,350.2734375,217.7777777777778,332.8747079409659,203.38530884848703,367.6721670590341,232.17024670706857,0.5161305665969849,0.9999164342880249,
2026-07-15T23:43:09.840,19.75188735104166,20260715_234250_front_fusion_ego_2537,egofpsfast_5,fusion_ego_2537,6721665,3,vehicle,0.23003996908664703,-40.41525079521643,-53.13040668594757,0.9851666024218027,62.24454717773974,4.853234767913818,1.851488471031189,1.5872985124588013,20.154730584408245,581.5651041666667,243.33333333333334,552.5292775655787,231.7811637123426,610.6009307677548,254.8855029543241,0.12439350038766861,0.9957596659660339,
2026-07-15T23:43:09.840,19.75188735104166,20260715_234250_front_fusion_ego_2537,egofpsfast_5,fusion_ego_2537,6721665,4,vehicle,0.1595556139945984,-34.80388106521212,-48.06314666319034,2.452048227342786,103.65580317340003,10.631733894348145,3.62471866607666,4.81500244140625,27.01421828722226,528.1901041666667,217.7777777777778,489.6253386239211,186.60583840476144,566.7548697094123,248.94971715079416,0.0040551102720201015,0.9592732787132263,
2026-07-15T23:43:09.840,19.75188735104166,20260715_234250_front_fusion_ego_2537,egofpsfast_5,fusion_ego_2537,6721665,5,vehicle,0.08712299168109894,-30.06980551564226,-59.3902415562938,1.8105343530462505,-144.06978901313389,7.566123962402344,2.7399275302886963,3.4697375297546387,30.047153924025473,306.90625,216.66666666666669,282.33448619022965,200.12206117312115,331.47801380977035,233.21127216021222,0.02833397127687931,0.9982230067253113,
2026-07-15T23:43:09.840,19.75188735104166,20260715_234250_front_fusion_ego_2537,egofpsfast_5,fusion_ego_2537,6721665,6,vehicle,0.08563683182001114,-50.27236206037665,-68.03667740784283,0.8651552541144323,3.7316303712315744,5.729620933532715,2.096829414367676,2.4288134574890137,14.325475717784718,38.919270833333336,243.33333333333334,-2.8436076889435453,178.7435801823934,80.68214935561022,307.9230864842733,0.007612451910972595,0.7157202363014221,
2026-07-15T23:43:09.978,19.88965125195682,20260715_234250_front_fusion_ego_2537,egofpsfast_5,fusion_ego_2537,6721666,0,vehicle,0.4254291355609894,-44.20434339409577,-49.44060951173306,1.7654411377244443,-121.2240855128385,6.527312755584717,2.4068145751953125,2.8968093395233154,17.004113194528532,199.04427083333334,216.66666666666669,137.26733892162642,195.10323862234753,260.8212027450403,238.23009471098584,0.978308379650116,0.9999792575836182,
2026-07-15T23:43:09.978,19.88965125195682,20260715_234250_front_fusion_ego_2537,egofpsfast_5,fusion_ego_2537,6721666,1,vehicle,0.21898363530635834,-35.79371919130148,-70.00071011673418,0.7199680627823355,-145.77860761725313,5.569818496704102,2.045267343521118,2.3214619159698486,26.70604963680165,680.53125,234.44444444444446,636.1796743571758,219.9004950788286,724.8828256428242,248.9883938100603,0.0109813641756773,0.9999443292617798,
2026-07-15T23:43:09.978,19.88965125195682,20260715_234250_front_fusion_ego_2537,egofpsfast_5,fusion_ego_2537,6721666,2,vehicle,0.2118082046508789,-40.79604944009661,-50.27400353561291,0.7368547311090197,-129.49254926192734,4.765209197998047,1.7718394994735718,1.6631437540054321,19.788486373634303,563.7734375,235.55555555555557,531.0783924683928,222.99473229381775,596.4684825316072,248.1163788172934,0.7461366057395935,0.9995670914649963,
2026-07-15T23:43:09.978,19.88965125195682,20260715_234250_front_fusion_ego_2537,egofpsfast_5,fusion_ego_2537,6721666,3,vehicle,0.1647566705942154,-40.60613396045188,-51.865070707546884,1.755226317611216,105.85760977634669,8.85274887084961,3.116389751434326,3.672804832458496,19.449641997740493,439.23177083333337,216.66666666666669,379.74543269475305,192.62411932150525,498.7181089719137,240.70921401182812,0.00020559375116135925,0.9999586343765259,
2026-07-15T23:43:09.978,19.88965125195682,20260715_234250_front_fusion_ego_2537,egofpsfast_5,fusion_ego_2537,6721666,4,vehicle,0.11645565181970596,-26.530324992344134,-49.2573696870201,1.8550022065150644,-135.38499353165153,7.889734745025635,2.816664695739746,3.453016757965088,33.723590468559514,332.48177083333337,217.7777777777778,312.16621636350953,205.77817188368905,352.7973253031572,229.77738367186655,0.10368818044662476,0.9999686479568481,
2026-07-15T23:43:09.978,19.88965125195682,20260715_234250_front_fusion_ego_2537,egofpsfast_5,fusion_ego_2537,6721666,5,vehicle,0.08658536523580551,-29.313672529667077,-60.992905958092784,1.2880071369504478,-97.65807236500497,6.7804999351501465,2.43623685836792,3.0698304176330566,30.190151452950996,289.11458333333337,216.66666666666669,262.14839605738723,202.13199774424237,316.0807706092795,231.201335589091,0.06512463092803955,0.9895334839820862,
2026-07-15T23:43:10.120,20.032426635967568,20260715_234250_front_fusion_ego_2537,egofpsfast_5,fusion_ego_2537,6721667,0,vehicle,0.28332415223121643,-49.00337102618463,-44.08624041302394,1.7600722231180796,-131.1811015964894,5.592796325683594,1.9562925100326538,2.5124402046203613,15.964244081423937,136.7734375,207.7777777777778,85.23048366606236,182.8704951869117,188.31639133393764,232.6850603686439,0.9352400898933411,0.9997580647468567,
2026-07-15T23:43:10.120,20.032426635967568,20260715_234250_front_fusion_ego_2537,egofpsfast_5,fusion_ego_2537,6721667,1,vehicle,0.23784293234348297,-31.556624141227925,-65.53526680987233,0.5424443840757966,-163.70155664659265,5.850824356079102,2.192683696746826,2.4219980239868164,28.33807581689393,643.8359375,234.44444444444446,606.7335460484028,221.45968016650943,680.9383289515972,247.42920872237949,0.012710172683000565,0.9996353387832642,
2026-07-15T23:43:10.120,20.032426635967568,20260715_234250_front_fusion_ego_2537,egofpsfast_5,fusion_ego_2537,6721667,2,vehicle,0.16244389116764069,-31.25718387712773,-46.94702809212185,1.4255785816816329,152.82390961114749,5.995502471923828,2.2845020294189453,2.622192621231079,29.029135223935615,305.79427083333337,216.66666666666669,279.9447192301353,204.8201648394267,331.6438224365314,228.51316849390668,0.005160685162991285,0.9976947903633118,
2026-07-15T23:43:10.120,20.032426635967568,20260715_234250_front_fusion_ego_2537,egofpsfast_5,fusion_ego_2537,6721667,3,vehicle,0.15537327527999878,-41.97500174988799,-51.47161771446183,1.7442334951694478,83.08553399751517,8.520923614501953,2.9185009002685547,3.686689615249634,17.42125050248635,395.86458333333337,207.7777777777778,354.34528536101186,184.75713060961832,437.3838813056549,230.79842494593728,3.0294491807580926e-05,0.9999961853027344,
2026-07-15T23:43:10.120,20.032426635967568,20260715_234250_front_fusion_ego_2537,egofpsfast_5,fusion_ego_2537,6721667,4,vehicle,0.10101403295993805,-32.93337644011246,-60.761730449258124,0.8074626345661429,-56.02327867605215,7.446847915649414,2.664574146270752,3.3643641471862793,25.894723407168105,261.3151041666667,208.88888888888889,233.12926755348843,189.64326315455966,289.50094077984494,228.1345146232181,0.0027382203843444586,0.9755128622055054,
2026-07-15T23:43:10.120,20.032426635967568,20260715_234250_front_fusion_ego_2537,egofpsfast_5,fusion_ego_2537,6721667,5,vehicle,0.06251782923936844,-41.53375694443433,-50.83422123170136,0.5527837377180183,83.7042212990249,4.497317790985107,1.7657287120819092,1.3786238431930542,18.067163916250006,538.1979166666667,243.33333333333334,508.7226881111662,230.78662743171057,567.6731452221672,255.88003923495612,0.09805650264024734,0.9972130656242371,
2026-07-15T23:43:10.251,20.16285802295897,20260715_234250_front_fusion_ego_2537,egofpsfast_5,fusion_ego_2537,6721668,0,vehicle,0.3098362982273102,-32.3567160985495,-43.74290640097422,1.8097888275588634,-115.36835431385106,7.0572404861450195,2.592876672744751,2.9872262477874756,28.399252188050728,279.10677083333337,216.66666666666669,257.173243281742,202.67944554487866,301.04029838492477,230.6538877884547,0.37405699491500854,0.9999593496322632,
2026-07-15T23:43:10.251,20.16285802295897,20260715_234250_front_fusion_ego_2537,egofpsfast_5,fusion_ego_2537,6721668,1,vehicle,0.21172408759593964,-28.76232736430933,-62.50230204538463,0.9520674493705457,-172.48529096534395,6.615312099456787,2.466336488723755,3.171703338623047,29.65806535694245,617.1484375,226.66666666666669,576.4768802672625,210.9865568081538,657.8199947327375,242.34677652517956,0.0015268669230863452,0.9903518557548523,
2026-07-15T23:43:10.251,20.16285802295897,20260715_234250_front_fusion_ego_2537,egofpsfast_5,fusion_ego_2537,6721668,2,vehicle,0.1976921707391739,-41.01340346495495,-52.17644320386015,0.5539435244207525,66.70809973286441,5.2152509689331055,1.8759230375289917,1.7927430868148804,17.314375225324113,511.5104166666667,235.55555555555557,481.72880676637095,222.6625031563971,541.2920265669625,248.44860795471405,0.9885735511779785,0.9999165534973145,
2026-07-15T23:43:10.251,20.16285802295897,20260715_234250_front_fusion_ego_2537,egofpsfast_5,fusion_ego_2537,6721668,3,vehicle,0.14948751032352448,-42.6098323263017,-48.30343047848988,1.7366016070062251,36.722384059313505,8.380393028259277,2.8529601097106934,3.510831356048584,17.194952291938858,360.28125,208.88888888888889,310.96582190692425,184.21180599265628,409.59667809307575,233.5659717851215,1.5464127500308678e-05,0.9999957084655762,
2026-07-15T23:43:10.251,20.16285802295897,20260715_234250_front_fusion_ego_2537,egofpsfast_5,fusion_ego_2537,6721668,4,vehicle,0.10873058438301086,-34.23267568912447,-59.7314379905455,1.073908107126087,-85.09845361838384,7.442226409912109,2.6192257404327393,3.4696455001831055,23.78595430764993,217.94791666666669,208.88888888888889,181.3804041023056,189.3941753440433,254.51542923102778,228.38360243373447,0.0013517907354980707,0.9964885711669922,
2026-07-15T23:43:10.251,20.16285802295897,20260715_234250_front_fusion_ego_2537,egofpsfast_5,fusion_ego_2537,6721668,5,vehicle,0.10829513520002365,-37.33113275450185,-44.89834334408905,2.2756972541929166,91.65864853411775,8.610469818115234,3.051983118057251,4.294167995452881,23.472197101357864,439.23177083333337,217.7777777777778,404.7318519552549,188.1024287806617,473.73168971141183,247.4531267748939,7.497981277992949e-05,0.9888293147087097,
2026-07-15T23:43:10.392,20.30366503703408,20260715_234250_front_fusion_ego_2537,egofpsfast_5,fusion_ego_2537,6721669,0,vehicle,0.5483453273773193,-31.385587857429663,-58.67386534813562,1.0490472814225598,-171.65277074416454,5.6305742263793945,2.0933837890625,2.8259763717651367,25.754888868241054,599.3567708333334,226.66666666666669,558.8921826233467,208.8697002331416,639.8213590433201,244.46363310019177,0.00022866491053719074,0.9999762773513794,
2026-07-15T23:43:10.392,20.30366503703408,20260715_234250_front_fusion_ego_2537,egofpsfast_5,fusion_ego_2537,6721669,1,vehicle,0.23185855150222778,-34.801467408922875,-61.31859909093199,1.4353310944500635,-6.646550203080559,6.988787651062012,2.508949041366577,3.302957773208618,22.833858713192164,190.1484375,216.66666666666669,152.27905236929655,194.2048345009486,228.01782263070348,239.12849883238476,0.15326336026191711,0.9977523684501648,
2026-07-15T23:43:10.392,20.30366503703408,20260715_234250_front_fusion_ego_2537,egofpsfast_5,fusion_ego_2537,6721669,2,vehicle,0.184503972530365,-32.4534673200273,-38.563131686712225,1.9512776955396163,-175.67699469848625,7.712055683135986,2.698802947998047,3.502545118331909,30.062561282032927,253.53125000000003,217.7777777777778,225.74703624099496,203.28083770142663,281.31546375900507,232.27471785412897,0.6239508390426636,0.999645471572876,
2026-07-15T23:43:10.392,20.30366503703408,20260715_234250_front_fusion_ego_2537,egofpsfast_5,fusion_ego_2537,6721669,3,vehicle,0.10957641899585724,-42.29125660137025,-48.536288964787786,1.8303507626947493,1.9348727547729196,8.34435749053955,2.9416286945343018,3.4291813373565674,16.45559815181506,332.48177083333337,208.88888888888889,279.8503430609902,188.27876263194614,385.11319860567653,229.49901514583163,2.0461742678890005e-05,0.9999967813491821,
2026-07-15T23:43:10.392,20.30366503703408,20260715_234250_front_fusion_ego_2537,egofpsfast_5,fusion_ego_2537,6721669,4,vehicle,0.09498472511768341,-41.13906572838055,-51.7832790733108,0.9117768841918235,-47.224869602539435,4.581725597381592,1.7869678735733032,1.5340179204940796,16.393939615004573,474.8151041666667,243.33333333333334,450.8336232888202,231.04609002669653,498.79658504451317,255.62057663997015,0.3082897663116455,0.9990224838256836,
2026-07-15T23:43:10.392,20.30366503703408,20260715_234250_front_fusion_ego_2537,egofpsfast_5,fusion_ego_2537,6721669,5,vehicle,0.06937623769044876,-41.53942366398338,-48.836043195538835,0.6214524329023217,97.13667543869194,4.358639717102051,1.714782953262329,1.3209590911865234,17.022594337953063,502.61458333333337,243.33333333333334,471.17522651453817,231.08120640118918,534.0539401521286,255.5854602654775,0.02666700817644596,0.9995274543762207,
2026-07-15T23:43:10.525,20.436913219979033,20260715_234250_front_fusion_ego_2537,egofpsfast_5,fusion_ego_2537,6721670,0,vehicle,0.5926726460456848,-30.451679441763453,-53.89021159428185,1.0914860253164846,134.6299659379177,5.979269504547119,2.299666404724121,3.012538194656372,25.819523223685714,581.5651041666667,226.66666666666669,544.6667834843199,208.58533600966138,618.4634248490136,244.747997323672,0.00020861081429757178,0.9999113082885742,
2026-07-15T23:43:10.525,20.436913219979033,20260715_234250_front_fusion_ego_2537,egofpsfast_5,fusion_ego_2537,6721670,1,vehicle,0.20036664605140686,-26.317303577573252,-56.3600162374548,1.0493244339941548,-130.76297389498265,6.185196399688721,2.289233684539795,2.6697781085968018,29.92299285297266,207.94010416666669,216.66666666666669,165.94069825361174,205.00258187452954,249.93951007972163,228.33075145880383,0.010814744979143143,0.9979343414306641,
2026-07-15T23:43:10.525,20.436913219979033,20260715_234250_front_fusion_ego_2537,egofpsfast_5,fusion_ego_2537,6721670,2,vehicle,0.17287038266658783,-36.18503897947991,-48.936069816205126,0.6769603802309998,9.200339389081627,4.919211387634277,1.8743501901626587,1.7976893186569214,21.077813513943074,484.8229166666667,235.55555555555557,454.04150475064915,223.99337593052124,515.6043285826843,247.1177351805899,0.4353892505168915,0.99549400806427,
2026-07-15T23:43:10.525,20.436913219979033,20260715_234250_front_fusion_ego_2537,egofpsfast_5,fusion_ego_2537,6721670,3,vehicle,0.13359716534614563,-41.61065033799909,-51.80510053693566,0.855530271931273,179.17842080903816,4.032468795776367,1.6081061363220215,1.5887794494628906,15.067099617442349,457.02343750000006,243.33333333333334,436.28473324701196,229.36004360516867,477.76214175298816,257.30662306149804,0.6050260663032532,0.9998295307159424,
2026-07-15T23:43:10.525,20.436913219979033,20260715_234250_front_fusion_ego_2537,egofpsfast_5,fusion_ego_2537,6721670,4,vehicle,0.1325036585330963,-29.842027578059295,-59.99425413380949,1.1678947929335024,-19.067502389118513,7.0022430419921875,2.5853569507598877,3.456868886947632,26.775085402756687,163.4609375,207.7777777777778,112.58549185097219,185.2534662352668,214.33638314902785,230.3020893202888,0.281412273645401,0.9896732568740845,
2026-07-15T23:43:10.525,20.436913219979033,20260715_234250_front_fusion_ego_2537,egofpsfast_5,fusion_ego_2537,6721670,5,vehicle,0.09390325844287872,-40.67638972651914,-48.14200559285315,0.825061924489372,74.04709079451209,4.716983795166016,1.790135383605957,1.592383623123169,17.180592915567658,501.5026041666667,243.33333333333334,472.9964453230302,231.06126954158148,530.0087630103033,255.6053971250852,0.09071163088083267,0.9996569156646729,
2026-07-15T23:43:10.525,20.436913219979033,20260715_234250_front_fusion_ego_2537,egofpsfast_5,fusion_ego_2537,6721670,6,vehicle,0.09152177721261978,-44.1970638723925,-50.61126077053584,1.764415834656098,-19.900966451343574,7.24749755859375,2.6337080001831055,3.1864089965820312,12.95586450586281,296.8984375,207.7777777777778,241.02554383873942,182.93757723437417,352.7713311612606,232.61797832118143,6.009640128468163e-05,0.9999693632125854,
2026-07-15T23:43:10.525,20.436913219979033,20260715_234250_front_fusion_ego_2537,egofpsfast_5,fusion_ego_2537,6721670,7,vehicle,0.08063629269599915,-33.88443171123272,-42.15502874075187,0.9753524793005566,-149.23467935848726,5.167709827423096,1.8711966276168823,1.8035328388214111,25.98755074232761,545.9817708333334,235.55555555555557,528.9415895914038,226.14295903179382,563.0219520752629,244.96815207931732,0.057324476540088654,0.9998151659965515,
2026-07-15T23:43:10.674,20.585828040959314,20260715_234250_front_fusion_ego_2537,egofpsfast_5,fusion_ego_2537,6721671,0,vehicle,0.3183068335056305,-38.343811447427825,-48.01041043092028,0.4818033727123945,93.75067423287238,4.996439456939697,1.8860995769500732,1.6366863250732422,18.509606631047472,467.03125000000006,243.33333333333334,437.0102176368237,228.77870519955954,497.0522823631764,257.8879614671072,0.015522181056439877,0.9999651908874512,
2026-07-15T23:43:10.674,20.585828040959314,20260715_234250_front_fusion_ego_2537,egofpsfast_5,fusion_ego_2537,6721671,1,vehicle,0.13890692591667175,-29.28623636450159,-50.368788919116454,0.8902423816341916,-73.39186261304627,6.1126532554626465,2.270447015762329,2.975212812423706,26.626160483116045,547.09375,226.66666666666669,518.8646813705564,212.4384633700053,575.3228186294436,240.89486996332806,0.039701901376247406,0.9998488426208496,
2026-07-15T23:43:10.674,20.585828040959314,20260715_234250_front_fusion_ego_2537,egofpsfast_5,fusion_ego_2537,6721671,2,person,0.09628172218799591,-45.52170191950197,-42.81202579705558,1.3621636782252295,47.40100743969642,0.5599379539489746,0.591335117816925,1.6000802516937256,15.61876382258622,805.0729166666667,243.33333333333334,794.8919756735365,227.52352257569632,815.253857659797,259.1431440909704,0.9869616031646729,0.3992817997932434,
2026-07-15T23:43:10.807,20.719434248050675,20260715_234250_front_fusion_ego_2537,egofpsfast_5,fusion_ego_2537,6721672,0,vehicle,0.2699216604232788,-31.996672629030687,-43.54636348513826,1.0657282438647648,-82.03318081842409,6.211813926696777,2.2314515113830566,3.2340104579925537,25.206003442871356,519.2942708333334,226.66666666666669,493.6466075604161,208.7820492188136,544.9419341062506,244.55128411451977,0.024223992601037025,0.9999934434890747,
2026-07-15T23:43:10.807,20.719434248050675,20260715_234250_front_fusion_ego_2537,egofpsfast_5,fusion_ego_2537,6721672,1,vehicle,0.17831279337406158,-39.075385616729264,-47.94465844207694,0.3957314559659011,29.855048046423313,4.919167995452881,1.8913960456848145,1.706337571144104,17.002079083027848,431.4479166666667,243.33333333333334,398.968713576595,229.5097135504087,463.92711975673836,257.156953116258,0.04923924431204796,0.9998944997787476,
2026-07-15T23:43:10.807,20.719434248050675,20260715_234250_front_fusion_ego_2537,egofpsfast_5,fusion_ego_2537,6721672,2,person,0.12622179090976715,-58.991249472352436,-22.268504817546887,2.0990660121542675,110.17185172718146,1.0668978691101074,0.6645393967628479,1.6344693899154663,32.0495839533708,830.6484375,244.44444444444446,817.6999125629663,232.61758979823855,843.5969624370337,256.27129909065036,0.9902461767196655,0.964415431022644,
2026-07-15T23:43:10.948,20.860247386037372,20260715_234250_front_fusion_ego_2537,egofpsfast_5,fusion_ego_2537,6721673,0,vehicle,0.4952855706214905,-32.2139273882767,-39.18962325348079,1.2105754488546872,48.549730400318495,6.299001216888428,2.2645719051361084,3.3182413578033447,26.143917408246395,493.71875000000006,226.66666666666669,463.92833717167383,208.66178075472516,523.5091628283262,244.6715525786082,0.0002883253910113126,0.999991774559021,
2026-07-15T23:43:10.948,20.860247386037372,20260715_234250_front_fusion_ego_2537,egofpsfast_5,fusion_ego_2537,6721673,1,vehicle,0.3236277401447296,-46.453024843840446,-52.9085677875199,1.2031673708977948,-55.593940217282466,7.012882709503174,2.367762327194214,3.0137364864349365,7.819362748604931,145.66927083333334,190.0,50.70979874332746,113.20144653320312,240.62874292333922,266.7985534667969,0.06305605918169022,0.9999765157699585,
2026-07-15T23:43:10.948,20.860247386037372,20260715_234250_front_fusion_ego_2537,egofpsfast_5,fusion_ego_2537,6721673,2,vehicle,0.20391415059566498,-41.54953140752099,-48.07321011339362,0.6863150039328474,0.8125773852356533,5.222958087921143,1.987365961074829,1.9723138809204102,13.743933945596485,404.7604166666667,243.33333333333334,361.9212744111816,224.27602549393973,447.59955892215174,262.390641172727,0.015428015030920506,0.9999277591705322,
2026-07-15T23:43:10.948,20.860247386037372,20260715_234250_front_fusion_ego_2537,egofpsfast_5,fusion_ego_2537,6721673,3,vehicle,0.15613238513469696,-43.3612548918198,-48.60036386530379,0.6475789919759514,-101.71532937807672,3.9078221321105957,1.6248524188995361,1.4960530996322632,11.875076832672548,359.16927083333337,244.44444444444446,333.4030734462043,227.19991829660205,384.93546822046244,261.68897059228686,0.18804772198200226,0.9995970129966736,
2026-07-15T23:43:11.079,20.991232060012408,20260715_234250_front_fusion_ego_2537,egofpsfast_5,fusion_ego_2537,6721674,0,vehicle,0.6960297226905823,-35.98727851816909,-38.39986279762976,1.3154277792128148,13.724062445522602,6.224096298217773,2.2760937213897705,3.229855537414551,22.510595606998063,465.91927083333337,226.66666666666669,431.0441537921628,206.1027620236079,500.79438787450397,247.23057130972546,0.0011306587839499116,0.9999949932098389,
2026-07-15T23:43:11.079,20.991232060012408,20260715_234250_front_fusion_ego_2537,egofpsfast_5,fusion_ego_2537,6721674,1,vehicle,0.21428556740283966,-41.37836816005095,-46.57097463176041,0.7601152268512159,-111.96981019987659,5.466406345367432,2.1079931259155273,1.9586024284362793,13.59091065744517,368.0651041666667,243.33333333333334,326.220396908621,223.8350792725881,409.90981142471236,262.8315873940786,0.012386951595544815,0.9998996257781982,
2026-07-15T23:43:11.079,20.991232060012408,20260715_234250_front_fusion_ego_2537,egofpsfast_5,fusion_ego_2537,6721674,2,vehicle,0.07596614956855774,-42.58056846579573,-50.01795467649803,0.38712828964717483,-153.10912181693303,4.046941757202148,1.6328836679458618,1.52839994430542,11.377073524341393,314.6901041666667,244.44444444444446,275.80108418564004,223.33925035264758,353.57912414769334,265.54963853624133,0.8385570645332336,0.9998444318771362,
2026-07-15T23:43:11.214,21.126068957033567,20260715_234250_front_fusion_ego_2537,egofpsfast_5,fusion_ego_2537,6721675,0,vehicle,0.5711781978607178,-37.28074969850975,-36.350405110034316,1.2054717972491922,143.12376989700945,6.548511505126953,2.228691577911377,3.3466813564300537,21.861277431487125,430.33593750000006,225.55555555555557,391.4915111735463,206.21818754408096,469.18036382645374,244.89292356703018,0.012467458844184875,0.9999996423721313,
2026-07-15T23:43:11.214,21.126068957033567,20260715_234250_front_fusion_ego_2537,egofpsfast_5,fusion_ego_2537,6721675,1,vehicle,0.09803996980190277,-40.41835240628905,-48.6488574251871,0.4323298391933701,70.77825917326214,5.374297618865967,2.087297201156616,2.0548884868621826,13.098937092321227,298.0104166666667,243.33333333333334,253.66978821406764,219.78707512219748,342.35104511926573,266.87959154446924,0.7360713481903076,0.999871015548706,
2026-07-15T23:43:11.214,21.126068957033567,20260715_234250_front_fusion_ego_2537,egofpsfast_5,fusion_ego_2537,6721675,2,person,0.05164382979273796,-58.13537467312798,-19.593292943640968,2.21885460084669,-30.223711214540703,0.5359481573104858,0.4014807939529419,1.817296028137207,32.13144936197467,732.7942708333334,243.33333333333334,726.2816295710703,233.6798538764318,739.3069120955964,252.9868127902349,0.9999922513961792,0.9949818253517151,
2026-07-15T23:43:11.353,21.26500054495409,20260715_234250_front_fusion_ego_2537,egofpsfast_5,fusion_ego_2537,6721676,0,person,0.3718315064907074,-54.37149394780016,-23.57638920397054,2.083805881327237,-54.163375009024875,0.26219817996025085,0.37932509183883667,1.6797361373901367,26.71841424256422,626.0442708333334,243.33333333333334,621.290861094681,233.2298015554746,630.7976805719858,253.43686511119208,0.9999016523361206,0.9980138540267944,
2026-07-15T23:43:11.353,21.26500054495409,20260715_234250_front_fusion_ego_2537,egofpsfast_5,fusion_ego_2537,6721676,1,vehicle,0.3245030641555786,-34.11524440068277,-34.983541874986365,0.27647864415353496,159.98893627286816,6.418623447418213,2.2756426334381104,2.8035407066345215,24.220141844010264,378.0729166666667,225.55555555555557,344.55382912854355,209.3711331817839,411.5920042047898,241.73997792932724,0.0003173586737830192,0.9982593655586243,
2026-07-15T23:43:11.353,21.26500054495409,20260715_234250_front_fusion_ego_2537,egofpsfast_5,fusion_ego_2537,6721676,2,vehicle,0.12350770831108093,-39.72420868696075,-49.52240578140106,-0.0823449057468375,136.4883998672142,4.517547607421875,1.689823865890503,1.9392093420028687,13.26963295958759,128.98958333333334,252.22222222222223,81.35281985004744,217.19961060418024,176.62634681661925,287.2448338402642,0.9991381168365479,0.9968411922454834,
2026-07-15T23:43:11.486,21.398490253952332,20260715_234250_front_fusion_ego_2537,egofpsfast_5,fusion_ego_2537,6721677,0,vehicle,0.2419232726097107,-35.547455309622066,-37.10451111901874,0.192747170605287,-55.91003477839521,4.927974224090576,1.989344835281372,2.055285692214966,20.94263626057584,296.8984375,234.44444444444446,261.2431239783764,217.78336670663623,332.5537510216236,251.10552218225268,0.1877042055130005,0.9991156458854675,
2026-07-15T23:43:11.486,21.398490253952332,20260715_234250_front_fusion_ego_2537,egofpsfast_5,fusion_ego_2537,6721677,1,vehicle,0.1377691626548767,-32.26810404755702,-33.81714534618115,0.9005587140134708,106.24148780739645,7.336567401885986,2.7117879390716553,3.5350182056427,25.494481572615204,324.6979166666667,217.7777777777778,283.71398115406436,196.3490145073997,365.681852179269,239.2065410481559,0.013725901953876019,0.9938235282897949,
2026-07-15T23:43:11.486,21.398490253952332,20260715_234250_front_fusion_ego_2537,egofpsfast_5,fusion_ego_2537,6721677,2,person,0.10615270584821701,-36.016556731179335,-18.537113463130577,0.919353004880918,-49.003084233335116,0.5394644737243652,0.5209490656852722,1.8294470310211182,34.80273217947546,421.4401041666667,226.66666666666669,418.60226441842195,219.32884464661282,424.2779439149114,234.00448868672055,1.0,0.9999880790710449,
2026-07-15T23:43:11.486,21.398490253952332,20260715_234250_front_fusion_ego_2537,egofpsfast_5,fusion_ego_2537,6721677,3,vehicle,0.07021476328372955,-40.8628301763908,-44.76666375166262,0.24995755400000075,-21.979246513253006,3.6515793800354004,1.4853112697601318,1.6660715341567993,12.636552968306939,172.35677083333334,252.22222222222223,122.328747784098,229.27609576119318,222.3847938825687,275.1683486832513,0.768094003200531,0.9902398586273193,
2026-07-15T23:43:11.619,21.530753444996662,20260715_234250_front_fusion_ego_2537,egofpsfast_5,fusion_ego_2537,6721678,0,vehicle,0.10626906901597977,-35.03767028338771,-39.246827222287706,0.14210221113399513,-60.958994816690776,4.079955577850342,1.7177183628082275,1.763890027999878,19.561016715298113,225.73177083333334,235.55555555555557,189.63906281938156,218.19617364141678,261.82447884728515,252.91493746969437,0.19091418385505676,0.986244261264801,
2026-07-15T23:43:11.772,21.684499555965886,20260715_234250_front_fusion_ego_2537,egofpsfast_5,fusion_ego_2537,6721679,0,person,0.23499634861946106,-36.2651502983428,-13.746867452901341,0.5289845626590619,-89.55393812428194,0.48141348361968994,0.42775851488113403,1.8366345167160034,36.66431001309112,360.28125,225.55555555555557,357.8639135095291,218.9639625284407,362.6985864904709,232.14714858267044,0.9999991655349731,0.9999910593032837,
2026-07-15T23:43:11.772,21.684499555965886,20260715_234250_front_fusion_ego_2537,egofpsfast_5,fusion_ego_2537,6721679,1,person,0.09703711420297623,-55.716982711367486,-22.39538453174046,1.533069140085864,-175.02471728807495,0.38334572315216064,0.402209997177124,1.6314705610275269,24.44941046468333,537.0859375,234.44444444444446,533.3384444238618,224.3101727631357,540.8334305761382,244.5787161257532,0.9999964237213135,0.9758712649345398,
2026-07-15T23:43:11.772,21.684499555965886,20260715_234250_front_fusion_ego_2537,egofpsfast_5,fusion_ego_2537,6721679,2,person,0.09096348285675049,-47.35618459000985,-12.146291697957174,1.1088619089023792,-91.38556358780805,0.6899458169937134,0.5134387612342834,1.9389333724975586,34.858223544503225,475.92708333333337,226.66666666666669,473.320621087992,219.38436369101208,478.53354557867476,233.9489696423213,0.999934196472168,0.998826801776886,
2026-07-15T23:43:11.913,21.82528986595571,20260715_234250_front_fusion_ego_2537,egofpsfast_5,fusion_ego_2537,6721680,0,person,0.126855731010437,-55.28947185717702,-22.042017134488233,1.2785181901444105,127.19058883144469,0.25116458535194397,0.35938549041748047,1.7501318454742432,23.46629570251217,528.1901041666667,234.44444444444446,525.0553403754409,223.1346803572443,531.3248679578926,245.75420853164462,0.9999996423721313,0.975992739200592,
2026-07-15T23:43:12.043,21.955473080044612,20260715_234250_front_fusion_ego_2537,egofpsfast_5,fusion_ego_2537,6721681,0,person,0.14529195427894592,-58.47085066663256,-18.274742376077782,1.180413187784815,-174.8654957655975,0.5249649286270142,0.44581785798072815,1.798675775527954,26.47837866944464,520.40625,226.66666666666669,517.6908881063573,217.02673951784772,523.1216118936427,236.30659381548566,0.9999938011169434,0.994005560874939,
2026-07-15T23:43:12.173,22.085157288005576,20260715_234250_front_fusion_ego_2537,egofpsfast_5,fusion_ego_2537,6721682,0,person,0.1216268390417099,-57.96319855919621,-15.06587723805545,1.085117165631317,-89.48190676034747,0.461847722530365,0.3575514853000641,1.8565142154693604,28.25787172623419,511.5104166666667,226.66666666666669,509.07788084882003,217.0027632514636,513.9429524845134,236.33057008186978,0.9999986886978149,0.9932687878608704,
2026-07-15T23:43:12.314,22.225903198006563,20260715_234250_front_fusion_ego_2537,egofpsfast_5,fusion_ego_2537,6721683,0,person,0.40183931589126587,-57.903652019274574,-15.213052791898875,0.9719184037642634,-148.36875488829637,0.21140697598457336,0.32987216114997864,1.7917180061340332,26.8745747721677,511.5104166666667,226.66666666666669,509.0780818734008,217.240456144015,513.9427514599327,236.09287718931836,0.9999979734420776,0.9620363712310791,
2026-07-15T23:43:12.314,22.225903198006563,20260715_234250_front_fusion_ego_2537,egofpsfast_5,fusion_ego_2537,6721683,1,vehicle,0.058322880417108536,-54.95293438111157,-42.341784379493916,0.8593683664370371,6.559270899471162,5.173226356506348,1.8830409049987793,1.629059910774231,3.015640576239462,812.8567708333334,360.0,784.3133864526948,216.22000694274902,841.400155213972,503.779993057251,0.001982276327908039,1.6144429537234828e-05,
2026-07-15T23:43:12.441,22.35312832100317,20260715_234250_front_fusion_ego_2537,egofpsfast_5,fusion_ego_2537,6721684,0,person,0.2840256690979004,-58.86699816633567,-13.5227117034324,0.9149086653663439,-178.3356533767385,0.19017450511455536,0.29894372820854187,1.8446552753448486,27.539222308480745,511.5104166666667,226.66666666666669,509.35045029657584,217.7806968490283,513.6703830367576,235.55263648430508,0.9999955892562866,0.9418468475341797,
2026-07-15T23:43:12.574,22.486309436964802,20260715_234250_front_fusion_ego_2537,egofpsfast_5,fusion_ego_2537,6721685,0,person,0.20841175317764282,-34.224331023507595,-12.16145019429872,0.3866435595361466,173.60446332849352,0.6047834753990173,0.48076650500297546,1.7210772037506104,32.20611757777187,280.21875,217.7777777777778,276.8528003850952,208.77994285689462,283.5846996149048,226.77561269866098,0.9993280172348022,0.9958332777023315,
2026-07-15T23:43:12.574,22.486309436964802,20260715_234250_front_fusion_ego_2537,egofpsfast_5,fusion_ego_2537,6721685,1,person,0.15280836820602417,-59.861802823837735,-14.296191797175325,1.1603353216528465,-49.334149492809594,0.4358219504356384,0.4141581058502197,1.906866192817688,25.896451218574065,520.40625,226.66666666666669,517.3076630774885,216.46888832251233,523.5048369225115,236.86444501082104,0.9991264939308167,0.9770323038101196,
2026-07-15T23:43:12.700,22.611855647992343,20260715_234250_front_fusion_ego_2537,egofpsfast_5,fusion_ego_2537,6721686,0,vehicle,0.08238320797681808,-55.625115060078215,-38.519306343365,0.8609876899848738,-53.53023100846839,4.969571590423584,1.736486792564392,1.7635841369628906,3.749420705014225,803.9609375,350.0,782.3780827149749,193.31636428833008,825.5437922850251,506.6836357116699,0.005406853277236223,5.6898534239735454e-06,
2026-07-15T23:43:12.842,22.753420475986786,20260715_234250_front_fusion_ego_2537,egofpsfast_5,fusion_ego_2537,6721687,0,person,0.09829993546009064,-60.918917482667695,-12.984538956589766,1.0032670816690938,156.21250099847896,0.2718619108200073,0.3291371166706085,1.8060895204544067,25.25459553087095,528.1901041666667,226.66666666666669,524.5617126865934,216.8996662894885,531.8184956467401,236.43366704384488,0.9999990463256836,0.9918656945228577,
2026-07-15T23:43:12.969,22.880875368020497,20260715_234250_front_fusion_ego_2537,egofpsfast_5,fusion_ego_2537,6721688,0,person,0.05726461857557297,-57.41989203986935,-19.481571663806065,0.48678750915929925,42.31105044113169,1.1562094688415527,0.502892792224884,1.5994017124176025,16.89738628699186,537.0859375,234.44444444444446,530.560360673815,221.46902319457797,543.611514326185,247.41986569431094,0.9999995231628418,0.9998875856399536,
2026-07-15T23:43:13.092,23.004572005942464,20260715_234250_front_fusion_ego_2537,egofpsfast_5,fusion_ego_2537,6721689,0,person,0.0643424391746521,-58.99111089331012,-16.865082061173606,0.8626982647263048,-167.0537336399542,0.8629302978515625,0.540143609046936,1.7007083892822266,18.827647426971367,529.3020833333334,234.44444444444446,524.3347711128494,221.10946592357425,534.2693955538174,247.77942296531467,0.9999998807907104,0.9974023103713989,
2026-07-15T23:43:13.231,23.14263568702154,20260715_234250_front_fusion_ego_2537,egofpsfast_5,fusion_ego_2537,6721690,0,person,0.1935858428478241,-62.910251441918156,-2.471448159154278,1.0556479825782308,136.88486575224255,0.3023553192615509,0.3873807191848755,1.6881567239761353,32.63991444378716,528.1901041666667,226.66666666666669,525.603749748009,218.9518431822459,530.7764585853245,234.38149015108746,0.9999997615814209,0.718149721622467,
2026-07-15T23:43:13.231,23.14263568702154,20260715_234250_front_fusion_ego_2537,egofpsfast_5,fusion_ego_2537,6721690,1,person,0.0964408665895462,-59.310738866445455,-17.274113314776777,0.8826136406963947,13.28538587442251,0.7095025777816772,0.4886046051979065,1.6764562129974365,17.569017260394055,554.8776041666667,234.44444444444446,546.7511741562437,220.24946567085055,563.0040341770898,248.63942321803836,0.9999936819076538,0.9991612434387207,
2026-07-15T23:43:13.231,23.14263568702154,20260715_234250_front_fusion_ego_2537,egofpsfast_5,fusion_ego_2537,6721690,2,person,0.06263235211372375,-58.20003795158915,0.6269660972821995,0.834994892582003,110.39692718229315,0.4342808723449707,0.3697021007537842,1.813625454902649,34.41270089136839,475.92708333333337,226.66666666666669,473.3918289256593,219.90976239244145,478.46233774100745,233.42357094089192,1.0,0.998755931854248,
2026-07-15T23:43:13.355,23.267414815956727,20260715_234250_front_fusion_ego_2537,egofpsfast_5,fusion_ego_2537,6721691,0,person,0.2138713151216507,-58.135565593272375,-2.5987506816520565,0.9889509466632767,162.36965953633705,0.23141592741012573,0.37628665566444397,1.7685770988464355,30.17298778814791,483.71093750000006,226.66666666666669,481.4149446957745,219.00712440411252,486.0069303042256,234.32620892922085,0.9999998807907104,0.9842633605003357,
2026-07-15T23:43:13.486,23.3977767189499,20260715_234250_front_fusion_ego_2537,egofpsfast_5,fusion_ego_2537,6721692,0,person,0.2033538818359375,-28.484763699235277,-10.838819905806922,0.7291210202349419,-130.37606987629846,0.49505048990249634,0.44890931248664856,1.8784558773040771,30.951572215001605,154.56510416666669,225.55555555555557,148.94990861198556,213.72930708858703,160.1802997213478,237.3818040225241,0.9998021721839905,0.9718009233474731,
2026-07-15T23:43:13.618,23.530542480992153,20260715_234250_front_fusion_ego_2537,egofpsfast_5,fusion_ego_2537,6721693,0,person,0.13179202377796173,-31.551499838603725,-5.711856058755377,0.9194366765885,-126.78257733911016,0.6618639230728149,0.5083693265914917,1.877292275428772,31.710164295274208,209.05208333333334,226.66666666666669,204.5359525907164,216.50197962919873,213.5682140759503,236.83135370413464,0.9973052740097046,0.9679964780807495,
2026-07-15T23:43:13.618,23.530542480992153,20260715_234250_front_fusion_ego_2537,egofpsfast_5,fusion_ego_2537,6721693,1,person,0.07818958163261414,-58.07497953204678,-5.317956646290181,0.980795339191253,-95.34351094448515,0.6898760199546814,0.5904589891433716,1.610567331314087,25.46400853673347,483.71093750000006,234.44444444444446,479.3394899740816,227.98332300451068,488.08238502591854,240.90556588437823,0.9999998807907104,0.9995380640029907,
2026-07-15T23:43:13.743,23.654575402033515,20260715_234250_front_fusion_ego_2537,egofpsfast_5,fusion_ego_2537,6721694,0,vehicle,0.11467138677835464,-32.62185535754355,3.1999108165861827,2.3186490674767786,-67.7898602929478,7.990482330322266,2.8802316188812256,3.9114153385162354,37.54424567255959,288.0026041666667,217.7777777777778,257.24839638421935,202.96354757414926,318.756811949114,232.59200798140634,0.002273272257298231,0.9999489784240723,
2026-07-15T23:43:13.743,23.654575402033515,20260715_234250_front_fusion_ego_2537,egofpsfast_5,fusion_ego_2537,6721694,1,person,0.06134254112839699,-32.402164947888124,-4.978421458115477,1.0437954630572097,-97.76527777016234,0.9201138019561768,0.5993710160255432,1.8539624214172363,30.948189812361434,200.15625,226.66666666666669,195.270851617679,217.14829723040265,205.041648382321,236.18503610293072,0.9832747578620911,0.9885395169258118,
2026-07-15T23:43:13.880,23.79165597097017,20260715_234250_front_fusion_ego_2537,egofpsfast_5,fusion_ego_2537,6721695,0,person,0.18126180768013,-29.997195134969953,-3.7252048855291733,1.1178406738392503,-82.08342834023198,0.5568088293075562,0.461986243724823,1.8852558135986328,32.71044138937208,182.36458333333334,226.66666666666669,177.3681529707586,216.39577756325406,187.3610136959081,236.9375557700793,0.8682520985603333,0.9758341312408447,
2026-07-15T23:43:13.880,23.79165597097017,20260715_234250_front_fusion_ego_2537,egofpsfast_5,fusion_ego_2537,6721695,1,person,0.12250415235757828,-60.70743313516039,-0.6864617043621237,1.1167948076776453,-62.87119355414659,0.5009438991546631,0.43377915024757385,1.442973017692566,28.69944548366983,483.71093750000006,234.44444444444446,480.3731241682545,227.62675371434955,487.0487508317456,241.26213517453937,0.9998569488525391,0.9996627569198608,
2026-07-15T23:43:14.013,23.925269679981284,20260715_234250_front_fusion_ego_2537,egofpsfast_5,fusion_ego_2537,6721696,0,vehicle,0.2553907632827759,-67.14618978483553,0.8513257253056636,1.403400803373824,-80.37253160185773,4.452455520629883,1.727326512336731,1.4700580835342407,31.757340238060813,545.9817708333334,234.44444444444446,525.8430082363387,227.34472390678195,566.120533430328,241.54416498210696,0.0067422399297356606,0.9995997548103333,
2026-07-15T23:43:14.013,23.925269679981284,20260715_234250_front_fusion_ego_2537,egofpsfast_5,fusion_ego_2537,6721696,1,person,0.055811330676078796,-49.14064131103587,12.718999254718085,1.4084969698549994,-86.59639811441556,1.2811435461044312,0.6613791584968567,2.0412652492523193,39.84217698514829,403.6484375,226.66666666666669,400.80014626309276,219.42722673217457,406.49672873690724,233.9061066011588,0.9940168857574463,0.9969979524612427,
2026-07-15T23:43:14.140,24.051764033036307,20260715_234250_front_fusion_ego_2537,egofpsfast_5,fusion_ego_2537,6721697,0,vehicle,0.2564019560813904,-67.6165235079289,2.724849248613971,1.4136432352163908,124.52642704845891,4.823789596557617,1.8267797231674194,1.5473850965499878,32.770573044481544,547.09375,234.44444444444446,524.5339245013893,227.00236317184238,569.6535754986107,241.88652571704654,0.005038044415414333,0.998935878276825,
2026-07-15T23:43:14.140,24.051764033036307,20260715_234250_front_fusion_ego_2537,egofpsfast_5,fusion_ego_2537,6721697,1,person,0.13700808584690094,-52.73961606331971,12.332693096615095,1.4002335982475071,-85.67700991548344,0.3409804701805115,0.33861756324768066,2.035475492477417,38.40698482466893,422.55208333333337,226.66666666666669,420.2271292697018,220.4825771848361,424.87703739696497,232.85075614849728,0.9996874332427979,0.9984612464904785,
2026-07-15T23:43:14.270,24.182516388013028,20260715_234250_front_fusion_ego_2537,egofpsfast_5,fusion_ego_2537,6721698,0,person,0.3383348882198334,-34.17619159136529,-6.963359793800329,1.0489332718572986,-122.80999669674827,0.2701106369495392,0.45222240686416626,1.5451945066452026,25.445671201983767,146.78125,234.44444444444446,139.83103131502867,222.0436739590433,153.73146868497133,246.8452149298456,0.9982143640518188,0.9813708662986755,
2026-07-15T23:43:14.270,24.182516388013028,20260715_234250_front_fusion_ego_2537,egofpsfast_5,fusion_ego_2537,6721698,1,person,0.26172587275505066,-53.66302647056818,12.94891910178385,1.3679594966422308,-111.61769581469221,0.4257911741733551,0.38868391513824463,1.9735280275344849,38.11077242999073,422.55208333333337,226.66666666666669,420.3972815650826,220.11628756920499,424.70688510158413,233.2170457641284,0.999940037727356,0.9934961795806885,
2026-07-15T23:43:14.409,24.321059662033804,20260715_234250_front_fusion_ego_2537,egofpsfast_5,fusion_ego_2537,6721699,0,person,0.24959680438041687,-52.41094735075384,11.23902187676299,1.3569653351423019,-132.9262497587004,0.2655646800994873,0.3503473401069641,1.965282917022705,35.44131012932155,421.4401041666667,226.66666666666669,419.0534643881644,219.76164768139523,423.82674394516897,233.57168565193814,0.9999790191650391,0.9976588487625122,
2026-07-15T23:43:14.409,24.321059662033804,20260715_234250_front_fusion_ego_2537,egofpsfast_5,fusion_ego_2537,6721699,1,vehicle,0.05770809203386307,-68.07737215443176,4.4344557072763635,1.504771431577991,-116.31195012229338,4.652745246887207,1.7642457485198975,2.1998631954193115,32.83315006862304,555.9895833333334,226.66666666666669,536.2472038281461,217.04648862282437,575.7319628385206,236.286844710509,0.02419835329055786,0.9607359170913696,
2026-07-15T23:43:14.549,24.46069143002387,20260715_234250_front_fusion_ego_2537,egofpsfast_5,fusion_ego_2537,6721700,0,person,0.06285049021244049,-51.50740583255253,14.191115387910191,1.213620061584228,-91.73450535905734,0.6873022317886353,0.4920978546142578,1.964642882347107,37.48927516423497,422.55208333333337,226.66666666666669,420.09346919910365,219.86585820714635,425.0106974675631,233.46747512618703,0.9999721050262451,0.9993839263916016,
2026-07-15T23:43:14.674,24.586040830938146,20260715_234250_front_fusion_ego_2537,egofpsfast_5,fusion_ego_2537,6721701,0,vehicle,0.1098720133304596,-34.3812646793658,6.915392468353879,2.7297748873552816,-119.42217712058509,9.372062683105469,3.2756757736206055,4.445290565490723,34.25511247465266,280.21875,217.7777777777778,233.76143889129165,195.89263127909769,326.6760611087084,239.66292427645791,0.0038288477808237076,0.999996542930603,
2026-07-15T23:43:14.674,24.586040830938146,20260715_234250_front_fusion_ego_2537,egofpsfast_5,fusion_ego_2537,6721701,1,vehicle,0.07973922789096832,-60.26275085939832,-4.8132129227101785,1.1587531246451643,-50.81572229409045,4.8367509841918945,1.8000308275222778,1.6414941549301147,19.416726966177286,572.6692708333334,234.44444444444446,542.1963972498974,222.4654504325655,603.1421444167694,246.42343845632342,0.015433962456882,0.9990425705909729,
2026-07-15T23:43:14.805,24.717130371951498,20260715_234250_front_fusion_ego_2537,egofpsfast_5,fusion_ego_2537,6721702,0,vehicle,0.23209358751773834,-35.703565387057814,8.475954751107281,2.683362413092512,-135.33765764773884,9.685338020324707,3.3637611865997314,4.63765811920166,34.20890573839008,280.21875,217.7777777777778,236.55064361542466,195.74378834830392,323.88685638457537,239.81176720725168,0.008725639432668686,0.9999872446060181,
2026-07-15T23:43:14.932,24.84389400598593,20260715_234250_front_fusion_ego_2537,egofpsfast_5,fusion_ego_2537,6721703,0,vehicle,0.14653456211090088,-36.62525601494963,9.094834617718043,2.4753106009555843,8.795934341272378,9.025309562683105,3.121586799621582,4.442272186279297,33.573879696249485,288.0026041666667,217.7777777777778,247.38855706403655,197.30644510851968,328.6166512692968,238.24911044703592,0.0038102073594927788,0.999583899974823,
2026-07-15T23:43:15.064,24.976404250017367,20260715_234250_front_fusion_ego_2537,egofpsfast_5,fusion_ego_2537,6721704,0,vehicle,0.16877134144306183,-36.23758118128325,10.489521362394534,2.560272900796271,-62.895809144477596,9.07674503326416,3.173579692840576,4.434391975402832,34.26028612645944,288.0026041666667,217.7777777777778,246.1534938539068,198.84419845210184,329.85171447942656,236.71135710345376,0.016125373542308807,0.999977707862854,
2026-07-15T23:43:15.194,25.105735896038823,20260715_234250_front_fusion_ego_2537,egofpsfast_5,fusion_ego_2537,6721705,0,person,0.20572097599506378,-36.406758396778876,-1.1213481571126032,1.1591868322316081,114.80349332351918,0.4775007367134094,0.39458325505256653,1.7131636142730713,23.843231800875103,199.04427083333334,234.44444444444446,193.00295685355863,222.38921937015323,205.08558481310806,246.4996695187357,0.9996064305305481,0.9688209891319275,
2026-07-15T23:43:15.194,25.105735896038823,20260715_234250_front_fusion_ego_2537,egofpsfast_5,fusion_ego_2537,6721705,1,vehicle,0.17596054077148438,-35.16810203876294,11.471715384465,2.4050528109909095,-19.821533782283296,8.984267234802246,3.2100582122802734,4.27603006362915,34.915900062061674,288.0026041666667,217.7777777777778,238.3666438708703,200.5840830670463,337.6385644624631,234.9714724885093,0.006125064566731453,0.9997301697731018,
2026-07-15T23:43:15.194,25.105735896038823,20260715_234250_front_fusion_ego_2537,egofpsfast_5,fusion_ego_2537,6721705,2,person,0.0689365565776825,-53.71584928473028,20.71708930448805,0.8403240700647996,-77.81488349862667,0.5904095768928528,0.5157796740531921,1.8209389448165894,39.784348881232226,422.55208333333337,226.66666666666669,420.33689286637434,221.05628202358884,424.7672738002924,232.27705130974454,0.9999971389770508,0.9993261098861694,
2026-07-15T23:43:15.328,25.239881173940375,20260715_234250_front_fusion_ego_2537,egofpsfast_5,fusion_ego_2537,6721706,0,vehicle,0.35206490755081177,-34.601192685625584,10.663142372614093,2.444509261595096,-61.821547675230825,8.67629623413086,3.1016552448272705,4.251402378082275,33.8167661846132,289.11458333333337,216.66666666666669,242.76444397618374,197.01959828535718,335.464722690483,236.3137350479762,0.05356701835989952,0.9996411800384521,
2026-07-15T23:43:15.328,25.239881173940375,20260715_234250_front_fusion_ego_2537,egofpsfast_5,fusion_ego_2537,6721706,1,person,0.3040570318698883,-60.465558499145665,5.706213860586587,0.9248425088879899,139.18063736960846,0.2220163196325302,0.36697760224342346,1.769652247428894,25.33996295185502,510.39843750000006,226.66666666666669,507.6119683803991,217.26537744204205,513.184906619601,236.06795589129132,0.999987006187439,0.9944626688957214,
2026-07-15T23:43:15.328,25.239881173940375,20260715_234250_front_fusion_ego_2537,egofpsfast_5,fusion_ego_2537,6721706,2,person,0.0605301707983017,-61.90421471829875,8.93111548596141,1.0383132697418835,159.98333020360522,0.6162265539169312,0.48588645458221436,1.8987277746200562,28.85647639528386,545.9817708333334,225.55555555555557,542.5194228732338,217.0362374517653,549.444118793433,234.07487365934585,0.9999973773956299,0.9947395920753479,
2026-07-15T23:43:15.328,25.239881173940375,20260715_234250_front_fusion_ego_2537,egofpsfast_5,fusion_ego_2537,6721706,3,vehicle,0.05046480521559715,-37.556837588492854,13.957201459208814,1.1845999157590965,20.923643506436463,3.7670559883117676,1.5446655750274658,1.5827455520629883,35.34256060223147,342.48958333333337,226.66666666666669,328.7067940582832,220.21789143482846,356.27237260838353,233.1154418985049,0.8848533630371094,0.9998143315315247,
2026-07-15T23:43:15.467,25.379352877032943,20260715_234250_front_fusion_ego_2537,egofpsfast_5,fusion_ego_2537,6721707,0,vehicle,0.41928935050964355,-33.21509467402237,12.719702661935692,2.351120534433381,-3.4996974765018596,8.621418952941895,3.0219807624816895,4.256604194641113,35.630219837368074,296.8984375,216.66666666666669,259.3637545183301,197.86794702212018,334.4331204816699,235.4653863112132,0.8543380498886108,0.9994182586669922,
2026-07-15T23:43:15.467,25.379352877032943,20260715_234250_front_fusion_ego_2537,egofpsfast_5,fusion_ego_2537,6721707,1,person,0.1906963586807251,-61.80050476083127,4.733671860649899,1.130805453170522,151.63900386263862,0.3810639977455139,0.3933923542499542,1.934308409690857,24.174228306584546,510.39843750000006,226.66666666666669,507.6602554391139,216.258169511954,513.1366195608862,237.07516382137936,1.0,0.9997579455375671,
2026-07-15T23:43:15.467,25.379352877032943,20260715_234250_front_fusion_ego_2537,egofpsfast_5,fusion_ego_2537,6721707,2,person,0.07675351947546005,-54.84343907904022,21.679604727144667,0.7006010354499961,-91.33078975729225,0.8426178693771362,0.5798403024673462,1.9289863109588623,39.217465121114934,422.55208333333337,225.55555555555557,420.3829843628531,219.35641172859405,424.72118230381363,231.7546993825171,0.999998927116394,0.9982693195343018,
2026-07-15T23:43:15.613,25.524906900012866,20260715_234250_front_fusion_ego_2537,egofpsfast_5,fusion_ego_2537,6721708,0,vehicle,0.5710022449493408,-35.472518069238944,12.104763521263688,2.1658341323897368,21.860823630739343,8.106624603271484,2.9314799308776855,3.983879566192627,33.28183370670183,296.8984375,216.66666666666669,255.58623580634597,198.98926595846814,338.21063919365406,234.34406737486523,0.09573696553707123,0.9974402189254761,
2026-07-15T23:43:15.746,25.65770108497236,20260715_234250_front_fusion_ego_2537,egofpsfast_5,fusion_ego_2537,6721709,0,person,0.40972772240638733,-64.06535763171303,12.233318586020843,1.0991074168168544,161.97903708896743,0.4924572706222534,0.4715229272842407,1.9139243364334106,30.54775854843825,564.8854166666667,225.55555555555557,561.5847759811829,216.97270396682953,568.1860573521506,234.13840714428162,0.9999799728393555,0.9947227239608765,
2026-07-15T23:43:15.746,25.65770108497236,20260715_234250_front_fusion_ego_2537,egofpsfast_5,fusion_ego_2537,6721709,1,vehicle,0.3866085112094879,-38.36628166676678,11.56454016233858,2.3129742940834124,-47.94667221079219,8.071146011352539,2.934080123901367,3.986840009689331,30.77712061472618,296.8984375,216.66666666666669,248.87001848220828,197.81195501486462,344.92685651779175,235.52137831846875,0.00371628999710083,0.9963363409042358,
2026-07-15T23:43:15.746,25.65770108497236,20260715_234250_front_fusion_ego_2537,egofpsfast_5,fusion_ego_2537,6721709,2,vehicle,0.14458879828453064,-41.83648739160813,17.594705005872576,0.9460570323232735,7.195094655714153,4.781679630279541,1.916306495666504,1.597432255744934,35.083523773657525,359.16927083333337,226.66666666666669,345.8777864289781,220.63627044359845,372.46075523768866,232.69706288973492,0.8241327404975891,0.999468982219696,
2026-07-15T23:43:15.868,25.779886764008552,20260715_234250_front_fusion_ego_2537,egofpsfast_5,fusion_ego_2537,6721710,0,vehicle,0.5178990364074707,-38.356188766755146,11.88076029619075,2.0752364125948404,24.107285207951602,7.7872209548950195,2.887052059173584,3.848944902420044,30.40814704688157,305.79427083333337,216.66666666666669,260.4840095614394,197.30952719847363,351.10453210522735,236.02380613485974,0.021115904673933983,0.9904347658157349,
2026-07-15T23:43:15.868,25.779886764008552,20260715_234250_front_fusion_ego_2537,egofpsfast_5,fusion_ego_2537,6721710,1,vehicle,0.3878796100616455,-44.72967822489204,15.699853072629498,0.9909403671244128,6.213122793837449,4.880624294281006,1.906920313835144,1.6728821992874146,31.779010196226164,359.16927083333337,226.66666666666669,343.674862438192,219.18176169196767,374.66367922847473,234.1515716413657,0.851103663444519,0.9997316002845764,
2026-07-15T23:43:15.868,25.779886764008552,20260715_234250_front_fusion_ego_2537,egofpsfast_5,fusion_ego_2537,6721710,2,person,0.2431795746088028,-63.23626296419844,10.924551849694826,1.036610075001306,169.30068328704567,0.32361623644828796,0.3669707775115967,1.9032337665557861,28.33621757747328,563.7734375,226.66666666666669,560.1506357360631,218.46595744291943,567.3962392639369,234.86737589041394,0.9999982118606567,0.995200514793396,
2026-07-15T23:43:16.009,25.921372271957807,20260715_234250_front_fusion_ego_2537,egofpsfast_5,fusion_ego_2537,6721711,0,vehicle,0.5199210047721863,-39.571497700601775,15.917708566934502,1.1043830115450968,71.29016944301038,4.915631294250488,1.8469494581222534,1.6501438617706299,32.91124189452176,360.28125,226.66666666666669,344.0915852673352,218.89382253090542,376.4709147326648,234.43951080242795,0.10482027381658554,0.9996540546417236,
2026-07-15T23:43:16.009,25.921372271957807,20260715_234250_front_fusion_ego_2537,egofpsfast_5,fusion_ego_2537,6721711,1,vehicle,0.38620835542678833,-38.57087133352728,12.216684021626318,2.179146775373537,79.47222233549239,8.380160331726074,3.00315523147583,4.117679595947266,29.974790355812324,306.90625,216.66666666666669,259.65981858968735,195.66694239775342,354.15268141031265,237.66639093557995,0.011600685305893421,0.9946253895759583,
2026-07-15T23:43:16.140,26.052267355960794,20260715_234250_front_fusion_ego_2537,egofpsfast_5,fusion_ego_2537,6721712,0,vehicle,0.7568573951721191,-38.15805130267397,11.233653911389865,2.0991051939295993,41.339483602556406,8.208212852478027,2.963667154312134,4.082902908325195,28.686831784276368,314.6901041666667,216.66666666666669,269.79573113719624,193.35386792818707,359.58447719613713,239.9794654051463,0.26821380853652954,0.9998418092727661,
2026-07-15T23:43:16.140,26.052267355960794,20260715_234250_front_fusion_ego_2537,egofpsfast_5,fusion_ego_2537,6721712,1,vehicle,0.43935897946357727,-42.27896537570183,16.80526802065647,1.132897399707674,-24.973979946612893,4.967217445373535,1.96285080909729,1.6856597661972046,32.142073238803576,368.0651041666667,226.66666666666669,349.339429444323,219.324316183726,386.79077888901037,234.00901714960736,0.17576470971107483,0.9993067979812622,
2026-07-15T23:43:16.265,26.17660614103079,20260715_234250_front_fusion_ego_2537,egofpsfast_5,fusion_ego_2537,6721713,0,vehicle,0.5250627994537354,-40.995933298611824,12.577946779860996,2.0809289380331313,-21.574398804112498,8.430892944335938,3.0162620544433594,4.061546325683594,28.00374268870524,315.80208333333337,216.66666666666669,268.27046186973655,194.9648670355479,363.3337047969302,238.36846629778546,0.0009399743867106736,0.9992263317108154,
2026-07-15T23:43:16.265,26.17660614103079,20260715_234250_front_fusion_ego_2537,egofpsfast_5,fusion_ego_2537,6721713,1,vehicle,0.2734994888305664,-46.023041597034116,18.660207257241247,1.2399618316120495,107.6799830881777,5.034904479980469,1.9853675365447998,1.8967176675796509,32.32379869913467,376.9609375,225.55555555555557,358.32025541365147,217.5704163644049,395.60161958634853,233.54069474670624,0.007661458570510149,0.9956409931182861,
2026-07-15T23:43:16.395,26.3072996790288,20260715_234250_front_fusion_ego_2537,egofpsfast_5,fusion_ego_2537,6721714,0,vehicle,0.34432709217071533,-40.844166800653284,14.22911309334454,1.8490486212363244,30.5179525576318,7.810529708862305,2.860191583633423,3.805966854095459,28.956528300277572,324.6979166666667,217.7777777777778,276.8785250360767,199.25790058241952,372.51730829725665,236.29765497313608,0.0005842894897796214,0.9518063068389893,
2026-07-15T23:43:16.395,26.3072996790288,20260715_234250_front_fusion_ego_2537,egofpsfast_5,fusion_ego_2537,6721714,1,vehicle,0.17806516587734222,-48.869728041719156,19.446550834540798,1.3370891032047034,-110.38022125604604,5.640047550201416,2.0844168663024902,2.456162691116333,32.00187388109739,385.85677083333337,225.55555555555557,367.3694241729876,216.62888321611618,404.34411749367916,234.48222789499496,0.02957756072282791,0.9979543685913086,
2026-07-15T23:43:16.395,26.3072996790288,20260715_234250_front_fusion_ego_2537,egofpsfast_5,fusion_ego_2537,6721714,2,vehicle,0.061530474573373795,-40.205655725018495,16.41166861177684,2.1095442149820443,42.57670220551783,8.110149383544922,2.9805748462677,3.922515392303467,31.21809229878207,359.16927083333337,217.7777777777778,322.34602796037996,199.05112908946145,395.9925137062868,236.50442646609415,0.190530464053154,0.9613031148910522,
2026-07-15T23:43:16.523,26.434583415975794,20260715_234250_front_fusion_ego_2537,egofpsfast_5,fusion_ego_2537,6721715,0,vehicle,0.563956618309021,-42.90962363968872,12.388666534354709,1.8945819041764986,80.87031092989221,8.027995109558105,2.917185068130493,3.9836153984069824,25.857333880464076,333.59375,216.66666666666669,282.5749728307128,194.1041390101115,384.6125271692872,239.22919432322186,0.00023529394820798188,0.96355140209198,
2026-07-15T23:43:16.523,26.434583415975794,20260715_234250_front_fusion_ego_2537,egofpsfast_5,fusion_ego_2537,6721715,1,vehicle,0.3450922667980194,-44.528166398714866,19.265251284270256,1.3630856067541282,18.300664347511923,5.882183074951172,2.198460102081299,2.4161880016326904,31.928844237604615,386.96875,225.55555555555557,365.4762007854879,216.62750634882187,408.4612992145121,234.48360476228927,0.0066033052280545235,0.9916946291923523,
2026-07-15T23:43:16.662,26.574132048990577,20260715_234250_front_fusion_ego_2537,egofpsfast_5,fusion_ego_2537,6721716,0,vehicle,0.7824209332466125,-43.13033733169334,12.95657675531734,1.801733300729179,111.12992052815568,8.067276000976562,2.9409477710723877,3.890836477279663,25.700280433105224,342.48958333333337,216.66666666666669,288.3274736752113,193.95894209543866,396.65169299145543,239.3743912378947,0.000293207005597651,0.9801583886146545,
2026-07-15T23:43:16.662,26.574132048990577,20260715_234250_front_fusion_ego_2537,egofpsfast_5,fusion_ego_2537,6721716,1,vehicle,0.35722148418426514,-50.10830903119225,19.502060202379838,1.1705408741680206,148.27047198628043,5.367358207702637,2.050452947616577,1.8604304790496826,30.63288260126444,395.86458333333337,226.66666666666669,378.1741004971167,217.9251168171565,413.55506616955006,235.40821651617688,0.00071623275289312,0.9998643398284912,
2026-07-15T23:43:16.662,26.574132048990577,20260715_234250_front_fusion_ego_2537,egofpsfast_5,fusion_ego_2537,6721716,2,vehicle,0.06259123980998993,-38.434196953214496,15.587819729735955,0.6016885018082725,42.91654905838481,4.840792179107666,1.7856913805007935,1.3599653244018555,30.049604187082107,306.90625,234.44444444444446,286.807571426034,226.38617840078143,327.004928573966,242.50271048810748,0.01963435672223568,0.993370532989502,
2026-07-15T23:43:16.815,26.727055759052746,20260715_234250_front_fusion_ego_2537,egofpsfast_5,fusion_ego_2537,6721717,0,vehicle,0.6845353245735168,-43.78011651713305,13.305362218575414,1.9167989377409391,94.44481231390816,8.412787437438965,3.0298712253570557,4.033094882965088,25.204329643383602,342.48958333333337,216.66666666666669,286.5934463789066,193.7336830298106,398.38572028776014,239.59965030352276,0.0002047133311862126,0.9969923496246338,
2026-07-15T23:43:16.815,26.727055759052746,20260715_234250_front_fusion_ego_2537,egofpsfast_5,fusion_ego_2537,6721717,1,vehicle,0.2944129407405853,-50.06463906524293,21.705622869194244,1.3156434662316911,-53.88811532699823,5.480797290802002,2.0968220233917236,2.205068349838257,32.192427066568186,403.6484375,225.55555555555557,384.97580145299435,216.6088703605864,422.32107354700565,234.50224075052475,0.016941577196121216,0.9916437268257141,
2026-07-15T23:43:16.815,26.727055759052746,20260715_234250_front_fusion_ego_2537,egofpsfast_5,fusion_ego_2537,6721717,2,vehicle,0.18058505654335022,-39.8833866039437,15.898439512811791,0.6864855533430259,48.7552496276841,4.505558013916016,1.7446973323822021,1.4621341228485107,29.11102916745771,314.6901041666667,234.44444444444446,293.7612223091225,226.42438825633792,335.61898602421087,242.464500632551,0.0252493005245924,0.9832364916801453,
2026-07-15T23:43:16.971,26.88304878596682,20260715_234250_front_fusion_ego_2537,egofpsfast_5,fusion_ego_2537,6721718,0,vehicle,0.5931081175804138,-44.957259848939486,13.616006946402091,2.0299260957183813,79.88538034885681,8.270174980163574,3.0292866230010986,4.067249298095703,24.531055668478093,350.2734375,216.66666666666669,296.98739256709814,191.08082274595898,403.55948243290186,242.2525105873744,0.000262984714936465,0.9800889492034912,
2026-07-15T23:43:16.971,26.88304878596682,20260715_234250_front_fusion_ego_2537,egofpsfast_5,fusion_ego_2537,6721718,1,vehicle,0.1349833607673645,-40.16375599261571,15.808919535200703,0.5068323526843361,61.5566761134875,4.507089614868164,1.7007243633270264,1.311483383178711,28.353087194113858,323.5859375,234.44444444444446,308.01330648362637,227.28819054034022,339.15856851637363,241.6006983485487,0.17687739431858063,0.9624918103218079,
2026-07-15T23:43:16.971,26.88304878596682,20260715_234250_front_fusion_ego_2537,egofpsfast_5,fusion_ego_2537,6721718,2,vehicle,0.06857764720916748,-71.82803168091925,7.284565199501031,1.223352352227291,-151.73008294366915,5.0098347663879395,1.8437458276748657,2.185861110687256,25.911183078501402,759.4817708333334,234.44444444444446,719.003862110277,218.63472130563525,799.9596795563897,250.25416758325366,0.010730165056884289,0.9999947547912598,
2026-07-15T23:43:16.971,26.88304878596682,20260715_234250_front_fusion_ego_2537,egofpsfast_5,fusion_ego_2537,6721718,3,vehicle,0.06460773944854736,-49.86214945753883,21.829114889879705,2.3476471048034426,-117.28889881240127,8.616416931152344,3.0955002307891846,4.242509841918945,31.71082324766201,412.54427083333337,217.7777777777778,383.12180576225126,196.46570848094095,441.9667359044155,239.08984707461465,0.014788895845413208,0.9994235038757324,
2026-07-15T23:43:17.127,27.039278513984755,20260715_234250_front_fusion_ego_2537,egofpsfast_5,fusion_ego_2537,6721719,0,vehicle,0.5993447303771973,-52.795022756280694,14.659519459759657,1.9377632029783607,54.994857126493535,8.216414451599121,3.0068464279174805,3.9573938846588135,23.826593996451958,368.0651041666667,216.66666666666669,317.3758943701784,191.92341725031537,418.75431396315497,241.409916083018,0.0007990641170181334,0.9395573139190674,
2026-07-15T23:43:17.127,27.039278513984755,20260715_234250_front_fusion_ego_2537,egofpsfast_5,fusion_ego_2537,6721719,1,person,0.22706466913223267,-57.613847493870495,3.3453832316900645,0.8463878649573766,164.4005300918087,0.3066093921661377,0.26549699902534485,1.8061573505401611,13.593717200830268,591.5729166666667,234.44444444444446,585.5761756623785,214.15872779157428,597.5696576709549,254.73016109731464,1.0,0.9736155271530151,
2026-07-15T23:43:17.127,27.039278513984755,20260715_234250_front_fusion_ego_2537,egofpsfast_5,fusion_ego_2537,6721719,2,vehicle,0.22595135867595673,-60.446796831448474,20.79487312951644,0.9109373202238451,133.70064484024104,4.830287456512451,1.8313554525375366,1.7917561531066895,31.040665663242144,431.4479166666667,226.66666666666669,415.55531973640126,218.8013596336047,447.3405135969321,234.53197369972867,0.009700319729745388,0.9526862502098083,
2026-07-15T23:43:17.127,27.039278513984755,20260715_234250_front_fusion_ego_2537,egofpsfast_5,fusion_ego_2537,6721719,3,vehicle,0.08281407505273819,-52.52027001878,21.028378882357966,2.0467063254415843,10.48154892902005,8.033482551574707,2.950899600982666,4.085688591003418,30.192563281193454,412.54427083333337,217.7777777777778,376.8323379730185,199.283501373397,448.2562036936482,236.2720541821586,0.5720412731170654,0.9906665682792664,
2026-07-15T23:43:17.127,27.039278513984755,20260715_234250_front_fusion_ego_2537,egofpsfast_5,fusion_ego_2537,6721719,4,vehicle,0.08156502991914749,-71.08484147384468,6.2216636954843345,1.1651124915748303,171.59281298633792,4.627597808837891,1.6794072389602661,1.9272342920303345,24.251500608281933,777.2734375,235.55555555555557,737.0555730611086,221.14959422085022,817.4913019388914,249.96151689026092,0.036654721945524216,0.999420166015625,
2026-07-15T23:43:17.127,27.039278513984755,20260715_234250_front_fusion_ego_2537,egofpsfast_5,fusion_ego_2537,6721719,5,person,0.05951046198606491,-28.00062289507718,4.875860266016877,1.184724843879164,-61.339464281595184,1.341543197631836,0.8062427639961243,1.7008897066116333,28.101166762869006,2.2239583333333335,235.55555555555557,-0.9937999771597485,218.82648024294113,5.441716643826416,252.28463086817,0.9970513582229614,0.44929808378219604,
2026-07-15T23:43:17.282,27.193997986032628,20260715_234250_front_fusion_ego_2537,egofpsfast_5,fusion_ego_2537,6721720,0,vehicle,0.7241639494895935,-53.051954004776974,14.759645856222956,1.9919589926698258,68.00247333277873,8.060630798339844,3.01035213470459,3.85735821723938,23.329879362676415,378.0729166666667,216.66666666666669,320.380899677674,191.84717456499737,435.7649336556594,241.486158768336,0.00014601745351683348,0.9239197969436646,
2026-07-15T23:43:17.282,27.193997986032628,20260715_234250_front_fusion_ego_2537,egofpsfast_5,fusion_ego_2537,6721720,1,vehicle,0.28856006264686584,-62.071833514617914,21.94680991798883,0.876685573395501,128.87214581228608,4.895556926727295,1.8158868551254272,1.7142695188522339,32.0234394089484,440.34375000000006,226.66666666666669,425.14873023703694,219.21859244505566,455.5387697629631,234.1147408882777,0.016395673155784607,0.9750070571899414,
2026-07-15T23:43:17.282,27.193997986032628,20260715_234250_front_fusion_ego_2537,egofpsfast_5,fusion_ego_2537,6721720,2,person,0.10052502155303955,-28.87103508063068,5.8313941907513485,0.9483666454396933,-121.61061395385252,0.4319305121898651,0.4079720079898834,1.8432012796401978,27.546033263091953,3.3359375,235.55555555555557,1.0288213356398046,217.68757316801285,5.643053664360195,253.4235379430983,0.9938154220581055,0.6198336482048035,
2026-07-15T23:43:17.431,27.34307431895286,20260715_234250_front_fusion_ego_2537,egofpsfast_5,fusion_ego_2537,6721721,0,vehicle,0.6939067840576172,-55.885690733690765,15.029634577593473,2.1137473938671834,62.2105077424807,8.2545747756958,2.9976143836975098,4.064015865325928,23.268338561449497,386.96875,216.66666666666669,338.1864510253072,190.80036918322247,435.7510489746929,242.5329641501109,6.434303941205144e-05,0.9774571657180786,
2026-07-15T23:43:17.431,27.34307431895286,20260715_234250_front_fusion_ego_2537,egofpsfast_5,fusion_ego_2537,6721721,1,vehicle,0.27522146701812744,-30.281747930307983,21.989292887237877,1.4007865307702412,-16.807913753475155,4.769685745239258,1.8031132221221924,1.9387283325195312,37.21241449089012,253.53125000000003,226.66666666666669,232.17657620832327,218.56944421927136,274.88592379167676,234.763889114062,0.7701833844184875,0.9999316930770874,
2026-07-15T23:43:17.431,27.34307431895286,20260715_234250_front_fusion_ego_2537,egofpsfast_5,fusion_ego_2537,6721721,2,vehicle,0.2051997035741806,-64.11836223071916,22.043453924438452,0.9495799251798291,140.73293472479716,5.067299842834473,1.8326818943023682,1.5838247537612915,32.23645793295991,449.23958333333337,226.66666666666669,433.1704585862657,219.77407077948254,465.30870808040106,233.55926255385083,0.07016311585903168,0.9856824278831482,
2026-07-15T23:43:17.575,27.48723104200326,20260715_234250_front_fusion_ego_2537,egofpsfast_5,fusion_ego_2537,6721722,0,person,0.3414207398891449,-56.69041100497176,17.580107814392356,1.1513730177623165,168.49050540428897,0.07577987760305405,0.29460465908050537,1.803483486175537,25.340593035911148,600.46875,226.66666666666669,596.7393376035616,217.13561842838925,604.1981623964384,236.19771490494412,0.9998028874397278,0.8426918387413025,
2026-07-15T23:43:17.575,27.48723104200326,20260715_234250_front_fusion_ego_2537,egofpsfast_5,fusion_ego_2537,6721722,1,vehicle,0.3278656303882599,-56.92715553519701,16.26402229756379,2.0536121720862135,49.05315788461822,8.213936805725098,2.9477651119232178,4.20297384262085,24.088076481711646,403.6484375,216.66666666666669,363.7087608575821,189.3699363867442,443.58811414241796,243.96339694658917,0.000230239616939798,0.9125925302505493,
2026-07-15T23:43:17.575,27.48723104200326,20260715_234250_front_fusion_ego_2537,egofpsfast_5,fusion_ego_2537,6721722,2,vehicle,0.20423540472984314,-48.82292441906145,14.430887518000908,0.5289675597202708,43.28082615479667,4.520958423614502,1.6871074438095093,1.5380803346633911,22.129074370149635,360.28125,234.44444444444446,343.83901408687234,226.24294933345584,376.72348591312766,242.64593955543307,0.007807325106114149,0.48821938037872314,
2026-07-15T23:43:17.575,27.48723104200326,20260715_234250_front_fusion_ego_2537,egofpsfast_5,fusion_ego_2537,6721722,3,vehicle,0.20421110093593597,-64.80290107103228,22.590405121344297,0.8669238808236543,130.30522379713662,5.134171485900879,1.8560835123062134,1.8015551567077637,32.46052806063604,465.91927083333337,226.66666666666669,446.81891333435976,218.73298476139706,485.019628332307,234.6003485719363,0.013415449298918247,0.9572649002075195,
2026-07-15T23:43:17.575,27.48723104200326,20260715_234250_front_fusion_ego_2537,egofpsfast_5,fusion_ego_2537,6721722,4,vehicle,0.07107391953468323,-56.48261136896866,15.801925784519055,2.035104051882503,51.242029833063974,8.6375150680542,3.009247064590454,4.029323101043701,23.552541766169703,386.96875,216.66666666666669,347.5427704975009,188.81195823351544,426.3947295024991,244.52137509981793,4.8261576012009755e-05,0.9955403208732605,
2026-07-15T23:43:17.717,27.62902110198047,20260715_234250_front_fusion_ego_2537,egofpsfast_5,fusion_ego_2537,6721723,0,vehicle,0.5379299521446228,-56.32314166445707,15.854246624921721,2.1413920629066068,61.77795061850026,8.37148666381836,3.054119825363159,4.111301422119141,23.017650656872213,413.65625,216.66666666666669,368.0165867879987,187.94093767801922,459.2959132120014,245.39239565531415,0.00022982287919148803,0.9124937653541565,
2026-07-15T23:43:17.717,27.62902110198047,20260715_234250_front_fusion_ego_2537,egofpsfast_5,fusion_ego_2537,6721723,1,person,0.39656737446784973,-59.96639545900526,17.438932859048954,1.143064193818121,-144.45990307929765,0.31820979714393616,0.39016684889793396,1.773781418800354,25.419708537227805,600.46875,226.66666666666669,596.3727888660505,217.30412195126218,604.5647111339495,236.0292113820712,0.9999474287033081,0.9861695766448975,
2026-07-15T23:43:17.717,27.62902110198047,20260715_234250_front_fusion_ego_2537,egofpsfast_5,fusion_ego_2537,6721723,2,vehicle,0.2725570499897003,-61.176752513380876,16.807747907762455,0.925741957924487,-3.2008419497303544,4.169210910797119,1.61895751953125,1.2482713460922241,25.219675454610435,484.8229166666667,234.44444444444446,468.43796500439447,227.24099215534,501.2078683289389,241.64789673354892,0.01773570105433464,0.9990831613540649,
2026-07-15T23:43:17.841,27.75336375099141,20260715_234250_front_fusion_ego_2537,egofpsfast_5,fusion_ego_2537,6721724,0,vehicle,0.1976369172334671,-57.362553941095115,16.297538005990386,2.1329256358535105,37.52355256661088,8.249994277954102,2.9593727588653564,4.098421096801758,23.105095141183007,431.4479166666667,216.66666666666669,380.19610528151196,191.3277022043864,482.6997280518214,242.00563112894696,9.963372576748952e-05,0.8174555897712708,
2026-07-15T23:43:17.841,27.75336375099141,20260715_234250_front_fusion_ego_2537,egofpsfast_5,fusion_ego_2537,6721724,1,vehicle,0.19419223070144653,-62.149652348415714,15.887262799329841,0.8484296012900838,-56.66536614701803,4.450860977172852,1.6792008876800537,1.2793240547180176,24.215953080064747,501.5026041666667,234.44444444444446,480.91148973504704,226.84924211766986,522.0937185982864,242.03964677121905,0.0076766302809119225,0.9988486766815186,
2026-07-15T23:43:17.841,27.75336375099141,20260715_234250_front_fusion_ego_2537,egofpsfast_5,fusion_ego_2537,6721724,2,vehicle,0.09803510457277298,-45.32028156977458,25.583832525262704,1.2064917613391923,-61.16019519897591,5.6416730880737305,2.0507752895355225,1.8854535818099976,32.62030842531451,359.16927083333337,226.66666666666669,342.9878952329358,219.11342571179074,375.35064643373096,234.21990762154263,0.6166389584541321,0.9999661445617676,
2026-07-15T23:43:17.841,27.75336375099141,20260715_234250_front_fusion_ego_2537,egofpsfast_5,fusion_ego_2537,6721724,3,person,0.08404567092657089,-59.85210522202484,17.523643020970084,1.4995300806281704,-101.70189413477503,0.7904701232910156,0.5250498056411743,2.087352991104126,24.92784676622563,609.3645833333334,226.66666666666669,604.4659407914927,216.0799590746562,614.263225875174,237.25337425867718,0.9999878406524658,0.9963621497154236,
2026-07-15T23:43:17.968,27.87971574801486,20260715_234250_front_fusion_ego_2537,egofpsfast_5,fusion_ego_2537,6721725,0,person,0.26837295293807983,-63.60752570847561,18.060616333788182,1.2619087568410317,-125.76147154698182,0.3570660948753357,0.42675480246543884,1.928592562675476,26.285523836561232,617.1484375,226.66666666666669,612.8152156630531,217.83888200918835,621.4816593369469,235.49445132414502,0.9999984502792358,0.9979588985443115,
2026-07-15T23:43:17.968,27.87971574801486,20260715_234250_front_fusion_ego_2537,egofpsfast_5,fusion_ego_2537,6721725,1,vehicle,0.1542048156261444,-56.21784033133413,11.526409516831123,1.9757358478941076,66.74609398797003,8.917156219482422,3.153303623199463,4.180098056793213,17.65989370652845,448.1276041666667,208.88888888888889,396.3873432154457,178.64476495318942,499.8678651178877,239.13301282458835,8.712806447874755e-05,0.9998607635498047,
2026-07-15T23:43:17.968,27.87971574801486,20260715_234250_front_fusion_ego_2537,egofpsfast_5,fusion_ego_2537,6721725,2,vehicle,0.09076684713363647,-55.53157411250848,11.192036609958649,2.0490420587149343,70.48755917317344,8.544014930725098,3.0817205905914307,4.141303062438965,17.197066904169372,438.1197916666667,208.88888888888889,390.1243637452523,177.10354619556003,486.11521958808106,240.67423158221774,2.054059223155491e-05,0.999961256980896,
2026-07-15T23:43:17.968,27.87971574801486,20260715_234250_front_fusion_ego_2537,egofpsfast_5,fusion_ego_2537,6721725,3,vehicle,0.08594051748514175,-61.94473325114818,17.630469794545494,0.603420057545665,-2.46093162003439,4.361861228942871,1.6894588470458984,1.4595859050750732,25.239838345230368,511.5104166666667,234.44444444444446,491.4768056335549,226.62688967254428,531.5440276997786,242.26199921634463,0.006335631012916565,0.9973809123039246,
2026-07-15T23:43:18.096,28.008105222019367,20260715_234250_front_fusion_ego_2537,egofpsfast_5,fusion_ego_2537,6721726,0,vehicle,0.6313706040382385,-59.71830575841016,17.96994094625625,1.9791678997076074,99.52242069419081,8.673316955566406,3.0525050163269043,4.020942687988281,24.27650944041355,467.03125000000006,216.66666666666669,429.69833445549017,190.39895693461102,504.36416554450994,242.93437639872235,0.0031480183824896812,0.9594085812568665,
2026-07-15T23:43:18.096,28.008105222019367,20260715_234250_front_fusion_ego_2537,egofpsfast_5,fusion_ego_2537,6721726,1,vehicle,0.18927177786827087,-57.1653217939094,11.754299786895796,2.1677750887129035,59.51532214408778,9.309768676757812,3.1887803077697754,4.467379570007324,17.595284324280097,457.02343750000006,208.88888888888889,404.09405590593815,172.38320880466037,509.9528190940619,245.3945689731174,1.738002356432844e-05,0.9999964237213135,
2026-07-15T23:43:18.096,28.008105222019367,20260715_234250_front_fusion_ego_2537,egofpsfast_5,fusion_ego_2537,6721726,2,vehicle,0.17287155985832214,-45.166174488183735,29.58205423274095,1.2225555884812467,-46.90648218218115,4.937739849090576,1.8469653129577637,1.8755379915237427,35.50497341136631,350.2734375,226.66666666666669,334.37087643146515,219.72020621101063,366.17599856853485,233.61312712232274,0.45620831847190857,0.9997472167015076,
2026-07-15T23:43:18.096,28.008105222019367,20260715_234250_front_fusion_ego_2537,egofpsfast_5,fusion_ego_2537,6721726,3,vehicle,0.1417895257472992,-25.854298517363453,24.581499588295685,1.4973346243659926,4.317207959240872,5.155834197998047,1.967641830444336,2.0390331745147705,39.878682646928475,235.73958333333334,226.66666666666669,213.09822178756198,218.40793679157895,258.38094487910473,234.92539654175442,0.5028964877128601,0.9988147020339966,
2026-07-15T23:43:18.096,28.008105222019367,20260715_234250_front_fusion_ego_2537,egofpsfast_5,fusion_ego_2537,6721726,4,vehicle,0.10847597569227219,-64.09899453116992,22.95961434166455,1.4117140812385978,133.73563978650336,5.949494361877441,2.327467679977417,2.552682876586914,30.469960914590466,520.40625,226.66666666666669,497.4219098985196,215.43655614058179,543.3905901014805,237.89677719275159,0.9944407343864441,0.7987340688705444,
2026-07-15T23:43:18.228,28.139624429983087,20260715_234250_front_fusion_ego_2537,egofpsfast_5,fusion_ego_2537,6721727,0,vehicle,0.30447253584861755,-56.9724047018943,12.80950598437294,1.992995593335331,48.87552112385985,8.544994354248047,2.9572222232818604,4.362843990325928,18.05092148158676,475.92708333333337,208.88888888888889,429.6894095738729,174.66406636767917,522.1647570927938,243.1137114100986,0.00032631473732180893,0.9999947547912598,
2026-07-15T23:43:18.228,28.139624429983087,20260715_234250_front_fusion_ego_2537,egofpsfast_5,fusion_ego_2537,6721727,1,vehicle,0.21395471692085266,-28.016507834492323,23.960831770509674,1.4330060394169584,-13.183090106953275,4.722745418548584,1.8962855339050293,1.8811265230178833,37.59771006214861,235.73958333333334,226.66666666666669,209.45642310132584,218.16429207722348,262.0227435653409,235.1690412561099,0.7634629011154175,0.9992566704750061,
2026-07-15T23:43:18.362,28.274378394009545,20260715_234250_front_fusion_ego_2537,egofpsfast_5,fusion_ego_2537,6721728,0,vehicle,0.42496293783187866,-57.39368742833449,11.99418551151811,1.8392883858098763,57.25898475588207,8.222557067871094,2.8129701614379883,4.07196569442749,16.884013256891535,502.61458333333337,208.88888888888889,451.27940659721696,175.8680170112186,553.9497600694498,241.90976076655917,0.0005181239102967083,0.999977707862854,
2026-07-15T23:43:18.362,28.274378394009545,20260715_234250_front_fusion_ego_2537,egofpsfast_5,fusion_ego_2537,6721728,1,vehicle,0.19799259305000305,-42.598258076890104,31.718630779334525,1.109913024290039,31.98532207625163,4.946524620056152,1.8766169548034668,1.794837474822998,37.17757655773974,341.3776041666667,226.66666666666669,324.5097990172605,220.47906393806142,358.2454093160729,232.85426939527196,0.7854688763618469,0.9987953901290894,
2026-07-15T23:43:18.491,28.40288448194042,20260715_234250_front_fusion_ego_2537,egofpsfast_5,fusion_ego_2537,6721729,0,vehicle,0.338288277387619,-58.55489402042373,13.086687427754471,1.9217754813390793,39.106224751831654,7.847356796264648,2.737942934036255,3.92891001701355,17.81338598247599,519.2942708333334,208.88888888888889,465.8767673571905,180.8126371436649,572.7117743094763,236.96514063411288,0.00140129285864532,0.9996880292892456,
2026-07-15T23:43:18.491,28.40288448194042,20260715_234250_front_fusion_ego_2537,egofpsfast_5,fusion_ego_2537,6721729,1,vehicle,0.2536658048629761,-38.620586749896454,29.769266749680433,1.0870295629917006,-5.426909424645653,4.931650161743164,1.857514500617981,1.6594653129577637,36.142157085858734,341.3776041666667,226.66666666666669,322.92702492202324,220.54730157057446,359.82818341131014,232.7860317627589,0.8190345764160156,0.9986571073532104,
2026-07-15T23:43:18.491,28.40288448194042,20260715_234250_front_fusion_ego_2537,egofpsfast_5,fusion_ego_2537,6721729,2,vehicle,0.1124764159321785,-54.44540046628699,34.32386917737278,2.1601638002696277,-101.46920084684186,8.631755828857422,3.0548095703125,4.292230606079102,38.01439394824721,378.0729166666667,217.7777777777778,355.7031844655673,199.87461553679574,400.4426488677661,235.68094001875986,0.027491921558976173,0.9998694658279419,
2026-07-15T23:43:18.491,28.40288448194042,20260715_234250_front_fusion_ego_2537,egofpsfast_5,fusion_ego_2537,6721729,3,vehicle,0.09365326911211014,-58.83190893111598,13.543013020418558,1.9309337954204275,41.65473257420703,8.126622200012207,2.832465887069702,3.8756778240203857,18.337601978142477,509.28645833333337,208.88888888888889,458.01096780349815,177.93971591525607,560.5619488631686,239.8380618625217,0.00029830209678038955,0.9999434947967529,
2026-07-15T23:43:18.491,28.40288448194042,20260715_234250_front_fusion_ego_2537,egofpsfast_5,fusion_ego_2537,6721729,4,vehicle,0.052544672042131424,-29.20376146100672,23.92162402417212,1.2901149396491243,25.230743552681684,4.625218868255615,1.7978202104568481,1.9243927001953125,36.02924115861792,234.62760416666669,226.66666666666669,210.33429061869782,217.86698708931607,258.92091771463555,235.4663462440173,0.7318227887153625,0.9990119934082031,
2026-07-15T23:43:18.626,28.53780388494488,20260715_234250_front_fusion_ego_2537,egofpsfast_5,fusion_ego_2537,6721730,0,vehicle,0.4016469717025757,-33.73074050327359,30.515027469968032,1.2936777643012949,-26.061975443711706,4.661866664886475,1.817718267440796,1.7414394617080688,38.49717111159837,333.59375,226.66666666666669,317.27979600429535,220.12745539347333,349.90770399570465,233.20587793986004,0.22964996099472046,0.99965500831604,
2026-07-15T23:43:18.626,28.53780388494488,20260715_234250_front_fusion_ego_2537,egofpsfast_5,fusion_ego_2537,6721730,1,vehicle,0.29758220911026,-58.879463882644274,13.380228877989484,1.9837794911528372,51.64670731559561,7.953711986541748,2.840407609939575,3.8027021884918213,17.740992008956795,529.3020833333334,207.7777777777778,476.540138711532,177.2550939189063,582.0640279551347,238.30046163664926,0.0009208858828060329,0.9999507665634155,
2026-07-15T23:43:18.626,28.53780388494488,20260715_234250_front_fusion_ego_2537,egofpsfast_5,fusion_ego_2537,6721730,2,vehicle,0.07774121314287186,-59.4210034208107,13.162602048142844,1.8823992207836935,61.967054120390145,7.613236904144287,2.6407217979431152,3.7806506156921387,17.743364672617496,539.3098958333334,208.88888888888889,490.3626604651412,181.1641334825092,588.2571312015256,236.61364429526859,0.00185738957952708,0.9995064735412598,
2026-07-15T23:43:18.765,28.67694948799908,20260715_234250_front_fusion_ego_2537,egofpsfast_5,fusion_ego_2537,6721731,0,vehicle,0.29375016689300537,-35.905783602619884,29.58696219339251,1.2995535545874093,-30.708475052197944,4.7960028648376465,1.8784188032150269,1.7525063753128052,36.22892212534995,333.59375,226.66666666666669,310.5714939981699,219.78063146273297,356.6160060018301,233.5527018706004,0.09479191899299622,0.9968327879905701,
2026-07-15T23:43:18.765,28.67694948799908,20260715_234250_front_fusion_ego_2537,egofpsfast_5,fusion_ego_2537,6721731,1,vehicle,0.18562109768390656,-61.63799383895145,13.863674235984497,1.694066080958038,116.3964284773761,7.814574718475342,2.6155846118927,3.86837100982666,18.91598154268329,563.7734375,208.88888888888889,524.337808817625,178.2322555118137,603.209066182375,239.54552226596408,0.044858258217573166,0.9993506073951721,
2026-07-15T23:43:18.765,28.67694948799908,20260715_234250_front_fusion_ego_2537,egofpsfast_5,fusion_ego_2537,6721731,2,vehicle,0.10631870478391647,-22.390855188801865,22.395554549952344,1.0997638289484621,-137.77186272265436,5.1674933433532715,1.9807467460632324,1.7068240642547607,39.11259027469807,111.19791666666667,234.44444444444446,74.3227311099569,225.73784199025897,148.07310222337645,243.15104689862994,0.12061073631048203,0.9997736811637878,
2026-07-15T23:43:18.765,28.67694948799908,20260715_234250_front_fusion_ego_2537,egofpsfast_5,fusion_ego_2537,6721731,3,vehicle,0.08153653889894485,-54.80865970826637,33.89181019962802,2.374771581016293,-76.24947444472042,8.943524360656738,3.186188220977783,4.388332366943359,36.63307918055023,376.9609375,217.7777777777778,353.5734840594232,198.2728503810035,400.3483909405768,237.2827051745521,0.014821946620941162,0.9991620779037476,
2026-07-15T23:43:18.765,28.67694948799908,20260715_234250_front_fusion_ego_2537,egofpsfast_5,fusion_ego_2537,6721731,4,vehicle,0.060237910598516464,-60.437538235736916,13.33677068127523,1.8897644156026163,102.13230332643721,8.021806716918945,2.692718505859375,3.9711973667144775,17.890340258616362,553.765625,208.88888888888889,514.5815589949489,177.38865786128574,592.9496910050511,240.38911991649204,0.00660889083519578,0.9996906518936157,
2026-07-15T23:43:18.903,28.81507389503531,20260715_234250_front_fusion_ego_2537,egofpsfast_5,fusion_ego_2537,6721732,0,person,0.2680201828479767,-60.32887208082382,18.523048156499794,0.9189514379841892,175.34425875773405,0.5355315804481506,0.41524016857147217,1.4961507320404053,22.172670906537284,528.1901041666667,234.44444444444446,523.2811507141839,225.92082944181232,533.0990576191496,242.9680594470766,0.999583899974823,0.9410406947135925,
2026-07-15T23:43:18.903,28.81507389503531,20260715_234250_front_fusion_ego_2537,egofpsfast_5,fusion_ego_2537,6721732,1,vehicle,0.22694426774978638,-61.91399458948308,13.364959866109954,1.9211597488676437,109.81506149550246,8.091693878173828,2.681002616882324,3.9992926120758057,18.215219833105525,573.78125,208.88888888888889,532.24664632231,174.06595879130893,615.31585367769,243.71181898646884,0.010967281647026539,0.9994454979896545,
2026-07-15T23:43:18.903,28.81507389503531,20260715_234250_front_fusion_ego_2537,egofpsfast_5,fusion_ego_2537,6721732,2,vehicle,0.09410637617111206,-30.123392171736043,22.690285797794633,0.811409554909968,5.181432357256392,4.648844242095947,1.813253402709961,1.3402982950210571,33.415982142328176,217.94791666666669,234.44444444444446,189.61529989788932,227.02585976984767,246.28053343544406,241.86302911904124,0.27944621443748474,0.9667087197303772,
2026-07-15T23:43:18.903,28.81507389503531,20260715_234250_front_fusion_ego_2537,egofpsfast_5,fusion_ego_2537,6721732,3,vehicle,0.0756024643778801,-64.57310286503309,16.942815430759687,1.8330588911032324,108.78825409266068,8.608457565307617,2.9188625812530518,3.86091947555542,22.656727960388174,583.7890625,216.66666666666669,538.5545153170824,189.6579949061076,629.0236096829176,243.67533842722577,0.30751824378967285,0.9946262240409851,
2026-07-15T23:43:18.903,28.81507389503531,20260715_234250_front_fusion_ego_2537,egofpsfast_5,fusion_ego_2537,6721732,4,vehicle,0.06266718357801437,-34.987968047726355,31.96416993126188,1.4092530675478088,-39.48203784598696,4.787389755249023,1.862815022468567,1.9844306707382202,38.34060533019196,332.48177083333337,226.66666666666669,313.4927765776714,218.12941888968152,351.47076508899534,235.20391444365185,0.5619284510612488,0.9991382360458374,
2026-07-15T23:43:19.038,28.94995223497972,20260715_234250_front_fusion_ego_2537,egofpsfast_5,fusion_ego_2537,6721733,0,vehicle,0.5463457703590393,-60.31801797119861,14.884406348606191,1.8066737374596846,100.47868146100654,7.878297805786133,2.702296495437622,3.7834391593933105,18.380057717379163,599.3567708333334,208.88888888888889,546.4779957359036,174.22896199756198,652.2355459307631,243.5488157802158,0.04895830154418945,0.9999622106552124,
2026-07-15T23:43:19.038,28.94995223497972,20260715_234250_front_fusion_ego_2537,egofpsfast_5,fusion_ego_2537,6721733,1,vehicle,0.20978371798992157,-32.91559272712962,31.40331598559326,1.3095224895300577,-43.04579777103559,4.2071003913879395,1.706303358078003,1.8308521509170532,38.44034917844504,323.5859375,226.66666666666669,306.61407359689474,218.80119333664578,340.55780140310526,234.5321399966876,0.5300182104110718,0.9558658599853516,
2026-07-15T23:43:19.038,28.94995223497972,20260715_234250_front_fusion_ego_2537,egofpsfast_5,fusion_ego_2537,6721733,2,vehicle,0.12556973099708557,-59.770744721388574,14.421700174466878,1.789538137770561,118.63408667489443,7.593920707702637,2.5455055236816406,3.7768309116363525,17.72955108585909,589.3489583333334,207.7777777777778,548.2110431616505,170.8556436167823,630.4868735050162,244.69991193877328,0.02224375307559967,0.9999102354049683,
2026-07-15T23:43:19.038,28.94995223497972,20260715_234250_front_fusion_ego_2537,egofpsfast_5,fusion_ego_2537,6721733,3,vehicle,0.10437677800655365,-30.53203272761041,22.100110138628533,0.8238348984326223,-41.212107977979734,4.765660285949707,1.855715036392212,1.418457269668579,32.361143565644554,217.94791666666669,234.44444444444446,191.9986520993213,226.2411540415552,243.89718123401207,242.6477348473337,0.1949339509010315,0.9292136430740356,
2026-07-15T23:43:19.038,28.94995223497972,20260715_234250_front_fusion_ego_2537,egofpsfast_5,fusion_ego_2537,6721733,4,person,0.07486888021230698,-62.077706106119756,18.468309757531237,1.0939257132907345,135.2402700796608,0.8974090814590454,0.5399272441864014,1.5649359226226807,22.378015828154354,538.1979166666667,234.44444444444446,532.5724515595164,223.5507419374254,543.8233817738171,245.3381469514635,0.9986206293106079,0.6099451184272766,
2026-07-15T23:43:19.159,29.070979579002596,20260715_234250_front_fusion_ego_2537,egofpsfast_5,fusion_ego_2537,6721734,0,vehicle,0.5021868944168091,-60.46001486407906,13.148413467443259,1.7999752527491504,108.28706073975759,7.420895576477051,2.524940252304077,3.720006227493286,16.494479885245713,618.2604166666667,208.88888888888889,574.5716216514509,170.69737248950534,661.9492116818826,247.08040528827243,0.01203078031539917,0.9998804330825806,
2026-07-15T23:43:19.159,29.070979579002596,20260715_234250_front_fusion_ego_2537,egofpsfast_5,fusion_ego_2537,6721734,1,vehicle,0.09155937284231186,-49.49195756957541,33.39046006948547,2.352618063706017,-76.0418551344845,8.826470375061035,3.137244939804077,4.246572494506836,34.78072986310175,376.9609375,217.7777777777778,352.99902381002903,199.1679589615928,400.92285118997097,236.3875965939628,0.06445574015378952,0.99913090467453,
2026-07-15T23:43:19.159,29.070979579002596,20260715_234250_front_fusion_ego_2537,egofpsfast_5,fusion_ego_2537,6721734,2,vehicle,0.05064549297094345,-49.546555548165294,18.371906515766792,1.0945445288577882,-16.16433096889341,3.0757954120635986,1.3533143997192383,1.7330715656280518,19.848323933553235,582.6770833333334,235.55555555555557,566.823097438862,224.79758444759582,598.5310692278048,246.31352666351532,0.9908900856971741,0.7502735257148743,
2026-07-15T23:43:19.286,29.19772821094375,20260715_234250_front_fusion_ego_2537,egofpsfast_5,fusion_ego_2537,6721735,0,vehicle,0.550236165523529,-63.14494448927665,12.944693640904108,1.9249357640952338,132.78990050918785,7.27385950088501,2.5890121459960938,3.7580654621124268,17.43804807171603,652.7317708333334,208.88888888888889,611.70055338492,168.23004417949252,693.7629882817467,249.54773359828528,0.029943333938717842,0.9999152421951294,
2026-07-15T23:43:19.286,29.19772821094375,20260715_234250_front_fusion_ego_2537,egofpsfast_5,fusion_ego_2537,6721735,1,vehicle,0.1816859394311905,-52.24007589085871,32.549406232223575,2.3658721354092207,-78.77156538195725,8.487135887145996,3.0519700050354004,4.194878578186035,33.36918234816441,376.9609375,217.7777777777778,354.0253427773714,198.99128185378183,399.8965322226286,236.56427370177377,0.015054750256240368,0.9990857839584351,
2026-07-15T23:43:19.286,29.19772821094375,20260715_234250_front_fusion_ego_2537,egofpsfast_5,fusion_ego_2537,6721735,2,person,0.16530665755271912,-58.197687750179554,19.587399089283046,1.0277027284652176,-148.76430828015387,0.4646279811859131,0.3706745207309723,1.6815531253814697,21.206594052345547,538.1979166666667,234.44444444444446,534.6785823140915,223.94509818818835,541.717251019242,244.94379070070056,0.9999982118606567,0.9989030361175537,
2026-07-15T23:43:19.286,29.19772821094375,20260715_234250_front_fusion_ego_2537,egofpsfast_5,fusion_ego_2537,6721735,3,vehicle,0.056773070245981216,-68.77150895783288,15.67764360858418,1.9069750269956192,-100.26884156188606,7.135897636413574,2.7435550689697266,3.6799025535583496,23.215296414367703,723.8984375,208.88888888888889,680.0886825546622,178.05609159999423,767.7081924453378,239.72168617778354,0.13533268868923187,0.9611352682113647,
2026-07-15T23:43:19.425,29.337248911033385,20260715_234250_front_fusion_ego_2537,egofpsfast_5,fusion_ego_2537,6721736,0,vehicle,0.24725107848644257,-61.399074069043714,12.896800366208453,1.694900464514319,114.46671290114344,6.778013229370117,2.4808156490325928,3.2819318771362305,16.015148225470707,679.4192708333334,208.88888888888889,630.536296521624,175.2379446559482,728.3022451450428,242.53983312182956,0.006222018040716648,0.9962007403373718,
2026-07-15T23:43:19.425,29.337248911033385,20260715_234250_front_fusion_ego_2537,egofpsfast_5,fusion_ego_2537,6721736,1,vehicle,0.17777512967586517,-53.57774629754641,33.333943194845446,2.3905258923580384,-136.69808626050792,8.443366050720215,3.0158658027648926,4.1423258781433105,33.73457317114431,376.9609375,217.7777777777778,355.39250399172306,199.92790566550363,398.52937100827694,235.62764989005197,0.06267797201871872,0.9988623857498169,
2026-07-15T23:43:19.425,29.337248911033385,20260715_234250_front_fusion_ego_2537,egofpsfast_5,fusion_ego_2537,6721736,2,vehicle,0.16398918628692627,-29.2226162133208,24.41571501074304,0.8806162562423907,74.2878357243903,4.883403778076172,1.870550513267517,1.4976205825805664,33.96666288295135,209.05208333333334,234.44444444444446,180.0976814304789,226.84467163350848,238.00648523618779,242.04421725538043,0.41939398646354675,0.9855138063430786,
2026-07-15T23:43:19.425,29.337248911033385,20260715_234250_front_fusion_ego_2537,egofpsfast_5,fusion_ego_2537,6721736,3,vehicle,0.108147531747818,-31.22277007164332,30.35553344083535,1.494234307905785,-37.3738725753859,3.7969422340393066,1.5930405855178833,1.9195845127105713,37.337606885492185,298.0104166666667,226.66666666666669,281.3677813174824,217.70859996477765,314.65305201585096,235.62473336855572,0.7264502644538879,0.9469537734985352,
2026-07-15T23:43:19.555,29.46707652497571,20260715_234250_front_fusion_ego_2537,egofpsfast_5,fusion_ego_2537,6721737,0,vehicle,0.39784783124923706,-62.13511258137679,10.96762047743418,1.8395265263742553,117.05448668252866,7.248062610626221,2.6349856853485107,3.315687894821167,14.604498414146951,707.21875,208.88888888888889,653.2396343499422,169.17226129108005,761.1978656500578,248.60551648669772,0.0017830363940447569,0.9981866478919983,
2026-07-15T23:43:19.555,29.46707652497571,20260715_234250_front_fusion_ego_2537,egofpsfast_5,fusion_ego_2537,6721737,1,vehicle,0.17257507145404816,-54.6269207526042,33.39963033789001,2.501419872083856,-158.3012726031233,9.03526782989502,3.231477975845337,4.354230880737305,33.42725812705253,376.9609375,217.7777777777778,351.9201688282192,198.67056654559244,402.0017061717808,236.88498900996316,0.00746425986289978,0.9996217489242554,
2026-07-15T23:43:19.555,29.46707652497571,20260715_234250_front_fusion_ego_2537,egofpsfast_5,fusion_ego_2537,6721737,2,vehicle,0.053630586713552475,-32.12543998983612,29.68584829311948,1.4903800925506236,-31.41808506963062,4.297109603881836,1.7453442811965942,1.9299687147140503,35.92016757743847,296.8984375,226.66666666666669,274.69612477347255,217.42957780758542,319.10075022652745,235.90375552574795,0.8988308906555176,0.9914930462837219,
2026-07-15T23:43:19.685,29.597332481993362,20260715_234250_front_fusion_ego_2537,egofpsfast_5,fusion_ego_2537,6721738,0,vehicle,0.21020051836967468,-54.30927163182792,33.49820899969012,2.5244874820825487,-106.17054020322965,9.622118949890137,3.5868966579437256,4.281792640686035,33.08844186812458,376.9609375,217.7777777777778,343.2368406802416,198.8995628224479,410.6850343197584,236.6559927331077,0.0006000680732540786,0.9999767541885376,
2026-07-15T23:43:19.685,29.597332481993362,20260715_234250_front_fusion_ego_2537,egofpsfast_5,fusion_ego_2537,6721738,1,vehicle,0.11884811520576477,-64.60587274494462,10.829018718244189,1.8601826330455735,112.00620804359042,6.8341145515441895,2.5549609661102295,3.0539000034332275,15.986212471365844,733.90625,208.88888888888889,669.1182585805655,172.4638181262546,798.6942414194345,245.31395965152316,0.0025776829570531845,0.8536084294319153,
2026-07-15T23:43:19.685,29.597332481993362,20260715_234250_front_fusion_ego_2537,egofpsfast_5,fusion_ego_2537,6721738,2,vehicle,0.07862810790538788,-71.89403005099787,12.110341448378172,1.681515518552109,1.8595047790149541,6.614772796630859,2.518810749053955,3.0542197227478027,22.678653941292957,821.7526041666667,208.88888888888889,774.9125231678288,179.94498901897006,868.5926851655047,237.8327887588077,0.4207189083099365,0.8146981596946716,
2026-07-15T23:43:19.820,29.73174477694556,20260715_234250_front_fusion_ego_2537,egofpsfast_5,fusion_ego_2537,6721739,0,vehicle,0.15419749915599823,-57.696904450566635,33.531121385447584,1.7506124929318654,-120.50786797009602,6.355878829956055,2.4260430335998535,2.7790071964263916,33.04509346849167,376.9609375,225.55555555555557,356.7467360049486,214.0271708700392,397.1751389950514,237.08394024107193,0.0009726472781039774,0.9911268353462219,
2026-07-15T23:43:19.820,29.73174477694556,20260715_234250_front_fusion_ego_2537,egofpsfast_5,fusion_ego_2537,6721739,1,person,0.05073180049657822,-28.300554063210217,22.79888223693419,1.3269107458039286,-9.317115529617373,0.6521956920623779,0.5598961710929871,1.6227134466171265,32.58232163589638,163.4609375,235.55555555555557,157.86920952703804,226.4044189784262,169.05266547296196,244.70669213268494,0.9965744018554688,0.937969446182251,
