wall_time_iso,elapsed_s,run_id,run_group,stream_id,frame_id,object_index,class_name,score,world_x,world_y,world_z,yaw_deg,length_m,width_m,height_m,distance_m,center_x_px,center_y_px,bbox_x1,bbox_y1,bbox_x2,bbox_y2,parked_score,radar_support_score,radar_support_count
2026-07-15T21:50:04.022,5.946773490053602,20260715_214958_front_fusion_ego_1643,speedsweep_normal,fusion_ego_1643,6340346,0,person,0.23365409672260284,-33.9605244419454,145.7702930827344,1.3637366008262113,90.56682999861815,0.2894642651081085,0.383758008480072,1.7166622877120972,20.023414753388472,599.3567708333334,234.44444444444446,593.813184568969,221.22430827882556,604.9003570976978,247.66458061006335,0.999992847442627,0.7743293046951294,
2026-07-15T21:50:04.022,5.946773490053602,20260715_214958_front_fusion_ego_1643,speedsweep_normal,fusion_ego_1643,6340346,1,vehicle,0.18889959156513214,-18.533239924601475,134.9775586095581,2.3378641479394524,-40.366374274289946,7.882956504821777,2.8841004371643066,4.225077152252197,33.51651705112746,403.6484375,217.7777777777778,386.74739787727594,199.2540471421348,420.54947712272406,236.3015084134208,0.0010391471441835165,0.9998037219047546,
2026-07-15T21:50:04.157,6.082114635035396,20260715_214958_front_fusion_ego_1643,speedsweep_normal,fusion_ego_1643,6340347,0,vehicle,0.34121236205101013,-19.93721852239588,134.1141681125044,2.49533476433794,-83.00250490016015,8.001537322998047,2.925109386444092,4.0265703201293945,31.95674955195107,403.6484375,217.7777777777778,387.91323705017567,200.83258794413675,419.38363794982433,234.72296761141885,0.01067611575126648,0.9999898672103882,
2026-07-15T21:50:04.157,6.082114635035396,20260715_214958_front_fusion_ego_1643,speedsweep_normal,fusion_ego_1643,6340347,1,vehicle,0.2001647800207138,-17.730879888817476,127.97347481663003,1.392782848126302,-119.29501246122736,4.887815952301025,1.9028294086456299,1.8689066171646118,35.209063970718674,351.3854166666667,226.66666666666669,332.62762891377014,219.37121282021207,370.14320441956323,233.9621205131213,0.14578072726726532,0.9975071549415588,
2026-07-15T21:50:04.157,6.082114635035396,20260715_214958_front_fusion_ego_1643,speedsweep_normal,fusion_ego_1643,6340347,2,person,0.19224494695663452,-36.0350287590383,118.33742210480911,1.3253342990095867,-79.38003141313877,0.41346630454063416,0.39050912857055664,2.031683921813965,24.435060116917956,118.98177083333334,226.66666666666669,112.29196229328713,211.98138008515042,125.67157937337956,241.35195324818295,0.9995792508125305,0.9982873797416687,
2026-07-15T21:50:04.157,6.082114635035396,20260715_214958_front_fusion_ego_1643,speedsweep_normal,fusion_ego_1643,6340347,3,vehicle,0.10800693929195404,-17.178478061343355,136.7658908594425,2.389019363123374,-45.12413488179969,8.450014114379883,3.147714138031006,3.994751453399658,34.57895782403309,430.33593750000006,217.7777777777778,411.9128375798464,202.46693836318124,448.7590374201537,233.08861719237436,7.039899355731905e-05,0.9997299313545227,
2026-07-15T21:50:04.306,6.232080550049432,20260715_214958_front_fusion_ego_1643,speedsweep_normal,fusion_ego_1643,6340348,0,vehicle,0.2278597205877304,-17.590097723987455,128.18128840879564,1.3209531028729682,-125.40375794154366,4.885124683380127,1.9088467359542847,1.8098725080490112,35.02999249556069,351.3854166666667,226.66666666666669,333.17263737196726,219.48323930303258,369.5981959613661,233.8500940303008,0.3749427795410156,0.998649537563324,
2026-07-15T21:50:04.306,6.232080550049432,20260715_214958_front_fusion_ego_1643,speedsweep_normal,fusion_ego_1643,6340348,1,vehicle,0.21514178812503815,-16.59019995475228,133.27004804451042,1.7291149188417112,-4.043206503808953,5.841419696807861,2.2425873279571533,2.5598623752593994,35.091422504322864,403.6484375,225.55555555555557,388.88355546072125,216.04443702432846,418.41331953927875,235.06667408678268,0.0003810555499512702,0.9950518012046814,
2026-07-15T21:50:04.306,6.232080550049432,20260715_214958_front_fusion_ego_1643,speedsweep_normal,fusion_ego_1643,6340348,2,person,0.20007510483264923,-36.22965655305225,118.76481130767192,1.1836149431410394,-117.28330778427316,0.6004737019538879,0.46946465969085693,1.9732482433319092,23.810588903931805,111.19791666666667,226.66666666666669,103.89067912163834,210.89686910311383,118.505154211695,242.43646423021954,0.9993433356285095,0.9935383200645447,
2026-07-15T21:50:04.306,6.232080550049432,20260715_214958_front_fusion_ego_1643,speedsweep_normal,fusion_ego_1643,6340348,3,vehicle,0.08585624396800995,-15.277935613620379,136.38317987289267,2.3491984368452368,-40.28767731795209,8.387968063354492,3.146193027496338,3.9470274448394775,36.21182312831017,430.33593750000006,217.7777777777778,411.569943331182,204.03746919499505,449.10193166881805,231.51808636056055,1.979146145458799e-05,0.9998990297317505,
2026-07-15T21:50:04.306,6.232080550049432,20260715_214958_front_fusion_ego_1643,speedsweep_normal,fusion_ego_1643,6340348,4,vehicle,0.0727141872048378,-25.18256042844283,145.46679024472556,1.7284939729324833,-25.472676675832332,5.904891014099121,2.204815626144409,2.9194116592407227,27.611221520834196,564.8854166666667,226.66666666666669,542.2292043554287,212.4037305514018,587.5416289779048,240.92960278193158,0.0001105356786865741,0.9928949475288391,
2026-07-15T21:50:04.447,6.373210582067259,20260715_214958_front_fusion_ego_1643,speedsweep_normal,fusion_ego_1643,6340349,0,vehicle,0.4520467519760132,-19.108946912171128,134.00381369846244,2.3016839108191363,-150.2532770662015,7.979526519775391,2.913677930831909,4.003007411956787,32.206757342856406,403.6484375,217.7777777777778,388.0634292550385,200.84031628237832,419.2334457449615,234.71523927317727,0.014070875942707062,0.9999829530715942,
2026-07-15T21:50:04.447,6.373210582067259,20260715_214958_front_fusion_ego_1643,speedsweep_normal,fusion_ego_1643,6340349,1,person,0.3908688426017761,-37.609392260138506,120.60336486272912,1.335551249063327,-93.51053330902715,0.31643590331077576,0.31426289677619934,2.1064765453338623,21.313140645029076,101.19010416666667,226.66666666666669,94.5284661098073,209.48007980982464,107.85174222352605,243.85325352350873,0.9997937083244324,0.9977520108222961,
2026-07-15T21:50:04.447,6.373210582067259,20260715_214958_front_fusion_ego_1643,speedsweep_normal,fusion_ego_1643,6340349,2,vehicle,0.22205355763435364,-17.32521659966342,135.9022458000988,2.3682199203149406,-42.18863796557339,8.373868942260742,2.9587225914001465,4.09559440612793,33.86679917705809,430.33593750000006,217.7777777777778,411.65139666199684,200.70056604014505,449.0204783380032,234.85498951541055,0.00043125866795890033,0.9999085664749146,
2026-07-15T21:50:04.447,6.373210582067259,20260715_214958_front_fusion_ego_1643,speedsweep_normal,fusion_ego_1643,6340349,3,vehicle,0.15158958733081818,-15.928312381413342,128.19432187635272,1.281473971229791,-102.65910362070409,5.021701335906982,1.9443501234054565,1.8804723024368286,36.33463221038034,351.3854166666667,226.66666666666669,333.77820692087215,219.09555951754254,368.9926264124612,234.23777381579083,0.25663188099861145,0.9985668063163757,
2026-07-15T21:50:04.447,6.373210582067259,20260715_214958_front_fusion_ego_1643,speedsweep_normal,fusion_ego_1643,6340349,4,person,0.061555165797472,-22.256973098459543,123.54273070177354,1.2096174188985458,-61.195907502213984,1.7073270082473755,0.8446633219718933,1.9711132049560547,31.91061919221875,271.3229166666667,226.66666666666669,266.8462300884227,217.39655087391537,275.79960324491066,235.936782459418,0.9992105960845947,0.9964691400527954,
2026-07-15T21:50:04.575,6.500570103060454,20260715_214958_front_fusion_ego_1643,speedsweep_normal,fusion_ego_1643,6340350,0,vehicle,0.4900057315826416,-17.8689935856258,134.40847728122722,2.2251673744175373,-88.9387792850672,8.12888240814209,2.957510471343994,3.9569528102874756,33.05683279511398,403.6484375,217.7777777777778,388.1321649476886,201.52051375971902,419.1647100523114,234.03504179583658,0.004303292371332645,0.9999833106994629,
2026-07-15T21:50:04.575,6.500570103060454,20260715_214958_front_fusion_ego_1643,speedsweep_normal,fusion_ego_1643,6340350,1,vehicle,0.3401384651660919,-17.408060724823258,136.47327766779662,2.2887769801056104,-83.48987653561328,8.251688003540039,2.905256509780884,4.017322063446045,33.41832999722945,430.33593750000006,217.7777777777778,412.04778611660004,201.46421240435708,448.6240888834,234.09134315119852,0.03980550169944763,0.9999436140060425,
2026-07-15T21:50:04.575,6.500570103060454,20260715_214958_front_fusion_ego_1643,speedsweep_normal,fusion_ego_1643,6340350,2,person,0.31277015805244446,-38.364961306391606,123.43542560092028,1.1844786279506145,-92.92459025176466,0.40837061405181885,0.3126738965511322,2.065746784210205,18.453225433633435,92.29427083333334,226.66666666666669,85.72861674459031,209.3825815121333,98.85992492207637,243.95075182120007,0.9998965263366699,0.9998338222503662,
2026-07-15T21:50:04.575,6.500570103060454,20260715_214958_front_fusion_ego_1643,speedsweep_normal,fusion_ego_1643,6340350,3,vehicle,0.27375006675720215,-17.15984992792078,128.3034099819992,1.1246161223195195,-152.0701743491373,4.912163734436035,1.9310932159423828,1.7370433807373047,34.77764748875708,351.3854166666667,226.66666666666669,333.2219522210459,219.73350952068967,369.54888111228746,233.5998238126437,0.18063850700855255,0.997977077960968,
2026-07-15T21:50:04.575,6.500570103060454,20260715_214958_front_fusion_ego_1643,speedsweep_normal,fusion_ego_1643,6340350,4,vehicle,0.11994652450084686,-24.66460747253234,152.76849231516758,1.618004128826831,-0.2660568214012964,6.429720878601074,2.3823118209838867,2.727264404296875,30.514111256992216,573.78125,226.66666666666669,550.4452334009111,214.4737548629443,597.1172665990889,238.85957847038907,0.045984283089637756,0.9723764657974243,
2026-07-15T21:50:04.575,6.500570103060454,20260715_214958_front_fusion_ego_1643,speedsweep_normal,fusion_ego_1643,6340350,5,person,0.057597026228904724,-42.98302774213555,150.73041206348907,1.4133740601590832,164.3926415746372,0.2504529356956482,0.3124862313270569,1.6836817264556885,15.770341874199156,852.8880208333334,235.55555555555557,848.3196372206634,206.38810250494217,857.4564044460034,264.72300860616895,0.9976612329483032,0.9191306829452515,
2026-07-15T21:50:04.693,6.619022396975197,20260715_214958_front_fusion_ego_1643,speedsweep_normal,fusion_ego_1643,6340351,0,vehicle,0.7017704248428345,-17.56975415644736,134.38001250505832,2.2845879341124222,-110.34506658161135,8.13317584991455,2.9832091331481934,3.949312210083008,32.97088947228207,403.6484375,217.7777777777778,389.4360879249871,201.74626277552713,417.8607870750129,233.80929278002847,0.03171353414654732,0.9999799728393555,
2026-07-15T21:50:04.693,6.619022396975197,20260715_214958_front_fusion_ego_1643,speedsweep_normal,fusion_ego_1643,6340351,1,vehicle,0.20902800559997559,-15.287595680879413,127.63828183617665,1.0863307469624957,-69.98160167759768,4.769436359405518,1.882003664970398,1.6315155029296875,36.38211056738363,350.2734375,226.66666666666669,332.7069051079452,220.2255705992381,367.8399698920548,233.10776273409527,0.10249524563550949,0.9986737966537476,
2026-07-15T21:50:04.693,6.619022396975197,20260715_214958_front_fusion_ego_1643,speedsweep_normal,fusion_ego_1643,6340351,2,vehicle,0.20824651420116425,-16.179254617873397,136.94063257204786,2.215318927777447,-83.33204168420097,8.393013954162598,3.010891914367676,3.9590375423431396,34.25222556831274,430.33593750000006,217.7777777777778,412.5427320972085,202.8001697527038,448.12914290279156,232.7553858028518,0.004405018407851458,0.9999512434005737,
2026-07-15T21:50:04.693,6.619022396975197,20260715_214958_front_fusion_ego_1643,speedsweep_normal,fusion_ego_1643,6340351,3,person,0.1369771957397461,-38.456520510017725,119.01842340661557,1.1737325493986859,-72.01284765212881,0.6699064373970032,0.45405057072639465,1.968690037727356,21.64610591292775,75.61458333333334,226.66666666666669,67.8692426395913,206.09162549177807,83.35992402707538,247.2417078415553,0.9910598397254944,0.996830403804779,
2026-07-15T21:50:04.818,6.743828892009333,20260715_214958_front_fusion_ego_1643,speedsweep_normal,fusion_ego_1643,6340352,0,vehicle,0.4708198308944702,-16.796240076141338,134.4889106508852,2.2826995867919493,-110.58479027145806,8.117923736572266,2.9731738567352295,3.9430298805236816,33.302312120104,403.6484375,217.7777777777778,389.4103997275233,201.27246664630044,417.8864752724767,234.28308890925516,0.011728932149708271,0.9999856948852539,
2026-07-15T21:50:04.818,6.743828892009333,20260715_214958_front_fusion_ego_1643,speedsweep_normal,fusion_ego_1643,6340352,1,vehicle,0.22254982590675354,-15.786141050310135,128.17790552116094,1.0576122174472573,-98.6286769974265,4.746975898742676,1.8544056415557861,1.6524478197097778,35.345160972531616,351.3854166666667,226.66666666666669,333.19792471329373,220.09249458710354,369.57290862003964,233.24083874622983,0.03929067775607109,0.997928261756897,
2026-07-15T21:50:04.818,6.743828892009333,20260715_214958_front_fusion_ego_1643,speedsweep_normal,fusion_ego_1643,6340352,2,person,0.1904039829969406,-40.13895715536658,128.11742182880178,1.3254479357508338,-76.63365176732438,0.7788031697273254,0.4961952567100525,1.9459302425384521,13.303991293820765,65.60677083333334,226.66666666666669,56.653750812013946,209.70377067724866,74.55979085465273,243.62956265608472,0.9987175464630127,0.999419093132019,
2026-07-15T21:50:04.818,6.743828892009333,20260715_214958_front_fusion_ego_1643,speedsweep_normal,fusion_ego_1643,6340352,3,vehicle,0.18550847470760345,-15.117254172855745,137.00955898625557,2.326916736696621,-48.917453623700155,8.148730278015137,2.923522472381592,3.987806558609009,34.8834889718596,430.33593750000006,217.7777777777778,414.3204956613481,201.6100315915214,446.35137933865195,233.9455239640342,0.011302925646305084,0.9998795986175537,
2026-07-15T21:50:04.818,6.743828892009333,20260715_214958_front_fusion_ego_1643,speedsweep_normal,fusion_ego_1643,6340352,4,person,0.08767124265432358,-34.05086465804067,146.85953512358824,1.3543173915084559,7.544270910287167,0.4172583520412445,0.3990989625453949,1.658630132675171,18.72472850707623,617.1484375,235.55555555555557,610.620692551136,223.50637528631424,623.676182448864,247.6047358247969,0.9999778270721436,0.9226309061050415,
2026-07-15T21:50:04.958,6.884397543035448,20260715_214958_front_fusion_ego_1643,speedsweep_normal,fusion_ego_1643,6340353,0,vehicle,0.3987041711807251,-16.964840150398395,134.89246227176363,2.2763508529550966,154.12265380933812,8.15096378326416,2.9941225051879883,3.961588144302368,32.62531224644406,403.6484375,217.7777777777778,387.55384884402156,200.82862363921274,419.74302615597844,234.72693191634286,0.0020455829799175262,0.9998841285705566,
2026-07-15T21:50:04.958,6.884397543035448,20260715_214958_front_fusion_ego_1643,speedsweep_normal,fusion_ego_1643,6340353,1,vehicle,0.19980716705322266,-15.63967156335319,127.49159702638164,1.1221131234021593,-45.061494873670405,4.807719707489014,1.8748682737350464,1.6353321075439453,35.20032361900048,350.2734375,226.66666666666669,331.2337190359831,220.2207913498084,369.3131559640169,233.11254198352498,0.4923990070819855,0.9947512745857239,
2026-07-15T21:50:04.958,6.884397543035448,20260715_214958_front_fusion_ego_1643,speedsweep_normal,fusion_ego_1643,6340353,2,vehicle,0.148118793964386,-15.224248959361866,136.9989063566406,2.2508523017325555,-60.83009677216698,8.189691543579102,2.927189826965332,3.968906879425049,34.294012858016515,430.33593750000006,217.7777777777778,413.18619368597865,201.95716665850748,447.4856813140214,233.59838889704812,0.0019908244721591473,0.9995404481887817,
2026-07-15T21:50:04.958,6.884397543035448,20260715_214958_front_fusion_ego_1643,speedsweep_normal,fusion_ego_1643,6340353,3,vehicle,0.13332954049110413,-24.676208316255938,151.89085966492846,1.7329241095201278,56.78838350255961,6.559754371643066,2.4447412490844727,2.88370943069458,28.935021247243256,581.5651041666667,226.66666666666669,557.3847938726346,211.41943852106732,605.7454144606988,241.91389481226605,0.0034880521707236767,0.8018414378166199,
2026-07-15T21:50:04.958,6.884397543035448,20260715_214958_front_fusion_ego_1643,speedsweep_normal,fusion_ego_1643,6340353,4,person,0.122473806142807,-40.095254224255655,129.86650424757005,1.257555297644652,-84.22123463095677,1.029068112373352,0.5796209573745728,1.748822569847107,11.85102404882162,48.927083333333336,226.66666666666669,37.205144771685205,211.9302813212077,60.649021894981466,241.40305201212567,0.9981903433799744,0.9977421760559082,
2026-07-15T21:50:05.087,7.01303850999102,20260715_214958_front_fusion_ego_1643,speedsweep_normal,fusion_ego_1643,6340354,0,vehicle,0.36598771810531616,-16.64225584636481,135.63022187967292,2.2228890006668833,-138.70750979354628,7.8833723068237305,2.917163133621216,3.809917688369751,32.371456352058836,403.6484375,217.7777777777778,388.08248582854867,201.72685073481668,419.21438917145133,233.82870482073892,0.0005812650779262185,0.9999529123306274,
2026-07-15T21:50:05.087,7.01303850999102,20260715_214958_front_fusion_ego_1643,speedsweep_normal,fusion_ego_1643,6340354,1,vehicle,0.2630450427532196,-15.867802975246406,126.39447292850676,1.0377041140677221,51.929043337164146,4.818604469299316,1.8614192008972168,1.7314178943634033,34.78789395940673,342.48958333333337,226.66666666666669,322.7678813238939,219.54271505276364,362.21128534277284,233.79061828056973,0.060696080327034,0.9881742000579834,
2026-07-15T21:50:05.087,7.01303850999102,20260715_214958_front_fusion_ego_1643,speedsweep_normal,fusion_ego_1643,6340354,2,vehicle,0.19551090896129608,-14.140389595258455,136.58421710314508,2.3307352791912725,-55.402146056502296,8.400312423706055,2.9691736698150635,4.006797790527344,34.84687689474941,431.4479166666667,217.7777777777778,413.3558634693424,201.5864513980018,449.53996986399096,233.9691041575538,0.009374142624437809,0.9993395209312439,
2026-07-15T21:50:05.087,7.01303850999102,20260715_214958_front_fusion_ego_1643,speedsweep_normal,fusion_ego_1643,6340354,3,vehicle,0.13956990838050842,-21.66501523228121,149.34161495660578,1.6320789483948124,56.81044362225094,7.067969799041748,2.5398244857788086,3.0597522258758545,29.952513500661997,582.6770833333334,226.66666666666669,555.821207848688,210.43025235335034,609.5329588179787,242.90308097998303,3.07988520944491e-05,0.9657185673713684,
2026-07-15T21:50:05.087,7.01303850999102,20260715_214958_front_fusion_ego_1643,speedsweep_normal,fusion_ego_1643,6340354,4,person,0.07872428745031357,-41.974414028622625,138.6655559595467,1.578369923054602,-82.15116966225578,0.9016979932785034,0.6062652468681335,1.8328450918197632,7.1889352421792605,38.919270833333336,226.66666666666669,25.620598060389362,210.74717680613202,52.21794360627731,242.58615652720135,0.9991497993469238,0.9995319843292236,
2026-07-15T21:50:05.220,7.146095404983498,20260715_214958_front_fusion_ego_1643,speedsweep_normal,fusion_ego_1643,6340355,0,vehicle,0.34491464495658875,-17.536883225753794,135.19036591352747,2.2829946430159573,-177.40885826732298,7.970422744750977,2.946032762527466,3.8049557209014893,30.90862628120702,403.6484375,217.7777777777778,386.44431564211845,200.19433485137094,420.85255935788155,235.36122070418466,0.0002614381955936551,0.9999717473983765,
2026-07-15T21:50:05.220,7.146095404983498,20260715_214958_front_fusion_ego_1643,speedsweep_normal,fusion_ego_1643,6340355,1,vehicle,0.17201708257198334,-16.031786891350293,128.37504533057003,1.0237797388795329,-94.94944894856721,4.671347618103027,1.85250723361969,1.6775747537612915,33.5004433026175,350.2734375,226.66666666666669,330.2628327459097,219.83727748195332,370.2840422540903,233.49605585138005,0.27289023995399475,0.9945573806762695,
2026-07-15T21:50:05.220,7.146095404983498,20260715_214958_front_fusion_ego_1643,speedsweep_normal,fusion_ego_1643,6340355,2,vehicle,0.16854935884475708,-13.71066409204466,137.05350780251618,2.265825664312797,-43.12622111311949,8.168973922729492,2.9385054111480713,3.87534236907959,34.67806138461789,431.4479166666667,217.7777777777778,413.83970955262583,202.10009263621438,449.05612378070754,233.45546291934122,0.00396614708006382,0.9994592070579529,
2026-07-15T21:50:05.220,7.146095404983498,20260715_214958_front_fusion_ego_1643,speedsweep_normal,fusion_ego_1643,6340355,3,person,0.0717717707157135,-42.46597904156076,130.56081571803168,1.4051729881421329,-175.63250816600845,0.1911379098892212,0.48215582966804504,1.5710328817367554,8.784473674724739,1.1119791666666667,217.7777777777778,-5.37646239468207,192.2824083434211,7.600420728015403,243.2731472121345,0.9834822416305542,0.2640628218650818,
2026-07-15T21:50:05.360,7.286398275056854,20260715_214958_front_fusion_ego_1643,speedsweep_normal,fusion_ego_1643,6340356,0,vehicle,0.23942990601062775,-15.90570376026048,126.55905433934807,1.0461763769607995,78.52795242542098,4.564778804779053,1.8287081718444824,1.7283366918563843,33.51064935766334,342.48958333333337,226.66666666666669,323.3271981192132,219.10611669222516,361.6519685474535,234.2272166411082,0.07217519730329514,0.9597343802452087,
2026-07-15T21:50:05.360,7.286398275056854,20260715_214958_front_fusion_ego_1643,speedsweep_normal,fusion_ego_1643,6340356,1,vehicle,0.23888596892356873,-18.57893041760022,134.24990227363395,2.1018416571465197,144.24734728109678,8.131447792053223,2.860368490219116,3.705714464187622,29.28508958942742,395.86458333333337,217.7777777777778,380.2978156333169,199.1955946551429,411.43135103334987,236.3599609004127,0.002198879374191165,0.9999939203262329,
2026-07-15T21:50:05.360,7.286398275056854,20260715_214958_front_fusion_ego_1643,speedsweep_normal,fusion_ego_1643,6340356,2,vehicle,0.22594670951366425,-13.233766468191952,136.85662337334787,2.2962200145787297,-53.52284733955956,8.371745109558105,3.0075149536132812,3.9557816982269287,34.4994542195102,430.33593750000006,217.7777777777778,412.3709032051265,201.1295800076591,448.30097179487353,234.4259755478965,0.014545916579663754,0.9992782473564148,
2026-07-15T21:50:05.360,7.286398275056854,20260715_214958_front_fusion_ego_1643,speedsweep_normal,fusion_ego_1643,6340356,3,vehicle,0.07526376843452454,-21.332769877250357,147.15031818529084,1.8999725985336013,-142.29423370165037,6.979978561401367,2.58683705329895,3.2413694858551025,28.263089779929555,591.5729166666667,225.55555555555557,565.5109288084011,210.33943745825027,617.6349045249324,240.77167365286087,0.0010292595252394676,0.8494706749916077,
2026-07-15T21:50:05.360,7.286398275056854,20260715_214958_front_fusion_ego_1643,speedsweep_normal,fusion_ego_1643,6340356,4,person,0.05817378684878349,-31.852176944572136,147.59951939888805,1.1801071910257832,-64.10536971021706,0.6395315527915955,0.4737541079521179,1.6837329864501953,19.068885009174327,644.9479166666667,243.33333333333334,635.8148494071017,229.35748567183813,654.0809839262317,257.3091809948286,0.9999998807907104,0.9801544547080994,
2026-07-15T21:50:05.488,7.414475315017626,20260715_214958_front_fusion_ego_1643,speedsweep_normal,fusion_ego_1643,6340357,0,vehicle,0.3877932131290436,-19.155054584166244,134.90727910099966,1.987648650804493,134.68332951407845,7.604561805725098,2.7334065437316895,3.5470850467681885,27.93299797038163,395.86458333333337,217.7777777777778,379.5399096173545,199.61979316340555,412.18925704931223,235.93576239215005,0.0022463612258434296,0.9999959468841553,
2026-07-15T21:50:05.488,7.414475315017626,20260715_214958_front_fusion_ego_1643,speedsweep_normal,fusion_ego_1643,6340357,1,vehicle,0.3087935447692871,-12.226962720014264,136.33787062730826,2.406653130484287,-72.19280385685292,8.464643478393555,3.0559890270233154,4.0938191413879395,34.79243853210637,430.33593750000006,217.7777777777778,412.8019285388291,201.42411695586313,447.86994646117097,234.13143859969247,0.01712799444794655,0.9993890523910522,
2026-07-15T21:50:05.488,7.414475315017626,20260715_214958_front_fusion_ego_1643,speedsweep_normal,fusion_ego_1643,6340357,2,vehicle,0.28584423661231995,-20.818303635032343,152.54366106680183,1.8617339209702237,100.77753732306445,7.009807586669922,2.5689048767089844,3.072589159011841,30.429630022055303,600.46875,225.55555555555557,576.7550442032516,211.4567330810759,624.1824557967484,239.65437803003525,0.002008631359785795,0.9548000693321228,
2026-07-15T21:50:05.488,7.414475315017626,20260715_214958_front_fusion_ego_1643,speedsweep_normal,fusion_ego_1643,6340357,3,vehicle,0.20030595362186432,-15.38485556267237,126.53634795977715,1.0450471757626563,11.485268871958109,4.5979156494140625,1.8491514921188354,1.8057277202606201,33.325554327830645,342.48958333333337,226.66666666666669,322.1830719870826,218.5718474785487,362.79609467958414,234.76148585478467,0.0690615326166153,0.8041672706604004,
2026-07-15T21:50:05.620,7.5459924910683185,20260715_214958_front_fusion_ego_1643,speedsweep_normal,fusion_ego_1643,6340358,0,vehicle,0.49107447266578674,-18.002167894713093,135.7759094734647,1.8822519916399663,96.6050025772926,7.327299118041992,2.6502273082733154,3.4842095375061035,28.23993906207568,395.86458333333337,217.7777777777778,380.3033401307961,200.1499746905433,411.42582653587067,235.4055808650123,0.0003349906182847917,0.9999895095825195,
2026-07-15T21:50:05.620,7.5459924910683185,20260715_214958_front_fusion_ego_1643,speedsweep_normal,fusion_ego_1643,6340358,1,vehicle,0.19426873326301575,-14.699651936141123,126.41473522089396,0.9770877199286554,-63.964292146238165,4.664346694946289,1.8493479490280151,1.734279990196228,33.26386503848728,342.48958333333337,226.66666666666669,321.22831220303976,219.0674553314845,363.750854463627,234.26587800184888,0.03538970276713371,0.9404544234275818,
2026-07-15T21:50:05.620,7.5459924910683185,20260715_214958_front_fusion_ego_1643,speedsweep_normal,fusion_ego_1643,6340358,2,vehicle,0.16763444244861603,-21.095470900490525,153.82815315905984,1.7806092874205195,89.9630177070141,6.5479607582092285,2.4177494049072266,3.044841766357422,30.210164631725732,609.3645833333334,226.66666666666669,584.0478872482976,212.04143206278485,634.6812794183692,241.29190127054852,0.031144440174102783,0.36847373843193054,
2026-07-15T21:50:05.620,7.5459924910683185,20260715_214958_front_fusion_ego_1643,speedsweep_normal,fusion_ego_1643,6340358,3,vehicle,0.1102505698800087,-11.918068671712085,137.34944728391247,2.2477738269320557,-85.82196661258011,8.279696464538574,2.9473257064819336,3.8612143993377686,34.301204871740936,430.33593750000006,217.7777777777778,412.2289269603789,202.50200019942392,448.44294803962117,233.05355535613168,0.0064934478141367435,0.9998108744621277,
2026-07-15T21:50:05.748,7.673749485053122,20260715_214958_front_fusion_ego_1643,speedsweep_normal,fusion_ego_1643,6340359,0,vehicle,0.5593668818473816,-17.966438783028607,136.12536860286966,1.9983878156496195,92.65249392612068,7.435810565948486,2.7151260375976562,3.5883569717407227,27.402865721283643,394.7526041666667,217.7777777777778,378.9884005027513,199.49223803149332,410.5168078305821,236.06331752406228,0.0002848327858373523,0.9999963045120239,
2026-07-15T21:50:05.748,7.673749485053122,20260715_214958_front_fusion_ego_1643,speedsweep_normal,fusion_ego_1643,6340359,1,vehicle,0.15208791196346283,-13.30423031408101,128.7202841912863,1.111080938264564,-41.6851151482373,4.638940334320068,1.8694311380386353,1.668426513671875,33.11444137830249,350.2734375,226.66666666666669,329.2630864046514,219.89661152164143,371.2837885953486,233.43672181169194,0.10875240713357925,0.9975472092628479,
2026-07-15T21:50:05.748,7.673749485053122,20260715_214958_front_fusion_ego_1643,speedsweep_normal,fusion_ego_1643,6340359,2,vehicle,0.1145138144493103,-11.501285049195374,137.69240622566252,2.295742771377287,-86.05010902297205,8.51337718963623,3.02616024017334,3.9389848709106445,33.86294132579546,431.4479166666667,217.7777777777778,413.1702018591265,201.2470786439048,449.72563147420686,234.30847691165079,0.00273153162561357,0.9998340606689453,
2026-07-15T21:50:05.748,7.673749485053122,20260715_214958_front_fusion_ego_1643,speedsweep_normal,fusion_ego_1643,6340359,3,vehicle,0.09691470116376877,-14.176408633634036,126.47526479714553,0.9873509185021536,-16.319129277973353,4.4054036140441895,1.7994111776351929,1.7985401153564453,32.92374746933379,333.59375,226.66666666666669,313.7118121124804,218.87815217177075,353.4756878875196,234.45518116156262,0.04826381430029869,0.8331519365310669,
2026-07-15T21:50:05.748,7.673749485053122,20260715_214958_front_fusion_ego_1643,speedsweep_normal,fusion_ego_1643,6340359,4,vehicle,0.07580975443124771,-21.03088109647,151.17560337422728,1.9395637614573218,74.08447958384124,7.7774763107299805,2.7448365688323975,3.434929609298706,28.131427318916817,609.3645833333334,225.55555555555557,573.4249069218835,208.41321263048386,645.3042597447833,242.6978984806273,0.41553184390068054,0.9949813485145569,
2026-07-15T21:50:05.876,7.802160729072057,20260715_214958_front_fusion_ego_1643,speedsweep_normal,fusion_ego_1643,6340360,0,vehicle,0.438138872385025,-18.153785079455965,135.45426227931765,1.9115072612121273,76.35633215519893,7.415412902832031,2.6865451335906982,3.569880962371826,26.314162185557077,394.7526041666667,217.7777777777778,375.2872576105098,199.17359875308145,414.21795072282356,236.38195680247415,0.00010313190432498232,0.9999963045120239,
2026-07-15T21:50:05.876,7.802160729072057,20260715_214958_front_fusion_ego_1643,speedsweep_normal,fusion_ego_1643,6340360,1,vehicle,0.1796252280473709,-15.481408282027214,126.86826593689901,0.9940718015733383,-80.051846235385,4.550887584686279,1.8393640518188477,1.7504807710647583,30.679900512973195,332.48177083333337,226.66666666666669,308.5435028833648,218.07025382916135,356.42003878330195,235.26307950417203,0.0889069214463234,0.9132670164108276,
2026-07-15T21:50:05.876,7.802160729072057,20260715_214958_front_fusion_ego_1643,speedsweep_normal,fusion_ego_1643,6340360,2,vehicle,0.16157904267311096,-22.034454208636816,152.83305498133572,1.9873181584402397,101.75835693727133,7.584043025970459,2.747122287750244,3.4801597595214844,27.396809638706237,626.0442708333334,225.55555555555557,587.8012718756994,209.10447869035934,664.2872697909673,242.0066324207518,0.4119229316711426,0.9976033568382263,
2026-07-15T21:50:05.876,7.802160729072057,20260715_214958_front_fusion_ego_1643,speedsweep_normal,fusion_ego_1643,6340360,3,vehicle,0.11252343654632568,-10.618659439092646,136.9951652617491,2.2540624545947407,-88.6658347354512,8.1858491897583,2.9161295890808105,3.91487979888916,33.80564366181254,431.4479166666667,217.7777777777778,416.2175897496442,201.98067711459268,446.67824358368915,233.57487844096292,0.0082235187292099,0.9999263286590576,
2026-07-15T21:50:06.004,7.9294858580688015,20260715_214958_front_fusion_ego_1643,speedsweep_normal,fusion_ego_1643,6340361,0,vehicle,0.521071195602417,-18.82345248603493,134.4881200550208,1.715366081798896,90.91163699687256,7.6138014793396,2.750117301940918,3.5679214000701904,24.748709687717366,386.96875,217.7777777777778,366.47917783632874,198.35027681456674,407.45832216367126,237.20527874098886,0.0015890502836555243,0.9999959468841553,
2026-07-15T21:50:06.004,7.9294858580688015,20260715_214958_front_fusion_ego_1643,speedsweep_normal,fusion_ego_1643,6340361,1,vehicle,0.27446287870407104,-19.842002608910086,153.5520071630376,1.7937974384835016,120.49529228768377,6.681763648986816,2.517498254776001,3.048668384552002,28.802281975557076,636.0520833333334,225.55555555555557,604.7196596612533,209.86366007063125,667.3845070054134,241.2474510404799,0.04540432244539261,0.993608832359314,
2026-07-15T21:50:06.004,7.9294858580688015,20260715_214958_front_fusion_ego_1643,speedsweep_normal,fusion_ego_1643,6340361,2,vehicle,0.2126433402299881,-14.17904556910905,126.164477479847,0.8880462400834617,-53.50903943685336,4.293456554412842,1.7379775047302246,1.8011912107467651,31.225285572198594,324.6979166666667,226.66666666666669,303.076621050636,217.78867999712628,346.3192122826974,235.5446533362071,0.2338392287492752,0.9499013423919678,
2026-07-15T21:50:06.004,7.9294858580688015,20260715_214958_front_fusion_ego_1643,speedsweep_normal,fusion_ego_1643,6340361,3,vehicle,0.08282098919153214,-9.428852064031744,136.6586463970427,2.3077397618709545,-94.98221744368924,8.365301132202148,3.0181214809417725,4.0103631019592285,34.02026964054405,430.33593750000006,216.66666666666669,413.8629072457552,200.73664108912152,446.80896775424486,232.59669224421185,0.025279181078076363,0.9999290704727173,
2026-07-15T21:50:06.004,7.9294858580688015,20260715_214958_front_fusion_ego_1643,speedsweep_normal,fusion_ego_1643,6340361,4,person,0.06571722775697708,-17.16068937719676,124.16297496314739,1.0003948755473644,-120.6864881209595,2.469053268432617,1.1736267805099487,1.8861021995544434,29.271162144196204,280.21875,226.66666666666669,272.49717037193477,216.78301254908246,287.94032962806523,236.5503207842509,0.9836628437042236,0.990924596786499,
2026-07-15T21:50:06.131,8.056928997975774,20260715_214958_front_fusion_ego_1643,speedsweep_normal,fusion_ego_1643,6340362,0,vehicle,0.7592833042144775,-19.230832039077907,135.5152015045971,1.730785325246145,80.86272040793347,7.847379207611084,2.8273682594299316,3.7164411544799805,23.271076405847168,385.85677083333337,216.66666666666669,365.11435547967756,192.92977670828503,406.5991861869892,240.40355662504834,0.0030631066765636206,0.9999982118606567,
2026-07-15T21:50:06.131,8.056928997975774,20260715_214958_front_fusion_ego_1643,speedsweep_normal,fusion_ego_1643,6340362,1,vehicle,0.16490371525287628,-13.843468978418507,127.6564337963836,0.7792202860496511,-83.43962395532057,4.378518581390381,1.7720931768417358,1.7948672771453857,30.118722176563413,323.5859375,226.66666666666669,300.5023091509938,217.75420288244885,346.6695658490062,235.57913045088452,0.23352164030075073,0.9862087965011597,
2026-07-15T21:50:06.131,8.056928997975774,20260715_214958_front_fusion_ego_1643,speedsweep_normal,fusion_ego_1643,6340362,2,vehicle,0.14690959453582764,-19.684089350572574,156.67224424221283,1.6514300292976944,61.30684352997668,6.825509071350098,2.5068273544311523,3.124056577682495,30.06428490024069,652.7317708333334,225.55555555555557,616.4830247958502,207.3358479473326,688.9805168708166,243.77526316377853,0.986647367477417,0.9925008416175842,
2026-07-15T21:50:06.131,8.056928997975774,20260715_214958_front_fusion_ego_1643,speedsweep_normal,fusion_ego_1643,6340362,3,vehicle,0.08744271099567413,-8.220564987309125,137.0518793027816,1.987114276609353,-94.49353165124296,8.102920532226562,2.9345836639404297,3.849923610687256,34.233223149121955,430.33593750000006,216.66666666666669,413.1841766797006,201.55817310015362,447.48769832029944,231.77516023317975,0.002530700759962201,0.9999473094940186,
2026-07-15T21:50:06.262,8.188008785014972,20260715_214958_front_fusion_ego_1643,speedsweep_normal,fusion_ego_1643,6340363,0,vehicle,0.5940479636192322,-19.34863867014399,134.7088946649728,1.7258238175009972,60.989054783498794,8.01982593536377,2.831186294555664,3.7475762367248535,22.236377426123,385.85677083333337,216.66666666666669,365.5144878489276,192.40528504053754,406.1990538177391,240.92804829279584,0.006904760375618935,0.9999997615814209,
2026-07-15T21:50:06.262,8.188008785014972,20260715_214958_front_fusion_ego_1643,speedsweep_normal,fusion_ego_1643,6340363,1,vehicle,0.2185155153274536,-13.788427659372267,128.41385554265997,0.6697967161116933,-95.1066958892512,4.4397501945495605,1.8027762174606323,1.7432055473327637,29.001080843116643,323.5859375,226.66666666666669,299.2424485348165,218.06003014246625,347.9294264651835,235.27330319086713,0.06527076661586761,0.9786226749420166,
2026-07-15T21:50:06.262,8.188008785014972,20260715_214958_front_fusion_ego_1643,speedsweep_normal,fusion_ego_1643,6340363,2,person,0.1587904542684555,-31.07418217127433,154.65218324007927,0.9768102503961549,120.9360998266701,0.6595017313957214,0.5737595558166504,1.472738265991211,20.460080749643204,822.8645833333334,244.44444444444446,808.0680925150713,229.31911375787524,837.6610741515955,259.56977513101367,0.8619871139526367,0.8642511963844299,
2026-07-15T21:50:06.262,8.188008785014972,20260715_214958_front_fusion_ego_1643,speedsweep_normal,fusion_ego_1643,6340363,3,vehicle,0.1272030770778656,-9.704121249721691,138.3648439438536,1.7681726678225562,-97.56059623118864,7.506038665771484,2.739647150039673,3.516347646713257,31.786596038763452,430.33593750000006,216.66666666666669,412.43967389315367,201.26304248968762,448.2322011068464,232.07029084364575,0.0005818658974021673,0.9986088871955872,
2026-07-15T21:50:06.403,8.328850975027308,20260715_214958_front_fusion_ego_1643,speedsweep_normal,fusion_ego_1643,6340364,0,vehicle,0.5071044564247131,-16.446826962562564,134.5230241248505,1.4407127077407083,18.693567641013814,7.854567050933838,2.769015073776245,3.6196932792663574,24.15751353749286,378.0729166666667,216.66666666666669,356.05840663115185,189.61080769697827,400.0874267021815,243.7225256363551,0.01059336494654417,0.9999986886978149,
2026-07-15T21:50:06.403,8.328850975027308,20260715_214958_front_fusion_ego_1643,speedsweep_normal,fusion_ego_1643,6340364,1,vehicle,0.08254353702068329,-15.414864680265328,122.7927201950104,0.7756658489584138,1.4880395254391665,4.569575309753418,1.8641046285629272,1.6648584604263306,28.8340717205317,253.53125000000003,226.66666666666669,229.25956836715343,218.1020228068034,277.8029316328466,235.23131052652997,0.7518978714942932,0.9962931275367737,
2026-07-15T21:50:06.403,8.328850975027308,20260715_214958_front_fusion_ego_1643,speedsweep_normal,fusion_ego_1643,6340364,2,vehicle,0.06184937432408333,-13.297915244455524,127.6665544872728,0.7164343766502883,-46.70096912234062,4.137419700622559,1.6854935884475708,1.8113322257995605,28.757698225454742,315.80208333333337,226.66666666666669,295.66574973364675,217.20462809006375,335.93841693302,236.12870524326962,0.4376039505004883,0.9390914440155029,
2026-07-15T21:50:06.530,8.455972125055268,20260715_214958_front_fusion_ego_1643,speedsweep_normal,fusion_ego_1643,6340365,0,vehicle,0.8837038278579712,-17.667469810276586,134.71847839887445,1.4515447514171327,53.73566169732401,8.14541244506836,2.8986127376556396,3.6675796508789062,21.93841126387342,378.0729166666667,216.66666666666669,352.3537085267405,184.72685376803082,403.7921248065929,248.60647956530255,0.0047144815325737,0.9999998807907104,
2026-07-15T21:50:06.530,8.455972125055268,20260715_214958_front_fusion_ego_1643,speedsweep_normal,fusion_ego_1643,6340365,1,vehicle,0.2178417593240738,-13.385945059346906,126.69717396275077,0.8422025552831665,-70.88102016754613,4.7754597663879395,1.9016366004943848,1.8365675210952759,28.079682497266287,306.90625,226.66666666666669,279.67148593068123,216.8976242343585,334.14101406931877,236.43570909897488,0.04870576038956642,0.9834508895874023,
2026-07-15T21:50:06.530,8.455972125055268,20260715_214958_front_fusion_ego_1643,speedsweep_normal,fusion_ego_1643,6340365,2,vehicle,0.0644737184047699,-12.607334233669715,120.03547972022753,0.8627607011782636,-34.9728692306853,4.64067268371582,1.8949978351593018,1.7839628458023071,31.80883086011545,244.63541666666669,226.66666666666669,216.15034094701213,218.50469032923382,273.12049238632125,234.82864300409955,0.08498891443014145,0.9960617423057556,
2026-07-15T21:50:06.668,8.593866217997856,20260715_214958_front_fusion_ego_1643,speedsweep_normal,fusion_ego_1643,6340366,0,vehicle,0.6877536177635193,-18.432280693035718,134.65923558807603,1.5050683464670853,38.36421751076431,8.049883842468262,2.8649165630340576,3.721890687942505,20.200623117514255,376.9609375,216.66666666666669,351.6197478324175,185.94131867090863,402.3021271675825,247.39201466242474,0.020846646279096603,0.9999998807907104,
2026-07-15T21:50:06.668,8.593866217997856,20260715_214958_front_fusion_ego_1643,speedsweep_normal,fusion_ego_1643,6340366,1,vehicle,0.17358802258968353,-16.81459524119115,130.45427470105034,0.4707503774900952,26.14320574169179,5.280127048492432,1.9763023853302002,1.5575244426727295,22.68148673633138,305.79427083333337,234.44444444444446,273.5638944183787,224.37897053029803,338.02464724828803,244.50991835859088,2.5775432732189074e-05,0.9997910857200623,
2026-07-15T21:50:06.668,8.593866217997856,20260715_214958_front_fusion_ego_1643,speedsweep_normal,fusion_ego_1643,6340366,2,person,0.1614067405462265,-12.370530619651937,149.16075997383263,0.9878364357059097,-103.80683924907694,0.4515259265899658,0.4837532639503479,1.8584344387054443,28.805746215844337,581.5651041666667,225.55555555555557,578.2591911094885,216.2485522362921,584.871017223845,234.86255887481903,0.9999983310699463,0.9974462985992432,
2026-07-15T21:50:06.668,8.593866217997856,20260715_214958_front_fusion_ego_1643,speedsweep_normal,fusion_ego_1643,6340366,3,person,0.12155232578516006,-24.366349447649768,126.21102536331536,1.0807586071249897,-34.51587878970456,1.0038517713546753,0.6177023649215698,1.9751056432724,17.80262126819491,191.26041666666669,234.44444444444446,184.7643687805782,217.34234895971088,197.75646455275518,251.54653992917804,0.8673737049102783,0.9950704574584961,
2026-07-15T21:50:06.800,8.72609015495982,20260715_214958_front_fusion_ego_1643,speedsweep_normal,fusion_ego_1643,6340367,0,vehicle,0.9193950295448303,-18.76020032365982,134.00361703154294,1.8089058077001514,-28.331706813365425,8.50198745727539,3.091675281524658,3.8209545612335205,18.9878786929306,368.0651041666667,216.66666666666669,335.76218233505887,179.00132099787396,400.3680259982745,254.3320123354594,0.20241566002368927,0.9999992847442627,
2026-07-15T21:50:06.800,8.72609015495982,20260715_214958_front_fusion_ego_1643,speedsweep_normal,fusion_ego_1643,6340367,1,vehicle,0.21335475146770477,-16.66761700285374,129.5863748795689,0.6213527460831181,-33.02580762302104,5.353668212890625,2.0147182941436768,1.638218879699707,22.146868454707924,298.0104166666667,234.44444444444446,263.06906610230607,223.8172533777025,332.9517672310273,245.0716355111864,0.00011091187479905784,0.9995338916778564,
2026-07-15T21:50:06.800,8.72609015495982,20260715_214958_front_fusion_ego_1643,speedsweep_normal,fusion_ego_1643,6340367,2,person,0.18705809116363525,-9.415315723602827,151.92110414852934,0.974224558805239,-115.54697848001048,0.485910564661026,0.5136875510215759,1.6811858415603638,31.7952255334438,582.6770833333334,225.55555555555557,579.0373211394375,216.89576390716766,586.3168455272292,234.21534720394348,0.9996910095214844,0.99522864818573,
2026-07-15T21:50:06.948,8.873735456960276,20260715_214958_front_fusion_ego_1643,speedsweep_normal,fusion_ego_1643,6340368,0,vehicle,0.6394222378730774,-22.003750367309088,134.65379215281038,1.8535058146721513,-1.2117093663024943,7.6074628829956055,2.8109309673309326,3.62532114982605,14.706306805969973,360.28125,208.88888888888889,319.49719217419624,173.9158766799503,401.06530782580376,243.86190109782748,0.0010765698971226811,0.9999996423721313,
2026-07-15T21:50:06.948,8.873735456960276,20260715_214958_front_fusion_ego_1643,speedsweep_normal,fusion_ego_1643,6340368,1,person,0.2615754306316376,-10.18027363588066,150.16513125976485,1.0951475745602428,-145.2115880050359,0.41735076904296875,0.4823589026927948,1.8099851608276367,29.42921123020026,591.5729166666667,225.55555555555557,588.0742283935349,216.70104447338318,595.0716049397986,234.41006663772797,0.9999951124191284,0.9982312321662903,
2026-07-15T21:50:06.948,8.873735456960276,20260715_214958_front_fusion_ego_1643,speedsweep_normal,fusion_ego_1643,6340368,2,vehicle,0.15946359932422638,-10.774532102618977,127.08897114905068,0.9127131730191991,-71.90581659434807,5.353219985961914,1.9877538681030273,2.118748664855957,27.60112405011245,280.21875,226.66666666666669,246.94954536110166,214.67461834351224,313.4879546388984,238.65871498982114,0.005998973734676838,0.9987645149230957,
2026-07-15T21:50:06.948,8.873735456960276,20260715_214958_front_fusion_ego_1643,speedsweep_normal,fusion_ego_1643,6340368,3,vehicle,0.1541549563407898,-13.793745945161852,130.68871745904576,0.4407207277280545,-10.035767355503319,5.785519599914551,2.171571969985962,1.6504054069519043,23.616006701981114,305.79427083333337,234.44444444444446,271.7928038363656,224.6606704261568,339.79573783030116,244.22821846273212,0.999895453453064,0.9999915361404419,
2026-07-15T21:50:06.948,8.873735456960276,20260715_214958_front_fusion_ego_1643,speedsweep_normal,fusion_ego_1643,6340368,4,vehicle,0.11837340146303177,-5.269424422339256,136.1708361524671,1.7417964023482753,-51.47591010064826,7.051011562347412,2.5999691486358643,3.6030304431915283,31.256324305403652,430.33593750000006,217.7777777777778,413.16700349375606,201.7080162631141,447.504871506244,233.8475392924415,0.0088572409003973,0.9988527297973633,
2026-07-15T21:50:06.948,8.873735456960276,20260715_214958_front_fusion_ego_1643,speedsweep_normal,fusion_ego_1643,6340368,5,vehicle,0.10337875783443451,-23.420787033803748,112.11630511612705,1.3223430161333152,-18.50504933105692,4.9126434326171875,1.8429909944534302,2.2622742652893066,28.149107248134055,13.34375,243.33333333333334,-0.9028345979750158,225.54390211900076,27.59033459797502,261.12276454766595,0.2961249351501465,0.9695271849632263,
2026-07-15T21:50:07.087,9.013481636997312,20260715_214958_front_fusion_ego_1643,speedsweep_normal,fusion_ego_1643,6340369,0,vehicle,0.6406028270721436,-22.51299137506378,133.21303321050388,1.89066252035892,23.739346742343063,7.421642303466797,2.657224178314209,3.5788347721099854,13.563012465148011,350.2734375,208.88888888888889,311.2041881456971,168.5694580607944,389.3426868543029,249.2083197169834,0.023877829313278198,1.0,
2026-07-15T21:50:07.087,9.013481636997312,20260715_214958_front_fusion_ego_1643,speedsweep_normal,fusion_ego_1643,6340369,1,person,0.2643004059791565,-12.069290215408046,149.7244422685519,1.0858865437756635,-135.9114053716165,0.3755163252353668,0.4482947289943695,1.8056410551071167,26.671718886154867,599.3567708333334,226.66666666666669,595.3784033128371,217.39092538754147,603.3351383538296,235.9424079457919,0.9999845027923584,0.9958590865135193,
2026-07-15T21:50:07.087,9.013481636997312,20260715_214958_front_fusion_ego_1643,speedsweep_normal,fusion_ego_1643,6340369,2,vehicle,0.25561535358428955,0.7256336431437376,138.11232268288106,0.883458926664991,-103.61549292946185,5.42117977142334,1.9863282442092896,2.0638773441314697,36.27110840198358,458.1354166666667,225.55555555555557,450.3171479931722,218.59409529301857,465.95368534016114,232.51701581809257,0.05808096006512642,0.999988317489624,
2026-07-15T21:50:07.087,9.013481636997312,20260715_214958_front_fusion_ego_1643,speedsweep_normal,fusion_ego_1643,6340369,3,vehicle,0.1255122274160385,-6.209264176239479,135.498624058568,1.8088724250480033,-6.3740253654254575,6.913434982299805,2.5637574195861816,3.631173849105835,29.354810691309115,430.33593750000006,217.7777777777778,413.21706438064575,200.63332484828103,447.4548106193543,234.92223070727457,0.002436729148030281,0.9983269572257996,
2026-07-15T21:50:07.087,9.013481636997312,20260715_214958_front_fusion_ego_1643,speedsweep_normal,fusion_ego_1643,6340369,4,vehicle,0.06504666805267334,-14.35124728206597,133.55361710974546,0.9787519484894955,-64.892641732497,5.429871559143066,2.0206542015075684,2.089937686920166,21.463775784397257,279.10677083333337,234.44444444444446,247.41998079170784,221.6518979933527,310.79356087495887,247.23699089553622,0.001844674232415855,0.9993640780448914,
2026-07-15T21:50:07.216,9.141969192074612,20260715_214958_front_fusion_ego_1643,speedsweep_normal,fusion_ego_1643,6340370,0,vehicle,0.7284005880355835,-22.255221208929903,133.09220395370744,1.9628325336571752,0.9750766333705854,7.44089412689209,2.6411538124084473,3.650888442993164,12.899606611739866,341.3776041666667,208.88888888888889,299.9581416423122,162.04103642039829,382.79706669102114,255.73674135737951,0.05767491087317467,0.9999992847442627,
2026-07-15T21:50:07.216,9.141969192074612,20260715_214958_front_fusion_ego_1643,speedsweep_normal,fusion_ego_1643,6340370,1,vehicle,0.2445252239704132,2.722666243561214,137.9452817508069,1.0271205266462362,-110.54251283800485,5.6198954582214355,2.054123640060425,2.143284559249878,37.2697795715424,458.1354166666667,225.55555555555557,449.8667511275659,218.24790883395409,466.40408220576745,232.86320227715706,0.18585969507694244,0.9999902248382568,
2026-07-15T21:50:07.216,9.141969192074612,20260715_214958_front_fusion_ego_1643,speedsweep_normal,fusion_ego_1643,6340370,2,vehicle,0.21907255053520203,-4.5306343575132715,134.9424362086932,1.8404311960730266,-32.67784134782369,7.167409420013428,2.617236614227295,3.729562997817993,30.075316661093982,430.33593750000006,217.7777777777778,412.87298665195704,201.17941008673776,447.798888348043,234.37614546881784,0.018332496285438538,0.9995507597923279,
2026-07-15T21:50:07.216,9.141969192074612,20260715_214958_front_fusion_ego_1643,speedsweep_normal,fusion_ego_1643,6340370,3,vehicle,0.18802711367607117,-8.911147624557422,125.0157809726469,1.2332279909369457,-39.54089207758869,5.827754020690918,2.204519271850586,2.405254602432251,28.300785482600155,262.42708333333337,234.44444444444446,225.82779814799628,221.18073847558765,299.02636851867044,247.70815041330127,0.05680559575557709,0.9209644198417664,
2026-07-15T21:50:07.351,9.277163287973963,20260715_214958_front_fusion_ego_1643,speedsweep_normal,fusion_ego_1643,6340371,0,vehicle,0.5303311944007874,-22.81051222015072,132.25856793637075,1.9232186694694906,-13.499604463575663,7.105280876159668,2.5458266735076904,3.3795816898345947,11.748092960600646,323.5859375,207.7777777777778,271.58611583709717,164.91006241904364,375.58575916290283,250.64549313651193,0.046003106981515884,0.9999969005584717,
2026-07-15T21:50:07.351,9.277163287973963,20260715_214958_front_fusion_ego_1643,speedsweep_normal,fusion_ego_1643,6340371,1,person,0.31427106261253357,-10.8270215844137,149.69576436429182,1.280657057746212,-157.24746976185594,0.4620504081249237,0.42823919653892517,2.0549886226654053,26.006494105701826,617.1484375,225.55555555555557,613.2396559007466,215.01845094892715,621.0572190992534,236.092660162184,0.999997615814209,0.9988884329795837,
2026-07-15T21:50:07.351,9.277163287973963,20260715_214958_front_fusion_ego_1643,speedsweep_normal,fusion_ego_1643,6340371,2,vehicle,0.27230554819107056,-4.291811997164395,135.28403423846595,1.749881504798239,-60.59305541640014,7.295515060424805,2.62075138092041,3.7127881050109863,29.300477444637036,430.33593750000006,217.7777777777778,412.3037120811641,200.63117550479043,448.36816291883594,234.92438005076517,0.013699634931981564,0.9996947050094604,
2026-07-15T21:50:07.351,9.277163287973963,20260715_214958_front_fusion_ego_1643,speedsweep_normal,fusion_ego_1643,6340371,3,person,0.25507256388664246,-10.94433796666884,127.60883595025277,0.9401703744558887,150.62695934954615,0.28937625885009766,0.41809770464897156,1.8365823030471802,24.48896599369528,172.35677083333334,235.55555555555557,167.20948216070732,225.54498556587433,177.50405950595936,245.56612554523682,0.9965609908103943,0.9894986152648926,
2026-07-15T21:50:07.483,9.40931110503152,20260715_214958_front_fusion_ego_1643,speedsweep_normal,fusion_ego_1643,6340372,0,vehicle,0.5647144913673401,-22.400157732072085,131.69591758610875,2.3009536906984174,7.52891290717001,9.607441902160645,3.252213954925537,4.455035209655762,11.48535981846773,289.11458333333337,207.7777777777778,208.9268189718326,122.94467793570625,369.3023476948341,292.6108776198493,0.12874747812747955,0.9999521970748901,
2026-07-15T21:50:07.483,9.40931110503152,20260715_214958_front_fusion_ego_1643,speedsweep_normal,fusion_ego_1643,6340372,1,person,0.4425783157348633,-16.017948785226128,145.61830515092342,1.38330983590804,-61.56660330308632,0.3827184736728668,0.36863866448402405,2.074310064315796,18.627264105984555,626.0442708333334,226.66666666666669,621.4137242961054,212.90580073992413,630.6748173705613,240.42753259340924,0.9999960660934448,0.9981054067611694,
2026-07-15T21:50:07.483,9.40931110503152,20260715_214958_front_fusion_ego_1643,speedsweep_normal,fusion_ego_1643,6340372,2,vehicle,0.12973839044570923,-2.2407308933303653,134.20782887975744,1.8532899642638376,-21.344695889316284,7.409970760345459,2.7519311904907227,3.8980071544647217,30.437067798903033,430.33593750000006,217.7777777777778,412.4195738211274,198.36453722582925,448.25230117887264,237.19101832972635,0.0036068521440029144,0.9985427856445312,
2026-07-15T21:50:07.612,9.538079382036813,20260715_214958_front_fusion_ego_1643,speedsweep_normal,fusion_ego_1643,6340373,0,vehicle,0.6163088083267212,-23.879139110492524,134.5037355076427,1.9841790739036256,20.89152761881464,7.233221530914307,2.5811870098114014,3.420128107070923,8.087383030293278,244.63541666666669,198.88888888888889,100.62007401386897,77.14084678226047,388.6507593194644,320.63693099551733,0.2595250904560089,0.9998536109924316,
2026-07-15T21:50:07.612,9.538079382036813,20260715_214958_front_fusion_ego_1643,speedsweep_normal,fusion_ego_1643,6340373,1,person,0.23272526264190674,-14.675483044877815,151.603062126594,1.2155702199545821,-56.67630110680597,0.28662216663360596,0.37702512741088867,1.9541438817977905,22.301970023996073,643.8359375,226.66666666666669,638.2787702456117,212.38590459028882,649.3931047543883,240.94742874304455,0.9999996423721313,0.9988574981689453,
2026-07-15T21:50:07.612,9.538079382036813,20260715_214958_front_fusion_ego_1643,speedsweep_normal,fusion_ego_1643,6340373,2,vehicle,0.22024597227573395,4.131453251673861,138.11367420319968,0.8517998921441277,-66.22225459441184,5.139235973358154,2.0014586448669434,1.9095841646194458,35.70562439980408,465.91927083333337,225.55555555555557,456.9158312225094,218.22806048724388,474.92271044415736,232.88305062386726,0.2073661834001541,0.9999659061431885,
2026-07-15T21:50:07.612,9.538079382036813,20260715_214958_front_fusion_ego_1643,speedsweep_normal,fusion_ego_1643,6340373,3,vehicle,0.20713447034358978,-23.86588369802549,135.10301131759124,2.1534260477513745,27.453055767506292,7.769464492797852,2.7746219635009766,3.6117873191833496,7.944900127173832,234.62760416666669,198.88888888888889,60.47297022740047,76.40460544162326,408.7822381059329,321.37317233615454,0.04199231043457985,0.9979469180107117,
2026-07-15T21:50:07.612,9.538079382036813,20260715_214958_front_fusion_ego_1643,speedsweep_normal,fusion_ego_1643,6340373,4,vehicle,0.18198519945144653,-1.308370852935937,130.5753286108773,0.8720059883777882,71.7589356629258,5.342040538787842,2.011928081512451,1.9941091537475586,30.930136737771345,394.7526041666667,226.66666666666669,380.29655951137346,217.95102069775265,409.2086488219599,235.38231263558072,0.0158237237483263,0.9956235289573669,
2026-07-15T21:50:07.612,9.538079382036813,20260715_214958_front_fusion_ego_1643,speedsweep_normal,fusion_ego_1643,6340373,5,person,0.17629244923591614,-23.970341853210435,151.1141906447535,0.9644142743134108,110.98074340641048,0.4940565824508667,0.4667496979236603,1.5159927606582642,16.00880275928271,851.7760416666667,244.44444444444446,844.9055138180654,222.2249409225252,858.6465695152681,266.6639479663637,0.9975337982177734,0.7978394031524658,
2026-07-15T21:50:07.745,9.671252291067503,20260715_214958_front_fusion_ego_1643,speedsweep_normal,fusion_ego_1643,6340374,0,vehicle,0.49510806798934937,-1.3921104055689675,131.14349188081957,0.8625423991351018,10.470041286797453,5.306156635284424,1.9977240562438965,1.9674919843673706,29.759462478097642,394.7526041666667,226.66666666666669,380.46829137081903,218.32923809687298,409.03691696251434,235.0040952364604,0.03228218853473663,0.9993632435798645,
2026-07-15T21:50:07.745,9.671252291067503,20260715_214958_front_fusion_ego_1643,speedsweep_normal,fusion_ego_1643,6340374,1,vehicle,0.3036113381385803,-20.681715736795905,138.6156259794215,1.4087609525940226,-30.661825320883825,3.8325352668762207,1.7136142253875732,2.292525291442871,10.003648485968526,110.08593750000001,226.66666666666669,71.98627642542124,199.93862907091778,148.18559857457876,253.3947042624156,0.9942691326141357,0.1103522852063179,
2026-07-15T21:50:07.745,9.671252291067503,20260715_214958_front_fusion_ego_1643,speedsweep_normal,fusion_ego_1643,6340374,2,vehicle,0.1595611721277237,3.8444727027572085,139.2499492518281,0.683054686605028,-97.78540686432561,4.894814491271973,1.9293079376220703,1.8084081411361694,34.484090329059356,465.91927083333337,225.55555555555557,453.93842056517803,218.53547382685875,477.9001211014887,232.5756372842524,0.35001909732818604,0.9994840621948242,
2026-07-15T21:50:07.745,9.671252291067503,20260715_214958_front_fusion_ego_1643,speedsweep_normal,fusion_ego_1643,6340374,3,vehicle,0.11767640709877014,-0.7692595903210773,135.15756697790408,1.5861221675014847,21.200024538167252,6.699111461639404,2.549286365509033,3.4105732440948486,29.846161807620444,430.33593750000006,216.66666666666669,405.9368154294789,200.04388014475506,454.7350595705212,233.2894531885783,1.713413803372532e-05,0.9922841191291809,
2026-07-15T21:50:07.745,9.671252291067503,20260715_214958_front_fusion_ego_1643,speedsweep_normal,fusion_ego_1643,6340374,4,vehicle,0.10704796016216278,-24.68589888388145,133.87065117113374,2.1337037287767933,36.44678886960513,8.23853874206543,2.7977702617645264,3.8382296562194824,6.690515276442393,199.04427083333334,181.11111111111111,-8.14025981227557,-21.4357238345676,406.2288014789423,383.65794605678985,0.03867243975400925,0.9999207258224487,
2026-07-15T21:50:07.745,9.671252291067503,20260715_214958_front_fusion_ego_1643,speedsweep_normal,fusion_ego_1643,6340374,5,vehicle,0.08537838608026505,-11.539430912286385,120.08343050783097,1.5645253014242986,-6.8894174966350565,6.00291633605957,2.3350555896759033,2.8184540271759033,25.468369177574694,199.04427083333334,226.66666666666669,161.88958674420914,206.75282398859662,236.19895492245755,246.58050934473675,0.9404341578483582,0.0004330936062615365,
2026-07-15T21:50:07.875,9.801056331023574,20260715_214958_front_fusion_ego_1643,speedsweep_normal,fusion_ego_1643,6340375,0,vehicle,0.45272570848464966,-0.9438217504734361,130.74895308061608,0.8939563788795146,-0.6565583859693349,5.098203182220459,1.9978034496307373,1.884024977684021,29.30576943058889,394.7526041666667,226.66666666666669,381.5531719202797,218.1844578186671,407.9520364130537,235.14887551466626,0.26029399037361145,0.999562680721283,
2026-07-15T21:50:07.875,9.801056331023574,20260715_214958_front_fusion_ego_1643,speedsweep_normal,fusion_ego_1643,6340375,1,vehicle,0.2862235903739929,4.835179365937535,138.2564528733627,0.6544444058753325,157.99208397790886,4.9396562576293945,1.9938215017318726,1.7857955694198608,34.43199972863943,465.91927083333337,225.55555555555557,451.7717295152446,218.225979987118,480.06681215142214,232.88513112399315,0.029178539291024208,0.9997127652168274,
2026-07-15T21:50:07.875,9.801056331023574,20260715_214958_front_fusion_ego_1643,speedsweep_normal,fusion_ego_1643,6340375,2,vehicle,0.15263885259628296,-0.5870430374560058,134.3672518548375,1.547165289146455,4.232339859185831,6.724559307098389,2.5502073764801025,3.392613649368286,29.097691338940326,430.33593750000006,216.66666666666669,407.9341304451227,200.15973190466565,452.73774455487734,233.17360142866772,7.414238643832505e-05,0.9981715679168701,
2026-07-15T21:50:07.875,9.801056331023574,20260715_214958_front_fusion_ego_1643,speedsweep_normal,fusion_ego_1643,6340375,3,person,0.11671410501003265,-13.9715071029636,153.35645519859813,1.1094977607209975,77.59101355898432,1.1934294700622559,0.6642263531684875,1.7114487886428833,22.586211885081674,662.7395833333334,226.66666666666669,653.6864081335565,213.86007259289426,671.7927585331103,239.47326074043912,0.9963504076004028,0.9641727805137634,
2026-07-15T21:50:07.875,9.801056331023574,20260715_214958_front_fusion_ego_1643,speedsweep_normal,fusion_ego_1643,6340375,4,vehicle,0.11475495994091034,-24.87022611520597,133.97100756403267,1.8237126899750957,-19.727380412217368,6.356835842132568,2.3872945308685303,3.2553436756134033,5.604822199286043,289.11458333333337,198.88888888888889,246.74394964178404,148.67155604892307,331.4852170248827,249.10622172885473,0.24076353013515472,0.9456261396408081,
2026-07-15T21:50:08.005,9.930844456073828,20260715_214958_front_fusion_ego_1643,speedsweep_normal,fusion_ego_1643,6340376,0,vehicle,0.44165220856666565,-1.6498920715263807,132.02801754097518,0.8411399879509842,109.46574718742436,5.23441219329834,2.019418478012085,1.805910587310791,27.386551798977717,386.96875,226.66666666666669,371.37367740273476,218.06456844011944,402.56382259726524,235.26876489321393,0.053616441786289215,0.9999014139175415,
2026-07-15T21:50:08.005,9.930844456073828,20260715_214958_front_fusion_ego_1643,speedsweep_normal,fusion_ego_1643,6340376,1,vehicle,0.11325135082006454,1.881338636157647,134.64809594685886,1.5123322951664846,53.899558634688844,6.534814834594727,2.4587507247924805,3.305274248123169,30.54267657830305,430.33593750000006,217.7777777777778,410.2949360795319,202.23188208209146,450.37693892046815,233.32367347346414,0.00010263353033224121,0.9972391128540039,
2026-07-15T21:50:08.005,9.930844456073828,20260715_214958_front_fusion_ego_1643,speedsweep_normal,fusion_ego_1643,6340376,2,vehicle,0.05086768418550491,-16.972018938565597,136.61400097332623,0.7050139348932842,103.25539405395196,4.214198589324951,1.7268327474594116,1.6446317434310913,11.632794275790838,323.5859375,234.44444444444446,287.378075607121,219.0503438976076,359.793799392879,249.8385449912813,0.0013303036103025079,0.9437796473503113,
2026-07-15T21:50:08.005,9.930844456073828,20260715_214958_front_fusion_ego_1643,speedsweep_normal,fusion_ego_1643,6340376,3,vehicle,0.05052848905324936,-27.89215432045874,138.23292625512192,0.9784954346780805,-76.09641001331012,2.852271318435669,1.2923798561096191,1.551354169845581,1.4911588293498346,40.03125,477.77777777777777,12.779726326465607,427.7444087134467,67.2827736735344,527.8111468421089,0.046378858387470245,0.15589851140975952,
2026-07-15T21:50:08.140,10.065620217006654,20260715_214958_front_fusion_ego_1643,speedsweep_normal,fusion_ego_1643,6340377,0,vehicle,0.35119280219078064,-22.323083155930096,132.55323589943015,2.013120355050054,22.99804911487814,8.292617797851562,2.975933790206909,4.198951721191406,6.91151564150622,306.90625,207.7777777777778,261.4847670570016,143.66518603430853,352.3277329429984,271.890369521247,0.9888017177581787,0.9029602408409119,
2026-07-15T21:50:08.140,10.065620217006654,20260715_214958_front_fusion_ego_1643,speedsweep_normal,fusion_ego_1643,6340377,1,vehicle,0.3258674144744873,-1.9439873600126205,131.51387114914323,0.890192665582215,-129.65336441786093,5.287724494934082,2.0532705783843994,2.008366823196411,26.22218554290614,385.85677083333337,226.66666666666669,365.7026023169359,216.43041650454205,406.01093934973085,236.90291682879132,0.020527204498648643,0.9996805191040039,
2026-07-15T21:50:08.140,10.065620217006654,20260715_214958_front_fusion_ego_1643,speedsweep_normal,fusion_ego_1643,6340377,2,vehicle,0.30689671635627747,-25.874724952512604,135.2614998011898,1.6843076636446093,-15.235539187993771,6.163548469543457,2.3154945373535156,3.1447298526763916,2.4508400702189586,279.10677083333337,198.88888888888889,227.7369645809134,150.8310525947147,330.4765770857533,246.94672518306308,0.178007572889328,0.987828254699707,
2026-07-15T21:50:08.140,10.065620217006654,20260715_214958_front_fusion_ego_1643,speedsweep_normal,fusion_ego_1643,6340377,3,person,0.16734319925308228,-16.55593313630954,153.86653448244996,1.214059836060427,105.18175491928453,0.8438222408294678,0.49982690811157227,2.023815393447876,20.133421148974993,805.0729166666667,226.66666666666669,793.9905281650524,208.75358561674756,816.1553051682811,244.5797477165858,0.9971141815185547,0.5431839227676392,
2026-07-15T21:50:08.291,10.216691612033173,20260715_214958_front_fusion_ego_1643,speedsweep_normal,fusion_ego_1643,6340378,0,vehicle,0.28317734599113464,-3.4855711881715123,133.22012857634414,0.7535952738303029,-35.0475741082813,4.7637200355529785,1.8705525398254395,1.8447762727737427,23.419181434595515,385.85677083333337,226.66666666666669,368.9736329366764,216.8750489751498,402.73990872999036,236.45828435818356,0.06956281512975693,0.9997605681419373,
2026-07-15T21:50:08.291,10.216691612033173,20260715_214958_front_fusion_ego_1643,speedsweep_normal,fusion_ego_1643,6340378,1,vehicle,0.22857417166233063,-24.601391032946367,134.4107867128025,1.6217133128537489,-29.711825578478273,6.26683235168457,2.433103084564209,2.943929433822632,3.2766555564406956,252.41927083333334,190.0,187.4464211066564,125.07572889328003,317.3921205600103,254.92427110671997,0.04096419736742973,0.9124444127082825,
2026-07-15T21:50:08.291,10.216691612033173,20260715_214958_front_fusion_ego_1643,speedsweep_normal,fusion_ego_1643,6340378,2,vehicle,0.22378255426883698,6.636310529786584,138.04921521949626,0.7214691916182283,-86.48602709789662,4.749106407165527,1.8211978673934937,2.0047833919525146,33.24410577377727,457.02343750000006,225.55555555555557,448.43351758085197,218.2448636326525,465.61335741914814,232.86624747845863,0.888676643371582,0.9999499320983887,
2026-07-15T21:50:08.291,10.216691612033173,20260715_214958_front_fusion_ego_1643,speedsweep_normal,fusion_ego_1643,6340378,3,vehicle,0.20843364298343658,3.2843488426840928,135.15277581908177,1.3806223488897833,-156.70250828809253,6.523179531097412,2.4279379844665527,3.122206687927246,29.925379509304456,430.33593750000006,217.7777777777778,412.88812374323606,203.57547567950357,447.783751256764,231.98007987605203,0.0006357544334605336,0.9975538849830627,
2026-07-15T21:50:08.426,10.351967376074754,20260715_214958_front_fusion_ego_1643,speedsweep_normal,fusion_ego_1643,6340379,0,vehicle,0.6426494717597961,-25.618544297494516,134.3455318250424,1.9417282339408,-60.871219893380946,7.859652996063232,2.95919132232666,3.5874688625335693,2.70859612795064,199.04427083333334,182.22222222222223,126.2331120123466,73.8815916909112,271.8554296543201,290.56285275353326,0.13772794604301453,0.8724080920219421,
2026-07-15T21:50:08.426,10.351967376074754,20260715_214958_front_fusion_ego_1643,speedsweep_normal,fusion_ego_1643,6340379,1,vehicle,0.33300819993019104,-5.47817732639367,132.7633975847542,0.4083820489471468,88.04227560105973,4.7560882568359375,1.7866657972335815,1.6049309968948364,20.588760422542457,378.0729166666667,234.44444444444446,358.6220693315069,223.59137114551334,397.52376400182646,245.29751774337558,0.0010760598815977573,0.9999867677688599,
2026-07-15T21:50:08.426,10.351967376074754,20260715_214958_front_fusion_ego_1643,speedsweep_normal,fusion_ego_1643,6340379,2,vehicle,0.28648385405540466,-6.783467265932071,130.2749668927593,1.3798167957796337,159.3835023014858,6.078395843505859,2.251943349838257,2.8215672969818115,19.981886701738436,315.80208333333337,225.55555555555557,274.3438332056006,205.66612634393906,357.2603334610661,245.4449847671721,0.04872320592403412,0.9998453855514526,
2026-07-15T21:50:08.426,10.351967376074754,20260715_214958_front_fusion_ego_1643,speedsweep_normal,fusion_ego_1643,6340379,3,vehicle,0.2056005597114563,-13.290501009768029,131.08653527732932,1.0407430069291512,91.18994532161908,4.576860427856445,1.9550914764404297,1.9800797700881958,13.665399362344482,288.0026041666667,234.44444444444446,246.5491547683875,213.03539362218646,329.4560535649459,255.85349526670245,0.025625327602028847,0.864443838596344,
2026-07-15T21:50:08.564,10.490188983967528,20260715_214958_front_fusion_ego_1643,speedsweep_normal,fusion_ego_1643,6340380,0,vehicle,0.605731189250946,-9.960484185593696,133.5168306104861,1.1154915527093545,116.2823923184819,5.272311210632324,1.9830232858657837,2.462207555770874,15.060382319387616,305.79427083333337,225.55555555555557,268.6781261985501,204.67853877279495,342.91041546811664,246.4325723383162,0.008641913533210754,0.9999755620956421,
2026-07-15T21:50:08.564,10.490188983967528,20260715_214958_front_fusion_ego_1643,speedsweep_normal,fusion_ego_1643,6340380,1,vehicle,0.5114365816116333,-7.609626109652016,133.97761745603654,0.527999782077569,88.80375124592992,4.808332920074463,1.7932919263839722,1.5671122074127197,17.290793929658133,376.9609375,234.44444444444446,350.9665543474257,220.06601419713763,402.9553206525743,248.82287469175128,0.004393675364553928,0.9999998807907104,
2026-07-15T21:50:08.564,10.490188983967528,20260715_214958_front_fusion_ego_1643,speedsweep_normal,fusion_ego_1643,6340380,2,vehicle,0.2896389067173004,-9.787014158245531,129.5376760106335,0.9923762996953827,92.9018341540303,5.6172685623168945,2.1134252548217773,2.297649383544922,16.60529359821806,253.53125000000003,234.44444444444446,205.59871513396502,214.91595652368335,301.463784866035,253.97293236520557,0.001838077325373888,0.9988648891448975,
2026-07-15T21:50:08.564,10.490188983967528,20260715_214958_front_fusion_ego_1643,speedsweep_normal,fusion_ego_1643,6340380,3,vehicle,0.21163147687911987,-9.036972347450735,129.6145069913608,1.137795798369976,80.45238396683425,6.21000337600708,2.29929518699646,2.5258588790893555,17.24102543238187,226.84375000000003,234.44444444444446,169.61549811065197,215.77677037980823,284.07200188934803,253.1121185090807,0.03038739785552025,0.9989087581634521,
2026-07-15T21:50:08.564,10.490188983967528,20260715_214958_front_fusion_ego_1643,speedsweep_normal,fusion_ego_1643,6340380,4,vehicle,0.12898962199687958,4.988400262408927,136.12853732445134,1.7627400709460255,-72.48789878081179,6.935295581817627,2.611470937728882,3.4212515354156494,29.605977593065237,431.4479166666667,217.7777777777778,411.778702950726,201.2328754531013,451.1171303826074,234.3226801024543,0.0005983211449347436,0.9988667964935303,
2026-07-15T21:50:08.694,10.620385239017196,20260715_214958_front_fusion_ego_1643,speedsweep_normal,fusion_ego_1643,6340381,0,vehicle,0.47635695338249207,-6.233890818924145,133.3814134415873,0.8169769794182291,88.48463262761175,5.257207870483398,1.9559272527694702,1.8830093145370483,17.76734004395068,369.17708333333337,235.55555555555557,346.86305263762677,221.8756789300177,391.49111402904,249.23543218109344,0.06960617750883102,0.9999991655349731,
2026-07-15T21:50:08.694,10.620385239017196,20260715_214958_front_fusion_ego_1643,speedsweep_normal,fusion_ego_1643,6340381,1,person,0.39245080947875977,-2.376053755349247,151.9283585819937,1.083788536430064,-89.77439694872635,0.3223221004009247,0.40439069271087646,1.8807294368743896,25.949765529979505,643.8359375,226.66666666666669,639.2837368631735,216.36808911959332,648.3881381368265,236.96524421374005,0.999981164932251,0.9954628348350525,
2026-07-15T21:50:08.694,10.620385239017196,20260715_214958_front_fusion_ego_1643,speedsweep_normal,fusion_ego_1643,6340381,2,vehicle,0.3261321783065796,-7.305284606668824,133.85225695256185,1.1800208427290892,-21.470321370323276,6.149264335632324,2.3257904052734375,2.5789706707000732,16.613871205127875,244.63541666666669,235.55555555555557,199.2257589797179,215.69384429189896,290.04507435361546,255.4172668192122,0.644031822681427,0.9996433258056641,
2026-07-15T21:50:08.694,10.620385239017196,20260715_214958_front_fusion_ego_1643,speedsweep_normal,fusion_ego_1643,6340381,3,vehicle,0.23020662367343903,7.830459171865893,135.71822945660156,1.7349245043757755,-54.389553016520296,7.950168132781982,2.8725554943084717,3.731879711151123,31.469557222484703,431.4479166666667,217.7777777777778,413.0334494697551,200.31659887896646,449.86238386357826,235.23895667658914,0.00022617071226704866,0.999725878238678,
2026-07-15T21:50:08.694,10.620385239017196,20260715_214958_front_fusion_ego_1643,speedsweep_normal,fusion_ego_1643,6340381,4,vehicle,0.2016911655664444,-9.681032293560786,131.44235440231571,1.213952846176447,58.30545503625049,6.139293670654297,2.285551071166992,2.4793167114257812,15.007946855581022,296.8984375,225.55555555555557,249.03239385038617,200.04591140482162,344.76448114961386,251.06519970628952,0.020300913602113724,0.9999175071716309,
2026-07-15T21:50:08.694,10.620385239017196,20260715_214958_front_fusion_ego_1643,speedsweep_normal,fusion_ego_1643,6340381,5,vehicle,0.12523546814918518,12.576661468928378,139.52938106036055,1.0246753197597602,-135.4025709314239,5.424604415893555,1.9967092275619507,2.2602298259735107,36.27806634495327,457.02343750000006,225.55555555555557,448.0507365558297,218.4025775227282,465.9961384441704,232.70853358838295,0.14783065021038055,0.9998782873153687,
2026-07-15T21:50:08.825,10.751384970964864,20260715_214958_front_fusion_ego_1643,speedsweep_normal,fusion_ego_1643,6340382,0,vehicle,0.6826812624931335,-9.323183443167224,128.7678827901189,1.1762048580530662,47.570355502792474,6.024265766143799,2.2725625038146973,2.2912113666534424,15.65206246418911,279.10677083333337,226.66666666666669,228.8898904596766,200.97502390543622,329.3236512069901,252.35830942789715,0.16519717872142792,0.9999411106109619,
2026-07-15T21:50:08.825,10.751384970964864,20260715_214958_front_fusion_ego_1643,speedsweep_normal,fusion_ego_1643,6340382,1,vehicle,0.4900955557823181,-6.3738396320737145,133.75205693883035,0.7817585052367637,72.230912247046,5.3278398513793945,1.9826312065124512,2.015897750854492,16.58622068747436,368.0651041666667,235.55555555555557,344.1442814121644,218.30348882410263,391.985926921169,252.8076222870085,0.3165121078491211,0.999998927116394,
2026-07-15T21:50:08.825,10.751384970964864,20260715_214958_front_fusion_ego_1643,speedsweep_normal,fusion_ego_1643,6340382,2,vehicle,0.3842099905014038,9.009891149384934,135.8403652993032,1.8668591512059418,-54.40261878908584,8.324417114257812,2.938621997833252,3.976923942565918,31.652966483528857,431.4479166666667,217.7777777777778,414.1717202390234,199.65102480517496,448.72411309431,235.90453075038064,0.0015032571973279119,0.9998703002929688,
2026-07-15T21:50:08.825,10.751384970964864,20260715_214958_front_fusion_ego_1643,speedsweep_normal,fusion_ego_1643,6340382,3,person,0.199716717004776,-4.311218856229043,152.82016794554738,0.9993803807614638,-79.62984616652837,0.535554826259613,0.44100964069366455,1.8913085460662842,24.187942315595336,661.6276041666667,226.66666666666669,656.5993033551301,213.86597255865735,666.6559049782034,239.46736077467602,0.9996658563613892,0.9741460084915161,
2026-07-15T21:50:08.961,10.886616772972047,20260715_214958_front_fusion_ego_1643,speedsweep_normal,fusion_ego_1643,6340383,0,vehicle,0.3536708354949951,-6.774041504510905,133.73603874005468,0.7009965185994187,12.931983163715557,4.9239182472229,1.8377535343170166,1.8855602741241455,15.233100004583816,359.16927083333337,235.55555555555557,334.99315203105414,218.47332451078628,383.3453896356126,252.63778660032486,0.9703572988510132,0.9999998807907104,
2026-07-15T21:50:08.961,10.886616772972047,20260715_214958_front_fusion_ego_1643,speedsweep_normal,fusion_ego_1643,6340383,1,vehicle,0.2586685121059418,-13.046163750992912,131.4065855779316,1.4292956439850957,-57.452482925241455,5.680826663970947,2.1023879051208496,2.726583480834961,10.254679874643859,235.73958333333334,234.44444444444446,156.33980669577917,199.66613557603625,315.13935997088754,269.22275331285266,0.009232083335518837,0.9989268183708191,
2026-07-15T21:50:08.961,10.886616772972047,20260715_214958_front_fusion_ego_1643,speedsweep_normal,fusion_ego_1643,6340383,2,vehicle,0.2262786626815796,11.35515838603002,135.78295299975403,1.7469180827605169,-49.70060014675515,8.04594898223877,2.8769867420196533,3.818453788757324,33.00657607128241,431.4479166666667,217.7777777777778,414.81597081447643,201.14443408118356,448.07986251885694,234.41112147437204,0.0005756310420110822,0.9996259212493896,
2026-07-15T21:50:08.961,10.886616772972047,20260715_214958_front_fusion_ego_1643,speedsweep_normal,fusion_ego_1643,6340383,3,person,0.204127699136734,-7.134443801083599,143.17514672482866,1.2564791394109354,14.418130179039846,0.6544771194458008,0.6082893013954163,1.5220674276351929,15.747384248486894,689.4270833333334,234.44444444444446,680.7624697585901,222.14147445228366,698.0916969080766,246.74741443660525,0.9991956353187561,0.8740507960319519,
2026-07-15T21:50:08.961,10.886616772972047,20260715_214958_front_fusion_ego_1643,speedsweep_normal,fusion_ego_1643,6340383,4,vehicle,0.07969874888658524,-8.413981309327449,133.46662173294953,1.389972330389893,18.221746615348767,5.381285667419434,2.148898124694824,2.1637613773345947,13.683377453519512,245.74739583333334,226.66666666666669,173.84380712111792,200.03822306791943,317.6509845455488,253.29511026541394,0.40625670552253723,0.9801874756813049,
2026-07-15T21:50:08.961,10.886616772972047,20260715_214958_front_fusion_ego_1643,speedsweep_normal,fusion_ego_1643,6340383,5,vehicle,0.07840241491794586,-6.198590232106682,152.63598562098204,0.9733541495334213,-107.29457034137039,4.819403648376465,1.7983345985412598,1.9033105373382568,21.95818308782794,136.7734375,252.22222222222223,95.39011247456074,235.87661160363092,178.15676252543926,268.56783284081354,0.663070023059845,0.9954820871353149,
2026-07-15T21:50:08.961,10.886616772972047,20260715_214958_front_fusion_ego_1643,speedsweep_normal,fusion_ego_1643,6340383,6,vehicle,0.07215677201747894,14.197353147772418,140.69866600508257,1.0424300322411852,-98.75124088852021,5.5177226066589355,2.071671485900879,2.28236985206604,36.01586850795809,483.71093750000006,225.55555555555557,475.1122329458595,216.60321358177399,492.3096420541406,234.50789752933716,0.9283866882324219,0.999993085861206,
2026-07-15T21:50:09.096,11.022131433011964,20260715_214958_front_fusion_ego_1643,speedsweep_normal,fusion_ego_1643,6340384,0,vehicle,0.4951134920120239,12.107545115292535,135.18158741604157,1.8863426457809653,-51.71167983935733,8.428598403930664,2.9514501094818115,4.084212779998779,32.797590457679135,431.4479166666667,217.7777777777778,414.2806035826604,199.8539804087745,448.615229750673,235.7015751467811,0.0011429213918745518,0.9999147653579712,
2026-07-15T21:50:09.096,11.022131433011964,20260715_214958_front_fusion_ego_1643,speedsweep_normal,fusion_ego_1643,6340384,1,vehicle,0.4113366901874542,-8.342124662828018,133.67897624711074,0.7802576962994432,38.72058858734069,4.68654727935791,1.8497446775436401,1.7031199932098389,12.760747632799061,342.48958333333337,243.33333333333334,308.9003746037682,224.35701747735342,376.0787920628985,262.3096491893133,0.8613583445549011,0.9999995231628418,
2026-07-15T21:50:09.096,11.022131433011964,20260715_214958_front_fusion_ego_1643,speedsweep_normal,fusion_ego_1643,6340384,2,vehicle,0.23894590139389038,12.747622400667915,140.10055800395165,1.0481687333516199,-106.38194354058908,4.991584300994873,1.9123437404632568,2.0698277950286865,33.52853138949219,483.71093750000006,226.66666666666669,474.3601735439152,217.49088327089947,493.0617014560849,235.8424500624339,0.8248105645179749,0.999988317489624,
2026-07-15T21:50:09.096,11.022131433011964,20260715_214958_front_fusion_ego_1643,speedsweep_normal,fusion_ego_1643,6340384,3,vehicle,0.2331170290708542,-12.937447348924122,129.01836718078175,1.4344156041842488,-55.12386691286127,5.772992134094238,2.1298556327819824,2.7402799129486084,11.105173397658099,200.15625,234.44444444444446,114.42581601440908,185.59825327661304,285.88668398559093,283.2906356122759,0.9998013377189636,0.9999892711639404,
2026-07-15T21:50:09.096,11.022131433011964,20260715_214958_front_fusion_ego_1643,speedsweep_normal,fusion_ego_1643,6340384,4,person,0.2151201367378235,-5.001550767135363,144.44497254821155,0.7442184607639986,73.78301349484967,0.3408763110637665,0.3940935730934143,1.5061818361282349,17.324051382292645,572.6692708333334,234.44444444444446,567.6176042448109,222.77697649266986,577.7209374218559,246.11191239621905,0.9999998807907104,0.9997268319129944,
2026-07-15T21:50:09.096,11.022131433011964,20260715_214958_front_fusion_ego_1643,speedsweep_normal,fusion_ego_1643,6340384,5,vehicle,0.2045169472694397,-14.99149576589246,133.01243295218976,1.1988359556584667,-83.53368389350433,5.414964199066162,2.029014825820923,2.4404122829437256,6.930138655399346,181.25260416666669,252.22222222222223,105.66995146373908,208.16874159706964,256.8352568695943,296.2757028473748,0.3041895925998688,0.9984741806983948,
2026-07-15T21:50:09.234,11.160455901059322,20260715_214958_front_fusion_ego_1643,speedsweep_normal,fusion_ego_1643,6340385,0,vehicle,0.7292357683181763,-8.904341095000653,134.79622431934493,1.0567214565475085,3.1209063794526597,5.082000732421875,1.8876234292984009,2.2115752696990967,10.976527158658673,332.48177083333337,243.33333333333334,302.3328494553765,215.28358538945517,362.63069221129024,271.38308127721155,0.9519585967063904,0.9999998807907104,
2026-07-15T21:50:09.234,11.160455901059322,20260715_214958_front_fusion_ego_1643,speedsweep_normal,fusion_ego_1643,6340385,1,vehicle,0.39460864663124084,13.387713423219033,134.59274857131305,1.7346664414014443,-63.655923027954245,8.120537757873535,2.8805973529815674,3.8969411849975586,33.121322048230994,431.4479166666667,217.7777777777778,414.5659813384215,200.0338368283378,448.32985199491185,235.5217187272178,0.0011773310834541917,0.9998037219047546,
2026-07-15T21:50:09.234,11.160455901059322,20260715_214958_front_fusion_ego_1643,speedsweep_normal,fusion_ego_1643,6340385,2,vehicle,0.3501928448677063,-14.88019119589808,135.2118749685246,0.9207253243521463,-73.71305781943906,4.434908866882324,1.7081702947616577,1.7015324831008911,5.128776973102149,120.09375000000001,278.8888888888889,52.59840168058872,230.7656603389316,187.58909831941128,327.0121174388462,0.04589761793613434,0.9993346333503723,
2026-07-15T21:50:09.234,11.160455901059322,20260715_214958_front_fusion_ego_1643,speedsweep_normal,fusion_ego_1643,6340385,3,vehicle,0.2771705687046051,12.621748397381577,139.7757270068997,1.0129535814667052,-91.07791775188394,4.965951919555664,1.9074009656906128,2.0304207801818848,32.38608282827057,484.8229166666667,226.66666666666669,475.371187866355,217.40242044130963,494.27464546697837,235.93091289202374,0.20133735239505768,0.9999589920043945,
2026-07-15T21:50:09.234,11.160455901059322,20260715_214958_front_fusion_ego_1643,speedsweep_normal,fusion_ego_1643,6340385,4,vehicle,0.08611996471881866,16.236803283595986,137.6126043507878,1.0551782100282165,-105.15086032098753,5.659056663513184,2.033808469772339,2.2178537845611572,35.88787451097839,457.02343750000006,225.55555555555557,449.1776290554554,218.1887410912249,464.86924594454473,232.92237001988624,0.41342735290527344,0.9999598264694214,
2026-07-15T21:50:09.234,11.160455901059322,20260715_214958_front_fusion_ego_1643,speedsweep_normal,fusion_ego_1643,6340385,5,vehicle,0.05783839523792267,-0.4179525196893046,127.67754293355596,0.8275734160519725,94.88874154224851,5.57760763168335,2.098863124847412,2.1109282970428467,21.38719799533747,289.11458333333337,234.44444444444446,260.2953717534741,220.21828856733111,317.9337949131926,248.6706003215578,0.34624090790748596,0.951856791973114,
2026-07-15T21:50:09.360,11.285788399982266,20260715_214958_front_fusion_ego_1643,speedsweep_normal,fusion_ego_1643,6340386,0,vehicle,0.5751613974571228,-10.312865553079542,136.04845314352252,0.9398989355551124,50.40667933381749,5.012197971343994,1.997394323348999,1.6702854633331299,8.410939910600792,314.6901041666667,252.22222222222223,269.6912985692422,222.46705068482294,359.6889097640912,281.9773937596215,0.4769465923309326,0.9999996423721313,
2026-07-15T21:50:09.360,11.285788399982266,20260715_214958_front_fusion_ego_1643,speedsweep_normal,fusion_ego_1643,6340386,1,vehicle,0.36311784386634827,14.434385145146127,134.7610362482784,1.5715851252006563,-74.58489913572986,7.776107311248779,2.7650184631347656,3.7937018871307373,33.16056512987859,430.33593750000006,217.7777777777778,412.8157087638974,201.6716472970115,447.85616623610264,233.8839082585441,0.00026471191085875034,0.9997609257698059,
2026-07-15T21:50:09.360,11.285788399982266,20260715_214958_front_fusion_ego_1643,speedsweep_normal,fusion_ego_1643,6340386,2,vehicle,0.24206696450710297,14.941796438870096,141.21102390658785,0.8951590143556198,-98.8113662027841,5.019460678100586,1.894520878791809,1.925634503364563,33.855761127888535,484.8229166666667,226.66666666666669,474.02554880889755,218.9967692891757,495.6202845244358,234.33656404415768,0.4271217882633209,0.9997606873512268,
2026-07-15T21:50:09.360,11.285788399982266,20260715_214958_front_fusion_ego_1643,speedsweep_normal,fusion_ego_1643,6340386,3,vehicle,0.20200011134147644,-11.877546594883777,128.54586225294904,1.0039284587242951,119.49173122318788,5.415403842926025,1.9671909809112549,2.1929521560668945,10.86131874531789,66.71875,235.55555555555557,4.754809156060219,193.50709054205154,128.68269084393978,277.60402056905957,0.9542331099510193,0.731920063495636,
2026-07-15T21:50:09.493,11.419400217011571,20260715_214958_front_fusion_ego_1643,speedsweep_normal,fusion_ego_1643,6340387,0,vehicle,0.5814847946166992,-10.291722856820584,133.68268339782853,0.9070437122676378,36.17443262561353,5.101129055023193,1.9327728748321533,2.2912118434906006,8.105862114120308,288.0026041666667,253.33333333333334,231.10888899366063,210.62462290128073,344.89631933967274,296.042043765386,0.09898404777050018,0.9999990463256836,
2026-07-15T21:50:09.493,11.419400217011571,20260715_214958_front_fusion_ego_1643,speedsweep_normal,fusion_ego_1643,6340387,1,person,0.5791383981704712,3.8376179809385498,147.57708396323324,0.8029088872110064,99.83228308477452,0.6617636680603027,0.472251296043396,1.7698708772659302,23.950385441985546,600.46875,226.66666666666669,596.5811489550397,215.69183359543484,604.3563510449603,237.64149973789853,0.9999837875366211,0.994658887386322,
2026-07-15T21:50:09.493,11.419400217011571,20260715_214958_front_fusion_ego_1643,speedsweep_normal,fusion_ego_1643,6340387,2,vehicle,0.531495988368988,14.946037671351153,142.09538054993754,0.9534354924986972,-136.5277477976708,5.208906650543213,2.025108814239502,2.0559611320495605,32.99507919988521,492.60677083333337,225.55555555555557,482.16956187536323,215.69969538185333,503.0439797913035,235.4114157292578,0.3522643744945526,0.999984622001648,
2026-07-15T21:50:09.493,11.419400217011571,20260715_214958_front_fusion_ego_1643,speedsweep_normal,fusion_ego_1643,6340387,3,vehicle,0.3596253991127014,13.809338717211215,135.59539455079042,1.4934472501840805,-80.51644630481545,7.662535667419434,2.7905941009521484,3.6982860565185547,31.49501543668981,430.33593750000006,216.66666666666669,413.0828777886927,199.597993294398,447.58899721130734,233.73534003893536,0.0008166166953742504,0.9995864033699036,
2026-07-15T21:50:09.629,11.55523097096011,20260715_214958_front_fusion_ego_1643,speedsweep_normal,fusion_ego_1643,6340388,0,vehicle,0.4633099138736725,14.045756716121176,143.86412595578182,0.9013350411789935,-97.21432410854696,5.278237342834473,2.027622699737549,2.0153584480285645,31.46084467403363,493.71875000000006,225.55555555555557,481.7736976165325,216.35292682382797,505.6638023834676,234.75818428728317,0.8360975980758667,0.9999947547912598,
2026-07-15T21:50:09.629,11.55523097096011,20260715_214958_front_fusion_ego_1643,speedsweep_normal,fusion_ego_1643,6340388,1,vehicle,0.4149368107318878,15.168746158011398,135.1637460756724,1.4705630227804227,-85.25863091299581,7.350580215454102,2.72043514251709,3.4888761043548584,31.882008841980664,430.33593750000006,216.66666666666669,411.8494816310704,200.48731187979382,448.8223933689297,232.84602145353955,0.00107431854121387,0.9993762373924255,
2026-07-15T21:50:09.629,11.55523097096011,20260715_214958_front_fusion_ego_1643,speedsweep_normal,fusion_ego_1643,6340388,2,vehicle,0.1738871932029724,-13.036089036880234,131.48688982767635,1.3862772509511347,48.26047742892397,5.576012134552002,2.0234200954437256,2.8296566009521484,6.622542791466231,84.51041666666667,234.44444444444446,36.45565885553758,171.0396769311693,132.56517447779578,297.8492119577196,0.865892231464386,0.9260503649711609,
2026-07-15T21:50:09.629,11.55523097096011,20260715_214958_front_fusion_ego_1643,speedsweep_normal,fusion_ego_1643,6340388,3,vehicle,0.12419192492961884,18.57020305737646,137.04731913804082,0.6238835046636222,-140.79782307405145,5.215694904327393,1.8744914531707764,1.9753073453903198,35.23899850590576,457.02343750000006,225.55555555555557,449.79862122610217,218.4582892391417,464.24825377389794,232.65282187196945,0.9695676565170288,0.9999591112136841,
2026-07-15T21:50:09.765,11.690825841971673,20260715_214958_front_fusion_ego_1643,speedsweep_normal,fusion_ego_1643,6340389,0,vehicle,0.38235190510749817,14.416472874383055,143.03369560828995,0.9006456326990411,-93.80341090098786,5.3859429359436035,2.055011034011841,2.156858444213867,30.67933467547302,501.5026041666667,225.55555555555557,488.70311658705276,214.8872310254309,514.3020917462807,236.22388008568024,0.2860654592514038,0.999988317489624,
2026-07-15T21:50:09.765,11.690825841971673,20260715_214958_front_fusion_ego_1643,speedsweep_normal,fusion_ego_1643,6340389,1,vehicle,0.3087047338485718,18.879272980797637,136.39074773572358,0.5791205609638796,-137.90059354583013,5.128622055053711,1.8646066188812256,1.8959769010543823,34.56156863962874,457.02343750000006,225.55555555555557,449.79602838680154,218.58085322711204,464.2508466131986,232.5302578839991,0.8891116976737976,0.9999834299087524,
2026-07-15T21:50:09.765,11.690825841971673,20260715_214958_front_fusion_ego_1643,speedsweep_normal,fusion_ego_1643,6340389,2,vehicle,0.23957189917564392,-11.07350004368612,133.69516208555,0.6738130625250696,24.517068284476196,5.627341270446777,2.1858298778533936,1.7049795389175415,5.731035020211491,191.26041666666669,315.55555555555554,13.937084952990215,212.60992738935684,368.58374838034314,418.50118372175433,0.2516494393348694,0.9868521094322205,
2026-07-15T21:50:09.765,11.690825841971673,20260715_214958_front_fusion_ego_1643,speedsweep_normal,fusion_ego_1643,6340389,3,vehicle,0.12379051744937897,16.551132876777057,136.44886600641632,1.3859638601233812,-113.15044333965604,7.0469207763671875,2.581005811691284,3.444688320159912,32.22156098318184,430.33593750000006,216.66666666666669,413.3774259239435,201.4303747812907,447.29444907605654,231.90295855204266,0.00021367780573200434,0.9990037083625793,
2026-07-15T21:50:09.765,11.690825841971673,20260715_214958_front_fusion_ego_1643,speedsweep_normal,fusion_ego_1643,6340389,4,vehicle,0.06434763222932816,-12.684071042594194,134.01772815329275,1.0584860307045432,-18.386909730769503,4.031408309936523,1.635238766670227,1.985591173171997,4.259209021822824,154.56510416666669,314.44444444444446,98.96791044871013,246.9807079103258,210.16229788462323,381.9081809785631,0.4367583394050598,0.9779036641120911,
2026-07-15T21:50:09.765,11.690825841971673,20260715_214958_front_fusion_ego_1643,speedsweep_normal,fusion_ego_1643,6340389,5,vehicle,0.06336208432912827,-11.63840495772074,134.9503443142443,1.1342436376790195,-51.95971026544831,5.119224548339844,1.866121530532837,2.3105010986328125,4.545183458559307,191.26041666666669,261.11111111111114,131.9786933163802,203.08752722210355,250.54214001695317,319.1346950001187,0.6517974734306335,0.4688494801521301,
2026-07-15T21:50:09.892,11.817650475073606,20260715_214958_front_fusion_ego_1643,speedsweep_normal,fusion_ego_1643,6340390,0,vehicle,0.41180574893951416,21.150817582173914,136.8708453564118,0.5952189545877395,163.3281684551087,5.289086818695068,1.9474358558654785,1.8755569458007812,35.835511540158315,457.02343750000006,225.55555555555557,450.0474614221603,218.73339850041603,463.9994135778398,232.3777126106951,0.9345553517341614,0.999983549118042,
2026-07-15T21:50:09.892,11.817650475073606,20260715_214958_front_fusion_ego_1643,speedsweep_normal,fusion_ego_1643,6340390,1,vehicle,0.27334320545196533,14.075232559141375,144.71367206175373,0.9780460603703383,-137.06499189944563,4.84010648727417,1.8923251628875732,2.1420960426330566,29.760544875765753,502.61458333333337,225.55555555555557,490.550867193689,215.0755024287436,514.6782994729778,236.03560868236755,0.7861828804016113,0.9999746084213257,
2026-07-15T21:50:09.892,11.817650475073606,20260715_214958_front_fusion_ego_1643,speedsweep_normal,fusion_ego_1643,6340390,2,vehicle,0.2203238606452942,18.624928554182542,137.26251059238828,1.3880563582075607,-90.87765325391973,7.296894073486328,2.6763622760772705,3.427532196044922,33.29970016381131,430.33593750000006,216.66666666666669,412.4924055635929,201.71609441439313,448.17946943640715,231.61723891894025,0.003624930279329419,0.9988905787467957,
2026-07-15T21:50:09.892,11.817650475073606,20260715_214958_front_fusion_ego_1643,speedsweep_normal,fusion_ego_1643,6340390,3,person,0.08435019850730896,0.4023610216981144,143.69802667990405,0.37565857892154253,136.96917411751014,0.605528712272644,0.48603105545043945,1.4581632614135742,16.518090348503286,590.4609375,234.44444444444446,584.9359592320397,222.6214334037569,595.9859157679603,246.26745548513202,1.0,0.9983204007148743,
2026-07-15T21:50:10.026,11.951729553053156,20260715_214958_front_fusion_ego_1643,speedsweep_normal,fusion_ego_1643,6340391,0,vehicle,0.45582473278045654,2.548272834178153,130.92944891948522,0.7985396232766906,100.02928645998003,5.197416305541992,1.96664559841156,1.8512669801712036,17.357276542419907,253.53125000000003,234.44444444444446,223.25093052536252,218.81699886586932,283.8115694746375,250.0718900230196,0.037267304956912994,0.9999867677688599,
2026-07-15T21:50:10.026,11.951729553053156,20260715_214958_front_fusion_ego_1643,speedsweep_normal,fusion_ego_1643,6340391,1,vehicle,0.34055083990097046,18.57777371583287,136.95719581929913,1.484443360534996,-101.51084060043814,7.598696231842041,2.7493770122528076,3.573485851287842,32.26227751098275,430.33593750000006,216.66666666666669,410.16063813865185,200.24873475233716,450.5112368613482,233.08459858099621,0.0007843154016882181,0.9996570348739624,
2026-07-15T21:50:10.026,11.951729553053156,20260715_214958_front_fusion_ego_1643,speedsweep_normal,fusion_ego_1643,6340391,2,vehicle,0.18974055349826813,21.491373672228637,138.08619717235663,0.6147271267584973,-172.37524707545072,5.238821983337402,1.8788295984268188,1.8071355819702148,35.20138334204564,457.02343750000006,225.55555555555557,449.4174698721618,218.5872730943892,464.6294051278383,232.52383801672195,0.9540022015571594,0.9999805688858032,
2026-07-15T21:50:10.026,11.951729553053156,20260715_214958_front_fusion_ego_1643,speedsweep_normal,fusion_ego_1643,6340391,3,vehicle,0.18224607408046722,-12.762866906888702,134.49041409588375,0.8779344767026234,67.62923806012476,4.932492256164551,1.979471206665039,1.9607315063476562,2.772427587528475,181.25260416666669,271.11111111111114,91.12652812401454,190.13202375835843,271.3786802093188,352.0901984638638,0.0318935327231884,0.907950758934021,
2026-07-15T21:50:10.026,11.951729553053156,20260715_214958_front_fusion_ego_1643,speedsweep_normal,fusion_ego_1643,6340391,4,vehicle,0.14154276251792908,15.164529838236138,147.03743984655767,0.9323776027118509,-98.7037725104878,4.915503025054932,1.8606996536254883,2.0755062103271484,30.53650711048626,510.39843750000006,226.66666666666669,495.2388775981963,217.09876308838528,525.5579974018037,236.2345702449481,0.8314164876937866,0.999743640422821,
2026-07-15T21:50:10.160,12.085694762063213,20260715_214958_front_fusion_ego_1643,speedsweep_normal,fusion_ego_1643,6340392,0,vehicle,0.31874582171440125,0.2870844262497645,124.71926065546293,0.8579375284624289,-82.64065203032308,4.7311248779296875,1.9274587631225586,1.717505931854248,17.91122927437598,199.04427083333334,243.33333333333334,160.74090803166231,224.6254994471868,237.34763363500437,262.0411672194799,0.7953484058380127,0.9998952150344849,
2026-07-15T21:50:10.160,12.085694762063213,20260715_214958_front_fusion_ego_1643,speedsweep_normal,fusion_ego_1643,6340392,1,vehicle,0.3067786693572998,18.066165154196952,138.4619738712305,1.6606484307058715,-89.43778460648909,8.006465911865234,2.8240034580230713,3.7493321895599365,30.794304688868536,430.33593750000006,216.66666666666669,413.3589388206601,198.07763139406842,447.31293617933994,235.25570193926495,0.0008937355014495552,0.9999560117721558,
2026-07-15T21:50:10.160,12.085694762063213,20260715_214958_front_fusion_ego_1643,speedsweep_normal,fusion_ego_1643,6340392,2,vehicle,0.17577648162841797,0.10534258441737876,133.3575617436026,0.9219872990257083,-89.04125004919233,4.684381484985352,1.8505748510360718,1.8584718704223633,13.331474349977077,234.62760416666669,235.55555555555557,196.17705399046343,218.77035770151352,273.07815434286994,252.34075340959762,0.5727102756500244,0.9998534917831421,
2026-07-15T21:50:10.160,12.085694762063213,20260715_214958_front_fusion_ego_1643,speedsweep_normal,fusion_ego_1643,6340392,3,vehicle,0.1668998897075653,-13.260117998727717,136.96284753567667,1.1090818369752844,88.44814640454082,4.765181541442871,1.8715567588806152,2.0759103298187256,0.6690081674274921,65.60677083333334,341.11111111111114,21.32775333275398,242.8217977947659,109.8857883339127,439.40042442745636,0.26661065220832825,0.8524122834205627,
2026-07-15T21:50:10.160,12.085694762063213,20260715_214958_front_fusion_ego_1643,speedsweep_normal,fusion_ego_1643,6340392,4,vehicle,0.16595427691936493,14.951237006903419,147.24139811987584,0.9455375381716196,-102.42107842445468,4.660574436187744,1.8028737306594849,2.1239945888519287,29.47093048028522,510.39843750000006,226.66666666666669,495.1228186115623,216.92748705546063,525.6740563884377,236.40584627787274,0.945288360118866,0.9948952794075012,
2026-07-15T21:50:10.298,12.223896677023731,20260715_214958_front_fusion_ego_1643,speedsweep_normal,fusion_ego_1643,6340393,0,vehicle,0.5136450529098511,19.550294301817807,138.62008192317657,1.8267306552468188,-90.64369344769793,8.815228462219238,3.0586743354797363,3.9907140731811523,31.295458825852315,431.4479166666667,216.66666666666669,413.70367138708633,196.86688939730328,449.19216194624704,236.4664439360301,0.0009492803364992142,0.999988317489624,
2026-07-15T21:50:10.298,12.223896677023731,20260715_214958_front_fusion_ego_1643,speedsweep_normal,fusion_ego_1643,6340393,1,vehicle,0.4427296817302704,0.6733356960994463,121.57222321458804,0.9759046079343743,-25.534956009688486,4.957326889038086,2.0426361560821533,1.8571875095367432,19.82330942325404,173.46875,243.33333333333334,124.78648053854705,223.23670526345572,222.151019461453,263.429961403211,0.8024646043777466,0.9997079968452454,
2026-07-15T21:50:10.298,12.223896677023731,20260715_214958_front_fusion_ego_1643,speedsweep_normal,fusion_ego_1643,6340393,2,vehicle,0.17322495579719543,14.847683758456233,148.36325495665065,0.8761825156967564,-70.88946540852413,4.720765590667725,1.7783355712890625,2.0516929626464844,28.86706723396229,511.5104166666667,226.66666666666669,493.73117282862466,216.6732771197955,529.2896605047088,236.66005621353787,0.5273235440254211,0.991463840007782,
2026-07-15T21:50:10.298,12.223896677023731,20260715_214958_front_fusion_ego_1643,speedsweep_normal,fusion_ego_1643,6340393,3,person,0.11691392958164215,14.886648270092902,124.55476958582635,0.8447116194420718,-56.06553522494651,0.43120086193084717,0.44480833411216736,1.9157607555389404,29.385894637800636,261.3151041666667,226.66666666666669,258.08417168740806,216.96928838888806,264.5460366459253,236.3640449444453,0.9999727010726929,0.972068727016449,
2026-07-15T21:50:10.298,12.223896677023731,20260715_214958_front_fusion_ego_1643,speedsweep_normal,fusion_ego_1643,6340393,4,vehicle,0.09055788815021515,4.238197089414628,124.10427689794555,0.754584092408328,-25.150121463886762,4.996985912322998,1.9341462850570679,1.9998905658721924,20.547763678148424,225.73177083333334,234.44444444444446,181.60828869541487,218.72780468728809,269.85525297125184,250.16108420160083,0.9835599660873413,0.9997573494911194,
2026-07-15T21:50:10.298,12.223896677023731,20260715_214958_front_fusion_ego_1643,speedsweep_normal,fusion_ego_1643,6340393,5,vehicle,0.06974185258150101,23.355412724498073,138.58938479891472,0.5693309774970123,164.30727210558462,5.344509601593018,1.9540324211120605,1.6539154052734375,35.103995207733206,457.02343750000006,226.66666666666669,449.38311077468103,220.4551203052203,464.6637642253191,232.87821302811307,0.9411365389823914,0.9999674558639526,
2026-07-15T21:50:10.298,12.223896677023731,20260715_214958_front_fusion_ego_1643,speedsweep_normal,fusion_ego_1643,6340393,6,person,0.06530721485614777,0.5940410638027416,139.56707636836228,1.6735263629407582,-43.22234069115357,1.062767505645752,0.6159077882766724,2.250552177429199,12.554510516260585,760.59375,226.66666666666669,752.2905901540071,208.16414693991345,768.8969098459929,245.16918639341992,0.9984400868415833,0.3611736595630646,
2026-07-15T21:50:10.448,12.373751470004208,20260715_214958_front_fusion_ego_1643,speedsweep_normal,fusion_ego_1643,6340394,0,vehicle,0.38786813616752625,19.898584585078147,139.03090265204202,1.823274116623292,-79.31739966811097,8.797089576721191,3.0543761253356934,3.974242687225342,30.676113658979776,431.4479166666667,216.66666666666669,413.3871747876207,197.27991561094922,449.50865854571265,236.05341772238415,0.0008237152942456305,0.9999909400939941,
2026-07-15T21:50:10.448,12.373751470004208,20260715_214958_front_fusion_ego_1643,speedsweep_normal,fusion_ego_1643,6340394,1,vehicle,0.16045038402080536,24.13564269347669,139.0561024959333,0.542397342415273,114.99236054808249,5.203378200531006,1.902500033378601,1.755914568901062,34.916634085867194,457.02343750000006,226.66666666666669,448.4275285992772,219.71305901805562,465.6193464007229,233.62027431527775,0.8919270038604736,0.999876856803894,
2026-07-15T21:50:10.448,12.373751470004208,20260715_214958_front_fusion_ego_1643,speedsweep_normal,fusion_ego_1643,6340394,2,vehicle,0.15520520508289337,0.12698067221410092,127.38417592000685,0.827446267407498,134.12722347009415,4.202280521392822,1.7140737771987915,1.3975032567977905,14.538106460589802,191.26041666666669,243.33333333333334,145.67949796716374,227.21932073434195,236.84133536616963,259.44734593232477,0.1386157125234604,0.9997989535331726,
2026-07-15T21:50:10.448,12.373751470004208,20260715_214958_front_fusion_ego_1643,speedsweep_normal,fusion_ego_1643,6340394,3,vehicle,0.14649419486522675,-0.14798663182510197,121.31782736613324,0.8484986987989505,-60.502228864876194,5.195270538330078,2.009701728820801,1.7466658353805542,18.96197126687575,137.88541666666669,252.22222222222223,96.00849457333486,230.37161184681787,179.7623387599985,274.0728325976266,0.989664614200592,0.9999454021453857,
2026-07-15T21:50:10.448,12.373751470004208,20260715_214958_front_fusion_ego_1643,speedsweep_normal,fusion_ego_1643,6340394,4,vehicle,0.12217026203870773,16.373920472477923,149.53689623284973,0.9807900309271611,123.9364920100247,4.544186115264893,1.7866296768188477,2.1631336212158203,29.827701123354565,519.2942708333334,226.66666666666669,499.4740425211688,217.10730860630673,539.1144991454979,236.22602472702664,0.13441193103790283,0.7189253568649292,
2026-07-15T21:50:10.595,12.520513436058536,20260715_214958_front_fusion_ego_1643,speedsweep_normal,fusion_ego_1643,6340395,0,vehicle,0.5907068848609924,21.289838917132055,138.21561510432883,1.9587049762352238,-84.19796407502682,8.85076904296875,3.049067735671997,4.033177852630615,31.037340821350007,431.4479166666667,216.66666666666669,412.57117167363566,197.05190638701123,450.3246616596977,236.28142694632214,0.0002724318765103817,0.9999896287918091,
2026-07-15T21:50:10.595,12.520513436058536,20260715_214958_front_fusion_ego_1643,speedsweep_normal,fusion_ego_1643,6340395,1,vehicle,0.2203841209411621,-0.48691862229837035,125.52615426373313,0.9076525217132176,154.834776261435,4.008095741271973,1.6441760063171387,1.6193116903305054,14.782377697974402,154.56510416666669,244.44444444444446,107.73653346548478,223.18933453824786,201.39367486784857,265.69955435064105,0.8616697192192078,0.9998216032981873,
2026-07-15T21:50:10.595,12.520513436058536,20260715_214958_front_fusion_ego_1643,speedsweep_normal,fusion_ego_1643,6340395,2,vehicle,0.21707949042320251,23.791065481954703,129.93076186215427,0.9753976277527154,56.72370652499872,5.223073959350586,1.9555948972702026,1.960848331451416,34.265308297963365,351.3854166666667,225.55555555555557,337.9455693612496,217.695845398638,364.82526397208375,233.41526571247314,0.014931535348296165,0.9998200535774231,
2026-07-15T21:50:10.595,12.520513436058536,20260715_214958_front_fusion_ego_1643,speedsweep_normal,fusion_ego_1643,6340395,3,vehicle,0.2049734741449356,12.259163697918614,145.92897878986614,0.9254231068028131,55.5228246103301,4.680891036987305,1.8712440729141235,1.5360548496246338,23.710365750277237,519.2942708333334,234.44444444444446,489.4722221841415,224.72277339961795,549.1163194825252,244.16611548927096,0.013807261362671852,0.9873045086860657,
2026-07-15T21:50:10.595,12.520513436058536,20260715_214958_front_fusion_ego_1643,speedsweep_normal,fusion_ego_1643,6340395,4,vehicle,0.14785608649253845,24.15277366588635,138.64552489884838,0.6191068713978276,125.14234075163097,5.030268669128418,1.8182194232940674,1.6528419256210327,33.92225410800342,457.02343750000006,226.66666666666669,448.65899518132215,219.82921833793324,465.38787981867796,233.50411499540013,0.5880032777786255,0.9997748732566833,
2026-07-15T21:50:10.595,12.520513436058536,20260715_214958_front_fusion_ego_1643,speedsweep_normal,fusion_ego_1643,6340395,5,person,0.14387930929660797,7.958273201201727,144.67756103264475,0.9911231188506735,-60.44193075437781,0.617322564125061,0.5131303668022156,1.7969266176223755,19.258653341118563,554.8776041666667,234.44444444444446,550.5626996258895,221.4583792951372,559.192508707444,247.4305095937517,0.9999152421951294,0.9975220561027527,
2026-07-15T21:50:10.595,12.520513436058536,20260715_214958_front_fusion_ego_1643,speedsweep_normal,fusion_ego_1643,6340395,6,vehicle,0.09794076532125473,23.26828664295419,143.34180957773012,1.0556250705280354,173.31334976640593,5.489340782165527,2.003356456756592,2.167766571044922,33.586050654147165,484.8229166666667,226.66666666666669,471.7720445680122,217.91566650072735,497.8737887653212,235.41766683260602,0.9304283261299133,0.9997603297233582,
2026-07-15T21:50:10.727,12.652813835069537,20260715_214958_front_fusion_ego_1643,speedsweep_normal,fusion_ego_1643,6340396,0,vehicle,0.3821299076080322,23.458617285221834,129.83482112812763,1.0000089666682008,79.97390007268582,5.019988059997559,1.9326951503753662,1.8682270050048828,32.99555789979298,350.2734375,225.55555555555557,334.8110785074532,217.89441380235886,365.7357964925468,233.2166973087523,0.025718694552779198,0.9995427131652832,
2026-07-15T21:50:10.727,12.652813835069537,20260715_214958_front_fusion_ego_1643,speedsweep_normal,fusion_ego_1643,6340396,1,vehicle,0.352377712726593,23.29176174758452,138.74458291793997,1.8372409418485711,-64.72303839262848,8.33987808227539,2.906132221221924,3.8609228134155273,32.07018677001884,431.4479166666667,217.7777777777778,413.94985113913816,199.50614439116586,448.9459821941952,236.04941116438974,0.0005562360165640712,0.9998995065689087,
2026-07-15T21:50:10.727,12.652813835069537,20260715_214958_front_fusion_ego_1643,speedsweep_normal,fusion_ego_1643,6340396,2,vehicle,0.19934245944023132,26.883729451493075,139.57404184946927,0.7840956814828552,-140.96116760875222,5.403896331787109,1.9248942136764526,1.8878188133239746,35.710659029833394,457.02343750000006,226.66666666666669,447.8503395058215,219.37726790706319,466.1965354941786,233.9560654262702,0.6069813966751099,0.9999771118164062,
2026-07-15T21:50:10.727,12.652813835069537,20260715_214958_front_fusion_ego_1643,speedsweep_normal,fusion_ego_1643,6340396,3,vehicle,0.192701518535614,12.640333658648121,147.36361082349094,0.8465761162620336,-68.49471567360042,4.616989612579346,1.8137147426605225,1.5179773569107056,23.733025781020228,528.1901041666667,234.44444444444446,498.8813454384605,224.6974077489641,557.4988628948729,244.1914811399248,0.3044075071811676,0.9871137142181396,
2026-07-15T21:50:10.727,12.652813835069537,20260715_214958_front_fusion_ego_1643,speedsweep_normal,fusion_ego_1643,6340396,4,person,0.1621432900428772,7.013866485348956,145.3964364797209,0.9148848391265831,-125.3867842415363,0.45468780398368835,0.46502307057380676,1.6624478101730347,17.823473548998322,555.9895833333334,234.44444444444446,550.4270403118184,219.92400195863513,561.5521263548484,248.96488693025378,0.9997664093971252,0.9853447079658508,
2026-07-15T21:50:10.857,12.783243429032154,20260715_214958_front_fusion_ego_1643,speedsweep_normal,fusion_ego_1643,6340397,0,vehicle,0.4169904291629791,22.179274366496376,138.60284983073947,1.9780786042773877,-66.57395332672135,8.510374069213867,2.9887986183166504,3.993102788925171,29.966501130422873,431.4479166666667,217.7777777777778,411.81582827369374,197.23788069354165,451.08000505963963,238.31767486201394,0.0011521149426698685,0.999930739402771,
2026-07-15T21:50:10.857,12.783243429032154,20260715_214958_front_fusion_ego_1643,speedsweep_normal,fusion_ego_1643,6340397,1,vehicle,0.34937721490859985,25.99224759102364,129.37773467985332,1.0163172486573004,12.39422206452906,4.9154229164123535,1.915800929069519,1.7026082277297974,34.60451914547009,350.2734375,226.66666666666669,335.4403224289417,220.28639684120816,365.1065525710583,233.0469364921252,0.1999823898077011,0.998602569103241,
2026-07-15T21:50:10.857,12.783243429032154,20260715_214958_front_fusion_ego_1643,speedsweep_normal,fusion_ego_1643,6340397,2,person,0.19813606142997742,5.473003652262774,146.1642859282855,0.8704271705637128,82.22359316468716,0.41841065883636475,0.4025548994541168,1.746378779411316,16.054518152466787,572.6692708333334,235.55555555555557,566.2900259833162,218.642748925421,579.0485156833505,252.46836218569015,0.9999359846115112,0.9876647591590881,
2026-07-15T21:50:10.857,12.783243429032154,20260715_214958_front_fusion_ego_1643,speedsweep_normal,fusion_ego_1643,6340397,3,vehicle,0.15028879046440125,25.876968199628116,140.80944506480438,0.8425044662173407,164.4025817259737,5.248159885406494,1.8606553077697754,1.8459442853927612,33.83367572364868,458.1354166666667,226.66666666666669,448.82290504376095,219.49085901180905,467.4479282895724,233.84247432152432,0.6966687440872192,0.9998637437820435,
2026-07-15T21:50:10.857,12.783243429032154,20260715_214958_front_fusion_ego_1643,speedsweep_normal,fusion_ego_1643,6340397,4,vehicle,0.1013706624507904,16.104804652204837,148.8334849625043,1.0099204872725775,-109.7376432076346,4.924367904663086,1.8864789009094238,1.7656183242797852,26.595948632195245,529.3020833333334,234.44444444444446,506.65676253785693,225.01070317294864,551.9474041288098,243.87818571594028,0.22663752734661102,0.9753746390342712,
2026-07-15T21:50:10.987,12.913473098073155,20260715_214958_front_fusion_ego_1643,speedsweep_normal,fusion_ego_1643,6340398,0,vehicle,0.42055758833885193,25.365667400838568,128.56183779286798,0.9604832648938206,63.08152159665065,4.8654608726501465,1.848962664604187,1.7993956804275513,33.23335842576197,342.48958333333337,226.66666666666669,328.046214958032,218.96920422712964,356.93295170863473,234.36412910620373,0.051312826573848724,0.9983487129211426,
2026-07-15T21:50:10.987,12.913473098073155,20260715_214958_front_fusion_ego_1643,speedsweep_normal,fusion_ego_1643,6340398,1,vehicle,0.3945610225200653,23.24751556215926,137.79100388736057,2.0114447442174153,-70.59170059079437,8.493406295776367,2.9733314514160156,3.935176372528076,30.015732555709583,431.4479166666667,217.7777777777778,411.82777760426205,198.33226131068338,451.0680557290713,237.22329424487222,0.0009512559045106173,0.9999909400939941,
2026-07-15T21:50:10.987,12.913473098073155,20260715_214958_front_fusion_ego_1643,speedsweep_normal,fusion_ego_1643,6340398,2,vehicle,0.2859938442707062,26.62761876994507,140.15675069081664,0.8299511890753593,177.69490376934135,5.4180121421813965,1.9214599132537842,2.0102946758270264,33.53050389159841,457.02343750000006,226.66666666666669,447.5857665017248,219.07218943039578,466.46110849827534,234.2611439029376,0.48078832030296326,0.9997238516807556,
2026-07-15T21:50:10.987,12.913473098073155,20260715_214958_front_fusion_ego_1643,speedsweep_normal,fusion_ego_1643,6340398,3,vehicle,0.2820371687412262,16.42785621878672,147.86912564558165,1.0638770214287234,167.89082729706067,5.046884059906006,1.9254372119903564,1.805556058883667,25.57572340597717,537.0859375,234.44444444444446,513.3572727702558,224.41589650180606,560.8146022297442,244.47299238708285,0.16151189804077148,0.9985827207565308,
2026-07-15T21:50:10.987,12.913473098073155,20260715_214958_front_fusion_ego_1643,speedsweep_normal,fusion_ego_1643,6340398,4,vehicle,0.18999339640140533,-0.8785158345850572,128.70671449908022,1.0141901526544848,-90.43354805548454,5.272771835327148,1.8520328998565674,2.3111817836761475,10.235466224463526,110.08593750000001,252.22222222222223,42.890887692570686,209.4239009751214,177.2809873074293,295.02054346932306,0.9994742274284363,0.9984670281410217,
2026-07-15T21:50:11.123,13.048641222994775,20260715_214958_front_fusion_ego_1643,speedsweep_normal,fusion_ego_1643,6340399,0,vehicle,0.43845441937446594,26.87155682345105,128.3375361320432,1.1129073510815035,-169.96006147155123,4.832429885864258,1.8680740594863892,1.8213715553283691,33.791184616012345,341.3776041666667,226.66666666666669,325.9188035676877,219.1974539558093,356.8364047656457,234.13587937752408,0.10258294641971588,0.9972700476646423,
2026-07-15T21:50:11.123,13.048641222994775,20260715_214958_front_fusion_ego_1643,speedsweep_normal,fusion_ego_1643,6340399,1,vehicle,0.383698046207428,24.81232133313129,137.23755443727566,2.0632358469619088,-71.0238369737313,8.455347061157227,2.9691171646118164,3.97176194190979,30.58462091025473,431.4479166666667,217.7777777777778,411.66798553119105,198.30170200930704,451.2278478021423,237.25385354624856,0.0008712955168448389,0.9999856948852539,
2026-07-15T21:50:11.123,13.048641222994775,20260715_214958_front_fusion_ego_1643,speedsweep_normal,fusion_ego_1643,6340399,2,vehicle,0.29417338967323303,26.12550479785463,139.93998631595252,0.8892098739858392,-141.59576524150904,5.482776641845703,1.961756944656372,1.9443631172180176,32.02486324873714,457.02343750000006,226.66666666666669,445.5837287008763,218.78079781929654,468.4631462991238,234.55253551403683,0.2761414349079132,0.9996322393417358,
2026-07-15T21:50:11.123,13.048641222994775,20260715_214958_front_fusion_ego_1643,speedsweep_normal,fusion_ego_1643,6340399,3,vehicle,0.28238269686698914,17.119229191138174,147.9315752655946,1.1853364324575881,151.65744301926054,5.155899524688721,1.957170009613037,1.905532956123352,25.32826136480251,538.1979166666667,234.44444444444446,516.0177735115092,223.51381685998706,560.3780598218243,245.37507202890185,0.19469165802001953,0.9996108412742615,
2026-07-15T21:50:11.123,13.048641222994775,20260715_214958_front_fusion_ego_1643,speedsweep_normal,fusion_ego_1643,6340399,4,vehicle,0.16570164263248444,0.9194532509798954,127.30425612598171,0.9557064616055075,-6.231588348851706,5.037984371185303,1.8384407758712769,2.0079262256622314,11.857271977141787,83.3984375,252.22222222222223,24.009138360619545,215.40946854485406,142.78773663938046,289.0349758995904,0.990730345249176,0.9613581895828247,
2026-07-15T21:50:11.123,13.048641222994775,20260715_214958_front_fusion_ego_1643,speedsweep_normal,fusion_ego_1643,6340399,5,person,0.14389148354530334,3.5267357622050346,144.62269471046736,0.7405317415960586,110.68899937781036,0.4004363417625427,0.3625635504722595,1.5315734148025513,11.989453400347163,600.46875,244.44444444444446,591.3920706324279,226.21482875612048,609.5454293675721,262.67406013276843,0.9993500113487244,0.9837422370910645,
2026-07-15T21:50:11.263,13.188908313051797,20260715_214958_front_fusion_ego_1643,speedsweep_normal,fusion_ego_1643,6340400,0,vehicle,0.37680602073669434,24.991725825515488,137.98198180647475,2.1321619085704855,-82.97738254355012,8.458687782287598,2.972568988800049,3.945066213607788,29.78962262983418,431.4479166666667,217.7777777777778,412.00727525601786,197.6356022225486,450.8885580773155,237.919953333007,0.004857290536165237,0.99998939037323,
2026-07-15T21:50:11.263,13.188908313051797,20260715_214958_front_fusion_ego_1643,speedsweep_normal,fusion_ego_1643,6340400,1,vehicle,0.2613285481929779,16.173873895241236,148.69445527559802,1.0986263222763508,-45.323296318431154,5.144241809844971,1.9781564474105835,1.9454104900360107,23.953163031353352,547.09375,234.44444444444446,523.0983536876738,222.0494854119089,571.0891463123262,246.83940347698,0.03206320479512215,0.9999719858169556,
2026-07-15T21:50:11.263,13.188908313051797,20260715_214958_front_fusion_ego_1643,speedsweep_normal,fusion_ego_1643,6340400,2,vehicle,0.2594197988510132,25.995273946171714,128.02631338809343,1.170202186911973,-96.69137306902019,4.809916019439697,1.8941959142684937,1.8404595851898193,32.081465311852455,341.3776041666667,226.66666666666669,323.05113602677983,218.73347024122876,359.70407230655354,234.5998630921046,0.16719192266464233,0.99616938829422,
2026-07-15T21:50:11.263,13.188908313051797,20260715_214958_front_fusion_ego_1643,speedsweep_normal,fusion_ego_1643,6340400,3,vehicle,0.23123091459274292,27.382337939634027,140.29514527440563,0.9193803426086569,-169.72945008747945,5.376866340637207,1.9245561361312866,1.9514353275299072,32.32395576913806,457.02343750000006,226.66666666666669,445.4618231002242,218.8937572638194,468.5850518997759,234.43957606951398,0.3456456661224365,0.9997432827949524,
2026-07-15T21:50:11.263,13.188908313051797,20260715_214958_front_fusion_ego_1643,speedsweep_normal,fusion_ego_1643,6340400,4,person,0.1642128825187683,11.338795152229473,151.38727362072913,1.0068808412739103,129.33375264103435,0.66948002576828,0.4846818447113037,1.723376989364624,21.548858259248906,698.3229166666667,234.44444444444446,690.3006845961015,219.8267084028986,706.345148737232,249.06218048599032,0.9999449253082275,0.977929949760437,
2026-07-15T21:50:11.399,13.324626518995501,20260715_214958_front_fusion_ego_1643,speedsweep_normal,fusion_ego_1643,6340401,0,vehicle,0.5177730321884155,25.320873748210957,138.0860407496978,2.140140135679903,-81.94843953191199,8.246973037719727,2.9415340423583984,3.808387279510498,29.1340444327609,431.4479166666667,217.7777777777778,410.94066070268553,197.13046895133127,451.95517263064784,238.42508660422433,0.0015670633874833584,0.9999926090240479,
2026-07-15T21:50:11.399,13.324626518995501,20260715_214958_front_fusion_ego_1643,speedsweep_normal,fusion_ego_1643,6340401,1,vehicle,0.17912262678146362,27.212902105564527,128.31156537007382,1.2681697493570674,-108.67045420758109,4.7021918296813965,1.8410322666168213,1.883628249168396,32.22374475184256,333.59375,226.66666666666669,315.7503421381116,218.8122011224429,351.4371578618884,234.52113221089047,0.2570071518421173,0.9965497255325317,
2026-07-15T21:50:11.399,13.324626518995501,20260715_214958_front_fusion_ego_1643,speedsweep_normal,fusion_ego_1643,6340401,2,vehicle,0.14493782818317413,26.71078115627255,139.65865236881982,0.9460891770858524,-145.34484558301435,5.392383575439453,1.941188931465149,1.954403281211853,30.612051576602944,457.02343750000006,226.66666666666669,444.37365298531955,218.22035382191342,469.67322201468056,235.11297951141995,0.1462448686361313,0.9998051524162292,
2026-07-15T21:50:11.399,13.324626518995501,20260715_214958_front_fusion_ego_1643,speedsweep_normal,fusion_ego_1643,6340401,3,vehicle,0.14442241191864014,13.488533010383494,147.42362506573247,0.9744789230910047,-120.77297075517205,4.6620330810546875,1.7964446544647217,1.8099384307861328,20.134743298235314,563.7734375,235.55555555555557,538.1168122291565,222.38371703359817,589.4300627708435,248.72739407751297,0.13850344717502594,0.9999749660491943,
2026-07-15T21:50:11.399,13.324626518995501,20260715_214958_front_fusion_ego_1643,speedsweep_normal,fusion_ego_1643,6340401,4,vehicle,0.13938577473163605,21.332642774731426,154.24255786348007,1.6155350412023006,105.17646973644766,5.685507774353027,2.2689387798309326,2.573723077774048,30.414909424058624,634.9401041666667,226.66666666666669,606.1246020967762,212.92297939459485,663.7556062365572,240.41035393873852,0.0026359003968536854,0.5067951679229736,
2026-07-15T21:50:11.533,13.459075852995738,20260715_214958_front_fusion_ego_1643,speedsweep_normal,fusion_ego_1643,6340402,0,vehicle,0.3491964340209961,26.584678208720685,138.28832288208028,2.175255553847734,-69.59258707877221,8.36318588256836,2.9736456871032715,3.9489972591400146,29.418462797335735,431.4479166666667,217.7777777777778,410.685237398992,196.54856191741098,452.21059593434137,239.00699363814462,0.00236255070194602,0.9999902248382568,
2026-07-15T21:50:11.533,13.459075852995738,20260715_214958_front_fusion_ego_1643,speedsweep_normal,fusion_ego_1643,6340402,1,vehicle,0.31133222579956055,10.164451510253533,144.47203496935666,0.8289842294142362,-100.65648179906685,4.5319108963012695,1.7829841375350952,1.5622408390045166,14.928628232780387,572.6692708333334,243.33333333333334,540.3648187493285,227.64037390549979,604.9737229173383,259.0262927611669,0.6973969340324402,0.9999862909317017,
2026-07-15T21:50:11.533,13.459075852995738,20260715_214958_front_fusion_ego_1643,speedsweep_normal,fusion_ego_1643,6340402,2,vehicle,0.2022518664598465,26.862618665925986,127.95048924407863,1.3238585223344934,-121.43991282733055,4.685696601867676,1.8466730117797852,1.9537404775619507,31.045575813457145,332.48177083333337,226.66666666666669,313.6973563705882,218.32367877165478,351.26618529607856,235.0096545616786,0.06683318316936493,0.9948728680610657,
2026-07-15T21:50:11.670,13.595727605978027,20260715_214958_front_fusion_ego_1643,speedsweep_normal,fusion_ego_1643,6340403,0,vehicle,0.3931523263454437,22.6404407372824,130.00902264170813,0.7554049154742426,130.7205910805573,4.976563930511475,1.846987247467041,1.4335870742797852,25.478128198559858,324.6979166666667,234.44444444444446,302.3625340188543,226.0965731408861,347.03329931447905,242.7923157480028,0.00023398450866807252,0.9998379945755005,
2026-07-15T21:50:11.670,13.595727605978027,20260715_214958_front_fusion_ego_1643,speedsweep_normal,fusion_ego_1643,6340403,1,vehicle,0.34644097089767456,28.174709332492156,137.9243580052035,2.2159190620250406,-71.28516608203962,8.351797103881836,2.98203706741333,4.013209342956543,30.00992247383054,431.4479166666667,217.7777777777778,412.68688070649904,197.16594027148355,450.20895262683433,238.38961528407205,0.0038223988376557827,0.9999953508377075,
2026-07-15T21:50:11.670,13.595727605978027,20260715_214958_front_fusion_ego_1643,speedsweep_normal,fusion_ego_1643,6340403,2,vehicle,0.16270790994167328,20.707050031763487,154.60742051490593,1.9108050482574228,-129.35427348438864,5.794440269470215,2.2449252605438232,2.8410141468048096,28.522727629124255,652.7317708333334,226.66666666666669,615.3783289094766,211.49360338846844,690.0852127571901,241.83972994486493,0.00230350811034441,0.9414585828781128,
2026-07-15T21:50:11.670,13.595727605978027,20260715_214958_front_fusion_ego_1643,speedsweep_normal,fusion_ego_1643,6340403,3,vehicle,0.14125414192676544,10.41762935992191,143.8707951508298,1.0708302850418363,-148.24091224905584,4.390316963195801,1.7188258171081543,1.612938642501831,13.983596560811707,581.5651041666667,243.33333333333334,548.3277675906818,226.2988313039144,614.8024407426517,260.3678353627523,0.09092463552951813,0.9999916553497314,
2026-07-15T21:50:11.796,13.721665252000093,20260715_214958_front_fusion_ego_1643,speedsweep_normal,fusion_ego_1643,6340404,0,vehicle,0.4670352041721344,29.454960975201825,138.36733230829972,2.2913148301837474,-59.33708651314216,8.571526527404785,3.05132794380188,4.067928791046143,30.318812857593382,431.4479166666667,217.7777777777778,412.5997390362124,196.86111615763772,450.296094297121,238.69443939791788,0.011717627756297588,0.9999953508377075,
2026-07-15T21:50:11.796,13.721665252000093,20260715_214958_front_fusion_ego_1643,speedsweep_normal,fusion_ego_1643,6340404,1,vehicle,0.31405943632125854,22.536750181210305,130.04113181307756,0.9199158176929472,135.42727371761592,4.872945785522461,1.8445079326629639,1.5096321105957031,24.42132899078212,323.5859375,234.44444444444446,300.497368440032,225.9405302670267,346.674506559968,242.9483586218622,0.0018246494000777602,0.9999539852142334,
2026-07-15T21:50:11.796,13.721665252000093,20260715_214958_front_fusion_ego_1643,speedsweep_normal,fusion_ego_1643,6340404,2,vehicle,0.23872631788253784,29.17432978546686,141.7998377301465,1.219119255890094,-99.99541245750011,5.376818656921387,1.940579891204834,2.155564785003662,30.36707148610183,458.1354166666667,226.66666666666669,445.3978072764973,217.44275371233624,470.87302605683607,235.89057962099713,0.6413508057594299,0.9971712231636047,
2026-07-15T21:50:11.934,13.860454187961295,20260715_214958_front_fusion_ego_1643,speedsweep_normal,fusion_ego_1643,6340405,0,vehicle,0.3673814833164215,22.44377127393563,130.18816734678802,0.8720416485869942,176.3509620788901,4.896900177001953,1.8904640674591064,1.4432607889175415,23.34711145801819,315.80208333333337,234.44444444444446,292.3449493249258,225.92540707853107,339.25921734174096,242.96348181035785,0.002048483584076166,0.9999399185180664,
2026-07-15T21:50:11.934,13.860454187961295,20260715_214958_front_fusion_ego_1643,speedsweep_normal,fusion_ego_1643,6340405,1,vehicle,0.2540121376514435,28.18660816304688,138.20488449728427,1.2473027961034577,-122.46850104917216,6.0251617431640625,2.207130193710327,2.5998170375823975,28.047216801468153,430.33593750000006,225.55555555555557,413.8056913949549,213.81596121523117,446.86618360504514,237.29514989587997,0.000815387349575758,0.9981682300567627,
2026-07-15T21:50:11.934,13.860454187961295,20260715_214958_front_fusion_ego_1643,speedsweep_normal,fusion_ego_1643,6340405,2,vehicle,0.100949726998806,25.394811120716287,139.8989884934003,0.981528213479349,-58.01776000389894,4.425995826721191,1.6582591533660889,1.4433019161224365,25.390937341751897,458.1354166666667,234.44444444444446,444.5968585374455,226.16869863536624,471.6739747958879,242.72019025352267,0.0032280811574310064,0.9997606873512268,
2026-07-15T21:50:11.934,13.860454187961295,20260715_214958_front_fusion_ego_1643,speedsweep_normal,fusion_ego_1643,6340405,3,vehicle,0.08652576059103012,7.86134950896317,141.48812676395,1.0645756229525682,-84.06930942761736,4.370240688323975,1.7351332902908325,1.6409305334091187,8.860965653060875,618.2604166666667,252.22222222222223,573.5742215911548,230.5285711420907,662.9466117421787,273.91587330235376,0.029621941968798637,0.9975740313529968,
2026-07-15T21:50:12.071,13.99671825603582,20260715_214958_front_fusion_ego_1643,speedsweep_normal,fusion_ego_1643,6340406,0,vehicle,0.3726436495780945,30.977956251520133,138.1544139703513,2.1736039686067636,-74.88057061619796,8.14982795715332,2.9167747497558594,3.9569528102874756,29.84950069861105,431.4479166666667,217.7777777777778,410.7819232630233,197.45973692999948,452.11391007031006,238.09581862555612,0.00014898928930051625,0.9999901056289673,
2026-07-15T21:50:12.071,13.99671825603582,20260715_214958_front_fusion_ego_1643,speedsweep_normal,fusion_ego_1643,6340406,1,vehicle,0.26419728994369507,22.45637534819128,130.45590274624266,0.8727372239330242,-85.71147724363286,5.129775524139404,1.8911747932434082,1.5567662715911865,22.336275901073638,314.6901041666667,234.44444444444446,289.5807938675086,225.05007174279956,339.7994144658248,243.83881714608935,0.010996714234352112,0.9999995231628418,
2026-07-15T21:50:12.071,13.99671825603582,20260715_214958_front_fusion_ego_1643,speedsweep_normal,fusion_ego_1643,6340406,2,vehicle,0.11563184857368469,30.744148869423533,141.81197055790494,1.071373908325256,-129.89148661511746,5.035377025604248,1.7985377311706543,2.163376808166504,29.9621092518431,465.91927083333337,226.66666666666669,452.71068490979576,217.3619870344798,479.127856756871,235.97134629885358,0.8794180750846863,0.9975767731666565,
2026-07-15T21:50:12.071,13.99671825603582,20260715_214958_front_fusion_ego_1643,speedsweep_normal,fusion_ego_1643,6340406,3,vehicle,0.10216882079839706,9.293550097018494,143.18491819739012,1.1120951230778784,14.785581906572878,4.158344268798828,1.6686607599258423,1.6601791381835938,10.150665998598717,644.9479166666667,252.22222222222223,601.3891390214364,230.80200804604425,688.506694311897,273.6424363984002,0.0052474914118647575,0.999354898929596,
2026-07-15T21:50:12.217,14.143290446023457,20260715_214958_front_fusion_ego_1643,speedsweep_normal,fusion_ego_1643,6340407,0,vehicle,0.571689248085022,22.267577954567088,130.61927705184823,0.6991509107335638,-85.16484846123,5.042675971984863,1.8743854761123657,1.44562828540802,21.173640698424684,305.79427083333337,234.44444444444446,277.4799216513833,224.6307781007555,334.10862001528346,244.25811078813342,0.00157096644397825,0.9999994039535522,
2026-07-15T21:50:12.217,14.143290446023457,20260715_214958_front_fusion_ego_1643,speedsweep_normal,fusion_ego_1643,6340407,1,vehicle,0.2627785801887512,29.979254584495244,138.50891229886227,1.2853202218279436,-53.26355308950786,5.938770294189453,2.1876916885375977,2.67594838142395,27.870761627136506,430.33593750000006,225.55555555555557,416.40219884738326,213.37138507101272,444.2696761526168,237.73972604009842,0.0007289202767424285,0.9976938366889954,
2026-07-15T21:50:12.217,14.143290446023457,20260715_214958_front_fusion_ego_1643,speedsweep_normal,fusion_ego_1643,6340407,2,vehicle,0.1946370154619217,11.789132124308011,140.99966734319344,0.8121753379411594,93.33618282406321,4.213823318481445,1.640726923942566,1.386834979057312,10.41215508941936,600.46875,252.22222222222223,556.1668614298105,233.46515549553766,644.7706385701895,270.9792889489068,0.003129043150693178,0.999083399772644,
2026-07-15T21:50:12.217,14.143290446023457,20260715_214958_front_fusion_ego_1643,speedsweep_normal,fusion_ego_1643,6340407,3,vehicle,0.11568722873926163,32.99072577502123,141.55775439712704,1.101441729465244,-132.71917287009947,5.034896373748779,1.8085527420043945,2.068342924118042,31.16452453880486,465.91927083333337,226.66666666666669,452.63646766853833,218.17485372225445,479.2020739981284,235.15847961107892,0.872622013092041,0.9909080266952515,
2026-07-15T21:50:12.217,14.143290446023457,20260715_214958_front_fusion_ego_1643,speedsweep_normal,fusion_ego_1643,6340407,4,vehicle,0.07828602194786072,10.03717280517196,146.5130789883989,1.2060613571524392,25.532735612634198,4.826661586761475,1.8621307611465454,1.9476165771484375,12.253206630706838,671.6354166666667,252.22222222222223,612.2163269172113,224.32882560624017,731.0545064161222,280.1156188382043,0.003817035350948572,0.9943869113922119,
2026-07-15T21:50:12.357,14.282953427056782,20260715_214958_front_fusion_ego_1643,speedsweep_normal,fusion_ego_1643,6340408,0,vehicle,0.42714959383010864,23.424941292069494,130.4310863828331,0.7402650805549167,-139.3823987079796,4.835826396942139,1.8607289791107178,1.4964332580566406,21.393856752442154,298.0104166666667,234.44444444444446,271.1649920741717,225.0347983505991,324.85584125916165,243.85409053828982,0.001975808059796691,0.9999829530715942,
2026-07-15T21:50:12.357,14.282953427056782,20260715_214958_front_fusion_ego_1643,speedsweep_normal,fusion_ego_1643,6340408,1,vehicle,0.37528032064437866,30.671393204834978,138.20162646835678,2.055605976212327,-77.65737842679309,7.849658012390137,2.8490216732025146,3.801713705062866,27.563600247773476,430.33593750000006,217.7777777777778,409.47686187550426,196.31551550494302,451.1950131244958,239.24004005061258,0.002399538177996874,0.9999850988388062,
2026-07-15T21:50:12.357,14.282953427056782,20260715_214958_front_fusion_ego_1643,speedsweep_normal,fusion_ego_1643,6340408,2,person,0.19105267524719238,21.647522919667367,112.8860607414208,0.9960711494962513,-83.84065321101232,0.5283292531967163,0.5136597752571106,1.6358861923217773,30.533466950337797,137.88541666666669,235.55555555555557,131.7615740435819,224.1730097267363,144.00925928975147,246.93810138437485,0.9905580282211304,0.9420107007026672,
2026-07-15T21:50:12.357,14.282953427056782,20260715_214958_front_fusion_ego_1643,speedsweep_normal,fusion_ego_1643,6340408,3,vehicle,0.1004551500082016,33.36896875925548,141.8615644107504,1.1092838909528142,-105.66083525798025,4.864804744720459,1.7412774562835693,2.0516161918640137,30.603140478894474,467.03125000000006,226.66666666666669,454.23271127231425,217.8628824154536,479.82978872768587,235.47045091787976,0.8757248520851135,0.9977642297744751,
2026-07-15T21:50:12.357,14.282953427056782,20260715_214958_front_fusion_ego_1643,speedsweep_normal,fusion_ego_1643,6340408,4,vehicle,0.10001344978809357,29.907317419958844,143.3376655431533,0.8428346779736193,104.75518216067573,4.506350040435791,1.6516362428665161,1.4370872974395752,27.487447794423044,502.61458333333337,234.44444444444446,488.65011237685883,226.87906828191547,516.5790542898079,242.00982060697345,0.005228972993791103,0.995357096195221,
2026-07-15T21:50:12.485,14.411371394060552,20260715_214958_front_fusion_ego_1643,speedsweep_normal,fusion_ego_1643,6340409,0,vehicle,0.26701781153678894,22.863280860009333,130.02936225179832,0.6618955667862332,-102.28786876116581,4.541841983795166,1.7806440591812134,1.3929965496063232,20.074736290951456,289.11458333333337,234.44444444444446,260.26368821163976,224.77317300107745,317.965478455027,244.11571588781146,0.002465104917064309,0.9999593496322632,
2026-07-15T21:50:12.485,14.411371394060552,20260715_214958_front_fusion_ego_1643,speedsweep_normal,fusion_ego_1643,6340409,1,vehicle,0.2624444365501404,29.98665434002907,138.07661159564512,1.2193007252490538,-73.00936621880604,5.60142183303833,2.087029218673706,2.469024658203125,25.882277810347016,430.33593750000006,225.55555555555557,414.2797308191657,212.70631972286438,446.39214418083435,238.40479138824676,0.0020947770681232214,0.9982149600982666,
2026-07-15T21:50:12.485,14.411371394060552,20260715_214958_front_fusion_ego_1643,speedsweep_normal,fusion_ego_1643,6340409,2,vehicle,0.12402461469173431,10.487874619637248,147.1632967876428,1.01783469445609,-41.5643816971282,4.51567268371582,1.6823467016220093,1.7778277397155762,11.859746142266168,769.4895833333334,278.8888888888889,693.8144664814075,220.83403401904636,845.1647001852592,336.94374375873144,0.013383910991251469,0.9983215928077698,
2026-07-15T21:50:12.485,14.411371394060552,20260715_214958_front_fusion_ego_1643,speedsweep_normal,fusion_ego_1643,6340409,3,vehicle,0.11991449445486069,10.795061817036444,141.97674730912357,0.8735353753124833,-58.49110964852856,4.14557409286499,1.700284481048584,1.2794468402862549,8.250696993254444,670.5234375,261.11111111111114,600.4235296100378,234.09865385956235,740.6233453899622,288.1235683626599,0.37791678309440613,0.999904990196228,
2026-07-15T21:50:12.485,14.411371394060552,20260715_214958_front_fusion_ego_1643,speedsweep_normal,fusion_ego_1643,6340409,4,vehicle,0.06928762793540955,32.98516877362016,140.89594929819427,1.0220676329450347,-74.0507427332571,5.0990424156188965,1.8744380474090576,2.048471689224243,29.107001652448538,458.1354166666667,226.66666666666669,444.5505135233204,217.58457909027737,471.720319810013,235.748754243056,0.08923956006765366,0.9991030693054199,
2026-07-15T21:50:12.611,14.537021885043941,20260715_214958_front_fusion_ego_1643,speedsweep_normal,fusion_ego_1643,6340410,0,vehicle,0.29528895020484924,24.16001202674689,129.55139267581205,0.7595500711450422,-117.27025292356012,4.718480587005615,1.8160573244094849,1.4750045537948608,20.534495053127056,288.0026041666667,234.44444444444446,259.00488116840523,224.38688125875262,317.00032716492814,244.5020076301363,0.003979670349508524,0.9999865293502808,
2026-07-15T21:50:12.611,14.537021885043941,20260715_214958_front_fusion_ego_1643,speedsweep_normal,fusion_ego_1643,6340410,1,vehicle,0.24731184542179108,32.42330331413704,137.50398254219766,1.121248330564601,-97.40733418608596,5.6260199546813965,2.0925331115722656,2.4805409908294678,27.31580703200268,430.33593750000006,225.55555555555557,414.2696060203016,213.3734843466017,446.4022689796985,237.73762676450943,0.003048691200092435,0.9890072345733643,
2026-07-15T21:50:12.611,14.537021885043941,20260715_214958_front_fusion_ego_1643,speedsweep_normal,fusion_ego_1643,6340410,2,vehicle,0.23725591599941254,33.59564858239038,140.76669945929353,0.9684171454243797,-122.90596113631071,5.0289626121521,1.8480074405670166,1.9312082529067993,28.713265706073873,458.1354166666667,226.66666666666669,444.1054932201902,217.56537089745206,472.16534011314315,235.76796243588132,0.025908129289746284,0.9980531930923462,
2026-07-15T21:50:12.611,14.537021885043941,20260715_214958_front_fusion_ego_1643,speedsweep_normal,fusion_ego_1643,6340410,3,person,0.1929519772529602,18.673159548217683,113.78104415619441,1.0009491942364015,-45.86872228879349,0.43894463777542114,0.47807934880256653,1.542687177658081,27.052849892345908,74.50260416666667,243.33333333333334,63.59637205364804,229.17533506949744,85.4088362796853,257.4913315971693,0.9804264307022095,0.7533420324325562,
2026-07-15T21:50:12.734,14.660315994056873,20260715_214958_front_fusion_ego_1643,speedsweep_normal,fusion_ego_1643,6340411,0,vehicle,0.2450464367866516,23.41032292509955,128.33995030167782,0.6914138929323959,-53.1962393266521,4.630674362182617,1.8672677278518677,1.3673067092895508,19.46072602718179,279.10677083333337,235.55555555555557,244.8922869761785,224.46318182680344,313.3212546904882,246.6479292843077,0.008835495449602604,0.9999070167541504,
2026-07-15T21:50:12.734,14.660315994056873,20260715_214958_front_fusion_ego_1643,speedsweep_normal,fusion_ego_1643,6340411,1,vehicle,0.1466057002544403,36.820221622588946,137.37242582748365,1.941527953955382,-72.14410167120137,7.570773124694824,2.7855570316314697,3.720116138458252,30.720397699055436,430.33593750000006,217.7777777777778,411.5701533034444,199.39167128668893,449.10172169655567,236.16388426886667,0.00021636139717884362,0.9984381794929504,
2026-07-15T21:50:12.734,14.660315994056873,20260715_214958_front_fusion_ego_1643,speedsweep_normal,fusion_ego_1643,6340411,2,vehicle,0.07546165585517883,35.93962705436366,142.0753757307278,1.0541119028868933,111.46929689268171,4.741654396057129,1.770564079284668,2.1139557361602783,30.236890925431684,474.8151041666667,226.66666666666669,462.55154294955236,217.19784657160443,487.078665383781,236.13548676172894,0.5361328721046448,0.9979649782180786,
2026-07-15T21:50:12.862,14.78739192103967,20260715_214958_front_fusion_ego_1643,speedsweep_normal,fusion_ego_1643,6340412,0,vehicle,0.20457904040813446,36.561617724665176,137.82290107093598,1.9677597515005332,-88.34703922640345,7.527656555175781,2.7691240310668945,3.699394702911377,29.478738606771444,430.33593750000006,217.7777777777778,410.19087255373597,198.24740337000955,450.4810024462641,237.30815218554605,0.00019152608001604676,0.9990313053131104,
2026-07-15T21:50:12.862,14.78739192103967,20260715_214958_front_fusion_ego_1643,speedsweep_normal,fusion_ego_1643,6340412,1,vehicle,0.12260588258504868,36.120431351653195,141.97705958661757,1.050100495737051,27.34037718857959,5.005232810974121,1.8673864603042603,2.0740606784820557,29.42089670201011,457.02343750000006,226.66666666666669,443.77786225825554,217.4605769912402,470.2690127417446,235.87275634209317,0.0051998235285282135,0.9965496063232422,
2026-07-15T21:50:12.862,14.78739192103967,20260715_214958_front_fusion_ego_1643,speedsweep_normal,fusion_ego_1643,6340412,2,vehicle,0.10950318723917007,39.447124994631075,132.91175172813467,1.2973437861133539,-45.048582323194154,5.234015464782715,1.9915151596069336,2.2861626148223877,32.64035598122607,360.28125,225.55555555555557,345.7224398292601,216.1507034632895,374.8400601707399,234.96040764782165,0.002273145830258727,0.9999252557754517,
2026-07-15T21:50:12.862,14.78739192103967,20260715_214958_front_fusion_ego_1643,speedsweep_normal,fusion_ego_1643,6340412,3,vehicle,0.09050476551055908,22.572385969134146,127.77517237021134,0.9359625542529502,-64.62091883724806,4.86313533782959,1.9257066249847412,1.5735688209533691,18.140011807172165,261.3151041666667,235.55555555555557,214.90113642315072,220.297662946913,307.72907191018265,250.81344816419815,0.0633554458618164,0.9987782835960388,
2026-07-15T21:50:12.862,14.78739192103967,20260715_214958_front_fusion_ego_1643,speedsweep_normal,fusion_ego_1643,6340412,4,vehicle,0.06325119733810425,11.609721610651832,143.98335671882825,1.0016576107175754,65.36708015344301,5.1124420166015625,1.8486560583114624,1.9894269704818726,8.158213862599139,732.7942708333334,253.33333333333334,672.1584872653087,214.78100617726645,793.430054401358,291.88566048940027,0.294290691614151,0.9664417505264282,
2026-07-15T21:50:12.862,14.78739192103967,20260715_214958_front_fusion_ego_1643,speedsweep_normal,fusion_ego_1643,6340412,5,vehicle,0.05729711800813675,14.798165629657262,151.88511264537107,1.6961581516150561,169.91138592368867,5.335442543029785,1.9536858797073364,3.1159181594848633,16.574266618286238,850.6640625,200.0,844.5387266082689,133.8811445236206,856.7893983917312,266.1188554763794,0.11829964816570282,0.71878981590271,
2026-07-15T21:50:12.991,14.916507977060974,20260715_214958_front_fusion_ego_1643,speedsweep_normal,fusion_ego_1643,6340413,0,vehicle,0.3138957917690277,39.365702987520116,132.50026229818124,1.397794492755386,-23.597229797350902,5.153880596160889,1.974966287612915,2.162785053253174,31.639644258414297,359.16927083333337,225.55555555555557,342.78900218879187,215.96907052728866,375.5495394778749,235.14204058382248,0.0030642515048384666,0.9999090433120728,
2026-07-15T21:50:12.991,14.916507977060974,20260715_214958_front_fusion_ego_1643,speedsweep_normal,fusion_ego_1643,6340413,1,vehicle,0.28232187032699585,32.14248215146051,152.96190475305067,2.071248554063076,106.45751312884222,8.882023811340332,3.1964218616485596,4.247239589691162,28.754757381052098,608.2526041666667,217.7777777777778,561.1759703258674,193.66652117835153,655.3292380074661,241.88903437720407,0.0036124619655311108,0.6381596922874451,
2026-07-15T21:50:12.991,14.916507977060974,20260715_214958_front_fusion_ego_1643,speedsweep_normal,fusion_ego_1643,6340413,2,vehicle,0.24922415614128113,37.12966920837876,138.43861359198195,1.902806930723327,-81.42463420866058,7.3767218589782715,2.724761486053467,3.5742456912994385,29.075813645748372,430.33593750000006,217.7777777777778,411.4946380518377,200.19249127970804,449.1772369481624,235.36306427584756,0.002290795324370265,0.9994843006134033,
2026-07-15T21:50:12.991,14.916507977060974,20260715_214958_front_fusion_ego_1643,speedsweep_normal,fusion_ego_1643,6340413,3,vehicle,0.21689467132091522,19.981018887324176,130.0249639911149,0.9248895339908882,-45.533932737605134,4.489706039428711,1.7831430435180664,1.4413851499557495,13.922833736734948,244.63541666666669,243.33333333333334,204.51017226527136,228.75323673089346,284.760661068062,257.91342993577325,0.007575491443276405,0.9998956918716431,
2026-07-15T21:50:12.991,14.916507977060974,20260715_214958_front_fusion_ego_1643,speedsweep_normal,fusion_ego_1643,6340413,4,vehicle,0.21104486286640167,36.20239904546149,141.3230898864102,0.9229308627486776,-153.93715626226572,4.903800964355469,1.7911243438720703,1.9209870100021362,28.424900395775143,458.1354166666667,226.66666666666669,445.254696863393,217.89062986771268,471.01613646994036,235.4427034656207,0.06932774931192398,0.9978532195091248,
2026-07-15T21:50:12.991,14.916507977060974,20260715_214958_front_fusion_ego_1643,speedsweep_normal,fusion_ego_1643,6340413,5,vehicle,0.15734100341796875,7.459904910626829,141.04061340819896,1.8792147957833953,0.009927014266106763,8.19294548034668,2.882685899734497,3.7670085430145264,3.8791225826828217,163.4609375,163.33333333333334,102.08292107284069,-2.5094668070475263,224.83895392715934,329.17613347371423,0.054746538400650024,0.606972873210907,
2026-07-15T21:50:13.125,15.051009877002798,20260715_214958_front_fusion_ego_1643,speedsweep_normal,fusion_ego_1643,6340414,0,vehicle,0.2741563022136688,38.884228781472515,132.81724117434405,1.2473434510330366,-59.294179742792274,4.690308570861816,1.8492881059646606,2.0559613704681396,30.14100728499953,351.3854166666667,225.55555555555557,335.19423122579855,216.69960591528152,367.5766021075348,234.41150519582962,0.029885001480579376,0.999751627445221,
2026-07-15T21:50:13.125,15.051009877002798,20260715_214958_front_fusion_ego_1643,speedsweep_normal,fusion_ego_1643,6340414,1,vehicle,0.2039324939250946,20.692326678400022,130.5729894462147,0.8520251614088599,-80.09846244670898,4.495447158813477,1.830844759941101,1.3268640041351318,13.41564591065401,235.73958333333334,243.33333333333334,188.01809286077818,228.86393954356512,283.46107380588853,257.8027271231016,0.1778213530778885,0.9999048709869385,
2026-07-15T21:50:13.125,15.051009877002798,20260715_214958_front_fusion_ego_1643,speedsweep_normal,fusion_ego_1643,6340414,2,vehicle,0.15700457990169525,38.63924731419802,139.0760722475174,1.9782822312954478,-76.6763223937113,7.411331653594971,2.734201669692993,3.6807069778442383,29.628529717229075,430.33593750000006,217.7777777777778,411.9441679865122,198.88977812396158,448.7277070134879,236.66577743159402,0.00044262525625526905,0.9996840953826904,
2026-07-15T21:50:13.125,15.051009877002798,20260715_214958_front_fusion_ego_1643,speedsweep_normal,fusion_ego_1643,6340414,3,vehicle,0.14494666457176208,37.15763663964272,142.97111773950104,0.9772155572496528,131.88733427690283,4.9094743728637695,1.8953713178634644,2.0873043537139893,28.671581303929404,465.91927083333337,226.66666666666669,449.1221690711876,217.38569150368374,482.71637259547913,235.94764182964963,0.05322359874844551,0.9627583622932434,
2026-07-15T21:50:13.125,15.051009877002798,20260715_214958_front_fusion_ego_1643,speedsweep_normal,fusion_ego_1643,6340414,4,vehicle,0.1350032240152359,28.13631710490683,164.69858353400483,1.073195737824534,51.12952740504126,5.5559492111206055,2.1277053356170654,2.5167202949523926,33.433049588447744,795.0651041666667,226.66666666666669,746.4264198566477,207.90801028410596,843.7037884766858,245.42532304922742,0.007403613068163395,0.97805255651474,
2026-07-15T21:50:13.125,15.051009877002798,20260715_214958_front_fusion_ego_1643,speedsweep_normal,fusion_ego_1643,6340414,5,vehicle,0.11360923945903778,39.23658584679252,144.46490132637643,1.2346801709929087,-75.41581287013238,5.696892738342285,2.0796890258789062,2.4520456790924072,31.020828769011274,483.71093750000006,226.66666666666669,470.7385473065079,215.48516760269803,496.68332769349223,237.84816573063534,0.5884607434272766,0.9995587468147278,
2026-07-15T21:50:13.269,15.194579223054461,20260715_214958_front_fusion_ego_1643,speedsweep_normal,fusion_ego_1643,6340415,0,vehicle,0.3788131773471832,41.155358785578144,131.5205064225304,1.3241872627686029,13.492668797239336,5.056246757507324,1.9624824523925781,2.134382486343384,31.61888296466631,351.3854166666667,225.55555555555557,335.55776161203784,216.68006512853836,367.21307172129553,234.43104598257278,0.13254223763942719,0.9998132586479187,
2026-07-15T21:50:13.269,15.194579223054461,20260715_214958_front_fusion_ego_1643,speedsweep_normal,fusion_ego_1643,6340415,1,vehicle,0.37398961186408997,34.33402610031915,153.962424925137,2.1118522930933805,117.87622451566486,8.742446899414062,3.1133322715759277,4.208308219909668,29.473395990956952,618.2604166666667,217.7777777777778,572.8674167792003,195.66469894515146,663.6534165541332,239.89085661040414,0.0023536437656730413,0.9118370413780212,
2026-07-15T21:50:13.269,15.194579223054461,20260715_214958_front_fusion_ego_1643,speedsweep_normal,fusion_ego_1643,6340415,2,vehicle,0.30590948462486267,37.53354411112739,139.2242731271786,1.9696470354739473,-84.09980141234136,7.564245700836182,2.7957041263580322,3.7045187950134277,27.54602609514386,430.33593750000006,217.7777777777778,409.90827056765556,196.4165203438865,450.7636044323445,239.1390352116691,0.005678907502442598,0.9999641180038452,
2026-07-15T21:50:13.269,15.194579223054461,20260715_214958_front_fusion_ego_1643,speedsweep_normal,fusion_ego_1643,6340415,3,vehicle,0.21919019520282745,39.940597919699584,144.0358161012037,1.2031467316719457,140.58900399865493,5.642979621887207,2.043224334716797,2.2936432361602783,30.641465185159042,484.8229166666667,226.66666666666669,470.2313587764899,216.38064811627072,499.41447455684346,236.95268521706265,0.03748728707432747,0.9994148015975952,
2026-07-15T21:50:13.269,15.194579223054461,20260715_214958_front_fusion_ego_1643,speedsweep_normal,fusion_ego_1643,6340415,4,vehicle,0.17479531466960907,21.200825366247663,132.88511478077868,0.9952535966396197,-34.662796467218186,4.546627521514893,1.8464082479476929,1.3797887563705444,11.978218949400222,216.83593750000003,243.33333333333334,157.3779647052288,229.02125467856726,276.2939102947712,257.64541198809945,0.7559430599212646,0.9999622106552124,
2026-07-15T21:50:13.269,15.194579223054461,20260715_214958_front_fusion_ego_1643,speedsweep_normal,fusion_ego_1643,6340415,5,vehicle,0.10965953767299652,24.558514178639555,162.52864319257296,0.49481018121345866,85.99119956212455,4.579448223114014,1.731988549232483,1.5083144903182983,29.157199729926962,812.8567708333334,234.44444444444446,771.5200373803576,222.81885829236774,854.1935042863091,246.07003059652118,0.001301980228163302,0.9713218212127686,
2026-07-15T21:50:13.420,15.346184678026475,20260715_214958_front_fusion_ego_1643,speedsweep_normal,fusion_ego_1643,6340416,0,vehicle,0.323604017496109,41.37559289226063,131.0085486014728,1.2521516761306746,-49.39344739723867,5.281051158905029,2.0179717540740967,2.1102168560028076,30.96307303380846,350.2734375,225.55555555555557,333.2717129960656,216.2267941567633,367.2751620039344,234.88431695434784,0.005804736167192459,0.9996774196624756,
2026-07-15T21:50:13.420,15.346184678026475,20260715_214958_front_fusion_ego_1643,speedsweep_normal,fusion_ego_1643,6340416,1,vehicle,0.22818593680858612,38.197088578567936,139.68376293768927,1.9454405735249272,-73.81280728523362,7.85288667678833,2.8484609127044678,3.8292360305786133,27.25433664186709,430.33593750000006,216.66666666666669,410.94795617833734,195.23893872896832,449.7239188216627,238.09439460436505,0.00227369531057775,0.9998018145561218,
2026-07-15T21:50:13.420,15.346184678026475,20260715_214958_front_fusion_ego_1643,speedsweep_normal,fusion_ego_1643,6340416,2,vehicle,0.22519534826278687,38.85730666778113,144.68732887074617,1.198143924421192,131.27967150942743,5.168700695037842,1.9577926397323608,2.1513142585754395,28.779652543931643,483.71093750000006,226.66666666666669,469.92880041152245,216.00657651821774,497.49307458847767,237.32675681511563,0.21565933525562286,0.9995724558830261,
2026-07-15T21:50:13.420,15.346184678026475,20260715_214958_front_fusion_ego_1643,speedsweep_normal,fusion_ego_1643,6340416,3,vehicle,0.1733657866716385,21.20915593662147,131.15352088513004,1.0640431650753355,161.11014191101927,4.42462158203125,1.7703323364257812,1.567091941833496,11.864002179049463,190.1484375,244.44444444444446,135.54115483164787,226.83571901586322,244.75572016835216,262.0531698730257,0.830312967300415,0.9999635219573975,
2026-07-15T21:50:13.553,15.479289464070462,20260715_214958_front_fusion_ego_1643,speedsweep_normal,fusion_ego_1643,6340417,0,person,0.43767058849334717,24.842756363530132,150.6835191574607,0.9403488003857063,93.52804188100708,0.41118350625038147,0.4101163446903229,1.8415693044662476,18.541361459781584,707.21875,234.44444444444446,698.8761972896755,216.69045594003467,715.5613027103245,252.19843294885425,0.9994922876358032,0.9593554735183716,
2026-07-15T21:50:13.553,15.479289464070462,20260715_214958_front_fusion_ego_1643,speedsweep_normal,fusion_ego_1643,6340417,1,vehicle,0.37043270468711853,39.18834372947961,139.36080110173708,2.103451578712613,-101.53675561585311,8.206498146057129,2.969318389892578,3.9514331817626953,27.22849022609133,430.33593750000006,216.66666666666669,409.33497470989823,193.5161093870799,451.3369002901018,239.81722394625348,0.0037333923391997814,0.9999806880950928,
2026-07-15T21:50:13.553,15.479289464070462,20260715_214958_front_fusion_ego_1643,speedsweep_normal,fusion_ego_1643,6340417,2,vehicle,0.34633690118789673,21.42955496725525,141.51326910966884,1.0162519434959332,-139.49364171597546,5.093052387237549,1.863853931427002,1.7710435390472412,10.308432385559966,155.67708333333334,252.22222222222223,103.20178266366324,232.05717278851404,208.15238400300345,272.3872716559304,0.1807735413312912,0.99967360496521,
2026-07-15T21:50:13.553,15.479289464070462,20260715_214958_front_fusion_ego_1643,speedsweep_normal,fusion_ego_1643,6340417,3,vehicle,0.32037055492401123,43.01270632362807,130.9558229002857,1.23266155986442,81.80580168293025,5.343585014343262,2.026582717895508,2.1789238452911377,31.608464503371636,350.2734375,225.55555555555557,334.8389475531876,216.09671238395904,365.7079274468124,235.0143987271521,0.04009660705924034,0.9996259212493896,
2026-07-15T21:50:13.553,15.479289464070462,20260715_214958_front_fusion_ego_1643,speedsweep_normal,fusion_ego_1643,6340417,4,vehicle,0.31413736939430237,39.17104102540756,143.59389644198768,1.2656196132126811,92.91514681737263,5.395355224609375,2.029491662979126,2.3721671104431152,27.852302795938368,484.8229166666667,226.66666666666669,470.0466197716693,214.07232294480008,499.59921356166404,239.2610103885333,0.036089565604925156,0.9996217489242554,
2026-07-15T21:50:13.696,15.621613948023878,20260715_214958_front_fusion_ego_1643,speedsweep_normal,fusion_ego_1643,6340418,0,vehicle,0.27170124650001526,40.19071945550936,144.75339194653785,1.2915339017492649,99.3917757283908,5.9055962562561035,2.1650476455688477,2.4618418216705322,28.159851647933063,484.8229166666667,226.66666666666669,468.0230804930131,213.1633348266284,501.6227528403203,240.16999850670499,0.0027339227963238955,0.9997332692146301,
2026-07-15T21:50:13.696,15.621613948023878,20260715_214958_front_fusion_ego_1643,speedsweep_normal,fusion_ego_1643,6340418,1,vehicle,0.22773168981075287,44.532305414799616,131.31945939601377,0.9712899755533853,70.88619491464634,4.770581245422363,1.876754641532898,1.9454466104507446,32.06164126382439,342.48958333333337,225.55555555555557,326.6788358179232,217.2089359495375,358.30033084874356,233.90217516157364,0.004803042393177748,0.9986483454704285,
2026-07-15T21:50:13.696,15.621613948023878,20260715_214958_front_fusion_ego_1643,speedsweep_normal,fusion_ego_1643,6340418,2,vehicle,0.12682025134563446,41.41076024341851,139.8678014556018,1.8064972565921549,-79.57289729750819,7.515744686126709,2.73683500289917,3.6925556659698486,28.490736182386613,430.33593750000006,216.66666666666669,413.99625235795975,197.50388006369275,446.6756226420403,235.82945326964062,0.0006142538622952998,0.9998390674591064,
2026-07-15T21:50:13.696,15.621613948023878,20260715_214958_front_fusion_ego_1643,speedsweep_normal,fusion_ego_1643,6340418,3,vehicle,0.08679333329200745,42.34769088764398,143.14531404616545,0.8866517233798081,-172.77541119514217,5.64023494720459,1.9850558042526245,2.19152569770813,29.895360387756185,458.1354166666667,226.66666666666669,445.4951294201116,216.73424551884335,470.7757039132218,236.59908781449002,0.4648466110229492,0.9971292614936829,
2026-07-15T21:50:13.696,15.621613948023878,20260715_214958_front_fusion_ego_1643,speedsweep_normal,fusion_ego_1643,6340418,4,vehicle,0.08552084118127823,21.066705953316323,147.77016736353076,0.9532754294834742,142.97297071538938,4.143086910247803,1.6720683574676514,1.6192423105239868,13.211279320818903,110.08593750000001,252.22222222222223,60.629579842090614,229.1895623339547,159.5422951579094,275.25488211048975,0.1592961549758911,0.9984459280967712,
2026-07-15T21:50:13.836,15.762379004037939,20260715_214958_front_fusion_ego_1643,speedsweep_normal,fusion_ego_1643,6340419,0,vehicle,0.2769377827644348,41.969948371511464,145.01487390097705,1.1458224662834187,-37.72879160301448,6.181126117706299,2.278862476348877,2.577742576599121,28.98605467006698,492.60677083333337,225.55555555555557,477.1955209982892,213.47107652160858,508.0180206683775,237.64003458950256,0.0695900246500969,0.9999773502349854,
2026-07-15T21:50:13.836,15.762379004037939,20260715_214958_front_fusion_ego_1643,speedsweep_normal,fusion_ego_1643,6340419,1,vehicle,0.2546917498111725,44.207677567206204,142.3126740871179,0.6558094234111225,-170.27191216993745,5.309390544891357,1.9289895296096802,1.9202641248703003,30.60250758390261,457.02343750000006,226.66666666666669,444.90371762216097,218.08478603760403,469.14315737783915,235.24854729572934,0.9071080684661865,0.9984814524650574,
2026-07-15T21:50:13.836,15.762379004037939,20260715_214958_front_fusion_ego_1643,speedsweep_normal,fusion_ego_1643,6340419,2,vehicle,0.20739679038524628,44.295389412648504,132.14914540072436,0.9267648629769878,38.81614241604629,5.072653293609619,1.9468021392822266,2.0977320671081543,30.70780188089457,342.48958333333337,225.55555555555557,326.71397912999,215.85521164867615,358.26518753667676,235.255899462435,0.00996409635990858,0.9989481568336487,
2026-07-15T21:50:13.836,15.762379004037939,20260715_214958_front_fusion_ego_1643,speedsweep_normal,fusion_ego_1643,6340419,3,vehicle,0.15882070362567902,41.37802699236357,140.85874229959808,1.7585254091056888,-79.12307587445379,7.684947490692139,2.7294130325317383,3.7696523666381836,27.57844346600593,430.33593750000006,216.66666666666669,414.3204845264554,196.93676451841992,446.35139047354465,236.39656881491345,0.0021170638501644135,0.9999372959136963,
2026-07-15T21:50:13.972,15.897578265052289,20260715_214958_front_fusion_ego_1643,speedsweep_normal,fusion_ego_1643,6340420,0,vehicle,0.3484020233154297,42.399201190723986,145.49248148657767,1.1163179430706898,87.5087826667468,5.774454116821289,2.1495168209075928,2.41079044342041,28.573125965507558,493.71875000000006,226.66666666666669,478.45514725148684,214.79105214277905,508.9823527485133,238.54228119055432,0.025522254407405853,0.9997039437294006,
2026-07-15T21:50:13.972,15.897578265052289,20260715_214958_front_fusion_ego_1643,speedsweep_normal,fusion_ego_1643,6340420,1,vehicle,0.29670992493629456,43.11010495326541,139.5102815476135,1.8079449323500971,-85.36595569168274,7.92375373840332,2.841679811477661,3.777113437652588,28.17403173119243,430.33593750000006,216.66666666666669,412.80545829981565,196.48864964644116,447.8664167001844,236.8446836868922,0.005032112821936607,0.9998825788497925,
2026-07-15T21:50:13.972,15.897578265052289,20260715_214958_front_fusion_ego_1643,speedsweep_normal,fusion_ego_1643,6340420,2,vehicle,0.23530615866184235,44.87358157311686,131.88040769019085,1.0123657628092677,30.316733481351708,5.114788055419922,1.9632747173309326,2.2560291290283203,30.347007402813436,342.48958333333337,225.55555555555557,327.22834277277195,215.1642218563292,357.7508238938948,235.94688925478195,0.09168601781129837,0.9990637898445129,
2026-07-15T21:50:13.972,15.897578265052289,20260715_214958_front_fusion_ego_1643,speedsweep_normal,fusion_ego_1643,6340420,3,vehicle,0.12418919056653976,45.528015484921575,141.42958139115748,0.7045938334686324,166.30379828157555,5.348700046539307,1.9093811511993408,1.9729291200637817,30.791874418758717,457.02343750000006,226.66666666666669,444.4844133537263,217.46526728073758,469.5624616462738,235.8680660525958,0.9098384976387024,0.999136745929718,
2026-07-15T21:50:13.972,15.897578265052289,20260715_214958_front_fusion_ego_1643,speedsweep_normal,fusion_ego_1643,6340420,4,vehicle,0.0840265154838562,39.59164961073468,122.87083608012428,0.8529147389063891,-100.37777687558828,4.105847358703613,1.6516660451889038,1.7246530055999756,28.51123295594897,243.52343750000003,226.66666666666669,221.77563518658283,217.13995109001797,265.2712398134172,236.1933822433154,0.43346133828163147,0.9385278820991516,
2026-07-15T21:50:13.972,15.897578265052289,20260715_214958_front_fusion_ego_1643,speedsweep_normal,fusion_ego_1643,6340420,5,vehicle,0.0794050544500351,28.80313709916127,163.40748231465886,1.3139877739299282,102.24592823017971,4.808614730834961,1.8826605081558228,2.2504215240478516,29.503713215789734,821.7526041666667,235.55555555555557,780.6778429249923,218.387661907408,862.8273654083412,252.72344920370315,0.003610588377341628,0.9961206316947937,
2026-07-15T21:50:14.100,16.02566076302901,20260715_214958_front_fusion_ego_1643,speedsweep_normal,fusion_ego_1643,6340421,0,vehicle,0.31181567907333374,46.42075464503472,130.96242660959444,0.9746528624021127,84.81159835871286,5.055475234985352,1.952264666557312,2.0964388847351074,31.07115091921142,341.3776041666667,225.55555555555557,324.7828138607244,216.5658262703154,357.972394472609,234.54528484079574,0.11351091414690018,0.9966127276420593,
2026-07-15T21:50:14.100,16.02566076302901,20260715_214958_front_fusion_ego_1643,speedsweep_normal,fusion_ego_1643,6340421,1,vehicle,0.22750672698020935,43.49838588532704,140.62970913954533,1.7241808368411848,-79.25953244839687,7.769135475158691,2.784839153289795,3.737027406692505,27.681031777866227,430.33593750000006,216.66666666666669,412.2146472558379,196.7929659287135,448.45722774416214,236.54036740461987,0.005140581168234348,0.9998462200164795,
2026-07-15T21:50:14.100,16.02566076302901,20260715_214958_front_fusion_ego_1643,speedsweep_normal,fusion_ego_1643,6340421,2,vehicle,0.15998846292495728,42.604503317869046,146.31905049679256,1.112492862518369,119.15047312368294,5.695040702819824,2.0666115283966064,2.3770487308502197,28.06949803747772,493.71875000000006,226.66666666666669,478.8438488580287,214.20456747214,508.5936511419714,239.12876586119336,0.044399797916412354,0.9998624324798584,
2026-07-15T21:50:14.100,16.02566076302901,20260715_214958_front_fusion_ego_1643,speedsweep_normal,fusion_ego_1643,6340421,3,person,0.09801111370325089,42.45736872486804,122.33015184158737,0.7005403587396828,-72.19883713001576,0.8746337294578552,0.5865018367767334,1.5722407102584839,30.413915843568397,253.53125000000003,226.66666666666669,248.96978433709594,218.10176263252896,258.0927156629041,235.2315707008044,0.9745175242424011,0.9438129663467407,
2026-07-15T21:50:14.238,16.16432743705809,20260715_214958_front_fusion_ego_1643,speedsweep_normal,fusion_ego_1643,6340422,0,vehicle,0.36997494101524353,42.8891170984024,144.31465029325253,1.0135547303961006,107.68627589859678,5.578888416290283,2.0477476119995117,2.2674238681793213,26.808230298229876,501.5026041666667,226.66666666666669,485.55131680766743,215.56705097357434,517.453891525666,237.76628235975903,0.022315166890621185,0.9994181394577026,
2026-07-15T21:50:14.238,16.16432743705809,20260715_214958_front_fusion_ego_1643,speedsweep_normal,fusion_ego_1643,6340422,1,vehicle,0.23934583365917206,47.32458161418628,129.92552110014142,0.8500677838361679,86.66592123846881,5.018337249755859,1.9575456380844116,1.9726661443710327,31.220382696315568,333.59375,225.55555555555557,316.89396560937166,215.65634194347595,350.29353439062834,235.4547691676352,0.03233415633440018,0.9915257096290588,
2026-07-15T21:50:14.238,16.16432743705809,20260715_214958_front_fusion_ego_1643,speedsweep_normal,fusion_ego_1643,6340422,2,vehicle,0.19799448549747467,43.5147254498618,139.7184202901445,1.6818966655779002,-70.89585581704833,7.3800435066223145,2.7400660514831543,3.5699329376220703,26.614237577568552,430.33593750000006,216.66666666666669,411.2172758281231,196.83290044466656,449.45459917187696,236.5004328886668,0.003339927876368165,0.9997898936271667,
2026-07-15T21:50:14.374,16.299974952009507,20260715_214958_front_fusion_ego_1643,speedsweep_normal,fusion_ego_1643,6340423,0,vehicle,0.23782631754875183,47.34662507275229,129.6981730650443,0.9378673892880358,-3.2398576892569166,5.199141502380371,1.9938480854034424,2.1697778701782227,30.338700856022793,332.48177083333337,225.55555555555557,315.03221685191,214.78065076801514,349.93132481475675,236.330460343096,0.23155535757541656,0.9945604205131531,
2026-07-15T21:50:14.374,16.299974952009507,20260715_214958_front_fusion_ego_1643,speedsweep_normal,fusion_ego_1643,6340423,1,vehicle,0.1935187578201294,45.28537384364017,140.41334077036075,1.6452243526698247,-72.19349928761821,7.3662543296813965,2.7109906673431396,3.5891201496124268,27.457886383562204,430.33593750000006,216.66666666666669,412.5992098636925,197.4716667334239,448.07266513630753,235.86166659990948,0.0034352524671703577,0.9996492862701416,
2026-07-15T21:50:14.374,16.299974952009507,20260715_214958_front_fusion_ego_1643,speedsweep_normal,fusion_ego_1643,6340423,2,person,0.1802845150232315,33.11098418560379,125.14446831923627,1.2512861667913582,-68.7567396966617,0.9042766094207764,0.5990530848503113,2.1020009517669678,19.436336292799062,128.98958333333334,235.55555555555557,121.78197365005812,219.82669565412735,136.19719301660857,251.2844154569838,0.9838565587997437,0.5893620848655701,
2026-07-15T21:50:14.374,16.299974952009507,20260715_214958_front_fusion_ego_1643,speedsweep_normal,fusion_ego_1643,6340423,3,vehicle,0.18003368377685547,43.406061958160166,146.1777427798834,1.2132332239660815,97.58042534247491,5.841890335083008,2.147820472717285,2.4294986724853516,26.89555749057109,502.61458333333337,226.66666666666669,486.6951878977319,214.02466634909314,518.5339787689348,239.30866698424023,0.056217193603515625,0.9998515844345093,
2026-07-15T21:50:14.511,16.43662614002824,20260715_214958_front_fusion_ego_1643,speedsweep_normal,fusion_ego_1643,6340424,0,vehicle,0.5979647040367126,47.46206509848585,129.2471272703241,1.0062861711696278,67.4384672460917,5.280910491943359,2.0417072772979736,2.1000277996063232,29.616057108424414,324.6979166666667,225.55555555555557,307.64001821974915,214.88765839073395,341.7558151135842,236.2234527203772,0.06862714886665344,0.997664213180542,
2026-07-15T21:50:14.511,16.43662614002824,20260715_214958_front_fusion_ego_1643,speedsweep_normal,fusion_ego_1643,6340424,1,vehicle,0.2823006212711334,43.03996954059677,146.83936622603576,1.0786453332665935,91.24474873355275,5.526607513427734,2.021535634994507,2.282111644744873,25.849202828704332,510.39843750000006,226.66666666666669,492.34464538469916,214.46337560812634,528.4522296153009,238.86995772520703,0.1265358328819275,0.9996603727340698,
2026-07-15T21:50:14.511,16.43662614002824,20260715_214958_front_fusion_ego_1643,speedsweep_normal,fusion_ego_1643,6340424,2,vehicle,0.27175119519233704,49.550048859811,141.8148364371303,0.8032750425285824,-115.30636288292126,5.082622051239014,1.9267927408218384,1.7980585098266602,30.890095967247742,457.02343750000006,225.55555555555557,448.0498505365104,216.4505583379004,465.9970244634897,234.66055277321075,0.8438459634780884,0.9999939203262329,
2026-07-15T21:50:14.511,16.43662614002824,20260715_214958_front_fusion_ego_1643,speedsweep_normal,fusion_ego_1643,6340424,3,person,0.14153870940208435,29.523310214610724,152.2783158642116,1.042415822734049,61.523907112788635,1.1778005361557007,0.7052037715911865,1.7802811861038208,18.25443911892911,102.30208333333334,243.33333333333334,88.59910419707498,224.44706996281943,116.0050624695917,262.2195967038473,0.9796664118766785,0.9897646903991699,
2026-07-15T21:50:14.511,16.43662614002824,20260715_214958_front_fusion_ego_1643,speedsweep_normal,fusion_ego_1643,6340424,4,vehicle,0.13917075097560883,47.391854909697884,140.52251180223797,1.5530273797263143,-77.77561961983135,7.291591644287109,2.674960136413574,3.5009031295776367,28.57697598259005,431.4479166666667,216.66666666666669,414.20492926115793,199.02608732382458,448.69090407217544,234.3072460095088,0.0009143731440417469,0.9992469549179077,
2026-07-15T21:50:14.647,16.572718771989457,20260715_214958_front_fusion_ego_1643,speedsweep_normal,fusion_ego_1643,6340425,0,vehicle,0.3421701192855835,47.47569799837299,141.3006619127477,1.7711116596686045,-140.2023555690176,7.820896148681641,2.8598103523254395,3.574486494064331,27.775956886865128,431.4479166666667,217.7777777777778,408.2482818240921,198.9063577519523,454.6475515092413,236.6491978036033,0.0019284868612885475,0.9998745918273926,
2026-07-15T21:50:14.647,16.572718771989457,20260715_214958_front_fusion_ego_1643,speedsweep_normal,fusion_ego_1643,6340425,1,vehicle,0.2983563542366028,47.0935912334067,129.76992099672378,1.1628420509903425,-24.160144259903436,5.149592399597168,2.0206780433654785,2.2257673740386963,28.170117252077507,323.5859375,225.55555555555557,305.84045783802867,213.8828832242224,341.33141716197133,237.22822788688873,0.08864083141088486,0.9958781003952026,
2026-07-15T21:50:14.647,16.572718771989457,20260715_214958_front_fusion_ego_1643,speedsweep_normal,fusion_ego_1643,6340425,2,vehicle,0.23085395991802216,39.909013802097256,143.18883714352222,0.8695023323751676,99.05822901590007,4.873593330383301,1.8409388065338135,1.6795750856399536,20.767268272196336,511.5104166666667,234.44444444444446,485.49874420712393,223.50572642352847,537.5220891262095,245.38316246536044,0.00023614933888893574,0.9988476037979126,
2026-07-15T21:50:14.774,16.700239727972075,20260715_214958_front_fusion_ego_1643,speedsweep_normal,fusion_ego_1643,6340426,0,vehicle,0.6113288402557373,39.40755438386929,144.30430663253762,1.0219803416859836,93.25151639996794,5.283814430236816,2.01804780960083,1.654750108718872,19.695331577013754,520.40625,234.44444444444446,489.24288263171917,222.16009077098636,551.5696173682809,246.72879811790256,0.0013585796114057302,0.9999874830245972,
2026-07-15T21:50:14.774,16.700239727972075,20260715_214958_front_fusion_ego_1643,speedsweep_normal,fusion_ego_1643,6340426,1,vehicle,0.29773595929145813,47.10210734620922,128.92538039763522,1.2787500501470492,-69.097843182912,5.120271682739258,2.0368359088897705,2.2150356769561768,27.480477064262566,315.80208333333337,225.55555555555557,294.4146411431333,213.7965339753363,337.18952552353346,237.31457713577484,0.043166402727365494,0.9941562414169312,
2026-07-15T21:50:14.774,16.700239727972075,20260715_214958_front_fusion_ego_1643,speedsweep_normal,fusion_ego_1643,6340426,2,vehicle,0.24998041987419128,49.80470964630503,143.9382772391968,1.0117336919274673,-152.98421648559375,5.320734024047852,1.9784388542175293,1.9943382740020752,29.573632858315456,457.02343750000006,225.55555555555557,446.08845986612147,216.1358306143019,467.95841513387865,234.97528049680923,0.18654508888721466,0.9999606609344482,
2026-07-15T21:50:14.774,16.700239727972075,20260715_214958_front_fusion_ego_1643,speedsweep_normal,fusion_ego_1643,6340426,3,person,0.1911986619234085,31.89918996469335,146.37648544414552,0.7814485739656813,135.8098898034175,2.027472734451294,0.9070812463760376,1.6486718654632568,14.159928432680811,13.34375,244.44444444444446,-9.739507716149092,228.55943706300525,36.42700771614909,260.32945182588367,0.17327798902988434,0.15190933644771576,
2026-07-15T21:50:14.774,16.700239727972075,20260715_214958_front_fusion_ego_1643,speedsweep_normal,fusion_ego_1643,6340426,4,vehicle,0.16559185087680817,46.37697925663882,140.46967651794685,1.9041446460486846,-99.60596952403884,7.699876308441162,2.8076040744781494,3.708767890930176,25.59825090804393,430.33593750000006,216.66666666666669,409.3754977658391,194.09325460592908,451.29637723416096,239.2400787274043,0.005813454743474722,0.9998488426208496,
2026-07-15T21:50:14.907,16.83324809197802,20260715_214958_front_fusion_ego_1643,speedsweep_normal,fusion_ego_1643,6340427,0,vehicle,0.7309517860412598,40.54385285032828,145.11374162137972,1.1624162524894048,99.27766121674847,5.798419952392578,2.1514971256256104,1.9071656465530396,20.120065578053936,528.1901041666667,234.44444444444446,499.21773054699105,219.29421212938098,557.1624777863424,249.59467675950793,0.006573575083166361,0.9999988079071045,
2026-07-15T21:50:14.907,16.83324809197802,20260715_214958_front_fusion_ego_1643,speedsweep_normal,fusion_ego_1643,6340427,1,vehicle,0.3336549699306488,47.483367228908605,140.21129972426814,2.0088979699198237,-114.20815994104369,8.489206314086914,3.021249771118164,3.918013095855713,25.685212141260305,422.55208333333337,216.66666666666669,399.5264391427239,194.95930949846905,445.5777275239428,238.37402383486432,0.0513167604804039,0.9999908208847046,
2026-07-15T21:50:14.907,16.83324809197802,20260715_214958_front_fusion_ego_1643,speedsweep_normal,fusion_ego_1643,6340427,2,vehicle,0.3173084557056427,43.3927554067824,130.35482235931514,1.2442459524922835,-82.58358336607583,5.427579402923584,2.13808536529541,2.394472122192383,22.57591515624349,315.80208333333337,225.55555555555557,291.52715826531255,209.8698327276442,340.0770084013542,241.24127838346695,0.010069175623357296,0.9990660548210144,
2026-07-15T21:50:14.907,16.83324809197802,20260715_214958_front_fusion_ego_1643,speedsweep_normal,fusion_ego_1643,6340427,3,vehicle,0.17266473174095154,51.338573343196,142.19173260703752,0.907360916596593,178.9268697398094,4.69935941696167,1.7627321481704712,1.7762736082077026,29.774736517679983,457.02343750000006,226.66666666666669,446.0887119919062,218.6931476990382,467.9581630080939,234.64018563429516,0.5208268165588379,0.9997319579124451,
2026-07-15T21:50:15.043,16.968568610027432,20260715_214958_front_fusion_ego_1643,speedsweep_normal,fusion_ego_1643,6340428,0,vehicle,0.28518885374069214,41.268595256636615,144.12467521099325,1.0980024535101087,-158.24970892649864,5.114714622497559,1.9414033889770508,1.7492128610610962,19.508310047355813,537.0859375,234.44444444444446,511.1199340075255,220.64653721120624,563.0519409924746,248.24235167768268,0.025660457089543343,0.9999909400939941,
2026-07-15T21:50:15.043,16.968568610027432,20260715_214958_front_fusion_ego_1643,speedsweep_normal,fusion_ego_1643,6340428,1,vehicle,0.24270357191562653,51.54544923392116,142.17081158388424,0.9284121814562978,-94.3132053555076,5.088324069976807,1.883459448814392,1.9480851888656616,28.99430846143442,457.02343750000006,226.66666666666669,445.5841995477677,217.16794709364575,468.4626754522324,236.16538623968762,0.07903280109167099,0.9999750852584839,
2026-07-15T21:50:15.043,16.968568610027432,20260715_214958_front_fusion_ego_1643,speedsweep_normal,fusion_ego_1643,6340428,2,vehicle,0.22704923152923584,45.655948100283865,129.42685765186638,1.3337585953891278,-37.779731298309564,5.956790447235107,2.2229864597320557,2.5675389766693115,24.0839483374291,314.6901041666667,225.55555555555557,290.55342356363934,209.7711417410109,338.82678476969403,241.33996937010025,0.004267679061740637,0.9992350339889526,
2026-07-15T21:50:15.043,16.968568610027432,20260715_214958_front_fusion_ego_1643,speedsweep_normal,fusion_ego_1643,6340428,3,vehicle,0.19151118397712708,49.04309644339514,139.6536297756433,1.9322438798001165,-77.07128925048742,8.136817932128906,2.906141757965088,3.7236015796661377,26.19416885760095,422.55208333333337,216.66666666666669,401.3180624668797,197.58030513922375,443.786104199787,235.75302819410962,0.006000446621328592,0.9999380111694336,
2026-07-15T21:50:15.189,17.114511996973306,20260715_214958_front_fusion_ego_1643,speedsweep_normal,fusion_ego_1643,6340429,0,vehicle,0.36069533228874207,44.33561689613356,128.74342326985337,1.1409509113271847,-90.83393921712225,5.361827850341797,2.062633752822876,2.381706714630127,22.185633914494638,306.90625,225.55555555555557,278.0179798156023,209.47006914350723,335.7945201843977,241.6410419676039,0.003315301612019539,0.9999103546142578,
2026-07-15T21:50:15.189,17.114511996973306,20260715_214958_front_fusion_ego_1643,speedsweep_normal,fusion_ego_1643,6340429,1,vehicle,0.2848905026912689,40.87917283319036,144.79959002010656,1.0331858739994897,97.50983303197498,5.173421859741211,1.9929009675979614,1.9568545818328857,18.471480488918044,537.0859375,235.55555555555557,503.82527491450315,220.47927353117203,570.3466000854969,250.63183757993912,0.0027997393626719713,0.9999910593032837,
2026-07-15T21:50:15.189,17.114511996973306,20260715_214958_front_fusion_ego_1643,speedsweep_normal,fusion_ego_1643,6340429,2,vehicle,0.2553727924823761,52.718719356686734,141.75730695942025,0.8764338084189602,-132.66768645027062,5.014216899871826,1.8853058815002441,1.951601505279541,29.108671300419335,457.02343750000006,226.66666666666669,445.8236824572087,217.25766609112424,468.2231925427914,236.07566724220914,0.03350469097495079,0.999830961227417,
2026-07-15T21:50:15.189,17.114511996973306,20260715_214958_front_fusion_ego_1643,speedsweep_normal,fusion_ego_1643,6340429,3,vehicle,0.21817316114902496,49.62314151162724,139.61910115204412,1.864247000867804,-58.58728012389226,7.957911968231201,2.818077802658081,3.7448861598968506,25.779356538076495,422.55208333333337,217.7777777777778,402.3380568151673,196.67567537890542,442.76610985149944,238.87988017665018,0.009704498574137688,0.9999823570251465,
2026-07-15T21:50:15.334,17.26046313997358,20260715_214958_front_fusion_ego_1643,speedsweep_normal,fusion_ego_1643,6340430,0,vehicle,0.38846075534820557,45.5054805485251,132.0533087546591,1.4432929204529732,-119.4110451613181,5.9791154861450195,2.2443249225616455,2.660182237625122,21.280447313352468,305.79427083333337,225.55555555555557,277.43501303841674,207.34606716367935,334.15352862825,243.7650439474318,0.0013436306035146117,0.9999833106994629,
2026-07-15T21:50:15.334,17.26046313997358,20260715_214958_front_fusion_ego_1643,speedsweep_normal,fusion_ego_1643,6340430,1,vehicle,0.3067350685596466,41.082807361036956,145.44564386894376,0.9983141277167309,-85.3830023522606,5.192668914794922,1.9964616298675537,1.9546889066696167,18.02403325510868,554.8776041666667,235.55555555555557,516.4925048897665,219.90891966554855,593.262703443567,251.2021914455626,0.006468718871474266,0.9999960660934448,
2026-07-15T21:50:15.334,17.26046313997358,20260715_214958_front_fusion_ego_1643,speedsweep_normal,fusion_ego_1643,6340430,2,vehicle,0.23060554265975952,50.062355392095654,139.21608371702902,1.9566039419028054,-76.85000654543154,7.559189796447754,2.7627365589141846,3.6935136318206787,25.19944487271953,430.33593750000006,217.7777777777778,407.3072709813714,195.37403689490426,453.36460401862865,240.18151866065134,0.0032242569141089916,0.9999878406524658,
2026-07-15T21:50:15.334,17.26046313997358,20260715_214958_front_fusion_ego_1643,speedsweep_normal,fusion_ego_1643,6340430,3,vehicle,0.15209920704364777,52.69123674875066,141.4597783484637,0.897074526537996,-95.33437776276241,5.245155334472656,1.9225187301635742,1.968560814857483,28.056357653564948,457.02343750000006,226.66666666666669,444.3230965957046,216.88195298115414,469.7237784042955,236.45138035217923,0.009707330726087093,0.9999434947967529,
2026-07-15T21:50:15.470,17.39556311396882,20260715_214958_front_fusion_ego_1643,speedsweep_normal,fusion_ego_1643,6340431,0,vehicle,0.431888222694397,45.15254413628871,130.66656603422715,1.235685272950091,-148.99779125591073,5.945631980895996,2.2264797687530518,2.5887699127197266,20.411685527935017,298.0104166666667,225.55555555555557,264.701304572324,205.77675673696731,331.3195287610094,245.33435437414383,0.0007517024059779942,0.9999895095825195,
2026-07-15T21:50:15.470,17.39556311396882,20260715_214958_front_fusion_ego_1643,speedsweep_normal,fusion_ego_1643,6340431,1,vehicle,0.3574138879776001,36.75791132883347,142.38205640965785,1.0145011965918003,-76.71147373898634,5.063119888305664,1.9179314374923706,1.6990164518356323,11.905274836157691,564.8854166666667,243.33333333333334,521.2213920156162,225.69805045922598,608.5494413177173,260.96861620744073,0.06586271524429321,0.9999880790710449,
2026-07-15T21:50:15.470,17.39556311396882,20260715_214958_front_fusion_ego_1643,speedsweep_normal,fusion_ego_1643,6340431,2,vehicle,0.26214879751205444,52.38535498120865,139.664959007187,2.0699592514432315,-123.8325476075568,7.705920696258545,2.828204870223999,3.833362579345703,26.562951776240613,430.33593750000006,217.7777777777778,408.5138749964535,195.404665933715,452.15800000354653,240.1508896218406,0.016572734341025352,0.9999951124191284,
2026-07-15T21:50:15.595,17.5212681570556,20260715_214958_front_fusion_ego_1643,speedsweep_normal,fusion_ego_1643,6340432,0,vehicle,0.5539807677268982,46.20181921574616,130.39153555151572,1.3542242775478122,-146.04136810479895,6.284334182739258,2.340747594833374,2.807302474975586,20.563542834148624,289.11458333333337,225.55555555555557,257.3758919661244,204.73096165392136,320.85327470054233,246.3801494571898,0.001614596345461905,0.9999710321426392,
2026-07-15T21:50:15.595,17.5212681570556,20260715_214958_front_fusion_ego_1643,speedsweep_normal,fusion_ego_1643,6340432,1,vehicle,0.2352708876132965,54.04903807185757,139.85132880479165,1.0645540616794382,-80.96806430964105,5.361076831817627,2.0509023666381836,2.2866170406341553,27.245645906933508,431.4479166666667,225.55555555555557,414.8146871204178,213.8860670063231,448.0811462129156,237.22504410478805,0.10619857162237167,0.9951950907707214,
2026-07-15T21:50:15.595,17.5212681570556,20260715_214958_front_fusion_ego_1643,speedsweep_normal,fusion_ego_1643,6340432,2,vehicle,0.22828872501850128,38.43888269634285,142.97015221969178,0.8909644108666226,10.77771886066028,4.849757671356201,1.8164863586425781,1.6998696327209473,12.776026243748987,573.78125,243.33333333333334,531.3976457491517,223.09198220570883,616.1648542508483,263.5746844609579,0.02626056782901287,0.9999973773956299,
2026-07-15T21:50:15.730,17.656111933058128,20260715_214958_front_fusion_ego_1643,speedsweep_normal,fusion_ego_1643,6340433,0,vehicle,0.39609262347221375,46.97394036052847,129.19842658937404,1.4676304198791663,137.33941084682183,6.357542037963867,2.341749668121338,2.8216640949249268,20.823114766367418,280.21875,226.66666666666669,242.90220274776223,206.0824380318324,317.5352972522378,247.25089530150098,0.0003865051257889718,0.9999687671661377,
2026-07-15T21:50:15.730,17.656111933058128,20260715_214958_front_fusion_ego_1643,speedsweep_normal,fusion_ego_1643,6340433,1,vehicle,0.17659001052379608,56.70421934614835,138.8628452545411,2.0698433388660886,-87.75143114274128,7.632994651794434,2.753786563873291,3.8823533058166504,28.85453404186514,431.4479166666667,217.7777777777778,413.95838205764693,196.88205705748666,448.93745127568644,238.67349849806894,0.011244036257266998,0.9999306201934814,
2026-07-15T21:50:15.730,17.656111933058128,20260715_214958_front_fusion_ego_1643,speedsweep_normal,fusion_ego_1643,6340433,2,vehicle,0.13766935467720032,50.88560103255507,142.1013108446778,0.943794004269324,13.251661629682559,4.399474620819092,1.68150794506073,1.4421560764312744,23.46014177442482,458.1354166666667,234.44444444444446,441.93565417702,225.47750588920383,474.33517915631336,243.4113829996851,0.0005126403411850333,0.9998569488525391,
2026-07-15T21:50:15.730,17.656111933058128,20260715_214958_front_fusion_ego_1643,speedsweep_normal,fusion_ego_1643,6340433,3,vehicle,0.13063998520374298,36.55899277190832,141.77292508227742,1.0323680549976557,-75.84712583556168,4.474730968475342,1.7106940746307373,1.5942589044570923,9.674819320123651,599.3567708333334,252.22222222222223,556.1853188400468,229.4404579533471,642.52822282662,275.00398649109735,0.01839296706020832,0.9999145269393921,
2026-07-15T21:50:15.858,17.783831597073004,20260715_214958_front_fusion_ego_1643,speedsweep_normal,fusion_ego_1643,6340434,0,vehicle,0.44152963161468506,37.930271928263906,142.37521136034894,0.9855911230601588,72.97531824549874,4.569876194000244,1.7819432020187378,1.5786415338516235,10.288369406801523,617.1484375,252.22222222222223,563.3315349668264,226.6774500740899,670.9653400331736,277.76699437035455,0.0016310377977788448,0.9999548196792603,
2026-07-15T21:50:15.858,17.783831597073004,20260715_214958_front_fusion_ego_1643,speedsweep_normal,fusion_ego_1643,6340434,1,vehicle,0.3100923001766205,47.98876321287998,128.62210279558005,1.4459153605009964,144.80208384427232,6.3907880783081055,2.3472776412963867,2.770510196685791,21.09356527301264,270.2109375,226.66666666666669,234.53832671791318,208.13954929510754,305.88354828208685,245.19378403822583,0.0008695499855093658,0.9999434947967529,
2026-07-15T21:50:15.858,17.783831597073004,20260715_214958_front_fusion_ego_1643,speedsweep_normal,fusion_ego_1643,6340434,2,vehicle,0.2799287438392639,49.954553187669134,131.0240701948415,1.4326327783161834,122.10104102834946,6.0077338218688965,2.1810708045959473,2.784109592437744,22.066510401926273,288.0026041666667,226.66666666666669,249.06537010023993,208.6072192589442,326.93983823309344,244.72611407438916,2.1365358406910673e-05,0.9996944665908813,
2026-07-15T21:50:15.858,17.783831597073004,20260715_214958_front_fusion_ego_1643,speedsweep_normal,fusion_ego_1643,6340434,3,vehicle,0.22119079530239105,56.278367180794675,139.74789038663928,1.9898672928954333,-102.46088852281969,7.8089118003845215,2.828925371170044,3.831810235977173,27.500682979929447,431.4479166666667,217.7777777777778,410.1066031555335,196.76023827658761,452.7892301777999,238.79531727896799,0.006805620156228542,0.9997313618659973,
2026-07-15T21:50:15.858,17.783831597073004,20260715_214958_front_fusion_ego_1643,speedsweep_normal,fusion_ego_1643,6340434,4,vehicle,0.11363597959280014,57.1262437290103,142.69558475779428,2.1370977886791027,-13.047102863295008,7.6109089851379395,2.6892647743225098,4.05952787399292,28.729356865639577,448.1276041666667,217.7777777777778,431.90344353641075,194.64667724238504,464.3517647969226,240.90887831317056,0.014251690357923508,0.9999455213546753,
2026-07-15T21:50:15.999,17.925039435038343,20260715_214958_front_fusion_ego_1643,speedsweep_normal,fusion_ego_1643,6340435,0,vehicle,0.46127545833587646,46.43591957503586,127.71569019649014,1.5006748301478652,60.28156607840037,5.930322647094727,2.2833468914031982,2.579684019088745,19.271621336672762,261.3151041666667,225.55555555555557,207.58978135387105,201.00992414686417,315.0404269794623,250.10118696424698,0.0025421567261219025,0.9999445676803589,
2026-07-15T21:50:15.999,17.925039435038343,20260715_214958_front_fusion_ego_1643,speedsweep_normal,fusion_ego_1643,6340435,1,vehicle,0.3306310474872589,38.86556419427327,143.89880345716756,0.8589087523227477,8.524411397994479,4.6675124168396,1.861910104751587,1.6286941766738892,11.03842585363935,643.8359375,253.33333333333334,578.9683538675308,228.03331633408865,708.7035211324692,278.63335033257806,0.0026373208966106176,0.9999287128448486,
2026-07-15T21:50:15.999,17.925039435038343,20260715_214958_front_fusion_ego_1643,speedsweep_normal,fusion_ego_1643,6340435,2,vehicle,0.21796301007270813,58.11889794420822,139.66137223642318,1.7904803868565402,-77.99092237791122,7.3618035316467285,2.672445774078369,3.559957981109619,28.33678945251551,430.33593750000006,217.7777777777778,413.11285769194365,199.3017743693458,447.5590173080564,236.2537811862098,0.008751094341278076,0.999816358089447,
2026-07-15T21:50:15.999,17.925039435038343,20260715_214958_front_fusion_ego_1643,speedsweep_normal,fusion_ego_1643,6340435,3,vehicle,0.10688178986310959,49.39768170013859,129.29881340112217,1.554873171813881,54.25086088263901,5.960894584655762,2.1644222736358643,2.846562623977661,21.20642468429477,279.10677083333337,225.55555555555557,236.07171491285166,206.88930306169723,322.14182675381505,244.2218080494139,0.0007649912149645388,0.9997798800468445,
2026-07-15T21:50:16.135,18.060731663019396,20260715_214958_front_fusion_ego_1643,speedsweep_normal,fusion_ego_1643,6340436,0,vehicle,0.9125992655754089,43.63280648146208,128.3583818056935,1.3634336041524566,-46.744465729765,5.8813862800598145,2.2039735317230225,2.554816722869873,15.768078750549284,244.63541666666669,234.44444444444446,174.82527049879235,196.1825003888872,314.445562834541,272.7063885000017,0.6253583431243896,0.9999983310699463,
2026-07-15T21:50:16.135,18.060731663019396,20260715_214958_front_fusion_ego_1643,speedsweep_normal,fusion_ego_1643,6340436,1,vehicle,0.15516121685504913,59.75516002393722,139.61656736934864,1.8634625722494391,-64.33106376896195,7.410528182983398,2.7529687881469727,3.5913853645324707,28.993381729097788,430.33593750000006,216.66666666666669,412.39671865850687,196.98159853617352,448.2751563414932,236.35173479715985,0.0009270633454434574,0.9994227886199951,
2026-07-15T21:50:16.135,18.060731663019396,20260715_214958_front_fusion_ego_1643,speedsweep_normal,fusion_ego_1643,6340436,2,vehicle,0.15121245384216309,66.10310385922497,133.8939342536371,1.1667513469386055,35.34583543707202,5.207350254058838,1.968169093132019,2.1425623893737793,35.46050811501883,378.0729166666667,225.55555555555557,364.71847398827475,217.94405344459747,391.4273593450586,233.16705766651367,0.036051277071237564,0.9990999698638916,
2026-07-15T21:50:16.135,18.060731663019396,20260715_214958_front_fusion_ego_1643,speedsweep_normal,fusion_ego_1643,6340436,3,vehicle,0.13809138536453247,37.772049230726914,143.35449584317112,0.7827607886675816,-11.868677750104201,3.7693543434143066,1.6095645427703857,1.4369539022445679,9.066473956326062,680.53125,261.11111111111114,622.0291918367147,237.65691346592374,739.0333081632853,284.5653087562985,0.03487316519021988,0.999041736125946,
2026-07-15T21:50:16.135,18.060731663019396,20260715_214958_front_fusion_ego_1643,speedsweep_normal,fusion_ego_1643,6340436,4,vehicle,0.12479886412620544,60.7381048173512,141.7951525728442,1.716745160246023,-47.18954629436853,7.056423187255859,2.5015408992767334,3.6092257499694824,30.199973859066937,449.23958333333337,216.66666666666669,434.9044302081069,199.53589121500653,463.57473645855987,233.79744211832684,0.0003835319366771728,0.9995869994163513,
2026-07-15T21:50:16.264,18.18972994503565,20260715_214958_front_fusion_ego_1643,speedsweep_normal,fusion_ego_1643,6340437,0,vehicle,0.7331687808036804,45.03072397552481,128.30899554274637,1.6371384369664312,57.96657476886977,6.12693452835083,2.3162810802459717,2.709554672241211,16.146247261796184,226.84375000000003,234.44444444444446,156.557316750288,202.3609330919054,297.130183249712,266.5279557969835,0.16398467123508453,0.9998944997787476,
2026-07-15T21:50:16.264,18.18972994503565,20260715_214958_front_fusion_ego_1643,speedsweep_normal,fusion_ego_1643,6340437,1,vehicle,0.4015943109989166,39.078598235499854,145.98464544143442,0.9062383499614617,-55.48261291640845,4.653433799743652,1.8561748266220093,1.744286060333252,11.128211731828877,716.1145833333334,270.0,633.745557119449,226.5207803249359,798.4836095472177,313.4792196750641,0.035500530153512955,0.998284637928009,
2026-07-15T21:50:16.264,18.18972994503565,20260715_214958_front_fusion_ego_1643,speedsweep_normal,fusion_ego_1643,6340437,2,vehicle,0.22243177890777588,59.246964652763126,138.8945355203733,1.8097078079096258,-36.747809872407586,7.463654518127441,2.707425832748413,3.7926342487335205,27.466878753306467,430.33593750000006,217.7777777777778,410.74203542619944,196.94618867503274,449.9298395738006,238.60936688052286,0.000344280619174242,0.9998931884765625,
2026-07-15T21:50:16.397,18.322292590048164,20260715_214958_front_fusion_ego_1643,speedsweep_normal,fusion_ego_1643,6340438,0,vehicle,0.6293339729309082,45.276708735521865,127.28990603696853,1.716446748893727,66.66414868170789,6.224119663238525,2.292466402053833,2.8580682277679443,16.185289091670235,209.05208333333334,234.44444444444446,138.47569111486277,203.36276319291858,279.62847555180394,265.52612569597034,0.04924655705690384,0.9999537467956543,
2026-07-15T21:50:16.397,18.322292590048164,20260715_214958_front_fusion_ego_1643,speedsweep_normal,fusion_ego_1643,6340438,1,vehicle,0.23460699617862701,59.72400638889072,139.00650742404525,1.8816214606692234,-31.202021684868992,8.139846801757812,2.9100489616394043,3.9161643981933594,26.969350052510865,422.55208333333337,217.7777777777778,401.2713786338767,194.95412098036874,443.83278803279006,240.60143457518686,0.0012825570302084088,0.9997654557228088,
2026-07-15T21:50:16.397,18.322292590048164,20260715_214958_front_fusion_ego_1643,speedsweep_normal,fusion_ego_1643,6340438,2,vehicle,0.16216693818569183,38.35262775058131,142.94409410260988,0.8990230838774584,-58.43865992268337,5.908197402954102,2.1450233459472656,2.1778783798217773,7.7445298242497085,751.6979166666667,280.0,614.749425927798,192.08568572998047,888.6464074055355,367.91431427001953,0.002631930634379387,0.9994018077850342,
2026-07-15T21:50:16.397,18.322292590048164,20260715_214958_front_fusion_ego_1643,speedsweep_normal,fusion_ego_1643,6340438,3,vehicle,0.13421635329723358,67.63841044217119,134.63934604215152,1.3594619028239805,18.92126703038692,5.73543643951416,2.194700002670288,2.344078302383423,34.96985852406253,376.9609375,225.55555555555557,363.77764687128365,217.3584583732817,390.14422812871635,233.75265273782944,0.010379107668995857,0.9998412132263184,
2026-07-15T21:50:16.397,18.322292590048164,20260715_214958_front_fusion_ego_1643,speedsweep_normal,fusion_ego_1643,6340438,4,vehicle,0.105153389275074,58.546481390245866,143.01792191499146,1.1355065933863902,-55.0345140008287,4.897583961486816,1.8721457719802856,2.221259593963623,26.321455003607223,458.1354166666667,226.66666666666669,446.6030957835416,214.97824172178906,469.66773754979175,238.3550916115443,0.061009377241134644,0.9984230995178223,
2026-07-15T21:50:16.534,18.460050583002158,20260715_214958_front_fusion_ego_1643,speedsweep_normal,fusion_ego_1643,6340439,0,vehicle,0.4904501438140869,44.34415172169311,128.03310313105808,1.2668556176626415,-127.23996598625853,6.074904441833496,2.2132012844085693,2.7769615650177,14.249163256143886,190.1484375,234.44444444444446,112.95780448615552,196.55907180574206,267.3390705138445,272.32981708314685,0.1084650382399559,0.9999759197235107,
2026-07-15T21:50:16.534,18.460050583002158,20260715_214958_front_fusion_ego_1643,speedsweep_normal,fusion_ego_1643,6340439,1,vehicle,0.2251819372177124,58.24354724428927,138.7608430046575,1.5063570960127934,-51.20997363900377,7.451501846313477,2.690232992172241,3.5099754333496094,24.481491744808537,422.55208333333337,216.66666666666669,401.28669706483686,195.39918104807538,443.8174696018299,237.934152285258,0.00021608802489936352,0.9999337196350098,
2026-07-15T21:50:16.534,18.460050583002158,20260715_214958_front_fusion_ego_1643,speedsweep_normal,fusion_ego_1643,6340439,2,vehicle,0.16767095029354095,68.54281471640458,133.34186154015464,0.6443368198752426,33.16906148946624,5.215564727783203,1.960996389389038,1.9983165264129639,35.024724021836015,369.17708333333337,225.55555555555557,355.5900677417716,217.73382279607986,382.76409892489517,233.37728831503128,0.00015462367446161807,0.9996004700660706,
2026-07-15T21:50:16.675,18.60082880803384,20260715_214958_front_fusion_ego_1643,speedsweep_normal,fusion_ego_1643,6340440,0,vehicle,0.2686693072319031,65.86681548770562,132.75455986120156,0.9573844363663468,41.09505408746392,5.573907375335693,2.096005916595459,2.211622476577759,31.479241442317324,368.0651041666667,225.55555555555557,352.8435579078893,215.85132602188324,383.28665042544407,235.2597850892279,0.0042622885666787624,0.9976418018341064,
2026-07-15T21:50:16.675,18.60082880803384,20260715_214958_front_fusion_ego_1643,speedsweep_normal,fusion_ego_1643,6340440,1,vehicle,0.24884414672851562,58.19994561865497,139.27779892449854,1.4228529310700377,-23.931105947867536,6.853811264038086,2.516650676727295,3.3690860271453857,23.488681193530855,422.55208333333337,217.7777777777778,402.12825793897116,195.9585957394706,442.9759087276956,239.596959816085,0.0001562698307679966,0.9999843835830688,
2026-07-15T21:50:16.675,18.60082880803384,20260715_214958_front_fusion_ego_1643,speedsweep_normal,fusion_ego_1643,6340440,2,vehicle,0.1531635820865631,61.94156276488242,143.04322985322653,0.6863167762794973,161.11976168525928,4.811367034912109,1.8390311002731323,1.8624380826950073,27.72073359252904,458.1354166666667,225.55555555555557,445.82197510699433,215.8596596452925,470.44885822633904,235.25145146581863,0.019883058965206146,0.999302864074707,
2026-07-15T21:50:16.675,18.60082880803384,20260715_214958_front_fusion_ego_1643,speedsweep_normal,fusion_ego_1643,6340440,3,vehicle,0.1017492488026619,45.43563162171861,131.99566909831958,1.3639141597319622,-69.08688553059947,5.894789218902588,2.2665324211120605,2.778843641281128,12.05645071013746,155.67708333333334,234.44444444444446,55.95410414536794,196.52442124154834,255.40006252129874,272.3644676473406,0.48290687799453735,0.997490406036377,
2026-07-15T21:50:16.801,18.727319441968575,20260715_214958_front_fusion_ego_1643,speedsweep_normal,fusion_ego_1643,6340441,0,vehicle,0.3072538673877716,60.77353374598259,139.83752408040158,1.5404022376948174,-63.38724690883219,7.105806350708008,2.5997438430786133,3.4422988891601562,25.117444499588405,422.55208333333337,217.7777777777778,401.1470305149754,197.78857396708597,443.9571361516913,237.76698158846963,9.115132706938311e-05,0.9997472167015076,
2026-07-15T21:50:16.801,18.727319441968575,20260715_214958_front_fusion_ego_1643,speedsweep_normal,fusion_ego_1643,6340441,1,vehicle,0.20482520759105682,70.46774960851073,132.093378055939,0.8602547827371236,50.425541460333285,5.402675151824951,1.994808316230774,2.2938711643218994,35.15867066137198,360.28125,225.55555555555557,347.665648015216,216.30087051126694,372.896851984784,234.8102405998442,0.0006164161604829133,0.997783362865448,
2026-07-15T21:50:16.801,18.727319441968575,20260715_214958_front_fusion_ego_1643,speedsweep_normal,fusion_ego_1643,6340441,2,vehicle,0.17778410017490387,44.67750295759446,127.25605249390024,1.3015032068885826,-47.90312113201484,4.890791893005371,1.9370036125183105,2.599573850631714,13.683457535314918,127.87760416666667,234.44444444444446,67.23362531761329,205.71024146344928,188.52158301572007,263.17864742543964,0.9958943128585815,0.9868602156639099,
2026-07-15T21:50:16.801,18.727319441968575,20260715_214958_front_fusion_ego_1643,speedsweep_normal,fusion_ego_1643,6340441,3,vehicle,0.14212079346179962,65.04539226102628,141.23912677493362,1.4921703570399723,-70.32612533205857,7.218963146209717,2.5841002464294434,3.6504273414611816,29.513737729889584,449.23958333333337,217.7777777777778,431.4193217319747,200.02798603640665,467.059844934692,235.52756951914895,0.04910077899694443,0.9997414946556091,
2026-07-15T21:50:16.801,18.727319441968575,20260715_214958_front_fusion_ego_1643,speedsweep_normal,fusion_ego_1643,6340441,4,vehicle,0.132884681224823,45.003474772874505,129.39587121450933,1.5925385995620194,36.28492307585006,5.3556294441223145,2.222952127456665,2.6801366806030273,12.381942390828616,831.7604166666667,21.11111111111111,810.5524053188662,-15.486654573016697,852.9684280144672,57.70887679523892,0.6459625363349915,0.9999988079071045,
2026-07-15T21:50:16.801,18.727319441968575,20260715_214958_front_fusion_ego_1643,speedsweep_normal,fusion_ego_1643,6340441,5,vehicle,0.08812085539102554,37.84251349858067,142.48910700271605,0.8505399713789721,-46.21635476553004,4.3762640953063965,1.699255108833313,1.8895570039749146,5.3347534303400765,768.3776041666667,253.33333333333334,713.6986127893131,189.64465220769247,823.0565955440204,317.02201445897424,0.05191174894571304,0.9551761150360107,
2026-07-15T21:50:16.935,18.860959153040312,20260715_214958_front_fusion_ego_1643,speedsweep_normal,fusion_ego_1643,6340442,0,vehicle,0.5206007361412048,68.05820377853796,131.14194968741438,1.0527880970645818,1.7599334556487978,5.5117645263671875,2.109748601913452,2.342989921569824,31.98656429141788,360.28125,225.55555555555557,346.04029965773225,215.43350848886703,374.52220034226775,235.6776026222441,0.0030980545561760664,0.9995088577270508,
2026-07-15T21:50:16.935,18.860959153040312,20260715_214958_front_fusion_ego_1643,speedsweep_normal,fusion_ego_1643,6340442,1,vehicle,0.24331624805927277,61.85243812017439,139.7140330864244,1.7765184662293239,-54.87587145827986,7.739779472351074,2.784827709197998,3.7663145065307617,25.19801391020398,422.55208333333337,217.7777777777778,400.47953187425935,197.10929201708902,444.6246347924074,238.44626353846658,0.00041504090768285096,0.9997466206550598,
2026-07-15T21:50:16.935,18.860959153040312,20260715_214958_front_fusion_ego_1643,speedsweep_normal,fusion_ego_1643,6340442,2,vehicle,0.15727165341377258,66.23741374063277,144.62274803098694,0.6663548621059334,-159.01299393776748,5.268548488616943,1.9524558782577515,2.01223087310791,30.323795780224497,458.1354166666667,225.55555555555557,444.8283823846529,216.4077878329489,471.44245094868046,234.70332327816223,0.014786937274038792,0.9996674060821533,
2026-07-15T21:50:16.935,18.860959153040312,20260715_214958_front_fusion_ego_1643,speedsweep_normal,fusion_ego_1643,6340442,3,vehicle,0.09770988672971725,43.64919039543194,131.2853521932461,1.1373697049066784,-63.816987201701345,5.733503341674805,2.141815185546875,2.656012535095215,9.391828305387191,74.50260416666667,244.44444444444446,5.25323664645354,174.01493575837878,143.7519716868798,314.87395313051013,0.9240777492523193,0.9891089200973511,
2026-07-15T21:50:17.068,18.994186480995268,20260715_214958_front_fusion_ego_1643,speedsweep_normal,fusion_ego_1643,6340443,0,vehicle,0.5493006706237793,66.25016617089159,131.37162230516617,1.0413174190605343,-91.49949569303627,5.857754707336426,2.151205062866211,2.457650899887085,29.20368199995168,359.16927083333337,225.55555555555557,341.95073565219843,213.97487226459717,376.3878060144683,237.13623884651398,0.10070592910051346,0.999969482421875,
2026-07-15T21:50:17.068,18.994186480995268,20260715_214958_front_fusion_ego_1643,speedsweep_normal,fusion_ego_1643,6340443,1,vehicle,0.28384751081466675,62.54214095706905,139.72033521499628,1.6448589798151123,-60.1517470269267,7.611438751220703,2.75944447517395,3.6472291946411133,24.89633024891037,422.55208333333337,217.7777777777778,399.7483464193841,196.55349539385904,445.3558202472826,239.00206016169656,0.00043001031735911965,0.9999232292175293,
2026-07-15T21:50:17.068,18.994186480995268,20260715_214958_front_fusion_ego_1643,speedsweep_normal,fusion_ego_1643,6340443,2,vehicle,0.06383857876062393,67.89931577977838,121.85420424206036,1.0252465338862686,-49.68474134569617,4.584794044494629,1.8498234748840332,2.070348024368286,34.05422057590536,253.53125000000003,226.66666666666669,233.39796417951587,217.08798507849377,273.66453582048416,236.2453482548396,0.33910635113716125,0.9894479513168335,
2026-07-15T21:50:17.068,18.994186480995268,20260715_214958_front_fusion_ego_1643,speedsweep_normal,fusion_ego_1643,6340443,3,vehicle,0.05822671204805374,69.11882009384088,144.05581972965922,0.670215417007413,-171.73991486727058,5.103578090667725,1.8960142135620117,2.1203277111053467,32.04472627536777,458.1354166666667,225.55555555555557,445.56087618942064,216.36979255411362,470.70995714391273,234.74131855699753,0.14520001411437988,0.9999747276306152,
2026-07-15T21:50:17.223,19.14906530105509,20260715_214958_front_fusion_ego_1643,speedsweep_normal,fusion_ego_1643,6340444,0,vehicle,0.6307268738746643,64.156727773968,131.41968308312215,1.0023110335823193,-61.25724559395559,5.645902156829834,2.130293130874634,2.4770193099975586,26.18894176803049,350.2734375,225.55555555555557,332.17536986991763,212.5176987383101,368.37150513008237,238.59341237280105,0.0023128550965338945,0.9999892711639404,
2026-07-15T21:50:17.223,19.14906530105509,20260715_214958_front_fusion_ego_1643,speedsweep_normal,fusion_ego_1643,6340444,1,vehicle,0.25315386056900024,62.41661710420949,139.79334378866125,1.562870478122204,-25.86542971776216,7.442069053649902,2.717561721801758,3.492339849472046,23.78698906344604,422.55208333333337,217.7777777777778,398.71211898823583,197.667912112342,446.3920476784309,237.8876434432136,4.978883589501493e-05,0.9998341798782349,
2026-07-15T21:50:17.223,19.14906530105509,20260715_214958_front_fusion_ego_1643,speedsweep_normal,fusion_ego_1643,6340444,2,vehicle,0.1421908438205719,69.45556896438146,143.9651574478182,0.7563789754380632,86.26898838785304,5.498801231384277,2.0970406532287598,1.977630853652954,31.379424549292867,465.91927083333337,225.55555555555557,456.59712196079397,217.058515879843,475.2414197058728,234.05259523126816,0.6243292689323425,0.9997149109840393,
2026-07-15T21:50:17.223,19.14906530105509,20260715_214958_front_fusion_ego_1643,speedsweep_normal,fusion_ego_1643,6340444,3,vehicle,0.1306280940771103,66.04475977395992,120.87870430383212,0.852115520995457,14.187630078151779,4.651795387268066,1.7914133071899414,2.0351181030273438,32.06568005382937,243.52343750000003,226.66666666666669,220.52695559337738,216.52472923199338,266.51991940662265,236.80860410134,0.5353095531463623,0.9965441823005676,
2026-07-15T21:50:17.347,19.27323118003551,20260715_214958_front_fusion_ego_1643,speedsweep_normal,fusion_ego_1643,6340445,0,vehicle,0.6042376756668091,64.13254642941027,131.232687703602,0.9099710606722105,-69.26058762284126,5.500983238220215,2.100918769836426,2.3898301124572754,25.253567731112813,342.48958333333337,225.55555555555557,323.6906473798057,211.5883258316252,361.28851928686106,239.52278527948593,0.00801807176321745,0.9999868869781494,
2026-07-15T21:50:17.347,19.27323118003551,20260715_214958_front_fusion_ego_1643,speedsweep_normal,fusion_ego_1643,6340445,1,person,0.44101476669311523,61.739328787843384,147.66560012432836,0.8596226879241531,109.12350356787296,0.5943984985351562,0.40127691626548767,1.968717098236084,24.194114199640794,538.1979166666667,226.66666666666669,534.079240351605,216.52298758427304,542.3165929817285,236.81034574906033,1.0,0.9999607801437378,
2026-07-15T21:50:17.347,19.27323118003551,20260715_214958_front_fusion_ego_1643,speedsweep_normal,fusion_ego_1643,6340445,2,vehicle,0.17465202510356903,64.77159859262764,138.4735442880596,1.6028515924569993,-39.21591135606348,7.316525936126709,2.6811459064483643,3.5543854236602783,25.0665156327993,422.55208333333337,217.7777777777778,401.1240099196633,197.72881256209482,443.98015674700343,237.82674299346078,2.470536855980754e-05,0.9997902512550354,
2026-07-15T21:50:17.347,19.27323118003551,20260715_214958_front_fusion_ego_1643,speedsweep_normal,fusion_ego_1643,6340445,3,vehicle,0.14272072911262512,66.66632456342622,118.6186235076081,0.7530127746454696,-8.596879311840816,4.496173858642578,1.7248326539993286,2.086811065673828,33.00675279806957,234.62760416666669,226.66666666666669,217.739072209845,215.4486895600955,251.51613612348837,237.88464377323788,0.8135408759117126,0.9959436058998108,
2026-07-15T21:50:17.347,19.27323118003551,20260715_214958_front_fusion_ego_1643,speedsweep_normal,fusion_ego_1643,6340445,4,vehicle,0.11395131051540375,69.26791301843593,141.1570713042073,1.3165199794707563,-85.18944228604072,7.0801544189453125,2.5927786827087402,3.529430389404297,29.75576983960749,458.1354166666667,217.7777777777778,443.98604922617477,197.4183879958259,472.2847841071586,238.1371675597297,0.2132059633731842,0.9997692704200745,
2026-07-15T21:50:17.493,19.41905361402314,20260715_214958_front_fusion_ego_1643,speedsweep_normal,fusion_ego_1643,6340446,0,vehicle,0.35126572847366333,64.71415586040969,131.56355129559944,1.1953022541397518,-35.16135580423268,6.026260852813721,2.2544984817504883,2.765885829925537,24.772983151294373,333.59375,226.66666666666669,312.1220866627991,211.33270303408307,355.0654133372009,242.0006302992503,0.0013710316270589828,0.9999749660491943,
2026-07-15T21:50:17.493,19.41905361402314,20260715_214958_front_fusion_ego_1643,speedsweep_normal,fusion_ego_1643,6340446,1,vehicle,0.27940475940704346,70.99157881484219,143.84106881281284,1.4749586538463886,-71.11050880246903,7.583724498748779,2.7563068866729736,3.4950332641601562,30.906046994971994,465.91927083333337,217.7777777777778,451.5216875461241,200.990403758155,480.31685412054264,234.5651517974006,0.009305136278271675,0.999866247177124,
2026-07-15T21:50:17.493,19.41905361402314,20260715_214958_front_fusion_ego_1643,speedsweep_normal,fusion_ego_1643,6340446,2,vehicle,0.18716563284397125,65.54037120912194,139.31607312338184,1.6869165185287756,-45.626037576054756,7.454976558685303,2.7225255966186523,3.667571544647217,24.887936229536333,422.55208333333337,217.7777777777778,401.6974759822091,196.25756906138528,443.40669068445766,239.29798649417032,7.742520392639562e-05,0.9998630285263062,
2026-07-15T21:50:17.493,19.41905361402314,20260715_214958_front_fusion_ego_1643,speedsweep_normal,fusion_ego_1643,6340446,3,vehicle,0.10411778837442398,65.78495862306687,119.0078182613796,0.8623662303136026,-75.24887202816429,4.691413879394531,1.7716351747512817,2.1537139415740967,31.266327875431745,225.73177083333334,226.66666666666669,202.0251309213539,215.73109130064648,249.43841074531278,237.6022420326869,0.6423763632774353,0.9972767233848572,
2026-07-15T21:50:17.625,19.551212265039794,20260715_214958_front_fusion_ego_1643,speedsweep_normal,fusion_ego_1643,6340447,0,vehicle,0.47895562648773193,63.3815266300439,133.51600278132236,1.2193936750505439,-67.61539189010806,5.716435432434082,2.1514699459075928,2.831500291824341,22.082867883646816,324.6979166666667,226.66666666666669,300.165861474971,209.37361578146619,349.2299718583624,243.9597175518672,0.0002823294489644468,0.9999942779541016,
2026-07-15T21:50:17.625,19.551212265039794,20260715_214958_front_fusion_ego_1643,speedsweep_normal,fusion_ego_1643,6340447,1,person,0.354770690202713,60.02926952273182,120.10592270459837,0.6485381534201222,-136.4092515245141,0.6214866638183594,0.5141767263412476,1.5829757452011108,25.40779787826337,200.15625,234.44444444444446,193.44967469759285,222.45096918609408,206.86282530240715,246.43791970279483,0.9405942559242249,0.9411832094192505,
2026-07-15T21:50:17.625,19.551212265039794,20260715_214958_front_fusion_ego_1643,speedsweep_normal,fusion_ego_1643,6340447,2,vehicle,0.298111230134964,64.3776723008611,139.54656956724548,1.594652590310776,-21.13166986571673,7.395853042602539,2.7103474140167236,3.5753252506256104,22.758996745805383,422.55208333333337,216.66666666666669,403.7953852092227,192.62983957926434,441.30878145744407,240.70349375406903,0.0020532100461423397,0.9999803304672241,
2026-07-15T21:50:17.625,19.551212265039794,20260715_214958_front_fusion_ego_1643,speedsweep_normal,fusion_ego_1643,6340447,3,vehicle,0.15004713833332062,70.22788835377447,142.2999565657417,0.7800280068064831,-43.09846394639946,5.341394901275635,2.012798309326172,2.045863628387451,28.91282047900077,465.91927083333337,225.55555555555557,455.6213752900561,214.93566277954315,476.21716637661063,236.175448331568,0.45039674639701843,0.9999595880508423,
2026-07-15T21:50:17.757,19.683446486014873,20260715_214958_front_fusion_ego_1643,speedsweep_normal,fusion_ego_1643,6340448,0,vehicle,0.4398321509361267,62.26973055923972,132.47348923595712,1.1099737108140073,-56.12327687578819,5.775457859039307,2.155954360961914,2.7459373474121094,20.269014535472902,315.80208333333337,226.66666666666669,286.60858983298147,206.89717690149945,344.9955768336853,246.43615643183392,0.0006713856710121036,0.9999984502792358,
2026-07-15T21:50:17.757,19.683446486014873,20260715_214958_front_fusion_ego_1643,speedsweep_normal,fusion_ego_1643,6340448,1,vehicle,0.15910544991493225,65.11356367508041,139.1477940762329,1.6378317480635707,-21.911223106980735,7.150123119354248,2.6174476146698,3.538540840148926,22.477280702953895,422.55208333333337,217.7777777777778,403.86467446510994,193.6878644095527,441.2394922015568,241.8676911460029,0.005391855724155903,0.9999021291732788,
2026-07-15T21:50:17.757,19.683446486014873,20260715_214958_front_fusion_ego_1643,speedsweep_normal,fusion_ego_1643,6340448,2,vehicle,0.13981732726097107,71.58654546888185,141.35881142589906,1.647924194833238,-68.5924127006728,7.52418851852417,2.717163324356079,3.597085475921631,29.13537016874041,458.1354166666667,217.7777777777778,440.98833727339905,198.88026164637674,475.2824960599343,236.67529390917886,0.07416339963674545,0.9998175501823425,
2026-07-15T21:50:17.757,19.683446486014873,20260715_214958_front_fusion_ego_1643,speedsweep_normal,fusion_ego_1643,6340448,3,person,0.13661611080169678,60.70902911124067,150.47027898779453,0.9414332459389347,-140.0004674302997,0.36450374126434326,0.4170500934123993,1.7301139831542969,22.107643946458968,581.5651041666667,234.44444444444446,576.3334519794832,222.14973118570117,586.7967563538502,246.73915770318774,0.9999992847442627,0.9994134902954102,
2026-07-15T21:50:17.757,19.683446486014873,20260715_214958_front_fusion_ego_1643,speedsweep_normal,fusion_ego_1643,6340448,4,vehicle,0.08069449663162231,44.632643270779106,131.67253346320126,1.379022274855659,-53.62588427033342,5.882942199707031,2.1787607669830322,3.1840317249298096,6.31708211422806,21.127604166666668,182.22222222222223,-14.173008938630423,64.33055294884576,56.42821727196376,300.1138914955987,0.23844444751739502,0.94028639793396,
2026-07-15T21:50:17.757,19.683446486014873,20260715_214958_front_fusion_ego_1643,speedsweep_normal,fusion_ego_1643,6340448,5,vehicle,0.07604317367076874,59.83059345919946,120.71989762499446,0.8542432128481847,130.76965200810466,2.6970505714416504,1.2369718551635742,1.5771552324295044,24.125835868908304,182.36458333333334,234.44444444444446,168.58541448911032,220.72986003425387,196.14375217755637,248.15902885463504,0.9080491662025452,0.8653494715690613,
2026-07-15T21:50:17.886,19.81152154400479,20260715_214958_front_fusion_ego_1643,speedsweep_normal,fusion_ego_1643,6340449,0,vehicle,0.42728257179260254,60.131208230580285,132.36375407622856,1.2534997790962041,164.75055875557442,5.867549896240234,2.201721668243408,2.7206475734710693,17.29685838396013,298.0104166666667,226.66666666666669,269.61704792330664,203.492355744044,326.4037854100267,249.84097758928937,0.00317722512409091,0.9999971389770508,
2026-07-15T21:50:17.886,19.81152154400479,20260715_214958_front_fusion_ego_1643,speedsweep_normal,fusion_ego_1643,6340449,1,vehicle,0.39109042286872864,64.18675067074471,139.2213261264971,1.6492571640114528,-15.624054278631903,7.076697826385498,2.595881223678589,3.491145133972168,20.56951951771576,422.55208333333337,216.66666666666669,402.7670142402252,191.6590855518977,442.33715242644155,241.67424778143567,0.0014868439175188541,0.9999628067016602,
2026-07-15T21:50:17.886,19.81152154400479,20260715_214958_front_fusion_ego_1643,speedsweep_normal,fusion_ego_1643,6340449,2,person,0.3325457274913788,57.52083309671193,146.47993853708664,1.121006563336545,139.21855968186057,0.513671875,0.4761456251144409,1.775486707687378,16.406488501896387,572.6692708333334,234.44444444444446,566.4134399642547,220.66250171926288,578.925101702412,248.22638716962604,0.9999998807907104,0.9929332733154297,
2026-07-15T21:50:18.020,19.94609091395978,20260715_214958_front_fusion_ego_1643,speedsweep_normal,fusion_ego_1643,6340450,0,person,0.3209872543811798,58.61716241061995,148.95315812400852,0.892498474792049,26.350444184659203,0.4428946077823639,0.4257238209247589,1.57123863697052,17.937944547708526,599.3567708333334,234.44444444444446,591.4889495012661,221.1286607053545,607.2245921654006,247.76022818353442,0.9999938011169434,0.9925671815872192,
2026-07-15T21:50:18.020,19.94609091395978,20260715_214958_front_fusion_ego_1643,speedsweep_normal,fusion_ego_1643,6340450,1,vehicle,0.28024283051490784,58.87644748301359,132.8852937844851,1.3382873884049502,-19.578657408056788,5.706202507019043,2.1313552856445312,2.6171951293945312,15.002502351916487,271.3229166666667,234.44444444444446,224.35959149400395,210.01310375001697,318.2862418393294,258.87578513887195,0.01001186016947031,0.999991774559021,
2026-07-15T21:50:18.020,19.94609091395978,20260715_214958_front_fusion_ego_1643,speedsweep_normal,fusion_ego_1643,6340450,2,person,0.22977426648139954,53.76869623787053,137.13036865387107,0.8395526591009737,159.93618908088072,0.49288851022720337,0.4031315743923187,1.3783671855926514,9.14329373094595,13.34375,235.55555555555557,-2.6026602759957314,221.94862071010803,29.290160275995735,249.1624904010031,0.9783348441123962,0.8567105531692505,
2026-07-15T21:50:18.020,19.94609091395978,20260715_214958_front_fusion_ego_1643,speedsweep_normal,fusion_ego_1643,6340450,3,vehicle,0.15018831193447113,72.51648395037047,141.21044057210062,1.7034161475443952,-77.86225063726569,7.657374858856201,2.7310070991516113,3.577043294906616,28.072287148868522,458.1354166666667,217.7777777777778,440.16143309945863,198.79261242018808,476.10940023387474,236.76294313536752,0.24104098975658417,0.9999163150787354,
2026-07-15T21:50:18.020,19.94609091395978,20260715_214958_front_fusion_ego_1643,speedsweep_normal,fusion_ego_1643,6340450,4,vehicle,0.11708837002515793,66.73594588463645,138.83942654775583,1.6066407449288818,-54.72149691492851,6.972797393798828,2.5399129390716553,3.2962472438812256,22.099802615534745,422.55208333333337,216.66666666666669,400.6602543642124,194.82171575228375,444.44391230245435,238.51161758104962,0.003843337995931506,0.9991503953933716,
2026-07-15T21:50:18.155,20.08120803104248,20260715_214958_front_fusion_ego_1643,speedsweep_normal,fusion_ego_1643,6340451,0,vehicle,0.7193799614906311,57.67891494576619,132.5095726543774,1.1986286502535695,-126.97656555221766,5.671838760375977,2.0820863246917725,2.636906147003174,13.096809171605495,252.41927083333334,234.44444444444446,186.86084028085074,200.1351645257738,317.977701385816,268.7537243631151,0.058448512107133865,0.9999890327453613,
2026-07-15T21:50:18.155,20.08120803104248,20260715_214958_front_fusion_ego_1643,speedsweep_normal,fusion_ego_1643,6340451,1,person,0.19349467754364014,61.612357967275614,152.52801391826557,0.9657068424746136,110.52351019577507,0.3722038269042969,0.41809651255607605,1.6795318126678467,21.78910505856523,617.1484375,235.55555555555557,610.5284033790231,221.77611354324554,623.7684716209769,249.3349975678656,0.9993940591812134,0.8346556425094604,
2026-07-15T21:50:18.155,20.08120803104248,20260715_214958_front_fusion_ego_1643,speedsweep_normal,fusion_ego_1643,6340451,2,vehicle,0.1545347273349762,68.47757092017103,140.44415534921882,1.7055517324963534,-77.86961411314583,7.105806827545166,2.56667160987854,3.4293015003204346,22.985822652680437,422.55208333333337,216.66666666666669,400.9440477838119,195.35197774569195,444.1601188828548,237.98135558764142,0.0005929478211328387,0.9999822378158569,
2026-07-15T21:50:18.155,20.08120803104248,20260715_214958_front_fusion_ego_1643,speedsweep_normal,fusion_ego_1643,6340451,3,vehicle,0.14840483665466309,74.18996789379892,141.485982136827,1.6711826955998572,-78.38165129707839,7.624148368835449,2.6973445415496826,3.6240391731262207,28.783494411064016,458.1354166666667,217.7777777777778,442.7521281378965,197.02315913306344,473.5187051954369,238.53239642249216,0.768206000328064,0.9999839067459106,
2026-07-15T21:50:18.155,20.08120803104248,20260715_214958_front_fusion_ego_1643,speedsweep_normal,fusion_ego_1643,6340451,4,person,0.10804680734872818,55.441756990360744,151.1342213539289,1.0286983872182134,-58.72796057802242,0.5573223829269409,0.48732832074165344,1.6388622522354126,16.627631015044763,662.7395833333334,243.33333333333334,649.9741486416509,224.3370654185613,675.5050180250158,262.3296012481054,0.9974609613418579,0.9907093048095703,
2026-07-15T21:50:18.282,20.207678518025205,20260715_214958_front_fusion_ego_1643,speedsweep_normal,fusion_ego_1643,6340452,0,vehicle,0.5275713205337524,54.79939208688929,130.42395840441102,1.0202071008907847,172.6251439533064,4.772127151489258,1.8468549251556396,2.198427677154541,10.937220199028724,200.15625,243.33333333333334,108.33547510206701,204.08342798550925,291.977024897933,282.58323868115747,0.16052986681461334,0.998681366443634,
2026-07-15T21:50:18.282,20.207678518025205,20260715_214958_front_fusion_ego_1643,speedsweep_normal,fusion_ego_1643,6340452,1,vehicle,0.29986321926116943,69.2481199800944,123.80654192392483,1.9106107764234528,126.00381383823186,6.977415084838867,2.714315414428711,3.437012195587158,26.532560498745994,261.3151041666667,217.7777777777778,211.63521830985945,198.10818956957925,310.9949900234739,237.44736598597635,0.06370317190885544,0.6828868985176086,
2026-07-15T21:50:18.282,20.207678518025205,20260715_214958_front_fusion_ego_1643,speedsweep_normal,fusion_ego_1643,6340452,2,vehicle,0.1992475390434265,71.31977870252337,138.94742905189185,1.6896503647275747,-61.22932390562425,7.220420837402344,2.6235034465789795,3.5267302989959717,24.702910672966677,421.4401041666667,217.7777777777778,400.2076326409976,197.3850731717216,442.6725756923358,238.170482383834,0.000995571375824511,0.9999657869338989,
2026-07-15T21:50:18.282,20.207678518025205,20260715_214958_front_fusion_ego_1643,speedsweep_normal,fusion_ego_1643,6340452,3,vehicle,0.1332932859659195,75.4939936784252,142.4328040985159,1.6976861094601015,-56.43701366528441,7.210872173309326,2.5912375450134277,3.52097225189209,29.231008907091482,465.91927083333337,217.7777777777778,452.6443599214157,200.55203066931833,479.19418174525106,235.00352488623727,0.004860435612499714,0.9998525381088257,
2026-07-15T21:50:18.409,20.334728270070627,20260715_214958_front_fusion_ego_1643,speedsweep_normal,fusion_ego_1643,6340453,0,vehicle,0.24972879886627197,69.5254539030219,140.4800887491458,1.6131696776581048,-86.47115667907046,6.928707599639893,2.541093349456787,3.354806900024414,22.05984127606791,422.55208333333337,216.66666666666669,399.1009701204797,193.58665506045025,446.00319654618704,239.74667827288312,0.00018750899471342564,0.999970555305481,
2026-07-15T21:50:18.409,20.334728270070627,20260715_214958_front_fusion_ego_1643,speedsweep_normal,fusion_ego_1643,6340453,1,vehicle,0.14104555547237396,73.97732898076413,140.86423367239615,1.6100080667496455,-81.68021722061223,7.085647106170654,2.5894553661346436,3.422856569290161,26.525242212163782,458.1354166666667,217.7777777777778,441.2369539762537,197.84909711943735,475.0338793570797,237.70645843611825,0.2066042423248291,0.9999476671218872,
2026-07-15T21:50:18.409,20.334728270070627,20260715_214958_front_fusion_ego_1643,speedsweep_normal,fusion_ego_1643,6340453,2,vehicle,0.12307007610797882,55.24702640529733,125.01562079232689,0.8894294451786331,-170.36070615861465,4.431103229522705,1.6951428651809692,2.047818183898926,14.811084812865895,83.3984375,253.33333333333334,43.04231268912554,223.3014221986135,123.75456231087448,283.3652444680532,0.8317755460739136,0.24294519424438477,
2026-07-15T21:50:18.546,20.47216335707344,20260715_214958_front_fusion_ego_1643,speedsweep_normal,fusion_ego_1643,6340454,0,vehicle,0.2398606389760971,72.67277373665111,140.7521020861944,1.7706863496383958,-106.74861726159811,7.200966835021973,2.659111738204956,3.530285120010376,24.23299864529157,422.55208333333337,217.7777777777778,398.06095841651165,195.27502583132852,447.0432082501551,240.28052972422708,0.00024949072394520044,0.9999878406524658,
2026-07-15T21:50:18.546,20.47216335707344,20260715_214958_front_fusion_ego_1643,speedsweep_normal,fusion_ego_1643,6340454,1,vehicle,0.19173823297023773,77.4538784097739,140.60175318013162,1.6678244406298648,-78.14254121357396,7.542773723602295,2.710134744644165,3.5967416763305664,28.96619209012512,458.1354166666667,217.7777777777778,440.2277763808767,197.67875896559823,476.04305695245665,237.87679658995737,0.24390193819999695,0.9999562501907349,
2026-07-15T21:50:18.684,20.610388612025417,20260715_214958_front_fusion_ego_1643,speedsweep_normal,fusion_ego_1643,6340455,0,person,0.37069228291511536,61.42714130388258,153.945225322264,1.0122025229918123,-157.65668119776484,0.4652678072452545,0.44262412190437317,1.751477837562561,20.067122244595875,707.21875,235.55555555555557,695.5012184698135,218.29153332445358,718.9362815301865,252.81957778665756,0.9903310537338257,0.8397804498672485,
2026-07-15T21:50:18.684,20.610388612025417,20260715_214958_front_fusion_ego_1643,speedsweep_normal,fusion_ego_1643,6340455,1,vehicle,0.21625706553459167,77.83053250670237,139.93377032882705,1.604642525483768,-95.28495150255021,7.100282192230225,2.601165294647217,3.3287267684936523,28.292794717719275,458.1354166666667,217.7777777777778,440.27140766258043,199.0813861952888,475.99942567075294,236.4741693602668,0.11603304743766785,0.9999091625213623,
2026-07-15T21:50:18.684,20.610388612025417,20260715_214958_front_fusion_ego_1643,speedsweep_normal,fusion_ego_1643,6340455,2,vehicle,0.1761559695005417,74.59894043762327,138.50857892036123,1.7163494018787662,-82.24828266137816,7.238193035125732,2.5996901988983154,3.560082197189331,24.98785023713655,421.4401041666667,217.7777777777778,398.5628149236242,196.70073615180124,444.31739340970915,238.85481940375436,6.440172728616744e-05,0.9998055100440979,
2026-07-15T21:50:18.805,20.731055420008488,20260715_214958_front_fusion_ego_1643,speedsweep_normal,fusion_ego_1643,6340456,0,person,0.2105768769979477,63.699950958022455,154.79166143557845,0.8937194032211027,-108.94555777889046,0.4294344484806061,0.39966052770614624,1.8101797103881836,21.5097966154169,723.8984375,235.55555555555557,714.8705233950168,220.3392193052504,732.9263516049832,250.77189180586075,0.9988024234771729,0.7939799427986145,
2026-07-15T21:50:18.805,20.731055420008488,20260715_214958_front_fusion_ego_1643,speedsweep_normal,fusion_ego_1643,6340456,1,vehicle,0.19932740926742554,77.01447030767442,140.24794099694992,1.6171806191627962,-89.05360815012871,7.237756729125977,2.626638174057007,3.410933256149292,26.518137544322368,458.1354166666667,216.66666666666669,438.2302927511434,196.36758546034497,478.04054058219,236.9657478729884,0.019886763766407967,0.9999455213546753,
2026-07-15T21:50:18.805,20.731055420008488,20260715_214958_front_fusion_ego_1643,speedsweep_normal,fusion_ego_1643,6340456,2,vehicle,0.18800722062587738,75.09994601970322,137.88413476311518,1.7866082241204833,-67.96142943441251,7.294369697570801,2.6652278900146484,3.6035420894622803,24.485690147068716,421.4401041666667,216.66666666666669,394.6173470343153,194.81596688429516,448.2628612990181,238.5173664490382,0.00010450011905049905,0.9998677968978882,
2026-07-15T21:50:18.948,20.8743161810562,20260715_214958_front_fusion_ego_1643,speedsweep_normal,fusion_ego_1643,6340457,0,vehicle,0.3219873011112213,79.89832635629283,139.26875050712172,1.6463428005469174,-100.75149378483819,8.516927719116211,3.0525736808776855,3.778776168823242,28.331606516393347,458.1354166666667,217.7777777777778,441.56121954942745,195.2181594239341,474.7096137839059,240.3373961316215,0.398913711309433,0.9999657869338989,
2026-07-15T21:50:18.948,20.8743161810562,20260715_214958_front_fusion_ego_1643,speedsweep_normal,fusion_ego_1643,6340457,1,vehicle,0.21974971890449524,76.69566285645053,136.9988842799934,1.7589858695277447,-95.23736519892351,7.70073938369751,2.7390201091766357,3.599151134490967,25.099033580308713,413.65625,217.7777777777778,391.55993827059865,199.1348926888572,435.7525617294014,236.4206628666984,0.00043050289968959987,0.9999645948410034,
2026-07-15T21:50:18.948,20.8743161810562,20260715_214958_front_fusion_ego_1643,speedsweep_normal,fusion_ego_1643,6340457,2,person,0.1850399523973465,60.143930589738154,150.94265817581862,1.0064876220484105,136.78790685704345,0.6917493343353271,0.5085712671279907,1.8130930662155151,15.73478386597936,760.59375,243.33333333333334,748.3614157941192,220.0088026126226,772.8260842058808,266.6578640540441,0.9908270239830017,0.10455013066530228,
2026-07-15T21:50:19.075,21.001441037049517,20260715_214958_front_fusion_ego_1643,speedsweep_normal,fusion_ego_1643,6340458,0,vehicle,0.23092925548553467,81.16629137498519,138.29402566896846,1.684924011103738,-111.08555774840025,8.213196754455566,2.9218709468841553,3.663658857345581,28.572822401498033,458.1354166666667,217.7777777777778,442.0790636415283,197.07606302367319,474.19176969180506,238.4794925318824,0.05603329464793205,0.9997934699058533,
2026-07-15T21:50:19.075,21.001441037049517,20260715_214958_front_fusion_ego_1643,speedsweep_normal,fusion_ego_1643,6340458,1,vehicle,0.21867546439170837,76.14439828550321,136.58579451747121,1.748960762725903,-95.6755334926813,7.4949259757995605,2.684074878692627,3.5243070125579834,23.5744405994058,413.65625,217.7777777777778,386.4527081698179,197.31454180346597,440.85979183018213,238.24101375208963,0.0003177800972480327,0.9999796152114868,
2026-07-15T21:50:19.075,21.001441037049517,20260715_214958_front_fusion_ego_1643,speedsweep_normal,fusion_ego_1643,6340458,2,vehicle,0.07272021472454071,90.22533504146739,128.79468082955518,0.9373574790779564,-127.76080848123335,5.235321044921875,1.9595818519592285,1.8728240728378296,38.67757435809842,324.6979166666667,225.55555555555557,312.2196818764011,218.3020532462332,337.17615145693225,232.80905786487793,0.10404769331216812,0.999941349029541,
2026-07-15T21:50:19.075,21.001441037049517,20260715_214958_front_fusion_ego_1643,speedsweep_normal,fusion_ego_1643,6340458,3,person,0.05332620069384575,59.0756692738684,147.1769639709939,1.1474869386649227,-144.01520871911094,1.2542105913162231,0.7415794730186462,1.8640778064727783,11.45245705209981,830.6484375,252.22222222222223,812.0264683961868,221.36220587624445,849.2704066038132,283.0822385682,0.999812662601471,0.9330043196678162,
2026-07-15T21:50:19.202,21.12806606804952,20260715_214958_front_fusion_ego_1643,speedsweep_normal,fusion_ego_1643,6340459,0,vehicle,0.42980027198791504,88.34122024734513,130.70990133022025,0.9541789459526901,85.1581092163617,5.2295823097229,1.984562635421753,1.9741466045379639,35.46004834772761,324.6979166666667,225.55555555555557,312.29587953786057,218.11142775747513,337.0999537954728,232.99968335363602,0.025488588958978653,0.9998856782913208,
2026-07-15T21:50:19.202,21.12806606804952,20260715_214958_front_fusion_ego_1643,speedsweep_normal,fusion_ego_1643,6340459,1,vehicle,0.211470827460289,76.46634980314543,136.37006237050383,1.931524111513562,-84.59286681261459,7.710015773773193,2.74814510345459,3.8613815307617188,22.92248231497506,412.54427083333337,216.66666666666669,383.860185948511,193.94775191942853,441.22835571815574,239.38558141390484,0.00015056179836392403,0.9999668598175049,
2026-07-15T21:50:19.202,21.12806606804952,20260715_214958_front_fusion_ego_1643,speedsweep_normal,fusion_ego_1643,6340459,2,vehicle,0.18028372526168823,80.74114936197056,139.16650744175752,0.9324243255645557,-94.2368187945238,5.429943561553955,2.021510124206543,2.2530884742736816,27.19456650587192,457.02343750000006,225.55555555555557,443.3540427908302,214.30091175768112,470.6928322091699,236.81019935343002,0.008634866215288639,0.9987384676933289,
2026-07-15T21:50:19.333,21.258795625995845,20260715_214958_front_fusion_ego_1643,speedsweep_normal,fusion_ego_1643,6340460,0,vehicle,0.47604110836982727,88.78704098027288,130.8822877083924,0.8796507226431012,144.84775340382754,5.1158857345581055,1.945411205291748,1.7384302616119385,34.89470953646964,324.6979166666667,226.66666666666669,312.59399402017397,219.489228228728,336.8018393131594,233.84410510460538,0.026529526337981224,0.9999434947967529,
2026-07-15T21:50:19.333,21.258795625995845,20260715_214958_front_fusion_ego_1643,speedsweep_normal,fusion_ego_1643,6340460,1,vehicle,0.18513959646224976,83.73458681055573,137.74731290898657,1.7076239522628207,-81.33027880529437,7.725300312042236,2.8138670921325684,3.459517478942871,29.156506733004626,458.1354166666667,217.7777777777778,440.4739831748108,200.59891210661996,475.79685015852255,234.95664344893564,0.002925214124843478,0.9996304512023926,
2026-07-15T21:50:19.333,21.258795625995845,20260715_214958_front_fusion_ego_1643,speedsweep_normal,fusion_ego_1643,6340460,2,vehicle,0.1732625812292099,78.21302243972355,137.5288482927864,1.8284051137860466,-82.31595515638467,7.018255233764648,2.5271670818328857,3.6380350589752197,23.637594385891145,412.54427083333337,217.7777777777778,388.25353898977244,197.44186626540292,436.8350026768943,238.11368929015268,0.001242549973540008,0.9999337196350098,
2026-07-15T21:50:19.482,21.408115250989795,20260715_214958_front_fusion_ego_1643,speedsweep_normal,fusion_ego_1643,6340461,0,vehicle,0.3544967770576477,88.93400307156897,131.41625259223736,0.8098587870512333,155.05770241695154,4.845310211181641,1.8595144748687744,1.7222106456756592,33.96700915069955,324.6979166666667,226.66666666666669,312.41374873990816,219.4177697102229,336.9820845934252,233.91556362311047,0.06871090829372406,0.999674916267395,
2026-07-15T21:50:19.482,21.408115250989795,20260715_214958_front_fusion_ego_1643,speedsweep_normal,fusion_ego_1643,6340461,1,vehicle,0.18831844627857208,78.28548616035505,136.5095461422585,1.869627756633169,-100.23525958719242,7.382205009460449,2.696422815322876,3.6384100914001465,22.75360515147836,404.7604166666667,216.66666666666669,375.5397826607029,194.28030113379162,433.9810506726305,239.05303219954175,0.0002254636347061023,0.999859094619751,
2026-07-15T21:50:19.482,21.408115250989795,20260715_214958_front_fusion_ego_1643,speedsweep_normal,fusion_ego_1643,6340461,2,vehicle,0.1562419831752777,81.9415456051126,137.32913150964023,1.1004171688287259,-70.26696822463234,5.1606292724609375,2.0034701824188232,2.2907967567443848,26.378854351413413,457.02343750000006,225.55555555555557,441.1816808991135,213.31865284177994,472.86519410088664,237.7924582693312,0.004895502235740423,0.9997879862785339,
2026-07-15T21:50:19.639,21.56491511699278,20260715_214958_front_fusion_ego_1643,speedsweep_normal,fusion_ego_1643,6340462,0,vehicle,0.31983405351638794,89.77647033554558,129.9605941469869,0.8982180231462937,166.54119697992942,4.981771469116211,1.8897264003753662,1.7388414144515991,34.12507898942299,324.6979166666667,226.66666666666669,311.5873170035581,219.48648879925412,337.8085163297753,233.84684453407925,0.10269370675086975,0.9996583461761475,
2026-07-15T21:50:19.639,21.56491511699278,20260715_214958_front_fusion_ego_1643,speedsweep_normal,fusion_ego_1643,6340462,1,person,0.29191672801971436,71.38618609975481,119.90395725355076,0.8109451908428973,-104.02109118625349,0.5991775393486023,0.5199154615402222,1.6119589805603027,23.210358235966837,164.57291666666669,235.55555555555557,157.4363388499866,221.67146000597214,171.70949448334676,249.439651105139,0.965704083442688,0.9203518629074097,
2026-07-15T21:50:19.639,21.56491511699278,20260715_214958_front_fusion_ego_1643,speedsweep_normal,fusion_ego_1643,6340462,2,vehicle,0.15377384424209595,87.14526237117582,137.67345629121237,1.9303728202183266,-69.28545941173326,8.318046569824219,3.0672929286956787,3.7708475589752197,30.59181755937879,458.1354166666667,217.7777777777778,439.8812394315998,199.31485818492044,476.3895939017336,236.24069737063516,0.0013654277427121997,0.9986730813980103,
2026-07-15T21:50:19.639,21.56491511699278,20260715_214958_front_fusion_ego_1643,speedsweep_normal,fusion_ego_1643,6340462,3,vehicle,0.10902100056409836,80.39025416875215,136.06881146557265,1.914763293283546,-62.46921185247655,7.3644280433654785,2.638627529144287,3.6775379180908203,23.89627306327042,403.6484375,217.7777777777778,378.39005325734615,195.43304370509256,428.9068217426539,240.12251185046304,0.00010874924919335172,0.9989705085754395,
2026-07-15T21:50:19.639,21.56491511699278,20260715_214958_front_fusion_ego_1643,speedsweep_normal,fusion_ego_1643,6340462,4,vehicle,0.08567739278078079,83.55702774966463,136.9960529150875,0.9901768708617962,-101.40605167968499,5.133983135223389,1.9396092891693115,2.093569755554199,27.015413717874623,448.1276041666667,226.66666666666669,427.7766009705762,216.8432406584422,468.47860736275715,236.49009267489117,0.0027049423661082983,0.9968229532241821,
2026-07-15T21:50:19.639,21.56491511699278,20260715_214958_front_fusion_ego_1643,speedsweep_normal,fusion_ego_1643,6340462,5,vehicle,0.070110023021698,71.86495708824869,119.5518318552415,0.8584874251414067,-101.21358770706665,0.8823080062866211,0.6281945705413818,1.6734158992767334,23.786062084143204,164.57291666666669,234.44444444444446,156.87520706715685,220.51739778783588,172.27062626617652,248.37149110105304,0.9528723359107971,0.9096307158470154,
2026-07-15T21:50:19.811,21.73741484002676,20260715_214958_front_fusion_ego_1643,speedsweep_normal,fusion_ego_1643,6340463,0,vehicle,0.3538581430912018,89.02998955458335,130.1125537155675,0.8533324326195322,176.92038167363881,4.778756141662598,1.8297741413116455,1.584913969039917,32.42771218820672,324.6979166666667,226.66666666666669,310.7427019874255,219.53120792905491,338.65313134590787,233.80212540427846,0.010369790717959404,0.9997060894966125,
2026-07-15T21:50:19.811,21.73741484002676,20260715_214958_front_fusion_ego_1643,speedsweep_normal,fusion_ego_1643,6340463,1,vehicle,0.18494175374507904,79.73482254295624,135.84196774977303,2.1652696926553414,-8.113617814479287,7.896955490112305,2.806877851486206,4.01179313659668,22.306186311243135,403.6484375,216.66666666666669,377.1049068905413,190.74789623419446,430.19196810945874,242.58543709913891,6.573225255124271e-05,0.9984064698219299,
2026-07-15T21:50:19.811,21.73741484002676,20260715_214958_front_fusion_ego_1643,speedsweep_normal,fusion_ego_1643,6340463,2,vehicle,0.1512376219034195,75.7051773723133,118.4462847805192,0.9009025510642283,-14.376525350634532,4.5904974937438965,1.866932988166809,1.622006893157959,26.52368674194533,145.66927083333334,234.44444444444446,109.81425778319439,222.64359739091663,181.5242838834723,246.2452914979723,0.5707239508628845,0.9845320582389832,
2026-07-15T21:50:19.811,21.73741484002676,20260715_214958_front_fusion_ego_1643,speedsweep_normal,fusion_ego_1643,6340463,3,vehicle,0.08107205480337143,79.46138050972715,135.7294458317176,0.7572797175314645,29.857559577866258,4.617955684661865,1.7442717552185059,1.5418782234191895,22.046324801807454,448.1276041666667,234.44444444444446,429.7997123512129,224.82098605897693,466.45549598212045,244.067902829912,0.03652098774909973,0.9996459484100342,
2026-07-15T21:50:20.005,21.931045823032036,20260715_214958_front_fusion_ego_1643,speedsweep_normal,fusion_ego_1643,6340464,0,vehicle,0.3460245430469513,88.8386067034347,129.80360866348317,0.9639524207742691,133.12661833326726,4.940052509307861,1.8867104053497314,1.7217493057250977,31.44098790409094,324.6979166666667,226.66666666666669,309.9436032312612,218.78664771715802,339.4522301020722,234.54668561617535,0.012672362849116325,0.9990437626838684,
2026-07-15T21:50:20.005,21.931045823032036,20260715_214958_front_fusion_ego_1643,speedsweep_normal,fusion_ego_1643,6340464,1,vehicle,0.15942059457302094,80.45197192057267,136.1946804619228,1.968485823959556,-100.6917063661645,8.349382400512695,2.928351402282715,3.985189437866211,22.08918240926469,394.7526041666667,216.66666666666669,364.4396340052287,192.371989885966,425.0655743281047,240.96134344736737,0.0001785891072358936,0.9996846914291382,
2026-07-15T21:50:20.005,21.931045823032036,20260715_214958_front_fusion_ego_1643,speedsweep_normal,fusion_ego_1643,6340464,2,vehicle,0.07287752628326416,71.35156756344945,129.4270965888496,0.8870544787399264,70.02950002579081,4.590702533721924,1.8629690408706665,1.4125421047210693,15.386860890079108,111.19791666666667,235.55555555555557,75.60832446316878,223.9360499713156,146.78750887016457,247.17506113979553,0.3849125802516937,0.9942851662635803,
2026-07-15T21:50:20.005,21.931045823032036,20260715_214958_front_fusion_ego_1643,speedsweep_normal,fusion_ego_1643,6340464,3,vehicle,0.0686442032456398,86.46750035072508,135.31915236689247,1.1940742752296303,-90.95972381816856,5.1637420654296875,1.9603265523910522,2.2799243927001953,28.151915721704366,440.34375000000006,226.66666666666669,418.3458945825696,216.22471074263257,462.34160541743046,237.1086225907008,0.015580978244543076,0.9940183162689209,
2026-07-15T21:50:20.185,22.110867994022556,20260715_214958_front_fusion_ego_1643,speedsweep_normal,fusion_ego_1643,6340465,0,vehicle,0.3686159551143646,89.40783634885301,130.18442433460476,0.9964335855468347,176.46074243871422,4.7075347900390625,1.8366386890411377,1.7208956480026245,31.09657721120385,324.6979166666667,226.66666666666669,309.5203230107824,218.7833611170451,339.87551032255095,234.54997221628827,0.1532556116580963,0.9997249245643616,
2026-07-15T21:50:20.185,22.110867994022556,20260715_214958_front_fusion_ego_1643,speedsweep_normal,fusion_ego_1643,6340465,1,vehicle,0.12979984283447266,87.01373235044777,134.14240763204901,1.1872740180900359,-87.18439750491342,5.23621129989624,2.0079915523529053,2.228930950164795,27.999520340506233,440.34375000000006,226.66666666666669,417.7186310812831,216.08980904022854,462.96886891871696,237.24352429310483,0.006048073060810566,0.9993983507156372,
2026-07-15T21:50:20.185,22.110867994022556,20260715_214958_front_fusion_ego_1643,speedsweep_normal,fusion_ego_1643,6340465,2,vehicle,0.10986674576997757,79.15720450093568,135.66303336407697,2.1567482749269677,-101.06824548741369,7.9398322105407715,2.8341517448425293,3.890315532684326,20.026960406715958,395.86458333333337,216.66666666666669,362.5364432980617,189.31343475977582,429.192723368605,244.01989857355755,0.0006381231942214072,0.9992357492446899,
2026-07-15T21:50:20.372,22.297545740031637,20260715_214958_front_fusion_ego_1643,speedsweep_normal,fusion_ego_1643,6340466,0,vehicle,0.24206380546092987,86.08449005085086,130.62944412901516,0.4481363303417507,45.66202568978981,5.087421894073486,1.8827797174453735,1.4003959894180298,27.057114465118747,324.6979166666667,234.44444444444446,309.74539100627106,226.98954042461185,339.6504423270623,241.89934846427707,0.00014462678518611938,0.9994408488273621,
2026-07-15T21:50:20.372,22.297545740031637,20260715_214958_front_fusion_ego_1643,speedsweep_normal,fusion_ego_1643,6340466,1,vehicle,0.16153079271316528,87.72523822754351,135.41051205739063,1.28827414626047,-87.06479890695645,5.765265941619873,2.154599905014038,2.522393226623535,27.822461368746705,439.23177083333337,226.66666666666669,418.10272973527515,214.72699741522473,460.3608119313916,238.60633591810864,0.0290064699947834,0.9998438358306885,
2026-07-15T21:50:20.372,22.297545740031637,20260715_214958_front_fusion_ego_1643,speedsweep_normal,fusion_ego_1643,6340466,2,vehicle,0.10261063277721405,81.78243239063912,136.27661303793494,1.990679579142554,-83.81199096235235,7.585598468780518,2.7179040908813477,3.8015315532684326,21.8347706950491,386.96875,217.7777777777778,356.0657068789005,194.0681658850776,417.8717931210995,241.487389670478,0.003690744750201702,0.9997931122779846,
2026-07-15T21:50:20.556,22.481832628021948,20260715_214958_front_fusion_ego_1643,speedsweep_normal,fusion_ego_1643,6340467,0,vehicle,0.5180708169937134,85.7276969469528,130.3200462845162,0.8726715499058844,45.4215922828203,5.2899603843688965,1.9376360177993774,1.8375909328460693,26.082037691020556,324.6979166666667,234.44444444444446,306.9589318285386,225.9061121609476,342.4369015047948,242.9827767279413,0.0012732204049825668,0.9999250173568726,
2026-07-15T21:50:20.556,22.481832628021948,20260715_214958_front_fusion_ego_1643,speedsweep_normal,fusion_ego_1643,6340467,1,vehicle,0.2586964964866638,82.65906791517307,135.21522332854656,1.1313798689754786,123.98548922832386,5.028181552886963,1.8929158449172974,1.8243335485458374,22.074901664530714,430.33593750000006,234.44444444444446,408.72939402610064,224.29798659351138,451.9424809738994,244.59090229537753,0.0013967329869046807,0.9996219873428345,
2026-07-15T21:50:20.556,22.481832628021948,20260715_214958_front_fusion_ego_1643,speedsweep_normal,fusion_ego_1643,6340467,2,vehicle,0.17028078436851501,83.17682868343982,133.15981291013406,2.3460363309175114,-48.82634804775736,7.737546920776367,2.842637300491333,4.0474653244018555,22.920202922422078,378.0729166666667,217.7777777777778,345.91424259791773,192.63979302512277,410.23159073541564,242.91576253043283,0.06040661782026291,0.9999163150787354,
2026-07-15T21:50:20.740,22.665988852037117,20260715_214958_front_fusion_ego_1643,speedsweep_normal,fusion_ego_1643,6340468,0,vehicle,0.35939231514930725,87.27952621609103,129.2483275793457,1.2320459198373452,90.33139358482434,5.094473838806152,1.898445963859558,1.7464631795883179,27.128541904492046,323.5859375,234.44444444444446,305.6671257354319,226.0811495449808,341.5047492645681,242.8077393439081,0.048545725643634796,0.9999598264694214,
2026-07-15T21:50:20.740,22.665988852037117,20260715_214958_front_fusion_ego_1643,speedsweep_normal,fusion_ego_1643,6340468,1,vehicle,0.2800913155078888,82.08986839738749,133.93079064451024,1.942192778781987,-36.75834518777673,6.690905570983887,2.4696226119995117,3.031836986541748,20.925678169524605,378.0729166666667,225.55555555555557,351.42129329095286,207.6737991306517,404.7245400423805,243.43731198045944,0.001073174993507564,0.9967818260192871,
2026-07-15T21:50:20.740,22.665988852037117,20260715_214958_front_fusion_ego_1643,speedsweep_normal,fusion_ego_1643,6340468,2,vehicle,0.18040208518505096,85.1577401168078,136.078429796912,1.541746431049459,-157.5384644855811,5.128373146057129,1.9792919158935547,1.9858542680740356,23.698946950787185,430.33593750000006,234.44444444444446,410.06180642172694,224.06087305810718,450.6100685782731,244.82801583078174,0.03991106525063515,0.9998528957366943,
2026-07-15T21:50:20.918,22.843640733044595,20260715_214958_front_fusion_ego_1643,speedsweep_normal,fusion_ego_1643,6340469,0,vehicle,0.2577268183231354,87.34111685305216,129.86715848384932,1.5890751297981254,-36.28542341790727,4.7196431159973145,1.8534523248672485,1.7686467170715332,26.17386556473647,323.5859375,235.55555555555557,306.76092533394694,226.04156527254318,340.41094966605306,245.06954583856796,0.23329217731952667,0.9999598264694214,
2026-07-15T21:50:20.918,22.843640733044595,20260715_214958_front_fusion_ego_1643,speedsweep_normal,fusion_ego_1643,6340469,1,vehicle,0.1547357738018036,89.7045971367953,139.0624528993958,2.03523160361289,-177.2178197136238,5.348610877990723,2.072139024734497,2.2423505783081055,27.36260782263964,422.55208333333337,235.55555555555557,403.25789439429843,225.24716827604507,441.8462722723683,245.86394283506607,0.3611413240432739,0.9989363551139832,
2026-07-15T21:50:20.918,22.843640733044595,20260715_214958_front_fusion_ego_1643,speedsweep_normal,fusion_ego_1643,6340469,2,vehicle,0.14435076713562012,82.64457639523961,134.97657973593658,2.308856669100477,-27.975931653986883,7.494606971740723,2.6910886764526367,3.5386412143707275,20.465775380335607,376.9609375,225.55555555555557,346.2635431215167,201.83277401659225,407.6583318784833,249.2783370945189,0.0003444716858211905,0.9996706247329712,
2026-07-15T21:50:21.090,23.016207145061344,20260715_214958_front_fusion_ego_1643,speedsweep_normal,fusion_ego_1643,6340470,0,person,0.4790022373199463,86.91383150855111,145.96679200226265,1.8120575017501812,138.3557914724786,0.4437987506389618,0.4225170910358429,1.8216452598571777,24.99812557152172,547.09375,235.55555555555557,543.6454081442207,225.8836940262053,550.5420918557793,245.22741708490585,0.9999884366989136,0.9620937705039978,
2026-07-15T21:50:21.090,23.016207145061344,20260715_214958_front_fusion_ego_1643,speedsweep_normal,fusion_ego_1643,6340470,1,vehicle,0.25198858976364136,86.94256736525875,130.03338129034208,1.6301616496030564,-43.64625369520772,4.6789069175720215,1.8765275478363037,1.8044617176055908,24.846631921305132,323.5859375,235.55555555555557,303.8707700818777,225.60321542951797,343.3011049181223,245.50789568159317,0.06128263473510742,0.9999823570251465,
2026-07-15T21:50:21.090,23.016207145061344,20260715_214958_front_fusion_ego_1643,speedsweep_normal,fusion_ego_1643,6340470,2,vehicle,0.1907830536365509,89.27861372702829,137.7653111994954,1.9494544857324367,173.9409692221791,5.378565311431885,2.034309148788452,2.072004795074463,25.96536736244379,422.55208333333337,235.55555555555557,403.83801275988424,224.75550774070953,441.2661539067825,246.3556033704016,0.3990975022315979,0.9997349381446838,
2026-07-15T21:50:21.090,23.016207145061344,20260715_214958_front_fusion_ego_1643,speedsweep_normal,fusion_ego_1643,6340470,3,vehicle,0.10135182738304138,84.20021514691965,134.26229513975906,2.2673068365390403,-35.550512291555364,7.229527473449707,2.5801219940185547,3.4214658737182617,21.17928059382158,369.17708333333337,225.55555555555557,336.47668082763755,205.4815385076735,401.8774858390292,245.62957260343765,0.0002900953113567084,0.9994327425956726,
2026-07-15T21:50:21.237,23.163015010999516,20260715_214958_front_fusion_ego_1643,speedsweep_normal,fusion_ego_1643,6340471,0,vehicle,0.37481021881103516,85.80120488140399,130.74741838502757,1.1652728369567145,-86.38748093942031,5.261235237121582,1.9859318733215332,2.0096426010131836,22.629451815984392,315.80208333333337,235.55555555555557,296.40317550053203,223.67159220907425,335.2009911661347,247.4395189020369,0.042811211198568344,0.9999990463256836,
2026-07-15T21:50:21.237,23.163015010999516,20260715_214958_front_fusion_ego_1643,speedsweep_normal,fusion_ego_1643,6340471,1,vehicle,0.23222219944000244,90.10327586546686,135.41338526556694,1.4124804271594624,124.27914523318279,5.118555545806885,1.957387924194336,1.91085946559906,25.93209682078249,413.65625,234.44444444444446,393.2711549438536,225.08987393644122,434.04134505614644,243.7990149524477,0.016668565571308136,0.996861457824707,
2026-07-15T21:50:21.237,23.163015010999516,20260715_214958_front_fusion_ego_1643,speedsweep_normal,fusion_ego_1643,6340471,2,vehicle,0.07083415240049362,85.6019513213643,115.63895197527343,1.1633729808884823,-4.235267982424525,5.04442834854126,1.9860564470291138,1.731030821800232,30.694881024290652,137.88541666666669,226.66666666666669,108.63573331634204,214.90842203299206,167.13510001699132,238.4249113003413,0.9783864617347717,0.9972661733627319,
2026-07-15T21:50:21.374,23.299815127975307,20260715_214958_front_fusion_ego_1643,speedsweep_normal,fusion_ego_1643,6340472,0,vehicle,0.5428006649017334,84.60266705327226,131.3696773949269,0.8168092441057153,-82.35995078949084,5.3949809074401855,2.017434597015381,1.9497802257537842,20.44831039330092,315.80208333333337,234.44444444444446,294.6482209687432,221.05927821662692,336.95594569792354,247.829610672262,0.05992794409394264,0.9999998807907104,
2026-07-15T21:50:21.374,23.299815127975307,20260715_214958_front_fusion_ego_1643,speedsweep_normal,fusion_ego_1643,6340472,1,person,0.23737278580665588,83.88697206570274,145.71410331298625,1.084352526794956,141.0735630393239,0.18702347576618195,0.3099631071090698,1.6890836954116821,20.366036076545697,563.7734375,234.44444444444446,559.1878830874339,223.70603021648196,568.3589919125661,245.18285867240695,1.0,0.9990127086639404,
2026-07-15T21:50:21.374,23.299815127975307,20260715_214958_front_fusion_ego_1643,speedsweep_normal,fusion_ego_1643,6340472,2,vehicle,0.18261609971523285,88.75829949596248,134.70557606048308,0.7493488417687668,-144.8769871489273,4.919775485992432,1.814246416091919,1.6868443489074707,23.789124084158004,404.7604166666667,234.44444444444446,384.6667042548458,225.06981369521884,424.8541290784876,243.81907519367007,0.0008315713494084775,0.9999256134033203,
2026-07-15T21:50:21.374,23.299815127975307,20260715_214958_front_fusion_ego_1643,speedsweep_normal,fusion_ego_1643,6340472,3,vehicle,0.14512091875076294,86.74177123731563,135.13268895302224,1.7714415327682271,-41.86458989096818,6.736591339111328,2.492375373840332,3.451931953430176,21.721404774161872,360.28125,217.7777777777778,331.75102069973946,197.28368567095865,388.81147930026054,238.27186988459695,0.0117402458563447,0.9998611211776733,
2026-07-15T21:50:21.514,23.439985987031832,20260715_214958_front_fusion_ego_1643,speedsweep_normal,fusion_ego_1643,6340473,0,vehicle,0.2864391505718231,89.22644328043194,135.71706139577944,0.8514585338288043,112.14593499676364,4.939450263977051,1.8643524646759033,1.694812297821045,23.27868990117423,404.7604166666667,234.44444444444446,383.6176971482734,225.27715739276675,425.90313618505996,243.61173149612216,0.0005287368549033999,0.9999562501907349,
2026-07-15T21:50:21.514,23.439985987031832,20260715_214958_front_fusion_ego_1643,speedsweep_normal,fusion_ego_1643,6340473,1,vehicle,0.2717095911502838,83.08081535679145,133.23588411833765,0.9496879030765228,-76.91636524419671,4.932648658752441,1.815600037574768,1.7677489519119263,17.61983569043488,314.6901041666667,234.44444444444446,296.6208138714234,221.25547644164828,332.75939446190995,247.63341244724063,0.9342712163925171,1.0,
2026-07-15T21:50:21.514,23.439985987031832,20260715_214958_front_fusion_ego_1643,speedsweep_normal,fusion_ego_1643,6340473,2,person,0.18959157168865204,75.3900366519315,118.02935273296713,0.9582574654336913,-68.58969055270082,0.6993082165718079,0.4840679168701172,2.0166640281677246,21.76855808342934,2.2239583333333335,226.66666666666669,-0.7996207705388467,195.24165550867718,5.247537437205514,258.0916778246562,0.9977263808250427,0.5048527121543884,
2026-07-15T21:50:21.650,23.576175590977073,20260715_214958_front_fusion_ego_1643,speedsweep_normal,fusion_ego_1643,6340474,0,vehicle,0.37336593866348267,83.37851198496952,132.8063146580865,1.0815011663304275,-69.69605072178705,4.7331085205078125,1.8337105512619019,1.8777990341186523,17.131034297260058,305.79427083333337,235.55555555555557,281.2634897915026,220.3395876619551,330.32505187516415,250.77152344915604,0.9654494524002075,0.9999995231628418,
2026-07-15T21:50:21.650,23.576175590977073,20260715_214958_front_fusion_ego_1643,speedsweep_normal,fusion_ego_1643,6340474,1,vehicle,0.1918421983718872,88.90039457240911,135.16258299882026,1.0584035104637506,141.30581763523048,5.098239898681641,1.8400166034698486,1.9353203773498535,22.091683463522404,395.86458333333337,234.44444444444446,374.2617700484892,223.49967983033923,417.46739661817753,245.38920905854968,0.01736322045326233,0.9999434947967529,
2026-07-15T21:50:21.650,23.576175590977073,20260715_214958_front_fusion_ego_1643,speedsweep_normal,fusion_ego_1643,6340474,2,vehicle,0.10427065193653107,87.51407421932515,133.53910736134284,1.8660792520990301,4.6317860906945585,5.975374221801758,2.3391828536987305,3.2570011615753174,20.966947825925384,351.3854166666667,217.7777777777778,319.9476505468289,196.2731526957618,382.82318278650445,239.2824028597938,0.0025459572207182646,0.9971222281455994,
2026-07-15T21:50:21.650,23.576175590977073,20260715_214958_front_fusion_ego_1643,speedsweep_normal,fusion_ego_1643,6340474,3,vehicle,0.08505794405937195,94.13925907804332,140.33964300927977,2.5583021614589043,-84.42364850709494,8.550962448120117,3.1119110584259033,3.984886407852173,27.330916718777438,475.92708333333337,217.7777777777778,444.42587377627694,197.37322138415445,507.4282928903898,238.18233417140115,0.021702587604522705,0.9909233450889587,
2026-07-15T21:50:21.785,23.711097344988957,20260715_214958_front_fusion_ego_1643,speedsweep_normal,fusion_ego_1643,6340475,0,vehicle,0.4002939462661743,80.19047419973138,135.02182388362385,1.1267115378651003,-38.82016380951995,4.652338981628418,1.8533039093017578,1.7415207624435425,12.576652693644068,296.8984375,243.33333333333334,269.24082747101784,227.53274222215018,324.55604752898216,259.13392444451654,0.028779901564121246,0.9999915361404419,
2026-07-15T21:50:21.785,23.711097344988957,20260715_214958_front_fusion_ego_1643,speedsweep_normal,fusion_ego_1643,6340475,1,vehicle,0.22516609728336334,90.2404885588309,135.33087116559093,1.1102820042169745,171.54205235368855,5.356378078460693,1.9842702150344849,2.020857095718384,22.47019810117958,395.86458333333337,234.44444444444446,371.74357906853163,223.4761926200655,419.9855875981351,245.41269626882342,0.0007888539112173021,0.9997535347938538,
2026-07-15T21:50:21.785,23.711097344988957,20260715_214958_front_fusion_ego_1643,speedsweep_normal,fusion_ego_1643,6340475,2,vehicle,0.11024021357297897,96.40841191924696,141.0602743543356,2.5251833863091746,-100.00900592101924,9.01611042022705,3.3124635219573975,3.9853358268737793,28.740696028821137,484.8229166666667,216.66666666666669,451.45182457814616,194.97968355814618,518.1940087551873,238.3536497751872,0.019854936748743057,0.9985194802284241,
2026-07-15T21:50:21.785,23.711097344988957,20260715_214958_front_fusion_ego_1643,speedsweep_normal,fusion_ego_1643,6340475,3,vehicle,0.08489035069942474,86.51509254449755,135.05838935624303,1.680980115222293,10.924017693749105,6.065954685211182,2.3470301628112793,3.274197816848755,18.79717193016223,350.2734375,217.7777777777778,322.3461849093437,193.975964056121,378.2006900906563,241.5795914994346,0.00019036285812035203,0.9520599842071533,
2026-07-15T21:50:21.913,23.838749704067595,20260715_214958_front_fusion_ego_1643,speedsweep_normal,fusion_ego_1643,6340476,0,vehicle,0.20927926898002625,89.0441370128064,135.65007871776024,1.0485133892695435,91.79864441385146,5.47021484375,2.0018093585968018,1.8450496196746826,20.313507020974694,403.6484375,234.44444444444446,384.75122498348355,222.81400975253848,422.54565001651645,246.07487913635043,0.04036647081375122,0.9999990463256836,
2026-07-15T21:50:21.913,23.838749704067595,20260715_214958_front_fusion_ego_1643,speedsweep_normal,fusion_ego_1643,6340476,1,vehicle,0.20252664387226105,79.49506132128272,131.92482037746515,0.9620756465267868,77.4854218637651,4.2371697425842285,1.7451896667480469,1.6890952587127686,12.069596419568652,288.0026041666667,243.33333333333334,253.0179197813074,224.206436475118,322.987288552026,262.4602301915487,0.11000710725784302,0.9999444484710693,
2026-07-15T21:50:22.050,23.975744870025665,20260715_214958_front_fusion_ego_1643,speedsweep_normal,fusion_ego_1643,6340477,0,vehicle,0.30316972732543945,80.07228260543258,132.40796311598456,0.8391456200573693,-24.475283436978966,4.742588043212891,1.8597549200057983,2.015735387802124,11.499703622793623,271.3229166666667,244.44444444444446,224.762789140145,215.5592116382387,317.88304419318837,273.3296772506502,0.586033046245575,0.9999911785125732,
2026-07-15T21:50:22.050,23.975744870025665,20260715_214958_front_fusion_ego_1643,speedsweep_normal,fusion_ego_1643,6340477,1,vehicle,0.23552370071411133,93.92813700987362,135.43822753153256,1.0709912739459981,-70.8151672608327,5.312204837799072,2.0095505714416504,2.3514609336853027,24.266017420217416,403.6484375,226.66666666666669,384.8301729634404,213.77791116635007,422.4667020365596,239.5554221669833,0.0032478109933435917,0.9999436140060425,
2026-07-15T21:50:22.050,23.975744870025665,20260715_214958_front_fusion_ego_1643,speedsweep_normal,fusion_ego_1643,6340477,2,vehicle,0.12641552090644836,88.18092679121429,132.5735919455088,1.5699541320167778,40.75052688576861,6.508601665496826,2.3982934951782227,3.2524001598358154,19.058385720363656,350.2734375,216.66666666666669,324.8794095851481,197.2300676504771,375.6674654148519,236.10326568285626,0.0005948874750174582,0.9996868371963501,
2026-07-15T21:50:22.050,23.975744870025665,20260715_214958_front_fusion_ego_1643,speedsweep_normal,fusion_ego_1643,6340477,3,person,0.11479546874761581,80.92160412484124,131.70622636420234,1.1091819093873285,97.65242422052287,0.7963166832923889,0.565770149230957,1.886747121810913,12.55758930072869,93.40625,226.66666666666669,83.12228023074567,207.67982582251233,103.69021976925433,245.65350751082104,0.9556796550750732,0.7861174941062927,
2026-07-15T21:50:22.179,24.10465243307408,20260715_214958_front_fusion_ego_1643,speedsweep_normal,fusion_ego_1643,6340478,0,vehicle,0.6394235491752625,77.47502531522711,131.95199076800824,0.7453999692433597,153.3070257395708,4.305687427520752,1.755616545677185,1.7780930995941162,8.738553043918195,235.73958333333334,253.33333333333334,174.85784589250883,217.56056865056357,296.6213207741579,289.10609801610315,0.18113607168197632,0.9999986886978149,
2026-07-15T21:50:22.179,24.10465243307408,20260715_214958_front_fusion_ego_1643,speedsweep_normal,fusion_ego_1643,6340478,1,vehicle,0.2598173916339874,93.34772899263183,132.95065772349813,0.824206419483869,-77.50697145106358,5.148218154907227,1.9614450931549072,2.206538438796997,23.1613163296183,403.6484375,226.66666666666669,382.5831961557269,213.7944371501605,424.7136788442731,239.53889618317288,0.010372111573815346,0.999876856803894,
2026-07-15T21:50:22.179,24.10465243307408,20260715_214958_front_fusion_ego_1643,speedsweep_normal,fusion_ego_1643,6340478,2,vehicle,0.1754729300737381,89.25070737971845,131.76193234547273,1.467005477854867,20.814758709538967,6.343719005584717,2.3856327533721924,3.1599178314208984,19.44497491179312,350.2734375,217.7777777777778,325.2465238161385,195.66034303771127,375.3003511838615,239.89521251784433,0.0005335509777069092,0.9992388486862183,
2026-07-15T21:50:22.179,24.10465243307408,20260715_214958_front_fusion_ego_1643,speedsweep_normal,fusion_ego_1643,6340478,3,person,0.1352820247411728,80.03133795632749,131.00158087656735,1.093561390615636,-139.18418467789397,0.4896547198295593,0.42486536502838135,1.8647130727767944,11.340183457627994,84.51041666666667,226.66666666666669,74.60216442371409,208.15785090128583,94.41866890961926,245.17548243204754,0.9938888549804688,0.8282172083854675,
2026-07-15T21:50:22.323,24.248846851987764,20260715_214958_front_fusion_ego_1643,speedsweep_normal,fusion_ego_1643,6340479,0,vehicle,0.2727728486061096,76.06241837941529,132.2411339348826,0.9665370376880347,21.148320874241627,3.773528575897217,1.6530784368515015,1.611549973487854,6.78814909397574,163.4609375,278.8888888888889,101.95314548909664,242.8422134452396,224.9687295109034,314.9355643325382,0.39511144161224365,0.9998337030410767,
2026-07-15T21:50:22.323,24.248846851987764,20260715_214958_front_fusion_ego_1643,speedsweep_normal,fusion_ego_1643,6340479,1,vehicle,0.2631795406341553,92.69672413598772,133.75408607756768,1.0448911413274162,-50.47998539012445,5.220727443695068,2.018343687057495,2.267240524291992,21.534557812319015,403.6484375,226.66666666666669,381.07562394440174,213.38906596104306,426.22125105559826,239.9442673722903,0.00389540521427989,0.9999818801879883,
2026-07-15T21:50:22.323,24.248846851987764,20260715_214958_front_fusion_ego_1643,speedsweep_normal,fusion_ego_1643,6340479,2,vehicle,0.21876415610313416,88.46145852741788,131.74056458107844,1.4751753550729014,-51.78338796425076,6.2091450691223145,2.3515124320983887,2.9973316192626953,17.866179194745783,342.48958333333337,217.7777777777778,316.6118747678896,196.19005964861978,368.3672918987771,239.36549590693582,0.025568004697561264,0.9999257326126099,
2026-07-15T21:50:22.323,24.248846851987764,20260715_214958_front_fusion_ego_1643,speedsweep_normal,fusion_ego_1643,6340479,3,vehicle,0.08665942400693893,92.64528899973433,140.0443672597855,2.059080894012787,82.91691819737775,8.01534652709961,2.9193882942199707,3.7824766635894775,21.40102881468676,519.2942708333334,208.88888888888889,484.034074207147,181.75478988223605,554.5544674595197,236.02298789554172,0.00020317187590990216,0.9876883625984192,
2026-07-15T21:50:22.452,24.377599784056656,20260715_214958_front_fusion_ego_1643,speedsweep_normal,fusion_ego_1643,6340480,0,vehicle,0.3628759980201721,92.78885690249162,133.7957952741808,1.4440981501014556,-153.8657994751459,5.304520130157471,2.0678486824035645,2.169674873352051,20.729691169741706,404.7604166666667,234.44444444444446,385.6195886048178,221.03684153821735,423.90124472851556,247.85204735067157,0.011564083397388458,0.9999144077301025,
2026-07-15T21:50:22.452,24.377599784056656,20260715_214958_front_fusion_ego_1643,speedsweep_normal,fusion_ego_1643,6340480,1,vehicle,0.05753215029835701,101.32808617134994,144.717042674282,2.1477278673996825,104.79851904021828,7.252851963043213,2.6760361194610596,3.338494062423706,30.03078062593797,529.3020833333334,216.66666666666669,503.8383175854882,200.31015912691754,554.7658490811785,233.02317420641583,9.92230161500629e-06,0.7950224876403809,
2026-07-15T21:50:22.584,24.510220117052086,20260715_214958_front_fusion_ego_1643,speedsweep_normal,fusion_ego_1643,6340481,0,vehicle,0.507197380065918,90.21740613672637,134.00596482485147,1.4234619666128716,-71.32307579340211,5.501407623291016,2.1139168739318848,2.205188512802124,17.2580112932251,404.7604166666667,234.44444444444446,382.9751692997913,217.4081560638216,426.5456640335421,251.48073282506732,0.0018036540132015944,0.9999746084213257,
2026-07-15T21:50:22.584,24.510220117052086,20260715_214958_front_fusion_ego_1643,speedsweep_normal,fusion_ego_1643,6340481,1,vehicle,0.15572769939899445,74.62119654246915,133.21852095438888,1.0926539618543785,68.87346474216598,4.682450294494629,1.8242673873901367,1.8486402034759521,3.900687792742899,145.66927083333334,350.0,35.368118127187095,249.5221972465515,255.97042353947958,450.4778027534485,0.8960589170455933,0.9957435727119446,
2026-07-15T21:50:22.711,24.63729287998285,20260715_214958_front_fusion_ego_1643,speedsweep_normal,fusion_ego_1643,6340482,0,vehicle,0.3253338634967804,90.83552801347565,134.18496416703957,1.0712099311339478,-50.2708179913193,5.231026649475098,1.9706478118896484,1.8910068273544312,17.000666832378787,403.6484375,234.44444444444446,381.57466120272875,218.892104294565,425.72221379727125,249.9967845943239,0.000946611980907619,0.9999837875366211,
2026-07-15T21:50:22.711,24.63729287998285,20260715_214958_front_fusion_ego_1643,speedsweep_normal,fusion_ego_1643,6340482,1,vehicle,0.29122090339660645,93.30595833538439,129.65124041202847,1.750511958496723,-37.44502836861552,7.261514186859131,2.6066408157348633,3.313014507293701,20.51137075791691,333.59375,216.66666666666669,306.7364619746804,198.2310716311137,360.4510380253196,235.10226170221966,0.003926268313080072,0.9999879598617554,
2026-07-15T21:50:22.837,24.763356141047552,20260715_214958_front_fusion_ego_1643,speedsweep_normal,fusion_ego_1643,6340483,0,vehicle,0.2730656564235687,92.04614178468793,133.27901526479442,1.105107235967671,-11.46029380222372,5.278056621551514,1.9966195821762085,1.8320043087005615,17.52189647168767,412.54427083333337,234.44444444444446,389.13805032645666,221.20584931638507,435.9504913402101,247.68303957250384,0.0011700511677190661,0.9999878406524658,
2026-07-15T21:50:22.967,24.893393761012703,20260715_214958_front_fusion_ego_1643,speedsweep_normal,fusion_ego_1643,6340484,0,vehicle,0.49203014373779297,98.35350218688141,131.74364784355106,1.5208630267607501,-82.91899743376663,6.0336198806762695,2.2657389640808105,2.2518391609191895,23.13279264271144,412.54427083333337,234.44444444444446,394.2319281001886,221.15748998191623,430.85661356647813,247.7313989069727,0.33159494400024414,0.9999949932098389,
2026-07-15T21:50:22.967,24.893393761012703,20260715_214958_front_fusion_ego_1643,speedsweep_normal,fusion_ego_1643,6340484,1,vehicle,0.09870100766420364,103.59541985123701,143.7196690367158,2.4443689637190853,-6.937352470007088,7.192121982574463,2.724341869354248,3.3588099479675293,28.96199104110007,581.5651041666667,216.66666666666669,553.6914135913055,197.8194598356883,609.438794742028,235.51387349764508,0.00033288056147284806,0.9586844444274902,
2026-07-15T21:50:22.967,24.893393761012703,20260715_214958_front_fusion_ego_1643,speedsweep_normal,fusion_ego_1643,6340484,2,vehicle,0.08857467770576477,104.20976547657995,133.88459790538448,2.273790457610616,-27.660267717651102,7.203688621520996,2.7031266689300537,3.549217700958252,28.660394628887854,430.33593750000006,217.7777777777778,415.7108190432191,199.74461601840127,444.96105595678097,235.81093953715433,0.00765123451128602,0.9969936609268188,
2026-07-15T21:50:23.096,25.02182616700884,20260715_214958_front_fusion_ego_1643,speedsweep_normal,fusion_ego_1643,6340485,0,vehicle,0.3282104432582855,98.64129446811195,130.63911927387687,1.5742146639677004,-77.21476375609114,5.7752580642700195,2.237975835800171,2.382474899291992,22.760655330766525,404.7604166666667,234.44444444444446,384.1847065637509,219.628430571821,425.33612676958245,249.2604583170679,0.33423253893852234,0.999992847442627,
2026-07-15T21:50:23.096,25.02182616700884,20260715_214958_front_fusion_ego_1643,speedsweep_normal,fusion_ego_1643,6340485,1,person,0.12902535498142242,84.89131865312743,117.3792520152153,1.271380013569658,-94.65883936505223,0.7156636118888855,0.6392589807510376,1.7167142629623413,20.356511741185308,102.30208333333334,235.55555555555557,91.8269616564115,220.73911878797745,112.77720501025519,250.3719923231337,0.9972898960113525,0.9755169749259949,
2026-07-15T21:50:23.096,25.02182616700884,20260715_214958_front_fusion_ego_1643,speedsweep_normal,fusion_ego_1643,6340485,2,vehicle,0.10911968350410461,93.5286740645553,130.38275538781852,1.9897537094910653,-30.283184922020716,6.870783805847168,2.552452564239502,3.4717297554016113,17.90850121591091,342.48958333333337,217.7777777777778,310.4841158439716,195.0177179442512,374.49505082269513,240.5378376113044,0.00021374034986365587,0.9993953704833984,
2026-07-15T21:50:23.227,25.153245236026123,20260715_214958_front_fusion_ego_1643,speedsweep_normal,fusion_ego_1643,6340486,0,vehicle,0.47542479634284973,98.82439298038574,131.15674576081338,1.5104916020191428,-98.00996755316474,6.097787857055664,2.2684452533721924,2.3903160095214844,21.94430220997995,412.54427083333337,234.44444444444446,391.7307639618715,219.20301881101398,433.35777770479524,249.68587007787494,0.8484164476394653,0.999997615814209,
2026-07-15T21:50:23.227,25.153245236026123,20260715_214958_front_fusion_ego_1643,speedsweep_normal,fusion_ego_1643,6340486,1,vehicle,0.1268080621957779,108.26117382035434,136.35539426136242,1.6823351076590953,-62.16291429933957,5.757026195526123,2.1665282249450684,2.693772315979004,30.927929638023386,431.4479166666667,225.55555555555557,411.6535753893356,213.2828337285254,451.2422579439978,237.82827738258575,0.0004969239817000926,0.9880073070526123,
2026-07-15T21:50:23.227,25.153245236026123,20260715_214958_front_fusion_ego_1643,speedsweep_normal,fusion_ego_1643,6340486,2,person,0.10317052155733109,83.65318732808997,122.14707266291143,1.2863330333171175,-78.37370660550603,0.8890708684921265,0.6351706385612488,1.7045371532440186,14.893379895144664,102.30208333333334,235.55555555555557,90.88133487043282,217.17173609468674,113.72283179623386,253.9393750164244,0.9751150012016296,0.9844980835914612,
2026-07-15T21:50:23.227,25.153245236026123,20260715_214958_front_fusion_ego_1643,speedsweep_normal,fusion_ego_1643,6340486,3,vehicle,0.09269814193248749,87.72561180461315,116.53950008157273,1.505016926263351,4.243048924275806,4.034402847290039,1.7361619472503662,2.0531530380249023,21.734490695395817,101.19010416666667,226.66666666666669,67.39115541676681,210.43738702932995,134.98905291656655,242.89594630400342,0.991661548614502,0.8521501421928406,
2026-07-15T21:50:23.227,25.153245236026123,20260715_214958_front_fusion_ego_1643,speedsweep_normal,fusion_ego_1643,6340486,4,vehicle,0.07776098698377609,94.51624583646284,127.34527135723071,1.9899309783063535,-28.910148702478708,7.174317836761475,2.602858066558838,3.3894639015197754,19.072851450237035,341.3776041666667,217.7777777777778,307.5878178427617,195.9680567847358,375.1673904905717,239.5874987708198,0.0026393095031380653,0.9998076558113098,
2026-07-15T21:50:23.366,25.29163479502313,20260715_214958_front_fusion_ego_1643,speedsweep_normal,fusion_ego_1643,6340487,0,vehicle,0.5318887829780579,103.26374427623229,131.9328464006978,1.555762876944279,-103.92768737548212,6.12054443359375,2.2959492206573486,2.503345489501953,25.27021921861425,412.54427083333337,234.44444444444446,395.1779135887822,219.68121823337344,429.91062807788455,249.20767065551547,0.5868430733680725,0.9999924898147583,
2026-07-15T21:50:23.366,25.29163479502313,20260715_214958_front_fusion_ego_1643,speedsweep_normal,fusion_ego_1643,6340487,1,person,0.08903671056032181,83.77101929236221,123.26433500255855,1.3690627707935268,-38.75412911736228,1.4889849424362183,0.8044700026512146,1.8467919826507568,13.26140157676205,92.29427083333334,235.55555555555557,79.18733454992375,214.38418600294327,105.40120711674294,256.72692510816785,0.9906507730484009,0.9829909801483154,
2026-07-15T21:50:23.366,25.29163479502313,20260715_214958_front_fusion_ego_1643,speedsweep_normal,fusion_ego_1643,6340487,2,person,0.0851462259888649,104.83714184906493,138.54850707204574,1.5448641531285765,-165.81544543341784,0.4602613151073456,0.4360521137714386,1.847153902053833,26.81455393433188,519.2942708333334,226.66666666666669,514.2282207471629,216.21955643097562,524.3603209195038,237.11377690235776,0.9999738931655884,0.9975807666778564,
2026-07-15T21:50:23.366,25.29163479502313,20260715_214958_front_fusion_ego_1643,speedsweep_normal,fusion_ego_1643,6340487,3,vehicle,0.061470430344343185,93.91732527091625,126.48878288405515,2.1005169823178056,-6.721864137483315,6.94648551940918,2.5942392349243164,3.471949815750122,18.009876513035096,342.48958333333337,217.7777777777778,308.59287022550905,194.53961239920724,376.3862964411577,241.01594315634836,0.0003926357312593609,0.9991751313209534,
2026-07-15T21:50:23.366,25.29163479502313,20260715_214958_front_fusion_ego_1643,speedsweep_normal,fusion_ego_1643,6340487,4,vehicle,0.06064421683549881,103.17429539626434,145.51054742979667,2.2831737610830123,40.54098604181403,6.825560569763184,2.571322441101074,3.217857837677002,26.96862718303787,590.4609375,216.66666666666669,552.6162368357182,196.26419524351758,628.3056381642818,237.0691380898158,0.004571300931274891,0.7721757888793945,
2026-07-15T21:50:23.366,25.29163479502313,20260715_214958_front_fusion_ego_1643,speedsweep_normal,fusion_ego_1643,6340487,5,vehicle,0.052186861634254456,106.40369282466992,134.42281607028835,2.4533923556726696,8.509740171710122,8.787884712219238,3.1587891578674316,3.875570297241211,28.20965386620144,448.1276041666667,217.7777777777778,422.9292513119678,198.2488392459022,473.3259570213656,237.3067163096534,0.0002250094257760793,0.9986268281936646,
2026-07-15T21:50:23.502,25.42762777104508,20260715_214958_front_fusion_ego_1643,speedsweep_normal,fusion_ego_1643,6340488,0,vehicle,0.360679030418396,102.95936582870956,130.471274411299,1.2823011828161617,-134.92234573475142,6.055411338806152,2.2032783031463623,2.231961965560913,24.268009391992948,412.54427083333337,234.44444444444446,394.3340127964815,221.28023680713443,430.75452887018525,247.60865208175449,0.540489912033081,0.9999986886978149,
2026-07-15T21:50:23.502,25.42762777104508,20260715_214958_front_fusion_ego_1643,speedsweep_normal,fusion_ego_1643,6340488,1,vehicle,0.2909420430660248,94.17782398092072,125.75572675686584,1.8708159475433601,-49.2772808824188,7.0672478675842285,2.6177492141723633,3.4648823738098145,17.66364395021638,341.3776041666667,217.7777777777778,312.9624523917834,194.77340804206003,369.79275594154996,240.78214751349557,0.05857374891638756,0.9999279975891113,
2026-07-15T21:50:23.502,25.42762777104508,20260715_214958_front_fusion_ego_1643,speedsweep_normal,fusion_ego_1643,6340488,2,vehicle,0.2579321563243866,94.288001486659,115.26293190377008,1.7401673454557214,152.87992926188687,6.721514701843262,2.409574270248413,2.969160318374634,24.879406842078755,128.98958333333334,217.7777777777778,93.43503104647002,199.2434327469932,164.54413562019667,236.3121228085624,0.13339687883853912,0.9996784925460815,
2026-07-15T21:50:23.502,25.42762777104508,20260715_214958_front_fusion_ego_1643,speedsweep_normal,fusion_ego_1643,6340488,3,vehicle,0.17743313312530518,106.43504017855227,142.38540897115456,2.22818369469008,-64.26157204004778,7.431461811065674,2.7485857009887695,3.4208261966705322,28.310473388389994,582.6770833333334,216.66666666666669,554.2316510130962,196.83752993742627,611.1225156535705,236.4958033959071,0.035140253603458405,0.9948093891143799,
2026-07-15T21:50:23.633,25.558829252026044,20260715_214958_front_fusion_ego_1643,speedsweep_normal,fusion_ego_1643,6340489,0,vehicle,0.561441957950592,100.59739024684689,131.7209506559582,0.8809907640627983,142.2100713440015,5.51444149017334,2.0757124423980713,1.940955400466919,20.86889678365309,412.54427083333337,234.44444444444446,389.36555686344707,221.755032506254,435.7229848032197,247.13385638263492,0.2349325269460678,0.9999963045120239,
2026-07-15T21:50:23.633,25.558829252026044,20260715_214958_front_fusion_ego_1643,speedsweep_normal,fusion_ego_1643,6340489,1,vehicle,0.31185540556907654,96.55231611161682,124.90560099981218,1.5162085731876076,-81.52182388399737,7.084059715270996,2.5651113986968994,3.1667165756225586,19.24595156986655,342.48958333333337,216.66666666666669,314.2221693148216,197.80345777670544,370.75699735184514,235.52987555662793,0.05795885622501373,0.9999735355377197,
2026-07-15T21:50:23.633,25.558829252026044,20260715_214958_front_fusion_ego_1643,speedsweep_normal,fusion_ego_1643,6340489,2,person,0.20997880399227142,89.4075511662629,137.31970269234736,1.1167508367078192,101.68644158304923,0.6449087262153625,0.5188813805580139,1.8667391538619995,9.848731466032747,74.50260416666667,234.44444444444446,62.51777476506929,210.5351832177904,86.48743356826405,258.3537056710985,0.9970383644104004,0.9890714883804321,
2026-07-15T21:50:23.633,25.558829252026044,20260715_214958_front_fusion_ego_1643,speedsweep_normal,fusion_ego_1643,6340489,3,vehicle,0.14487780630588531,95.93757279688498,116.21247603479378,1.6533254604855583,146.3030505058457,6.2848896980285645,2.3554582595825195,2.926877737045288,24.393417576914082,145.66927083333334,217.7777777777778,115.16495231290659,200.1971565352546,176.1735893537601,235.358399020301,0.04836738854646683,0.9993523955345154,
2026-07-15T21:50:23.633,25.558829252026044,20260715_214958_front_fusion_ego_1643,speedsweep_normal,fusion_ego_1643,6340489,4,vehicle,0.12295520305633545,101.21724481973908,141.3756099232551,1.7295713721308559,47.98695364534626,8.416571617126465,2.987565755844116,3.6693522930145264,22.31557339722039,599.3567708333334,208.88888888888889,553.4925963704785,182.28970103793674,645.2209452961882,235.48807673984103,0.003160381456837058,0.998071014881134,
2026-07-15T21:50:23.759,25.685116829001345,20260715_214958_front_fusion_ego_1643,speedsweep_normal,fusion_ego_1643,6340490,0,vehicle,0.34958428144454956,104.19695883689718,134.83923341207955,1.2035294479205239,111.96199519053619,6.152782917022705,2.3345344066619873,2.7376937866210938,23.51281681409214,146.78125,216.66666666666669,108.43725120276214,201.01603786150616,185.12524879723787,232.3172954718272,0.13707546889781952,0.9957571625709534,
2026-07-15T21:50:23.759,25.685116829001345,20260715_214958_front_fusion_ego_1643,speedsweep_normal,fusion_ego_1643,6340490,1,vehicle,0.3442845642566681,95.82579077059336,126.16214932672149,1.168134905426152,-65.42877042373246,6.326644420623779,2.3421897888183594,2.8242905139923096,17.183404113871294,342.48958333333337,216.66666666666669,313.2996848126253,198.90437583128613,371.67948185404146,234.42895750204724,0.04444535821676254,0.9999812841415405,
2026-07-15T21:50:23.759,25.685116829001345,20260715_214958_front_fusion_ego_1643,speedsweep_normal,fusion_ego_1643,6340490,2,vehicle,0.33982542157173157,101.83241619403574,134.52927311137591,0.6058837439242213,115.89611295896786,5.029852390289307,1.883071780204773,1.6116904020309448,21.162896093521407,412.54427083333337,234.44444444444446,390.6339945284029,223.51679858234195,434.4545471382638,245.37209030654697,0.1311511993408203,0.9999563694000244,
2026-07-15T21:50:23.759,25.685116829001345,20260715_214958_front_fusion_ego_1643,speedsweep_normal,fusion_ego_1643,6340490,3,person,0.1799805760383606,93.82812845649278,142.0021436290329,1.0440644601373048,159.08658270963107,0.605807900428772,0.4638853073120117,1.9225902557373047,15.239466346530934,57.82291666666667,226.66666666666669,46.62597079823415,204.49133197466534,69.0198625350992,248.84200135866803,0.9918621778488159,0.8918476104736328,
2026-07-15T21:50:23.893,25.818639997043647,20260715_214958_front_fusion_ego_1643,speedsweep_normal,fusion_ego_1643,6340491,0,vehicle,0.48510655760765076,97.33328834059813,126.33187734649493,1.2160510357669976,-76.37377385629661,6.51323127746582,2.4186744689941406,2.949321985244751,17.707232633334712,342.48958333333337,216.66666666666669,310.2885680397352,198.89816741148633,374.69059862693155,234.43516592184704,0.13053132593631744,0.9999786615371704,
2026-07-15T21:50:23.893,25.818639997043647,20260715_214958_front_fusion_ego_1643,speedsweep_normal,fusion_ego_1643,6340491,1,vehicle,0.32229650020599365,97.8836324359464,121.65483694993094,1.0483321660794789,54.51026404412922,5.329460144042969,2.158463954925537,2.3647871017456055,20.617439136910804,146.78125,216.66666666666669,99.4908262193203,201.93878660599393,194.0716737806797,231.39454672733945,0.34815096855163574,0.9911143779754639,
2026-07-15T21:50:23.893,25.818639997043647,20260715_214958_front_fusion_ego_1643,speedsweep_normal,fusion_ego_1643,6340491,2,vehicle,0.1957108974456787,103.89842142062966,134.51781347437839,0.5868674296475946,118.64736635683204,4.643863201141357,1.7447011470794678,1.5185227394104004,22.55436005471653,404.7604166666667,234.44444444444446,383.62387860442203,224.23891451623706,425.89695472891134,244.64997437265185,0.013278959318995476,0.999779999256134,
2026-07-15T21:50:24.021,25.9471075310139,20260715_214958_front_fusion_ego_1643,speedsweep_normal,fusion_ego_1643,6340492,0,vehicle,0.4688354730606079,102.80105050774216,131.378526929906,0.6440340548146222,150.38536427051068,5.343990325927734,1.9985055923461914,1.6607890129089355,20.935457306845663,412.54427083333337,234.44444444444446,390.53248566513264,223.92309066322116,434.5560560015341,244.96579822566775,0.24612298607826233,0.999997615814209,
2026-07-15T21:50:24.021,25.9471075310139,20260715_214958_front_fusion_ego_1643,speedsweep_normal,fusion_ego_1643,6340492,1,person,0.35706281661987305,104.92083097247325,140.4418395030621,0.8886530040619482,-83.6260747404087,0.2563283145427704,0.3471812307834625,1.7980107069015503,23.903105745645355,572.6692708333334,225.55555555555557,567.0550806003934,213.06263330909943,578.2834610662734,238.04847780201172,0.9999980926513672,0.9993071556091309,
2026-07-15T21:50:24.021,25.9471075310139,20260715_214958_front_fusion_ego_1643,speedsweep_normal,fusion_ego_1643,6340492,2,vehicle,0.1698000133037567,97.61861784238414,126.08358516634007,1.2934025192566247,-89.23278334941807,6.164929389953613,2.2664802074432373,2.9913737773895264,17.350658220410214,350.2734375,217.7777777777778,322.6723227351904,199.88272117243875,377.8745522648096,235.67283438311685,0.4195082485675812,0.9998594522476196,
2026-07-15T21:50:24.151,26.076628425973468,20260715_214958_front_fusion_ego_1643,speedsweep_normal,fusion_ego_1643,6340493,0,vehicle,0.44504520297050476,105.4758188216845,130.03103576750763,0.9693732380906337,116.27213675182419,5.348880767822266,1.9854246377944946,1.7891250848770142,23.026641066103902,412.54427083333337,234.44444444444446,391.98054664706194,223.24626293447284,433.1079950196048,245.64262595441608,0.2019987255334854,0.9999994039535522,
2026-07-15T21:50:24.151,26.076628425973468,20260715_214958_front_fusion_ego_1643,speedsweep_normal,fusion_ego_1643,6340493,1,vehicle,0.18960557878017426,97.9969164745037,125.03819028529446,1.502587991707022,-95.35247158579298,6.268000602722168,2.335409641265869,3.0880160331726074,17.391623521642348,350.2734375,217.7777777777778,324.3453483171761,198.1968884335624,376.2015266828239,237.3586671219932,0.33608710765838623,0.9998396635055542,
2026-07-15T21:50:24.151,26.076628425973468,20260715_214958_front_fusion_ego_1643,speedsweep_normal,fusion_ego_1643,6340493,2,person,0.18380573391914368,109.59316687699084,140.00271028407326,1.036961848163645,-144.0818225017643,0.3618268370628357,0.3316614031791687,1.9016121625900269,27.73259330409592,581.5651041666667,226.66666666666669,577.3932730552431,216.1338625351588,585.7369352780904,237.19947079817456,0.9999985694885254,0.9995651841163635,
2026-07-15T21:50:24.294,26.21963741106447,20260715_214958_front_fusion_ego_1643,speedsweep_normal,fusion_ego_1643,6340494,0,person,0.4376499354839325,105.54769435222218,137.80348637696966,1.230528649803599,-38.48861190854567,0.44834795594215393,0.378833144903183,1.8294283151626587,22.64553847762099,591.5729166666667,226.66666666666669,586.4494741621118,214.51215515534085,596.6963591712217,238.82117817799252,0.9999635219573975,0.9970704317092896,
2026-07-15T21:50:24.294,26.21963741106447,20260715_214958_front_fusion_ego_1643,speedsweep_normal,fusion_ego_1643,6340494,1,vehicle,0.26021280884742737,107.07098905244469,128.9555846611653,1.0764123404142154,115.33656939032976,5.20755672454834,1.969064474105835,1.7477079629898071,23.96273331824061,412.54427083333337,234.44444444444446,391.99831157301867,223.68981536891727,433.0902300936481,245.19907351997165,0.26026496291160583,0.9999969005584717,
2026-07-15T21:50:24.294,26.21963741106447,20260715_214958_front_fusion_ego_1643,speedsweep_normal,fusion_ego_1643,6340494,2,vehicle,0.19662216305732727,99.47984530594252,120.48242992165652,1.6588489297375673,-68.97142528496522,6.9640421867370605,2.526465892791748,3.1892478466033936,20.286477577783433,342.48958333333337,216.66666666666669,318.26278963436687,196.82047466437024,366.7163770322999,236.51285866896313,0.022470753639936447,0.9999908208847046,
2026-07-15T21:50:24.294,26.21963741106447,20260715_214958_front_fusion_ego_1643,speedsweep_normal,fusion_ego_1643,6340494,3,vehicle,0.0678703710436821,109.95178152425707,133.54567025198628,1.331687434806577,72.64356665145117,4.920266628265381,1.888908863067627,2.2315478324890137,26.519434860717965,528.1901041666667,226.66666666666669,508.05629341552657,213.799451092879,548.3239149178069,239.53388224045437,0.0260113887488842,0.540655255317688,
2026-07-15T21:50:24.437,26.36275894998107,20260715_214958_front_fusion_ego_1643,speedsweep_normal,fusion_ego_1643,6340495,0,vehicle,0.3633861541748047,100.40545094859542,119.91936284848038,1.7466470062379285,-36.00675387626447,7.275862693786621,2.625887155532837,3.3116767406463623,20.451516392718254,342.48958333333337,216.66666666666669,312.5053661068281,196.43232504526776,372.47380055983865,236.9010082880656,0.009360252879559994,0.9998990297317505,
2026-07-15T21:50:24.437,26.36275894998107,20260715_214958_front_fusion_ego_1643,speedsweep_normal,fusion_ego_1643,6340495,1,vehicle,0.34600478410720825,105.6915048364614,128.23406812647738,1.1317017850754416,120.83871153140457,5.306763648986816,1.9936741590499878,1.8455520868301392,21.84893019368705,412.54427083333337,234.44444444444446,392.4861391757926,222.70982649591235,432.60240249087417,246.17906239297656,0.6556713581085205,0.9999990463256836,
2026-07-15T21:50:24.437,26.36275894998107,20260715_214958_front_fusion_ego_1643,speedsweep_normal,fusion_ego_1643,6340495,2,person,0.230216383934021,102.06335822698067,133.2480866966806,1.1879466875449562,103.34867218126554,0.7034590244293213,0.4997670650482178,1.9430149793624878,17.821621449155984,554.8776041666667,234.44444444444446,549.4091195721801,220.18877264526157,560.3460887611534,248.70011624362735,0.9999914169311523,0.9390629529953003,
2026-07-15T21:50:24.437,26.36275894998107,20260715_214958_front_fusion_ego_1643,speedsweep_normal,fusion_ego_1643,6340495,3,person,0.17901411652565002,112.90951869640406,138.93508295946614,1.342668278890998,-80.76944879026072,0.5184870958328247,0.40197035670280457,1.9434624910354614,29.36708503530379,600.46875,225.55555555555557,595.5016449680552,215.14296624395584,605.4358550319448,235.9681448671553,0.9998231530189514,0.9932451844215393,
2026-07-15T21:50:24.437,26.36275894998107,20260715_214958_front_fusion_ego_1643,speedsweep_normal,fusion_ego_1643,6340495,4,vehicle,0.15898524224758148,99.35920755932555,113.09404143554353,1.7728508331272386,145.17472740320903,7.250377655029297,2.6511073112487793,3.378033399581909,24.567642219135994,182.36458333333334,217.7777777777778,140.18483987947306,199.719292389022,224.54432678719363,235.8362631665336,0.37703007459640503,0.9981524348258972,
2026-07-15T21:50:24.566,26.492043619975448,20260715_214958_front_fusion_ego_1643,speedsweep_normal,fusion_ego_1643,6340496,0,vehicle,0.44099360704421997,104.24795681017717,127.74527122317477,0.741649589224731,122.04977541924275,5.393711566925049,1.9930400848388672,1.7741022109985352,19.654211186064938,412.54427083333337,234.44444444444446,388.7292645548781,223.3924424317148,436.35927711178863,245.4964464571741,0.2757871448993683,0.9999997615814209,
2026-07-15T21:50:24.566,26.492043619975448,20260715_214958_front_fusion_ego_1643,speedsweep_normal,fusion_ego_1643,6340496,1,person,0.32995545864105225,102.1602192779418,135.460769878559,0.9216542783346089,92.00971179257381,0.44255656003952026,0.4364367425441742,1.881042718887329,17.44643647534186,582.6770833333334,226.66666666666669,575.6155427632233,209.152054588,589.7386239034435,244.18127874533337,0.9999815225601196,0.9674257636070251,
2026-07-15T21:50:24.566,26.492043619975448,20260715_214958_front_fusion_ego_1643,speedsweep_normal,fusion_ego_1643,6340496,2,vehicle,0.3045447766780853,100.68017948431518,118.92271777774872,1.4289123986531962,-63.86220586592436,7.010315418243408,2.571092128753662,3.025409698486328,20.35393004762169,342.48958333333337,216.66666666666669,313.1448970784744,198.81828765074414,371.83426958819234,234.51504568258923,0.099345862865448,0.9999903440475464,
2026-07-15T21:50:24.566,26.492043619975448,20260715_214958_front_fusion_ego_1643,speedsweep_normal,fusion_ego_1643,6340496,3,vehicle,0.1687513291835785,106.86146009932949,142.97878084127643,0.8624262738239992,-95.6303490649604,5.069526195526123,1.9838441610336304,2.3594112396240234,24.41177924092685,759.4817708333334,208.88888888888889,723.1806367163857,191.9623511367374,795.782904950281,225.81542664104037,0.21913772821426392,0.993775486946106,
2026-07-15T21:50:24.566,26.492043619975448,20260715_214958_front_fusion_ego_1643,speedsweep_normal,fusion_ego_1643,6340496,4,vehicle,0.1415158361196518,100.4658230898369,111.79332956256864,1.691781568102563,121.69748689801783,7.3835673332214355,2.716979742050171,3.3832576274871826,25.392502973083186,182.36458333333334,216.66666666666669,140.67344533403715,199.98488048712414,224.05572133262953,233.34845284620923,0.08319061994552612,0.9296868443489075,
2026-07-15T21:50:24.701,26.6262642609654,20260715_214958_front_fusion_ego_1643,speedsweep_normal,fusion_ego_1643,6340497,0,vehicle,0.40775641798973083,101.61601891484435,114.29070235682627,1.3966492160918667,72.59305695454589,7.1171135902404785,2.5841095447540283,3.2063732147216797,23.366769196725144,199.04427083333334,216.66666666666669,164.23391114672026,199.85525290171307,233.85463051994643,233.4780804316203,0.9059452414512634,0.9812408089637756,
2026-07-15T21:50:24.701,26.6262642609654,20260715_214958_front_fusion_ego_1643,speedsweep_normal,fusion_ego_1643,6340497,1,vehicle,0.3358338475227356,105.97241044666902,126.80713183485881,0.6771767517035561,32.732878040228115,5.282710075378418,2.0501272678375244,1.944029688835144,20.709864347583625,413.65625,226.66666666666669,390.13638995960355,214.0591050187747,437.1761100403965,239.27422831455868,0.07912331819534302,0.9999955892562866,
2026-07-15T21:50:24.701,26.6262642609654,20260715_214958_front_fusion_ego_1643,speedsweep_normal,fusion_ego_1643,6340497,2,person,0.2996631860733032,102.08345971953887,135.48241008952505,0.8127626249632609,136.17801814766864,0.3274213373661041,0.32293519377708435,2.091859817504883,16.755237330261895,600.46875,226.66666666666669,594.2530484888703,205.07027963797253,606.6844515111297,248.26305369536084,0.9997531771659851,0.9255717992782593,
2026-07-15T21:50:24.701,26.6262642609654,20260715_214958_front_fusion_ego_1643,speedsweep_normal,fusion_ego_1643,6340497,3,person,0.26821181178092957,104.34506829829819,133.90118821158651,0.8055132892061474,-58.54622451729235,0.35128259658813477,0.48744553327560425,1.7286254167556763,18.69117006182406,554.8776041666667,226.66666666666669,549.2837386919807,213.40967963139218,560.4714696413528,239.9236537019412,0.9994837045669556,0.9554990530014038,
2026-07-15T21:50:24.701,26.6262642609654,20260715_214958_front_fusion_ego_1643,speedsweep_normal,fusion_ego_1643,6340497,4,vehicle,0.26034873723983765,104.04401533443979,122.17008398063625,1.0387059007416422,-81.49267730826948,6.169890403747559,2.2746763229370117,2.8853607177734375,20.48270396968098,350.2734375,216.66666666666669,325.08777683228254,200.64867715040845,375.45909816771746,232.68465618292493,0.9205933809280396,0.9999823570251465,
2026-07-15T21:50:24.701,26.6262642609654,20260715_214958_front_fusion_ego_1643,speedsweep_normal,fusion_ego_1643,6340497,5,person,0.15819858014583588,108.09427513494154,136.77846467384555,0.758787641930116,-170.4246849234988,0.6892675161361694,0.5340334177017212,1.8438743352890015,22.900294165790545,627.15625,217.7777777777778,619.977153595537,204.06791584359277,634.335346404463,231.48763971196283,0.9995813965797424,0.7684403657913208,
2026-07-15T21:50:24.851,26.77649384806864,20260715_214958_front_fusion_ego_1643,speedsweep_normal,fusion_ego_1643,6340498,0,vehicle,0.4481535851955414,105.50070075391832,125.145599491646,0.6094377118780081,-40.89684181998567,5.467203140258789,2.112003803253174,1.8981486558914185,19.92444756204295,412.54427083333337,226.66666666666669,383.68520906319225,215.0148422519366,441.4033326034745,238.31849108139676,0.10799991339445114,0.9999902248382568,
2026-07-15T21:50:24.851,26.77649384806864,20260715_214958_front_fusion_ego_1643,speedsweep_normal,fusion_ego_1643,6340498,1,vehicle,0.2098028063774109,101.59860825954755,112.89762049197866,1.0050651727615616,-44.105226433182985,6.02556848526001,2.301589250564575,2.7451131343841553,23.636685049460755,191.26041666666669,216.66666666666669,157.8939057911436,199.75457708040875,224.62692754218978,233.57875625292462,0.927935779094696,0.9618201851844788,
2026-07-15T21:50:24.851,26.77649384806864,20260715_214958_front_fusion_ego_1643,speedsweep_normal,fusion_ego_1643,6340498,2,vehicle,0.1971157044172287,102.71160723703653,117.45374050287897,1.058971395601031,-97.6374685794368,6.819998264312744,2.476296901702881,3.0496842861175537,21.17998119127642,342.48958333333337,216.66666666666669,318.2839809258779,198.95059923330945,366.6951857407888,234.38273410002392,0.03400478884577751,0.9984812140464783,
2026-07-15T21:50:24.851,26.77649384806864,20260715_214958_front_fusion_ego_1643,speedsweep_normal,fusion_ego_1643,6340498,3,person,0.16223108768463135,103.1017445299903,134.263201412007,0.7539807602715809,-130.61948529392276,0.5245433449745178,0.40983378887176514,1.9116716384887695,16.920652461358998,564.8854166666667,226.66666666666669,558.4629394027095,209.83072857062024,571.307893930624,243.50260476271313,0.9999688863754272,0.9854819774627686,
2026-07-15T21:50:24.851,26.77649384806864,20260715_214958_front_fusion_ego_1643,speedsweep_normal,fusion_ego_1643,6340498,4,person,0.10322001576423645,100.2362085021991,136.1907814634895,0.8689783654336629,73.3409527297523,0.3499167859554291,0.3826431632041931,1.6859843730926514,14.670270877708973,626.0442708333334,234.44444444444446,613.8329465792825,210.82363155153064,638.2555950873842,258.0652573373583,1.0,0.998673677444458,
2026-07-15T21:50:24.975,26.901429889025167,20260715_214958_front_fusion_ego_1643,speedsweep_normal,fusion_ego_1643,6340499,0,vehicle,0.527266800403595,102.03099000554876,111.56193028711353,1.3695675857014535,108.97479011001803,7.469336986541748,2.694692373275757,3.3105196952819824,24.190537061305633,216.83593750000003,216.66666666666669,180.54136978834867,199.37721172968548,253.13050521165135,233.9561216036479,0.08018806576728821,0.9944037199020386,
2026-07-15T21:50:24.975,26.901429889025167,20260715_214958_front_fusion_ego_1643,speedsweep_normal,fusion_ego_1643,6340499,1,vehicle,0.2799358069896698,102.4487425394592,117.01506966484226,1.1863205696709143,-71.38200503600184,6.434314727783203,2.347490072250366,2.9577975273132324,20.489187102917132,351.3854166666667,217.7777777777778,327.97886529440683,200.25428401099313,374.79196803892654,235.30127154456247,0.48362135887145996,0.9999755620956421,
2026-07-15T21:50:24.975,26.901429889025167,20260715_214958_front_fusion_ego_1643,speedsweep_normal,fusion_ego_1643,6340499,2,person,0.2608509063720703,98.0757393659879,134.79837272149587,0.8994795138732394,82.5910955657393,0.6125368475914001,0.4407751262187958,1.7499672174453735,11.733661262766606,661.6276041666667,234.44444444444446,645.0954205902915,207.15721633699206,678.159787743042,261.73167255189685,0.9999998807907104,0.9997308850288391,
2026-07-15T21:50:24.975,26.901429889025167,20260715_214958_front_fusion_ego_1643,speedsweep_normal,fusion_ego_1643,6340499,3,vehicle,0.22745782136917114,104.82980049253024,125.7811815758758,0.4852049960336773,159.44943014234153,5.227472305297852,1.9423030614852905,1.7384337186813354,18.377802058199737,412.54427083333337,234.44444444444446,384.2493536298474,222.33964499500064,440.83918803681934,246.54924389388827,0.03579755127429962,0.9999949932098389,
2026-07-15T21:50:24.975,26.901429889025167,20260715_214958_front_fusion_ego_1643,speedsweep_normal,fusion_ego_1643,6340499,4,person,0.18117755651474,101.16746087314904,132.45724749481556,0.6697122833126992,72.99744898134902,0.542034924030304,0.5455132126808167,1.605919361114502,14.183118607378427,590.4609375,234.44444444444446,580.78652038984,215.7683089044359,600.13535461016,253.120579984453,0.9987045526504517,0.9669193029403687,
2026-07-15T21:50:25.118,27.043761310982518,20260715_214958_front_fusion_ego_1643,speedsweep_normal,fusion_ego_1643,6340500,0,vehicle,0.43404728174209595,101.02477256888014,110.91085224710396,1.7743863588666917,131.90398069737802,7.388387680053711,2.6639232635498047,3.4741930961608887,23.327551390245326,217.94791666666669,217.7777777777778,183.4634243870775,200.2016984091865,252.43240894625586,235.3538571463691,0.027157846838235855,0.9996708631515503,
2026-07-15T21:50:25.118,27.043761310982518,20260715_214958_front_fusion_ego_1643,speedsweep_normal,fusion_ego_1643,6340500,1,vehicle,0.380362868309021,103.58484905810441,123.55408937928159,0.9163862142020991,178.07161193459729,5.243927001953125,1.9255075454711914,1.7885010242462158,17.11584055114169,413.65625,234.44444444444446,386.4321277067065,222.10510906245975,440.88037229329353,246.78377982642917,0.5358267426490784,0.9999998807907104,
2026-07-15T21:50:25.118,27.043761310982518,20260715_214958_front_fusion_ego_1643,speedsweep_normal,fusion_ego_1643,6340500,2,person,0.3185129165649414,102.71356140544756,133.02461941295556,0.9595303940864666,97.53646843732798,0.4489661157131195,0.4537217319011688,1.6701182126998901,15.214411810337385,618.2604166666667,234.44444444444446,610.7505717954289,215.8258190419939,625.7702615379046,253.06306984689502,0.9980701804161072,0.897106409072876,
2026-07-15T21:50:25.118,27.043761310982518,20260715_214958_front_fusion_ego_1643,speedsweep_normal,fusion_ego_1643,6340500,3,person,0.2022581398487091,100.15946431126801,134.2106366914496,1.0902047701652444,117.82751485302826,0.5644240975379944,0.4749695658683777,1.908571720123291,13.035951340566507,644.9479166666667,235.55555555555557,632.97358349214,211.42682525846695,656.9222498411934,259.68428585264417,0.993887722492218,0.7743514180183411,
2026-07-15T21:50:25.118,27.043761310982518,20260715_214958_front_fusion_ego_1643,speedsweep_normal,fusion_ego_1643,6340500,4,vehicle,0.18945957720279694,101.9553114872937,116.27007611820532,1.6895565022579961,-43.220522795338574,6.817220211029053,2.571162223815918,3.225511074066162,19.810993066626416,359.16927083333337,217.7777777777778,333.04340686773264,198.71538983450998,385.2951347989341,236.84016572104562,0.027271227911114693,0.9988433122634888,
2026-07-15T21:50:25.247,27.173501081066206,20260715_214958_front_fusion_ego_1643,speedsweep_normal,fusion_ego_1643,6340501,0,vehicle,0.3060612082481384,109.95593407415546,124.82289035315875,1.2196516952210366,125.92372007991241,5.225576877593994,1.982417106628418,1.8293683528900146,21.962402013002436,421.4401041666667,235.55555555555557,394.9973936478297,222.88106206390594,447.88281468550366,248.2300490472052,0.39977550506591797,0.9999867677688599,
2026-07-15T21:50:25.247,27.173501081066206,20260715_214958_front_fusion_ego_1643,speedsweep_normal,fusion_ego_1643,6340501,1,vehicle,0.28239545226097107,102.41326112297348,110.87485504839722,1.943353433591603,123.52197810902332,8.131034851074219,2.8561413288116455,3.6749773025512695,23.308322188575612,217.94791666666669,217.7777777777778,183.62300966928404,199.74989639388193,252.27282366404933,235.80565916167367,0.019683990627527237,0.9998940229415894,
2026-07-15T21:50:25.247,27.173501081066206,20260715_214958_front_fusion_ego_1643,speedsweep_normal,fusion_ego_1643,6340501,2,person,0.19374878704547882,98.54622948103389,132.74564565529337,1.3000026868090566,100.13936269086078,0.7564620971679688,0.5344837307929993,1.8696045875549316,10.517164831859995,689.4270833333334,243.33333333333334,673.395437044402,214.4805391629537,705.4587296222647,272.186127503713,0.999956488609314,0.9651885628700256,
2026-07-15T21:50:25.247,27.173501081066206,20260715_214958_front_fusion_ego_1643,speedsweep_normal,fusion_ego_1643,6340501,3,vehicle,0.14179480075836182,103.0765872111588,116.88028522203773,1.8965289671629921,-34.01151348282574,6.776504039764404,2.5266993045806885,3.335505247116089,19.325200807912214,359.16927083333337,217.7777777777778,337.6495731597146,196.96199940310586,380.68896850695216,238.59355615244974,0.004808248486369848,0.9998328685760498,
2026-07-15T21:50:25.383,27.30856452207081,20260715_214958_front_fusion_ego_1643,speedsweep_normal,fusion_ego_1643,6340502,0,vehicle,0.5222178101539612,109.43701257570561,124.44118960195904,1.028669045394249,145.5063872845816,5.465963840484619,2.076857089996338,1.933898687362671,20.713459056812848,422.55208333333337,234.44444444444446,391.0640765776237,221.8010323908594,454.040090089043,247.0878564980295,0.5097978711128235,0.999997615814209,
2026-07-15T21:50:25.383,27.30856452207081,20260715_214958_front_fusion_ego_1643,speedsweep_normal,fusion_ego_1643,6340502,1,vehicle,0.43129095435142517,101.60425334336927,106.47037014633223,1.7390344440200813,122.97047197112677,7.7975544929504395,2.7812695503234863,3.5764334201812744,25.69860856200936,226.84375000000003,217.7777777777778,191.927045725286,200.89460955725778,261.760454274714,234.66094599829782,0.030349519103765488,0.9983127117156982,
2026-07-15T21:50:25.383,27.30856452207081,20260715_214958_front_fusion_ego_1643,speedsweep_normal,fusion_ego_1643,6340502,2,vehicle,0.25203537940979004,102.81200774968181,114.75176467814508,2.0579341777405213,-64.72221063532743,7.785350799560547,2.8290302753448486,3.69403076171875,19.684382387769112,351.3854166666667,216.66666666666669,323.4421966398756,192.21218923727673,379.3286366934578,241.12114409605664,0.02267441712319851,0.9999809265136719,
2026-07-15T21:50:25.383,27.30856452207081,20260715_214958_front_fusion_ego_1643,speedsweep_normal,fusion_ego_1643,6340502,3,person,0.1801123470067978,98.05778435935123,132.82346152282054,1.0740024662928405,125.29464789738012,0.801330029964447,0.5356354117393494,1.724525809288025,9.62614474232016,751.6979166666667,243.33333333333334,733.2448098013799,213.43976159890494,770.1510235319536,273.2269050677618,0.9987590312957764,0.7397871613502502,
2026-07-15T21:50:25.383,27.30856452207081,20260715_214958_front_fusion_ego_1643,speedsweep_normal,fusion_ego_1643,6340502,4,person,0.13624317944049835,102.08376347610128,133.04582163574662,1.0677116232687638,-178.89732600741704,0.634756863117218,0.5414049029350281,1.7593904733657837,13.477923818806914,688.3151041666667,235.55555555555557,673.5138905632,213.40930673811172,703.1163177701335,257.7018043729994,0.9919905066490173,0.9530216455459595,
2026-07-15T21:50:25.383,27.30856452207081,20260715_214958_front_fusion_ego_1643,speedsweep_normal,fusion_ego_1643,6340502,5,vehicle,0.11883454024791718,91.00099929261948,131.45828526648478,0.8683165233175834,13.469937152925667,3.544034481048584,1.5711559057235718,1.364223599433899,3.099866303482301,840.65625,341.11111111111114,818.3004730008543,267.7687878078885,863.0120269991459,414.4534344143338,0.3618128001689911,0.07347191125154495,
2026-07-15T21:50:25.516,27.441913990071043,20260715_214958_front_fusion_ego_1643,speedsweep_normal,fusion_ego_1643,6340503,0,vehicle,0.5052776336669922,105.19300267850704,112.93137022856044,1.6434498012413556,111.48866154506565,7.6111297607421875,2.783975601196289,3.3978381156921387,21.772728849727383,235.73958333333334,216.66666666666669,203.91307583947977,197.17407564322156,267.56609082718694,236.15925769011182,0.2828306555747986,0.9991239905357361,
2026-07-15T21:50:25.516,27.441913990071043,20260715_214958_front_fusion_ego_1643,speedsweep_normal,fusion_ego_1643,6340503,1,vehicle,0.455477237701416,107.3888743656999,121.31739520763288,0.6837657373639092,-171.9056832279894,5.305028915405273,1.995489478111267,1.7243642807006836,18.898381089512604,422.55208333333337,234.44444444444446,391.09729673465097,221.99586894777087,454.0068699320158,246.89301994111804,0.04309296980500221,0.9999973773956299,
2026-07-15T21:50:25.516,27.441913990071043,20260715_214958_front_fusion_ego_1643,speedsweep_normal,fusion_ego_1643,6340503,2,vehicle,0.3503398597240448,103.33321953316884,115.77822282788935,1.5287101176583413,-60.3294585754745,7.004939556121826,2.5443077087402344,3.2820510864257812,18.45216048082285,351.3854166666667,216.66666666666669,326.64733414600295,194.91435209910077,376.1234991873304,238.4189812342326,0.03980381786823273,0.9999924898147583,
2026-07-15T21:50:25.516,27.441913990071043,20260715_214958_front_fusion_ego_1643,speedsweep_normal,fusion_ego_1643,6340503,3,vehicle,0.19877484440803528,113.64818320001598,137.0083375113327,1.7316536701976863,-171.79382178229775,6.220885276794434,2.469573974609375,3.1128177642822266,25.254384368569102,803.9609375,216.66666666666669,758.6429708823562,185.85103193918866,849.2789041176438,247.4823013941447,0.00823188852518797,0.3250695765018463,
2026-07-15T21:50:25.516,27.441913990071043,20260715_214958_front_fusion_ego_1643,speedsweep_normal,fusion_ego_1643,6340503,4,vehicle,0.10280855000019073,104.77851962337141,134.80894743716482,0.9908509679124544,-47.42039449361042,5.154483318328857,1.9409812688827515,2.397040367126465,16.20001083772406,821.7526041666667,235.55555555555557,795.2145773756008,204.4252333376143,848.2906309577327,266.6858777734968,0.3965025544166565,0.8907777070999146,
2026-07-15T21:50:25.516,27.441913990071043,20260715_214958_front_fusion_ego_1643,speedsweep_normal,fusion_ego_1643,6340503,5,person,0.07777933031320572,99.61255918451975,132.4914628096304,0.9546096416913084,-167.06650695092537,0.7289961576461792,0.5766044855117798,1.6538690328598022,10.545463629315941,741.6901041666667,234.44444444444446,723.9984903434913,207.61521961953906,759.3817179898422,261.27366926934985,0.9932368397712708,0.8541801571846008,
2026-07-15T21:50:25.652,27.577964375028387,20260715_214958_front_fusion_ego_1643,speedsweep_normal,fusion_ego_1643,6340504,0,vehicle,0.5937797427177429,106.54840528957632,111.16158413116901,1.5252080158908845,106.19601552975209,8.014735221862793,2.862787961959839,3.541680335998535,23.197940827900986,235.73958333333334,216.66666666666669,204.10711884250244,195.05970458189648,267.37204782416427,238.2736287514369,0.13332273066043854,0.9979092478752136,
2026-07-15T21:50:25.652,27.577964375028387,20260715_214958_front_fusion_ego_1643,speedsweep_normal,fusion_ego_1643,6340504,1,vehicle,0.35370489954948425,108.79716986257391,120.98729128010017,0.6000021648791232,161.74980591618052,5.340701103210449,2.0224480628967285,1.6892139911651611,19.58426945838843,422.55208333333337,234.44444444444446,393.1456747775277,222.36640986469058,451.95849188913905,246.52247902419833,0.012024395167827606,0.9999724626541138,
2026-07-15T21:50:25.652,27.577964375028387,20260715_214958_front_fusion_ego_1643,speedsweep_normal,fusion_ego_1643,6340504,2,vehicle,0.27097970247268677,103.73593407251448,114.88164218861456,1.243296286912539,-75.65364710798265,6.5152387619018555,2.370790719985962,3.0950701236724854,18.575667835255786,351.3854166666667,217.7777777777778,322.83817643175524,197.86494897471536,379.9326569015781,237.69060658084024,0.015072550624608994,0.9999963045120239,
2026-07-15T21:50:25.652,27.577964375028387,20260715_214958_front_fusion_ego_1643,speedsweep_normal,fusion_ego_1643,6340504,3,person,0.16352234780788422,101.52634759042084,132.04915702366245,0.7832896459012635,145.03195969600557,0.4051540195941925,0.4235820770263672,1.690050482749939,11.798180580465838,778.3854166666667,235.55555555555557,757.3621252352993,201.69052812788223,799.4087080980341,269.4205829832289,0.9990990161895752,0.09436256438493729,
2026-07-15T21:50:25.790,27.715480774990283,20260715_214958_front_fusion_ego_1643,speedsweep_normal,fusion_ego_1643,6340505,0,vehicle,0.916830837726593,104.85719686552665,113.51225248200281,1.8086544128654554,34.9830556235113,8.50743579864502,3.0662083625793457,3.7515432834625244,19.572996741224163,244.63541666666669,216.66666666666669,210.30357104043168,191.18259469668072,278.9672622929017,242.15073863665265,0.2617916166782379,0.9999971389770508,
2026-07-15T21:50:25.790,27.715480774990283,20260715_214958_front_fusion_ego_1643,speedsweep_normal,fusion_ego_1643,6340505,1,vehicle,0.4481072425842285,103.85838616047447,116.5855620137696,0.770277546522681,-128.3852386601469,5.343107223510742,1.9600121974945068,1.8872188329696655,16.767935994071063,422.55208333333337,234.44444444444446,392.0953935210904,220.94437685277728,453.00877314557636,247.94451203611163,0.06643127650022507,0.9999998807907104,
2026-07-15T21:50:25.790,27.715480774990283,20260715_214958_front_fusion_ego_1643,speedsweep_normal,fusion_ego_1643,6340505,2,vehicle,0.3854997158050537,103.68030039589716,113.48633571153563,1.7724327408656833,-42.31676572068061,6.937192440032959,2.6029534339904785,3.3818061351776123,18.779917135715902,359.16927083333337,216.66666666666669,331.39369775106513,193.15904478232068,386.9448439156016,240.1742885510127,0.12405369430780411,0.9999841451644897,
2026-07-15T21:50:25.790,27.715480774990283,20260715_214958_front_fusion_ego_1643,speedsweep_normal,fusion_ego_1643,6340505,3,person,0.2703288197517395,102.95218941047095,132.08639754521724,0.8128072361322984,-30.006686721628576,0.4720558226108551,0.44960570335388184,1.7002344131469727,12.817830610928732,840.65625,244.44444444444446,827.3221086170524,216.78470220830707,853.9903913829476,272.10418668058185,0.9993294477462769,0.992544949054718,
2026-07-15T21:50:25.790,27.715480774990283,20260715_214958_front_fusion_ego_1643,speedsweep_normal,fusion_ego_1643,6340505,4,person,0.08883875608444214,102.8437058895801,132.0683088363554,0.7929644228264934,-176.12825485007323,0.826061487197876,0.46467241644859314,1.9124726057052612,12.71157073741339,850.6640625,244.44444444444446,846.5955989835784,206.28880527284412,854.7325260164217,282.6000836160448,0.999915599822998,0.9839615821838379,
2026-07-15T21:50:25.924,27.850364848040044,20260715_214958_front_fusion_ego_1643,speedsweep_normal,fusion_ego_1643,6340506,0,vehicle,0.4254169464111328,103.62785808127666,112.13798260303528,1.732757419351292,-16.800335746926095,7.910081386566162,2.8341758251190186,3.5828826427459717,18.956280192143755,244.63541666666669,216.66666666666669,215.01252988974255,192.63620893160504,274.2583034435908,240.69712440172833,0.032092269510030746,0.9999772310256958,
2026-07-15T21:50:25.924,27.850364848040044,20260715_214958_front_fusion_ego_1643,speedsweep_normal,fusion_ego_1643,6340506,1,vehicle,0.23368267714977264,111.75321779046695,117.78998034472889,1.2145038175795098,-128.80031608680773,5.645235061645508,2.1314449310302734,2.214482307434082,22.058558916008792,430.33593750000006,235.55555555555557,403.89476995915174,221.1089426610205,456.7771050408483,250.00216845009064,0.8443854451179504,0.9999765157699585,
2026-07-15T21:50:25.924,27.850364848040044,20260715_214958_front_fusion_ego_1643,speedsweep_normal,fusion_ego_1643,6340506,2,vehicle,0.1837514489889145,102.30649504851768,115.2981665689958,2.041445601030148,-27.62954632717298,7.122714519500732,2.6424858570098877,3.6130030155181885,15.711465062838975,359.16927083333337,217.7777777777778,329.99793576945865,191.17421256171335,388.3406058972081,244.38134299384225,0.013072088360786438,0.9994483590126038,
2026-07-15T21:50:26.048,27.973508875002153,20260715_214958_front_fusion_ego_1643,speedsweep_normal,fusion_ego_1643,6340507,0,vehicle,0.4636536240577698,101.49719942032387,109.23189068252184,1.869228579872381,-63.73020221320387,7.987950325012207,2.8922486305236816,3.5877256393432617,19.31262905555327,244.63541666666669,217.7777777777778,210.28753679494065,194.09103439913858,278.9832965383927,241.46452115641702,0.07769159972667694,0.9999771118164062,
2026-07-15T21:50:26.048,27.973508875002153,20260715_214958_front_fusion_ego_1643,speedsweep_normal,fusion_ego_1643,6340507,1,vehicle,0.21874547004699707,115.10971639690798,117.159167764985,1.3811254809783708,-70.71282371672986,5.42913818359375,2.016321897506714,2.1799252033233643,24.568396226908835,430.33593750000006,235.55555555555557,404.82402447611094,222.43166956636642,455.8478505238891,248.67944154474472,0.8276658654212952,0.9991269707679749,
2026-07-15T21:50:26.048,27.973508875002153,20260715_214958_front_fusion_ego_1643,speedsweep_normal,fusion_ego_1643,6340507,2,vehicle,0.18575657904148102,117.11404760211988,119.15724095979955,1.2619073310838171,69.08931592761584,4.787944316864014,1.7672340869903564,1.4933115243911743,25.82961380794866,483.71093750000006,243.33333333333334,460.6180083341897,234.77772851785025,506.8038666658104,251.88893814881644,0.07142381370067596,0.9999600648880005,
2026-07-15T21:50:26.048,27.973508875002153,20260715_214958_front_fusion_ego_1643,speedsweep_normal,fusion_ego_1643,6340507,3,vehicle,0.17220556735992432,104.55773339916617,111.29246822065161,2.1175285555806322,-84.31638325790178,7.434175968170166,2.5898001194000244,3.6040687561035156,19.324955391418918,359.16927083333337,225.55555555555557,337.45148500924313,201.51866230699753,380.8870566574236,249.59244880411362,0.002275406150147319,0.9993137121200562,
2026-07-15T21:50:26.048,27.973508875002153,20260715_214958_front_fusion_ego_1643,speedsweep_normal,fusion_ego_1643,6340507,4,person,0.1557193547487259,114.42635242260059,132.06604312978467,1.58122328356764,-177.10426621849308,0.5593535900115967,0.3715461194515228,2.061717987060547,22.930027085255475,732.7942708333334,226.66666666666669,724.2300987628599,210.49902240435284,741.3584429038068,242.83431092898053,0.9998427629470825,0.7225986123085022,
2026-07-15T21:50:26.187,28.112896464997903,20260715_214958_front_fusion_ego_1643,speedsweep_normal,fusion_ego_1643,6340508,0,vehicle,0.5367230772972107,101.55915397437269,111.29254171889578,1.8631657696386474,-59.81474220701816,7.2365522384643555,2.6968603134155273,3.4379358291625977,16.670877233153476,252.41927083333334,217.7777777777778,223.91499219586453,191.4924584494697,280.9235494708022,244.0630971060859,0.07945486903190613,0.999996542930603,
2026-07-15T21:50:26.187,28.112896464997903,20260715_214958_front_fusion_ego_1643,speedsweep_normal,fusion_ego_1643,6340508,1,vehicle,0.42051392793655396,115.2198422333376,113.11692489580572,1.4265804032270293,-82.08959711104639,5.899013519287109,2.2166059017181396,2.5701842308044434,25.54987193464621,431.4479166666667,235.55555555555557,407.49926781530183,221.17642614576553,455.39656551803154,249.9346849653456,0.05510147660970688,0.9999021291732788,
2026-07-15T21:50:26.187,28.112896464997903,20260715_214958_front_fusion_ego_1643,speedsweep_normal,fusion_ego_1643,6340508,2,vehicle,0.15218082070350647,117.9633764999451,118.57318947808815,1.3583717669701332,155.04194444929257,5.382327556610107,2.033665180206299,2.1534063816070557,26.023942600259083,493.71875000000006,235.55555555555557,471.38485624641186,223.31341806385254,516.0526437535882,247.7976930472586,0.1902017742395401,0.9996767044067383,
2026-07-15T21:50:26.187,28.112896464997903,20260715_214958_front_fusion_ego_1643,speedsweep_normal,fusion_ego_1643,6340508,3,person,0.15088775753974915,114.23261567845617,132.19910632246732,1.1918589950212217,-111.07066253224664,0.6490423679351807,0.4856310188770294,1.9134913682937622,22.367949707995614,831.7604166666667,226.66666666666669,818.1014203565817,207.63231853644055,845.4194129767518,245.70101479689282,0.9809939861297607,0.7787924408912659,
2026-07-15T21:50:26.187,28.112896464997903,20260715_214958_front_fusion_ego_1643,speedsweep_normal,fusion_ego_1643,6340508,4,person,0.1459035873413086,113.38311677785069,131.2376108007677,1.1304846961500346,178.980220583495,0.4058651328086853,0.4145221412181854,1.7767491340637207,21.28187701487713,768.3776041666667,226.66666666666669,755.9721748723339,210.4193303982417,780.7830334609996,242.91400293509167,0.9986011385917664,0.8297313451766968,
2026-07-15T21:50:26.187,28.112896464997903,20260715_214958_front_fusion_ego_1643,speedsweep_normal,fusion_ego_1643,6340508,5,vehicle,0.14340001344680786,104.89765853397107,111.16374044990538,2.057799308717401,-35.35330218804279,7.6149187088012695,2.770962715148926,3.737752676010132,18.730178889322346,359.16927083333337,217.7777777777778,330.1506269623836,192.9037098752128,388.1879147042831,242.6518456803428,0.00028365827165544033,0.9997000694274902,
2026-07-15T21:50:26.335,28.26127415301744,20260715_214958_front_fusion_ego_1643,speedsweep_normal,fusion_ego_1643,6340509,0,vehicle,0.8629060387611389,104.47670941049236,110.98037651007664,1.8987255199073831,34.41958004490695,8.471088409423828,3.096984624862671,3.945192337036133,17.74899512806726,244.63541666666669,216.66666666666669,210.94522718588513,183.1899444262187,278.32560614744824,250.14338890711468,0.31877830624580383,0.9999979734420776,
2026-07-15T21:50:26.335,28.26127415301744,20260715_214958_front_fusion_ego_1643,speedsweep_normal,fusion_ego_1643,6340509,1,vehicle,0.5700082778930664,104.9110882321461,110.07100585278593,1.8619130051359722,-97.30493615247647,8.179463386535645,2.9037275314331055,3.7398762702941895,18.731995969810225,360.28125,216.66666666666669,327.55181723833084,189.8088977734248,393.01068276166916,243.52443555990857,0.10103689879179001,0.9999963045120239,
2026-07-15T21:50:26.335,28.26127415301744,20260715_214958_front_fusion_ego_1643,speedsweep_normal,fusion_ego_1643,6340509,2,vehicle,0.29179856181144714,115.6746443713547,118.70596122020908,1.121544176147804,122.07072622495515,5.336079120635986,2.014169931411743,2.071582555770874,23.0640642151087,502.61458333333337,235.55555555555557,478.7713835065564,222.23283651802276,526.4577831601104,248.87827459308838,0.09553469717502594,0.9999603033065796,
2026-07-15T21:50:26.335,28.26127415301744,20260715_214958_front_fusion_ego_1643,speedsweep_normal,fusion_ego_1643,6340509,3,vehicle,0.2660996615886688,109.68310546303627,112.96122674863105,1.028346974288048,-112.71770620466111,5.6476569175720215,2.0889830589294434,2.3371975421905518,20.144105980038887,431.4479166666667,235.55555555555557,407.95235137144726,219.95302591058945,454.9434819618861,251.1580852005217,0.1972612887620926,0.9999948740005493,
2026-07-15T21:50:26.335,28.26127415301744,20260715_214958_front_fusion_ego_1643,speedsweep_normal,fusion_ego_1643,6340509,4,person,0.19575606286525726,94.77515661590724,98.85937247605489,0.9981988572733425,-115.8596667787825,1.103419542312622,0.6370687484741211,1.800490140914917,26.070057467392083,146.78125,234.44444444444446,140.97464166302234,222.86823418405322,152.58785833697766,246.0206547048357,0.978188693523407,0.9772446155548096,
2026-07-15T21:50:26.464,28.390161538962275,20260715_214958_front_fusion_ego_1643,speedsweep_normal,fusion_ego_1643,6340510,0,vehicle,0.4894009232521057,103.48740770339624,112.92665493051445,2.0613556061380933,-59.324670139612294,8.935064315795898,3.1247565746307373,4.201505661010742,14.845289847979531,243.52343750000003,216.66666666666669,209.52015710622072,180.27709046999615,277.5267178937793,253.05624286333722,0.29152265191078186,0.9999988079071045,
2026-07-15T21:50:26.464,28.390161538962275,20260715_214958_front_fusion_ego_1643,speedsweep_normal,fusion_ego_1643,6340510,1,person,0.4214891195297241,94.43161147385334,99.58876384388354,0.7880910025374193,-110.71415496805706,0.6502543091773987,0.467865914106369,1.7890267372131348,24.741736018301477,146.78125,234.44444444444446,141.06384766288102,220.3646880057123,152.49865233711898,248.5242008831766,0.9966313242912292,0.979620635509491,
2026-07-15T21:50:26.464,28.390161538962275,20260715_214958_front_fusion_ego_1643,speedsweep_normal,fusion_ego_1643,6340510,2,vehicle,0.3270914852619171,114.58439102833779,113.36967535448463,0.9142540064732065,-145.01555028527997,5.51261043548584,2.1185100078582764,2.265063524246216,23.33880046606818,431.4479166666667,234.44444444444446,410.3324760446946,220.2397194173601,452.56335728863877,248.6491694715288,0.7148885130882263,0.9999814033508301,
2026-07-15T21:50:26.464,28.390161538962275,20260715_214958_front_fusion_ego_1643,speedsweep_normal,fusion_ego_1643,6340510,3,vehicle,0.29184168577194214,104.39208405741904,109.42761346083542,1.6933516914543545,-60.229359369966474,7.398738861083984,2.7005956172943115,3.518977165222168,18.168183439867313,360.28125,217.7777777777778,335.42076160386205,193.36272524462808,385.14173839613795,242.19283031092752,0.09781413525342941,0.9999955892562866,
2026-07-15T21:50:26.606,28.531830104999244,20260715_214958_front_fusion_ego_1643,speedsweep_normal,fusion_ego_1643,6340511,0,vehicle,0.9393628835678101,98.0232601100019,107.87768063576648,2.084151766516726,-35.45020546087516,8.966044425964355,3.2403621673583984,4.337249279022217,16.26214534838499,234.62760416666669,216.66666666666669,193.33077498773736,165.74709216753644,275.924433345596,267.58624116579693,0.7751075625419617,0.9999984502792358,
2026-07-15T21:50:26.606,28.531830104999244,20260715_214958_front_fusion_ego_1643,speedsweep_normal,fusion_ego_1643,6340511,1,vehicle,0.31459710001945496,116.33110624292583,110.30095861149407,1.265085837452233,-145.3224946125188,6.20997953414917,2.3013153076171875,2.562382459640503,25.67166754840463,431.4479166666667,234.44444444444446,407.3064241992931,220.4383146431711,455.5894091340403,248.4505742457178,0.7301718592643738,0.9998767375946045,
2026-07-15T21:50:26.606,28.531830104999244,20260715_214958_front_fusion_ego_1643,speedsweep_normal,fusion_ego_1643,6340511,2,vehicle,0.2640928030014038,112.8962584814937,118.09615706990648,0.7453634280058665,120.3505919639626,5.02931547164917,1.8015090227127075,1.558634877204895,19.298728246305277,528.1901041666667,243.33333333333334,496.8204581389825,231.30259682734808,559.559750194351,255.3640698393186,0.4007814824581146,0.999984860420227,
2026-07-15T21:50:26.606,28.531830104999244,20260715_214958_front_fusion_ego_1643,speedsweep_normal,fusion_ego_1643,6340511,3,vehicle,0.10047070682048798,104.99959396210909,109.95169264565169,1.965228709964058,-13.453661789423533,7.302753925323486,2.6126444339752197,3.884263753890991,17.35825102650456,368.0651041666667,217.7777777777778,347.2143876651923,188.34209488497842,388.91582066814107,247.21346067057718,0.04668950289487839,0.999954104423523,
2026-07-15T21:50:26.738,28.663615963072516,20260715_214958_front_fusion_ego_1643,speedsweep_normal,fusion_ego_1643,6340512,0,vehicle,0.9520214796066284,97.3151888963878,107.20094077837764,2.2064130804037836,-1.8286447343943564,9.11546516418457,3.2596070766448975,4.215131759643555,16.095582166087027,225.73177083333334,216.66666666666669,180.47554878642163,159.13443128267926,270.9879928802451,274.1989020506541,0.9337638020515442,0.9999998807907104,
2026-07-15T21:50:26.738,28.663615963072516,20260715_214958_front_fusion_ego_1643,speedsweep_normal,fusion_ego_1643,6340512,1,vehicle,0.2883581221103668,117.22693374254075,108.99139424311356,1.4637657445232106,-108.84478089127306,6.094968318939209,2.2979090213775635,2.5552785396575928,26.3679958962192,439.23177083333337,235.55555555555557,409.0345240210494,221.7581132385466,469.42901764561736,249.35299787256454,0.10137787461280823,0.9974944591522217,
2026-07-15T21:50:26.738,28.663615963072516,20260715_214958_front_fusion_ego_1643,speedsweep_normal,fusion_ego_1643,6340512,2,vehicle,0.2697944939136505,111.23751212118628,117.54621574877805,1.075791684994254,95.1189246723841,4.872678279876709,1.802409052848816,1.7454824447631836,17.211237328897468,538.1979166666667,244.44444444444446,503.96016406516236,231.88540395763187,572.4356692681711,257.00348493125705,0.09175685793161392,0.9999957084655762,
2026-07-15T21:50:26.738,28.663615963072516,20260715_214958_front_fusion_ego_1643,speedsweep_normal,fusion_ego_1643,6340512,3,vehicle,0.18749314546585083,105.04692384037213,106.72420222589561,1.80450567686813,-40.34696276309888,7.186094760894775,2.499955177307129,3.590080738067627,19.244274273586633,368.0651041666667,225.55555555555557,349.9216745744149,200.23532542917465,386.20853375891846,250.8757856819365,0.0012249068822711706,0.9999735355377197,
2026-07-15T21:50:26.738,28.663615963072516,20260715_214958_front_fusion_ego_1643,speedsweep_normal,fusion_ego_1643,6340512,4,vehicle,0.1449425220489502,116.36752458161152,108.47091323195794,1.516188462022479,-154.6066141627259,5.670109748840332,2.1501100063323975,2.546334743499756,25.936320008454643,458.1354166666667,235.55555555555557,431.05269796649617,222.11851451132034,485.2181353668372,248.9925965997908,0.0020595744717866182,0.999864935874939,
2026-07-15T21:50:26.869,28.795388180064037,20260715_214958_front_fusion_ego_1643,speedsweep_normal,fusion_ego_1643,6340513,0,vehicle,0.9576604962348938,98.80052920301597,109.146835812155,2.018354080659737,-17.840952441956176,8.304094314575195,3.009212017059326,3.5679783821105957,13.691124391244408,209.05208333333334,216.66666666666669,149.76300459106764,167.5597683588664,268.3411620755991,265.773564974467,0.12281925231218338,0.9999995231628418,
2026-07-15T21:50:26.869,28.795388180064037,20260715_214958_front_fusion_ego_1643,speedsweep_normal,fusion_ego_1643,6340513,1,vehicle,0.1952514797449112,109.5532865916781,117.6899379150294,1.2206157538031932,88.77201462598833,4.142975807189941,1.716018557548523,1.6712478399276733,14.824062979379555,563.7734375,244.44444444444446,532.976942576468,229.52887591388492,594.569932423532,259.360012975004,0.17592518031597137,0.9998395442962646,
2026-07-15T21:50:26.869,28.795388180064037,20260715_214958_front_fusion_ego_1643,speedsweep_normal,fusion_ego_1643,6340513,2,vehicle,0.14871394634246826,114.55503373127507,108.75383275699923,1.1724923588709033,165.2565268683306,5.154086112976074,1.9407258033752441,1.931709885597229,23.44839869238443,439.23177083333337,243.33333333333334,412.9680489425858,232.0144229133924,465.4954927240809,254.6522437532743,0.023489493876695633,0.9998430013656616,
2026-07-15T21:50:26.869,28.795388180064037,20260715_214958_front_fusion_ego_1643,speedsweep_normal,fusion_ego_1643,6340513,3,vehicle,0.1280219703912735,106.74440993981602,106.65530096683811,1.6752425893002434,-51.541495208599315,6.980696678161621,2.421801805496216,3.5663132667541504,19.365136128674575,368.0651041666667,225.55555555555557,350.6979881587128,200.72464797231888,385.43222017462057,250.38646313879227,0.005667733959853649,0.999958872795105,
2026-07-15T21:50:26.995,28.921021347981878,20260715_214958_front_fusion_ego_1643,speedsweep_normal,fusion_ego_1643,6340514,0,vehicle,0.7238373756408691,96.82053446444927,107.53080762435117,2.276300220597845,-21.56187425777248,8.005456924438477,2.938913106918335,3.7864203453063965,14.218438313087129,190.1484375,216.66666666666669,132.84273765981197,171.00873867670697,247.45413734018805,262.3245946566264,0.13200972974300385,0.9999881982803345,
2026-07-15T21:50:26.995,28.921021347981878,20260715_214958_front_fusion_ego_1643,speedsweep_normal,fusion_ego_1643,6340514,1,vehicle,0.21208494901657104,118.87105888552628,109.79661450592336,1.3316091730911666,119.04702003218962,5.919553756713867,2.253654718399048,2.4600563049316406,25.74315153065777,440.34375000000006,235.55555555555557,416.993720933795,221.05605575773453,463.6937790662051,250.05505535337662,0.4768525958061218,0.9991864562034607,
2026-07-15T21:50:26.995,28.921021347981878,20260715_214958_front_fusion_ego_1643,speedsweep_normal,fusion_ego_1643,6340514,2,vehicle,0.11757664382457733,110.63927437705054,117.89975842157763,0.9358726343692965,11.915097617131913,4.577893257141113,1.8135318756103516,1.871903657913208,15.089703304614426,554.8776041666667,244.44444444444446,516.6086386392515,226.83453347947864,593.146569694082,262.0543554094103,0.9807345271110535,0.9999605417251587,
2026-07-15T21:50:26.995,28.921021347981878,20260715_214958_front_fusion_ego_1643,speedsweep_normal,fusion_ego_1643,6340514,3,vehicle,0.09784231334924698,112.07064783514241,118.96414032727199,0.714475387766516,117.74520865335657,3.8697457313537598,1.6464762687683105,1.4615414142608643,16.274275727092988,590.4609375,244.44444444444446,553.3891860917211,229.44893625047473,627.5326889082789,259.4399526384142,0.8466204404830933,0.9916873574256897,
2026-07-15T21:50:27.136,29.061871189973317,20260715_214958_front_fusion_ego_1643,speedsweep_normal,fusion_ego_1643,6340515,0,vehicle,0.6753144860267639,96.49135148643842,107.82520073406994,1.9187264793394485,17.09919959146135,8.755877494812012,3.022160053253174,3.9167191982269287,13.203258467959792,146.78125,207.7777777777778,51.014962673187256,117.99282656775581,242.54753732681277,297.56272898779974,0.2672908902168274,0.9999363422393799,
2026-07-15T21:50:27.136,29.061871189973317,20260715_214958_front_fusion_ego_1643,speedsweep_normal,fusion_ego_1643,6340515,1,vehicle,0.30454787611961365,116.5523901909864,106.65743988254336,1.0608314361175188,130.55709050704905,5.61683464050293,2.1559081077575684,2.319471597671509,24.63789911664094,439.23177083333337,234.44444444444446,417.87306302910054,220.32426800992755,460.5904786375662,248.56462087896136,0.7046096920967102,0.9999867677688599,
2026-07-15T21:50:27.136,29.061871189973317,20260715_214958_front_fusion_ego_1643,speedsweep_normal,fusion_ego_1643,6340515,2,vehicle,0.16364838182926178,107.5754528414756,120.46958744080443,1.0226724036973502,-144.4407539882753,4.179844856262207,1.7037229537963867,1.6957248449325562,11.059709835545814,617.1484375,252.22222222222223,570.5922676324844,228.38430417908563,663.7046073675156,276.0601402653588,0.795670747756958,0.997962474822998,
2026-07-15T21:50:27.272,29.197261548019014,20260715_214958_front_fusion_ego_1643,speedsweep_normal,fusion_ego_1643,6340516,0,vehicle,0.5272731184959412,95.86603432515057,110.10488442133392,1.5544442827633045,34.73820208063414,7.771008014678955,2.524670124053955,3.616184949874878,10.356526212054634,145.66927083333334,198.88888888888889,13.1053699751695,74.78064590030246,278.2331716914972,322.99713187747534,0.9403853416442871,0.9541558623313904,
2026-07-15T21:50:27.272,29.197261548019014,20260715_214958_front_fusion_ego_1643,speedsweep_normal,fusion_ego_1643,6340516,1,vehicle,0.24449078738689423,114.02059231553334,105.855400399447,0.6960262723968236,138.47974049604858,5.3180742263793945,2.0301029682159424,1.9744899272918701,22.414261821225836,431.4479166666667,234.44444444444446,410.21183584506315,221.5045275953081,452.6839974882702,247.3843612935808,0.04036086052656174,0.9999281167984009,
2026-07-15T21:50:27.272,29.197261548019014,20260715_214958_front_fusion_ego_1643,speedsweep_normal,fusion_ego_1643,6340516,2,vehicle,0.22130106389522552,111.52266786301229,109.50589092777486,0.7715553870393081,116.17508763283848,5.534456253051758,2.093886375427246,2.2608022689819336,18.18107034652064,502.61458333333337,234.44444444444446,471.8096767937144,219.02182665136127,533.4194898729523,249.86706223752765,0.0080637838691473,0.9995080232620239,
2026-07-15T21:50:27.406,29.332308592973277,20260715_214958_front_fusion_ego_1643,speedsweep_normal,fusion_ego_1643,6340517,0,vehicle,0.20677807927131653,112.8667918521349,104.15365571042634,0.8010215344306786,132.40047268609803,5.475637435913086,2.0744950771331787,2.1220455169677734,22.004237058797592,439.23177083333337,234.44444444444446,418.54611161847913,221.5352871682909,459.9174300481876,247.35360172059802,0.04337962716817856,0.9999920129776001,
2026-07-15T21:50:27.406,29.332308592973277,20260715_214958_front_fusion_ego_1643,speedsweep_normal,fusion_ego_1643,6340517,1,vehicle,0.19985206425189972,112.54732924369743,109.03562422776217,0.8230528112403885,112.99611397434549,5.286766052246094,1.9934054613113403,2.240823745727539,18.590491921782988,520.40625,235.55555555555557,487.33916275203234,220.15805039140915,553.4733372479677,250.953060719702,0.0218830369412899,0.9996160268783569,
2026-07-15T21:50:27.406,29.332308592973277,20260715_214958_front_fusion_ego_1643,speedsweep_normal,fusion_ego_1643,6340517,2,vehicle,0.09666205197572708,105.18033873116603,105.38636224554395,1.5011084356237427,1.2789269668205474,6.576599597930908,2.4069221019744873,3.267848014831543,16.36726645227513,369.17708333333337,217.7777777777778,343.0450347301861,195.35673843489755,395.30913193648064,240.19881712065805,0.004721818957477808,0.9999940395355225,
2026-07-15T21:50:27.406,29.332308592973277,20260715_214958_front_fusion_ego_1643,speedsweep_normal,fusion_ego_1643,6340517,3,vehicle,0.08229197561740875,115.51174768646108,120.3348525122348,0.6895630187140478,42.758012393804975,3.786113739013672,1.6107523441314697,1.759802222251892,18.145264896449753,688.3151041666667,261.11111111111114,632.2533118228118,240.78028327888913,744.3768965105216,281.4419389433331,0.387786328792572,0.9648998975753784,
2026-07-15T21:50:27.533,29.45900850405451,20260715_214958_front_fusion_ego_1643,speedsweep_normal,fusion_ego_1643,6340518,0,vehicle,0.4614310562610626,114.44809410022967,104.37873921911344,0.9987818321997781,113.93593973010672,5.478401184082031,2.0623996257781982,2.0984511375427246,22.22487048280299,439.23177083333337,234.44444444444446,416.8501402040323,220.20033207204608,461.61340146263444,248.68855681684283,0.09761909395456314,0.9999988079071045,
2026-07-15T21:50:27.533,29.45900850405451,20260715_214958_front_fusion_ego_1643,speedsweep_normal,fusion_ego_1643,6340518,1,vehicle,0.2085602581501007,104.79537749868692,104.46256554739216,1.7128374613965975,-98.070271500612,6.876120567321777,2.4858407974243164,3.4133172035217285,16.23054256768357,368.0651041666667,216.66666666666669,341.246842349569,190.59757272402447,394.88336598376435,242.7357606093089,0.0024918518029153347,0.9999945163726807,
2026-07-15T21:50:27.533,29.45900850405451,20260715_214958_front_fusion_ego_1643,speedsweep_normal,fusion_ego_1643,6340518,2,vehicle,0.18156187236309052,113.56961283321665,109.90883963464869,1.0395426054450385,101.47424923921857,4.9847869873046875,1.940407395362854,2.3106603622436523,18.249373135809332,538.1979166666667,235.55555555555557,501.04166096697253,219.24215647909378,575.3541723663609,251.86895463201736,0.029903266578912735,0.9999788999557495,
2026-07-15T21:50:27.533,29.45900850405451,20260715_214958_front_fusion_ego_1643,speedsweep_normal,fusion_ego_1643,6340518,3,vehicle,0.1589110642671585,110.49616195547533,121.3778962316758,1.0429524779496426,74.82658618197884,5.604410171508789,2.0903193950653076,2.1232452392578125,12.884226487811985,715.0026041666667,262.22222222222223,631.0320558796327,220.31069291962518,798.9731524537008,304.1337515248193,0.7763749361038208,0.5492843985557556,
2026-07-15T21:50:27.533,29.45900850405451,20260715_214958_front_fusion_ego_1643,speedsweep_normal,fusion_ego_1643,6340518,4,vehicle,0.07581473141908646,116.35948825600269,121.4646627443165,0.7461557003692523,62.122953116309894,5.097566604614258,1.809973120689392,2.149738311767578,18.70269176290837,759.4817708333334,271.11111111111114,708.7854028915366,244.7867441839642,810.1781387751302,297.43547803825805,0.8588175773620605,0.738527238368988,
2026-07-15T21:50:27.667,29.593370268004946,20260715_214958_front_fusion_ego_1643,speedsweep_normal,fusion_ego_1643,6340519,0,vehicle,0.4546137750148773,113.77184675937944,103.5376272606369,1.1159806235998535,99.64356089713206,5.672544479370117,2.1230480670928955,2.24075984954834,21.45639037160066,439.23177083333337,235.55555555555557,412.1385630642375,218.70284828874802,466.32497860242927,252.40826282236313,0.03607818856835365,0.9999986886978149,
2026-07-15T21:50:27.667,29.593370268004946,20260715_214958_front_fusion_ego_1643,speedsweep_normal,fusion_ego_1643,6340519,1,vehicle,0.39649221301078796,106.56156853344004,103.38646606953426,1.8113069385139968,-84.64216564788454,7.655129432678223,2.75315523147583,3.730220317840576,17.133262155661644,368.0651041666667,216.66666666666669,339.31168071428937,184.30125157038373,396.818527619044,249.03208176294964,0.0006686016567982733,0.9999797344207764,
2026-07-15T21:50:27.667,29.593370268004946,20260715_214958_front_fusion_ego_1643,speedsweep_normal,fusion_ego_1643,6340519,2,vehicle,0.3160541355609894,110.56324460988792,110.8798506478069,1.0152044846585333,112.895169047614,4.605461120605469,1.8228484392166138,1.9598649740219116,14.396229593863884,555.9895833333334,244.44444444444446,514.0592360248169,227.62683120038776,597.9199306418499,261.26205768850116,0.04911111295223236,0.9999057054519653,
2026-07-15T21:50:27.667,29.593370268004946,20260715_214958_front_fusion_ego_1643,speedsweep_normal,fusion_ego_1643,6340519,3,vehicle,0.23728720843791962,97.40055392570284,113.25822746275615,1.920962550029956,-37.54304051110464,7.128087520599365,2.6032047271728516,3.497070074081421,5.22202997722207,173.46875,198.88888888888889,100.68661825358868,106.80367522769505,246.25088174641135,290.97410255008276,0.38102051615715027,0.9746672511100769,
2026-07-15T21:50:27.667,29.593370268004946,20260715_214958_front_fusion_ego_1643,speedsweep_normal,fusion_ego_1643,6340519,4,vehicle,0.07193969190120697,107.07067945172925,117.69930740949187,0.8501582259104661,-102.03597713728186,5.161708831787109,1.7852091789245605,1.9087095260620117,8.832629269980279,742.8020833333334,305.55555555555554,661.674502213796,249.43418714735245,823.9296644528707,361.6769239637587,0.9219754934310913,0.9977434873580933,
2026-07-15T21:50:27.667,29.593370268004946,20260715_214958_front_fusion_ego_1643,speedsweep_normal,fusion_ego_1643,6340519,5,vehicle,0.06633159518241882,97.02640466455576,112.24577554276102,1.4160696992389348,-32.044117328675426,5.976123332977295,1.9169620275497437,2.941495895385742,6.272139187859904,66.71875,190.0,5.915033161640167,95.7827877998352,127.52246683835985,284.2172122001648,0.9643877148628235,0.09305872768163681,
2026-07-15T21:50:27.799,29.72491459606681,20260715_214958_front_fusion_ego_1643,speedsweep_normal,fusion_ego_1643,6340520,0,vehicle,0.32103270292282104,106.5901229497254,101.91342982061735,1.8038596194874883,-71.44146823939437,7.5857954025268555,2.757319927215576,3.6733286380767822,17.51198848747119,368.0651041666667,216.66666666666669,340.54839506993693,186.2897590796153,395.58181326339644,247.04357425371808,0.007326141465455294,0.9999246597290039,
2026-07-15T21:50:27.799,29.72491459606681,20260715_214958_front_fusion_ego_1643,speedsweep_normal,fusion_ego_1643,6340520,1,vehicle,0.28300291299819946,113.30599161094156,104.92108899208304,1.183253101992381,114.79663430198686,5.504378318786621,2.012575149536133,2.3081419467926025,19.266952745369817,431.4479166666667,235.55555555555557,405.15803732226294,220.2761158678267,457.73779601107043,250.83499524328445,0.08408736437559128,0.9999828338623047,
2026-07-15T21:50:27.799,29.72491459606681,20260715_214958_front_fusion_ego_1643,speedsweep_normal,fusion_ego_1643,6340520,2,vehicle,0.2731560170650482,96.67241733703963,111.53156436171504,1.9453274698933325,-36.615460211377936,7.6374077796936035,2.752446174621582,3.498849630355835,6.436945054379953,137.88541666666669,198.88888888888889,65.69017648200195,118.60848479800755,210.0806568513314,279.16929297977026,0.5942022800445557,0.9898625612258911,
2026-07-15T21:50:27.799,29.72491459606681,20260715_214958_front_fusion_ego_1643,speedsweep_normal,fusion_ego_1643,6340520,3,vehicle,0.14642587304115295,109.77247201987402,111.23561558818884,1.1432921343186888,-98.68264223151863,4.682402610778809,1.8199410438537598,1.8724584579467773,12.689726604695776,573.78125,252.22222222222223,528.7729447484016,232.7184875143899,618.7895552515984,271.72595693005456,0.13418786227703094,0.999530553817749,
2026-07-15T21:50:27.929,29.855442170985043,20260715_214958_front_fusion_ego_1643,speedsweep_normal,fusion_ego_1643,6340521,0,vehicle,0.3235692083835602,116.88596865393527,104.25982559440567,1.2796822381506658,142.45154359160304,5.557253837585449,2.087681770324707,2.415314197540283,21.592382088803667,439.23177083333337,235.55555555555557,409.10844380160177,219.9708304140303,469.355097865065,251.14028069708084,0.20853634178638458,0.9999818801879883,
2026-07-15T21:50:27.929,29.855442170985043,20260715_214958_front_fusion_ego_1643,speedsweep_normal,fusion_ego_1643,6340521,1,vehicle,0.2819674611091614,95.19117639271133,111.29552683147283,1.7870103262808363,13.355782030908136,6.6640729904174805,2.4187304973602295,3.4297399520874023,6.8375989664069134,83.3984375,200.0,19.10936562716961,105.95332622528076,147.6875093728304,294.04667377471924,0.44086748361587524,0.9083096981048584,
2026-07-15T21:50:27.929,29.855442170985043,20260715_214958_front_fusion_ego_1643,speedsweep_normal,fusion_ego_1643,6340521,2,vehicle,0.2296217530965805,106.55305413763872,101.61268728240331,1.6763325419877813,-33.29160375623706,7.18967342376709,2.6539933681488037,3.6342358589172363,16.806240557411993,368.0651041666667,216.66666666666669,338.98166794578236,190.08364001909894,397.148540387551,243.24969331423443,0.013380234129726887,0.99991774559021,
2026-07-15T21:50:27.929,29.855442170985043,20260715_214958_front_fusion_ego_1643,speedsweep_normal,fusion_ego_1643,6340521,3,vehicle,0.14872825145721436,114.18111910554235,112.17715341019837,0.9985489763588427,-144.96771037968026,4.335015773773193,1.751451849937439,1.7850408554077148,15.595133801332118,608.2526041666667,252.22222222222223,562.3289152930181,234.40784646405115,654.1762930403154,270.0365979803933,0.6833240389823914,0.9978609681129456,
2026-07-15T21:50:27.929,29.855442170985043,20260715_214958_front_fusion_ego_1643,speedsweep_normal,fusion_ego_1643,6340521,4,vehicle,0.12161847203969955,114.72336457109532,116.0718374135716,0.889398165010082,-26.84395643313477,4.325533866882324,1.6920791864395142,1.7932161092758179,15.466459185982426,742.8020833333334,278.8888888888889,687.3198907872041,243.0290310912662,798.2842758794626,314.7487466865116,0.16486096382141113,0.8820103406906128,
2026-07-15T21:50:27.929,29.855442170985043,20260715_214958_front_fusion_ego_1643,speedsweep_normal,fusion_ego_1643,6340521,5,vehicle,0.1075584813952446,112.11560209303539,109.50158298245357,1.0483088156249754,103.27382483631135,4.321882724761963,1.7930163145065308,2.0255916118621826,14.751286196402045,572.6692708333334,244.44444444444446,536.3518225078782,226.95120063092975,608.9867191587886,261.93768825795917,0.03577212244272232,0.9953923225402832,
2026-07-15T21:50:28.055,29.98104849003721,20260715_214958_front_fusion_ego_1643,speedsweep_normal,fusion_ego_1643,6340522,0,vehicle,0.569405198097229,115.94234326030258,104.70657579754582,1.070881603567482,162.6186395862741,5.680797576904297,2.116577625274658,2.2843685150146484,19.748963918151567,439.23177083333337,234.44444444444446,409.2067426343759,219.28167012002734,469.2567990322908,249.60721876886157,0.36975234746932983,0.9999995231628418,
2026-07-15T21:50:28.055,29.98104849003721,20260715_214958_front_fusion_ego_1643,speedsweep_normal,fusion_ego_1643,6340522,1,vehicle,0.32314133644104004,107.3854752949019,99.83353547915137,1.5032313905988943,-70.7701534379519,7.175074577331543,2.623894691467285,3.365833282470703,17.866161417478803,368.0651041666667,217.7777777777778,339.6230027700464,195.00300155745614,396.50720556328696,240.55255399809946,0.11623057723045349,0.9999631643295288,
2026-07-15T21:50:28.055,29.98104849003721,20260715_214958_front_fusion_ego_1643,speedsweep_normal,fusion_ego_1643,6340522,2,vehicle,0.21642997860908508,116.0488382699038,117.51342287013833,0.9302443598748038,109.16964410703676,4.440270900726318,1.712451457977295,2.2989766597747803,16.400364344172527,805.0729166666667,287.77777777777777,759.9011639157932,241.4386366473304,850.2446694175403,334.11691890822516,0.017965545877814293,0.31177446246147156,
2026-07-15T21:50:28.055,29.98104849003721,20260715_214958_front_fusion_ego_1643,speedsweep_normal,fusion_ego_1643,6340522,3,vehicle,0.05776209011673927,115.61089723491065,110.82044493214399,0.9901308170440926,144.9824834575465,4.517993927001953,1.768703818321228,2.050961971282959,16.70424285056775,634.9401041666667,252.22222222222223,597.6939994270604,234.43695737255945,672.1862089062731,270.007487071885,0.39681780338287354,0.9947704672813416,
2026-07-15T21:50:28.181,30.1065380590735,20260715_214958_front_fusion_ego_1643,speedsweep_normal,fusion_ego_1643,6340523,0,vehicle,0.33942171931266785,117.13472506365241,102.60114596343242,0.9849376258161824,127.96376095372908,5.6392998695373535,2.085606336593628,2.2063865661621094,21.20827425247794,448.1276041666667,234.44444444444446,421.58686841527623,221.2260400917795,474.66833991805714,247.6628487971094,0.2932136654853821,0.9999973773956299,
2026-07-15T21:50:28.181,30.1065380590735,20260715_214958_front_fusion_ego_1643,speedsweep_normal,fusion_ego_1643,6340523,1,vehicle,0.17956028878688812,106.0292436747927,97.71410211174083,1.4234085220744872,-106.57576435846151,7.055817127227783,2.5748209953308105,3.3353049755096436,18.50001463933656,368.0651041666667,216.66666666666669,339.3246226410071,195.58161060015362,396.80558569232625,237.75172273317975,0.013872601091861725,0.9999649524688721,
2026-07-15T21:50:28.181,30.1065380590735,20260715_214958_front_fusion_ego_1643,speedsweep_normal,fusion_ego_1643,6340523,2,person,0.13554060459136963,94.13255053080194,86.75570559544255,0.9354477861792834,-107.63967827523072,0.5958649516105652,0.4831850826740265,1.7875518798828125,29.113239456313035,173.46875,226.66666666666669,167.705783681944,214.4051680962245,179.231716318056,238.92816523710889,0.9859717488288879,0.9852821826934814,
2026-07-15T21:50:28.181,30.1065380590735,20260715_214958_front_fusion_ego_1643,speedsweep_normal,fusion_ego_1643,6340523,3,vehicle,0.10997176170349121,116.64325213780741,112.65040957583318,0.9400421542798831,141.84023199431772,4.818950653076172,1.9109537601470947,2.168351173400879,16.741033608965466,689.4270833333334,252.22222222222223,640.1040198852619,232.16572715176477,738.7501467814049,272.2787172926797,0.8411182165145874,0.9702669382095337,
2026-07-15T21:50:28.317,30.24289609596599,20260715_214958_front_fusion_ego_1643,speedsweep_normal,fusion_ego_1643,6340524,0,vehicle,0.5325774550437927,113.86742499703834,102.81358402495654,1.1389951344369005,143.44246387491165,5.647202491760254,2.104700803756714,2.283306121826172,17.79640226686271,448.1276041666667,235.55555555555557,418.6517234245936,218.08067235681747,477.60348490873974,253.03043875429367,0.075948566198349,0.9999986886978149,
2026-07-15T21:50:28.317,30.24289609596599,20260715_214958_front_fusion_ego_1643,speedsweep_normal,fusion_ego_1643,6340524,1,vehicle,0.48138758540153503,105.82902513097609,97.49948398172242,1.5747985841306993,17.60676548625699,7.3635125160217285,2.6668360233306885,3.4350240230560303,17.8497352552492,369.17708333333337,216.66666666666669,339.81678595890605,189.59926168123883,398.5373807077607,243.73407165209454,0.0016587813152000308,0.9999781847000122,
2026-07-15T21:50:28.317,30.24289609596599,20260715_214958_front_fusion_ego_1643,speedsweep_normal,fusion_ego_1643,6340524,2,vehicle,0.09112219512462616,117.42716965778335,112.92403406238722,0.9258570451052384,47.314161573103306,4.650192737579346,1.8355079889297485,2.017636299133301,17.038270600857082,741.6901041666667,270.0,684.7901789049308,245.34192323684692,798.5900294284027,294.6580767631531,0.7165217399597168,0.9320648908615112,
2026-07-15T21:50:28.317,30.24289609596599,20260715_214958_front_fusion_ego_1643,speedsweep_normal,fusion_ego_1643,6340524,3,vehicle,0.06082739681005478,121.16131470847172,113.46986620877804,1.0217289067997992,22.25653836685142,4.45466423034668,1.6864006519317627,1.9518126249313354,20.719583044550067,768.3776041666667,278.8888888888889,732.7613804812233,255.83162062697943,803.9938278521101,301.9461571507984,0.006734598893672228,0.9589049816131592,
2026-07-15T21:50:28.458,30.383628353010863,20260715_214958_front_fusion_ego_1643,speedsweep_normal,fusion_ego_1643,6340525,0,vehicle,0.3192177712917328,113.28003510088017,100.49660612270212,1.2581936457777523,-165.43530596842655,4.961481094360352,1.9439334869384766,1.8697471618652344,18.17813465844369,449.23958333333337,243.33333333333334,421.5243295555314,227.4173410733541,476.95483711113536,259.2493255933126,0.36353808641433716,0.999994158744812,
2026-07-15T21:50:28.458,30.383628353010863,20260715_214958_front_fusion_ego_1643,speedsweep_normal,fusion_ego_1643,6340525,1,vehicle,0.06309165805578232,107.4377073803111,109.86330883066609,0.9441099220279607,-51.93755487434938,5.7302937507629395,2.059140205383301,2.1698086261749268,7.671577282655735,760.59375,314.44444444444446,694.0692879706621,237.94509675767688,827.1182120293379,390.94379213121204,0.07977119088172913,0.9996638298034668,
2026-07-15T21:50:28.581,30.507346182013862,20260715_214958_front_fusion_ego_1643,speedsweep_normal,fusion_ego_1643,6340526,0,vehicle,0.3061690628528595,112.47669846700587,100.52987570592407,1.3450619095830656,119.46257203098261,5.2105584144592285,2.027513265609741,1.9387118816375732,16.716785233875672,457.02343750000006,243.33333333333334,422.4339495450258,227.52498348553976,491.61292545497423,259.14168318112695,0.6369419693946838,0.9999991655349731,
2026-07-15T21:50:28.581,30.507346182013862,20260715_214958_front_fusion_ego_1643,speedsweep_normal,fusion_ego_1643,6340526,1,vehicle,0.19539400935173035,107.61465148203888,95.52513240858033,1.8370069065425416,-72.12607034991038,7.304643154144287,2.576474666595459,3.3056209087371826,18.530821761763722,368.0651041666667,226.66666666666669,338.8078904474775,207.31715897719067,397.32231788585585,246.0161743561427,0.00012238808267284185,0.9999661445617676,
2026-07-15T21:50:28.699,30.624564188998193,20260715_214958_front_fusion_ego_1643,speedsweep_normal,fusion_ego_1643,6340527,0,vehicle,0.22099405527114868,115.95289109562337,100.39259320363041,1.14768252918291,-173.95885695403587,5.522982120513916,2.1369590759277344,2.2150180339813232,18.4546951427158,458.1354166666667,235.55555555555557,425.713402385513,218.4821704361174,490.55743094782036,252.62894067499374,0.5416445136070251,0.9999986886978149,
2026-07-15T21:50:28.699,30.624564188998193,20260715_214958_front_fusion_ego_1643,speedsweep_normal,fusion_ego_1643,6340527,1,vehicle,0.12464478611946106,108.80833473336706,95.88931203889139,1.9497951274873864,118.40758297763999,8.066977500915527,2.8709750175476074,3.902937412261963,17.689692008756836,369.17708333333337,217.7777777777778,334.62755055477226,185.59403048621286,403.7266161118945,249.96152506934274,0.00042084610322490335,0.9996585845947266,
2026-07-15T21:50:28.823,30.749032538966276,20260715_214958_front_fusion_ego_1643,speedsweep_normal,fusion_ego_1643,6340528,0,vehicle,0.5376433730125427,114.91312862813673,101.51439244148631,0.8884597283945181,87.39696422029854,5.236299991607666,2.0093541145324707,2.1265909671783447,16.165210834974292,467.03125000000006,235.55555555555557,434.0986022651196,217.15427312586044,499.9638977348805,253.9568379852507,0.21342982351779938,0.9999992847442627,
2026-07-15T21:50:28.823,30.749032538966276,20260715_214958_front_fusion_ego_1643,speedsweep_normal,fusion_ego_1643,6340528,1,vehicle,0.35389235615730286,109.39941311830746,93.27516654089635,1.4287652567624909,149.40687364152586,7.575363636016846,2.6950619220733643,3.4978082180023193,19.425571230462722,369.17708333333337,217.7777777777778,337.581977998217,190.29831038581003,400.77218866844976,245.25724516974557,0.0003603859222494066,0.999980092048645,
2026-07-15T21:50:28.823,30.749032538966276,20260715_214958_front_fusion_ego_1643,speedsweep_normal,fusion_ego_1643,6340528,2,vehicle,0.0565597228705883,105.55225194027551,111.6668629817127,1.150707971277143,-18.44142340323503,5.896137714385986,2.2175803184509277,2.7562527656555176,3.576756704530504,786.1692708333334,261.11111111111114,725.8163644423088,157.05972618526883,846.522177224358,365.1624960369534,0.061333317309617996,0.32581573724746704,
2026-07-15T21:50:28.944,30.86955655098427,20260715_214958_front_fusion_ego_1643,speedsweep_normal,fusion_ego_1643,6340529,0,vehicle,0.3420991003513336,113.06203687432078,100.95672594021488,0.8907602076318284,109.7998468939775,5.127938747406006,1.9159988164901733,2.092191696166992,14.373114395405617,474.8151041666667,235.55555555555557,444.65807022402686,215.91954681608414,504.9721381093065,255.191564295027,0.22388868033885956,1.0,
2026-07-15T21:50:28.944,30.86955655098427,20260715_214958_front_fusion_ego_1643,speedsweep_normal,fusion_ego_1643,6340529,1,vehicle,0.2591592073440552,109.28186354166252,92.93865530451988,1.385291883372462,-123.99576241958734,7.4118828773498535,2.6535282135009766,3.503077507019043,18.87750373581243,369.17708333333337,217.7777777777778,338.48176004489267,192.78513656722177,399.8724066217741,242.77041898833383,0.00021325160923879594,0.9999922513961792,
2026-07-15T21:50:29.074,30.999866600963287,20260715_214958_front_fusion_ego_1643,speedsweep_normal,fusion_ego_1643,6340530,0,vehicle,0.34245213866233826,111.33897550148703,100.59819050505338,0.7669214947700578,-173.5061948172169,5.26854133605957,1.972301959991455,1.786739468574524,12.67500903324588,475.92708333333337,243.33333333333334,441.23105036218965,224.23952599366507,510.6231163044771,262.42714067300165,0.016384433954954147,0.9998828172683716,
2026-07-15T21:50:29.074,30.999866600963287,20260715_214958_front_fusion_ego_1643,speedsweep_normal,fusion_ego_1643,6340530,1,vehicle,0.2891336977481842,108.91579334895134,92.46362774608217,1.5694049740970428,170.06561666565167,7.532878398895264,2.6952972412109375,3.551198959350586,18.401356792856223,369.17708333333337,216.66666666666669,341.32356918354833,189.4624064366023,397.0305974831184,243.87092689673108,0.00016712555952835828,0.9999575614929199,
2026-07-15T21:50:29.199,31.125127981067635,20260715_214958_front_fusion_ego_1643,speedsweep_normal,fusion_ego_1643,6340531,0,vehicle,0.5336934924125671,113.25647988640405,101.56681910519505,1.078113096996712,109.74831644615739,4.947087287902832,1.9637398719787598,2.08246111869812,12.73901806246978,484.8229166666667,244.44444444444446,446.3537616754572,222.0628943708208,523.2920716578762,266.8259945180681,0.01357879675924778,0.9999864101409912,
2026-07-15T21:50:29.199,31.125127981067635,20260715_214958_front_fusion_ego_1643,speedsweep_normal,fusion_ego_1643,6340531,1,vehicle,0.16109225153923035,108.36994317059326,90.79601962622817,1.768684174104139,-118.48145843292221,7.676273822784424,2.7330241203308105,3.630176544189453,18.97230478223391,369.17708333333337,217.7777777777778,341.054197040697,191.49394975768197,397.29996962596977,244.06160579787363,2.1954683688818477e-05,0.9999140501022339,
2026-07-15T21:50:29.327,31.253035024972633,20260715_214958_front_fusion_ego_1643,speedsweep_normal,fusion_ego_1643,6340532,0,vehicle,0.22710475325584412,113.02733164205931,99.00935239146379,0.9446363134961204,129.97279413263396,5.198799133300781,1.9056732654571533,1.9253662824630737,13.392359231214607,484.8229166666667,252.22222222222223,446.125909956793,229.15588094128503,523.5199233765404,275.2885635031594,0.010892895050346851,0.9999887943267822,
2026-07-15T21:50:29.327,31.253035024972633,20260715_214958_front_fusion_ego_1643,speedsweep_normal,fusion_ego_1643,6340532,1,vehicle,0.15448503196239471,108.16302236360602,88.70468379378362,1.8627792552425588,-99.32086997252536,7.860198020935059,2.807671546936035,3.7378804683685303,20.01767860473196,369.17708333333337,217.7777777777778,340.49497727801406,192.05517874823678,397.8591893886527,243.50037680731882,2.739561205089558e-05,0.9997897744178772,
2026-07-15T21:50:29.327,31.253035024972633,20260715_214958_front_fusion_ego_1643,speedsweep_normal,fusion_ego_1643,6340532,2,vehicle,0.1427808403968811,111.89335346588372,96.17329109030872,0.9951628875397676,117.19203275961476,3.9988937377929688,1.6151021718978882,1.4856784343719482,14.761208888095663,786.1692708333334,234.44444444444446,758.523591046532,218.69597223069934,813.8149506201347,250.19291665818957,0.12020716816186905,0.9982497096061707,
2026-07-15T21:50:29.454,31.38048577599693,20260715_214958_front_fusion_ego_1643,speedsweep_normal,fusion_ego_1643,6340533,0,vehicle,0.7424598336219788,111.78778332847413,100.09960343898895,0.8599456238489029,44.46356667881642,5.624946594238281,2.1178994178771973,1.7158335447311401,10.904839048113537,493.71875000000006,252.22222222222223,447.975389122963,228.02206648720636,539.462110877037,276.4223779572381,0.020517509430646896,0.9999998807907104,
2026-07-15T21:50:29.454,31.38048577599693,20260715_214958_front_fusion_ego_1643,speedsweep_normal,fusion_ego_1643,6340533,1,person,0.24602025747299194,93.36511338011178,85.12568537757552,1.3205280879350951,-76.99362381215595,0.7561607360839844,0.5030769109725952,1.9336934089660645,24.26850686309542,172.35677083333334,235.55555555555557,166.715539911141,222.34981301758026,177.99800175552568,248.76129809353088,0.9878778457641602,0.9988862872123718,
2026-07-15T21:50:29.454,31.38048577599693,20260715_214958_front_fusion_ego_1643,speedsweep_normal,fusion_ego_1643,6340533,2,vehicle,0.24588502943515778,108.91734633712448,87.11915448882023,1.5701203977067415,96.40491200966336,7.532711029052734,2.5568811893463135,3.5387187004089355,20.767386565865653,376.9609375,225.55555555555557,358.34663715586066,203.6526581976149,395.57523784413934,247.45845291349625,0.01742446795105934,0.9966219663619995,
2026-07-15T21:50:29.454,31.38048577599693,20260715_214958_front_fusion_ego_1643,speedsweep_normal,fusion_ego_1643,6340533,3,person,0.051417358219623566,95.2278092677844,86.46698155158077,1.413016768689423,-59.377754179922356,1.0425152778625488,0.5411110520362854,2.0143141746520996,22.29946533085215,31.135416666666668,234.44444444444446,23.081434244910877,222.03687366512088,39.18939908842246,246.85201522376803,0.9741842746734619,0.9957772493362427,
2026-07-15T21:50:29.579,31.50528345897328,20260715_214958_front_fusion_ego_1643,speedsweep_normal,fusion_ego_1643,6340534,0,vehicle,0.9393908381462097,110.33030527006137,98.34879978788742,0.8522173270432429,71.51135702290334,5.785415172576904,2.1423473358154297,1.8624157905578613,10.248484670821293,502.61458333333337,252.22222222222223,449.59204722692573,223.50605262650384,555.637119439741,280.9383918179406,0.005947981495410204,1.0,
2026-07-15T21:50:29.579,31.50528345897328,20260715_214958_front_fusion_ego_1643,speedsweep_normal,fusion_ego_1643,6340534,1,vehicle,0.19473987817764282,107.55200909851418,88.35962513600978,1.5699273409168253,0.9529818376042134,6.9722900390625,2.497896194458008,3.4262826442718506,18.25380945895332,376.9609375,217.7777777777778,352.26484306901693,192.25596891509164,401.65703193098307,243.29958664046396,0.0009560059988871217,0.9999994039535522,
2026-07-15T21:50:29.711,31.637240480980836,20260715_214958_front_fusion_ego_1643,speedsweep_normal,fusion_ego_1643,6340535,0,vehicle,0.9775566458702087,110.8067180195937,98.65504259951096,0.8465938835871141,51.80675271654077,5.716113567352295,2.136915445327759,1.8466254472732544,9.484689832945827,510.39843750000006,252.22222222222223,455.7302565127612,220.63073171509637,565.0666184872389,283.8137127293481,0.08514620363712311,1.0,
2026-07-15T21:50:29.711,31.637240480980836,20260715_214958_front_fusion_ego_1643,speedsweep_normal,fusion_ego_1643,6340535,1,vehicle,0.5145295858383179,105.9612507909789,85.58484846573101,1.523940046867553,40.58251488221808,7.159145355224609,2.638556480407715,3.2961931228637695,19.80060818472803,376.9609375,217.7777777777778,347.6729882955551,193.38394330607522,406.2488867044449,242.17161224948038,0.0014778352342545986,0.999995231628418,
2026-07-15T21:50:29.711,31.637240480980836,20260715_214958_front_fusion_ego_1643,speedsweep_normal,fusion_ego_1643,6340535,2,person,0.20909035205841064,92.93153524582472,83.89923740362913,1.0843629433524296,-121.09249230258668,0.7709010243415833,0.5180864334106445,1.9250086545944214,24.121090390100612,155.67708333333334,226.66666666666669,149.66234516104063,212.83932040135068,161.69182150562605,240.4940129319827,0.940985381603241,0.9905418753623962,
2026-07-15T21:50:29.711,31.637240480980836,20260715_214958_front_fusion_ego_1643,speedsweep_normal,fusion_ego_1643,6340535,3,person,0.13800090551376343,96.549412836879,80.69853923669729,0.8943671108698084,-55.5891877583424,0.9173299074172974,0.5514364838600159,1.887468934059143,25.72468451233314,199.04427083333334,226.66666666666669,193.93998233259967,214.80251679817837,204.14855933406702,238.530816535155,0.98715740442276,0.8683875203132629,
2026-07-15T21:50:29.845,31.770941692986526,20260715_214958_front_fusion_ego_1643,speedsweep_normal,fusion_ego_1643,6340536,0,vehicle,0.943697452545166,111.5869721925379,97.98955217881966,0.9270287566629998,38.454841160376624,5.524075031280518,2.051564931869507,1.9045000076293945,9.739640111191763,519.2942708333334,252.22222222222223,464.2410261680683,215.42606247795953,574.3475154985985,289.0183819664849,0.04152653366327286,1.0,
2026-07-15T21:50:29.845,31.770941692986526,20260715_214958_front_fusion_ego_1643,speedsweep_normal,fusion_ego_1643,6340536,1,person,0.3975672125816345,96.41732267788434,81.5629025964212,0.8412084785859086,-84.32649616641476,0.4153873026371002,0.4323042333126068,1.8129639625549316,24.184043800797273,199.04427083333334,226.66666666666669,194.51275962249687,215.03193418184918,203.5757820441698,238.3013991514842,0.9998799562454224,0.9936153888702393,
2026-07-15T21:50:29.845,31.770941692986526,20260715_214958_front_fusion_ego_1643,speedsweep_normal,fusion_ego_1643,6340536,2,vehicle,0.2223963439464569,107.71382629543743,84.62710330185479,1.4842231279792912,-103.67515932615129,7.548113822937012,2.726381301879883,3.5013961791992188,20.086407076755243,378.0729166666667,217.7777777777778,349.7881449411313,193.36435960398782,406.3576883922021,242.19119595156778,0.011073961853981018,0.9999974966049194,
2026-07-15T21:50:29.971,31.896568589028902,20260715_214958_front_fusion_ego_1643,speedsweep_normal,fusion_ego_1643,6340537,0,vehicle,0.5966821312904358,110.4075278802495,96.65700139740039,0.7944236462207268,43.85301992675675,5.808825492858887,2.1933021545410156,2.040748357772827,9.15399406179262,520.40625,252.22222222222223,462.5091219246388,214.90736974610223,578.3033780753613,289.5370746983422,0.08312494307756424,1.0,
2026-07-15T21:50:29.971,31.896568589028902,20260715_214958_front_fusion_ego_1643,speedsweep_normal,fusion_ego_1643,6340537,1,person,0.25315719842910767,95.84300637007762,81.56451823494413,0.7627911943375143,-111.73203001928897,0.5433035492897034,0.47605282068252563,1.816238284111023,23.70154953432853,191.26041666666669,225.55555555555557,186.0504938249166,213.11751666996216,196.47033950841677,237.99359444114899,0.9973893761634827,0.9909534454345703,
2026-07-15T21:50:29.971,31.896568589028902,20260715_214958_front_fusion_ego_1643,speedsweep_normal,fusion_ego_1643,6340537,2,vehicle,0.2281898856163025,105.03520812982859,82.80234548357801,1.1119223975937464,-79.52074536714477,7.386844158172607,2.638658046722412,3.362316608428955,20.824760460087635,376.9609375,217.7777777777778,348.6926390528679,194.59916816817392,405.2292359471321,240.95638738738168,0.005406350828707218,0.9999982118606567,
2026-07-15T21:50:30.101,32.02737051201984,20260715_214958_front_fusion_ego_1643,speedsweep_normal,fusion_ego_1643,6340538,0,vehicle,0.9924271702766418,112.08498594003093,96.07080084113434,0.7310552119505218,62.82017868328468,5.901979923248291,2.162383794784546,1.9017423391342163,10.057179312491936,528.1901041666667,253.33333333333334,451.07749175528687,212.92905886967978,605.3027165780466,293.73760779698694,0.011304968036711216,1.0,
2026-07-15T21:50:30.101,32.02737051201984,20260715_214958_front_fusion_ego_1643,speedsweep_normal,fusion_ego_1643,6340538,1,vehicle,0.1587182879447937,107.49228806558526,82.55624430665426,1.5613036354931502,-162.79768605727338,7.727099418640137,2.7859883308410645,3.5773749351501465,20.467425076319937,378.0729166666667,217.7777777777778,349.1897112677495,193.23046194182504,406.9561220655839,242.32509361373056,0.01931176148355007,0.9997610449790955,
2026-07-15T21:50:30.101,32.02737051201984,20260715_214958_front_fusion_ego_1643,speedsweep_normal,fusion_ego_1643,6340538,2,vehicle,0.14255116879940033,115.56612332654947,89.15480054233348,1.1846753191335275,10.137983522282598,8.0419340133667,2.995692491531372,3.601670265197754,17.48420819966598,840.65625,83.33333333333334,812.9027621820569,9.111653168996176,868.4097378179432,157.5550134976705,0.01089389342814684,0.34855055809020996,
2026-07-15T21:50:30.101,32.02737051201984,20260715_214958_front_fusion_ego_1643,speedsweep_normal,fusion_ego_1643,6340538,3,person,0.08792214095592499,96.00059848673425,78.95387019462706,0.8899995653863861,-61.6741786310787,0.851539671421051,0.6143152117729187,1.7613353729248047,25.40797941728898,191.26041666666669,226.66666666666669,184.34512734475237,214.14263079563779,198.175705988581,239.19070253769559,0.9455478191375732,0.9117730855941772,
2026-07-15T21:50:30.235,32.16069722396787,20260715_214958_front_fusion_ego_1643,speedsweep_normal,fusion_ego_1643,6340539,0,vehicle,0.9724613428115845,111.6444796606853,94.85780838562553,0.8300484307441995,66.07877088910097,5.896286487579346,2.2017414569854736,2.0375423431396484,9.917287662481465,529.3020833333334,253.33333333333334,453.0744785567125,213.37512095769247,605.5296881099542,293.29154570897424,0.02165105566382408,1.0,
2026-07-15T21:50:30.235,32.16069722396787,20260715_214958_front_fusion_ego_1643,speedsweep_normal,fusion_ego_1643,6340539,1,vehicle,0.19567559659481049,107.44251225031336,81.72398988068394,1.5535722998974322,-174.16348056953387,7.617150783538818,2.7371037006378174,3.4570233821868896,20.48312770750387,378.0729166666667,217.7777777777778,347.8782308797042,196.2651507722007,408.2676024536292,239.2904047833549,0.0012905360199511051,0.9999574422836304,
2026-07-15T21:50:30.235,32.16069722396787,20260715_214958_front_fusion_ego_1643,speedsweep_normal,fusion_ego_1643,6340539,2,person,0.14491383731365204,96.33903534035316,78.67487689248728,0.8515498113747939,-33.75858276406818,0.6683679223060608,0.4964771568775177,1.8309859037399292,24.870840135304416,190.1484375,226.66666666666669,184.399348041974,214.78086064259213,195.897526958026,238.55247269074124,0.9941552877426147,0.9166630506515503,
2026-07-15T21:50:30.376,32.30162665306125,20260715_214958_front_fusion_ego_1643,speedsweep_normal,fusion_ego_1643,6340540,0,vehicle,0.8744347095489502,113.54817312194216,93.2030842081838,0.9645649111346342,75.44294555651562,5.460134029388428,2.2284579277038574,1.8187514543533325,11.752039709150846,537.0859375,253.33333333333334,458.3078441917897,217.03115065892538,615.8640308082104,289.63551600774133,0.03893764317035675,0.9999992847442627,
2026-07-15T21:50:30.376,32.30162665306125,20260715_214958_front_fusion_ego_1643,speedsweep_normal,fusion_ego_1643,6340540,1,vehicle,0.17842401564121246,107.96259877588571,80.78742691554683,1.399506244685866,156.61669551764177,7.199847221374512,2.506331443786621,3.1924052238464355,20.678196431723435,385.85677083333337,225.55555555555557,364.5117923518022,205.1275584432814,407.2017493148645,245.98355266782974,0.30922630429267883,0.9992369413375854,
2026-07-15T21:50:30.506,32.43183257000055,20260715_214958_front_fusion_ego_1643,speedsweep_normal,fusion_ego_1643,6340541,0,vehicle,0.9241953492164612,111.20945732419452,92.29040639395178,0.7696294895249034,47.400764898650635,5.597076892852783,2.133284568786621,2.1474623680114746,10.155998826638738,538.1979166666667,253.33333333333334,468.81320611635846,215.1968022187551,607.582627216975,291.4698644479116,0.3392825126647949,0.9999998807907104,
2026-07-15T21:50:30.506,32.43183257000055,20260715_214958_front_fusion_ego_1643,speedsweep_normal,fusion_ego_1643,6340541,1,vehicle,0.30890539288520813,108.45808082236073,79.12113376403687,1.4169983129392105,127.65073229073157,6.978438377380371,2.4905991554260254,3.146846055984497,21.54190545386932,385.85677083333337,225.55555555555557,363.5935995553931,203.6499509546492,408.11994211127364,247.46116015646194,0.030555004253983498,0.9774206280708313,
2026-07-15T21:50:30.628,32.55420439003501,20260715_214958_front_fusion_ego_1643,speedsweep_normal,fusion_ego_1643,6340542,0,vehicle,0.9043816924095154,109.97710001900546,93.30194538778812,0.6897907341150331,28.81299585371429,5.154567241668701,1.9366393089294434,1.7317276000976562,7.847650231596097,545.9817708333334,261.11111111111114,490.600205903252,223.22689718670316,601.3633357634147,298.9953250355191,0.027783989906311035,1.0,
2026-07-15T21:50:30.628,32.55420439003501,20260715_214958_front_fusion_ego_1643,speedsweep_normal,fusion_ego_1643,6340542,1,vehicle,0.153911292552948,107.68282643883784,77.76668518822804,1.155593417367951,-74.45437034165842,6.140878200531006,2.317883253097534,2.525700092315674,21.9098395835513,385.85677083333337,225.55555555555557,360.3598851424953,210.79101953241562,411.35365652417147,240.32009157869552,0.006536254659295082,0.9938116073608398,
2026-07-15T21:50:30.761,32.68700470402837,20260715_214958_front_fusion_ego_1643,speedsweep_normal,fusion_ego_1643,6340543,0,vehicle,0.8631957769393921,111.80169898365759,90.94616783220282,0.8427158776878585,21.683752523633576,4.919066429138184,2.046035051345825,1.6672359704971313,10.093827195582268,545.9817708333334,253.33333333333334,474.05807568629587,220.97749908765158,617.9054659803709,285.68916757901513,0.08511519432067871,0.999998927116394,
2026-07-15T21:50:30.761,32.68700470402837,20260715_214958_front_fusion_ego_1643,speedsweep_normal,fusion_ego_1643,6340543,1,vehicle,0.41309210658073425,108.5054962823354,78.75041133985461,1.109344989862882,-160.4322581695165,7.007656097412109,2.569575071334839,3.153820753097534,20.225437851258654,386.96875,217.7777777777778,361.4912294782698,199.26425384150613,412.4462705217302,236.29130171404947,0.017245838418602943,0.9999792575836182,
2026-07-15T21:50:30.761,32.68700470402837,20260715_214958_front_fusion_ego_1643,speedsweep_normal,fusion_ego_1643,6340543,2,person,0.34466278553009033,94.70879561616854,81.65094965469896,0.814163342748607,-113.28252220805268,0.5478647351264954,0.4872552156448364,1.8046371936798096,20.167870744699627,163.4609375,226.66666666666669,157.19970223121345,211.9773496190707,169.72217276878655,241.35598371426266,0.9990746974945068,0.9899145364761353,
2026-07-15T21:50:30.761,32.68700470402837,20260715_214958_front_fusion_ego_1643,speedsweep_normal,fusion_ego_1643,6340543,3,person,0.10030779987573624,98.21635215517657,87.47667995055377,1.1070539053900958,43.64441805428954,0.8017987012863159,0.5848742127418518,1.8760095834732056,13.36373268504872,30.023437500000004,234.44444444444446,19.178471157327294,217.87493553426532,40.868403842672706,251.0139533546236,0.9949802756309509,0.6971151828765869,
2026-07-15T21:50:30.894,32.819635643973015,20260715_214958_front_fusion_ego_1643,speedsweep_normal,fusion_ego_1643,6340544,0,vehicle,0.909006655216217,111.6505255150674,90.05487920353559,0.6728984819280059,57.94101079815617,5.490996837615967,2.097506523132324,1.8622647523880005,10.033168267267355,547.09375,253.33333333333334,464.1860622167588,213.65684588750204,630.0014377832413,293.00982077916467,0.030057212337851524,0.9999996423721313,
2026-07-15T21:50:30.894,32.819635643973015,20260715_214958_front_fusion_ego_1643,speedsweep_normal,fusion_ego_1643,6340544,1,person,0.25178012251853943,95.05536859086983,82.84102822272858,0.8316527887106204,-106.74381680769152,0.4967457056045532,0.4627601206302643,1.6955864429473877,18.37888604523135,155.67708333333334,234.44444444444446,147.69447159705064,218.96963801648883,163.65969506961605,249.91925087240008,0.9973485469818115,0.9972213506698608,
2026-07-15T21:50:30.894,32.819635643973015,20260715_214958_front_fusion_ego_1643,speedsweep_normal,fusion_ego_1643,6340544,2,vehicle,0.17495322227478027,107.25403810299476,79.11126038495301,1.1774185274002484,-163.492374462619,6.579325199127197,2.4047670364379883,2.884817600250244,18.91960868778984,386.96875,217.7777777777778,361.68784146010876,200.35386370288003,412.24965853989124,235.20169185267557,0.005054968874901533,0.999946117401123,
2026-07-15T21:50:31.025,32.950722228968516,20260715_214958_front_fusion_ego_1643,speedsweep_normal,fusion_ego_1643,6340545,0,vehicle,0.8750753402709961,109.49670629142634,90.39641294441476,0.9119074937774091,17.553874576153746,5.641307353973389,1.997786045074463,1.7918866872787476,7.7852029159221185,554.8776041666667,262.22222222222223,494.3141464988391,222.11327685250177,615.4410618344943,302.3311675919427,0.09244321286678314,1.0,
2026-07-15T21:50:31.025,32.950722228968516,20260715_214958_front_fusion_ego_1643,speedsweep_normal,fusion_ego_1643,6340545,1,vehicle,0.5953155159950256,108.19680292168121,78.79188772750669,1.4238906738011115,159.29062677278506,6.770808696746826,2.494925022125244,2.923489809036255,18.503198203002096,394.7526041666667,225.55555555555557,370.5076701367895,204.87672362062668,418.99753819654387,246.23438749048447,0.04382827505469322,0.9999749660491943,
2026-07-15T21:50:31.161,33.08690791006666,20260715_214958_front_fusion_ego_1643,speedsweep_normal,fusion_ego_1643,6340546,0,vehicle,0.6043601036071777,109.6699951005706,90.16513531613514,0.821369917413072,54.03137584686614,5.242136478424072,2.026785373687744,1.8809632062911987,7.251926228390014,555.9895833333334,262.22222222222223,479.03779058655107,219.17333258522882,632.9413760801157,305.27111185921564,0.01933233067393303,0.9999992847442627,
2026-07-15T21:50:31.161,33.08690791006666,20260715_214958_front_fusion_ego_1643,speedsweep_normal,fusion_ego_1643,6340546,1,vehicle,0.42044106125831604,108.4549120423985,77.83487028952518,1.5697482269755505,-161.5972786938067,7.628896236419678,2.7601468563079834,3.2244489192962646,18.568061806700797,394.7526041666667,225.55555555555557,367.4421387339632,202.92220685217117,422.0630695993702,248.18890425893997,0.9452084898948669,0.9999895095825195,
2026-07-15T21:50:31.294,33.21987411705777,20260715_214958_front_fusion_ego_1643,speedsweep_normal,fusion_ego_1643,6340547,0,vehicle,0.9529824256896973,109.95876513613767,88.4630453629228,0.8376909302501652,0.47840896338298655,4.926043510437012,1.9220553636550903,1.652066707611084,8.007420842915366,572.6692708333334,262.22222222222223,484.2494993855556,214.61594475640192,661.0890422811111,309.82849968804254,0.019269652664661407,1.0,
2026-07-15T21:50:31.294,33.21987411705777,20260715_214958_front_fusion_ego_1643,speedsweep_normal,fusion_ego_1643,6340547,1,person,0.2305522859096527,92.19273881545871,79.37386766990139,1.3180585363947657,-114.85260090720575,0.5445546507835388,0.49443745613098145,1.739240050315857,20.892426769803233,164.57291666666669,235.55555555555557,156.9192439770947,218.60082778665756,172.22658935623866,252.51028332445358,0.9998601675033569,0.9940901398658752,
2026-07-15T21:50:31.294,33.21987411705777,20260715_214958_front_fusion_ego_1643,speedsweep_normal,fusion_ego_1643,6340547,2,vehicle,0.15324366092681885,107.09506803256102,74.50582570944022,1.6035576781294676,-93.63833387701094,7.588408946990967,2.7130374908447266,3.2037949562072754,20.79358118249653,395.86458333333337,225.55555555555557,370.4960940902432,203.00686452123855,421.2330725764235,248.1042465898726,0.10651339590549469,0.9999163150787354,
2026-07-15T21:50:31.423,33.34930494299624,20260715_214958_front_fusion_ego_1643,speedsweep_normal,fusion_ego_1643,6340548,0,vehicle,0.8018426299095154,109.96040219958864,87.90772581198736,0.5536472309520892,29.990268430987253,5.292454719543457,2.0044257640838623,1.8685858249664307,7.732013012982807,573.78125,261.11111111111114,491.05897408723837,212.16908640331692,656.5035259127617,310.05313581890533,0.012870978564023972,0.9999998807907104,
2026-07-15T21:50:31.423,33.34930494299624,20260715_214958_front_fusion_ego_1643,speedsweep_normal,fusion_ego_1643,6340548,1,vehicle,0.47981399297714233,107.16795707202357,77.90707552343244,1.2362923319641297,143.52114921644696,6.637448310852051,2.4255154132843018,2.975980520248413,16.522656630059302,403.6484375,225.55555555555557,381.4710796587169,200.31241211626266,425.8257953412831,250.79869899484848,0.7586290836334229,0.9999772310256958,
2026-07-15T21:50:31.423,33.34930494299624,20260715_214958_front_fusion_ego_1643,speedsweep_normal,fusion_ego_1643,6340548,2,person,0.19620640575885773,91.49617115818667,77.09400092159777,1.1669496797853718,-87.7276608823095,0.5152982473373413,0.4454542100429535,1.8843662738800049,22.4416429085616,163.4609375,234.44444444444446,157.0609722053632,220.2149009373453,169.8609027946368,248.6739879515436,0.9996426105499268,0.9892913699150085,
2026-07-15T21:50:31.423,33.34930494299624,20260715_214958_front_fusion_ego_1643,speedsweep_normal,fusion_ego_1643,6340548,3,vehicle,0.12878479063510895,122.18971505813958,71.99793078302598,0.9093793723258585,-57.93275036386934,4.543457984924316,1.7615315914154053,2.405526638031006,27.732550293140523,545.9817708333334,234.44444444444446,524.1329829966029,220.35843041208057,567.8305586700639,248.53045847680835,0.9515900611877441,0.09217444807291031,
2026-07-15T21:50:31.561,33.48649699205998,20260715_214958_front_fusion_ego_1643,speedsweep_normal,fusion_ego_1643,6340549,0,vehicle,0.8478781580924988,110.35433089694897,86.72106107085006,0.7641027002433554,-12.052905917252048,5.061806678771973,1.9198040962219238,1.6504510641098022,8.219474230699499,581.5651041666667,262.22222222222223,493.15785470108193,217.11970819367303,669.9723536322515,307.3247362507714,0.009301159530878067,1.0,
2026-07-15T21:50:31.561,33.48649699205998,20260715_214958_front_fusion_ego_1643,speedsweep_normal,fusion_ego_1643,6340549,1,vehicle,0.3080796003341675,106.97400720329202,73.76162329826786,1.0277167253815735,-149.0923764481195,6.762660980224609,2.476825714111328,3.0217883586883545,19.843861578356044,404.7604166666667,217.7777777777778,376.1464052523176,199.14886520968545,433.37442808101576,236.40669034587015,0.05382050201296806,0.9999749660491943,
2026-07-15T21:50:31.561,33.48649699205998,20260715_214958_front_fusion_ego_1643,speedsweep_normal,fusion_ego_1643,6340549,2,person,0.19948981702327728,90.61766131272915,77.2351111631139,0.9306548858404682,-121.62495147145533,0.8695911169052124,0.5349110960960388,1.9625211954116821,22.34752869060847,155.67708333333334,234.44444444444446,148.901215593641,218.78850486543445,162.45295107302567,250.10038402345447,0.9997199177742004,0.984853982925415,
2026-07-15T21:50:31.561,33.48649699205998,20260715_214958_front_fusion_ego_1643,speedsweep_normal,fusion_ego_1643,6340549,3,vehicle,0.19555948674678802,121.73776466943643,68.09480433924988,0.9935779909942362,-82.78897633158964,5.756569862365723,2.3706352710723877,2.390385627746582,30.02139851419468,538.1979166666667,226.66666666666669,500.0932735229532,214.97114996115369,576.3025598103802,238.3621833721797,0.0007285480387508869,0.012455780990421772,
2026-07-15T21:50:31.691,33.61689149402082,20260715_214958_front_fusion_ego_1643,speedsweep_normal,fusion_ego_1643,6340550,0,vehicle,0.9572364091873169,109.7248272529304,85.95160615440179,0.7647773477546345,14.938824677300257,5.394678592681885,1.9386670589447021,1.8225140571594238,7.869324760149656,581.5651041666667,262.22222222222223,503.19125200311345,215.02296103371515,659.93895633022,309.4214834107293,0.01461700163781643,1.0,
2026-07-15T21:50:31.691,33.61689149402082,20260715_214958_front_fusion_ego_1643,speedsweep_normal,fusion_ego_1643,6340550,1,vehicle,0.2287978082895279,107.67538705838511,73.62807094438222,1.374493072461059,-158.0082655620573,6.648883819580078,2.3851590156555176,2.8225176334381104,19.248936134179598,404.7604166666667,225.55555555555557,380.57331567878526,207.23012420866226,428.9475176545481,243.88098690244888,0.004987913183867931,0.9999289512634277,
2026-07-15T21:50:31.691,33.61689149402082,20260715_214958_front_fusion_ego_1643,speedsweep_normal,fusion_ego_1643,6340550,2,vehicle,0.10896595567464828,100.99713839875406,58.00578354000861,0.8890888934488146,-134.1130166701086,4.640439987182617,1.6400892734527588,1.7433884143829346,35.137631501082495,360.28125,226.66666666666669,350.55998123809695,219.22826046744984,370.00251876190305,234.10507286588353,0.00290748686529696,0.9999638795852661,
2026-07-15T21:50:31.821,33.747325461008586,20260715_214958_front_fusion_ego_1643,speedsweep_normal,fusion_ego_1643,6340551,0,vehicle,0.6918507814407349,110.38028340457815,86.11362683959148,0.673968061560374,29.546728133739755,5.169036388397217,2.0127525329589844,1.7478879690170288,7.394572470743022,582.6770833333334,270.0,485.04016584654653,218.68326902389526,680.3140008201202,321.31673097610474,0.014654314145445824,0.9999997615814209,
2026-07-15T21:50:31.821,33.747325461008586,20260715_214958_front_fusion_ego_1643,speedsweep_normal,fusion_ego_1643,6340551,1,vehicle,0.19006846845149994,107.36627461473566,71.66528801095029,1.5359104276732214,-133.21503654674248,6.81408166885376,2.455510377883911,2.780107259750366,20.35374616633158,404.7604166666667,226.66666666666669,374.8496292854349,210.50999800364178,434.67120404789847,242.8233353296916,0.00854400359094143,0.9999878406524658,
2026-07-15T21:50:31.821,33.747325461008586,20260715_214958_front_fusion_ego_1643,speedsweep_normal,fusion_ego_1643,6340551,2,vehicle,0.1837015151977539,99.94002060313575,62.396304555832124,1.2761227418861658,-25.300126826031985,5.293173313140869,1.9447925090789795,1.6658763885498047,30.175114418844668,360.28125,234.44444444444446,342.97804191336036,226.11775633361606,377.58445808663964,242.77113255527286,0.0002262412162963301,0.998146653175354,
2026-07-15T21:50:31.821,33.747325461008586,20260715_214958_front_fusion_ego_1643,speedsweep_normal,fusion_ego_1643,6340551,3,person,0.14103619754314423,89.19034918875975,76.50347650763027,1.4932634400582572,-109.28113756037644,0.5283060669898987,0.4552602171897888,1.7751716375350952,22.795397869208177,136.7734375,235.55555555555557,128.8820547349751,219.38162061903213,144.6648202650249,251.729490492079,0.9962228536605835,0.9553210139274597,
2026-07-15T21:50:31.943,33.869031845009886,20260715_214958_front_fusion_ego_1643,speedsweep_normal,fusion_ego_1643,6340552,0,vehicle,0.8509149551391602,110.07959818943179,84.78246804586229,0.9620875245834557,-16.86983337412231,4.823812484741211,1.8125120401382446,1.7698370218276978,7.52743208521813,590.4609375,270.0,497.74790138006216,217.67438650131226,683.1739736199379,322.32561349868774,0.024599948897957802,1.0,
2026-07-15T21:50:31.943,33.869031845009886,20260715_214958_front_fusion_ego_1643,speedsweep_normal,fusion_ego_1643,6340552,1,vehicle,0.3515251576900482,108.71022927599026,74.74076990919353,1.5564374156183758,159.33414388762262,5.868200778961182,2.2309658527374268,2.2548439502716064,16.552479870819887,412.54427083333337,234.44444444444446,388.61496488129103,216.03455391195087,436.4735767853757,252.85433497693805,0.12133858352899551,0.9999423027038574,
2026-07-15T21:50:31.943,33.869031845009886,20260715_214958_front_fusion_ego_1643,speedsweep_normal,fusion_ego_1643,6340552,2,vehicle,0.2672745883464813,101.10384885856013,58.97360626593998,1.6520134262598063,-139.8547546946411,5.141841888427734,1.8779436349868774,1.6983423233032227,32.45778174138394,360.28125,234.44444444444446,343.557942353189,227.1358231869009,377.004557646811,241.75306570198802,0.0003676090273074806,0.9996165037155151,
2026-07-15T21:50:31.943,33.869031845009886,20260715_214958_front_fusion_ego_1643,speedsweep_normal,fusion_ego_1643,6340552,3,person,0.15564994513988495,108.56429395796684,79.17519375734491,1.2269054520599247,-153.0573535328238,0.7570448517799377,0.45127812027931213,1.8595168590545654,12.172599877585895,127.87760416666667,244.44444444444446,119.96445030036072,227.7469637658861,135.79075803297263,261.1419251230028,0.9993428587913513,0.9989575147628784,
2026-07-15T21:50:32.068,33.9937155629741,20260715_214958_front_fusion_ego_1643,speedsweep_normal,fusion_ego_1643,6340553,0,vehicle,0.8773690462112427,110.15440341258794,83.89904381205233,0.914231677537364,-26.62485501395935,4.837421894073486,1.8739440441131592,1.6408476829528809,7.521434320251443,599.3567708333334,271.11111111111114,487.3792886634668,219.27806562847562,711.3342530031999,322.94415659374664,0.009329339489340782,0.9999998807907104,
2026-07-15T21:50:32.068,33.9937155629741,20260715_214958_front_fusion_ego_1643,speedsweep_normal,fusion_ego_1643,6340553,1,vehicle,0.30489829182624817,107.8668734397501,74.60515102042754,1.6147643412930015,126.68761345738439,5.630715370178223,2.1541483402252197,2.38075852394104,15.64674777915849,413.65625,234.44444444444446,388.01248871162534,213.62285282876758,439.3000112883747,255.26603606012134,0.004367645364254713,0.9998034834861755,
2026-07-15T21:50:32.068,33.9937155629741,20260715_214958_front_fusion_ego_1643,speedsweep_normal,fusion_ego_1643,6340553,2,person,0.1879301369190216,113.79082293005509,79.27000333304949,1.220275291702503,123.23415377216308,0.5727489590644836,0.44219428300857544,1.9178251028060913,13.377598596807141,111.19791666666667,243.33333333333334,102.62622615757088,224.6148600180944,119.76960717576246,262.0518066485723,0.9995738863945007,0.996249258518219,
2026-07-15T21:50:32.068,33.9937155629741,20260715_214958_front_fusion_ego_1643,speedsweep_normal,fusion_ego_1643,6340553,3,vehicle,0.10114668309688568,107.10646543815456,70.75608608717178,1.6452241800406002,126.32254302006653,6.863720417022705,2.5341010093688965,3.1214778423309326,19.415569013322404,413.65625,224.44444444444446,390.8106967918575,205.1043548848894,436.5018032081426,243.7845340039995,0.01876235194504261,0.9973964691162109,
2026-07-15T21:50:32.201,34.1272228009766,20260715_214958_front_fusion_ego_1643,speedsweep_normal,fusion_ego_1643,6340554,0,vehicle,0.6168081164360046,113.08740452654251,82.66539386888125,0.8719167695751295,-20.035945087522666,4.136356353759766,1.63637375831604,1.5323011875152588,9.693262391872324,608.2526041666667,271.11111111111114,520.9550835589569,220.77153033680386,695.5501247743766,321.4506918854184,0.025378162041306496,0.9999997615814209,
2026-07-15T21:50:32.201,34.1272228009766,20260715_214958_front_fusion_ego_1643,speedsweep_normal,fusion_ego_1643,6340554,1,vehicle,0.21446382999420166,111.24717765572355,83.1983146790429,0.7020327985288191,16.140338184094432,4.753901481628418,1.92849862575531,1.4472254514694214,8.051151039563841,598.2447916666667,271.11111111111114,494.3505289653937,227.15408987469144,702.1390543679397,315.0681323475308,0.01086364034563303,0.9999986886978149,
2026-07-15T21:50:32.201,34.1272228009766,20260715_214958_front_fusion_ego_1643,speedsweep_normal,fusion_ego_1643,6340554,2,vehicle,0.21081705391407013,105.58998949330976,71.09463394348533,1.4840456458749935,-134.09758574271314,7.2375264167785645,2.5831453800201416,3.11673641204834,18.180519516251916,413.65625,225.55555555555557,386.32670890539885,201.6813025209639,440.9857910946012,249.42980859014725,0.15303225815296173,0.9885695576667786,
2026-07-15T21:50:32.201,34.1272228009766,20260715_214958_front_fusion_ego_1643,speedsweep_normal,fusion_ego_1643,6340554,3,person,0.18924875557422638,111.2736459261205,75.95043994938177,0.9257157926335999,163.1629709077793,0.4307505786418915,0.3889603316783905,1.824507713317871,14.32964302266577,92.29427083333334,235.55555555555557,83.99153252256414,216.3468388054106,100.59700914410254,254.76427230570053,0.997230589389801,0.9906456470489502,
2026-07-15T21:50:32.322,34.247932765982114,20260715_214958_front_fusion_ego_1643,speedsweep_normal,fusion_ego_1643,6340555,0,vehicle,0.7353542447090149,112.92046090708537,81.66502066098279,0.745466616795512,-24.589053128485563,5.1731438636779785,2.0242197513580322,1.684067964553833,9.717836237670035,600.46875,270.0,479.876525849104,226.872296333313,721.0609741508961,313.127703666687,0.010096495039761066,0.999998927116394,
2026-07-15T21:50:32.322,34.247932765982114,20260715_214958_front_fusion_ego_1643,speedsweep_normal,fusion_ego_1643,6340555,1,vehicle,0.1282067894935608,97.58413848583035,54.01820755628006,1.1420545478300923,-151.09634611939626,4.930019378662109,1.8654361963272095,1.8073782920837402,35.48515429802669,360.28125,226.66666666666669,342.40315217524767,219.36423684159917,378.15934782475233,233.9690964917342,0.026017053052783012,0.9996566772460938,
2026-07-15T21:50:32.322,34.247932765982114,20260715_214958_front_fusion_ego_1643,speedsweep_normal,fusion_ego_1643,6340555,2,person,0.12110871821641922,107.2587435655187,76.22124937830732,0.9508834880178294,-161.72474346887122,0.7236526012420654,0.5166435241699219,1.8580536842346191,12.332533694747937,75.61458333333334,235.55555555555557,66.07760977124175,215.46204778883194,85.15155689542493,255.6490633222792,0.9992696642875671,0.9943234920501709,
2026-07-15T21:50:32.322,34.247932765982114,20260715_214958_front_fusion_ego_1643,speedsweep_normal,fusion_ego_1643,6340555,3,vehicle,0.10415896773338318,124.99204687363573,64.49901077175932,1.1480412536663458,-99.59295434425549,6.163753986358643,2.392052412033081,2.5894548892974854,30.57185557706727,563.7734375,234.44444444444446,509.9738863110543,222.20203157928256,617.5729886889458,246.68685730960635,0.0006009277421981096,0.20490801334381104,
2026-07-15T21:50:32.457,34.382529529044405,20260715_214958_front_fusion_ego_1643,speedsweep_normal,fusion_ego_1643,6340556,0,vehicle,0.5657064914703369,112.21214445539994,81.30331073474728,0.8086080687047117,-0.7878417906481863,4.873126029968262,1.9491111040115356,1.5859875679016113,8.927762228871677,600.46875,270.0,485.8171119987965,216.78435444831848,715.1203880012035,323.2156455516815,0.019486522302031517,0.9999991655349731,
2026-07-15T21:50:32.457,34.382529529044405,20260715_214958_front_fusion_ego_1643,speedsweep_normal,fusion_ego_1643,6340556,1,person,0.16599538922309875,114.65562546916347,75.81643585818367,0.9316656203463687,-9.810484389671709,0.4702850580215454,0.49060189723968506,1.592315912246704,14.702656245995538,48.927083333333336,243.33333333333334,36.70978839074572,224.36496396859488,61.14437827592095,262.30170269807184,0.9876528978347778,0.9912174940109253,
2026-07-15T21:50:32.457,34.382529529044405,20260715_214958_front_fusion_ego_1643,speedsweep_normal,fusion_ego_1643,6340556,2,vehicle,0.1603158563375473,99.78747678597801,58.66795217669389,1.166851422187583,-75.67125616287149,5.593366622924805,2.01957368850708,1.7987786531448364,29.718985448000225,360.28125,234.44444444444446,343.16149086132646,226.69420686033038,377.40100913867354,242.19468202855853,0.00014576803368981928,0.9977549910545349,
2026-07-15T21:50:32.593,34.518589006969705,20260715_214958_front_fusion_ego_1643,speedsweep_normal,fusion_ego_1643,6340557,0,vehicle,0.7213600873947144,111.28654788310494,80.69350645275242,0.9274148386838545,-63.131535454019705,5.115940093994141,1.9534096717834473,1.6064671277999878,8.148488873008604,608.2526041666667,271.11111111111114,481.81178716818494,229.42383236355252,734.6934211651485,312.79838985866974,0.02991642616689205,0.9999996423721313,
2026-07-15T21:50:32.593,34.518589006969705,20260715_214958_front_fusion_ego_1643,speedsweep_normal,fusion_ego_1643,6340557,1,vehicle,0.1688694953918457,99.89123092345397,55.746041222042464,1.8137117880088791,-86.59203762577903,5.146512985229492,1.9804471731185913,1.9378541707992554,31.763760417830426,360.28125,234.44444444444446,344.7728673145175,225.69629636075763,375.7896326854825,243.19259252813129,0.0014117587124928832,0.9992833733558655,
2026-07-15T21:50:32.593,34.518589006969705,20260715_214958_front_fusion_ego_1643,speedsweep_normal,fusion_ego_1643,6340557,2,vehicle,0.11999963223934174,105.66759836107063,66.42293315114563,1.7424044708873132,-16.561289586461328,5.104987144470215,1.9630554914474487,2.3983566761016846,20.487473077358096,421.4401041666667,234.44444444444446,402.7933678800861,219.4792201783922,440.08684045324725,249.4096687104967,0.010589617304503918,0.9934428930282593,
2026-07-15T21:50:32.716,34.641376869985834,20260715_214958_front_fusion_ego_1643,speedsweep_normal,fusion_ego_1643,6340558,0,vehicle,0.8280256986618042,109.3633411181544,80.340645688722,0.918887631420418,-42.58997201164113,4.283153533935547,1.6577545404434204,1.559495210647583,6.603781344990949,608.2526041666667,278.8888888888889,516.8990620921056,225.29210143619113,699.6061462412279,332.48567634158667,0.014524750411510468,0.9999924898147583,
2026-07-15T21:50:32.716,34.641376869985834,20260715_214958_front_fusion_ego_1643,speedsweep_normal,fusion_ego_1643,6340558,1,vehicle,0.3067830502986908,98.83306442650883,53.13727301246768,1.9739953942822517,-157.91833987558323,5.476017475128174,2.072640895843506,1.9036961793899536,33.664066126509354,359.16927083333337,235.55555555555557,341.00109473740065,226.77341226074432,377.3374469292661,244.33769885036682,0.01944316178560257,0.9997159838676453,
2026-07-15T21:50:32.716,34.641376869985834,20260715_214958_front_fusion_ego_1643,speedsweep_normal,fusion_ego_1643,6340558,2,vehicle,0.11179333925247192,106.20250507296606,68.87500991569469,1.391070269399191,143.48848282352705,4.350443363189697,1.6914423704147339,1.6722567081451416,17.142721033518228,421.4401041666667,243.33333333333334,397.294203872482,231.29176874955496,445.58600446085137,255.37489791711172,0.009294715709984303,0.9976660013198853,
2026-07-15T21:50:32.716,34.641376869985834,20260715_214958_front_fusion_ego_1643,speedsweep_normal,fusion_ego_1643,6340558,3,vehicle,0.06762129068374634,92.40043666713136,75.45160191230825,1.4604287529241642,1.9859455820341416,3.13843035697937,1.3684360980987549,1.6020551919937134,17.260624484699207,12.231770833333334,244.44444444444446,-5.871604959170024,227.51379754808215,30.335146625836693,261.37509134080676,0.9871708750724792,0.9514685273170471,
2026-07-15T21:50:32.851,34.77705508598592,20260715_214958_front_fusion_ego_1643,speedsweep_normal,fusion_ego_1643,6340559,0,vehicle,0.3471424877643585,98.73164941855947,53.125721599299034,1.520508213751251,167.0241776608892,5.348514556884766,2.0173723697662354,1.733193039894104,32.805698905568576,351.3854166666667,234.44444444444446,332.228770694385,227.03017320897845,370.5420626389484,241.85871567991046,0.001645418000407517,0.9994256496429443,
2026-07-15T21:50:32.851,34.77705508598592,20260715_214958_front_fusion_ego_1643,speedsweep_normal,fusion_ego_1643,6340559,1,vehicle,0.20269273221492767,110.87442463959636,79.5183324061533,0.9440570222314579,-35.26401632524026,4.40327787399292,1.7102339267730713,1.675803780555725,7.404740784511795,609.3645833333334,278.8888888888889,509.0388119568428,220.51778727107578,709.690354709824,337.259990506702,0.01886918768286705,0.9988553524017334,
2026-07-15T21:50:32.851,34.77705508598592,20260715_214958_front_fusion_ego_1643,speedsweep_normal,fusion_ego_1643,6340559,2,vehicle,0.12918533384799957,109.05604318776669,62.2850252852099,1.6411437795134949,-167.57532358557546,6.326912879943848,2.277033805847168,2.998626947402954,23.01589801235757,421.4401041666667,226.66666666666669,401.002466733257,211.1473212639491,441.8777416000764,242.18601206938428,0.0033441842533648014,0.9543006420135498,
2026-07-15T21:50:32.851,34.77705508598592,20260715_214958_front_fusion_ego_1643,speedsweep_normal,fusion_ego_1643,6340559,3,person,0.12002618610858917,94.35876213090125,60.6052771550556,1.1715963004876735,-160.0831657193805,0.4673604667186737,0.5084545016288757,1.5116472244262695,27.149477281632958,243.52343750000003,234.44444444444446,239.4347530184314,225.16975816753177,247.61212198156866,243.71913072135715,0.9999743700027466,0.978898286819458,
2026-07-15T21:50:32.851,34.77705508598592,20260715_214958_front_fusion_ego_1643,speedsweep_normal,fusion_ego_1643,6340559,4,person,0.07572655379772186,92.54101479115052,68.3671625484866,1.3570085409080281,0.1521320464315364,0.7162454128265381,0.4969988465309143,1.7892860174179077,21.51128745950747,65.60677083333334,234.44444444444446,58.718342849363886,222.5354525115755,72.49519881730279,246.35343637731341,0.9954173564910889,0.843288242816925,
2026-07-15T21:50:32.981,34.90666267205961,20260715_214958_front_fusion_ego_1643,speedsweep_normal,fusion_ego_1643,6340560,0,vehicle,0.7061025500297546,110.42425923614998,77.97230283276879,0.9826086246566652,-21.445204749624057,4.566204071044922,1.7731293439865112,1.5868638753890991,7.666740271290741,618.2604166666667,278.8888888888889,486.77607865134877,227.47927122645908,749.7447546819847,330.2985065513187,0.0015110450331121683,0.9999862909317017,
2026-07-15T21:50:32.981,34.90666267205961,20260715_214958_front_fusion_ego_1643,speedsweep_normal,fusion_ego_1643,6340560,1,vehicle,0.4207347333431244,107.51599704055963,62.96728689568879,1.5529178103110388,-112.14238954642018,7.201385021209717,2.5436761379241943,3.205885648727417,21.33183609924167,421.4401041666667,225.55555555555557,397.97777970756096,207.58582803938125,444.9024286257724,243.5252830717299,0.0029908332508057356,0.9996799230575562,
2026-07-15T21:50:32.981,34.90666267205961,20260715_214958_front_fusion_ego_1643,speedsweep_normal,fusion_ego_1643,6340560,2,person,0.33069145679473877,87.60868924765822,56.70248861414772,1.0202394685538496,-116.43094128461493,0.40640953183174133,0.3763469457626343,1.7596721649169922,33.158869638329826,234.62760416666669,226.66666666666669,231.72109752350178,217.9269290963809,237.5341108098316,235.40640423695248,0.9997313618659973,0.9991641044616699,
2026-07-15T21:50:32.981,34.90666267205961,20260715_214958_front_fusion_ego_1643,speedsweep_normal,fusion_ego_1643,6340560,3,person,0.2175174206495285,82.73288115467743,64.04968390343214,1.1556691978585958,-53.134459997630884,0.48622769117355347,0.4149954915046692,1.7920302152633667,30.85895423571685,48.927083333333336,226.66666666666669,42.91150169291844,214.90738312403363,54.94266497374823,238.42595020929974,0.9131760597229004,0.9954438209533691,
2026-07-15T21:50:32.981,34.90666267205961,20260715_214958_front_fusion_ego_1643,speedsweep_normal,fusion_ego_1643,6340560,4,vehicle,0.19973622262477875,99.59125663001278,57.41174689284489,1.0025809249001858,142.18186376269153,4.835588455200195,1.8568328619003296,1.5615226030349731,27.611242536106978,350.2734375,234.44444444444446,331.79194938391447,226.787492301729,368.75492561608553,242.1013965871599,0.00038084492553025484,0.9984184503555298,
2026-07-15T21:50:33.111,35.037089733057655,20260715_214958_front_fusion_ego_1643,speedsweep_normal,fusion_ego_1643,6340561,0,vehicle,0.7630581855773926,110.65770226373225,76.75654539666354,0.7560560035474151,-25.193150681303372,4.565481185913086,1.7703144550323486,1.4858887195587158,8.177990344429103,618.2604166666667,278.8888888888889,492.3585284749667,227.0411091380649,744.1623048583667,330.7366686397129,0.0014504960272461176,0.9999970197677612,
2026-07-15T21:50:33.111,35.037089733057655,20260715_214958_front_fusion_ego_1643,speedsweep_normal,fusion_ego_1643,6340561,1,vehicle,0.19612176716327667,99.05626457695739,57.19068245058865,0.5798064850541362,117.46297000010843,5.017385959625244,1.7917873859405518,1.6337538957595825,27.2190164256922,342.48958333333337,234.44444444444446,326.166163088133,225.86260941293506,358.81300357853377,243.02627947595386,2.7532014428288676e-05,0.9989270567893982,
2026-07-15T21:50:33.111,35.037089733057655,20260715_214958_front_fusion_ego_1643,speedsweep_normal,fusion_ego_1643,6340561,2,vehicle,0.18249157071113586,107.05870864136706,61.460828410127675,1.3230040193672996,-130.29910797461363,6.902681350708008,2.4439749717712402,3.017956018447876,22.03786015293705,421.4401041666667,225.55555555555557,398.69643363604945,209.3921134206984,444.1837746972839,241.71899769041275,0.024090537801384926,0.9768945574760437,
2026-07-15T21:50:33.229,35.15517509600613,20260715_214958_front_fusion_ego_1643,speedsweep_normal,fusion_ego_1643,6340562,0,vehicle,0.7745711803436279,111.02159462209302,75.86591022775427,0.8789047032868211,-61.529898627013395,4.540322303771973,1.7192471027374268,1.3946925401687622,8.495484871480732,617.1484375,278.8888888888889,484.5888760685921,228.07291203074985,749.7079989314079,329.70486574702795,0.01356425415724516,0.999997615814209,
2026-07-15T21:50:33.229,35.15517509600613,20260715_214958_front_fusion_ego_1643,speedsweep_normal,fusion_ego_1643,6340562,1,vehicle,0.294154554605484,105.97809502594139,60.4409458562935,1.5090626923105979,-99.7809645221359,7.312432289123535,2.5206243991851807,3.288991928100586,22.287660809639977,422.55208333333337,225.55555555555557,401.1726423588892,208.17526671621536,443.9315243077775,242.93584439489578,0.0028776254039257765,0.9998100399971008,
2026-07-15T21:50:33.229,35.15517509600613,20260715_214958_front_fusion_ego_1643,speedsweep_normal,fusion_ego_1643,6340562,2,vehicle,0.2242444008588791,99.67164806802568,58.23674092081015,1.1724799289070789,118.7583462287653,5.178943157196045,1.930015206336975,1.9557609558105469,25.31406342340278,341.3776041666667,234.44444444444446,321.0233416284124,224.70588442352084,361.73186670492095,244.18300446536807,0.0001435950689483434,0.9998754262924194,
2026-07-15T21:50:33.360,35.28508168703411,20260715_214958_front_fusion_ego_1643,speedsweep_normal,fusion_ego_1643,6340563,0,vehicle,0.49573761224746704,109.42434191907195,76.25347268080938,0.952219707862759,16.329422281550173,4.406832218170166,1.7287729978561401,1.6250300407409668,6.632395674517329,609.3645833333334,278.8888888888889,511.04759750266874,217.3081808620029,707.681569163998,340.4695969157749,0.008435932919383049,0.9999047517776489,
2026-07-15T21:50:33.360,35.28508168703411,20260715_214958_front_fusion_ego_1643,speedsweep_normal,fusion_ego_1643,6340563,1,vehicle,0.28994277119636536,100.10093991776054,55.57570529527207,1.4939432945016176,-106.21129306736907,5.515511512756348,2.12218976020813,2.1260766983032227,27.020439250421575,333.59375,235.55555555555557,311.2440335638821,225.06736907694076,355.9434664361179,246.04374203417038,0.0005286826635710895,0.9996750354766846,
2026-07-15T21:50:33.360,35.28508168703411,20260715_214958_front_fusion_ego_1643,speedsweep_normal,fusion_ego_1643,6340563,2,person,0.2771756052970886,90.67161463756686,60.90198988219993,1.0231970851138747,174.7573543895189,0.47283920645713806,0.42474329471588135,1.6786980628967285,26.062091533029125,217.94791666666669,234.44444444444446,213.21425187649828,223.17277756002215,222.6815814568351,245.71611132886676,0.9982563853263855,0.9945900440216064,
2026-07-15T21:50:33.360,35.28508168703411,20260715_214958_front_fusion_ego_1643,speedsweep_normal,fusion_ego_1643,6340563,3,vehicle,0.13784322142601013,107.8819804364714,60.8639448294905,1.7775236843957374,128.36025612028973,6.340660572052002,2.2737345695495605,3.0415115356445312,21.147610043504887,421.4401041666667,226.66666666666669,400.0459667245547,210.35693327585858,442.83424160877865,242.9764000574748,0.00029890192672610283,0.9066752195358276,
2026-07-15T21:50:33.487,35.413243188057095,20260715_214958_front_fusion_ego_1643,speedsweep_normal,fusion_ego_1643,6340564,0,vehicle,0.7787590026855469,109.89118895521125,74.79248214195437,0.945876854527671,-66.48744895078582,4.8768391609191895,1.8320319652557373,1.6165376901626587,7.378191087551614,618.2604166666667,280.0,510.4738408724467,227.90030360221863,726.0469924608867,332.0996963977814,0.0028593235183507204,0.9999774694442749,
2026-07-15T21:50:33.487,35.413243188057095,20260715_214958_front_fusion_ego_1643,speedsweep_normal,fusion_ego_1643,6340564,1,vehicle,0.1811155378818512,96.20363152322797,55.38505949509149,1.8742570173312822,-140.20045323285535,5.051990985870361,2.0315358638763428,2.011992931365967,27.496327592207315,324.6979166666667,235.55555555555557,299.24338969836634,224.05215475294327,350.152443634967,247.05895635816788,0.0009720835951156914,0.9993244409561157,
2026-07-15T21:50:33.610,35.53585410199594,20260715_214958_front_fusion_ego_1643,speedsweep_normal,fusion_ego_1643,6340565,0,vehicle,0.7615984678268433,110.03319451466183,74.38778784110795,0.9723859223968336,-16.523059556604675,4.49314546585083,1.7820266485214233,1.4474492073059082,7.04390295493254,627.15625,287.77777777777777,502.9955154359341,233.9866982565986,751.3169845640659,341.56885729895697,0.0011178086278960109,0.9999874830245972,
2026-07-15T21:50:33.610,35.53585410199594,20260715_214958_front_fusion_ego_1643,speedsweep_normal,fusion_ego_1643,6340565,1,vehicle,0.2167206108570099,105.54889476292075,60.06424601425209,1.7801388526835142,-97.7812866807511,7.589748382568359,2.670243740081787,3.275740385055542,20.102704786566065,422.55208333333337,225.55555555555557,397.17289504905546,206.0537824365828,447.9312716176113,245.05732867452835,0.0003819321864284575,0.9968324303627014,
2026-07-15T21:50:33.610,35.53585410199594,20260715_214958_front_fusion_ego_1643,speedsweep_normal,fusion_ego_1643,6340565,2,vehicle,0.1612747460603714,100.73712797764172,59.29234291676087,0.9983828390004357,-103.38146016434581,4.899162292480469,1.8155033588409424,1.574370265007019,21.539695373863516,315.80208333333337,243.33333333333334,288.6044143637022,232.1557038029035,342.99975230296457,254.51096286376318,4.284317128622206e-06,0.9999285936355591,
2026-07-15T21:50:33.728,35.65432412805967,20260715_214958_front_fusion_ego_1643,speedsweep_normal,fusion_ego_1643,6340566,0,vehicle,0.7878618836402893,110.48873319162794,73.75332051306711,0.761144484126028,-81.3061822504537,5.080864906311035,1.9190647602081299,1.7800819873809814,7.170620826037284,634.9401041666667,271.11111111111114,495.2774737874667,220.34560985035367,774.6027345458667,321.8766123718686,0.11097165942192078,0.9999680519104004,
2026-07-15T21:50:33.728,35.65432412805967,20260715_214958_front_fusion_ego_1643,speedsweep_normal,fusion_ego_1643,6340566,1,vehicle,0.3925536572933197,99.88507001567278,62.55880432650026,0.7398936718578852,109.80777589881043,5.258341312408447,2.040717840194702,1.7225909233093262,17.874899473400458,298.0104166666667,235.55555555555557,257.8859898845355,220.74710730049347,338.1348434487979,250.36400381061767,0.007242257706820965,0.9999861717224121,
2026-07-15T21:50:33.728,35.65432412805967,20260715_214958_front_fusion_ego_1643,speedsweep_normal,fusion_ego_1643,6340566,2,vehicle,0.35584557056427,105.73316770140421,60.085808751212724,1.4104444728205365,120.8626544700332,6.750023365020752,2.374079465866089,3.2186577320098877,19.237218140118586,430.33593750000006,225.55555555555557,409.7062692977488,204.7796044084761,450.96560570225125,246.33150670263504,0.0337601937353611,0.9999464750289917,
2026-07-15T21:50:33.864,35.79011847707443,20260715_214958_front_fusion_ego_1643,speedsweep_normal,fusion_ego_1643,6340567,0,vehicle,0.5238558650016785,111.56306817914461,71.73659289809873,0.9167105746442967,-67.37376914825506,4.314332962036133,1.7368425130844116,1.879952311515808,8.801583083855794,618.2604166666667,271.11111111111114,528.895649145047,223.24788517422147,707.6251841882865,318.9743370480008,0.09513362497091293,0.9992212057113647,
2026-07-15T21:50:33.864,35.79011847707443,20260715_214958_front_fusion_ego_1643,speedsweep_normal,fusion_ego_1643,6340567,1,vehicle,0.5014564394950867,99.35598816849317,63.67940168917276,0.7479810602063859,111.93621011777145,5.137022495269775,2.05403995513916,1.6827062368392944,16.33147094834303,280.21875,235.55555555555557,235.21187001466754,218.18377647134994,325.2256299853325,252.9273346397612,0.32368454337120056,0.9999977350234985,
2026-07-15T21:50:33.864,35.79011847707443,20260715_214958_front_fusion_ego_1643,speedsweep_normal,fusion_ego_1643,6340567,2,vehicle,0.27715829014778137,105.96322400415383,60.25249157370543,1.1851234373445765,60.385647989956254,6.24393367767334,2.2636585235595703,2.9485113620758057,18.310547914423214,430.33593750000006,225.55555555555557,406.03848495334387,206.3562372657988,454.6333900466562,244.75487384531235,0.028923550620675087,0.9991821646690369,
2026-07-15T21:50:33.864,35.79011847707443,20260715_214958_front_fusion_ego_1643,speedsweep_normal,fusion_ego_1643,6340567,3,person,0.25212129950523376,91.32920926336091,59.26939367295239,0.8245961166511577,-31.327114147791455,0.7411916255950928,0.431238055229187,1.9852083921432495,24.269364971691946,181.25260416666669,226.66666666666669,177.09875869068009,215.39986262718838,185.40644964265329,237.933470706145,0.999382734298706,0.9996092915534973,
2026-07-15T21:50:34.004,35.930465823970735,20260715_214958_front_fusion_ego_1643,speedsweep_normal,fusion_ego_1643,6340568,0,vehicle,0.49188950657844543,105.66285060018595,59.30941636402645,1.2197900356741878,-29.367584689746476,6.482719421386719,2.322864532470703,3.07094407081604,18.52391109686754,430.33593750000006,225.55555555555557,405.3299192376435,203.76250359747146,455.3419557623566,247.34860751363968,0.287704735994339,0.9999935626983643,
2026-07-15T21:50:34.004,35.930465823970735,20260715_214958_front_fusion_ego_1643,speedsweep_normal,fusion_ego_1643,6340568,1,vehicle,0.31002748012542725,98.77331105484471,65.25930813888247,0.8374327779371069,43.297458031840144,4.933339595794678,1.9970799684524536,1.700153112411499,14.532471388807878,253.53125000000003,243.33333333333334,208.30172942578793,225.01161952813467,298.7607705742121,261.65504713853204,0.3938739597797394,0.9999966621398926,
2026-07-15T21:50:34.004,35.930465823970735,20260715_214958_front_fusion_ego_1643,speedsweep_normal,fusion_ego_1643,6340568,2,vehicle,0.20488715171813965,110.93330506470555,71.80353618787414,0.9630570284081243,1.2223352942778447,4.561403274536133,1.8066738843917847,1.645790696144104,7.786056718307003,618.2604166666667,278.8888888888889,513.3716871539752,229.89808373981052,723.1491461793582,327.8796940379673,0.008808602578938007,0.9998970031738281,
2026-07-15T21:50:34.142,36.06769301998429,20260715_214958_front_fusion_ego_1643,speedsweep_normal,fusion_ego_1643,6340569,0,vehicle,0.2970072627067566,111.01885276507099,71.5603066381055,0.9217030983139338,-52.21992814042698,4.249599933624268,1.6821585893630981,1.5929677486419678,7.441482409534351,618.2604166666667,280.0,531.6053030143182,230.3450047969818,704.9155303190153,329.6549952030182,0.020381037145853043,0.9998911619186401,
2026-07-15T21:50:34.142,36.06769301998429,20260715_214958_front_fusion_ego_1643,speedsweep_normal,fusion_ego_1643,6340569,1,vehicle,0.27746304869651794,105.67827467839406,57.174439312888076,1.5253378060324754,-21.84449178506367,6.727664947509766,2.4325084686279297,3.100986957550049,19.871492549946378,430.33593750000006,225.55555555555557,404.5995434485376,206.90717730257248,456.07233155146247,244.20393380853866,0.003909461200237274,0.9993318915367126,
2026-07-15T21:50:34.142,36.06769301998429,20260715_214958_front_fusion_ego_1643,speedsweep_normal,fusion_ego_1643,6340569,2,vehicle,0.2469402551651001,96.2916470306713,65.38287571996966,0.9700983290926999,95.82090609337892,4.542971134185791,1.8885862827301025,1.6454389095306396,15.20393601250345,226.84375000000003,244.44444444444446,182.86253679543734,227.89419737127093,270.82496320456266,260.994691517618,0.728687047958374,0.9997925162315369,
2026-07-15T21:50:34.272,36.19771912298165,20260715_214958_front_fusion_ego_1643,speedsweep_normal,fusion_ego_1643,6340570,0,vehicle,0.42875346541404724,110.74899610783376,70.45933824445812,0.9748883426469042,22.87566068630876,4.264865875244141,1.670454502105713,1.6488746404647827,7.486017376178151,617.1484375,278.8888888888889,535.2381625026464,233.19237642818027,699.0587124973536,324.58540134959753,0.04607032239437103,0.9999936819076538,
2026-07-15T21:50:34.272,36.19771912298165,20260715_214958_front_fusion_ego_1643,speedsweep_normal,fusion_ego_1643,6340570,1,vehicle,0.21701277792453766,103.67478654250003,55.31300221432017,1.6500979140724132,80.59886296727684,7.053273677825928,2.515235185623169,3.3699522018432617,21.05333545687582,430.33593750000006,217.7777777777778,404.3497241772711,197.43520723448862,456.32215082272893,238.12034832106698,0.00012993811105843633,0.9997782111167908,
2026-07-15T21:50:34.403,36.329090508050285,20260715_214958_front_fusion_ego_1643,speedsweep_normal,fusion_ego_1643,6340571,0,vehicle,0.5175141096115112,105.49778876669998,56.87787248494692,1.2913171508265706,117.39379010164032,6.9073991775512695,2.3924448490142822,3.116859197616577,18.55889928834968,430.33593750000006,225.55555555555557,407.4950784444809,205.73648605081772,453.17679655551916,245.37462506029343,0.16681112349033356,0.9999879598617554,
2026-07-15T21:50:34.403,36.329090508050285,20260715_214958_front_fusion_ego_1643,speedsweep_normal,fusion_ego_1643,6340571,1,vehicle,0.50634765625,109.66275810078588,69.70707508082486,0.8995650963650328,5.31225912841211,4.545628547668457,1.8092354536056519,1.6343220472335815,6.816338581822814,617.1484375,278.8888888888889,503.9640856683255,229.54554849200778,730.3327893316746,328.23222928577,0.02178330533206463,0.9999977350234985,
2026-07-15T21:50:34.525,36.45120648806915,20260715_214958_front_fusion_ego_1643,speedsweep_normal,fusion_ego_1643,6340572,0,vehicle,0.6384763121604919,109.03358294771398,68.7713147624128,0.9912528453973319,-12.880450449227647,4.45717191696167,1.6900432109832764,1.5328363180160522,6.636774922128045,617.1484375,280.0,531.1577524393797,231.07228755950928,703.1391225606203,328.9277124404907,0.034554045647382736,0.9999997615814209,
2026-07-15T21:50:34.525,36.45120648806915,20260715_214958_front_fusion_ego_1643,speedsweep_normal,fusion_ego_1643,6340572,1,vehicle,0.26486319303512573,106.53376904076495,55.81567346982702,1.7090753571408062,60.62088568830252,7.0771050453186035,2.454214572906494,3.3303463459014893,18.84128548853378,430.33593750000006,225.55555555555557,408.1898734793067,203.5825452539656,452.48200152069336,247.52856585714554,0.0036998088471591473,0.9996569156646729,
2026-07-15T21:50:34.525,36.45120648806915,20260715_214958_front_fusion_ego_1643,speedsweep_normal,fusion_ego_1643,6340572,2,vehicle,0.0524667426943779,109.87672707497694,67.76188388914444,1.2064170528646165,-24.90349609372745,4.880466461181641,2.044468402862549,2.0283210277557373,7.907493460098401,607.140625,271.11111111111114,532.2835028171539,224.32841486401028,681.9977471828461,317.893807358212,0.30418139696121216,0.9999926090240479,
2026-07-15T21:50:34.653,36.57901307696011,20260715_214958_front_fusion_ego_1643,speedsweep_normal,fusion_ego_1643,6340573,0,vehicle,0.5674657821655273,109.4725889501468,68.20278571263819,0.846425123939081,8.796902579621939,4.5823564529418945,1.7585935592651367,1.5647677183151245,6.705602939939037,617.1484375,271.11111111111114,519.6382223665714,224.15444678730435,714.6586526334286,318.0677754349179,0.142218679189682,0.9999991655349731,
2026-07-15T21:50:34.653,36.57901307696011,20260715_214958_front_fusion_ego_1643,speedsweep_normal,fusion_ego_1643,6340573,1,vehicle,0.42141759395599365,104.95761418095867,53.01159102634722,1.2514571422430318,-35.85455758387913,6.854042053222656,2.4043946266174316,3.0337975025177,20.914190448485922,430.33593750000006,225.55555555555557,409.012484356761,206.52508947584366,451.6593906432391,244.58602163526749,0.09755617380142212,0.9998643398284912,
2026-07-15T21:50:34.781,36.70721873396542,20260715_214958_front_fusion_ego_1643,speedsweep_normal,fusion_ego_1643,6340574,0,vehicle,0.665312647819519,109.66698782384289,67.36297109483722,0.7379593626516767,20.808246341872522,4.701115131378174,1.8795201778411865,1.6276929378509521,6.9113711659527945,609.3645833333334,270.0,522.0924057414135,223.26208233833313,696.6367609252533,316.73791766166687,0.029005883261561394,0.999997615814209,
2026-07-15T21:50:34.781,36.70721873396542,20260715_214958_front_fusion_ego_1643,speedsweep_normal,fusion_ego_1643,6340574,1,vehicle,0.42721468210220337,105.34391092162181,55.54469221033415,0.9463090674193337,20.229423199032368,6.707765579223633,2.363058567047119,2.9324710369110107,17.644059649927925,430.33593750000006,225.55555555555557,405.72519997507334,200.58047744962906,454.9466750249267,250.53063366148209,0.61988365650177,0.9998534917831421,
2026-07-15T21:50:34.781,36.70721873396542,20260715_214958_front_fusion_ego_1643,speedsweep_normal,fusion_ego_1643,6340574,2,person,0.3078722357749939,91.90063460691596,58.413910156519314,0.5492973434410366,11.608655873927214,0.43082985281944275,0.3736429214477539,1.7279670238494873,20.431532652531175,84.51041666666667,234.44444444444446,75.69327812703948,219.8594215181139,93.32755520629387,249.02946737077502,0.9853858947753906,0.9266484379768372,
2026-07-15T21:50:34.781,36.70721873396542,20260715_214958_front_fusion_ego_1643,speedsweep_normal,fusion_ego_1643,6340574,3,person,0.13804082572460175,85.2696878249084,60.800066778368446,0.49854399659025184,-94.54303811798687,0.5333023071289062,0.3929216265678406,1.9006668329238892,24.162155872564952,2.2239583333333335,235.55555555555557,-0.2277287046114604,222.2105411026213,4.675645371278128,248.90057000848984,0.9968069791793823,0.16823773086071014,
2026-07-15T21:50:34.907,36.832816031062976,20260715_214958_front_fusion_ego_1643,speedsweep_normal,fusion_ego_1643,6340575,0,vehicle,0.6061227321624756,109.76895995490212,66.92969056809544,0.7390845152813488,-3.8607825729129583,4.389601230621338,1.7478164434432983,1.5586557388305664,6.7280376909385975,608.2526041666667,270.0,525.1249290804069,224.21348690986633,691.3802792529266,315.78651309013367,0.039541687816381454,0.9999988079071045,
2026-07-15T21:50:34.907,36.832816031062976,20260715_214958_front_fusion_ego_1643,speedsweep_normal,fusion_ego_1643,6340575,1,vehicle,0.29225480556488037,103.72131521206354,51.47094264866647,1.2144509003488908,36.387971638958334,7.070435047149658,2.507230281829834,3.157001256942749,21.09932880172662,430.33593750000006,217.7777777777778,405.912178684026,198.62955914603342,454.75969631597405,236.92599640952218,0.015614474192261696,0.9999912977218628,
2026-07-15T21:50:35.030,36.956011628964916,20260715_214958_front_fusion_ego_1643,speedsweep_normal,fusion_ego_1643,6340576,0,vehicle,0.5089167356491089,110.20207430105815,64.99480320258559,0.8889281644541758,37.143892946192445,4.725172996520996,1.8474361896514893,1.6971694231033325,7.960175691288184,608.2526041666667,262.22222222222223,520.5494935015838,219.7254957093133,695.9557148317497,304.71894873513116,0.11999411135911942,0.9999992847442627,
2026-07-15T21:50:35.030,36.956011628964916,20260715_214958_front_fusion_ego_1643,speedsweep_normal,fusion_ego_1643,6340576,1,vehicle,0.3294069766998291,103.77534684595543,51.684147699923145,0.958038303533276,-35.89683545649602,6.73736047744751,2.443782329559326,3.1667592525482178,20.16764043077201,430.33593750000006,217.7777777777778,407.47480975836515,196.0571579800712,453.1970652416349,239.4983975754844,0.30312779545783997,0.999958872795105,
2026-07-15T21:50:35.163,37.08881816302892,20260715_214958_front_fusion_ego_1643,speedsweep_normal,fusion_ego_1643,6340577,0,vehicle,0.7541275024414062,109.74651874247213,64.99143573230462,0.7592716894683655,22.87330387650593,4.874692916870117,1.8824390172958374,1.5990996360778809,7.150872694487047,608.2526041666667,270.0,509.6686417857806,216.45201444625854,706.8365665475528,323.54798555374146,0.010902353562414646,0.9999998807907104,
2026-07-15T21:50:35.163,37.08881816302892,20260715_214958_front_fusion_ego_1643,speedsweep_normal,fusion_ego_1643,6340577,1,vehicle,0.3344862759113312,103.6858485587223,49.03224304025971,1.3245368136421898,-26.965073127580855,6.967750549316406,2.516436815261841,3.1330955028533936,22.11436509464622,430.33593750000006,217.7777777777778,403.6234380751848,199.40602646933664,457.04843692481523,236.14952908621896,0.004575127735733986,0.9999946355819702,
2026-07-15T21:50:35.293,37.21910842007492,20260715_214958_front_fusion_ego_1643,speedsweep_normal,fusion_ego_1643,6340578,0,vehicle,0.7125024199485779,109.40798898124056,63.86039978612507,0.8979153659912313,-8.514177634692818,4.869630336761475,1.783914566040039,1.5390676259994507,7.348801540953382,608.2526041666667,271.11111111111114,513.3704909483592,225.89873022503323,703.1347173849742,316.323491997189,0.04914535954594612,1.0,
2026-07-15T21:50:35.293,37.21910842007492,20260715_214958_front_fusion_ego_1643,speedsweep_normal,fusion_ego_1643,6340578,1,vehicle,0.23712125420570374,104.24525733488895,50.034911370429384,1.5931160333302015,94.21769722734916,7.537746906280518,2.6503961086273193,3.4318008422851562,20.37023645227439,430.33593750000006,217.7777777777778,403.97777263075113,197.58185969458688,456.6941023692489,237.97369586096872,0.005842236801981926,0.9999639987945557,
2026-07-15T21:50:35.420,37.34558770805597,20260715_214958_front_fusion_ego_1643,speedsweep_normal,fusion_ego_1643,6340579,0,vehicle,0.8324180245399475,109.63493675925345,63.501947912250586,0.7958877815591265,8.66735774673004,4.728655815124512,1.870669960975647,1.63412606716156,7.176845066992403,600.46875,270.0,518.6406632363796,218.663592338562,682.2968367636204,321.336407661438,0.015379299409687519,0.9999995231628418,
2026-07-15T21:50:35.420,37.34558770805597,20260715_214958_front_fusion_ego_1643,speedsweep_normal,fusion_ego_1643,6340579,1,vehicle,0.34372666478157043,104.5306459454645,49.949789077459485,1.6010637808350991,97.93733474035858,7.831283092498779,2.6983954906463623,3.58504319190979,19.737367037831337,430.33593750000006,217.7777777777778,404.85806384310126,195.63757108317483,455.8138111568988,239.91798447238077,0.0019888689275830984,0.99998939037323,
2026-07-15T21:50:35.562,37.4876015400514,20260715_214958_front_fusion_ego_1643,speedsweep_normal,fusion_ego_1643,6340580,0,vehicle,0.8988924026489258,109.79793757455066,62.42893721209445,0.8557917454947401,5.897591097419569,4.86264181137085,1.8960583209991455,1.6901475191116333,7.579091697232717,600.46875,270.0,510.14553545415407,217.9075813293457,690.791964545846,322.0924186706543,0.014016852714121342,0.9999992847442627,
2026-07-15T21:50:35.562,37.4876015400514,20260715_214958_front_fusion_ego_1643,speedsweep_normal,fusion_ego_1643,6340580,1,vehicle,0.40153267979621887,104.0840075088859,46.95377653062515,1.6641062525051487,-67.21319166201131,7.8593268394470215,2.6809678077697754,3.8279025554656982,22.066407366237655,430.33593750000006,225.55555555555557,411.7767357863486,204.65522143575882,448.8951392136515,246.45588967535232,0.16302593052387238,0.9999954700469971,
2026-07-15T21:50:35.562,37.4876015400514,20260715_214958_front_fusion_ego_1643,speedsweep_normal,fusion_ego_1643,6340580,2,vehicle,0.1491444855928421,102.75965006411744,47.91141846485656,1.8254072822005805,5.930964332533004,7.83944034576416,2.8021414279937744,3.8055031299591064,21.273711679283025,430.33593750000006,215.55555555555557,403.4458142668009,193.33692464563583,457.2260607331992,237.7741864654753,0.005502423271536827,0.9999825954437256,
2026-07-15T21:50:35.562,37.4876015400514,20260715_214958_front_fusion_ego_1643,speedsweep_normal,fusion_ego_1643,6340580,3,vehicle,0.10162562131881714,98.25787073151243,40.63582236611375,1.026844756585044,-54.84851127302917,5.323516368865967,1.9990835189819336,1.8963063955307007,29.341141411617393,386.96875,234.44444444444446,372.456553671509,225.721636083391,401.480946328491,243.16725280549792,0.013431419618427753,0.9962104558944702,
2026-07-15T21:50:35.697,37.62334343907423,20260715_214958_front_fusion_ego_1643,speedsweep_normal,fusion_ego_1643,6340581,0,vehicle,0.8245909810066223,111.59653371095986,61.337578378287816,0.7833186579230698,-22.903400974012303,5.13942813873291,1.9329767227172852,1.3985084295272827,8.942029473303169,608.2526041666667,271.11111111111114,496.60060445467633,232.14384264416165,719.9046038786571,310.0783795780606,0.003444507485255599,1.0,
2026-07-15T21:50:35.697,37.62334343907423,20260715_214958_front_fusion_ego_1643,speedsweep_normal,fusion_ego_1643,6340581,1,vehicle,0.5099161863327026,105.56467249575347,48.14082388651575,1.4519685981394161,-145.09544122707948,7.735246181488037,2.6188812255859375,3.5884923934936523,20.11256598401229,430.33593750000006,225.55555555555557,410.6916913948953,204.6826657983992,449.98018360510474,246.42844531271194,0.14693231880664825,0.9999279975891113,
2026-07-15T21:50:35.697,37.62334343907423,20260715_214958_front_fusion_ego_1643,speedsweep_normal,fusion_ego_1643,6340581,2,vehicle,0.08205457776784897,98.89414000372835,41.79324722868086,0.9860448551875156,-38.80113108458193,5.055567264556885,1.93133544921875,1.7878453731536865,27.39247709206514,385.85677083333337,234.44444444444446,368.26742781822884,225.347501900461,403.4461138484379,243.54138698842792,0.0034537320025265217,0.9836845397949219,
2026-07-15T21:50:35.837,37.76272479305044,20260715_214958_front_fusion_ego_1643,speedsweep_normal,fusion_ego_1643,6340582,0,vehicle,0.7442832589149475,110.00913663706778,61.504488737091144,0.8239002661263162,15.294612107406621,4.908938884735107,1.8917227983474731,1.734392762184143,7.31830214425867,600.46875,270.0,512.7414161711931,216.75855159759521,688.1960838288069,323.2414484024048,0.00710778683423996,0.9999996423721313,
2026-07-15T21:50:35.837,37.76272479305044,20260715_214958_front_fusion_ego_1643,speedsweep_normal,fusion_ego_1643,6340582,1,vehicle,0.259124219417572,106.76670171947971,50.122615498534884,1.4378574894902214,100.21234686594535,7.4932708740234375,2.501580238342285,3.6003668308258057,17.459849959845588,430.33593750000006,225.55555555555557,406.35708286613226,196.66324350568985,454.3147921338678,254.4478676054213,0.22514623403549194,0.999908447265625,
2026-07-15T21:50:35.837,37.76272479305044,20260715_214958_front_fusion_ego_1643,speedsweep_normal,fusion_ego_1643,6340582,2,vehicle,0.18125754594802856,101.25499854583349,43.69250868436819,0.9451791884493126,-39.23346438995848,5.253487586975098,1.9620516300201416,1.9250842332839966,24.34019894864228,378.0729166666667,234.44444444444446,361.78992244477075,224.07572444942264,394.3559108885626,244.81316443946628,0.004398360848426819,0.9990625977516174,
2026-07-15T21:50:35.969,37.89500084903557,20260715_214958_front_fusion_ego_1643,speedsweep_normal,fusion_ego_1643,6340583,0,vehicle,0.7289190888404846,109.77579617141608,61.26676555491851,0.9033329872111651,5.43050823575547,4.790151119232178,1.858081579208374,1.6882951259613037,6.818826920468692,599.3567708333334,270.0,508.473420282205,219.9912178516388,690.2401213844618,320.0087821483612,0.024870028719305992,0.9999997615814209,
2026-07-15T21:50:35.969,37.89500084903557,20260715_214958_front_fusion_ego_1643,speedsweep_normal,fusion_ego_1643,6340583,1,vehicle,0.4460570514202118,102.25363235352751,43.75234497991829,1.629915819196344,-47.24599329267886,8.102202415466309,2.8890321254730225,3.5784521102905273,23.42890665720159,422.55208333333337,217.7777777777778,390.8298270677527,196.94180236922372,454.274339598914,238.61375318633188,0.0016071973368525505,0.9999679327011108,
2026-07-15T21:50:35.969,37.89500084903557,20260715_214958_front_fusion_ego_1643,speedsweep_normal,fusion_ego_1643,6340583,2,vehicle,0.26491600275039673,101.17067436572297,45.47646066535971,1.0228221921805876,-36.411004488738676,5.433281898498535,2.0835137367248535,2.1027450561523438,21.945555484478977,378.0729166666667,234.44444444444446,359.6835045690338,220.91455068853168,396.46232876429957,247.97433820035724,0.024487940594553947,0.9996401071548462,
2026-07-15T21:50:36.094,38.01970824203454,20260715_214958_front_fusion_ego_1643,speedsweep_normal,fusion_ego_1643,6340584,0,vehicle,0.8706300258636475,109.48815916281696,59.9338974799845,0.8265453168437538,-9.301362342398631,4.999433994293213,1.9296610355377197,1.6217719316482544,7.235306352755905,600.46875,270.0,503.8149162828923,220.42430877685547,697.1225837171078,319.57569122314453,0.030551902949810028,0.9999998807907104,
2026-07-15T21:50:36.094,38.01970824203454,20260715_214958_front_fusion_ego_1643,speedsweep_normal,fusion_ego_1643,6340584,1,vehicle,0.5244823694229126,101.22505257202418,46.09100454485146,1.1506093178709889,-32.61033435838003,5.79164457321167,2.1650397777557373,2.298086643218994,20.673448224451132,376.9609375,234.44444444444446,356.5459548011422,219.64887079265384,397.3759201988578,249.24001809623508,0.23891006410121918,0.9999982118606567,
2026-07-15T21:50:36.094,38.01970824203454,20260715_214958_front_fusion_ego_1643,speedsweep_normal,fusion_ego_1643,6340584,2,vehicle,0.5110719203948975,103.03581507078647,43.56430332800596,1.7477069998433694,-58.08010500143743,8.452852249145508,2.9714291095733643,3.694668769836426,22.834973595826586,422.55208333333337,217.7777777777778,389.3663299431404,197.1132473813163,455.73783672352636,238.4423081742393,0.006714616436511278,0.9999923706054688,
2026-07-15T21:50:36.223,38.14867416198831,20260715_214958_front_fusion_ego_1643,speedsweep_normal,fusion_ego_1643,6340585,0,vehicle,0.6311440467834473,101.50670385056394,44.2375549636172,1.1687662428177128,-37.634371802837535,5.894037246704102,2.2121949195861816,2.358112096786499,21.767088653121018,369.17708333333337,234.44444444444446,348.8257476811608,219.81735911634235,389.52841898550594,249.07152977254657,0.01496563944965601,0.9999934434890747,
2026-07-15T21:50:36.223,38.14867416198831,20260715_214958_front_fusion_ego_1643,speedsweep_normal,fusion_ego_1643,6340585,1,vehicle,0.6091259717941284,109.39609481199858,59.80452344979159,0.8097142487846607,0.7864114832492888,4.882031440734863,1.9078701734542847,1.6861214637756348,6.728462874765285,600.46875,270.0,507.0981316566468,212.71379470825195,693.8393683433533,327.28620529174805,0.09113700687885284,0.999998927116394,
2026-07-15T21:50:36.223,38.14867416198831,20260715_214958_front_fusion_ego_1643,speedsweep_normal,fusion_ego_1643,6340585,2,vehicle,0.45458105206489563,103.42036763171343,42.72266946850504,1.6034425082498631,-57.4030334636273,8.269633293151855,2.9451847076416016,3.5011544227600098,22.958951909064357,421.4401041666667,216.66666666666669,389.09422073761624,196.68336013952893,453.78598759571713,236.64997319380444,0.0004954102914780378,0.9998100399971008,
2026-07-15T21:50:36.350,38.27583487005904,20260715_214958_front_fusion_ego_1643,speedsweep_normal,fusion_ego_1643,6340586,0,vehicle,0.5786076188087463,110.02131051729432,59.168327840787825,0.9556891539641366,-37.768644640916804,4.319222450256348,1.648240089416504,1.4724031686782837,7.0344985405549325,608.2526041666667,271.11111111111114,506.9866151760022,226.1326868004269,709.5185931573312,316.08953542179535,0.10442569851875305,1.0,
2026-07-15T21:50:36.350,38.27583487005904,20260715_214958_front_fusion_ego_1643,speedsweep_normal,fusion_ego_1643,6340586,1,vehicle,0.3134116530418396,102.47801390693556,43.53268089049497,1.652171313960756,-30.011485566750352,7.732919692993164,2.74501895904541,3.503572702407837,21.625409404623177,422.55208333333337,217.7777777777778,392.1670099695524,196.71862648593057,452.93715669711435,238.83692906962503,0.0020529325120151043,0.9998962879180908,
2026-07-15T21:50:36.350,38.27583487005904,20260715_214958_front_fusion_ego_1643,speedsweep_normal,fusion_ego_1643,6340586,2,vehicle,0.29094958305358887,101.49302785834334,42.87670549907354,1.488970741061026,-38.37604220799279,5.911456108093262,2.2744650840759277,2.691044330596924,22.447923399331724,368.0651041666667,234.44444444444446,347.34891784812015,219.36718788411883,388.7812904852132,249.52170100477008,0.23685114085674286,0.9998308420181274,
2026-07-15T21:50:36.350,38.27583487005904,20260715_214958_front_fusion_ego_1643,speedsweep_normal,fusion_ego_1643,6340586,3,vehicle,0.203616201877594,109.47892982817967,58.128214755444795,1.2698680259705148,-6.69729939458377,4.678211688995361,1.9755589962005615,2.033036947250366,7.618422621210933,598.2447916666667,262.22222222222223,532.0016097525756,221.02285517586603,664.4879735807579,303.42158926857843,0.197898730635643,0.9999855756759644,
2026-07-15T21:50:36.477,38.40285249205772,20260715_214958_front_fusion_ego_1643,speedsweep_normal,fusion_ego_1643,6340587,0,vehicle,0.6821679472923279,111.1074940837776,58.114973940238656,0.9413233443396001,-40.5535237499035,4.6719794273376465,1.7988137006759644,1.4334107637405396,8.01426604414427,608.2526041666667,271.11111111111114,506.2868221650521,234.1863877243466,710.2183861682813,308.03583449787567,0.008720282465219498,0.9999997615814209,
2026-07-15T21:50:36.477,38.40285249205772,20260715_214958_front_fusion_ego_1643,speedsweep_normal,fusion_ego_1643,6340587,1,vehicle,0.4105810523033142,102.73409870371799,45.396116209545774,1.2620464826169568,-30.42405859000601,5.615965366363525,2.1825172901153564,2.5981497764587402,19.097217984138812,359.16927083333337,234.44444444444446,334.9059276444217,216.35174837377338,383.43261402224505,252.53714051511554,0.03967560455203056,0.9999991655349731,
2026-07-15T21:50:36.477,38.40285249205772,20260715_214958_front_fusion_ego_1643,speedsweep_normal,fusion_ego_1643,6340587,2,vehicle,0.40559396147727966,104.30514046688748,45.096769456698894,1.510069693086033,-42.94005001941045,7.906107425689697,2.8085134029388428,3.3632450103759766,19.192032742085804,422.55208333333337,217.7777777777778,389.62384501596296,196.08701811896432,455.4803216507038,239.46853743659128,0.004026176407933235,0.9998668432235718,
2026-07-15T21:50:36.477,38.40285249205772,20260715_214958_front_fusion_ego_1643,speedsweep_normal,fusion_ego_1643,6340587,3,vehicle,0.261618435382843,108.85057215794593,57.16753327818661,1.1905753898596245,25.283169515228224,5.254619121551514,2.094895839691162,2.302535057067871,7.6327488485020245,591.5729166666667,262.22222222222223,529.9328803072374,219.70090879334344,653.2129530260961,304.743535651101,0.9490352272987366,0.9999953508377075,
2026-07-15T21:50:36.601,38.52678745298181,20260715_214958_front_fusion_ego_1643,speedsweep_normal,fusion_ego_1643,6340588,0,vehicle,0.6712669730186462,110.86309922531207,57.45783533987023,0.9280285548814877,-72.35819405674849,4.337347507476807,1.740996241569519,1.4192452430725098,7.865985781014334,608.2526041666667,271.11111111111114,507.4778293768565,232.70543999142117,709.0273789564769,309.5167822308011,0.01921957917511463,0.9999948740005493,
2026-07-15T21:50:36.601,38.52678745298181,20260715_214958_front_fusion_ego_1643,speedsweep_normal,fusion_ego_1643,6340588,1,vehicle,0.6158380508422852,101.96638812717879,50.298742708000795,0.9950157552365861,-52.82760865571887,5.2002692222595215,1.9818302392959595,1.9727004766464233,13.861346928675593,342.48958333333337,243.33333333333334,309.03484593083465,220.17629226048788,375.9443207358321,266.49037440617883,0.012930681928992271,0.9999997615814209,
2026-07-15T21:50:36.601,38.52678745298181,20260715_214958_front_fusion_ego_1643,speedsweep_normal,fusion_ego_1643,6340588,2,vehicle,0.12055535614490509,104.04413933133745,46.62778705251102,1.6289000257969652,74.29226293390774,7.119595050811768,2.4665045738220215,3.5792953968048096,17.04276348941324,430.33593750000006,217.7777777777778,405.20071153342724,192.38682495223154,455.4711634665728,243.16873060332406,0.0037400973960757256,0.9993537068367004,
2026-07-15T21:50:36.601,38.52678745298181,20260715_214958_front_fusion_ego_1643,speedsweep_normal,fusion_ego_1643,6340588,3,vehicle,0.09234784543514252,109.2744478757941,56.98388142387448,1.3180272528770978,-4.529126129628698,4.588441371917725,1.940037488937378,2.0050806999206543,7.37825242004763,598.2447916666667,262.22222222222223,537.2358237604301,224.21527756585016,659.2537595729034,300.2291668785943,0.4275166690349579,0.9999735355377197,
2026-07-15T21:50:36.727,38.65268663002644,20260715_214958_front_fusion_ego_1643,speedsweep_normal,fusion_ego_1643,6340589,0,vehicle,0.7399829626083374,110.06099395747272,57.18347294510676,0.9243354278962073,-42.79348187702856,4.1462812423706055,1.6466054916381836,1.508978009223938,7.088588655174562,608.2526041666667,271.11111111111114,528.9032463232677,232.91027850574918,687.6019620100658,309.3119437164731,0.05027620121836662,0.9999954700469971,
2026-07-15T21:50:36.727,38.65268663002644,20260715_214958_front_fusion_ego_1643,speedsweep_normal,fusion_ego_1643,6340589,1,vehicle,0.607435405254364,103.27947581500445,52.67276696304908,1.0536506042355527,-15.685182481345704,5.195584774017334,1.9906797409057617,1.9735636711120605,10.596674287701314,332.48177083333337,243.33333333333334,288.7769447540244,213.64296754201254,376.18659691264236,273.0236991246542,0.04335034266114235,0.9999985694885254,
2026-07-15T21:50:36.727,38.65268663002644,20260715_214958_front_fusion_ego_1643,speedsweep_normal,fusion_ego_1643,6340589,2,vehicle,0.10541512072086334,102.89559035221144,43.15709926820806,1.4148939196907648,3.325393315951861,7.052231311798096,2.5077388286590576,3.1720404624938965,19.993306410730852,422.55208333333337,216.66666666666669,393.8946681072315,197.5645838181178,451.20949855943525,235.76874951521557,0.0045919581316411495,0.9898908138275146,
2026-07-15T21:50:36.860,38.785571014042944,20260715_214958_front_fusion_ego_1643,speedsweep_normal,fusion_ego_1643,6340590,0,vehicle,0.7861149907112122,104.01986371947467,52.54849172976991,1.133153594328138,57.65272901754408,4.959502220153809,1.9252748489379883,2.0165443420410156,9.970196941514487,314.6901041666667,244.44444444444446,263.27253558735055,211.94095280435351,366.1076727459828,276.9479360845354,0.11308791488409042,0.9999988079071045,
2026-07-15T21:50:36.860,38.785571014042944,20260715_214958_front_fusion_ego_1643,speedsweep_normal,fusion_ego_1643,6340590,1,vehicle,0.3238570988178253,103.55681625325857,44.02438865935029,1.4104126723401524,-1.1187206174984612,7.4804792404174805,2.5758023262023926,3.641969680786133,18.453359052360568,430.33593750000006,217.7777777777778,402.9850587695837,189.71079932318796,457.68681623041635,245.84475623236764,0.8658233880996704,0.9999125003814697,
2026-07-15T21:50:36.860,38.785571014042944,20260715_214958_front_fusion_ego_1643,speedsweep_normal,fusion_ego_1643,6340590,2,vehicle,0.29576343297958374,110.43155194154117,56.32225457543983,0.9003406102647005,-46.03376238336563,4.487260341644287,1.715855360031128,1.4708044528961182,7.525424838561562,608.2526041666667,271.11111111111114,514.6914073626201,230.32847351498074,701.8138009707134,311.8937487072415,0.05522295460104942,0.9999990463256836,
2026-07-15T21:50:36.860,38.785571014042944,20260715_214958_front_fusion_ego_1643,speedsweep_normal,fusion_ego_1643,6340590,3,vehicle,0.13960961997509003,109.19184410065587,56.87740074056319,1.13529190565292,17.207977443314874,4.460072040557861,1.889882206916809,1.7594273090362549,6.357531745622025,598.2447916666667,262.22222222222223,530.5034640232723,218.7993539704217,665.9861193100612,305.64509047402277,0.3311353027820587,0.9999034404754639,
2026-07-15T21:50:36.989,38.91517151298467,20260715_214958_front_fusion_ego_1643,speedsweep_normal,fusion_ego_1643,6340591,0,vehicle,0.46538713574409485,104.53044085204917,54.60407758849822,1.087668457961421,110.88512013906274,4.490145683288574,1.8809489011764526,1.6908278465270996,7.301617152990038,280.21875,252.22222222222223,222.43866555392745,219.5303393734826,337.9988344460726,284.91410507096185,0.07098772376775742,0.9999831914901733,
2026-07-15T21:50:36.989,38.91517151298467,20260715_214958_front_fusion_ego_1643,speedsweep_normal,fusion_ego_1643,6340591,1,vehicle,0.4263850450515747,110.71836594523491,55.847722531989405,1.2543187914408083,25.11203091724669,4.324998378753662,1.8281718492507935,1.7519736289978027,7.605966271055614,599.3567708333334,262.22222222222223,520.7895596673092,219.7430373562707,677.9239819993576,304.70140708817377,0.2508673071861267,0.9998582601547241,
2026-07-15T21:50:36.989,38.91517151298467,20260715_214958_front_fusion_ego_1643,speedsweep_normal,fusion_ego_1643,6340591,2,vehicle,0.3911076486110687,104.26989591943091,43.1158603626614,1.3413337739023958,-80.84861731795934,6.891504287719727,2.5500495433807373,2.9681379795074463,18.712695565006996,422.55208333333337,216.66666666666669,391.00116761525476,194.65825299421948,454.102999051412,238.6750803391139,0.19052959978580475,0.999539852142334,
2026-07-15T21:50:36.989,38.91517151298467,20260715_214958_front_fusion_ego_1643,speedsweep_normal,fusion_ego_1643,6340591,3,vehicle,0.19590187072753906,112.01773938622215,55.37047429652888,0.9110889130781894,-54.65241934909966,4.214991569519043,1.6450787782669067,1.4744417667388916,8.841363258369086,609.3645833333334,271.11111111111114,517.7594308604797,230.32616323894925,700.969735806187,311.896058983273,0.012517759576439857,0.9999967813491821,
2026-07-15T21:50:37.117,39.04268240497913,20260715_214958_front_fusion_ego_1643,speedsweep_normal,fusion_ego_1643,6340592,0,vehicle,0.4761664867401123,108.93979910325977,55.77314971856379,0.9746170921339281,24.77554076918492,4.441108226776123,1.8562451601028442,1.4115127325057983,6.180936823786074,600.46875,270.0,529.6810429692268,231.2259078025818,671.2564570307732,308.7740921974182,0.023135846480727196,0.9999480247497559,
2026-07-15T21:50:37.117,39.04268240497913,20260715_214958_front_fusion_ego_1643,speedsweep_normal,fusion_ego_1643,6340592,1,vehicle,0.35023820400238037,104.70286369820752,54.631466206744264,1.0888289483952507,32.50998446482454,5.2221574783325195,1.947304606437683,2.075620412826538,6.639758934142112,234.62760416666669,261.11111111111114,144.16850575308007,216.63950271076627,325.0867025802533,305.582719511456,0.05035876855254173,0.9999853372573853,
2026-07-15T21:50:37.117,39.04268240497913,20260715_214958_front_fusion_ego_1643,speedsweep_normal,fusion_ego_1643,6340592,2,vehicle,0.17805568873882294,102.92124910766152,42.116539052172584,1.789648465912558,13.600883880817912,7.105447769165039,2.5758256912231445,3.319436550140381,19.258537252040313,422.55208333333337,217.7777777777778,391.47975166638696,194.59208356009592,453.6244150002798,240.96347199545968,0.002558579668402672,0.9988904595375061,
2026-07-15T21:50:37.248,39.17364076699596,20260715_214958_front_fusion_ego_1643,speedsweep_normal,fusion_ego_1643,6340593,0,vehicle,0.41127869486808777,109.05782975611548,55.21394321976267,0.9198424924134772,-0.9688301366518379,4.03972864151001,1.7360279560089111,1.3958197832107544,6.181556036486165,600.46875,270.0,522.9775448739529,230.5227541923523,677.9599551260471,309.4772458076477,0.03568841889500618,0.9998144507408142,
2026-07-15T21:50:37.248,39.17364076699596,20260715_214958_front_fusion_ego_1643,speedsweep_normal,fusion_ego_1643,6340593,1,vehicle,0.08155597001314163,104.86004609878111,43.130119241312286,1.5055566824520619,123.4404016394183,6.924551963806152,2.4135079383850098,3.1222472190856934,17.405264652507235,430.33593750000006,225.55555555555557,405.17182444036007,203.01082346174454,455.50005055964,248.1002876493666,0.09575944393873215,0.9985438585281372,
2026-07-15T21:50:37.373,39.29879596806131,20260715_214958_front_fusion_ego_1643,speedsweep_normal,fusion_ego_1643,6340594,0,vehicle,0.375216543674469,109.51595642180331,54.00775327022078,0.9499244913775455,-46.51431297780366,4.1476545333862305,1.6852654218673706,1.4591528177261353,6.944708993557439,608.2526041666667,271.11111111111114,521.0580844978492,231.0222429699368,695.4471238354843,311.19997925228546,0.008473140187561512,0.9999867677688599,
2026-07-15T21:50:37.373,39.29879596806131,20260715_214958_front_fusion_ego_1643,speedsweep_normal,fusion_ego_1643,6340594,1,vehicle,0.16251938045024872,107.82120819903713,57.33672083016205,1.1008381930347688,-13.773288180526995,4.138550758361816,1.6609400510787964,1.7233977317810059,3.2387351091618966,172.35677083333334,235.55555555555557,102.64235292871794,173.78659937116836,242.07118873794875,297.32451173994275,0.19102300703525543,0.9746257662773132,
2026-07-15T21:50:37.373,39.29879596806131,20260715_214958_front_fusion_ego_1643,speedsweep_normal,fusion_ego_1643,6340594,2,vehicle,0.15970654785633087,101.65827041431834,42.01168383545004,1.4029200603650587,67.21856285165076,6.880570888519287,2.4373536109924316,3.211808443069458,18.409682813135596,430.33593750000006,217.7777777777778,402.01776745915413,195.91155515776742,458.6541075408459,239.64400039778818,0.0011595047544687986,0.9965410828590393,
2026-07-15T21:50:37.373,39.29879596806131,20260715_214958_front_fusion_ego_1643,speedsweep_normal,fusion_ego_1643,6340594,3,vehicle,0.15588480234146118,102.43377015043721,57.5321269675739,1.250350519453979,55.269523440919656,4.849510669708252,1.870025396347046,2.2022013664245605,4.242315342268183,182.36458333333334,296.6666666666667,76.97206037243208,200.64584414164227,287.75710629423463,392.6874891916911,0.485169917345047,0.9891608357429504,
2026-07-15T21:50:37.498,39.424257570062764,20260715_214958_front_fusion_ego_1643,speedsweep_normal,fusion_ego_1643,6340595,0,vehicle,0.20322729647159576,109.28521114985355,54.44949782286311,0.9107544285284304,-14.159660732984628,4.186576843261719,1.727912187576294,1.519579291343689,5.9915190599535135,600.46875,270.0,521.1636326760054,225.54474234580994,679.7738673239946,314.45525765419006,0.011564143002033234,0.9997865557670593,
2026-07-15T21:50:37.498,39.424257570062764,20260715_214958_front_fusion_ego_1643,speedsweep_normal,fusion_ego_1643,6340595,1,vehicle,0.11146710813045502,103.24276777879298,42.44355930553782,1.5802684388619703,31.431961767909538,7.19741678237915,2.5741608142852783,3.26214861869812,17.13077895557886,422.55208333333337,217.7777777777778,388.2203490560254,195.82256303893197,456.88381761064136,239.73299251662363,0.0002948862384073436,0.9990684390068054,
2026-07-15T21:50:37.633,39.55950266006403,20260715_214958_front_fusion_ego_1643,speedsweep_normal,fusion_ego_1643,6340596,0,vehicle,0.6519649028778076,110.4319450280325,52.59617735005692,0.9814100100473393,-26.04047818702694,4.596266746520996,1.819631814956665,1.4252408742904663,7.707998154733108,608.2526041666667,271.11111111111114,503.7116905252139,231.4050907558865,712.7935178081195,310.81713146633575,0.002948072273284197,0.9999986886978149,
2026-07-15T21:50:37.633,39.55950266006403,20260715_214958_front_fusion_ego_1643,speedsweep_normal,fusion_ego_1643,6340596,1,vehicle,0.21920561790466309,102.2593025573169,40.0638328943588,1.6826536737829496,4.339998986912328,7.478734016418457,2.6760141849517822,3.396883010864258,19.10796798227457,422.55208333333337,217.7777777777778,388.0431610991558,195.49643145667184,457.06100556751096,240.05912409888376,0.0002921728591900319,0.9990260601043701,
2026-07-15T21:50:37.633,39.55950266006403,20260715_214958_front_fusion_ego_1643,speedsweep_normal,fusion_ego_1643,6340596,2,vehicle,0.21250900626182556,109.1189475300599,53.587923488134344,0.9798099685870985,24.248841056948514,4.41901159286499,1.8429782390594482,1.6879878044128418,6.159538165388248,598.2447916666667,270.0,516.2723839680355,219.67768907546997,680.217199365298,320.32231092453003,0.026369934901595116,0.9998927116394043,
2026-07-15T21:50:37.633,39.55950266006403,20260715_214958_front_fusion_ego_1643,speedsweep_normal,fusion_ego_1643,6340596,3,vehicle,0.18878640234470367,103.53666778060813,57.15145430784403,1.3180341918281702,2.8489609536136133,4.699570178985596,1.9435266256332397,1.9963359832763672,2.9220755429860996,164.57291666666669,244.44444444444446,102.6639440159003,168.49675920274524,226.48188931743306,320.3921296861437,0.022935878485441208,0.9727026224136353,
2026-07-15T21:50:37.774,39.69991821201984,20260715_214958_front_fusion_ego_1643,speedsweep_normal,fusion_ego_1643,6340597,0,vehicle,0.26311635971069336,108.81030965868266,53.244910092778554,1.0319846270471575,25.08831736060604,4.358259677886963,1.8229492902755737,1.5926440954208374,5.828471312398478,600.46875,270.0,507.48297263681894,216.7725920677185,693.4545273631811,323.2274079322815,0.014173172414302826,0.9992677569389343,
2026-07-15T21:50:37.774,39.69991821201984,20260715_214958_front_fusion_ego_1643,speedsweep_normal,fusion_ego_1643,6340597,1,vehicle,0.20079435408115387,100.51076770423482,56.31350133063861,0.9979525308004449,141.7694597621427,4.97084903717041,1.9936091899871826,1.8748927116394043,5.785614257603883,65.60677083333334,262.22222222222223,10.922262911995253,201.56264199150934,120.29127875467142,322.8818024529351,0.8987071514129639,0.7988117337226868,
2026-07-15T21:50:37.774,39.69991821201984,20260715_214958_front_fusion_ego_1643,speedsweep_normal,fusion_ego_1643,6340597,2,vehicle,0.1371496617794037,103.04889835640168,38.68935951439971,1.557136483038915,-62.753597713285316,7.366341590881348,2.5655758380889893,3.2018513679504395,19.79467223657794,422.55208333333337,225.55555555555557,394.73156664272153,206.58047888014053,450.3726000239452,244.5306322309706,0.0006311556790024042,0.9994136095046997,
2026-07-15T21:50:37.887,39.81323956407141,20260715_214958_front_fusion_ego_1643,speedsweep_normal,fusion_ego_1643,6340598,0,vehicle,0.3876361846923828,108.91429566177862,52.348965001846594,0.9476418944420928,-21.911967582206415,4.272771835327148,1.7427088022232056,1.6238183975219727,6.1990349047132005,600.46875,270.0,505.13812330365187,209.4764542579651,695.7993766963482,330.5235457420349,0.02726946398615837,0.9999557733535767,
2026-07-15T21:50:37.887,39.81323956407141,20260715_214958_front_fusion_ego_1643,speedsweep_normal,fusion_ego_1643,6340598,1,vehicle,0.18482796847820282,102.17832550437672,39.00349637346362,1.8598801058042707,-19.181188527109626,7.3234663009643555,2.6475415229797363,3.4875872135162354,19.104799225347584,422.55208333333337,217.7777777777778,389.4969708671173,194.39254151450265,455.60719579954946,241.16301404105295,0.00033126946073025465,0.9994804263114929,
2026-07-15T21:50:38.016,39.94228258007206,20260715_214958_front_fusion_ego_1643,speedsweep_normal,fusion_ego_1643,6340599,0,vehicle,0.6223568320274353,108.7249619681473,51.46543741153236,0.9470723526967662,39.045348093160655,4.942579746246338,1.912824273109436,1.6353036165237427,6.464318086600558,599.3567708333334,270.0,486.8358168204626,216.67032837867737,711.8777248462042,323.32967162132263,0.011495116166770458,0.9999964237213135,
2026-07-15T21:50:38.016,39.94228258007206,20260715_214958_front_fusion_ego_1643,speedsweep_normal,fusion_ego_1643,6340599,1,vehicle,0.2392451912164688,102.07916703338893,39.37139099668496,1.6964155808712784,-53.498946005484456,7.434835910797119,2.663309097290039,3.408500909805298,18.288600785379504,422.55208333333337,217.7777777777778,386.54848309357965,194.33531926737894,458.5556835730871,241.22023628817666,0.00019691539637278765,0.9996950626373291,
2026-07-15T21:50:38.138,40.06418213201687,20260715_214958_front_fusion_ego_1643,speedsweep_normal,fusion_ego_1643,6340600,0,vehicle,0.8946369290351868,108.75466593987917,51.03115974835887,0.9715685028997785,68.90841801312746,4.889429569244385,1.8961234092712402,1.5311167240142822,6.453521820081128,599.3567708333334,270.0,490.08884709080064,219.80918169021606,708.6246945758661,320.19081830978394,0.006937228608876467,0.9999983310699463,
2026-07-15T21:50:38.138,40.06418213201687,20260715_214958_front_fusion_ego_1643,speedsweep_normal,fusion_ego_1643,6340600,1,vehicle,0.14355365931987762,101.71365516700772,40.61533015657353,1.7307726393912501,89.58555517802536,7.214896202087402,2.5993359088897705,3.356602430343628,16.71550809624993,422.55208333333337,217.7777777777778,384.83940113832557,193.21679698096384,460.2647655283412,242.33875857459176,0.000381881749490276,0.9992741942405701,
2026-07-15T21:50:38.263,40.18883357406594,20260715_214958_front_fusion_ego_1643,speedsweep_normal,fusion_ego_1643,6340601,0,vehicle,0.7889389991760254,108.05200709935484,49.952358447199096,1.186208308090392,39.64034473418741,5.191534042358398,1.9892802238464355,1.5830392837524414,6.703918685374793,599.3567708333334,270.0,496.06090999146306,219.4798994064331,702.6526316752037,320.5201005935669,0.010105525143444538,0.9999994039535522,
2026-07-15T21:50:38.263,40.18883357406594,20260715_214958_front_fusion_ego_1643,speedsweep_normal,fusion_ego_1643,6340601,1,vehicle,0.19818149507045746,104.15450422800163,39.69990902944588,1.5716123036417085,121.12905287385138,6.295785903930664,2.2347612380981445,2.728410482406616,16.686048282326766,430.33593750000006,234.44444444444446,401.8928307816386,216.74263921048907,458.77904421836143,252.14624967839984,0.03315379098057747,0.9997995495796204,
2026-07-15T21:50:38.396,40.32156383502297,20260715_214958_front_fusion_ego_1643,speedsweep_normal,fusion_ego_1643,6340602,0,vehicle,0.7434725165367126,108.32114280158532,49.58892823641254,1.217679180535379,45.252324965104336,5.031748294830322,1.8871254920959473,1.6023985147476196,6.648652789837799,599.3567708333334,270.0,500.1481282462677,222.7481174468994,698.5654134203991,317.2518825531006,0.006197834387421608,0.9999997615814209,
2026-07-15T21:50:38.396,40.32156383502297,20260715_214958_front_fusion_ego_1643,speedsweep_normal,fusion_ego_1643,6340602,1,vehicle,0.07906565815210342,108.36757152199422,49.564674567499466,1.1847494932233416,23.673585365895256,5.070685386657715,2.0113534927368164,2.057101249694824,6.690180952660854,589.3489583333334,262.22222222222223,529.7656193723282,217.60357154740228,648.9322972943386,306.8408728970422,0.32252803444862366,0.9998660087585449,
2026-07-15T21:50:38.529,40.454837271012366,20260715_214958_front_fusion_ego_1643,speedsweep_normal,fusion_ego_1643,6340603,0,vehicle,0.7749227285385132,108.58073918334945,49.02576153195753,1.0825946023576831,30.252153233806673,4.995182991027832,1.9274581670761108,1.868219017982483,6.841984610347763,590.4609375,262.22222222222223,531.2183962464333,220.14480008019342,649.7034787535667,304.29964436425104,0.06449186056852341,0.9999958276748657,
2026-07-15T21:50:38.529,40.454837271012366,20260715_214958_front_fusion_ego_1643,speedsweep_normal,fusion_ego_1643,6340603,1,vehicle,0.06077127531170845,104.20511165477929,34.453337549111424,2.0595227530625486,-37.61700361670275,7.323831558227539,2.689452648162842,3.611504077911377,20.927867200524513,430.33593750000006,217.7777777777778,408.7264051027596,193.17944811450113,451.94546989724046,242.37610744105447,8.745303057366982e-05,0.9788525700569153,
2026-07-15T21:50:38.670,40.595787166035734,20260715_214958_front_fusion_ego_1643,speedsweep_normal,fusion_ego_1643,6340604,0,vehicle,0.8709070682525635,108.56054326940297,48.76540917046003,0.9892110239572618,57.9743013836342,4.782017230987549,1.8160227537155151,1.799018144607544,6.718377098825695,590.4609375,261.11111111111114,523.6902289092541,216.81372827953763,657.2316460907459,305.40849394268463,0.018302468582987785,0.9999991655349731,
2026-07-15T21:50:38.670,40.595787166035734,20260715_214958_front_fusion_ego_1643,speedsweep_normal,fusion_ego_1643,6340604,1,vehicle,0.16398581862449646,103.84936582408754,37.7998585118918,1.877345391432574,-26.48151217858192,6.892115592956543,2.5164194107055664,3.5869665145874023,17.238858343092836,430.33593750000006,216.66666666666669,405.9351245164871,190.71760157744092,454.73675048351294,242.61573175589245,0.0035846668761223555,0.9988797307014465,
2026-07-15T21:50:38.810,40.735834510065615,20260715_214958_front_fusion_ego_1643,speedsweep_normal,fusion_ego_1643,6340605,0,vehicle,0.5039405226707458,108.5001704477577,48.2488971115213,1.0983467102654338,9.860903653351244,5.034237861633301,1.932051181793213,1.5002390146255493,6.825546467768635,590.4609375,262.22222222222223,515.8658034354448,221.1623443497552,665.0560715645552,303.28210009468927,0.027756953611969948,1.0,
2026-07-15T21:50:38.810,40.735834510065615,20260715_214958_front_fusion_ego_1643,speedsweep_normal,fusion_ego_1643,6340605,1,vehicle,0.11359245330095291,103.47908121920673,35.79402365038487,1.9532554423446353,-21.289577952913895,6.41844367980957,2.4237546920776367,3.3710596561431885,18.91362773520225,430.33593750000006,217.7777777777778,407.8558982796967,196.07933984862436,452.81597672030335,239.47621570693124,0.0012319284724071622,0.9865478873252869,
2026-07-15T21:50:38.934,40.85982860298827,20260715_214958_front_fusion_ego_1643,speedsweep_normal,fusion_ego_1643,6340606,0,vehicle,0.8746896386146545,108.78340381151854,47.700006202080914,1.2043986014465398,24.535489894515237,4.736886501312256,1.850130558013916,1.7579004764556885,7.0630875062026925,581.5651041666667,262.22222222222223,520.3854478995006,223.80106223954095,642.7447604338329,300.6433822049035,0.06178920343518257,0.9999994039535522,
2026-07-15T21:50:38.934,40.85982860298827,20260715_214958_front_fusion_ego_1643,speedsweep_normal,fusion_ego_1643,6340606,1,vehicle,0.08414335548877716,104.89131490551469,31.57450914827067,1.8650834163696512,-3.9805875091945637,6.2571234703063965,2.381760358810425,2.9306600093841553,22.59249101815314,430.33593750000006,225.55555555555557,404.45369862392545,211.335662636492,456.2181763760746,239.77544847461914,2.255567960673943e-05,0.9901482462882996,
2026-07-15T21:50:39.064,40.9901793099707,20260715_214958_front_fusion_ego_1643,speedsweep_normal,fusion_ego_1643,6340607,0,vehicle,0.9303593039512634,108.60809743862454,46.67398501874114,1.116548252443887,12.412070353761086,4.985486030578613,1.8846977949142456,1.8335283994674683,7.561836171920527,581.5651041666667,261.11111111111114,520.7412936190765,219.60180587238736,642.388914714257,302.6204163498349,0.08880388736724854,0.9999998807907104,
2026-07-15T21:50:39.194,41.12026085902471,20260715_214958_front_fusion_ego_1643,speedsweep_normal,fusion_ego_1643,6340608,0,vehicle,0.9487308263778687,108.55522081284019,45.92611514630457,0.9570022684373787,4.687134644975018,5.455099582672119,1.9152013063430786,1.8864336013793945,7.908815140382331,581.5651041666667,261.11111111111114,527.8018145511548,223.20482081837125,635.3283937821786,299.017401403851,0.11125078052282333,1.0,
2026-07-15T21:50:39.328,41.253736031008884,20260715_214958_front_fusion_ego_1643,speedsweep_normal,fusion_ego_1643,6340609,0,vehicle,0.8669970035552979,108.80321342993308,45.715356570302184,1.0699946994046756,16.222254922739463,5.600376605987549,2.004427909851074,1.8313978910446167,7.865922889513056,581.5651041666667,261.11111111111114,516.0500933329265,224.71514410442776,647.080115000407,297.5070781177945,0.1303049772977829,1.0,
2026-07-15T21:50:39.455,41.380690925056115,20260715_214958_front_fusion_ego_1643,speedsweep_normal,fusion_ego_1643,6340610,0,vehicle,0.700915515422821,108.60830170101572,45.60777583423873,1.0287475719651566,-14.944558522325146,5.459151744842529,2.0175797939300537,1.8550474643707275,7.59419038318878,573.78125,261.11111111111114,509.3142234534026,225.5323953098721,638.2482765465975,296.68982691235016,0.16384285688400269,0.9999997615814209,
2026-07-15T21:50:39.455,41.380690925056115,20260715_214958_front_fusion_ego_1643,speedsweep_normal,fusion_ego_1643,6340610,1,vehicle,0.05315408110618591,101.49188293702375,34.49046957254239,2.0407975527773115,-30.568440620557766,9.964985847473145,3.306729316711426,4.521613121032715,18.732560381327627,422.55208333333337,207.7777777777778,380.8505676140388,176.93114029036627,464.2535990526279,238.6244152651893,1.1447415090515278e-05,0.9998170733451843,
2026-07-15T21:50:39.455,41.380690925056115,20260715_214958_front_fusion_ego_1643,speedsweep_normal,fusion_ego_1643,6340610,2,vehicle,0.0506647452712059,93.85844076893862,21.04688758301363,1.2868921277394352,-49.789042350603424,5.017645835876465,1.8992019891738892,2.153799295425415,33.862898523286084,359.16927083333337,226.66666666666669,340.3343691763779,217.40934054056805,378.00417249028885,235.92399279276532,0.000716620881576091,0.9916964769363403,
2026-07-15T21:50:39.590,41.51562454900704,20260715_214958_front_fusion_ego_1643,speedsweep_normal,fusion_ego_1643,6340611,0,vehicle,0.6970055103302002,110.27096850330423,45.08953425188585,1.0851205798275805,-1.810149049191725,5.170997142791748,1.9480926990509033,1.7413320541381836,8.531274186213828,572.6692708333334,261.11111111111114,513.373899285992,229.6387071079678,631.9646423806747,292.58351511425445,0.7599844932556152,0.9999985694885254,
2026-07-15T21:50:39.590,41.51562454900704,20260715_214958_front_fusion_ego_1643,speedsweep_normal,fusion_ego_1643,6340611,1,vehicle,0.25435054302215576,94.42949180413567,22.39436559082169,1.0211660369068727,-39.41484103595161,4.803507328033447,1.8601723909378052,1.9480584859848022,32.14625047666433,360.28125,226.66666666666669,343.7861599326134,217.92505155007046,376.7763400673866,235.4082817832629,0.004421181511133909,0.9894253015518188,
2026-07-15T21:50:39.717,41.64288930501789,20260715_214958_front_fusion_ego_1643,speedsweep_normal,fusion_ego_1643,6340612,0,vehicle,0.3723547160625458,109.39743985428177,44.64451962798168,1.0261871152398185,52.365393301907304,4.824268817901611,1.8566731214523315,1.7479475736618042,8.300755850901522,563.7734375,261.11111111111114,510.30709956586367,231.57821781105466,617.2397754341364,290.6440044111676,0.19711005687713623,0.9999346733093262,
2026-07-15T21:50:39.717,41.64288930501789,20260715_214958_front_fusion_ego_1643,speedsweep_normal,fusion_ego_1643,6340612,1,vehicle,0.14127539098262787,94.77652726285527,23.231360615300844,1.0763081671998147,-63.090219451400344,4.828962802886963,1.8457833528518677,1.990398645401001,31.00650771666507,360.28125,226.66666666666669,343.1940540596843,216.12688789765042,377.3684459403157,237.20644543568295,0.002756518544629216,0.9904459714889526,
2026-07-15T21:50:39.717,41.64288930501789,20260715_214958_front_fusion_ego_1643,speedsweep_normal,fusion_ego_1643,6340612,2,vehicle,0.052897755056619644,101.91432278325983,35.9141533520408,2.0646304061035403,-22.261795004394607,8.867734909057617,3.0585591793060303,4.232687950134277,16.73958329076877,422.55208333333337,207.7777777777778,381.9432632674774,175.1771687136756,463.16090339918935,240.37838684187997,3.012222259712871e-05,0.9974154233932495,
2026-07-15T21:50:39.855,41.780855047982186,20260715_214958_front_fusion_ego_1643,speedsweep_normal,fusion_ego_1643,6340613,0,vehicle,0.703570544719696,110.89635274691304,44.0131319839555,1.1631854386812654,111.47213014364573,4.864985942840576,1.8705192804336548,1.8820501565933228,9.320024798440391,555.9895833333334,261.11111111111114,501.80722725888097,231.79416961140103,610.1719394077858,290.4280526108212,0.6768577694892883,0.9999858140945435,
2026-07-15T21:50:39.855,41.780855047982186,20260715_214958_front_fusion_ego_1643,speedsweep_normal,fusion_ego_1643,6340613,1,vehicle,0.2207251489162445,94.54305555474564,22.061725815722767,1.513128331705576,-57.62992075442897,5.047325134277344,1.9621795415878296,2.3792636394500732,31.918629087544986,359.16927083333337,226.66666666666669,344.89246295516693,215.4633916417758,373.4460787114998,237.86994169155759,0.005168302450329065,0.9982472658157349,
2026-07-15T21:50:39.988,41.914097027038224,20260715_214958_front_fusion_ego_1643,speedsweep_normal,fusion_ego_1643,6340614,0,vehicle,0.8595684170722961,110.50120959330593,43.530620133573215,1.1905648462279,132.93166949366076,5.0514235496521,1.9210472106933594,1.982020616531372,9.285590025945803,555.9895833333334,261.11111111111114,499.6576648553213,226.4630217022366,612.3215018113455,295.75920051998565,0.2918456792831421,0.9999822378158569,
2026-07-15T21:50:39.988,41.914097027038224,20260715_214958_front_fusion_ego_1643,speedsweep_normal,fusion_ego_1643,6340614,1,vehicle,0.24842210114002228,102.63154466593893,30.004409186558664,2.0359495910693943,-26.520684836109893,7.377599716186523,2.7694759368896484,3.4702816009521484,21.84809067060371,430.33593750000006,216.66666666666669,400.8546833768487,195.5105660359065,459.81719162315136,237.82276729742688,1.0336712875869125e-05,0.9948216676712036,
2026-07-15T21:50:39.988,41.914097027038224,20260715_214958_front_fusion_ego_1643,speedsweep_normal,fusion_ego_1643,6340614,2,vehicle,0.16529561579227448,95.92474810457581,21.42765120241841,1.442719315348243,-69.80082337882169,5.191647052764893,2.0268948078155518,2.3360636234283447,31.785646961350842,359.16927083333337,226.66666666666669,344.9249657069644,216.81158701578778,373.41357595970237,236.5217463175456,0.04203661158680916,0.9995044469833374,
2026-07-15T21:50:40.119,42.045379737974145,20260715_214958_front_fusion_ego_1643,speedsweep_normal,fusion_ego_1643,6340615,0,vehicle,0.6092603802680969,111.50365781655186,41.799429554796234,0.9485038266978612,105.51941622239192,5.170144557952881,1.977921485900879,1.70241379737854,11.092826107953773,554.8776041666667,253.33333333333334,503.7525683070223,227.5182714064916,606.0026400263112,279.1483952601751,0.10994186997413635,0.9999985694885254,
2026-07-15T21:50:40.119,42.045379737974145,20260715_214958_front_fusion_ego_1643,speedsweep_normal,fusion_ego_1643,6340615,1,vehicle,0.22776471078395844,95.83568839783734,24.087458232519978,1.0444223456328325,-51.23428931354777,5.065745830535889,2.011969566345215,2.0261528491973877,29.08957645464193,351.3854166666667,226.66666666666669,333.49091714496416,216.08097920815152,369.2799161883692,237.25235412518185,0.0026260241866111755,0.9988956451416016,
2026-07-15T21:50:40.119,42.045379737974145,20260715_214958_front_fusion_ego_1643,speedsweep_normal,fusion_ego_1643,6340615,2,vehicle,0.16336402297019958,105.2508052919858,31.120748356212736,1.5915400273124398,-7.450726768840466,7.5992326736450195,2.8112332820892334,3.323209762573242,20.255870227743348,440.34375000000006,216.66666666666669,412.13320665061474,194.07754758993786,468.5542933493853,239.2557857433955,4.9211434088647366e-05,0.9995728135108948,
2026-07-15T21:50:40.119,42.045379737974145,20260715_214958_front_fusion_ego_1643,speedsweep_normal,fusion_ego_1643,6340615,3,vehicle,0.08785531669855118,104.57537756600216,26.24108468668718,1.6841973793162746,-62.466905254445656,7.400650501251221,2.7367427349090576,3.3754937648773193,25.16067282406405,422.55208333333337,216.66666666666669,394.27660447110736,199.5232705275218,450.8275621955594,233.81006280581158,1.919030910357833e-05,0.9980742931365967,
2026-07-15T21:50:40.248,42.174403149983846,20260715_214958_front_fusion_ego_1643,speedsweep_normal,fusion_ego_1643,6340616,0,vehicle,0.8844210505485535,110.64467275587509,41.294583918219914,1.0563129074961288,92.6886734339,5.620736598968506,2.1434690952301025,2.0750060081481934,10.95147574121125,545.9817708333334,252.22222222222223,496.9452336256703,221.25295056237115,595.0183080409964,283.1914938820733,0.025323547422885895,0.9999924898147583,
2026-07-15T21:50:40.248,42.174403149983846,20260715_214958_front_fusion_ego_1643,speedsweep_normal,fusion_ego_1643,6340616,1,vehicle,0.1854141801595688,99.333351371595,25.87659182497713,1.0728233146851722,-64.3037878877549,5.220762729644775,2.0562756061553955,2.3088340759277344,26.1363566406487,350.2734375,226.66666666666669,332.7234483771026,214.19439564148587,367.8234266228974,239.1389376918475,0.001822943682782352,0.9996880292892456,
2026-07-15T21:50:40.248,42.174403149983846,20260715_214958_front_fusion_ego_1643,speedsweep_normal,fusion_ego_1643,6340616,2,vehicle,0.08398652076721191,105.6837661812552,33.68078906664168,1.8857829626621347,-14.588133690858001,7.727891445159912,2.867274045944214,3.531388282775879,17.485358353857194,448.1276041666667,216.66666666666669,417.09097732851905,190.9065882364909,479.1642310048143,242.42674509684247,4.1022576624527574e-05,0.9811322093009949,
2026-07-15T21:50:40.248,42.174403149983846,20260715_214958_front_fusion_ego_1643,speedsweep_normal,fusion_ego_1643,6340616,3,vehicle,0.06561671942472458,102.53478601521553,34.395981136641126,1.9803381467815788,-13.42765176707439,8.951131820678711,3.1195547580718994,4.154221534729004,17.109901817156423,422.55208333333337,207.7777777777778,386.0052848507961,175.4330407248603,459.09888181587064,240.12251483069528,2.672571463335771e-05,0.9983662962913513,
2026-07-15T21:50:40.390,42.31567909696605,20260715_214958_front_fusion_ego_1643,speedsweep_normal,fusion_ego_1643,6340617,0,vehicle,0.5099627375602722,96.38807976486578,28.80905620324149,0.887246761997563,159.1152307447526,5.151530742645264,1.9264267683029175,1.8615211248397827,24.10569658896914,342.48958333333337,234.44444444444446,322.80181888615095,222.17990067270068,362.1773477805158,246.70898821618823,0.0011151481885463,0.9999262094497681,
2026-07-15T21:50:40.390,42.31567909696605,20260715_214958_front_fusion_ego_1643,speedsweep_normal,fusion_ego_1643,6340617,1,vehicle,0.503257691860199,112.8465109225827,39.46644154565675,1.2432591353040614,84.44146456492727,5.62925386428833,2.1832118034362793,2.2491862773895264,13.399880977191897,545.9817708333334,253.33333333333334,497.13796589275205,227.52383251984915,594.8255757739147,279.14283414681756,0.02265501581132412,0.9991068243980408,
2026-07-15T21:50:40.390,42.31567909696605,20260715_214958_front_fusion_ego_1643,speedsweep_normal,fusion_ego_1643,6340617,2,vehicle,0.1589675396680832,102.51974412669537,30.852838557012024,1.9297021100396927,-36.09556708222275,7.351494312286377,2.7324728965759277,3.499173879623413,20.371817043473573,430.33593750000006,216.66666666666669,402.5415050908923,195.47194222609204,458.13036990910774,237.86139110724133,4.2849340388784185e-05,0.9973710775375366,
2026-07-15T21:50:40.524,42.450396183063276,20260715_214958_front_fusion_ego_1643,speedsweep_normal,fusion_ego_1643,6340618,0,vehicle,0.4801996648311615,112.75289240497808,38.712793529534714,1.2357466274094524,92.78036452413723,5.996888637542725,2.2821764945983887,2.3017518520355225,13.803031081803475,538.1979166666667,252.22222222222223,488.1379301125805,227.00517667664423,588.257903220753,277.43926776780023,0.10585518926382065,0.9994545578956604,
2026-07-15T21:50:40.524,42.450396183063276,20260715_214958_front_fusion_ego_1643,speedsweep_normal,fusion_ego_1643,6340618,1,vehicle,0.30395886301994324,97.66404257825612,30.035235031137915,0.8015263213349306,-56.32877195535513,5.013193130493164,1.864565134048462,1.7404314279556274,22.274274720860646,341.3776041666667,234.44444444444446,321.89863486463827,222.96817508008746,360.8565734686951,245.92071380880145,0.013781534507870674,0.9999529123306274,
2026-07-15T21:50:40.524,42.450396183063276,20260715_214958_front_fusion_ego_1643,speedsweep_normal,fusion_ego_1643,6340618,2,vehicle,0.22020913660526276,102.31276679982614,28.989446107762383,1.9457030475032813,-41.55400230842145,8.051815032958984,2.9657249450683594,3.461716413497925,22.015984002476532,422.55208333333337,216.66666666666669,385.4502836217483,196.08726064364117,459.6538830449184,237.2460726896922,6.966161436139373e-06,0.9986490607261658,
2026-07-15T21:50:40.648,42.574481084011495,20260715_214958_front_fusion_ego_1643,speedsweep_normal,fusion_ego_1643,6340619,0,vehicle,0.7320803999900818,111.6577923407142,39.706253505080156,1.1699404261467368,108.03993101082797,5.294079780578613,2.0733649730682373,1.980548620223999,12.21171254889746,537.0859375,252.22222222222223,492.4725487157703,226.73707200421228,581.6993262842298,277.7073724402322,0.031347133219242096,0.9998828172683716,
2026-07-15T21:50:40.648,42.574481084011495,20260715_214958_front_fusion_ego_1643,speedsweep_normal,fusion_ego_1643,6340619,1,vehicle,0.5714091062545776,97.69242482071553,28.91186385798212,0.9022304338079046,-59.257630582889746,5.113006591796875,1.9576001167297363,1.7902709245681763,23.098785052234692,332.48177083333337,234.44444444444446,311.49276055519783,223.08036115434436,353.4707811114689,245.80852773454455,0.014894571155309677,0.9999938011169434,
2026-07-15T21:50:40.648,42.574481084011495,20260715_214958_front_fusion_ego_1643,speedsweep_normal,fusion_ego_1643,6340619,2,vehicle,0.08528183400630951,103.44454399439243,31.483059805444988,2.0028640794544126,-4.10605963930282,7.7867960929870605,2.8239293098449707,3.708423137664795,19.16369053571952,430.33593750000006,216.66666666666669,399.52981566637754,191.4919678370158,461.1420593336225,241.84136549631756,2.0497540390351787e-05,0.9952210783958435,
2026-07-15T21:50:40.771,42.69688576296903,20260715_214958_front_fusion_ego_1643,speedsweep_normal,fusion_ego_1643,6340620,0,vehicle,0.6998218894004822,98.68604980064154,29.60427537319956,1.0225484569805878,-91.63553718650677,5.258164882659912,2.003182888031006,1.8548109531402588,21.870795258641834,324.6979166666667,234.44444444444446,302.51672205949825,221.73148449924258,346.8791112738351,247.15740438964633,0.0038017320912331343,0.9999997615814209,
2026-07-15T21:50:40.771,42.69688576296903,20260715_214958_front_fusion_ego_1643,speedsweep_normal,fusion_ego_1643,6340620,1,vehicle,0.21449759602546692,129.5856756360602,30.73055373183411,1.8666263289072913,9.983806792685419,8.054543495178223,3.0317695140838623,3.6855552196502686,30.660898687967038,110.08593750000001,217.7777777777778,50.976003274321556,190.53724871741403,169.19587172567844,245.01830683814157,0.0011363150551915169,0.9867952466011047,
2026-07-15T21:50:40.771,42.69688576296903,20260715_214958_front_fusion_ego_1643,speedsweep_normal,fusion_ego_1643,6340620,2,vehicle,0.17128385603427887,116.80303094745761,35.27014856880176,1.1311066052503187,27.40532220031563,5.6485724449157715,2.1392269134521484,2.340808153152466,18.50356910055457,529.3020833333334,244.44444444444446,492.66290978093946,226.3064530160692,565.9412568857273,262.5824358728197,0.19495931267738342,0.997734546661377,
2026-07-15T21:50:40.910,42.83623543498106,20260715_214958_front_fusion_ego_1643,speedsweep_normal,fusion_ego_1643,6340621,0,vehicle,0.7423352003097534,98.77076046845664,30.00012754325132,0.8086246147277221,-83.83928932279684,5.505890846252441,2.0678107738494873,1.8790277242660522,21.241039261331206,315.80208333333337,234.44444444444446,292.1272017260393,220.73186811473636,339.47696494062745,248.15702077415256,0.06836485117673874,0.9999998807907104,
2026-07-15T21:50:40.910,42.83623543498106,20260715_214958_front_fusion_ego_1643,speedsweep_normal,fusion_ego_1643,6340621,1,vehicle,0.25527241826057434,115.2446120758867,34.63551560177417,1.2255465201856413,38.36191299103782,5.83339262008667,2.2235496044158936,2.4834651947021484,17.95782075684221,528.1901041666667,244.44444444444446,491.2560595671336,225.01925912168292,565.1241487661998,263.869629767206,0.03624195232987404,0.9994423985481262,
2026-07-15T21:50:40.910,42.83623543498106,20260715_214958_front_fusion_ego_1643,speedsweep_normal,fusion_ego_1643,6340621,2,vehicle,0.23332850635051727,128.94268678453594,30.79000764985628,1.5846375697565582,82.47943768634846,7.926972389221191,2.9255223274230957,3.4406166076660156,29.967172051159427,102.30208333333334,217.7777777777778,58.55300082763036,194.59183322058786,146.05116583903632,240.96372233496774,0.0037446734495460987,0.7769691348075867,
2026-07-15T21:50:41.044,42.97001896996517,20260715_214958_front_fusion_ego_1643,speedsweep_normal,fusion_ego_1643,6340622,0,vehicle,0.5017169117927551,100.46881541097679,31.9245551067966,0.9975793837831115,-37.78469975428419,5.531851768493652,2.0481269359588623,2.1843409538269043,18.646033848190044,314.6901041666667,234.44444444444446,287.34793610374135,219.24672451284198,342.032272229592,249.64216437604694,0.034086182713508606,0.999998927116394,
2026-07-15T21:50:41.044,42.97001896996517,20260715_214958_front_fusion_ego_1643,speedsweep_normal,fusion_ego_1643,6340622,1,vehicle,0.1860065460205078,114.48591022116946,35.224275213453225,1.11723695176379,107.46522612930274,5.3783135414123535,2.0324995517730713,2.3530325889587402,16.85995383003065,528.1901041666667,243.33333333333334,493.41623193273944,223.75103493531546,562.963976400594,262.91563173135125,0.3353786766529083,0.9995788931846619,
2026-07-15T21:50:41.044,42.97001896996517,20260715_214958_front_fusion_ego_1643,speedsweep_normal,fusion_ego_1643,6340622,2,vehicle,0.061821311712265015,103.82398294597776,29.97712207907021,1.7403987216975625,-14.173970443704283,7.610832214355469,2.8100483417510986,3.3958654403686523,19.878062564822677,430.33593750000006,216.66666666666669,396.9808128476143,194.20200566450757,463.69106215238577,239.1313276688258,2.7490692446008325e-05,0.9890634417533875,
2026-07-15T21:50:41.193,43.11926903005224,20260715_214958_front_fusion_ego_1643,speedsweep_normal,fusion_ego_1643,6340623,0,vehicle,0.29564446210861206,100.48009792424928,31.213722080124636,1.0462809218663243,-36.88901632325208,5.049818992614746,1.9786791801452637,2.0424864292144775,19.104361994210134,305.79427083333337,234.44444444444446,280.6012022805711,219.72159173753528,330.98733938609564,249.16729715135364,0.6472565531730652,0.9999468326568604,
2026-07-15T21:50:41.193,43.11926903005224,20260715_214958_front_fusion_ego_1643,speedsweep_normal,fusion_ego_1643,6340623,1,vehicle,0.24851571023464203,123.44365118473067,29.638588440425004,1.6593560695510408,-68.34776755868916,6.177427291870117,2.457399845123291,3.1388962268829346,26.49312156544451,164.57291666666669,217.7777777777778,132.66509582350653,194.67343317137826,196.48073750982684,240.88212238417734,0.0057779583148658276,0.9663913249969482,
2026-07-15T21:50:41.193,43.11926903005224,20260715_214958_front_fusion_ego_1643,speedsweep_normal,fusion_ego_1643,6340623,2,vehicle,0.21817506849765778,102.67218682880655,30.22437197901215,1.7494921389877114,-5.982820004866071,7.853854656219482,2.796022891998291,3.4304935932159424,19.565328207010815,430.33593750000006,216.66666666666669,398.3632479533553,194.42126731077832,462.30862704664474,238.91206602255505,6.744120037183166e-05,0.9997943043708801,
2026-07-15T21:50:41.193,43.11926903005224,20260715_214958_front_fusion_ego_1643,speedsweep_normal,fusion_ego_1643,6340623,3,vehicle,0.08582329750061035,115.29917002572428,34.01307982633235,1.0035595520999134,-140.37424056576637,5.4790167808532715,2.0487043857574463,2.3976011276245117,18.124637705857857,519.2942708333334,243.33333333333334,485.4497326513132,224.4383062918981,553.1388090153536,262.2283603747686,0.3239767551422119,0.9976961016654968,
2026-07-15T21:50:41.193,43.11926903005224,20260715_214958_front_fusion_ego_1643,speedsweep_normal,fusion_ego_1643,6340623,4,vehicle,0.08388838917016983,102.66808914710572,34.625292089690184,1.325983812052693,-87.79945856298426,6.753162384033203,2.3754541873931885,2.7636237144470215,15.24620313455311,421.4401041666667,244.44444444444446,386.3024040857951,215.35136726167468,456.57780424753827,273.53752162721423,0.03569440171122551,0.9999477863311768,
2026-07-15T21:50:41.316,43.24191134807188,20260715_214958_front_fusion_ego_1643,speedsweep_normal,fusion_ego_1643,6340624,0,vehicle,0.3319202959537506,102.80988016225103,31.479465223606855,1.058585933412235,-1.7833612004305899,4.844836711883545,1.9597220420837402,2.1145520210266113,18.10035904844198,296.8984375,234.44444444444446,268.71787564456463,218.56532361772327,325.07899935543537,250.32356527116565,0.08608966320753098,0.9999920129776001,
2026-07-15T21:50:41.316,43.24191134807188,20260715_214958_front_fusion_ego_1643,speedsweep_normal,fusion_ego_1643,6340624,1,vehicle,0.2334757149219513,127.49523086117874,29.807899860336327,1.7426761475525079,3.458317471652582,7.732170581817627,2.7829959392547607,3.556229829788208,29.07025098761382,118.98177083333334,216.66666666666669,66.05357271929583,190.04299918810528,171.90996894737086,243.2903341452281,0.0067645651288330555,0.9996516704559326,
2026-07-15T21:50:41.316,43.24191134807188,20260715_214958_front_fusion_ego_1643,speedsweep_normal,fusion_ego_1643,6340624,2,vehicle,0.15083461999893188,115.07085311979202,32.1364668878673,1.0890782546177247,-164.08587932743757,5.495600700378418,2.0766799449920654,2.447598695755005,19.45358984602483,519.2942708333334,243.33333333333334,487.5164705415567,225.43241699536642,551.07207112511,261.2342496713003,0.8231785297393799,0.9999043941497803,
2026-07-15T21:50:41.316,43.24191134807188,20260715_214958_front_fusion_ego_1643,speedsweep_normal,fusion_ego_1643,6340624,3,vehicle,0.1276656836271286,104.06572349931308,29.486789774293655,1.718168361548137,-32.77933081248265,7.9241180419921875,2.790377616882324,3.5429277420043945,19.901736891199725,422.55208333333337,216.66666666666669,392.31035739680135,195.5918566385905,452.7938092698654,237.74147669474286,4.35413203376811e-05,0.9993557333946228,
2026-07-15T21:50:41.316,43.24191134807188,20260715_214958_front_fusion_ego_1643,speedsweep_normal,fusion_ego_1643,6340624,4,vehicle,0.09884220361709595,123.86231530026039,28.272460755595297,1.6928873609515673,2.178147928863617,6.947746753692627,2.5380160808563232,3.49843430519104,27.63673904073427,163.4609375,217.7777777777778,132.411241479218,193.736603723632,194.510633520782,241.8189518319236,0.23653236031532288,0.9739587306976318,
2026-07-15T21:50:41.438,43.36353782599326,20260715_214958_front_fusion_ego_1643,speedsweep_normal,fusion_ego_1643,6340625,0,vehicle,0.3200508654117584,102.5072209453989,35.3332342396131,1.2199383212301358,-68.76902625316924,5.434188365936279,2.00346040725708,1.979328989982605,14.151245742114366,279.10677083333337,243.33333333333334,244.27177440126738,225.99769612153372,313.94176726539933,260.668970545133,0.00040471061947755516,0.9999948740005493,
2026-07-15T21:50:41.438,43.36353782599326,20260715_214958_front_fusion_ego_1643,speedsweep_normal,fusion_ego_1643,6340625,1,vehicle,0.19665321707725525,113.90879458270868,31.972210641752557,1.1110835220282278,-166.29565766346656,5.583470344543457,2.141639232635498,2.305436849594116,18.864384640734926,511.5104166666667,243.33333333333334,483.06931104759377,225.511527856191,539.9515222857397,261.1551388104757,0.3274613618850708,0.9997703433036804,
2026-07-15T21:50:41.438,43.36353782599326,20260715_214958_front_fusion_ego_1643,speedsweep_normal,fusion_ego_1643,6340625,2,vehicle,0.19425371289253235,102.43537988670784,37.8627830542721,1.7017018020378678,-41.37936115738369,8.512118339538574,2.83410906791687,4.293571949005127,11.729128720763585,422.55208333333337,200.0,373.54671428104245,141.1531138420105,471.5574523856243,258.8468861579895,0.023906709626317024,0.9999486207962036,
2026-07-15T21:50:41.438,43.36353782599326,20260715_214958_front_fusion_ego_1643,speedsweep_normal,fusion_ego_1643,6340625,3,vehicle,0.18017061054706573,103.34945219734767,30.369138336421592,1.9210107000464076,-24.172442268556104,7.4410400390625,2.7035458087921143,3.482710123062134,18.86962792941161,430.33593750000006,216.66666666666669,399.53353790193796,193.19399038950604,461.1383370980621,240.13934294382733,1.2660900210903492e-05,0.9989191293716431,
2026-07-15T21:50:41.438,43.36353782599326,20260715_214958_front_fusion_ego_1643,speedsweep_normal,fusion_ego_1643,6340625,4,vehicle,0.141107439994812,100.9400536775713,32.391428186535975,1.0925138332989894,9.057191927872722,5.508277416229248,2.079176664352417,2.409501075744629,17.40594550755293,296.8984375,235.55555555555557,261.09091317653656,218.62296673986648,332.70596182346344,252.48814437124466,0.035761281847953796,0.9991647005081177,
2026-07-15T21:50:41.438,43.36353782599326,20260715_214958_front_fusion_ego_1643,speedsweep_normal,fusion_ego_1643,6340625,5,vehicle,0.13819676637649536,128.39645658793623,31.431248448427024,1.647951702925689,28.178833665728707,6.798571586608887,2.4505581855773926,3.126560688018799,28.556701553041776,101.19010416666667,216.66666666666669,50.102904672424,191.81968728701275,152.27730366090935,241.51364604632062,0.10006696730852127,0.9993603825569153,
2026-07-15T21:50:41.438,43.36353782599326,20260715_214958_front_fusion_ego_1643,speedsweep_normal,fusion_ego_1643,6340625,6,vehicle,0.09830059856176376,103.75877147931858,33.40084075924099,1.2374138577077374,172.24110364528752,5.899251937866211,2.159284830093384,2.113800048828125,15.812167501210222,421.4401041666667,252.22222222222223,391.22882420818013,236.86058355702295,451.65138412515324,267.5838608874215,0.06331691890954971,0.9999064207077026,
2026-07-15T21:50:41.567,43.49287927802652,20260715_214958_front_fusion_ego_1643,speedsweep_normal,fusion_ego_1643,6340626,0,vehicle,0.3949461877346039,98.90249962238657,35.375955186662054,1.0020867097023467,-52.38157528071485,5.065817356109619,2.0151195526123047,1.7388126850128174,15.143559584856586,262.42708333333337,243.33333333333334,221.33035772045454,224.64571436246237,303.52380894621217,262.02095230420434,0.16799384355545044,0.9999678134918213,
2026-07-15T21:50:41.567,43.49287927802652,20260715_214958_front_fusion_ego_1643,speedsweep_normal,fusion_ego_1643,6340626,1,vehicle,0.16326992213726044,102.65067449958822,32.683467496679896,1.966936544056301,31.36953577427205,7.82033634185791,2.7352511882781982,3.5160019397735596,16.427214135985096,422.55208333333337,216.66666666666669,384.2775408153733,191.97653392950696,460.82662585129344,241.35679940382641,3.6588455259334296e-05,0.9993768334388733,
2026-07-15T21:50:41.567,43.49287927802652,20260715_214958_front_fusion_ego_1643,speedsweep_normal,fusion_ego_1643,6340626,2,vehicle,0.13436079025268555,99.17752013557224,29.9691933397185,0.9662379437991975,-25.6709664993884,5.661609172821045,2.07890248298645,2.3596599102020264,19.99290730271048,296.8984375,235.55555555555557,272.7139436677098,218.8007578584883,321.0829313322902,252.31035325262283,0.02488156035542488,0.9996286630630493,
2026-07-15T21:50:41.567,43.49287927802652,20260715_214958_front_fusion_ego_1643,speedsweep_normal,fusion_ego_1643,6340626,3,vehicle,0.07647275924682617,98.023588214863,30.38245436907607,1.099007943123838,22.51548274625995,5.339942932128906,2.160623073577881,2.3629491329193115,20.027641537667233,280.21875,235.55555555555557,244.77765272557738,217.09348175260757,315.65984727442265,254.01762935850357,0.0756569355726242,0.9770762324333191,
2026-07-15T21:50:41.697,43.6226301160641,20260715_214958_front_fusion_ego_1643,speedsweep_normal,fusion_ego_1643,6340627,0,vehicle,0.3561311662197113,99.92686681077069,37.517411337305624,0.9223809695978402,58.59989124592135,4.796074867248535,1.9166597127914429,1.50949227809906,12.493247632375708,243.52343750000003,244.44444444444446,196.4019554927945,224.84144833352832,290.6449195072055,264.0474405553606,0.09792391210794449,0.9999732971191406,
2026-07-15T21:50:41.697,43.6226301160641,20260715_214958_front_fusion_ego_1643,speedsweep_normal,fusion_ego_1643,6340627,1,vehicle,0.14603331685066223,103.94085205511965,31.97443670389553,1.2672743555603063,-87.03205409842613,5.75250244140625,2.0641231536865234,2.083944320678711,16.60010349731455,422.55208333333337,261.11111111111114,390.6029043172797,246.93251884645886,454.50126234938705,275.2897033757634,0.013353055343031883,0.9999825954437256,
2026-07-15T21:50:41.697,43.6226301160641,20260715_214958_front_fusion_ego_1643,speedsweep_normal,fusion_ego_1643,6340627,2,vehicle,0.10456276684999466,100.07935477513949,33.02087862399215,1.2155350775742229,-8.152519859925219,5.2142839431762695,2.032081365585327,2.424297571182251,16.507633299063556,279.10677083333337,235.55555555555557,244.778488372763,217.3368314239714,313.4350532939037,253.77427968713974,0.42920011281967163,0.9987161159515381,
2026-07-15T21:50:41.697,43.6226301160641,20260715_214958_front_fusion_ego_1643,speedsweep_normal,fusion_ego_1643,6340627,3,vehicle,0.10299647599458694,107.94324548736562,31.035237782984524,1.364571423779624,-39.23125531884833,4.333967208862305,1.7996386289596558,2.238536834716797,17.53334351615265,501.5026041666667,243.33333333333334,478.64144938314956,226.7775752147039,524.3637589501839,259.8890914519628,0.10109586268663406,0.9841578006744385,
2026-07-15T21:50:41.697,43.6226301160641,20260715_214958_front_fusion_ego_1643,speedsweep_normal,fusion_ego_1643,6340627,4,vehicle,0.08170300722122192,103.71726085877036,32.08967923713567,2.006392499118057,50.81100323003373,7.485269546508789,2.690241813659668,3.3923351764678955,16.515406941003143,422.55208333333337,217.7777777777778,385.1725603093704,193.83938418494333,459.93160635729635,241.71617137061227,6.386273526004516e-06,0.991550087928772,
2026-07-15T21:50:41.831,43.75679472007323,20260715_214958_front_fusion_ego_1643,speedsweep_normal,fusion_ego_1643,6340628,0,vehicle,0.3736734092235565,104.06159964260738,40.63363997673086,0.9742067815846145,132.43236359361921,4.67583703994751,1.8810315132141113,1.437487244606018,7.710267616216654,207.94010416666669,252.22222222222223,158.40798151741427,228.85479225052728,257.4722268159191,275.5896521939172,0.004176856018602848,0.9999964237213135,
2026-07-15T21:50:41.831,43.75679472007323,20260715_214958_front_fusion_ego_1643,speedsweep_normal,fusion_ego_1643,6340628,1,vehicle,0.0941614955663681,102.92476236516099,30.537950183133105,1.94508436962216,26.30413336709518,7.901844501495361,2.819941997528076,3.4962525367736816,17.807633555404205,430.33593750000006,216.66666666666669,396.96497266739607,190.92490951220196,463.706902332604,242.4084238211314,3.2678417483111843e-05,0.9987325072288513,
2026-07-15T21:50:41.831,43.75679472007323,20260715_214958_front_fusion_ego_1643,speedsweep_normal,fusion_ego_1643,6340628,2,vehicle,0.07580480724573135,107.62180857772589,31.758580055003875,1.3411323017820032,-5.007729771469698,4.670475006103516,1.831675410270691,2.261516809463501,16.416869311076482,502.61458333333337,243.33333333333334,479.2171371219059,226.57518108685812,526.0120295447608,260.0914855798086,0.004784983117133379,0.9915562868118286,
2026-07-15T21:50:41.959,43.88482242799364,20260715_214958_front_fusion_ego_1643,speedsweep_normal,fusion_ego_1643,6340629,0,vehicle,0.3081834316253662,99.93641162661685,40.445785813968676,1.0658120338297103,-17.232303713437943,4.589539527893066,1.8520317077636719,1.7380869388580322,9.414418114184414,155.67708333333334,261.11111111111114,74.52366926272711,220.4421956009335,236.83049740393957,301.78002662128875,0.0929790735244751,0.9999920129776001,
2026-07-15T21:50:41.959,43.88482242799364,20260715_214958_front_fusion_ego_1643,speedsweep_normal,fusion_ego_1643,6340629,1,vehicle,0.11876602470874786,102.3125631573277,32.38086222357734,2.127091187084452,18.678948265243204,7.848379611968994,2.8004541397094727,3.7358927726745605,15.731525574615313,430.33593750000006,216.66666666666669,393.7199563384056,187.07222024599713,466.95191866159445,246.26111308733624,2.9875161999370903e-05,0.9948897361755371,
2026-07-15T21:50:41.959,43.88482242799364,20260715_214958_front_fusion_ego_1643,speedsweep_normal,fusion_ego_1643,6340629,2,vehicle,0.09522351622581482,108.85520508593754,27.639082214617368,1.2546561614346874,-67.0785180658964,4.748813629150391,1.8652228116989136,2.191589593887329,20.255851649193055,502.61458333333337,243.33333333333334,479.48232413580024,228.9721461137136,525.7468425308665,257.6945205529531,0.023984435945749283,0.9959463477134705,
2026-07-15T21:50:41.959,43.88482242799364,20260715_214958_front_fusion_ego_1643,speedsweep_normal,fusion_ego_1643,6340629,3,vehicle,0.06582732498645782,105.3456161879067,33.01631608438003,1.6036073158899145,-81.86165083574211,6.5290961265563965,2.42205548286438,2.677175760269165,14.676028444207939,422.55208333333337,253.33333333333334,384.0597232257327,229.33474918206534,461.04444344093406,277.3319174846014,0.05523981153964996,0.9997438788414001,
2026-07-15T21:50:42.102,44.02804509096313,20260715_214958_front_fusion_ego_1643,speedsweep_normal,fusion_ego_1643,6340630,0,vehicle,0.07516955584287643,109.45957896836487,28.292752321748903,1.2245899462408398,-48.59205657170721,4.596564769744873,1.8977630138397217,2.020327091217041,19.26521278529734,502.61458333333337,244.44444444444446,479.5738831770917,230.57666298415927,525.655283489575,258.31222590472964,0.035530395805835724,0.9676571488380432,
2026-07-15T21:50:42.102,44.02804509096313,20260715_214958_front_fusion_ego_1643,speedsweep_normal,fusion_ego_1643,6340630,1,vehicle,0.05835643783211708,104.71186499527803,29.56485075890716,1.9795361008126444,-25.204234663323746,8.2360258102417,2.8920509815216064,3.5163793563842773,17.711368295672496,422.55208333333337,244.44444444444446,388.18148509909713,216.2062927749422,456.9226815675696,272.6825961139467,5.985823463561246e-06,0.995859682559967,
2026-07-15T21:50:42.235,44.161025700042956,20260715_214958_front_fusion_ego_1643,speedsweep_normal,fusion_ego_1643,6340631,0,vehicle,0.11389894038438797,105.60233956324748,41.82559750402574,1.1352163164915197,-95.12694899755111,4.044649124145508,1.628368854522705,1.585016131401062,4.937377513016768,173.46875,253.33333333333334,103.73233591020107,215.07475097974142,243.20516408979896,291.5919156869253,0.567122757434845,0.9999635219573975,
2026-07-15T21:50:42.375,44.30087742104661,20260715_214958_front_fusion_ego_1643,speedsweep_normal,fusion_ego_1643,6340632,0,vehicle,0.08887293934822083,101.98937107536409,42.33047260920868,1.029214193881279,-86.04668844077264,3.9214844703674316,1.6369483470916748,1.6718686819076538,5.559615451779812,101.19010416666667,261.11111111111114,46.93061828116576,217.12289757198758,155.4495900521676,305.0993246502347,0.6540442705154419,0.9943633079528809,
2026-07-15T21:50:42.510,44.43616693804506,20260715_214958_front_fusion_ego_1643,speedsweep_normal,fusion_ego_1643,6340633,0,vehicle,0.062433335930109024,103.64337438263462,33.466077359268844,1.911835756133016,125.91726594644366,7.622928619384766,2.872243642807007,3.4014832973480225,12.412690385998427,84.51041666666667,207.7777777777778,21.99987348417441,180.6840174065696,147.02095984915894,234.871538148986,0.0002917764650192112,0.9950956106185913,
2026-07-15T21:50:42.639,44.56537580501754,20260715_214958_front_fusion_ego_1643,speedsweep_normal,fusion_ego_1643,6340634,0,vehicle,0.095555879175663,104.64757409284347,33.39856013567772,1.862486408324663,47.45829878061284,7.553754806518555,2.7287721633911133,3.5166234970092773,11.824880506958685,421.4401041666667,244.44444444444446,382.53082822511595,207.9512706067827,460.3493801082174,280.9376182821062,0.00017924061103258282,0.9823200106620789,
2026-07-15T21:50:43.034,44.96008499106392,20260715_214958_front_fusion_ego_1643,speedsweep_normal,fusion_ego_1643,6340637,0,vehicle,0.09454058110713959,117.35748937700447,30.492096761263213,1.4896069460835761,100.06768925032355,5.854504585266113,2.2398929595947266,2.877439260482788,17.678852539486037,93.40625,208.88888888888889,40.23799632489681,181.9403647714191,146.5745036751032,235.83741300635867,0.15799935162067413,0.5887998342514038,
2026-07-15T21:50:43.182,45.10765876597725,20260715_214958_front_fusion_ego_1643,speedsweep_normal,fusion_ego_1643,6340638,0,vehicle,0.07879629731178284,119.8864282142657,30.76053727535404,1.4811914716466525,95.43784735955236,5.911515712738037,2.226064443588257,2.9193320274353027,19.05531361078907,92.29427083333334,208.88888888888889,44.45331250627836,181.0698288016849,140.13522916038832,236.70794897609287,0.030663752928376198,0.47120732069015503,
2026-07-15T21:50:43.305,45.231286166002974,20260715_214958_front_fusion_ego_1643,speedsweep_normal,fusion_ego_1643,6340639,0,person,0.05423015356063843,90.39662901651688,32.766668404613235,0.8307438655982151,154.5612929295339,1.0130106210708618,0.7026621699333191,1.4730331897735596,18.98094909375862,74.50260416666667,235.55555555555557,61.89971425260107,219.54912278387283,87.10549408073227,251.5619883272383,0.9595515727996826,0.2586405575275421,
2026-07-15T21:50:43.305,45.231286166002974,20260715_214958_front_fusion_ego_1643,speedsweep_normal,fusion_ego_1643,6340639,1,vehicle,0.053353674709796906,119.42414803835953,31.132472785427574,1.5105309941209748,85.26409837737799,5.922511100769043,2.186927318572998,2.9857943058013916,18.34703883949951,92.29427083333334,208.88888888888889,45.23453021546205,179.72796969943576,139.35401145120463,238.049808078342,0.05292830988764763,0.7778163552284241,
2026-07-15T21:50:43.305,45.231286166002974,20260715_214958_front_fusion_ego_1643,speedsweep_normal,fusion_ego_1643,6340639,2,vehicle,0.05272017419338226,111.84901294679776,20.946752310010787,1.5963152922810488,-33.67042710414802,8.379325866699219,2.973177433013916,3.617683172225952,23.405166240532974,431.4479166666667,270.0,392.9089649866025,247.7241325378418,469.9868683467309,292.2758674621582,1.1930212906463566e-07,0.9249773025512695,
2026-07-15T21:50:43.428,45.353818502044305,20260715_214958_front_fusion_ego_1643,speedsweep_normal,fusion_ego_1643,6340640,0,person,0.1664593517780304,94.22511943981617,32.434812029341074,1.191594395160651,179.07172394215237,0.6199699640274048,0.5909362435340881,1.576187252998352,16.108204652563725,66.71875,235.55555555555557,53.66866609267891,217.3766103718016,79.7688339073211,253.73450073930954,0.9634509086608887,0.8996655941009521,
2026-07-15T21:50:43.428,45.353818502044305,20260715_214958_front_fusion_ego_1643,speedsweep_normal,fusion_ego_1643,6340640,1,vehicle,0.08006982505321503,119.83066278905545,31.53453636543761,1.3921044820914978,80.87950279265736,6.39974308013916,2.3590445518493652,2.9803881645202637,18.287221282443195,83.3984375,208.88888888888889,33.304696314036846,177.87346177630954,133.49217868596315,239.90431600146823,0.02189222164452076,0.9459170699119568,
2026-07-15T21:50:43.550,45.475950360065326,20260715_214958_front_fusion_ego_1643,speedsweep_normal,fusion_ego_1643,6340641,0,vehicle,0.13200022280216217,96.86744380453946,19.819265211373686,1.0761647185231071,65.94931989506311,5.495030879974365,2.0051722526550293,1.9588335752487183,25.173672823451874,333.59375,234.44444444444446,312.190493080765,224.23439588811664,354.997006919235,244.65449300077228,0.0008212128886952996,0.9808845520019531,
2026-07-15T21:50:43.550,45.475950360065326,20260715_214958_front_fusion_ego_1643,speedsweep_normal,fusion_ego_1643,6340641,1,person,0.08885722607374191,99.37207332326301,33.0231457460106,1.3195928266185337,-163.24447105929127,0.7657138705253601,0.6144620776176453,1.5757508277893066,12.201451776720848,66.71875,235.55555555555557,53.70835562236608,218.38937494489883,79.72914437763393,252.7217361662123,0.9808715581893921,0.8782742619514465,
2026-07-15T21:50:43.673,45.598643800010905,20260715_214958_front_fusion_ego_1643,speedsweep_normal,fusion_ego_1643,6340642,0,person,0.16632665693759918,105.84421006496774,33.50065865409972,1.221465005186287,119.78786607742593,0.5574689507484436,0.5015538930892944,1.7274574041366577,9.577730745296114,65.60677083333334,243.33333333333334,52.16328878079852,223.51157267888388,79.05025288586816,263.15509398778283,0.9993402361869812,0.963629961013794,
2026-07-15T21:50:43.673,45.598643800010905,20260715_214958_front_fusion_ego_1643,speedsweep_normal,fusion_ego_1643,6340642,1,vehicle,0.16383638978004456,101.67378953218174,17.543719845347916,1.073900413488944,-91.28704889156546,5.132805824279785,1.9003002643585205,1.7254042625427246,25.890198876599868,332.48177083333337,234.44444444444446,314.10565538828575,225.66271868016986,350.857886278381,243.22617020871905,0.046594563871622086,0.9957341551780701,
2026-07-15T21:50:43.673,45.598643800010905,20260715_214958_front_fusion_ego_1643,speedsweep_normal,fusion_ego_1643,6340642,2,vehicle,0.1275477409362793,108.22025149564497,24.525797548426972,2.1447434594525223,23.701797616928264,8.10452651977539,2.9470624923706055,3.6582283973693848,18.687395813866875,430.33593750000006,253.33333333333334,391.59256509691477,227.4411596854528,469.0793099030853,279.2255069812139,6.580658578059229e-07,0.8354132771492004,
2026-07-15T21:50:43.804,45.72848273697309,20260715_214958_front_fusion_ego_1643,speedsweep_normal,fusion_ego_1643,6340643,0,vehicle,0.14086288213729858,102.49581560425266,17.39746843432314,0.8283414243860703,-77.49254092163874,5.312307357788086,1.9371707439422607,1.641571044921875,25.699715946111432,332.48177083333337,234.44444444444446,312.3424451289078,226.13958146837024,352.62109653775894,242.74930742051868,0.05777791887521744,0.9960305094718933,
2026-07-15T21:50:43.804,45.72848273697309,20260715_214958_front_fusion_ego_1643,speedsweep_normal,fusion_ego_1643,6340643,1,person,0.07074446976184845,104.89345645339664,33.266645544499674,1.052654448094757,124.02365107053697,0.6945884823799133,0.5419484376907349,1.6808816194534302,9.658937048356647,56.71093750000001,243.33333333333334,42.371670827269554,222.73392697175345,71.05020417273045,263.93273969491327,0.9950776696205139,0.7373564839363098,
2026-07-15T21:50:43.946,45.87208028999157,20260715_214958_front_fusion_ego_1643,speedsweep_normal,fusion_ego_1643,6340644,0,vehicle,0.14253056049346924,109.24845895458951,12.997331052851756,1.2513912103684284,-71.5774130330387,5.453953742980957,2.0024726390838623,2.3338263034820557,29.826131742383847,341.3776041666667,226.66666666666669,323.68307936439913,217.04508135716122,359.07212896893424,236.28825197617215,0.3733435273170471,0.9999748468399048,
2026-07-15T21:50:43.946,45.87208028999157,20260715_214958_front_fusion_ego_1643,speedsweep_normal,fusion_ego_1643,6340644,1,person,0.07703566551208496,100.40426851137997,31.625083022247303,1.0081943338013193,127.25395578492976,0.5663812160491943,0.5110107660293579,1.573007583618164,12.357503684123516,48.927083333333336,243.33333333333334,34.007027020057045,223.544553120931,63.84713964660963,263.1221135457357,0.9982061386108398,0.9378781318664551,
2026-07-15T21:50:43.946,45.87208028999157,20260715_214958_front_fusion_ego_1643,speedsweep_normal,fusion_ego_1643,6340644,2,vehicle,0.07478365302085876,104.07898048525544,20.31415144551846,2.007325119657361,-30.778900295982083,7.162426471710205,2.754908323287964,3.2413291931152344,22.41050587941009,422.55208333333337,216.66666666666669,392.7109049384793,197.49861935774487,452.39326172818744,235.8347139755885,0.013498879037797451,0.9968960285186768,
2026-07-15T21:50:43.946,45.87208028999157,20260715_214958_front_fusion_ego_1643,speedsweep_normal,fusion_ego_1643,6340644,3,vehicle,0.07176815718412399,122.58763908688972,25.034391189183978,1.8272997113536933,127.46459609946153,7.887036323547363,2.838855743408203,3.5265722274780273,24.20959781245571,145.66927083333334,217.7777777777778,104.11862336595854,191.9726453887092,187.21991830070814,243.5829101668464,0.9538679718971252,0.9947625994682312,
2026-07-15T21:50:44.076,46.0017233210383,20260715_214958_front_fusion_ego_1643,speedsweep_normal,fusion_ego_1643,6340645,0,vehicle,0.1242315024137497,94.77388165246192,15.384209710341171,0.43409120733761775,-61.61609108610081,5.216998100280762,1.8711674213409424,1.3467371463775635,29.312772375486105,314.6901041666667,234.44444444444446,294.8811364124219,227.2745264735487,334.4990719209115,241.61436241534022,2.8421041861292906e-05,0.9983854293823242,
2026-07-15T21:50:44.076,46.0017233210383,20260715_214958_front_fusion_ego_1643,speedsweep_normal,fusion_ego_1643,6340645,1,vehicle,0.09820475429296494,102.90540090278628,20.910091460053952,1.914086186415779,-36.32728230771617,9.249608993530273,3.3141186237335205,3.40017032623291,21.757238601923678,422.55208333333337,216.66666666666669,385.1631847297152,194.77446059385937,459.9409819369515,238.558872739474,0.00044720389996655285,0.9984849095344543,
2026-07-15T21:50:44.076,46.0017233210383,20260715_214958_front_fusion_ego_1643,speedsweep_normal,fusion_ego_1643,6340645,2,vehicle,0.05219654738903046,122.85731154113596,25.44195835754978,1.7596690977518072,114.26111856939508,7.644935607910156,2.719083309173584,3.4577383995056152,23.963567910718073,145.66927083333334,216.66666666666669,101.97791161139807,190.94619015852612,189.36063005526862,242.38714317480725,0.994085431098938,0.9987993240356445,
2026-07-15T21:50:44.321,46.24678375897929,20260715_214958_front_fusion_ego_1643,speedsweep_normal,fusion_ego_1643,6340647,0,vehicle,0.08442357927560806,94.75266759703193,13.699883493178351,1.0513182946186093,-38.29649699291439,4.992955684661865,1.8282824754714966,1.4927120208740234,30.50533255457827,296.8984375,234.44444444444446,275.48676101118326,226.6510644223955,318.31011398881674,242.2378244664934,5.9639045502990484e-05,0.9958494901657104,
2026-07-15T21:50:44.564,46.48963805299718,20260715_214958_front_fusion_ego_1643,speedsweep_normal,fusion_ego_1643,6340649,0,vehicle,0.08511972427368164,96.22200889544996,12.96726114282513,1.0810577955403229,-60.4875756092363,4.8558783531188965,1.8815958499908447,1.5188812017440796,30.30033636649145,288.0026041666667,234.44444444444446,264.462642463545,226.618613269594,311.54256586978835,242.27027561929492,0.0008784369565546513,0.9973533153533936,
2026-07-15T21:50:44.564,46.48963805299718,20260715_214958_front_fusion_ego_1643,speedsweep_normal,fusion_ego_1643,6340649,1,vehicle,0.053146593272686005,105.07397128293631,26.65127259603308,1.2194131579299814,58.57205497777459,6.376838684082031,2.2688772678375244,2.574512243270874,15.029094838080137,422.55208333333337,252.22222222222223,388.6976541851958,234.30748714341058,456.40651248147094,270.1369573010339,3.160410051350482e-05,0.9999294281005859,
2026-07-15T21:50:44.693,46.618734544026665,20260715_214958_front_fusion_ego_1643,speedsweep_normal,fusion_ego_1643,6340650,0,vehicle,0.06695238500833511,105.27176454359018,28.39655041105374,1.2614059683363206,125.17306150246957,5.17162561416626,1.9396283626556396,2.331807851791382,13.087576003262429,421.4401041666667,243.33333333333334,387.8866670752565,221.75044318040213,454.99354125807685,264.9162234862646,0.0007806430221535265,0.9979668259620667,
2026-07-15T21:50:44.693,46.618734544026665,20260715_214958_front_fusion_ego_1643,speedsweep_normal,fusion_ego_1643,6340650,1,vehicle,0.05726603791117668,95.63057439918036,14.080312595019244,1.004929353741355,-51.32094198094138,5.0697197914123535,1.8309216499328613,1.4787453413009644,29.278085959772724,271.3229166666667,234.44444444444446,250.2653186308841,226.78026374843387,292.38051470244926,242.10862514045505,1.7509019016870297e-05,0.9986674785614014,
2026-07-15T21:50:44.933,46.858493429026566,20260715_214958_front_fusion_ego_1643,speedsweep_normal,fusion_ego_1643,6340652,0,vehicle,0.09543134272098541,106.31224264514985,26.97127764991275,1.1830582184203369,139.38029675564601,5.1584553718566895,1.9375419616699219,2.0080692768096924,14.12138503247064,421.4401041666667,243.33333333333334,386.8187704185645,226.21204932530722,456.0614379147689,260.4546173413595,0.0023744849022477865,0.998685896396637,
2026-07-15T21:50:44.933,46.858493429026566,20260715_214958_front_fusion_ego_1643,speedsweep_normal,fusion_ego_1643,6340652,1,vehicle,0.0798637866973877,105.12199997769085,20.454296044977724,1.7243753341062984,102.14410001164435,6.47408390045166,2.417843818664551,2.768167018890381,20.64613448739849,421.4401041666667,225.55555555555557,393.91130257646245,210.38789067003464,448.9689057568709,240.7232204410765,8.037506631808355e-05,0.5370349884033203,
2026-07-15T21:50:45.063,46.98902757605538,20260715_214958_front_fusion_ego_1643,speedsweep_normal,fusion_ego_1643,6340653,0,vehicle,0.27606287598609924,106.69925312545591,25.744550730046804,1.3003312075497457,127.169610923734,5.413383960723877,1.9763582944869995,2.1936821937561035,15.152887684265188,422.55208333333337,243.33333333333334,384.7692417701086,224.29482777913412,460.33492489655816,262.3718388875326,0.00013621780090034008,0.9999284744262695,
2026-07-15T21:50:45.191,47.11718301102519,20260715_214958_front_fusion_ego_1643,speedsweep_normal,fusion_ego_1643,6340654,0,vehicle,0.13942314684391022,110.63304602120763,24.2540957853508,1.1745695577209332,105.44962246438836,4.767489433288574,1.8798757791519165,2.1662588119506836,17.07749373651903,422.55208333333337,235.55555555555557,394.13839500149095,219.53277203771805,450.9657716651758,251.5783390733931,0.001236990443430841,0.9231172204017639,
2026-07-15T21:50:45.191,47.11718301102519,20260715_214958_front_fusion_ego_1643,speedsweep_normal,fusion_ego_1643,6340654,1,vehicle,0.09641926735639572,106.17211553881697,20.48423573569497,1.752349408999508,-47.16347962226389,6.349098205566406,2.451279878616333,3.05198335647583,20.199529807186984,421.4401041666667,217.7777777777778,393.1603717754285,197.88952873812784,449.7198365579049,237.66602681742776,0.000297814462101087,0.8901309370994568,
2026-07-15T21:50:45.191,47.11718301102519,20260715_214958_front_fusion_ego_1643,speedsweep_normal,fusion_ego_1643,6340654,2,vehicle,0.09171710908412933,107.02725152727646,13.197839131879764,1.8345722102471684,-33.94695795999259,6.022381782531738,2.4120054244995117,2.897962808609009,27.50504635411874,385.85677083333337,217.7777777777778,358.62099189807975,202.44855271445383,413.092549768587,233.10700284110177,0.000706925755366683,0.9761690497398376,
2026-07-15T21:50:45.191,47.11718301102519,20260715_214958_front_fusion_ego_1643,speedsweep_normal,fusion_ego_1643,6340654,3,vehicle,0.06791850179433823,104.09405653174169,34.40735177081951,1.7401810765587786,84.82790085014967,6.0414557456970215,2.2938194274902344,2.79193115234375,6.556704589190317,128.98958333333334,200.0,49.4011497994264,147.59050130844116,208.57801686724028,252.40949869155884,0.015374809503555298,0.3494763970375061,
2026-07-15T21:50:45.337,47.26298420096282,20260715_214958_front_fusion_ego_1643,speedsweep_normal,fusion_ego_1643,6340655,0,vehicle,0.11401331424713135,104.11349437556554,35.41457031991336,1.8236397335454007,53.0121073513263,5.759485244750977,2.13059401512146,2.959355354309082,5.427050633672501,120.09375000000001,200.0,53.489415794610984,142.72446274757385,186.69808420538902,257.27553725242615,0.14751844108104706,0.4583878815174103,
2026-07-15T21:50:45.337,47.26298420096282,20260715_214958_front_fusion_ego_1643,speedsweep_normal,fusion_ego_1643,6340655,1,vehicle,0.0791395753622055,108.69838396987933,23.370009033410152,1.3720534582339925,113.36126908577612,5.719793796539307,2.178640842437744,2.5036115646362305,17.345636302765175,422.55208333333337,235.55555555555557,395.5793487404784,217.51454386446213,449.52481792618835,253.59656724664902,0.00031872434192337096,0.9945578575134277,
2026-07-15T21:50:45.337,47.26298420096282,20260715_214958_front_fusion_ego_1643,speedsweep_normal,fusion_ego_1643,6340655,2,vehicle,0.050933752208948135,106.7365030958539,12.944078385229169,1.8221440050808426,-48.38858525190974,7.21545934677124,2.7139029502868652,3.3868303298950195,27.568302226288722,378.0729166666667,217.7777777777778,355.8209248209993,200.13695703612436,400.32490851233405,235.41859851943124,2.7829701139125973e-05,0.9985498785972595,
2026-07-15T21:50:45.474,47.400478488067165,20260715_214958_front_fusion_ego_1643,speedsweep_normal,fusion_ego_1643,6340656,0,vehicle,0.3888007402420044,98.56766487778572,31.70777202667233,2.2449775198195105,-5.274798955563318,6.904445648193359,2.4498255252838135,3.4068689346313477,11.400520865190185,163.4609375,208.88888888888889,108.16192984580995,161.3743930392795,218.7599451541901,256.4033847384983,0.963002622127533,0.9999977350234985,
2026-07-15T21:50:45.474,47.400478488067165,20260715_214958_front_fusion_ego_1643,speedsweep_normal,fusion_ego_1643,6340656,1,vehicle,0.15603499114513397,107.97514665334208,12.040165808897633,2.049498055428445,-45.93709166671748,7.273317337036133,2.8607664108276367,3.452249765396118,28.366798994969777,385.85677083333337,217.7777777777778,359.7699060340723,201.3538663254844,411.94363563259446,234.2016892300712,1.360704300168436e-05,0.9985222220420837,
2026-07-15T21:50:45.474,47.400478488067165,20260715_214958_front_fusion_ego_1643,speedsweep_normal,fusion_ego_1643,6340656,2,vehicle,0.14682112634181976,115.64380409646893,33.48040746389818,1.8936626275905173,15.572598403354908,5.452260494232178,2.127000570297241,2.8727147579193115,11.838317719963365,65.60677083333334,207.7777777777778,25.379922126730285,168.47692834006415,105.8336195399364,247.07862721549142,0.001679956098087132,0.34859469532966614,
2026-07-15T21:50:45.474,47.400478488067165,20260715_214958_front_fusion_ego_1643,speedsweep_normal,fusion_ego_1643,6340656,3,vehicle,0.07882051914930344,109.05078870461296,23.63447311893443,1.2853019452857533,105.06255298347635,4.779541969299316,1.9012610912322998,2.181548833847046,16.98088138311414,422.55208333333337,235.55555555555557,397.17730923866236,219.87779710027908,447.9268574280044,251.23331401083206,0.0005933764041401446,0.933174729347229,
2026-07-15T21:50:45.605,47.53072521602735,20260715_214958_front_fusion_ego_1643,speedsweep_normal,fusion_ego_1643,6340657,0,vehicle,0.7932229042053223,97.88218819133307,30.89285688326327,2.243373129495822,28.038366211082835,7.930748462677002,2.7760322093963623,3.6184804439544678,12.31809586192048,154.56510416666669,207.7777777777778,75.38651103774707,146.27109871970282,233.7436972955863,269.2844568358527,0.6566397547721863,0.9999996423721313,
2026-07-15T21:50:45.605,47.53072521602735,20260715_214958_front_fusion_ego_1643,speedsweep_normal,fusion_ego_1643,6340657,1,vehicle,0.2525763511657715,105.60758478208722,27.275808739754915,1.5711213050983632,110.65480336524566,5.250025749206543,2.0804669857025146,2.369286298751831,12.871119206569253,422.55208333333337,235.55555555555557,387.1066625391444,212.90319177839493,457.99750412752235,258.2079193327162,0.000786324730142951,0.9997779726982117,
2026-07-15T21:50:45.737,47.66269554500468,20260715_214958_front_fusion_ego_1643,speedsweep_normal,fusion_ego_1643,6340658,0,vehicle,0.6206923723220825,96.70371761488842,30.34920945945502,2.1095032840081984,17.008951859182023,7.584904670715332,2.678875207901001,3.4677093029022217,13.364676615810225,145.66927083333334,207.7777777777778,69.8497948696216,151.46126257048712,221.48874679704508,264.0942929850684,0.6474319696426392,0.9999924898147583,
2026-07-15T21:50:45.737,47.66269554500468,20260715_214958_front_fusion_ego_1643,speedsweep_normal,fusion_ego_1643,6340658,1,vehicle,0.39431995153427124,98.38347004429157,30.657732920773952,2.1304133441317106,67.85728282899876,7.770596981048584,2.725433826446533,3.4539847373962402,12.016987360542101,135.66145833333334,207.7777777777778,38.12715365489324,143.4875022040473,233.19576301177344,272.06805335150824,0.008474983274936676,0.9980050921440125,
2026-07-15T21:50:45.859,47.78495808399748,20260715_214958_front_fusion_ego_1643,speedsweep_normal,fusion_ego_1643,6340659,0,vehicle,0.5885512232780457,98.26549101056132,31.25228086647997,2.082195436880924,26.027938240124993,7.7209391593933105,2.8459956645965576,3.6109914779663086,11.499583281855113,118.98177083333334,200.0,-26.41163886586825,106.75618648529053,264.37518053253496,293.2438135147095,0.05520932376384735,0.9989292025566101,
2026-07-15T21:50:45.984,47.909656009986065,20260715_214958_front_fusion_ego_1643,speedsweep_normal,fusion_ego_1643,6340660,0,vehicle,0.15052926540374756,107.70557859398303,9.506076815446136,2.0011758017745995,-53.749350349744745,7.361795425415039,2.704026699066162,3.584390878677368,30.08139388654443,385.85677083333337,216.66666666666669,368.3726668705543,199.53678886095685,403.3408747961124,233.79654447237652,0.007699212990701199,0.9998857975006104,
2026-07-15T21:50:45.984,47.909656009986065,20260715_214958_front_fusion_ego_1643,speedsweep_normal,fusion_ego_1643,6340660,1,vehicle,0.09671719372272491,104.26135347380901,22.153938906330808,1.4379789962156089,-85.38334905835275,5.056236267089844,1.9218394756317139,2.276388168334961,17.47092317736077,422.55208333333337,225.55555555555557,397.4820855682095,210.2418765756819,447.6220810984572,240.86923453542923,0.002553955651819706,0.9980630278587341,
2026-07-15T21:50:46.110,48.03604622697458,20260715_214958_front_fusion_ego_1643,speedsweep_normal,fusion_ego_1643,6340661,0,vehicle,0.21408125758171082,106.74385204772567,9.620462868178876,1.9415441398543145,-55.10004628421311,7.064209461212158,2.6581573486328125,3.45177960395813,29.71359699240147,385.85677083333337,216.66666666666669,367.51833586518967,197.51735548178357,404.1952058014771,235.8159778515498,0.09958698600530624,0.9999797344207764,
2026-07-15T21:50:46.110,48.03604622697458,20260715_214958_front_fusion_ego_1643,speedsweep_normal,fusion_ego_1643,6340661,1,vehicle,0.08316461741924286,106.8459249097284,19.924806665770284,1.8451562645161688,-142.75607099371368,7.3183722496032715,2.5711259841918945,3.658895492553711,19.4178759728401,422.55208333333337,208.88888888888889,397.96299044912064,187.95282416873508,447.1411762175461,229.8249536090427,0.0004325885674916208,0.9990537762641907,
2026-07-15T21:50:46.237,48.1626842970727,20260715_214958_front_fusion_ego_1643,speedsweep_normal,fusion_ego_1643,6340662,0,vehicle,0.167489156126976,108.25157460923313,9.264042807609467,2.0854755269138647,-41.64354361580633,7.504470348358154,2.79833722114563,3.717005491256714,29.943673543161612,385.85677083333337,216.66666666666669,367.2438703042766,197.7801279226939,404.46967136239016,235.55320541063946,0.009339256212115288,0.9999176263809204,
2026-07-15T21:50:46.237,48.1626842970727,20260715_214958_front_fusion_ego_1643,speedsweep_normal,fusion_ego_1643,6340662,1,vehicle,0.13404850661754608,103.61458608280164,38.32072288185052,1.7431621844058598,-59.59598310954524,5.3781280517578125,2.118457078933716,2.5629725456237793,2.522502477799786,75.61458333333334,181.11111111111111,6.204135273893675,101.6646236843533,145.025031392773,260.55759853786896,0.6097990870475769,0.17080627381801605,
2026-07-15T21:50:46.237,48.1626842970727,20260715_214958_front_fusion_ego_1643,speedsweep_normal,fusion_ego_1643,6340662,2,vehicle,0.12206123024225235,104.05881731219215,22.068976204956822,0.9381447369712259,25.918116798610264,4.568018436431885,1.7805484533309937,1.5370686054229736,17.17548998088831,422.55208333333337,234.44444444444446,396.80698020507896,222.1062481072214,448.2971864615878,246.7826407816675,0.0025238420348614454,0.9992672801017761,
2026-07-15T21:50:46.373,48.29946068604477,20260715_214958_front_fusion_ego_1643,speedsweep_normal,fusion_ego_1643,6340663,0,vehicle,0.136150524020195,106.32270624801951,9.5720584815449,2.1619730616499107,-32.4669777147356,7.697400093078613,2.8336992263793945,3.8600523471832275,29.326145944680174,385.85677083333337,216.66666666666669,366.6036585134765,197.42370347181958,405.10988315319025,235.9096298615138,0.04580642282962799,0.9998571872711182,
2026-07-15T21:50:46.373,48.29946068604477,20260715_214958_front_fusion_ego_1643,speedsweep_normal,fusion_ego_1643,6340663,1,vehicle,0.11444490402936935,103.4938607901217,22.395200704943562,1.3175565128333173,90.55045883668336,5.056524753570557,1.9266347885131836,2.001208543777466,16.68990580126328,430.33593750000006,234.44444444444446,406.0507921911776,219.55508109596042,454.62108280882245,249.3338077929285,0.001329608028754592,0.9978742599487305,
2026-07-15T21:50:46.496,48.42182666598819,20260715_214958_front_fusion_ego_1643,speedsweep_normal,fusion_ego_1643,6340664,0,vehicle,0.14882886409759521,109.02334208257271,9.145519217289028,2.2495626534734114,-30.720680631097327,7.611532688140869,2.8082590103149414,3.988604784011841,29.63885825073609,385.85677083333337,216.66666666666669,366.1801174183687,196.11137012640637,405.53342424829805,237.221963206927,0.001453899429179728,0.9977645874023438,
2026-07-15T21:50:46.496,48.42182666598819,20260715_214958_front_fusion_ego_1643,speedsweep_normal,fusion_ego_1643,6340664,1,vehicle,0.1460881531238556,104.02613522066773,34.94014378251697,1.7786831277498547,2.9767425251407458,6.500092506408691,2.3949077129364014,3.032745838165283,4.185454318204402,66.71875,198.88888888888889,-3.2106795012950897,119.8838930659824,136.6481795012951,277.8938847117954,0.0886942595243454,0.4853237271308899,
2026-07-15T21:50:46.496,48.42182666598819,20260715_214958_front_fusion_ego_1643,speedsweep_normal,fusion_ego_1643,6340664,2,vehicle,0.07368154078722,104.81156482461365,22.858632492732333,1.4523428259333433,102.24795147874126,5.035477638244629,1.9201304912567139,2.070019483566284,15.812249766171163,430.33593750000006,234.44444444444446,404.2579456195235,219.2702850368288,456.41392938047653,249.61860385206012,0.001904364675283432,0.9934269189834595,
2026-07-15T21:50:46.496,48.42182666598819,20260715_214958_front_fusion_ego_1643,speedsweep_normal,fusion_ego_1643,6340664,3,vehicle,0.06339558213949203,106.09255972903621,14.399594659529573,1.186103830438668,-64.83807448480009,4.096559047698975,1.676889419555664,1.5435553789138794,24.229301545063667,164.57291666666669,234.44444444444446,141.20270799348754,224.83918305900363,187.94312533984584,244.04970582988528,0.5018925070762634,0.997414231300354,
2026-07-15T21:50:46.619,48.54531324002892,20260715_214958_front_fusion_ego_1643,speedsweep_normal,fusion_ego_1643,6340665,0,vehicle,0.6433603763580322,102.35824818747356,35.68666494743426,1.7912227610433897,-16.30007965728103,6.249404430389404,2.3881783485412598,2.963026523590088,4.502753299175594,65.60677083333334,198.88888888888889,-8.125911707679432,122.87655883365208,139.3394533743461,274.90121894412573,0.15155409276485443,0.9751735925674438,
2026-07-15T21:50:46.619,48.54531324002892,20260715_214958_front_fusion_ego_1643,speedsweep_normal,fusion_ego_1643,6340665,1,vehicle,0.0728975310921669,109.05778338561403,11.123558308784894,2.3050497487933166,-43.66372194825598,7.406560897827148,2.6741864681243896,3.7431530952453613,27.3721864129721,378.0729166666667,217.7777777777778,357.619281573842,200.5964999066459,398.5265517594914,234.9590556489097,2.1192523490753956e-05,0.9972286820411682,
2026-07-15T21:50:46.619,48.54531324002892,20260715_214958_front_fusion_ego_1643,speedsweep_normal,fusion_ego_1643,6340665,2,vehicle,0.07217103242874146,103.83828780043685,22.274938516164642,1.3134627811700947,-8.00904664365587,4.871358394622803,1.8770229816436768,1.9307115077972412,16.192616135977424,422.55208333333337,234.44444444444446,398.4408443694314,221.48391124274997,446.66332229723537,247.40497764613895,0.005568306427448988,0.9976131916046143,
2026-07-15T21:50:46.619,48.54531324002892,20260715_214958_front_fusion_ego_1643,speedsweep_normal,fusion_ego_1643,6340665,3,vehicle,0.06270994246006012,108.77813482743365,38.72462302851072,1.619919936696662,-0.363990065359925,6.170401573181152,2.428919792175293,2.7880780696868896,2.798337424587778,40.03125,101.11111111111111,-4.01214362680912,-6.564331584506565,84.07464362680912,208.7865538067288,0.06449068337678909,0.3820693790912628,
2026-07-15T21:50:46.735,48.660736624966376,20260715_214958_front_fusion_ego_1643,speedsweep_normal,fusion_ego_1643,6340666,0,vehicle,0.12772369384765625,113.20561767614753,32.57794052285931,1.5624488082608252,60.947191864521365,4.836749076843262,1.9012527465820312,2.387809991836548,8.991180611691158,38.919270833333336,198.88888888888889,-10.727681192258995,155.02277308040195,88.56622285892567,242.75500469737582,0.02384021133184433,0.4052082300186157,
2026-07-15T21:50:46.735,48.660736624966376,20260715_214958_front_fusion_ego_1643,speedsweep_normal,fusion_ego_1643,6340666,1,vehicle,0.12464745342731476,105.40500793891015,22.085784474385342,1.4691594717717127,111.13210407776764,5.173998832702637,1.9247413873672485,2.1602516174316406,15.89930691291604,430.33593750000006,234.44444444444446,406.5810596421361,219.18374266889361,454.09081535786396,249.7051462199953,0.00809428095817566,0.9996235370635986,
2026-07-15T21:50:46.735,48.660736624966376,20260715_214958_front_fusion_ego_1643,speedsweep_normal,fusion_ego_1643,6340666,2,vehicle,0.09178386628627777,112.19443158699913,10.357360818551886,2.3829776288436557,-47.33174257339332,7.405593395233154,2.679053544998169,3.7947754859924316,28.307533603320916,378.0729166666667,217.7777777777778,358.0354163746039,199.97849033938516,398.11041695872945,235.57706521617044,8.0609215729055e-06,0.9993718266487122,
2026-07-15T21:50:46.859,48.785106635070406,20260715_214958_front_fusion_ego_1643,speedsweep_normal,fusion_ego_1643,6340667,0,vehicle,0.15547646582126617,112.21647153616941,8.941701257477785,1.9780152731196226,-21.517867792957162,6.4811201095581055,2.470764398574829,2.708164930343628,29.307455329061007,376.9609375,225.55555555555557,356.1733494773507,212.4822435114119,397.7485255226493,238.62886759969925,4.6832770749460906e-05,0.9953649044036865,
2026-07-15T21:50:46.859,48.785106635070406,20260715_214958_front_fusion_ego_1643,speedsweep_normal,fusion_ego_1643,6340667,1,vehicle,0.08498986065387726,105.73066732613276,20.462160062542893,1.6262298740676062,64.94074698769917,5.359728813171387,1.9578913450241089,2.7670016288757324,17.125049073101984,430.33593750000006,226.66666666666669,409.879696842283,206.08932952086133,450.79217815771705,247.24400381247204,0.0003770625335164368,0.9981136322021484,
2026-07-15T21:50:46.990,48.91608710202854,20260715_214958_front_fusion_ego_1643,speedsweep_normal,fusion_ego_1643,6340668,0,vehicle,0.12248403578996658,104.55274344838426,20.329303673786644,1.4567938744272124,-67.46756313459447,5.057486057281494,1.9107296466827393,2.040494441986084,16.886462476324734,430.33593750000006,234.44444444444446,409.67274690791965,220.1706185605791,450.9991280920804,248.7182703283098,0.012724756263196468,0.9983838796615601,
2026-07-15T21:50:46.990,48.91608710202854,20260715_214958_front_fusion_ego_1643,speedsweep_normal,fusion_ego_1643,6340668,1,vehicle,0.11919295787811279,111.27898533270537,8.771956170527758,2.2765186272241595,-58.06265106236398,7.735427379608154,2.8887975215911865,3.7482986450195312,28.867703288290933,378.0729166666667,217.7777777777778,352.33253155152005,200.10356889830697,403.8133017818133,235.45198665724863,7.271995855262503e-05,0.9973359704017639,
2026-07-15T21:50:46.990,48.91608710202854,20260715_214958_front_fusion_ego_1643,speedsweep_normal,fusion_ego_1643,6340668,2,vehicle,0.053473297506570816,125.40695243145186,17.962812135877748,1.266706381457638,166.9941453735638,3.91035795211792,1.5381715297698975,1.70940101146698,27.277066746469,111.19791666666667,235.55555555555557,80.7608688051502,225.4346475336287,141.63496452818316,245.67646357748245,0.10888399928808212,0.9819642305374146,
2026-07-15T21:50:47.141,49.067412271979265,20260715_214958_front_fusion_ego_1643,speedsweep_normal,fusion_ego_1643,6340669,0,vehicle,0.22901099920272827,110.46532056527376,9.71035634868008,2.434645798074489,-20.891820736149445,7.96244478225708,2.956636905670166,3.8315203189849854,27.335484425946078,376.9609375,217.7777777777778,351.61644554138184,197.90580617056955,402.30542945861816,237.64974938498605,6.4884816310950555e-06,0.9990285634994507,
2026-07-15T21:50:47.141,49.067412271979265,20260715_214958_front_fusion_ego_1643,speedsweep_normal,fusion_ego_1643,6340669,1,vehicle,0.10371816158294678,104.58700508728424,19.301352885538986,1.2408170990240044,-171.78004735828725,4.508713722229004,1.7542170286178589,1.729378342628479,17.43468214015004,430.33593750000006,234.44444444444446,410.7852913029492,222.02061858442096,449.88658369705087,246.86827030446796,0.014855720102787018,0.9973772764205933,
2026-07-15T21:50:47.141,49.067412271979265,20260715_214958_front_fusion_ego_1643,speedsweep_normal,fusion_ego_1643,6340669,2,person,0.09029974043369293,100.33536884997854,23.081005632913655,1.0583238019835886,137.9345482953305,0.5171383023262024,0.5257643461227417,1.4935648441314697,14.745931989976185,48.927083333333336,243.33333333333334,38.10362085451683,227.58168001969656,59.750545812149845,259.08498664697015,0.29141271114349365,0.3703586161136627,
2026-07-15T21:50:47.261,49.18716366006993,20260715_214958_front_fusion_ego_1643,speedsweep_normal,fusion_ego_1643,6340670,0,person,0.246823251247406,84.07317227733584,23.160932022000424,1.449913021040329,-30.27238687387062,0.6147833466529846,0.5768216848373413,1.6083426475524902,25.50677012532036,31.135416666666668,235.55555555555557,21.886937039593857,219.43342301580643,40.38389629373948,251.67768809530472,0.897401750087738,0.6798686385154724,
2026-07-15T21:50:47.261,49.18716366006993,20260715_214958_front_fusion_ego_1643,speedsweep_normal,fusion_ego_1643,6340670,1,vehicle,0.1863424926996231,109.1558989839183,7.869549801909869,2.0406278720610933,-51.181705120547434,6.5398664474487305,2.4365787506103516,2.822988510131836,28.446345421734698,369.17708333333337,225.55555555555557,348.98787490030134,212.44591656658386,389.3662917663654,238.66519454452728,0.00024218733597081155,0.999725878238678,
2026-07-15T21:50:47.261,49.18716366006993,20260715_214958_front_fusion_ego_1643,speedsweep_normal,fusion_ego_1643,6340670,2,vehicle,0.1491999626159668,103.92017490481999,19.197096493371895,1.138207231793141,83.10940043975174,4.885723114013672,1.8696503639221191,1.7845383882522583,17.08232522101128,430.33593750000006,234.44444444444446,407.9524505250156,220.96416976716785,452.71942447498446,247.92471912172107,0.01072155311703682,0.9983148574829102,
2026-07-15T21:50:47.394,49.32027952501085,20260715_214958_front_fusion_ego_1643,speedsweep_normal,fusion_ego_1643,6340671,0,vehicle,0.1384286731481552,106.16754694210583,18.222572911067545,1.6773131152905656,53.94595939539271,5.5142903327941895,2.057851791381836,2.6828081607818604,17.33031632826976,430.33593750000006,226.66666666666669,410.2712203487754,206.68427924315137,450.40065465122467,246.649054090182,0.00034224760020151734,0.9988405108451843,
2026-07-15T21:50:47.394,49.32027952501085,20260715_214958_front_fusion_ego_1643,speedsweep_normal,fusion_ego_1643,6340671,1,vehicle,0.13103266060352325,108.46010747621989,9.239704624562968,2.6201489509886993,-48.20269760538888,8.167661666870117,2.956228256225586,4.14993953704834,26.44217889237913,369.17708333333337,217.7777777777778,347.51066117857897,196.4666490422355,390.84350548808777,239.0889065133201,0.00036855784128420055,0.99997878074646,
2026-07-15T21:50:47.519,49.44462518801447,20260715_214958_front_fusion_ego_1643,speedsweep_normal,fusion_ego_1643,6340672,0,vehicle,0.4922645390033722,105.96454787935723,7.626588500526925,2.4402864523552106,-38.40848785666614,8.343175888061523,3.0208990573883057,4.1357550621032715,27.28788302066458,368.0651041666667,217.7777777777778,344.64771218101185,195.41549848185647,391.4824961523215,240.14005707369913,0.007487102411687374,0.999961256980896,
2026-07-15T21:50:47.519,49.44462518801447,20260715_214958_front_fusion_ego_1643,speedsweep_normal,fusion_ego_1643,6340672,1,person,0.3180195391178131,99.72562383640542,9.491102097496341,1.2874498133874959,-104.53478924421522,0.6216633319854736,0.4864215552806854,1.7569111585617065,26.185788397289148,289.11458333333337,226.66666666666669,285.35452532613033,217.51416395107907,292.8746413405364,235.8191693822543,0.9993674159049988,0.9998911619186401,
2026-07-15T21:50:47.519,49.44462518801447,20260715_214958_front_fusion_ego_1643,speedsweep_normal,fusion_ego_1643,6340672,2,vehicle,0.09406019002199173,104.71379662545519,15.806541127160155,1.018174190227848,-131.22901494420523,4.7147297859191895,1.7893869876861572,1.7133044004440308,19.1522974594798,430.33593750000006,234.44444444444446,407.8080914132297,222.71804567840366,452.86378358677035,246.17084321048526,0.0012855521636083722,0.9934577345848083,
2026-07-15T21:50:47.519,49.44462518801447,20260715_214958_front_fusion_ego_1643,speedsweep_normal,fusion_ego_1643,6340672,3,vehicle,0.07147461920976639,106.73796519895404,15.057540228735085,1.609445704606127,107.06457754950137,5.660954475402832,2.0819647312164307,2.6490840911865234,19.85779187284182,430.33593750000006,224.44444444444446,408.3950434215367,208.25644936826495,452.2768315784634,240.63243952062396,0.000223399096284993,0.9971930384635925,
2026-07-15T21:50:47.647,49.573079905007035,20260715_214958_front_fusion_ego_1643,speedsweep_normal,fusion_ego_1643,6340673,0,vehicle,0.4073585271835327,110.74561418399621,7.429871631433123,2.2007031289296854,-162.29669422638952,8.249491691589355,2.8425912857055664,3.7408864498138428,27.178619487138448,360.28125,217.7777777777778,343.1365948319435,198.91625152693857,377.4259051680565,236.63930402861703,0.02547718770802021,0.9999998807907104,
2026-07-15T21:50:47.647,49.573079905007035,20260715_214958_front_fusion_ego_1643,speedsweep_normal,fusion_ego_1643,6340673,1,vehicle,0.09660527110099792,105.78255432397435,16.389662106406913,1.3918172941845215,117.03133763489652,5.6419677734375,2.0403099060058594,2.4872612953186035,17.804758561297035,430.33593750000006,225.55555555555557,406.4013551995158,208.92529997560715,454.27051980048424,242.185811135504,0.0021309126168489456,0.9989895224571228,
2026-07-15T21:50:47.776,49.70220139098819,20260715_214958_front_fusion_ego_1643,speedsweep_normal,fusion_ego_1643,6340674,0,vehicle,0.3525685966014862,110.3785939165492,7.565850397856064,2.169793462887082,-53.03554785976438,8.353411674499512,2.951909065246582,4.0475873947143555,26.224350377706386,368.0651041666667,217.7777777777778,341.52603069568676,196.35092781649698,394.6041776376466,239.20462773905862,0.0002760626084636897,0.9999969005584717,
2026-07-15T21:50:47.776,49.70220139098819,20260715_214958_front_fusion_ego_1643,speedsweep_normal,fusion_ego_1643,6340674,1,vehicle,0.07610950618982315,107.28101568806812,11.43208699872745,1.6599925977884746,62.03618772965041,6.500890254974365,2.3341238498687744,3.138045072555542,22.020626532795937,439.23177083333337,217.7777777777778,421.4641311441859,197.87589775191415,456.99941052248084,237.67965780364145,0.001981074921786785,0.999922513961792,
2026-07-15T21:50:47.904,49.82969145698007,20260715_214958_front_fusion_ego_1643,speedsweep_normal,fusion_ego_1643,6340675,0,vehicle,0.44543346762657166,109.95666230591277,7.290452368311641,2.041117451552891,-113.66408350262488,7.884995937347412,2.7950403690338135,3.875727415084839,25.611698666509884,369.17708333333337,217.7777777777778,346.15761582677567,196.99414836035837,392.1965508398911,238.56140719519723,0.0067106615751981735,0.9999998807907104,
2026-07-15T21:50:47.904,49.82969145698007,20260715_214958_front_fusion_ego_1643,speedsweep_normal,fusion_ego_1643,6340675,1,vehicle,0.22279414534568787,106.85564673568373,15.017665030218254,1.2694606861334594,-6.805076517732615,5.620650291442871,2.0553767681121826,2.496387243270874,17.585897878405472,440.34375000000006,225.55555555555557,415.1916642151773,208.21152839395737,465.49583578482276,242.89958271715378,0.009768960997462273,0.9995728135108948,
2026-07-15T21:50:48.032,49.95725793996826,20260715_214958_front_fusion_ego_1643,speedsweep_normal,fusion_ego_1643,6340676,0,vehicle,0.42856234312057495,110.02633162024827,5.2227530260534465,1.9418173588523113,-127.11281660982367,7.756742477416992,2.744264841079712,3.5848748683929443,26.784563427287885,369.17708333333337,217.7777777777778,344.18164640044176,199.8658268319236,394.172520266225,235.689728723632,0.0014407075941562653,0.9999996423721313,
2026-07-15T21:50:48.032,49.95725793996826,20260715_214958_front_fusion_ego_1643,speedsweep_normal,fusion_ego_1643,6340676,1,person,0.21175730228424072,95.37947421282549,4.831349554118873,1.420440431052942,-46.843213090347774,0.8921492099761963,0.5383946299552917,1.8942557573318481,28.77028378684085,305.79427083333337,226.66666666666669,302.0495988617962,217.72972057263058,309.53894280487054,235.6036127607028,0.9975885152816772,0.9998763799667358,
2026-07-15T21:50:48.032,49.95725793996826,20260715_214958_front_fusion_ego_1643,speedsweep_normal,fusion_ego_1643,6340676,2,vehicle,0.19218023121356964,104.79298342458165,14.360922317018659,1.3859106692241556,46.50140266429416,5.526420593261719,1.9994330406188965,2.5810201168060303,17.331069949429438,449.23958333333337,225.55555555555557,425.30450155337655,207.01750192377304,473.1746651132902,244.0936091873381,0.0014134226366877556,0.9999595880508423,
2026-07-15T21:50:48.157,50.08337019698229,20260715_214958_front_fusion_ego_1643,speedsweep_normal,fusion_ego_1643,6340677,0,vehicle,0.674515426158905,104.79456792336472,5.697574422432126,1.988684862412386,-114.89785149273874,8.283622741699219,2.9474775791168213,3.793499708175659,25.027508493443932,378.0729166666667,217.7777777777778,347.28592457870644,196.65274606810678,408.85990875462693,238.90280948744882,0.009196039289236069,1.0,
2026-07-15T21:50:48.157,50.08337019698229,20260715_214958_front_fusion_ego_1643,speedsweep_normal,fusion_ego_1643,6340677,1,person,0.22674354910850525,97.14862622812255,11.119673696830414,1.025889034880283,-103.89476299862193,0.5355913639068604,0.4438396394252777,1.444609522819519,21.33633666393817,306.90625,234.44444444444446,302.10531773231924,224.51844450500278,311.70718226768076,244.37044438388614,0.9999830722808838,0.9989016056060791,
2026-07-15T21:50:48.157,50.08337019698229,20260715_214958_front_fusion_ego_1643,speedsweep_normal,fusion_ego_1643,6340677,2,vehicle,0.13213421404361725,105.55459183928578,12.243172462357201,1.4304003325802928,74.01079261575556,6.671746730804443,2.3356502056121826,3.294252872467041,18.467825591603287,458.1354166666667,217.7777777777778,434.9501712868611,195.4612426625358,481.32066204647225,240.0943128930198,0.00021238999033812433,0.9998987913131714,
2026-07-15T21:50:48.157,50.08337019698229,20260715_214958_front_fusion_ego_1643,speedsweep_normal,fusion_ego_1643,6340677,3,vehicle,0.08145900815725327,92.53994331676888,22.897844889041167,1.381037222374073,-39.643619303209015,4.593125343322754,1.7097015380859375,2.206707239151001,15.20383300626928,12.231770833333334,235.55555555555557,-8.889369263003271,212.25414368841385,33.35291092966994,258.85696742269727,0.9928777813911438,0.9967780709266663,
2026-07-15T21:50:48.305,50.23054336407222,20260715_214958_front_fusion_ego_1643,speedsweep_normal,fusion_ego_1643,6340678,0,vehicle,0.7123190760612488,106.63623760582564,4.653619200421893,1.6703484637937036,-117.87231443898966,8.113309860229492,2.8785910606384277,3.71514892578125,25.130366356544908,386.96875,217.7777777777778,358.44711047410965,195.6881360875236,415.49038952589035,239.867419468032,0.0026640845462679863,0.9999992847442627,
2026-07-15T21:50:48.305,50.23054336407222,20260715_214958_front_fusion_ego_1643,speedsweep_normal,fusion_ego_1643,6340678,1,vehicle,0.13498754799365997,106.6909845783099,10.700092553922211,1.0423479354281247,57.853629365675715,5.465394973754883,2.0464870929718018,2.22701096534729,19.106640966533543,474.8151041666667,225.55555555555557,452.72083330402774,211.45890298816894,496.90937502930564,239.6522081229422,0.15374396741390228,0.9992523789405823,
2026-07-15T21:50:48.305,50.23054336407222,20260715_214958_front_fusion_ego_1643,speedsweep_normal,fusion_ego_1643,6340678,2,person,0.07879531383514404,99.28505924115325,3.3295823973979957,1.0653324123562493,-90.35093685298408,0.692775309085846,0.47554993629455566,1.719689130783081,27.109497155722387,315.80208333333337,226.66666666666669,311.2211304151764,217.82800296942395,320.38303625149035,235.50533036390942,0.9997938275337219,0.9999498128890991,
2026-07-15T21:50:48.432,50.358252570964396,20260715_214958_front_fusion_ego_1643,speedsweep_normal,fusion_ego_1643,6340679,0,vehicle,0.4581134021282196,101.46744569164639,2.8132160966675883,1.6788524931278532,-116.85244243216854,7.912562370300293,2.844243288040161,3.6841681003570557,26.237673807507605,395.86458333333337,217.7777777777778,367.8702477862438,198.95052300559152,423.85891888042295,236.60503254996408,0.007442533038556576,0.9999963045120239,
2026-07-15T21:50:48.432,50.358252570964396,20260715_214958_front_fusion_ego_1643,speedsweep_normal,fusion_ego_1643,6340679,1,vehicle,0.1592193841934204,104.45284804175554,9.531729352853162,1.472895193008676,-95.95922810576491,6.852927207946777,2.4159996509552,3.232492446899414,19.286926384286488,492.60677083333337,216.66666666666669,466.17140616228187,195.02217690149945,519.0421355043849,238.31115643183392,0.004018806386739016,0.9994669556617737,
2026-07-15T21:50:48.432,50.358252570964396,20260715_214958_front_fusion_ego_1643,speedsweep_normal,fusion_ego_1643,6340679,2,vehicle,0.08653277158737183,80.97692567363896,21.892058061142887,1.5361671625304112,-11.21315803426789,3.701746702194214,1.6021714210510254,1.6294962167739868,25.011607389240016,22.239583333333336,243.33333333333334,-7.924977796773116,225.94670911629996,52.404144463439785,260.71995755036676,0.9976980090141296,0.9787760376930237,
2026-07-15T21:50:48.560,50.48614716704469,20260715_214958_front_fusion_ego_1643,speedsweep_normal,fusion_ego_1643,6340680,0,vehicle,0.22065073251724243,101.74408475544223,3.5799988074547144,1.6242893955740971,-114.8668848829576,8.086328506469727,2.8907487392425537,3.81331729888916,24.487753942974724,412.54427083333337,216.66666666666669,382.17765275885665,195.63981811205548,442.9108889078101,237.6935152212779,0.05573512613773346,0.9999867677688599,
2026-07-15T21:50:48.560,50.48614716704469,20260715_214958_front_fusion_ego_1643,speedsweep_normal,fusion_ego_1643,6340680,1,vehicle,0.1931418478488922,103.01625992394804,11.39435113164674,1.6726760440198163,-47.750801712666565,7.243505477905273,2.630114793777466,3.627134084701538,16.58165231539573,519.2942708333334,208.88888888888889,496.5800361869236,181.12623744540744,542.0085054797431,236.65154033237033,0.08390828967094421,0.9923891425132751,
2026-07-15T21:50:48.560,50.48614716704469,20260715_214958_front_fusion_ego_1643,speedsweep_normal,fusion_ego_1643,6340680,2,person,0.07596446573734283,74.32752490259608,20.843810521401714,1.3983029912536793,-8.862045499953089,1.406486988067627,0.6977924704551697,1.7321009635925293,31.112539366722853,2.2239583333333335,244.44444444444446,-0.7571031769427161,231.42222401168613,5.205019843609383,257.4666648772028,0.9936708211898804,0.6261804103851318,
2026-07-15T21:50:48.560,50.48614716704469,20260715_214958_front_fusion_ego_1643,speedsweep_normal,fusion_ego_1643,6340680,3,person,0.07540184259414673,92.88516461330461,2.07973007929332,1.0538273679871573,-74.93596426272727,0.5721357464790344,0.5084248185157776,1.649929165840149,28.36822096556554,342.48958333333337,226.66666666666669,339.33083398904034,218.7040553490321,345.6483326776264,234.62927798430127,0.9979800581932068,0.999914288520813,
2026-07-15T21:50:48.691,50.617178834974766,20260715_214958_front_fusion_ego_1643,speedsweep_normal,fusion_ego_1643,6340681,0,vehicle,0.440098375082016,104.05050462603764,3.3907827363666883,1.6096053387639553,136.61180296600003,7.761975288391113,2.7756152153015137,3.586623191833496,23.597398051109906,421.4401041666667,216.66666666666669,384.99916351834935,195.59932212034863,457.881044814984,237.73401121298474,0.016112161800265312,0.9999909400939941,
2026-07-15T21:50:48.691,50.617178834974766,20260715_214958_front_fusion_ego_1643,speedsweep_normal,fusion_ego_1643,6340681,1,vehicle,0.23051391541957855,103.3864662554573,7.876761629064237,1.932206157019473,-74.84442176555262,7.384084224700928,2.7295076847076416,3.7751193046569824,19.133358344056525,528.1901041666667,208.88888888888889,496.8265791485707,183.18900995784335,559.5536291847627,234.58876781993442,0.01443637628108263,0.9991028308868408,
2026-07-15T21:50:48.691,50.617178834974766,20260715_214958_front_fusion_ego_1643,speedsweep_normal,fusion_ego_1643,6340681,2,vehicle,0.1645781248807907,105.01283170453286,0.3530761673548426,1.5652823289421924,-123.9105242070299,7.573232650756836,2.694446563720703,3.5026960372924805,26.644930294438748,411.4322916666667,216.66666666666669,384.6965330416958,198.09641758600873,438.1680502916376,235.23691574732464,0.005458236671984196,0.999961256980896,
2026-07-15T21:50:48.812,50.73805743001867,20260715_214958_front_fusion_ego_1643,speedsweep_normal,fusion_ego_1643,6340682,0,vehicle,0.4967576861381531,102.52907133969765,4.025061211492513,1.441612108742751,152.2287469699214,7.322564601898193,2.6664721965789795,3.342660427093506,22.10953973743856,430.33593750000006,216.66666666666669,394.2368126064539,195.94829718271893,466.43506239354616,237.38503615061444,0.1222875788807869,0.9999868869781494,
2026-07-15T21:50:48.812,50.73805743001867,20260715_214958_front_fusion_ego_1643,speedsweep_normal,fusion_ego_1643,6340682,1,vehicle,0.20574744045734406,100.7480440506232,12.083226229514782,1.7172009195493732,-24.795017451984496,6.515073776245117,2.381741523742676,3.3955986499786377,14.351339721691746,554.8776041666667,207.7777777777778,530.7513999069731,179.94194494353403,579.0038084263604,235.61361061202157,0.9151968955993652,0.9843961000442505,
2026-07-15T21:50:48.936,50.86211577197537,20260715_214958_front_fusion_ego_1643,speedsweep_normal,fusion_ego_1643,6340683,0,vehicle,0.457565575838089,100.59886117713015,3.020709184385993,1.3478782681792207,108.69335296941135,7.087255001068115,2.6027839183807373,3.226318359375,22.39433701535546,439.23177083333337,216.66666666666669,397.36373438437784,197.24890391031903,481.0998072822889,236.08442942301434,0.02568604238331318,0.9994810223579407,
2026-07-15T21:50:48.936,50.86211577197537,20260715_214958_front_fusion_ego_1643,speedsweep_normal,fusion_ego_1643,6340683,1,vehicle,0.10831821709871292,103.61733637200598,12.352774479634359,1.7361488148735251,-25.595926815289125,6.439564228057861,2.412050724029541,3.140810966491699,12.893166604260193,581.5651041666667,207.7777777777778,552.1476752484839,179.68819366561044,610.9825330848496,235.86736188994516,0.02624288573861122,0.9997660517692566,
2026-07-15T21:50:48.936,50.86211577197537,20260715_214958_front_fusion_ego_1643,speedsweep_normal,fusion_ego_1643,6340683,2,person,0.09477727860212326,92.1306794405115,14.791363915000652,1.0298565600220027,170.5275443859224,0.45286595821380615,0.4204864799976349,1.583496332168579,15.352189531102107,31.135416666666668,253.33333333333334,19.630225949610274,237.08335240681967,42.640607383723065,269.58331425984704,0.9515346884727478,0.9795463681221008,
2026-07-15T21:50:49.071,50.9972844250733,20260715_214958_front_fusion_ego_1643,speedsweep_normal,fusion_ego_1643,6340684,0,vehicle,0.35633352398872375,99.52212704312919,2.3084501092128704,1.4867224926661162,138.82578482946812,6.904092788696289,2.4904489517211914,3.1405184268951416,22.34424021611041,449.23958333333337,216.66666666666669,416.95200220247114,196.34419123331708,481.5271644641956,236.9891421000163,0.01661418378353119,0.9988945126533508,
2026-07-15T21:50:49.071,50.9972844250733,20260715_214958_front_fusion_ego_1643,speedsweep_normal,fusion_ego_1643,6340684,1,vehicle,0.21997509896755219,104.38592864795169,11.5885090439224,1.7712409505735818,123.14263873625026,5.896609306335449,2.3033339977264404,2.9867806434631348,12.903247177019539,599.3567708333334,207.7777777777778,566.4981415023407,179.6100644932853,632.2154001643261,235.9454910622703,0.05145559832453728,0.9941019415855408,
2026-07-15T21:50:49.071,50.9972844250733,20260715_214958_front_fusion_ego_1643,speedsweep_normal,fusion_ego_1643,6340684,2,vehicle,0.15071000158786774,72.279224405779,14.550221668917672,1.7037450913050094,-20.852635845836264,5.24629545211792,2.095271110534668,2.0204687118530273,32.13456699703899,136.7734375,234.44444444444446,108.74937815219165,221.43274631765155,164.79749684780836,247.45614257123736,0.12050510197877884,0.9682853817939758,
2026-07-15T21:50:49.196,51.12195449206047,20260715_214958_front_fusion_ego_1643,speedsweep_normal,fusion_ego_1643,6340685,0,vehicle,0.2368236929178238,98.87103637304483,2.187436870507838,1.386984696725964,135.87208889151282,6.657310962677002,2.4299843311309814,3.03596568107605,21.665490853194854,457.02343750000006,216.66666666666669,420.4431484416127,197.48516897360486,493.60372655838734,235.84816435972851,0.13261646032333374,0.9932833909988403,
2026-07-15T21:50:49.196,51.12195449206047,20260715_214958_front_fusion_ego_1643,speedsweep_normal,fusion_ego_1643,6340685,1,vehicle,0.09432438760995865,103.74681005294089,9.318157563643155,1.6802020702125358,116.34403660542245,6.496651649475098,2.390200614929199,3.1654694080352783,14.323269046557881,626.0442708333334,200.0,592.0133218218883,170.56060671806335,660.0752198447784,229.43939328193665,0.10627103596925735,0.9996939897537231,
2026-07-15T21:50:49.321,51.24661778297741,20260715_214958_front_fusion_ego_1643,speedsweep_normal,fusion_ego_1643,6340686,0,vehicle,0.222624734044075,100.35976081725542,12.342864829558495,1.9110190183550273,135.45108992810478,6.722830772399902,2.4741733074188232,3.238065719604492,10.53661583196429,662.7395833333334,198.88888888888889,616.5866620143255,164.35815506511264,708.8925046523412,233.41962271266513,0.29423144459724426,0.9992877840995789,
2026-07-15T21:50:49.321,51.24661778297741,20260715_214958_front_fusion_ego_1643,speedsweep_normal,fusion_ego_1643,6340686,1,vehicle,0.21047040820121765,96.30742261341867,6.37774854292317,1.6579459782966914,131.7031223708033,7.752680778503418,2.681729793548584,3.729541301727295,17.282067262610063,467.03125000000006,208.88888888888889,427.6015450805426,180.66035919719272,506.4609549194575,237.11741858058505,0.013550428673624992,0.9987245202064514,
2026-07-15T21:50:49.321,51.24661778297741,20260715_214958_front_fusion_ego_1643,speedsweep_normal,fusion_ego_1643,6340686,2,person,0.11403482407331467,85.88737545951432,22.499755524176067,1.4880394669586146,48.16079443688275,0.8585926294326782,0.5221888422966003,1.9243260622024536,15.854981045989978,38.919270833333336,252.22222222222223,28.375602756937347,226.9282097948922,49.462938909729324,277.51623464955225,0.9953848719596863,0.16898471117019653,
2026-07-15T21:50:49.321,51.24661778297741,20260715_214958_front_fusion_ego_1643,speedsweep_normal,fusion_ego_1643,6340686,3,vehicle,0.07804903388023376,79.12068489849328,22.363532443261434,1.5224495398388171,-20.574135070195275,3.327131748199463,1.370377540588379,1.7416117191314697,22.622809544431203,31.135416666666668,244.44444444444446,4.023826780418555,221.7251452472475,58.24700655291478,267.1637436416414,0.4873245060443878,0.09006014466285706,
2026-07-15T21:50:49.447,51.37289389898069,20260715_214958_front_fusion_ego_1643,speedsweep_normal,fusion_ego_1643,6340687,0,vehicle,0.2435973733663559,96.44691242801616,5.105814095500122,1.3978169030204821,132.6639164695343,7.875512599945068,2.6403799057006836,3.838259696960449,17.57828455597609,484.8229166666667,208.88888888888889,452.6544502551357,178.93610292010837,516.9913830781977,238.8416748576694,0.033663373440504074,0.9999780654907227,
2026-07-15T21:50:49.447,51.37289389898069,20260715_214958_front_fusion_ego_1643,speedsweep_normal,fusion_ego_1643,6340687,1,vehicle,0.14857053756713867,101.4015245213756,13.299933996751246,1.6078761194916282,167.46183506207097,5.943093776702881,2.2145893573760986,2.8232786655426025,8.779553274770057,716.1145833333334,191.11111111111111,661.3780022909244,152.22616142696805,770.8511643757423,229.99606079525418,0.9600390195846558,0.9847970008850098,
2026-07-15T21:50:49.571,51.49702904303558,20260715_214958_front_fusion_ego_1643,speedsweep_normal,fusion_ego_1643,6340688,0,vehicle,0.055704858154058456,102.07400615283369,3.7606409727127286,0.8851272933209202,-6.753423926627608,5.5052924156188965,2.1044795513153076,2.5386290550231934,17.75868378424185,742.8020833333334,207.7777777777778,701.8010859837135,184.6204702721702,783.8030806829532,230.9350852833854,0.20290109515190125,0.48491010069847107,
2026-07-15T21:50:49.706,51.63178421603516,20260715_214958_front_fusion_ego_1643,speedsweep_normal,fusion_ego_1643,6340689,0,vehicle,0.15887212753295898,103.6761721183999,9.289864468673658,1.4300600609135152,-112.52436365089322,6.651941299438477,2.3541312217712402,2.7954423427581787,12.185053940871574,803.9609375,216.66666666666669,766.3503590896726,175.48464457194012,841.5715159103274,257.84868876139325,0.7927335500717163,0.9942787885665894,
2026-07-15T21:50:49.706,51.63178421603516,20260715_214958_front_fusion_ego_1643,speedsweep_normal,fusion_ego_1643,6340689,1,vehicle,0.12750814855098724,85.38332500370068,12.140300469950864,1.9726557884734692,71.53174232694083,6.310561180114746,2.454073429107666,3.3502137660980225,16.575031327606002,555.9895833333334,200.0,511.4242559274038,177.71227180957794,600.5549107392629,222.28772819042206,0.0018871112260967493,0.8184484243392944,
2026-07-15T21:50:49.706,51.63178421603516,20260715_214958_front_fusion_ego_1643,speedsweep_normal,fusion_ego_1643,6340689,2,vehicle,0.09652456641197205,88.37195447201546,11.678615611457658,1.7899759408885672,94.6138576180045,6.151270389556885,2.2872586250305176,3.313524007797241,14.390707608316,572.6692708333334,200.0,526.8052140822014,175.4248034954071,618.5333275844654,224.5751965045929,0.0016914214938879013,0.9565950632095337,
2026-07-15T21:50:49.834,51.75968366500456,20260715_214958_front_fusion_ego_1643,speedsweep_normal,fusion_ego_1643,6340690,0,vehicle,0.07971160858869553,73.59906986501741,3.545187682518854,0.9452224850094755,-73.10315526759241,4.945448398590088,1.7983602285385132,1.5416793823242188,30.14560912596607,243.52343750000003,234.44444444444446,225.61918699368837,227.04004105594424,261.42768800631166,241.84884783294467,0.046591948717832565,0.9999390840530396,
2026-07-15T21:50:49.834,51.75968366500456,20260715_214958_front_fusion_ego_1643,speedsweep_normal,fusion_ego_1643,6340690,1,vehicle,0.05249626934528351,86.35492932213266,17.273990288695842,2.0896129763768663,45.43153888467106,5.85243034362793,2.1917436122894287,3.153834819793701,12.747665249631174,608.2526041666667,198.88888888888889,565.3109254563849,166.9242959552341,651.1942828769486,230.85348182254367,0.04648972675204277,0.9843006730079651,
2026-07-15T21:50:49.957,51.88303934701253,20260715_214958_front_fusion_ego_1643,speedsweep_normal,fusion_ego_1643,6340691,0,vehicle,0.15027104318141937,67.71378422289774,7.310047969118877,1.6383380405678487,-70.47629946216378,4.966053485870361,1.8256458044052124,1.743234634399414,32.618545210248016,262.42708333333337,234.44444444444446,246.63784843062362,226.50614109304217,278.2163182360431,242.38274779584674,0.03002033941447735,0.9999682903289795,
2026-07-15T21:50:49.957,51.88303934701253,20260715_214958_front_fusion_ego_1643,speedsweep_normal,fusion_ego_1643,6340691,1,vehicle,0.0798647552728653,79.82984157977847,18.255121273575803,1.5421167607740571,-21.212915760882584,5.522265434265137,2.106574773788452,2.440107822418213,18.158013323818576,146.78125,244.44444444444446,94.83058411628008,224.14366808202533,198.73191588371992,264.7452208068636,0.008246363140642643,0.9769589304924011,
2026-07-15T21:50:50.086,52.01190962502733,20260715_214958_front_fusion_ego_1643,speedsweep_normal,fusion_ego_1643,6340692,0,vehicle,0.2975913882255554,92.03531792402487,20.800451905172405,1.8943388716561955,-11.812895435881211,6.798583984375,2.4995226860046387,3.3590731620788574,5.325881015550592,750.5859375,191.11111111111111,688.851057305932,123.67911047405667,812.320817694068,258.5431117481656,0.613237738609314,0.8962973356246948,
2026-07-15T21:50:50.086,52.01190962502733,20260715_214958_front_fusion_ego_1643,speedsweep_normal,fusion_ego_1643,6340692,1,vehicle,0.203346848487854,86.64361130511983,19.73963385990306,2.134876983857872,31.499061038734634,7.077770233154297,2.5576930046081543,3.441659927368164,10.458943471810814,590.4609375,198.88888888888889,499.3604692667723,130.79107814364963,681.5614057332277,266.9866996341282,0.15304483473300934,0.978262186050415,
2026-07-15T21:50:50.213,52.139153745025396,20260715_214958_front_fusion_ego_1643,speedsweep_normal,fusion_ego_1643,6340693,0,vehicle,0.43516772985458374,90.11702369336355,18.354558910943798,1.9282369150616843,-15.613649787641906,6.094571590423584,2.2208924293518066,3.3532955646514893,6.094721650521638,679.4192708333334,234.44444444444446,589.9181549598774,96.23610761430528,768.9203867067894,372.6527812745836,0.1418047994375229,0.9975516200065613,
2026-07-15T21:50:50.213,52.139153745025396,20260715_214958_front_fusion_ego_1643,speedsweep_normal,fusion_ego_1643,6340693,1,vehicle,0.07502149790525436,75.93987129511949,19.317410494819683,1.5445178621680054,37.27571261183792,4.185335636138916,1.7454159259796143,2.114391565322876,20.270043490481967,609.3645833333334,217.7777777777778,579.521060248216,201.79685460196603,639.2081064184507,233.75870095358957,0.09770659357309341,7.838913734303787e-05,
2026-07-15T21:50:50.213,52.139153745025396,20260715_214958_front_fusion_ego_1643,speedsweep_normal,fusion_ego_1643,6340693,2,vehicle,0.061484191566705704,85.67746095326099,21.460177391364535,1.6490868238650176,30.211720500033078,4.755982398986816,1.8341587781906128,2.5814285278320312,10.902223711751695,679.4192708333334,224.44444444444446,630.2911093657216,173.98185041215686,728.5474323009452,274.90703847673205,0.31258317828178406,0.5594262480735779,
2026-07-15T21:50:50.338,52.26364596106578,20260715_214958_front_fusion_ego_1643,speedsweep_normal,fusion_ego_1643,6340694,0,vehicle,0.06297754496335983,65.56590968057574,9.770924694012734,1.0879528111859855,-44.167311133045814,4.924450397491455,1.8269054889678955,1.7163646221160889,30.90415213276161,305.79427083333337,234.44444444444446,290.50760135923827,226.38626333740024,321.0809403074285,242.50262555148868,0.002161911455914378,0.953026294708252,
2026-07-15T21:50:50.488,52.41376945003867,20260715_214958_front_fusion_ego_1643,speedsweep_normal,fusion_ego_1643,6340695,0,vehicle,0.08888699859380722,89.98178688570108,17.617577549130765,1.7755008324777126,31.671361537141397,5.295809745788574,2.0232231616973877,2.846104383468628,4.393199141931206,554.8776041666667,182.22222222222223,506.1398765767614,126.3928676976098,603.615331756572,238.05157674683466,0.05419251695275307,0.4722736179828644,
2026-07-15T21:50:50.488,52.41376945003867,20260715_214958_front_fusion_ego_1643,speedsweep_normal,fusion_ego_1643,6340695,1,vehicle,0.06633676588535309,92.26342295782791,19.92248581552204,1.120537761250147,126.19129831196797,1.9264776706695557,1.0084680318832397,1.5496412515640259,3.0089223683939075,1.1119791666666667,315.55555555555554,-10.809717779358229,268.6795363161299,13.033676112691563,362.43157479498126,0.9560597538948059,0.05915641784667969,
2026-07-15T21:50:50.620,52.545470712007955,20260715_214958_front_fusion_ego_1643,speedsweep_normal,fusion_ego_1643,6340696,0,vehicle,0.06612514704465866,78.68430502898192,9.678773726093041,0.8659298095112153,25.641553290121696,3.6597650051116943,1.6488001346588135,1.8562171459197998,16.728214670119954,537.0859375,234.44444444444446,511.9757030047477,218.6558732059267,562.1961719952524,250.23301568296222,0.8658515810966492,0.24700337648391724,
2026-07-15T21:50:50.751,52.67697925004177,20260715_214958_front_fusion_ego_1643,speedsweep_normal,fusion_ego_1643,6340697,0,vehicle,0.11275995522737503,71.84795266235699,10.788146108887585,1.2573607387887697,37.761954899445634,5.225509166717529,2.0551369190216064,2.468292236328125,21.617432482606834,626.0442708333334,225.55555555555557,588.3628904124101,206.40445980760788,663.7256512542566,244.70665130350326,0.7860811352729797,0.0021263740491122007,
2026-07-15T21:50:50.751,52.67697925004177,20260715_214958_front_fusion_ego_1643,speedsweep_normal,fusion_ego_1643,6340697,1,vehicle,0.058153022080659866,84.94917982450042,14.868363451437062,1.3479799573171167,2.7169143166865495,4.631229400634766,1.8794807195663452,2.11529803276062,7.901045701378302,618.2604166666667,287.77777777777777,584.2088840107124,259.72244726286993,652.3119493226211,315.8331082926856,0.2649664580821991,0.9720132946968079,
2026-07-15T21:50:50.887,52.81314359605312,20260715_214958_front_fusion_ego_1643,speedsweep_normal,fusion_ego_1643,6340698,0,vehicle,0.15717722475528717,86.58489746705834,14.719000598233816,1.4739994398580483,14.39658246107536,4.562454700469971,1.8741010427474976,2.380164623260498,5.510569240818073,653.84375,314.44444444444446,602.0127969384193,263.5113623407152,705.6747030615807,365.3775265481737,0.578550398349762,0.9996161460876465,
2026-07-15T21:50:50.887,52.81314359605312,20260715_214958_front_fusion_ego_1643,speedsweep_normal,fusion_ego_1643,6340698,1,vehicle,0.05076256021857262,53.327377405422055,16.86966258298702,1.7760514424705711,-31.2541786183406,4.858950138092041,1.8877053260803223,2.0040206909179688,38.062112792267776,385.85677083333337,226.66666666666669,370.78817664211,217.68398980299634,400.92536502455675,235.64934353033703,0.9925899505615234,0.9992803931236267,
2026-07-15T21:50:51.016,52.94213154306635,20260715_214958_front_fusion_ego_1643,speedsweep_normal,fusion_ego_1643,6340699,0,vehicle,0.27108287811279297,91.45374539374153,14.528446961147786,1.8085614171254782,8.410620533906924,7.716972351074219,2.7032670974731445,3.451850414276123,2.959400437938179,608.2526041666667,191.11111111111111,504.95060322682065,65.89060253567166,711.5546051065128,316.3316196865506,0.0035962173715233803,0.9985820055007935,
2026-07-15T21:50:51.147,53.07344016106799,20260715_214958_front_fusion_ego_1643,speedsweep_normal,fusion_ego_1643,6340700,0,vehicle,0.7293146848678589,90.76637683555023,14.285807507480648,1.9227509173526989,-31.514705694399115,7.972817420959473,2.821621894836426,3.5249016284942627,3.1568848317424956,600.46875,191.11111111111111,466.48312059044844,54.958018726772735,734.4543794095516,327.2642034954495,0.00010498524352442473,0.9998525381088257,
2026-07-15T21:50:51.289,53.21462053398136,20260715_214958_front_fusion_ego_1643,speedsweep_normal,fusion_ego_1643,6340701,0,vehicle,0.13361841440200806,89.59107897276553,14.787821132647828,1.7975810734347148,-29.805982681274678,6.555643558502197,2.436157703399658,3.178278684616089,2.520224927554902,608.2526041666667,191.11111111111111,530.1712370018165,96.7836708492703,686.333971331517,285.43855137295196,0.012937810271978378,0.9843740463256836,
2026-07-15T21:50:51.426,53.35205230105203,20260715_214958_front_fusion_ego_1643,speedsweep_normal,fusion_ego_1643,6340702,0,vehicle,0.15353043377399445,89.17160764503083,14.418539830814922,1.8222256160328074,-29.246444450990126,6.891008377075195,2.586740016937256,3.1345884799957275,3.0763431667998593,618.2604166666667,191.11111111111111,540.5645585755508,95.85240072674222,695.9562747577827,286.36982149548004,0.003573414869606495,0.9890530705451965,
2026-07-15T21:50:51.426,53.35205230105203,20260715_214958_front_fusion_ego_1643,speedsweep_normal,fusion_ego_1643,6340702,1,vehicle,0.11963977664709091,80.31822518789686,7.999730733995117,1.4544464755643034,80.68530862405818,4.734778881072998,1.8841193914413452,2.382964849472046,11.440781112663931,670.5234375,243.33333333333334,623.4947186931968,201.2375863393148,717.5521563068032,285.4290803273519,0.005638188682496548,0.12981228530406952,
2026-07-15T21:50:51.426,53.35205230105203,20260715_214958_front_fusion_ego_1643,speedsweep_normal,fusion_ego_1643,6340702,2,vehicle,0.05292702466249466,75.28308506409434,3.247318087699001,0.957645966684197,-26.70347886230447,3.8860862255096436,1.6056755781173706,1.8716942071914673,18.33130073219536,581.5651041666667,234.44444444444446,554.7552094260852,215.97367313173083,608.3749989072483,252.91521575715808,0.656933069229126,0.2471287101507187,
2026-07-15T21:50:51.560,53.4859818900004,20260715_214958_front_fusion_ego_1643,speedsweep_normal,fusion_ego_1643,6340703,0,vehicle,0.24961821734905243,88.84860500393391,13.95116015252394,1.9866258175100915,-42.00880577413379,7.153459548950195,2.6450111865997314,3.4497954845428467,3.8062737834093423,636.0520833333334,190.0,556.1074350376924,63.21532726287842,715.9967316289743,316.7846727371216,0.0004411818226799369,0.9977790713310242,
2026-07-15T21:50:51.690,53.6154306010576,20260715_214958_front_fusion_ego_1643,speedsweep_normal,fusion_ego_1643,6340704,0,vehicle,0.5000833868980408,83.51602178637823,13.276289334086304,1.119987832457061,-64.57250413268912,3.9773013591766357,1.6827208995819092,1.7086912393569946,4.074959075357468,697.2109375,314.44444444444446,634.3046538680792,246.1620118882921,760.1172211319208,382.7268770005968,0.1786613017320633,0.9834566712379456,
2026-07-15T21:50:51.690,53.6154306010576,20260715_214958_front_fusion_ego_1643,speedsweep_normal,fusion_ego_1643,6340704,1,vehicle,0.05832736939191818,86.59695931240691,13.91698846048406,1.8203934372292756,-35.221346249002956,6.032599449157715,2.242218017578125,3.2238690853118896,3.134427284470361,661.6276041666667,191.11111111111111,599.0088998178642,76.34274906582303,724.2463085154693,305.87947315639923,0.0013659733813256025,0.9850126504898071,
2026-07-15T21:50:51.690,53.6154306010576,20260715_214958_front_fusion_ego_1643,speedsweep_normal,fusion_ego_1643,6340704,2,person,0.054249782115221024,82.25831759672788,6.208281415083067,1.0306455074403706,79.60856088803034,1.31741464138031,0.6980084776878357,1.8293765783309937,11.105168507380794,839.5442708333334,244.44444444444446,823.0791574877998,203.59685089853076,856.009384178867,285.29203799035815,0.9197750687599182,0.13080273568630219,
2026-07-15T21:50:51.821,53.74685460899491,20260715_214958_front_fusion_ego_1643,speedsweep_normal,fusion_ego_1643,6340705,0,vehicle,0.4309690296649933,81.32849816117144,25.11399163673508,0.9480388708287775,172.05010903332433,5.349633693695068,1.9637386798858643,2.0798258781433105,8.913307326584833,12.231770833333334,314.44444444444446,-9.585511619846027,253.95974424150256,34.049053286512695,374.92914464738635,0.8415262699127197,0.6359598636627197,
2026-07-15T21:50:51.959,53.88467275700532,20260715_214958_front_fusion_ego_1643,speedsweep_normal,fusion_ego_1643,6340706,0,vehicle,0.060495924204587936,80.92544115150672,15.95348131771327,1.4652802208099476,-15.334435107770757,5.209013938903809,2.060495376586914,2.375666618347168,2.6635670430685767,679.4192708333334,287.77777777777777,625.8716609080633,230.80254064665903,732.9668807586035,344.75301490889655,0.2742413580417633,0.963236927986145,
2026-07-15T21:50:52.362,54.287615063018166,20260715_214958_front_fusion_ego_1643,speedsweep_normal,fusion_ego_1643,6340709,0,vehicle,0.3823263943195343,81.25652398306886,12.979001636243803,1.804597552411464,-7.10114322658471,6.7514777183532715,2.50333833694458,3.2747678756713867,3.7770898330882443,759.4817708333334,243.33333333333334,691.64321966966,119.7611172993978,827.3203219970068,366.9055493672689,0.002575903432443738,0.8487024307250977,
2026-07-15T21:50:52.496,54.42159479903057,20260715_214958_front_fusion_ego_1643,speedsweep_normal,fusion_ego_1643,6340710,0,vehicle,0.1322917938232422,80.61548301062574,12.485473816633073,1.9023435319673971,2.7837344486344855,8.59103775024414,3.0757598876953125,3.9282822608947754,4.324120537575867,750.5859375,217.7777777777778,705.2179338559508,0.08965121375189887,795.9539411440492,435.46590434180365,0.0014575945679098368,0.5250434875488281,
2026-07-15T21:50:52.631,54.55741219606716,20260715_214958_front_fusion_ego_1643,speedsweep_normal,fusion_ego_1643,6340711,0,vehicle,0.1414467692375183,73.74375054868086,3.316184298130061,1.6932830186377341,-36.98492140217753,7.085135459899902,2.4761922359466553,3.408355712890625,14.15522644226062,813.96875,234.44444444444446,781.93039958179,80.7607200410631,846.00710041821,388.1281688478258,0.002511752536520362,0.5701208710670471,
2026-07-15T21:50:52.631,54.55741219606716,20260715_214958_front_fusion_ego_1643,speedsweep_normal,fusion_ego_1643,6340711,1,vehicle,0.10919690877199173,65.33563882496308,-8.764025524231789,1.7585757935857984,99.1973232219608,6.196637153625488,2.2891557216644287,3.195323944091797,28.623562551092824,805.0729166666667,224.44444444444446,776.4149574215214,169.17551782396106,833.7308759118121,279.71337106492786,0.8511685132980347,0.20474714040756226,
2026-07-15T21:50:52.761,54.68682512396481,20260715_214958_front_fusion_ego_1643,speedsweep_normal,fusion_ego_1643,6340712,0,person,0.12033751606941223,45.12242107227863,10.87636805373777,0.8191678580772894,-169.49666957309316,0.7704248428344727,0.5307483077049255,1.750927209854126,32.928077492036664,484.8229166666667,226.66666666666669,482.22927704562125,219.6365400652091,487.4165562877121,233.69679326812428,0.9999686479568481,0.9994389414787292,
2026-07-15T21:50:52.888,54.81416624796111,20260715_214958_front_fusion_ego_1643,speedsweep_normal,fusion_ego_1643,6340713,0,vehicle,0.18743513524532318,65.78369317828503,19.536770710866637,1.1490678603735067,-66.95928384709197,5.136532783508301,1.982477068901062,1.7752972841262817,11.158431989080942,280.21875,271.11111111111114,240.05874882638457,250.62276787228055,320.37875117361546,291.5994543499417,0.0009892103262245655,0.999991774559021,
2026-07-15T21:50:53.015,54.94078875798732,20260715_214958_front_fusion_ego_1643,speedsweep_normal,fusion_ego_1643,6340714,0,vehicle,0.15686377882957458,75.07298119615241,18.94428401643212,1.3880154271176304,-114.24879616116408,4.6332316398620605,1.8679115772247314,2.2509350776672363,2.3722624645404573,12.231770833333334,287.77777777777777,-10.51600847269098,220.3928695784675,34.97955013935765,355.1626859770881,0.1714324802160263,0.022591926157474518,
2026-07-15T21:50:53.015,54.94078875798732,20260715_214958_front_fusion_ego_1643,speedsweep_normal,fusion_ego_1643,6340714,1,person,0.05099991336464882,39.88062668510877,15.887655882412325,1.2663160168571117,-77.92405832155434,1.2030137777328491,0.7084512114524841,1.8166052103042603,35.69202550889612,492.60677083333337,226.66666666666669,489.7948421792438,219.036686817805,495.41869948742294,234.29664651552838,0.99998939037323,0.9997599720954895,
2026-07-15T21:50:53.415,55.3411385769723,20260715_214958_front_fusion_ego_1643,speedsweep_normal,fusion_ego_1643,6340717,0,vehicle,0.10148783028125763,70.93689767228375,20.577849328331638,0.9671134866638531,20.58346333126533,4.056886672973633,1.6152609586715698,1.410200834274292,4.332070533602994,127.87760416666667,296.6666666666667,89.08390204856794,238.88355175654095,166.67130628476542,354.4497815767924,0.40772590041160583,0.9790560603141785,
2026-07-15T21:50:53.679,55.60500783205498,20260715_214958_front_fusion_ego_1643,speedsweep_normal,fusion_ego_1643,6340719,0,vehicle,0.08587591350078583,70.75616557903687,18.389097307798313,1.590677423535629,60.09633827800055,6.312272548675537,2.303992748260498,2.8321139812469482,1.7445402803312953,13.34375,296.6666666666667,-10.237775076180696,201.95166508356732,36.9252750761807,391.38166824976605,0.03901698440313339,0.34927985072135925,
2026-07-15T21:50:53.812,55.73747987207025,20260715_214958_front_fusion_ego_1643,speedsweep_normal,fusion_ego_1643,6340720,0,vehicle,0.08700641989707947,68.71392866559852,19.524596537220138,1.38500713105066,-14.011519120596965,6.844854354858398,2.495887517929077,3.010812759399414,3.017945802263725,12.231770833333334,155.55555555555557,-10.646988215545814,49.85959741804335,35.11052988221248,261.25151369306775,0.0032974944915622473,0.014787490479648113,
2026-07-15T21:50:54.461,56.38676463905722,20260715_214958_front_fusion_ego_1643,speedsweep_normal,fusion_ego_1643,6340725,0,person,0.11857017129659653,47.89285906541126,41.7858920011334,0.9797595136202588,-97.83171488988415,0.2833270728588104,0.3785964250564575,1.5433597564697266,30.18589954297481,83.3984375,226.66666666666669,74.74750950373709,214.30534968773526,92.04936549626291,239.0279836455981,0.9984095692634583,0.9783141016960144,
2026-07-15T21:50:54.461,56.38676463905722,20260715_214958_front_fusion_ego_1643,speedsweep_normal,fusion_ego_1643,6340725,1,person,0.11284037679433823,33.464315385126326,6.999085768779662,1.3579161696300521,-158.38918869799568,0.5413712859153748,0.5067711472511292,1.9635488986968994,32.68494092920596,519.2942708333334,226.66666666666669,516.4160092373689,218.53401223818463,522.1725324292978,234.79932109514874,0.9999442100524902,0.9939715266227722,
2026-07-15T21:50:54.461,56.38676463905722,20260715_214958_front_fusion_ego_1643,speedsweep_normal,fusion_ego_1643,6340725,2,vehicle,0.06542637199163437,60.26224480508921,19.3475369737087,1.3917675210730611,-109.19940103697894,4.450356483459473,1.750264286994934,1.9205436706542969,5.1495937471442375,199.04427083333334,270.0,153.53224212427935,226.22640252113342,244.55629954238734,313.7735974788666,0.5710713863372803,0.9965022802352905,
2026-07-15T21:50:54.461,56.38676463905722,20260715_214958_front_fusion_ego_1643,speedsweep_normal,fusion_ego_1643,6340725,3,vehicle,0.06347893178462982,52.18153718929623,20.382805012230644,1.118070716454762,-138.21595284160378,5.107959747314453,1.9228259325027466,2.2326693534851074,13.03365231771585,296.8984375,271.11111111111114,265.158177703619,248.85770267910428,328.638697296381,293.364519543118,0.925857424736023,0.9999961853027344,
2026-07-15T21:50:54.589,56.51485712407157,20260715_214958_front_fusion_ego_1643,speedsweep_normal,fusion_ego_1643,6340726,0,person,0.05098403990268707,34.37040246762803,7.198754515622884,1.4057536255041505,-61.620232737616234,0.7371743321418762,0.5233748555183411,2.0193350315093994,30.82169723798315,528.1901041666667,226.66666666666669,524.5488467157509,218.93359343210858,531.8313616175826,234.3997399012248,0.9998868703842163,0.9984111785888672,
2026-07-15T21:50:54.715,56.64116991707124,20260715_214958_front_fusion_ego_1643,speedsweep_normal,fusion_ego_1643,6340727,0,person,0.08430368453264236,51.54255974302013,38.26007292074612,0.8088327814604546,-26.9809416202515,0.35223275423049927,0.489004522562027,1.292116403579712,24.26729110712811,31.135416666666668,234.44444444444446,17.18304297576348,221.7148753669527,45.08779035756986,247.17401352193622,0.9378191232681274,0.5680813789367676,
2026-07-15T21:50:54.982,56.90848887502216,20260715_214958_front_fusion_ego_1643,speedsweep_normal,fusion_ego_1643,6340729,0,vehicle,0.05438295751810074,29.5297039269974,17.246780023878028,0.8327371137357911,57.00039156253468,4.269223213195801,1.7100244760513306,1.4933916330337524,31.19786676400094,457.02343750000006,234.44444444444446,446.54138832911855,227.30298068788318,467.50548667088157,241.58590820100574,0.009141681715846062,0.9989160299301147,
2026-07-15T21:50:55.119,57.045203482033685,20260715_214958_front_fusion_ego_1643,speedsweep_normal,fusion_ego_1643,6340730,0,vehicle,0.12991319596767426,54.85436341610272,24.372925747582414,1.1494119414743333,178.0074655497057,2.976210594177246,1.3118289709091187,1.5187883377075195,9.051429474004069,12.231770833333334,306.6666666666667,-4.687479111055533,286.53480152289075,29.151020777722202,326.7985318104426,0.996735155582428,0.6437288522720337,
2026-07-15T21:50:55.396,57.32221049303189,20260715_214958_front_fusion_ego_1643,speedsweep_normal,fusion_ego_1643,6340732,0,vehicle,0.168875053524971,23.096370948862265,15.912970168759857,1.3236029205078832,-32.38833018523401,5.798825740814209,2.134739637374878,2.7983145713806152,34.65252290698345,484.8229166666667,225.55555555555557,468.52177097896737,214.51220098468994,501.124062354366,236.5989101264212,0.00916009210050106,0.9960130453109741,
2026-07-15T21:50:55.522,57.44792691501789,20260715_214958_front_fusion_ego_1643,speedsweep_normal,fusion_ego_1643,6340733,0,vehicle,0.30238422751426697,23.241464355587212,14.474754520530235,1.4051741671487497,-31.47882646604734,5.780208110809326,2.199988603591919,2.7569117546081543,33.58534527529385,492.60677083333337,225.55555555555557,474.82802011196816,214.01885065767502,510.3855215546986,237.09226045343613,0.2523735463619232,0.9997820258140564,
2026-07-15T21:50:55.522,57.44792691501789,20260715_214958_front_fusion_ego_1643,speedsweep_normal,fusion_ego_1643,6340733,1,vehicle,0.14050710201263428,19.21056466509021,17.413096852385095,1.1825523408473684,-15.448573298530288,5.081001281738281,2.0095832347869873,2.163051128387451,37.543398770621465,457.02343750000006,226.66666666666669,446.1515636891127,218.68667999903363,467.8953113108874,234.64665333429974,0.006205749232321978,0.999722421169281,
2026-07-15T21:50:55.665,57.59036287502386,20260715_214958_front_fusion_ego_1643,speedsweep_normal,fusion_ego_1643,6340734,0,vehicle,0.3190173804759979,24.559566670970618,14.788541243389258,1.5488884842751975,-29.392484850271867,6.132410526275635,2.2462363243103027,3.015416145324707,31.260825812620794,492.60677083333337,225.55555555555557,474.4954940391084,212.39409271213745,510.71804762755835,238.7170183989737,0.7424772381782532,0.9999431371688843,
2026-07-15T21:50:55.665,57.59036287502386,20260715_214958_front_fusion_ego_1643,speedsweep_normal,fusion_ego_1643,6340734,1,vehicle,0.061401598155498505,24.402616866918184,18.483399523615603,0.6147529413748847,23.834462293742828,4.156404972076416,1.6938401460647583,1.400460958480835,31.41415531462437,457.02343750000006,234.44444444444446,448.29971514269715,228.36918425228862,465.74715985730296,240.5197046366003,0.010021221823990345,0.9973871111869812,
2026-07-15T21:50:55.799,57.72486867301632,20260715_214958_front_fusion_ego_1643,speedsweep_normal,fusion_ego_1643,6340735,0,vehicle,0.3189171850681305,25.47911710729563,16.191531501178908,1.5919266494598907,-28.686873319664688,6.155114650726318,2.2856345176696777,3.0610547065734863,29.29161792911396,492.60677083333337,225.55555555555557,472.9103959326943,210.58793250057434,512.3031457339724,240.5231786105368,0.039183758199214935,0.9997979998588562,
2026-07-15T21:50:55.799,57.72486867301632,20260715_214958_front_fusion_ego_1643,speedsweep_normal,fusion_ego_1643,6340735,1,vehicle,0.051805946975946426,17.269076593940824,17.755786818193315,1.2174053281645838,22.31012314192803,5.159360885620117,2.033043146133423,2.2177793979644775,37.50910845250657,457.02343750000006,226.66666666666669,444.09774068370467,218.94273708264035,469.94913431629544,234.39059625069302,0.10466042160987854,0.9989398121833801,
2026-07-15T21:50:55.929,57.855059221968986,20260715_214958_front_fusion_ego_1643,speedsweep_normal,fusion_ego_1643,6340736,0,vehicle,0.40164321660995483,26.760236212491158,16.416432512285386,1.406583879810961,-134.63400531825343,6.312925815582275,2.242687463760376,2.984464645385742,27.015445038760053,493.71875000000006,225.55555555555557,472.0887914374471,209.31239995691513,515.3487085625529,241.798711154196,0.011265665292739868,0.9999839067459106,
2026-07-15T21:50:55.929,57.855059221968986,20260715_214958_front_fusion_ego_1643,speedsweep_normal,fusion_ego_1643,6340736,1,vehicle,0.06144818291068077,17.82157245649035,17.483288933659654,1.0747569173223428,-5.2760940760088335,4.879660606384277,1.9449186325073242,2.1173295974731445,35.9603862290511,457.02343750000006,226.66666666666669,442.7489488609136,218.67095241943997,471.29792613908654,234.6623809138934,0.0487636998295784,0.9927491545677185,
2026-07-15T21:50:56.057,57.98345194605645,20260715_214958_front_fusion_ego_1643,speedsweep_normal,fusion_ego_1643,6340737,0,vehicle,0.4723721742630005,24.475733456264166,10.85482618438751,1.5313226658367967,116.76834605939501,7.101842403411865,2.50559663772583,3.0922255516052246,28.926226515963013,501.5026041666667,225.55555555555557,480.83185457314056,209.85332283708786,522.1733537601929,241.25778827402328,0.9533085227012634,0.9999953508377075,
2026-07-15T21:50:56.188,58.11357040097937,20260715_214958_front_fusion_ego_1643,speedsweep_normal,fusion_ego_1643,6340738,0,vehicle,0.5212571620941162,23.920771007609503,9.68727168789517,1.420742830352096,148.31225070926243,6.367525577545166,2.2625415325164795,2.7114198207855225,28.76667505149896,502.61458333333337,225.55555555555557,480.6331661989292,211.21773037645553,524.5960004677376,239.8933807346556,0.3095535933971405,0.9999901056289673,
2026-07-15T21:50:56.188,58.11357040097937,20260715_214958_front_fusion_ego_1643,speedsweep_normal,fusion_ego_1643,6340738,1,vehicle,0.17712782323360443,16.343264091709557,16.345866167441265,0.5823092267135617,120.655729089365,4.783867835998535,1.767721176147461,1.696101188659668,35.4579870809073,449.23958333333337,226.66666666666669,435.1177779336771,220.45834834376973,463.36138873298967,232.87498498956364,0.00023309449898079038,0.9989619255065918,
2026-07-15T21:50:56.188,58.11357040097937,20260715_214958_front_fusion_ego_1643,speedsweep_normal,fusion_ego_1643,6340738,2,vehicle,0.0894809439778328,29.308520669867384,25.134926219175306,1.723202202429012,37.2305954588879,7.34255838394165,2.6795928478240967,3.3678300380706787,23.956529727992905,324.6979166666667,225.55555555555557,288.5316229189436,207.27579686376785,360.8642104143898,243.8353142473433,0.00014990543422754854,0.9294137954711914,
2026-07-15T21:50:56.313,58.23940191406291,20260715_214958_front_fusion_ego_1643,speedsweep_normal,fusion_ego_1643,6340739,0,vehicle,0.17681443691253662,24.475163725967906,7.926184685266063,1.518635364058273,-178.02594564240547,7.859749794006348,2.662757158279419,3.6312367916107178,27.78559694077984,510.39843750000006,217.7777777777778,480.70098830014473,198.54347096549142,540.0958866998553,237.01208459006418,0.004062139429152012,0.9999998807907104,
2026-07-15T21:50:56.313,58.23940191406291,20260715_214958_front_fusion_ego_1643,speedsweep_normal,fusion_ego_1643,6340739,1,vehicle,0.17590823769569397,16.7282386805279,15.754530639804457,0.6980968145916171,92.90272023345122,4.913471698760986,1.8206957578659058,1.8317993879318237,34.09013717306195,449.23958333333337,226.66666666666669,434.6477232103547,219.57084114352864,463.83144345631206,233.76249218980473,5.888303348910995e-05,0.9991852641105652,
2026-07-15T21:50:56.313,58.23940191406291,20260715_214958_front_fusion_ego_1643,speedsweep_normal,fusion_ego_1643,6340739,2,vehicle,0.1051914319396019,46.91461932304395,25.154161587285284,2.012423265293137,18.66791140272673,10.42684268951416,3.628492593765259,4.544467926025391,9.174553017690407,84.51041666666667,208.88888888888889,-27.36473902066549,40.717745357089576,196.38557235399884,377.06003242068823,0.013476152904331684,0.9700037837028503,
2026-07-15T21:50:56.313,58.23940191406291,20260715_214958_front_fusion_ego_1643,speedsweep_normal,fusion_ego_1643,6340739,3,vehicle,0.10053284466266632,29.803779882004882,24.02285928843148,1.751917504676113,81.52459072011246,8.446438789367676,3.059619903564453,3.9927048683166504,22.17839317630262,315.80208333333337,217.7777777777778,273.7598621671399,189.71116767989267,357.84430449952686,245.84438787566293,1.6421996406279504e-05,0.9906936287879944,
2026-07-15T21:50:56.449,58.375464814016595,20260715_214958_front_fusion_ego_1643,speedsweep_normal,fusion_ego_1643,6340740,0,vehicle,0.46381133794784546,25.81997069362911,6.029618003888479,1.456035668685833,176.205604845292,7.541017532348633,2.5772526264190674,3.3570668697357178,26.307287955926043,510.39843750000006,217.7777777777778,475.4495311155916,198.3142243491279,545.3473438844085,237.2413312064277,0.0009754670900292695,1.0,
2026-07-15T21:50:56.449,58.375464814016595,20260715_214958_front_fusion_ego_1643,speedsweep_normal,fusion_ego_1643,6340740,1,vehicle,0.17354734241962433,16.39117541087358,15.628140570144598,0.6141728471489099,92.1467352208045,4.542822360992432,1.7306464910507202,1.7619332075119019,33.44172490927015,449.23958333333337,226.66666666666669,435.53747749080264,219.51806421081227,462.9416891758641,233.8152691225211,0.00019293869263492525,0.9939905405044556,
2026-07-15T21:50:56.449,58.375464814016595,20260715_214958_front_fusion_ego_1643,speedsweep_normal,fusion_ego_1643,6340740,2,vehicle,0.07374784350395203,44.45600082686595,24.05021948554403,1.738704226438846,46.83327677143612,9.016366004943848,3.1167778968811035,4.061468601226807,8.961882375933866,66.71875,208.88888888888889,-0.5707682371139526,57.32851558261448,134.00826823711395,360.4492621951633,0.013863740488886833,0.7882919311523438,
2026-07-15T21:50:56.577,58.502870116964914,20260715_214958_front_fusion_ego_1643,speedsweep_normal,fusion_ego_1643,6340741,0,vehicle,0.7948329448699951,22.55398449601841,6.759129484162589,1.5150037903823441,172.59500178785032,7.985926151275635,2.7879064083099365,3.505061149597168,28.126353616164106,511.5104166666667,217.7777777777778,475.2564245040218,200.83197997676004,547.7644088293116,234.72357557879556,0.009819881990551949,0.9999995231628418,
2026-07-15T21:50:56.577,58.502870116964914,20260715_214958_front_fusion_ego_1643,speedsweep_normal,fusion_ego_1643,6340741,1,vehicle,0.23581989109516144,16.38153685738608,15.76603431348184,0.7177440884379722,107.72842062167459,4.651371955871582,1.7797322273254395,1.7439366579055786,32.45137458607283,449.23958333333337,226.66666666666669,436.5131804173192,219.30059919754666,461.96598624934757,234.0327341357867,0.0005480818217620254,0.9984816908836365,
2026-07-15T21:50:56.701,58.62686339695938,20260715_214958_front_fusion_ego_1643,speedsweep_normal,fusion_ego_1643,6340742,0,vehicle,0.5559240579605103,23.424913509456136,7.158481033007866,1.490295952681611,167.97983647735063,7.923966884613037,2.707704782485962,3.4865989685058594,26.246617254275495,519.2942708333334,217.7777777777778,487.46110785504186,197.71872745619882,551.1274338116249,237.83682809935678,0.01602786034345627,1.0,
2026-07-15T21:50:56.701,58.62686339695938,20260715_214958_front_fusion_ego_1643,speedsweep_normal,fusion_ego_1643,6340742,1,vehicle,0.057147324085235596,12.249076022659601,15.315300181483016,0.841588128285176,167.2282331813712,5.503981590270996,2.133445978164673,2.163520574569702,35.601438765497015,449.23958333333337,225.55555555555557,433.32340110962593,217.732166979048,465.1557655570408,233.37894413206314,0.006243161391466856,0.9972085356712341,
2026-07-15T21:50:56.828,58.75360959698446,20260715_214958_front_fusion_ego_1643,speedsweep_normal,fusion_ego_1643,6340743,0,vehicle,0.40246567130088806,23.101629354507683,5.31876096860199,1.6061412253593126,-172.23418063561982,7.847248077392578,2.694117546081543,3.57482647895813,26.379917741228244,528.1901041666667,217.7777777777778,498.84767034153145,197.04705403910745,557.532537991802,238.50850151644815,0.007471880875527859,1.0,
2026-07-15T21:50:56.828,58.75360959698446,20260715_214958_front_fusion_ego_1643,speedsweep_normal,fusion_ego_1643,6340743,1,vehicle,0.1757468730211258,13.4676082180777,15.661060623534786,0.7096737581569628,161.6836418602807,4.822723388671875,1.867994785308838,1.8348292112350464,33.38105342344311,448.1276041666667,226.66666666666669,433.1999029542009,219.37933544317883,463.05530537913245,233.95399789015454,0.05920017510652542,0.996101975440979,
2026-07-15T21:50:56.828,58.75360959698446,20260715_214958_front_fusion_ego_1643,speedsweep_normal,fusion_ego_1643,6340743,2,vehicle,0.06041274964809418,14.039298819175514,9.567237328557518,0.6380634070578717,-15.349927385748778,4.646878242492676,1.8549185991287231,1.5580437183380127,33.59372811511337,484.8229166666667,226.66666666666669,468.63077362502617,220.18904025355977,501.0150597083072,233.1442930797736,0.005571301560848951,0.9991494417190552,
2026-07-15T21:50:56.960,58.88586827798281,20260715_214958_front_fusion_ego_1643,speedsweep_normal,fusion_ego_1643,6340744,0,vehicle,0.5643577575683594,23.896071420604567,6.247582616519305,1.321229639677672,-98.28850816781596,6.780470371246338,2.3864822387695312,3.0731165409088135,24.371769000861327,529.3020833333334,225.55555555555557,495.73463218410814,206.55736896726822,562.8695344825586,244.55374214384292,0.11864400655031204,0.9999896287918091,
2026-07-15T21:50:56.960,58.88586827798281,20260715_214958_front_fusion_ego_1643,speedsweep_normal,fusion_ego_1643,6340744,1,vehicle,0.2485881745815277,11.095770512538152,14.638216459133641,0.7940645565138207,154.18484333586238,4.906106472015381,1.9267419576644897,1.9775444269180298,34.809910046549525,448.1276041666667,226.66666666666669,433.13536034400266,218.88984123865765,463.1198479893307,234.44349209467572,0.23917999863624573,0.9979812502861023,
2026-07-15T21:50:56.960,58.88586827798281,20260715_214958_front_fusion_ego_1643,speedsweep_normal,fusion_ego_1643,6340744,2,vehicle,0.11696601659059525,20.15105172348249,26.554171795706814,1.927897505725789,-43.5758498021893,8.226597785949707,3.03239369392395,3.7653794288635254,27.438910715638674,305.79427083333337,217.7777777777778,267.3011917298039,197.70313845740426,344.2873499368628,237.85241709815134,3.883529643644579e-05,0.9956924319267273,
2026-07-15T21:50:57.099,59.02509191306308,20260715_214958_front_fusion_ego_1643,speedsweep_normal,fusion_ego_1643,6340745,0,vehicle,0.7547512054443359,26.22587845179391,8.314054194702504,1.5747527565922912,-172.206751808241,7.087440490722656,2.435905694961548,3.2453274726867676,20.488365097619056,537.0859375,225.55555555555557,505.57584229856735,202.58492443296646,568.5960327014327,248.52618667814468,0.6863183379173279,0.9999998807907104,
2026-07-15T21:50:57.099,59.02509191306308,20260715_214958_front_fusion_ego_1643,speedsweep_normal,fusion_ego_1643,6340745,1,vehicle,0.22509123384952545,43.1705484522473,24.62511840196195,0.8845510709525994,134.53708663948674,4.398252010345459,1.7234282493591309,1.6772493124008179,7.946211234365149,84.51041666666667,323.33333333333337,58.178425158063575,244.8314913113912,110.84240817526977,401.8351753552755,0.4204971194267273,0.26186448335647583,
2026-07-15T21:50:57.099,59.02509191306308,20260715_214958_front_fusion_ego_1643,speedsweep_normal,fusion_ego_1643,6340745,2,vehicle,0.11970942467451096,30.703448313175073,1.0741960335934082,0.7740854897589386,-135.64423492398802,4.17907190322876,1.6295678615570068,1.6236894130706787,21.219845553260257,652.7317708333334,234.44444444444446,621.410163914164,219.094062116411,684.0533777525028,249.7948267724779,0.053670305758714676,0.9999622106552124,
2026-07-15T21:50:57.099,59.02509191306308,20260715_214958_front_fusion_ego_1643,speedsweep_normal,fusion_ego_1643,6340745,3,vehicle,0.10600724071264267,12.751761667182919,10.937860050430322,0.7583627666493618,-65.61544013659199,4.789952754974365,1.8063641786575317,1.7319834232330322,32.64000669334573,484.8229166666667,226.66666666666669,467.5714571985106,219.70385814706486,502.0743761348228,233.6294751862685,0.008473376743495464,0.9983029365539551,
2026-07-15T21:50:57.099,59.02509191306308,20260715_214958_front_fusion_ego_1643,speedsweep_normal,fusion_ego_1643,6340745,4,vehicle,0.10051704198122025,11.22430268218875,17.524822153235576,1.099595439335248,-7.251324342409761,5.335012435913086,2.0942349433898926,2.1851441860198975,33.620582570864805,448.1276041666667,226.66666666666669,433.97123287866515,218.15347919861478,462.2839754546682,235.1798541347186,0.009066370315849781,0.9984185695648193,
2026-07-15T21:50:57.099,59.02509191306308,20260715_214958_front_fusion_ego_1643,speedsweep_normal,fusion_ego_1643,6340745,5,vehicle,0.0719011127948761,22.000081958512418,24.373129288990707,2.0934793359693886,-36.49605090063739,8.517600059509277,3.0112709999084473,4.118932247161865,24.038383293113736,298.0104166666667,217.7777777777778,255.04647771517438,193.66771923171152,340.974355618159,241.88783632384408,4.190290837868815e-06,0.9987267851829529,
2026-07-15T21:50:57.099,59.02509191306308,20260715_214958_front_fusion_ego_1643,speedsweep_normal,fusion_ego_1643,6340745,6,vehicle,0.05597957968711853,43.564406034864135,22.74971498548574,1.0991322686145466,-79.53022659943,4.933297157287598,1.885392665863037,2.0310709476470947,6.018899339419149,12.231770833333334,280.0,-6.302622339377801,193.74009370803833,30.76616400604447,366.25990629196167,0.4281792938709259,0.02917652390897274,
2026-07-15T21:50:57.227,59.15274494397454,20260715_214958_front_fusion_ego_1643,speedsweep_normal,fusion_ego_1643,6340746,0,vehicle,0.7755082845687866,26.786977406691523,7.109465721536704,1.6746733278917514,127.31775412551298,7.665858268737793,2.653900384902954,3.3958849906921387,19.662595667411182,545.9817708333334,225.55555555555557,503.7930144791802,197.43381175729965,588.1705271874865,253.6772993538115,0.9473645687103271,1.0,
2026-07-15T21:50:57.227,59.15274494397454,20260715_214958_front_fusion_ego_1643,speedsweep_normal,fusion_ego_1643,6340746,1,vehicle,0.16180415451526642,9.451064223765691,15.577708563753735,1.2087446330028022,-109.78846676737265,5.0903472900390625,2.0459675788879395,2.219433069229126,34.421441178212014,448.1276041666667,226.66666666666669,434.1376009012262,217.61449197928113,462.11760743210715,235.71884135405224,0.11554457247257233,0.993873119354248,
2026-07-15T21:50:57.227,59.15274494397454,20260715_214958_front_fusion_ego_1643,speedsweep_normal,fusion_ego_1643,6340746,2,vehicle,0.10596603900194168,18.186643835142874,13.828562117282544,0.5921857395051329,72.01207691823424,4.564627647399902,1.7509897947311401,1.3260993957519531,25.858751914358123,492.60677083333337,234.44444444444446,475.7663845618566,227.30055418279437,509.4471571048101,241.58833470609454,0.0009734209161251783,0.9926637411117554,
2026-07-15T21:50:57.227,59.15274494397454,20260715_214958_front_fusion_ego_1643,speedsweep_normal,fusion_ego_1643,6340746,3,vehicle,0.06550673395395279,20.65728162777328,24.708312554899575,2.116447743387587,-52.676374463823784,8.305374145507812,3.0185117721557617,4.113877773284912,24.47857531227783,289.11458333333337,217.7777777777778,238.40542617191872,190.01792298422922,339.823740494748,245.53763257132638,1.6359144865418784e-05,0.9987867474555969,
2026-07-15T21:50:57.349,59.27503787900787,20260715_214958_front_fusion_ego_1643,speedsweep_normal,fusion_ego_1643,6340747,0,vehicle,0.5573058128356934,24.736204418753303,11.531636001228934,1.510597406823929,118.30011410736246,7.24854040145874,2.674727201461792,2.990281820297241,18.893821849377062,547.09375,225.55555555555557,488.415894150734,201.4811095926497,605.771605849266,249.63000151846146,0.006045665126293898,0.9999947547912598,
2026-07-15T21:50:57.349,59.27503787900787,20260715_214958_front_fusion_ego_1643,speedsweep_normal,fusion_ego_1643,6340747,1,vehicle,0.22961285710334778,18.49141468003132,16.538607236870366,0.751527299861201,52.24871844703865,5.048772811889648,1.9258263111114502,1.4021973609924316,24.37867203819206,492.60677083333337,234.44444444444446,470.38111778100335,226.94396790530948,514.8324238856634,241.94492098357944,0.0027347730938345194,0.9980823993682861,
2026-07-15T21:50:57.349,59.27503787900787,20260715_214958_front_fusion_ego_1643,speedsweep_normal,fusion_ego_1643,6340747,2,vehicle,0.10373499244451523,7.9470447798043296,16.672220135022414,1.2684155453601,-77.07736470314731,5.15915060043335,2.0194509029388428,2.298708200454712,34.90909657000248,448.1276041666667,226.66666666666669,434.2109257603685,217.08994398514432,462.04428257296485,236.24338934818905,0.3951665163040161,0.9958159327507019,
2026-07-15T21:50:57.471,59.396906162030064,20260715_214958_front_fusion_ego_1643,speedsweep_normal,fusion_ego_1643,6340748,0,vehicle,0.3397098779678345,17.464912666429363,14.299793761160691,0.7011751128710157,85.38217642917984,4.700714111328125,1.8140199184417725,1.356319785118103,24.551560634435457,493.71875000000006,234.44444444444446,472.27453099191194,226.80257346895007,515.1629690080881,242.08631541993884,0.0003912450629286468,0.9969767332077026,
2026-07-15T21:50:57.471,59.396906162030064,20260715_214958_front_fusion_ego_1643,speedsweep_normal,fusion_ego_1643,6340748,1,vehicle,0.3237127363681793,24.16095352921107,10.795033150441464,1.2635638142772483,112.05760742520222,5.684756278991699,2.2056679725646973,2.600815773010254,18.726028926115628,555.9895833333334,226.66666666666669,507.3427896400293,203.76371661822003,604.6363770266374,249.56961671511334,0.1509280800819397,0.9962342381477356,
2026-07-15T21:50:57.471,59.396906162030064,20260715_214958_front_fusion_ego_1643,speedsweep_normal,fusion_ego_1643,6340748,2,vehicle,0.10322661697864532,9.138983305296257,17.496201198595426,1.2828675089516606,-107.38452598562583,5.1398186683654785,1.9810662269592285,2.3372902870178223,32.7318697803412,440.34375000000006,226.66666666666669,426.3702327385545,216.1562518278758,454.3172672614456,237.17708150545758,0.5254161953926086,0.998744010925293,
2026-07-15T21:50:57.599,59.525226671015844,20260715_214958_front_fusion_ego_1643,speedsweep_normal,fusion_ego_1643,6340749,0,vehicle,0.7233438491821289,25.386096022686928,13.380677131727149,1.5796276854862596,114.74060269084656,6.497060775756836,2.4466652870178223,2.791085958480835,15.882385244689416,572.6692708333334,226.66666666666669,519.6086915706595,201.26205960909527,625.7298500960072,252.0712737242381,0.20706523954868317,0.9992086291313171,
2026-07-15T21:50:57.599,59.525226671015844,20260715_214958_front_fusion_ego_1643,speedsweep_normal,fusion_ego_1643,6340749,1,vehicle,0.2938570976257324,16.795343003580115,14.537828792110266,0.8079141237365708,45.20793207994859,4.88197135925293,1.8352668285369873,1.4772964715957642,24.20671207548168,493.71875000000006,234.44444444444446,470.74479875341063,226.49715569284228,516.6927012465894,242.39173319604663,0.0014113124925643206,0.9966436624526978,
2026-07-15T21:50:57.599,59.525226671015844,20260715_214958_front_fusion_ego_1643,speedsweep_normal,fusion_ego_1643,6340749,2,vehicle,0.0621514655649662,12.534656857868612,17.0253923678093,0.8355524430898151,87.419162263322,4.188710689544678,1.6273728609085083,1.514265537261963,28.350313079765538,440.34375000000006,234.44444444444446,427.81640635617083,226.8541505601671,452.8710936438293,242.0347383287218,0.018259281292557716,0.9690648317337036,
2026-07-15T21:50:57.735,59.661333044059575,20260715_214958_front_fusion_ego_1643,speedsweep_normal,fusion_ego_1643,6340750,0,vehicle,0.33608150482177734,28.92077169173557,9.801879394755684,1.1914976455938586,123.17433590758796,5.613848686218262,2.017362117767334,2.3678841590881348,13.065348107671063,590.4609375,234.44444444444446,535.0990145206451,203.83616950776843,645.8228604793549,265.0527193811205,0.18162819743156433,0.9999939203262329,
2026-07-15T21:50:57.735,59.661333044059575,20260715_214958_front_fusion_ego_1643,speedsweep_normal,fusion_ego_1643,6340750,1,vehicle,0.19105832278728485,16.099184219221918,14.963816504374664,1.0622352535806958,44.78940224620931,4.694593906402588,1.840418815612793,1.56216561794281,23.871786039917886,501.5026041666667,234.44444444444446,480.0634229021768,226.24741163518695,522.9417854311566,242.64147725370196,0.0021749476436525583,0.9947546720504761,
2026-07-15T21:50:57.735,59.661333044059575,20260715_214958_front_fusion_ego_1643,speedsweep_normal,fusion_ego_1643,6340750,2,vehicle,0.10780972987413406,11.772029145258625,17.814308187642542,0.9927517596941278,-20.901386411589627,4.569306373596191,1.761850118637085,1.6359001398086548,28.13639869131986,440.34375000000006,234.44444444444446,425.1925905793905,226.20086279180316,455.49490942060953,242.68802609708575,0.016511498019099236,0.9961906671524048,
2026-07-15T21:50:57.866,59.79240968206432,20260715_214958_front_fusion_ego_1643,speedsweep_normal,fusion_ego_1643,6340751,0,vehicle,0.317500501871109,22.733252666953373,9.061154119892512,1.6391664125260341,91.99280729670568,5.81858491897583,2.2442476749420166,2.809117555618286,17.96067332953174,581.5651041666667,225.55555555555557,545.088630485038,207.08697828981613,618.0415778482954,244.024132821295,0.6905308365821838,0.9972411394119263,
2026-07-15T21:50:57.866,59.79240968206432,20260715_214958_front_fusion_ego_1643,speedsweep_normal,fusion_ego_1643,6340751,1,vehicle,0.165772944688797,28.626751524720326,11.338190211783798,1.281604617144641,84.00040777820816,4.435128211975098,1.7858140468597412,2.1802051067352295,11.679378672650778,600.46875,234.44444444444446,556.8745538517833,211.12252440717486,644.0629461482167,257.76636448171405,0.4100779891014099,0.9989578723907471,
2026-07-15T21:50:57.866,59.79240968206432,20260715_214958_front_fusion_ego_1643,speedsweep_normal,fusion_ego_1643,6340751,2,vehicle,0.1521233469247818,9.304407294668135,16.22911453601716,1.2252968281391394,-45.63208710286256,4.815909385681152,1.8321248292922974,1.7368431091308594,29.60318622444726,440.34375000000006,234.44444444444446,424.32577895000577,226.58020135429172,456.3617210499943,242.3086875345972,0.036598674952983856,0.9970852732658386,
2026-07-15T21:50:57.866,59.79240968206432,20260715_214958_front_fusion_ego_1643,speedsweep_normal,fusion_ego_1643,6340751,3,vehicle,0.14530272781848907,12.613778801151021,12.898977364165802,1.0554538538340985,61.07911425295755,4.8334856033325195,1.8515809774398804,1.613343358039856,26.59072555556797,501.5026041666667,234.44444444444446,482.0260638619463,225.9674954083231,520.9791444713871,242.92139348056583,0.003770737210288644,0.9989725351333618,
2026-07-15T21:50:58.004,59.930252157035284,20260715_214958_front_fusion_ego_1643,speedsweep_normal,fusion_ego_1643,6340752,0,vehicle,0.3051992952823639,15.24650692136506,12.570579175100406,0.972742419807668,53.3569445826591,5.043282985687256,1.8612885475158691,1.5578856468200684,23.076259963250617,502.61458333333337,234.44444444444446,481.32864682500565,225.50102528598575,523.9005198416611,243.38786360290317,0.0006675409385934472,0.9996705055236816,
2026-07-15T21:50:58.004,59.930252157035284,20260715_214958_front_fusion_ego_1643,speedsweep_normal,fusion_ego_1643,6340752,1,vehicle,0.1233266144990921,16.962490479986574,29.489677649764186,1.4245765337362553,-80.8974679413979,5.520066261291504,2.087376832962036,2.2765426635742188,24.445989793212213,244.63541666666669,234.44444444444446,212.2494762564699,219.35579743650226,277.02135707686347,249.53309145238666,0.0014719307655468583,0.9998101592063904,
2026-07-15T21:50:58.004,59.930252157035284,20260715_214958_front_fusion_ego_1643,speedsweep_normal,fusion_ego_1643,6340752,2,vehicle,0.11148568987846375,17.812935779415426,16.450938937132367,1.3561690578559031,136.1224068063009,5.308584690093994,2.0324530601501465,2.2447500228881836,20.10061665367337,591.5729166666667,225.55555555555557,559.8195304224889,212.63007256719803,623.3263029108446,238.48103854391312,0.18143175542354584,0.6572242975234985,
2026-07-15T21:50:58.004,59.930252157035284,20260715_214958_front_fusion_ego_1643,speedsweep_normal,fusion_ego_1643,6340752,3,vehicle,0.08842133730649948,8.444863914322461,16.086444234012674,0.9941687586079495,92.94327013717265,4.271956920623779,1.6877533197402954,1.4969826936721802,29.479480214675647,439.23177083333337,234.44444444444446,425.5406567205986,227.47475248244075,452.92288494606817,241.41413640644816,0.1556731015443802,0.991723358631134,
2026-07-15T21:50:58.004,59.930252157035284,20260715_214958_front_fusion_ego_1643,speedsweep_normal,fusion_ego_1643,6340752,4,vehicle,0.07786232978105545,29.08600832000862,16.637406011348027,1.2586254814702749,-1.799247304343992,3.7686381340026855,1.6010754108428955,2.168757438659668,8.831185082288897,626.0442708333334,234.44444444444446,584.2177389015754,206.416318681505,667.8708027650913,262.4725702073839,0.9361531138420105,0.9976992011070251,
2026-07-15T21:50:58.141,60.06667449104134,20260715_214958_front_fusion_ego_1643,speedsweep_normal,fusion_ego_1643,6340753,0,vehicle,0.333408385515213,16.283748889858813,12.379899030317329,1.0126454546762433,-10.039962797875337,5.314377784729004,1.9231036901474,1.5315124988555908,21.129503239407686,510.39843750000006,234.44444444444446,491.1870205812157,224.53009244468478,529.6098544187844,244.35879644420413,0.0010801603784784675,0.9999911785125732,
2026-07-15T21:50:58.141,60.06667449104134,20260715_214958_front_fusion_ego_1643,speedsweep_normal,fusion_ego_1643,6340753,1,vehicle,0.08323612809181213,8.263301484558589,17.221227096917335,1.1283641878128783,7.259052705167174,4.533970355987549,1.7682294845581055,1.5755455493927002,28.661985018970604,439.23177083333337,234.44444444444446,423.13027377178275,227.2063295212057,455.333267894884,241.6825593676832,0.07390191406011581,0.9928758144378662,
2026-07-15T21:50:58.141,60.06667449104134,20260715_214958_front_fusion_ego_1643,speedsweep_normal,fusion_ego_1643,6340753,2,vehicle,0.07628916949033737,16.088171828087802,28.715245719835337,1.616370285285301,137.95742429609112,4.931117534637451,2.015028238296509,2.1483490467071533,23.956979717508073,609.3645833333334,225.55555555555557,580.1976131473979,212.84441861841415,638.5315535192689,238.266692492697,0.14185228943824768,0.1295470893383026,
2026-07-15T21:50:58.141,60.06667449104134,20260715_214958_front_fusion_ego_1643,speedsweep_normal,fusion_ego_1643,6340753,3,vehicle,0.06894756108522415,35.8236610970473,18.216106003186884,1.094340335696899,118.6544024241046,4.928923606872559,1.7934701442718506,1.9412250518798828,1.79812370669789,13.34375,394.44444444444446,-8.674367740750313,336.0742118623522,35.36186774075031,452.81467702653674,0.08681585639715195,0.07838458567857742,
2026-07-15T21:50:58.270,60.19552021601703,20260715_214958_front_fusion_ego_1643,speedsweep_normal,fusion_ego_1643,6340754,0,vehicle,0.4762440323829651,15.449238362282081,11.471562553115694,1.0743593914848408,-28.4074369973669,5.34433650970459,1.949202299118042,1.6260868310928345,21.192382852999707,511.5104166666667,234.44444444444446,490.0726415800552,224.71722569730548,532.9481917532783,244.17166319158343,0.0028563805390149355,0.9999873638153076,
2026-07-15T21:50:58.270,60.19552021601703,20260715_214958_front_fusion_ego_1643,speedsweep_normal,fusion_ego_1643,6340754,1,vehicle,0.15015538036823273,6.354498031393746,16.144718662768337,1.2884164684618102,178.57372085270705,4.604704856872559,1.8296573162078857,1.629096508026123,29.589722231060335,439.23177083333337,234.44444444444446,424.7096580875417,227.17469688918857,453.75388357912504,241.71419199970035,0.3117401897907257,0.9966015815734863,
2026-07-15T21:50:58.270,60.19552021601703,20260715_214958_front_fusion_ego_1643,speedsweep_normal,fusion_ego_1643,6340754,2,vehicle,0.10758635401725769,10.904997737459375,12.67300476846939,1.0756157495267784,-45.28872030875726,4.900330543518066,1.8717949390411377,1.6101574897766113,25.384803250033556,483.71093750000006,234.44444444444446,461.54947710409766,224.53579213884143,505.87239789590245,244.35309675004748,0.01407250203192234,0.9998537302017212,
2026-07-15T21:50:58.270,60.19552021601703,20260715_214958_front_fusion_ego_1643,speedsweep_normal,fusion_ego_1643,6340754,3,vehicle,0.07681456208229065,29.156743289459847,25.18521995511479,1.3361602152110938,10.465829243600899,4.3277130126953125,1.6684876680374146,2.171980381011963,10.724409165001617,733.90625,234.44444444444446,673.5600436329842,196.91806938913135,794.2524563670158,271.97081949975757,0.10275287181138992,0.9340611696243286,
2026-07-15T21:50:58.393,60.319298590067774,20260715_214958_front_fusion_ego_1643,speedsweep_normal,fusion_ego_1643,6340755,0,vehicle,0.309575617313385,14.989974962231123,9.449184621074771,0.9176521246999965,-179.4792725869302,5.038588523864746,1.8591209650039673,1.6104542016983032,21.299728249749442,519.2942708333334,234.44444444444446,499.03309440736973,224.1165414121416,539.555447259297,244.7723474767473,0.005379937123507261,0.9999781847000122,
2026-07-15T21:50:58.393,60.319298590067774,20260715_214958_front_fusion_ego_1643,speedsweep_normal,fusion_ego_1643,6340755,1,vehicle,0.15023507177829742,15.066899919110824,31.288026787381515,1.8709277311699637,-66.74914227883235,5.163940906524658,1.9870853424072266,2.517202138900757,24.554713285709393,216.83593750000003,235.55555555555557,177.66879016906023,218.90191111299728,256.00308483093977,252.20919999811386,0.0038632825016975403,0.9954003691673279,
2026-07-15T21:50:58.393,60.319298590067774,20260715_214958_front_fusion_ego_1643,speedsweep_normal,fusion_ego_1643,6340755,2,vehicle,0.13724268972873688,10.131158626493637,13.015276394359862,1.002719957618364,-63.423209771678216,4.691902160644531,1.8713668584823608,1.461390733718872,25.116614188924242,483.71093750000006,234.44444444444446,461.5556919649244,225.6852948334482,505.8661830350757,243.2035940554407,0.03135539963841438,0.9989975094795227,
2026-07-15T21:50:58.393,60.319298590067774,20260715_214958_front_fusion_ego_1643,speedsweep_normal,fusion_ego_1643,6340755,3,person,0.12425452470779419,25.331772015699478,0.9514009320130449,1.1482788513667863,119.30870265406776,0.2336703985929489,0.2831522524356842,1.8487540483474731,18.602022071747193,851.7760416666667,226.66666666666669,847.5399840964626,199.78342215220135,856.0120992368709,253.54991118113202,0.9974693059921265,0.5033991932868958,
2026-07-15T21:50:58.393,60.319298590067774,20260715_214958_front_fusion_ego_1643,speedsweep_normal,fusion_ego_1643,6340755,4,vehicle,0.1115546002984047,15.585836178215608,27.25108196954332,2.4871505734720287,151.76566766222447,8.107068061828613,2.9009857177734375,3.796520233154297,21.98112568431255,270.2109375,225.55555555555557,225.39975166320804,197.9855189058516,315.022123336792,253.12559220525955,0.000130492277094163,0.9998834133148193,
2026-07-15T21:50:58.393,60.319298590067774,20260715_214958_front_fusion_ego_1643,speedsweep_normal,fusion_ego_1643,6340755,5,vehicle,0.10738536715507507,5.914068647420677,14.926664612266244,1.2370466724019749,151.5567039921488,4.725856304168701,1.8727916479110718,1.6171010732650757,29.09587397200567,439.23177083333337,234.44444444444446,423.34077732761705,227.079649683502,455.1227643390497,241.80923920538692,0.6749277114868164,0.997729480266571,
2026-07-15T21:50:58.527,60.452853424008936,20260715_214958_front_fusion_ego_1643,speedsweep_normal,fusion_ego_1643,6340756,0,vehicle,0.5525601506233215,17.065895927739188,12.838352702569306,0.8029237781137555,116.32286808107195,5.351766109466553,1.9381730556488037,1.631144404411316,17.370875329007884,520.40625,234.44444444444446,490.5749498456717,222.57753368881015,550.2375501543283,246.31135520007876,0.001154623692855239,0.9999946355819702,
2026-07-15T21:50:58.527,60.452853424008936,20260715_214958_front_fusion_ego_1643,speedsweep_normal,fusion_ego_1643,6340756,1,vehicle,0.16175776720046997,1.0118974630818798,5.754536217349343,0.8960944615322699,-82.80244983861341,4.737963676452637,1.9002141952514648,1.8656132221221924,34.76378706800599,483.71093750000006,226.66666666666669,468.6817194707692,219.45006305972737,498.7401555292309,233.883270273606,0.1354721188545227,0.9791440367698669,
2026-07-15T21:50:58.527,60.452853424008936,20260715_214958_front_fusion_ego_1643,speedsweep_normal,fusion_ego_1643,6340756,2,vehicle,0.1264205127954483,17.184061031427547,26.924829790038586,1.8870660896590827,17.58033281199416,6.624488830566406,2.5729598999023438,3.028939723968506,19.54860543986914,207.94010416666669,226.66666666666669,155.82964302847785,204.2769269148509,260.0505653048555,249.05640641848248,0.23368096351623535,0.982689619064331,
2026-07-15T21:50:58.527,60.452853424008936,20260715_214958_front_fusion_ego_1643,speedsweep_normal,fusion_ego_1643,6340756,3,vehicle,0.06868476420640945,31.6228114431018,16.307685604783664,1.4381021465177384,-34.67425081683076,4.530063629150391,1.6816785335540771,2.3901848793029785,2.393518083269477,741.6901041666667,243.33333333333334,671.8408777068059,177.12148745854697,811.5393306265275,309.54517920811975,0.11318027973175049,0.9422572255134583,
2026-07-15T21:50:58.527,60.452853424008936,20260715_214958_front_fusion_ego_1643,speedsweep_normal,fusion_ego_1643,6340756,4,vehicle,0.06582411378622055,13.066693544163016,4.082278935316774,1.115983693391609,178.96271383473385,3.7909889221191406,1.5684462785720825,2.093414545059204,24.48576467636224,643.8359375,226.66666666666669,620.080875121057,213.83903602759045,667.590999878943,239.49429730574292,0.1463818997144699,0.41011032462120056,
2026-07-15T21:50:58.660,60.58549983298872,20260715_214958_front_fusion_ego_1643,speedsweep_normal,fusion_ego_1643,6340757,0,vehicle,0.5019087791442871,18.248848695728356,11.599177690081174,0.7684897312849372,90.78694076945098,5.172150611877441,1.8976948261260986,1.610990285873413,15.631666894369697,528.1901041666667,234.44444444444446,498.7284347290794,221.6881623533037,557.651773604254,247.2007265355852,0.0018357052467763424,0.9999963045120239,
2026-07-15T21:50:58.660,60.58549983298872,20260715_214958_front_fusion_ego_1643,speedsweep_normal,fusion_ego_1643,6340757,1,vehicle,0.2612292766571045,0.21290098420853099,5.910002539471934,0.6060389102826136,109.9473269410978,4.692601203918457,1.8428295850753784,1.6844104528427124,34.5297928439734,483.71093750000006,226.66666666666669,468.5524465478957,220.21702642242116,498.8694284521044,233.11630691091221,0.11625200510025024,0.9980796575546265,
2026-07-15T21:50:58.660,60.58549983298872,20260715_214958_front_fusion_ego_1643,speedsweep_normal,fusion_ego_1643,6340757,2,vehicle,0.23908181488513947,31.36900008788988,12.230612004971627,0.7482993063207459,-80.32544847417866,3.854623556137085,1.633540153503418,1.353790044784546,4.963706738738955,821.7526041666667,360.0,773.7062961483996,291.7802667617798,869.7989121849339,428.2197332382202,0.559172511100769,0.9173276424407959,
2026-07-15T21:50:58.660,60.58549983298872,20260715_214958_front_fusion_ego_1643,speedsweep_normal,fusion_ego_1643,6340757,3,vehicle,0.08754736930131912,4.718870692427913,-2.944101446967727,0.9314291477196122,-166.26441169094784,3.8577749729156494,1.7649030685424805,2.1526947021484375,34.48805596204259,671.6354166666667,217.7777777777778,652.9890557850401,207.9861985312568,690.2817775482933,227.5693570242988,0.033322643488645554,0.06639757007360458,
2026-07-15T21:50:58.660,60.58549983298872,20260715_214958_front_fusion_ego_1643,speedsweep_normal,fusion_ego_1643,6340757,4,vehicle,0.07750359177589417,-1.56736982936836,12.491033347597142,0.6846857324892284,-164.93231092700066,4.787276268005371,1.8067792654037476,1.9398167133331299,34.799924709649005,431.4479166666667,225.55555555555557,417.2042875873546,217.9405764076445,445.6915457459788,233.17053470346664,0.005690956022590399,0.9954633116722107,
2026-07-15T21:50:58.789,60.71498419297859,20260715_214958_front_fusion_ego_1643,speedsweep_normal,fusion_ego_1643,6340758,0,vehicle,0.3392185866832733,16.54941100097809,11.691456574106745,0.5693570509051868,90.45521787475276,5.233689785003662,1.8725863695144653,1.565104365348816,16.277418578228914,529.3020833333334,234.44444444444446,494.77411725123727,221.47716727521686,563.8300494154295,247.41172161367206,0.0002818663197103888,0.9999955892562866,
2026-07-15T21:50:58.789,60.71498419297859,20260715_214958_front_fusion_ego_1643,speedsweep_normal,fusion_ego_1643,6340758,1,vehicle,0.23726730048656464,-1.2364587910617644,7.259670095059327,0.6233858393183471,117.00690152804,4.954504489898682,1.9548306465148926,1.8192164897918701,34.561821967101004,484.8229166666667,225.55555555555557,467.9048104348282,218.6304445895884,501.74102289850515,232.48066652152275,0.2637662887573242,0.9955918192863464,
2026-07-15T21:50:58.789,60.71498419297859,20260715_214958_front_fusion_ego_1643,speedsweep_normal,fusion_ego_1643,6340758,2,vehicle,0.07150360941886902,8.324107890044903,-4.2415222838695685,0.4224327975079376,109.78672716367461,3.7867918014526367,1.6476620435714722,1.673409104347229,31.698572823625295,723.8984375,225.55555555555557,687.880342811346,216.0692948434088,759.916532188654,235.04181626770233,0.48297926783561707,0.4619515538215637,
2026-07-15T21:50:58.915,60.840941771049984,20260715_214958_front_fusion_ego_1643,speedsweep_normal,fusion_ego_1643,6340759,0,vehicle,0.6590693593025208,16.10551320574517,13.326752847017907,0.5946732315839647,-59.61244846427395,5.030942440032959,1.8349601030349731,1.5471692085266113,15.301034479000526,538.1979166666667,234.44444444444446,506.9755884508292,220.3684824373987,569.4202448825042,248.5204064514902,0.0016628567827865481,0.9999997615814209,
2026-07-15T21:50:58.915,60.840941771049984,20260715_214958_front_fusion_ego_1643,speedsweep_normal,fusion_ego_1643,6340759,1,vehicle,0.2498384267091751,-1.2243922395147457,8.710562695169257,0.5418916040238031,-33.55064188892869,4.852892875671387,1.8730182647705078,1.66377854347229,33.216852276645035,484.8229166666667,226.66666666666669,467.5918388242523,219.65092251698178,502.05399450908106,233.6824108163516,0.016109183430671692,0.9982914328575134,
2026-07-15T21:50:58.915,60.840941771049984,20260715_214958_front_fusion_ego_1643,speedsweep_normal,fusion_ego_1643,6340759,2,vehicle,0.11347682029008865,23.59776565715269,9.394981700100953,0.8785203303039291,76.44760144236464,3.799159526824951,1.52357017993927,2.013923406600952,10.504449026836319,751.6979166666667,235.55555555555557,720.7579820553462,197.9618427488539,782.6378512779872,273.1492683622572,0.32325804233551025,0.11789599061012268,
2026-07-15T21:50:58.915,60.840941771049984,20260715_214958_front_fusion_ego_1643,speedsweep_normal,fusion_ego_1643,6340759,3,vehicle,0.10351526737213135,-4.136066017301172,15.339296833082015,0.6892300196071623,-167.6532924724559,4.510889530181885,1.741093397140503,1.9468191862106323,35.14232212518204,431.4479166666667,226.66666666666669,416.10972922543687,219.60257748762768,446.7861041078965,233.7307558457057,0.0039433627389371395,0.9911876916885376,
2026-07-15T21:50:59.044,60.97024824703112,20260715_214958_front_fusion_ego_1643,speedsweep_normal,fusion_ego_1643,6340760,0,vehicle,0.3478148281574249,15.755246720688508,11.376290288223936,0.7598224074139797,175.8642442898932,5.136269569396973,1.8880410194396973,1.6467740535736084,15.255351029839973,545.9817708333334,235.55555555555557,511.3907462631663,219.50186762544845,580.5727954035004,251.6092434856627,0.006243699695914984,0.9999997615814209,
2026-07-15T21:50:59.044,60.97024824703112,20260715_214958_front_fusion_ego_1643,speedsweep_normal,fusion_ego_1643,6340760,1,vehicle,0.3122696280479431,-3.0953094100007803,10.262470984605837,0.5492379890883203,-100.05062038220095,4.826018810272217,1.8764889240264893,1.738447666168213,33.73283802426555,484.8229166666667,226.66666666666669,467.33136664206785,219.83810673157376,502.3144666912655,233.4952266017596,0.012559252791106701,0.9942728877067566,
2026-07-15T21:50:59.044,60.97024824703112,20260715_214958_front_fusion_ego_1643,speedsweep_normal,fusion_ego_1643,6340760,2,vehicle,0.056388482451438904,27.020423646777243,12.335952778277822,0.7865699872819327,-59.22730349655722,3.805243968963623,1.5819014310836792,1.4406036138534546,5.447797744993867,787.28125,350.0,740.0933594927192,264.26637172698975,834.4691405072808,435.73362827301025,0.07572175562381744,0.6972151398658752,
2026-07-15T21:50:59.177,61.10316172498278,20260715_214958_front_fusion_ego_1643,speedsweep_normal,fusion_ego_1643,6340761,0,vehicle,0.5907950401306152,15.355420554855478,10.999173696065702,0.8292118551583041,-60.08635779299004,5.420774459838867,2.003394365310669,1.716353178024292,14.844187483274345,555.9895833333334,235.55555555555557,517.3172674526771,218.74246630403732,594.6618992139896,252.36864480707382,0.0078837675973773,1.0,
2026-07-15T21:50:59.177,61.10316172498278,20260715_214958_front_fusion_ego_1643,speedsweep_normal,fusion_ego_1643,6340761,1,vehicle,0.3720060884952545,-2.6416093487338657,10.147229835064817,0.5438531549239869,-34.38378510846156,5.15480375289917,1.996138572692871,1.6119718551635742,32.34055390215098,492.60677083333337,226.66666666666669,471.81299499173963,219.73843942085904,513.4005466749271,233.59489391247433,0.007207750808447599,0.9958101511001587,
2026-07-15T21:50:59.177,61.10316172498278,20260715_214958_front_fusion_ego_1643,speedsweep_normal,fusion_ego_1643,6340761,2,vehicle,0.17272047698497772,-3.142397482681197,16.94569966943416,0.8030026352064932,-103.24921166815191,4.618755340576172,1.8014758825302124,1.8267360925674438,32.133968647826606,430.33593750000006,226.66666666666669,415.81264286488295,218.50821564594906,444.8592321351171,234.8251176873843,0.05864648148417473,0.9955706000328064,
2026-07-15T21:50:59.177,61.10316172498278,20260715_214958_front_fusion_ego_1643,speedsweep_normal,fusion_ego_1643,6340761,3,vehicle,0.09781688451766968,29.11744694125051,21.858790060794075,2.1702361491635975,61.14743014341376,7.8841705322265625,3.0050885677337646,4.002023696899414,5.057012448627068,111.19791666666667,200.0,60.25965749720733,0.7032585144042969,162.13617583612603,399.2967414855957,0.5546391606330872,0.02617756836116314,
2026-07-15T21:50:59.312,61.23813106503803,20260715_214958_front_fusion_ego_1643,speedsweep_normal,fusion_ego_1643,6340762,0,vehicle,0.5397362112998962,15.444229742270533,10.990313278219457,0.8824948485127564,38.0856598459806,4.980281352996826,1.9502489566802979,1.6804406642913818,13.856535686254595,572.6692708333334,235.55555555555557,527.6412059192857,217.15832504961227,617.6973357473811,253.95278606149887,0.0377175509929657,0.9999998807907104,
2026-07-15T21:50:59.312,61.23813106503803,20260715_214958_front_fusion_ego_1643,speedsweep_normal,fusion_ego_1643,6340762,1,vehicle,0.32699480652809143,-2.6676645833771992,12.762042639340725,0.5365247473558865,-72.72830444937645,4.852447986602783,1.86784029006958,1.592614769935608,30.944116471108725,492.60677083333337,226.66666666666669,471.82458164294565,219.11617050568265,513.3889600237211,234.21716282765072,0.031061923131346703,0.9937959909439087,
2026-07-15T21:50:59.312,61.23813106503803,20260715_214958_front_fusion_ego_1643,speedsweep_normal,fusion_ego_1643,6340762,2,vehicle,0.14134132862091064,20.793681889671845,15.173468149624867,1.8775328295361318,14.684868087974195,6.737002849578857,2.6646173000335693,3.573916435241699,7.392496255790289,164.57291666666669,207.7777777777778,110.3100839505593,112.35842810736763,218.83574938277405,303.1971274481879,0.034543175250291824,0.9763553738594055,
2026-07-15T21:50:59.312,61.23813106503803,20260715_214958_front_fusion_ego_1643,speedsweep_normal,fusion_ego_1643,6340762,3,vehicle,0.09496529400348663,-4.756780777604501,19.239373443333964,0.9364486585950429,-82.02991235326031,4.79770040512085,1.8966255187988281,2.0056838989257812,32.84140014759346,430.33593750000006,226.66666666666669,414.3816962130368,217.83962498108548,446.2901787869633,235.4937083522479,0.22571493685245514,0.9982556700706482,
2026-07-15T21:50:59.445,61.37085866101552,20260715_214958_front_fusion_ego_1643,speedsweep_normal,fusion_ego_1643,6340763,0,vehicle,0.5680423974990845,-5.42090546704279,12.860347665772137,0.5840749022718641,-100.6267050267413,5.233316898345947,1.939937710762024,1.6238658428192139,32.674144634255576,493.71875000000006,226.66666666666669,474.7767656706274,219.5442336301009,512.6607343293726,233.78909970323247,0.05015378072857857,0.9994869232177734,
2026-07-15T21:50:59.445,61.37085866101552,20260715_214958_front_fusion_ego_1643,speedsweep_normal,fusion_ego_1643,6340763,1,vehicle,0.4987955689430237,18.066716376770174,11.892832427534774,0.7644519335198409,141.55408716980585,5.014889717102051,1.7748678922653198,1.5821809768676758,10.23301591333613,590.4609375,243.33333333333334,542.915791913867,217.76411910851797,638.006083086133,268.90254755814874,0.0025365622714161873,0.9999990463256836,
2026-07-15T21:50:59.570,61.49582614307292,20260715_214958_front_fusion_ego_1643,speedsweep_normal,fusion_ego_1643,6340764,0,vehicle,0.576758861541748,17.889028390913033,10.848963137017645,0.812547806073808,101.2799890590726,5.210765838623047,1.9241046905517578,1.6267088651657104,10.101259955584224,608.2526041666667,243.33333333333334,549.5305650631587,218.60982855161032,666.9746432701747,268.0568381150564,0.0030943762976676226,0.9999985694885254,
2026-07-15T21:50:59.570,61.49582614307292,20260715_214958_front_fusion_ego_1643,speedsweep_normal,fusion_ego_1643,6340764,1,vehicle,0.5269194841384888,-5.061200763417894,16.602465149928683,0.6959167160348863,-143.4369068261493,5.138844013214111,1.9543240070343018,1.7324340343475342,31.077610362919234,493.71875000000006,226.66666666666669,474.13970028236514,218.92059723536175,513.2977997176349,234.41273609797162,0.04535767808556557,0.9992194175720215,
2026-07-15T21:50:59.570,61.49582614307292,20260715_214958_front_fusion_ego_1643,speedsweep_normal,fusion_ego_1643,6340764,2,vehicle,0.0980239063501358,-6.673055878291855,19.839088707628925,1.0329664328478159,-106.46583860293731,5.007913112640381,2.0005977153778076,2.0774309635162354,32.82033194999291,422.55208333333337,225.55555555555557,404.1903573510548,216.41094121668075,440.91380931561196,234.7001698944304,0.0013234823709353805,0.9995774626731873,
2026-07-15T21:50:59.570,61.49582614307292,20260715_214958_front_fusion_ego_1643,speedsweep_normal,fusion_ego_1643,6340764,3,vehicle,0.08964446187019348,21.145316101857816,23.159865108325143,1.05035614879748,-83.29193675107548,4.90858268737793,1.838781714439392,1.8917627334594727,8.00351411262168,128.98958333333334,252.22222222222223,67.6319469412168,205.35962833298578,190.3472197254499,299.0848161114587,0.10763269662857056,0.9799346327781677,
2026-07-15T21:50:59.711,61.63684730103705,20260715_214958_front_fusion_ego_1643,speedsweep_normal,fusion_ego_1643,6340765,0,vehicle,0.6921114325523376,16.921032576915504,11.106033916091217,0.8056340975873724,81.59995063184911,5.485292911529541,2.0598413944244385,1.7297121286392212,9.927347799833496,627.15625,244.44444444444446,550.5883056372404,212.49134924676684,703.7241943627596,276.39753964212207,0.01568472757935524,0.9999986886978149,
2026-07-15T21:50:59.711,61.63684730103705,20260715_214958_front_fusion_ego_1643,speedsweep_normal,fusion_ego_1643,6340765,1,vehicle,0.4450511932373047,-5.09756094538653,10.97800970297242,0.48550497729735564,-172.93699000745974,4.878701210021973,1.8726966381072998,1.6902931928634644,30.687490758782715,501.5026041666667,226.66666666666669,481.3570699642102,219.17760113875073,521.6481383691232,234.15573219458264,0.17178398370742798,0.9973611235618591,
2026-07-15T21:50:59.711,61.63684730103705,20260715_214958_front_fusion_ego_1643,speedsweep_normal,fusion_ego_1643,6340765,2,vehicle,0.10934391617774963,-9.988153228735136,13.792924572077823,0.8363366791578306,-117.45306754289139,5.2460103034973145,2.008143663406372,2.2688937187194824,35.13706036204127,474.8151041666667,225.55555555555557,457.7289087759952,217.01691302988266,491.9012995573382,234.09419808122848,0.01774933934211731,0.9995998740196228,
2026-07-15T21:50:59.840,61.7661262829788,20260715_214958_front_fusion_ego_1643,speedsweep_normal,fusion_ego_1643,6340766,0,vehicle,0.28674158453941345,-4.509164663460329,10.262963518687734,0.553004691297228,-134.80982068817224,5.123607635498047,1.9423354864120483,1.772467017173767,29.28703594220993,502.61458333333337,226.66666666666669,481.1929777016243,217.79602030913037,524.0361889650425,235.537313024203,0.2524801790714264,0.9947367310523987,
2026-07-15T21:50:59.840,61.7661262829788,20260715_214958_front_fusion_ego_1643,speedsweep_normal,fusion_ego_1643,6340766,1,vehicle,0.2811572551727295,17.778296229303358,13.715624892475528,0.8868286182449503,-50.36883001281298,4.629634380340576,1.8698168992996216,1.413612961769104,6.995086339832955,653.84375,252.22222222222223,578.8824306726456,227.599119676484,728.8050693273544,276.84532476796045,0.0016416531288996339,0.999985933303833,
2026-07-15T21:50:59.840,61.7661262829788,20260715_214958_front_fusion_ego_1643,speedsweep_normal,fusion_ego_1643,6340766,2,vehicle,0.16711047291755676,-9.598894777408788,12.983640238840362,0.9259789689347859,-158.39888409358787,5.115309238433838,1.9488742351531982,2.137937545776367,33.84201329923023,474.8151041666667,225.55555555555557,458.1461554753284,216.65379646751617,491.484052858005,234.45731464359497,0.0556478425860405,0.9998713731765747,
2026-07-15T21:50:59.840,61.7661262829788,20260715_214958_front_fusion_ego_1643,speedsweep_normal,fusion_ego_1643,6340766,3,person,0.16077053546905518,12.456785227380491,22.336686766100307,1.3321485938796735,-82.31958456863208,1.0585912466049194,0.7085827589035034,1.830038070678711,12.822183403949465,689.4270833333334,225.55555555555557,680.1126413972428,209.84912249777054,698.741525269424,241.2619886133406,0.998584508895874,0.8701918721199036,
2026-07-15T21:50:59.840,61.7661262829788,20260715_214958_front_fusion_ego_1643,speedsweep_normal,fusion_ego_1643,6340766,4,vehicle,0.15969052910804749,7.610853510879785,25.570937316191824,1.383147968134928,84.65043963139902,5.1709465980529785,2.0054588317871094,2.351821184158325,18.606792551733697,280.21875,234.44444444444446,253.03166235983375,217.21233513620166,307.4058376401663,251.67655375268725,0.0512164905667305,0.9675135016441345,
2026-07-15T21:50:59.840,61.7661262829788,20260715_214958_front_fusion_ego_1643,speedsweep_normal,fusion_ego_1643,6340766,5,vehicle,0.0600256584584713,19.424808933311805,17.027923013492078,1.8615732981899824,-0.2069239065606799,8.327840805053711,3.0226166248321533,4.081302642822266,4.613310551016876,21.127604166666668,154.44444444444446,-40.00587729116281,26.80376794603136,82.26108562449615,282.08512094285754,0.054574135690927505,0.967715859413147,
2026-07-15T21:50:59.969,61.894492944004014,20260715_214958_front_fusion_ego_1643,speedsweep_normal,fusion_ego_1643,6340767,0,vehicle,0.2537720501422882,-0.17772484897315266,13.384774175320999,0.4936436238502142,86.8723488020109,4.859837532043457,1.746755838394165,1.4984875917434692,23.484614912060024,502.61458333333337,234.44444444444446,483.0570462283989,226.15995642211703,522.1721204382678,242.72893246677188,0.0005366752156987786,0.9990874528884888,
2026-07-15T21:50:59.969,61.894492944004014,20260715_214958_front_fusion_ego_1643,speedsweep_normal,fusion_ego_1643,6340767,1,person,0.23175674676895142,10.951396291555321,14.745106232317632,1.5079343792570843,-41.47538132362163,0.7243487238883972,0.4865224361419678,2.016796588897705,12.255372122988069,723.8984375,225.55555555555557,716.4920341912657,209.96234211656784,731.3048408087343,241.1487689945433,0.9995856881141663,0.5122225880622864,
2026-07-15T21:50:59.969,61.894492944004014,20260715_214958_front_fusion_ego_1643,speedsweep_normal,fusion_ego_1643,6340767,2,vehicle,0.10353556275367737,3.0446529431003917,34.0170542532825,1.379850640665076,117.38272046911922,4.4375176429748535,1.819556474685669,1.7200851440429688,26.386813131462844,261.3151041666667,235.55555555555557,224.85538372645777,223.43170795175766,297.7748246068756,247.67940315935348,0.005311691202223301,0.77813720703125,
2026-07-15T21:51:00.092,62.01843264698982,20260715_214958_front_fusion_ego_1643,speedsweep_normal,fusion_ego_1643,6340768,0,vehicle,0.26093658804893494,-0.2676488891990054,12.149543363922279,0.6585460629425164,101.53318414444641,4.968845844268799,1.8468778133392334,1.5589886903762817,22.810314125778625,510.39843750000006,234.44444444444446,490.09709751605993,225.28975125816135,530.6997774839401,243.59913763072757,0.0012565981596708298,0.999636173248291,
2026-07-15T21:51:00.092,62.01843264698982,20260715_214958_front_fusion_ego_1643,speedsweep_normal,fusion_ego_1643,6340768,1,vehicle,0.20519748330116272,-11.137050492634252,13.038253135047075,0.9711808436326104,-79.15544999123188,5.0517683029174805,1.966214895248413,1.9304993152618408,33.40163441597339,475.92708333333337,226.66666666666669,459.2311229829987,218.64256749550503,492.623043683668,234.69076583782834,0.0014888026053085923,0.9972654581069946,
2026-07-15T21:51:00.092,62.01843264698982,20260715_214958_front_fusion_ego_1643,speedsweep_normal,fusion_ego_1643,6340768,2,vehicle,0.12966521084308624,3.5893543072062144,34.84660807431971,1.7144509053909474,-178.4234317115886,4.603862762451172,1.871324896812439,2.063431978225708,25.826306982801746,261.3151041666667,235.55555555555557,230.71705848226947,221.0757351252768,291.9131498510639,250.03537598583435,0.04170002043247223,0.9673031568527222,
2026-07-15T21:51:00.092,62.01843264698982,20260715_214958_front_fusion_ego_1643,speedsweep_normal,fusion_ego_1643,6340768,3,vehicle,0.08337881416082382,-5.4073872821173445,20.35937039159674,0.8995208937395809,5.955111647745654,3.7783613204956055,1.5073843002319336,1.376239538192749,27.69554996354092,422.55208333333337,234.44444444444446,409.419197977831,226.94460895326404,435.68496868883574,241.94427993562488,0.037162959575653076,0.9994731545448303,
2026-07-15T21:51:00.092,62.01843264698982,20260715_214958_front_fusion_ego_1643,speedsweep_normal,fusion_ego_1643,6340768,4,vehicle,0.07932562381029129,17.202668961889028,13.230122996191902,0.9286295194643976,-38.66151231577462,4.418385982513428,1.7568002939224243,1.628011703491211,6.042787034793958,759.4817708333334,270.0,684.2615811576446,229.05537128448486,834.7019605090221,310.94462871551514,0.7539094090461731,0.9990983009338379,
2026-07-15T21:51:00.213,62.13925303902943,20260715_214958_front_fusion_ego_1643,speedsweep_normal,fusion_ego_1643,6340769,0,vehicle,0.48709386587142944,-0.7296803255606541,12.914472467761135,0.899445724311617,105.98250037388439,5.101233005523682,1.8918976783752441,1.7447750568389893,22.14013166030467,511.5104166666667,234.44444444444446,489.21038094038767,224.24378719594745,533.8104523929458,244.64510169294147,0.0012863990850746632,0.999919056892395,
2026-07-15T21:51:00.213,62.13925303902943,20260715_214958_front_fusion_ego_1643,speedsweep_normal,fusion_ego_1643,6340769,1,vehicle,0.07506345957517624,-1.4729189452907718,37.327332772191184,1.9494180459570671,120.8800681870975,5.235507488250732,2.0108211040496826,2.250959634780884,30.49991386167312,243.52343750000003,235.55555555555557,207.42034222185612,222.69845816824173,279.6265327781439,248.4126529428694,0.07539360225200653,0.9148561358451843,
2026-07-15T21:51:00.213,62.13925303902943,20260715_214958_front_fusion_ego_1643,speedsweep_normal,fusion_ego_1643,6340769,2,vehicle,0.07504524290561676,-13.20423824409145,12.897040534344221,1.3204132314354564,-63.93273166952269,5.293796062469482,2.074547052383423,2.3136932849884033,34.48481856014454,475.92708333333337,226.66666666666669,460.2198139665028,217.33124534289044,491.63435270016396,236.00208799044293,0.0009504288318566978,0.9944767355918884,
2026-07-15T21:51:00.338,62.2636589279864,20260715_214958_front_fusion_ego_1643,speedsweep_normal,fusion_ego_1643,6340770,0,vehicle,0.42907699942588806,0.24336511962428276,14.182563675015691,0.8915077116335972,95.23746301450005,5.177335262298584,1.9134646654129028,1.6902127265930176,20.004956673653403,519.2942708333334,234.44444444444446,494.84674061213934,224.02462389734058,543.7418010545274,244.86426499154834,0.0005002705729566514,0.9999604225158691,
2026-07-15T21:51:00.338,62.2636589279864,20260715_214958_front_fusion_ego_1643,speedsweep_normal,fusion_ego_1643,6340770,1,vehicle,0.08847738802433014,-1.7786655447059658,35.39411823780953,2.240701981853917,152.73566991002392,6.063600540161133,2.200270891189575,2.9171948432922363,28.717552040174574,226.84375000000003,235.55555555555557,194.88284435123205,218.77706322405075,258.80465564876795,252.3340478870604,0.012644502334296703,0.9920309782028198,
2026-07-15T21:51:00.338,62.2636589279864,20260715_214958_front_fusion_ego_1643,speedsweep_normal,fusion_ego_1643,6340770,2,vehicle,0.08497392386198044,17.172256199599435,12.962037484211276,0.8029351578051269,-57.59557674228476,3.5750865936279297,1.5942190885543823,1.3800904750823975,4.844134794655822,778.3854166666667,332.22222222222223,713.7132917592924,273.7828530205621,843.0575415740411,390.6615914238824,0.497458815574646,0.9945381283760071,
2026-07-15T21:51:00.470,62.39600331301335,20260715_214958_front_fusion_ego_1643,speedsweep_normal,fusion_ego_1643,6340771,0,vehicle,0.33616840839385986,0.4259919734479105,15.04253558201285,0.7577557215114319,96.09270995710769,4.9609479904174805,1.8556283712387085,1.5863738059997559,18.74572826049835,520.40625,234.44444444444446,494.09489621967083,223.50047108199863,546.7176037803292,245.3884178068903,0.00026562964194454253,0.9999055862426758,
2026-07-15T21:51:00.470,62.39600331301335,20260715_214958_front_fusion_ego_1643,speedsweep_normal,fusion_ego_1643,6340771,1,vehicle,0.2134137898683548,-8.033957907772066,18.287357870098212,0.9648089420850869,-142.89440988909791,4.4555511474609375,1.7446032762527466,1.5743213891983032,27.15890477778597,422.55208333333337,234.44444444444446,405.8005916823944,226.10933509137897,439.30357498427236,242.77955379750995,0.02480669878423214,0.9996523857116699,
2026-07-15T21:51:00.470,62.39600331301335,20260715_214958_front_fusion_ego_1643,speedsweep_normal,fusion_ego_1643,6340771,2,vehicle,0.17305795848369598,15.411212493761942,9.956672524027764,0.9508748442504817,-27.98584357475631,4.550086498260498,1.7734935283660889,1.8242988586425781,7.751879094691016,715.0026041666667,243.33333333333334,674.3452709640067,211.10788663228354,755.6599373693268,275.5587800343832,0.1146937757730484,0.995042085647583,
2026-07-15T21:51:00.470,62.39600331301335,20260715_214958_front_fusion_ego_1643,speedsweep_normal,fusion_ego_1643,6340771,3,vehicle,0.11194499582052231,-11.593029564744032,8.668546616598086,0.9917913990885125,-75.1441655844259,5.010427951812744,1.9685521125793457,1.941549301147461,31.722912260206048,484.8229166666667,226.66666666666669,468.3614841985206,218.1750477353732,501.28434913481277,235.15828559796017,0.05488256737589836,0.9971548318862915,
2026-07-15T21:51:00.600,62.525442008976825,20260715_214958_front_fusion_ego_1643,speedsweep_normal,fusion_ego_1643,6340772,0,vehicle,0.42542222142219543,0.26524576028814906,13.574961503067751,0.807143090006619,109.82468739187932,5.134204387664795,1.9304407835006714,1.6732354164123535,18.112654067580422,529.3020833333334,234.44444444444446,502.74762462203705,221.74757507112292,555.8565420446297,247.141313817766,0.000481974653666839,0.999941349029541,
2026-07-15T21:51:00.600,62.525442008976825,20260715_214958_front_fusion_ego_1643,speedsweep_normal,fusion_ego_1643,6340772,1,vehicle,0.2569493055343628,15.972512316754546,11.759029507995011,1.021315933384848,-56.49964535015521,5.6631622314453125,2.0924324989318848,2.202176570892334,5.44759694639746,768.3776041666667,244.44444444444446,712.28044740359,188.72223522928027,824.4747609297435,300.16665365960864,0.002294656354933977,0.9471832513809204,
2026-07-15T21:51:00.600,62.525442008976825,20260715_214958_front_fusion_ego_1643,speedsweep_normal,fusion_ego_1643,6340772,2,vehicle,0.1822437345981598,-9.646338411859457,18.08917371436625,0.8737409743330531,176.15693736013122,4.881597518920898,1.854227066040039,1.7346925735473633,27.768017852801098,422.55208333333337,234.44444444444446,405.45764334996545,225.7767125633028,439.6465233167013,243.11217632558612,0.01848626881837845,0.9991924166679382,
2026-07-15T21:51:00.736,62.66164803202264,20260715_214958_front_fusion_ego_1643,speedsweep_normal,fusion_ego_1643,6340773,0,vehicle,0.47518062591552734,1.8544393686716276,15.76133432814543,0.7405817901505503,78.99532705761267,4.965636253356934,1.890321135520935,1.6106245517730713,15.286532824950708,537.0859375,234.44444444444446,509.35886164754635,220.8663156297472,564.8130133524537,248.02257325914172,0.0012622146168723702,0.9999958276748657,
2026-07-15T21:51:00.736,62.66164803202264,20260715_214958_front_fusion_ego_1643,speedsweep_normal,fusion_ego_1643,6340773,1,vehicle,0.33982956409454346,17.154832295207196,13.692993689232992,0.8956510644914686,-6.4745075703632,4.5441999435424805,1.7347426414489746,1.4442417621612549,3.1244558089523804,839.5442708333334,253.33333333333334,800.5035077159604,181.483047803243,878.5850339507064,325.1836188634237,0.023317353799939156,0.0014519740361720324,
2026-07-15T21:51:00.736,62.66164803202264,20260715_214958_front_fusion_ego_1643,speedsweep_normal,fusion_ego_1643,6340773,2,vehicle,0.17318852245807648,-3.2798363863381113,34.98613540707836,1.7837277356182248,-154.67463790431017,5.115472316741943,2.045362710952759,2.3874776363372803,27.342219504266566,217.94791666666669,235.55555555555557,175.72377680490416,220.55176827642654,260.1720565284292,250.5593428346846,0.01157956663519144,0.9804655313491821,
2026-07-15T21:51:00.736,62.66164803202264,20260715_214958_front_fusion_ego_1643,speedsweep_normal,fusion_ego_1643,6340773,3,person,0.1388554871082306,-7.623434874817306,12.631786622624794,0.9815427145385085,174.11420173658166,0.9515274167060852,0.584894061088562,2.0707623958587646,25.057408203368308,369.17708333333337,235.55555555555557,365.95064179490635,226.29138353798126,372.4035248717604,244.81972757312988,0.9998651742935181,0.9907442927360535,
2026-07-15T21:51:00.736,62.66164803202264,20260715_214958_front_fusion_ego_1643,speedsweep_normal,fusion_ego_1643,6340773,4,vehicle,0.12456230819225311,-9.378432182460116,19.78848775871665,0.7492701804793587,-115.45353259980469,4.651850700378418,1.7516041994094849,1.6563764810562134,26.65240676829477,422.55208333333337,234.44444444444446,404.0618288752934,225.95588680770663,441.04233779137337,242.93300208118228,0.009541488252580166,0.9924984574317932,
2026-07-15T21:51:00.866,62.792055933969095,20260715_214958_front_fusion_ego_1643,speedsweep_normal,fusion_ego_1643,6340774,0,vehicle,0.4607934355735779,1.299485117881984,14.063662647695523,0.8533246150859641,91.91221838211167,4.890506744384766,1.8804997205734253,1.7071141004562378,15.052971541324496,545.9817708333334,234.44444444444446,517.6483809848627,220.0113230612543,574.3151606818041,248.8775658276346,0.0060955253429710865,0.9999909400939941,
2026-07-15T21:51:00.866,62.792055933969095,20260715_214958_front_fusion_ego_1643,speedsweep_normal,fusion_ego_1643,6340774,1,vehicle,0.11275561153888702,-17.278306578742832,16.315780783591016,1.2452954324117174,-114.07917832362166,5.7776288986206055,2.197493076324463,2.4163057804107666,33.37873917386677,449.23958333333337,225.55555555555557,432.00428695728385,215.72056833240723,466.4748797093829,235.39054277870392,0.2345646768808365,0.9999953508377075,
2026-07-15T21:51:00.866,62.792055933969095,20260715_214958_front_fusion_ego_1643,speedsweep_normal,fusion_ego_1643,6340774,2,vehicle,0.10307113081216812,-10.676364110164123,18.5608099131396,0.7048298916168974,32.360216474834196,4.598575115203857,1.7327451705932617,1.7105344533920288,26.848215234916253,422.55208333333337,234.44444444444446,405.7337886889776,225.98612513807086,439.37037797768915,242.90276375081805,0.000691327964887023,0.9869619607925415,
2026-07-15T21:51:00.992,62.917734759976156,20260715_214958_front_fusion_ego_1643,speedsweep_normal,fusion_ego_1643,6340775,0,vehicle,0.4179391860961914,1.0635828876411058,12.250554306633823,0.9215648722407366,135.86489704323213,4.917745590209961,1.916017770767212,1.6870392560958862,14.754228095108626,547.09375,234.44444444444446,509.1294542253018,219.33406796720294,585.0580457746983,249.55482092168597,0.14653481543064117,0.999974250793457,
2026-07-15T21:51:00.992,62.917734759976156,20260715_214958_front_fusion_ego_1643,speedsweep_normal,fusion_ego_1643,6340775,1,vehicle,0.19849102199077606,-15.431371940078868,11.41249056086384,0.7466962396591654,-80.62247376752813,5.1481709480285645,1.995972752571106,1.891412377357483,31.008474426414196,492.60677083333337,226.66666666666669,473.7294547793766,217.76769886414212,511.4840868872901,235.56563446919125,0.00619340967386961,0.9992780089378357,
2026-07-15T21:51:00.992,62.917734759976156,20260715_214958_front_fusion_ego_1643,speedsweep_normal,fusion_ego_1643,6340775,2,vehicle,0.18991798162460327,-19.02560878257245,16.572534938543598,1.254680319728977,-131.52279685635145,5.859450340270996,2.283780336380005,2.3586511611938477,34.1343208516655,449.23958333333337,225.55555555555557,430.1289228772124,216.40785935852264,468.35024378945434,234.7032517525885,0.17736978828907013,0.9999759197235107,
2026-07-15T21:51:00.992,62.917734759976156,20260715_214958_front_fusion_ego_1643,speedsweep_normal,fusion_ego_1643,6340775,3,vehicle,0.12471042573451996,-10.989485262228573,16.70897926370198,0.720373215873578,48.7070331478675,4.672368049621582,1.7694858312606812,1.698142170906067,26.1099130873388,422.55208333333337,234.44444444444446,406.26157624026143,226.08601954248218,438.8425904264053,242.80286934640674,0.00023952877381816506,0.9841586351394653,
2026-07-15T21:51:01.126,63.052014310029335,20260715_214958_front_fusion_ego_1643,speedsweep_normal,fusion_ego_1643,6340776,0,vehicle,0.29734018445014954,0.483480865442381,9.545509230262866,0.9773215692725818,-76.74417973740721,4.522753715515137,1.8044962882995605,1.669367790222168,15.438307867540209,563.7734375,235.55555555555557,531.6017992347479,219.362564418051,595.9450757652521,251.74854669306015,0.12416528910398483,0.9999983310699463,
2026-07-15T21:51:01.126,63.052014310029335,20260715_214958_front_fusion_ego_1643,speedsweep_normal,fusion_ego_1643,6340776,1,vehicle,0.1790793389081955,-13.633635242059354,15.65341374148507,1.350721719063856,-25.58844625480892,5.135978698730469,1.9474549293518066,2.0027289390563965,27.79026762170816,422.55208333333337,234.44444444444446,405.06003541996085,225.181266632345,440.0441312467059,243.7076222565439,0.0005109478370286524,0.9958462119102478,
2026-07-15T21:51:01.126,63.052014310029335,20260715_214958_front_fusion_ego_1643,speedsweep_normal,fusion_ego_1643,6340776,2,vehicle,0.11572613567113876,2.978948043978228,31.372241276414357,1.3205708738005537,154.1246239530152,4.7066426277160645,1.8974896669387817,1.7377805709838867,18.41011141331591,136.7734375,252.22222222222223,89.37734358757734,234.78944970501794,184.16953141242266,269.6549947394265,0.850335419178009,0.9923168420791626,
2026-07-15T21:51:01.269,63.194642264046706,20260715_214958_front_fusion_ego_1643,speedsweep_normal,fusion_ego_1643,6340777,0,vehicle,0.26399004459381104,-16.60090005146896,16.615715613753025,1.4194094633334677,-22.793629056759762,5.2359395027160645,1.9476838111877441,2.0302300453186035,29.75738080302876,422.55208333333337,234.44444444444446,406.4004935709139,225.189731683996,438.70367309575283,243.6991572048929,0.002663255902007222,0.9997428059577942,
2026-07-15T21:51:01.269,63.194642264046706,20260715_214958_front_fusion_ego_1643,speedsweep_normal,fusion_ego_1643,6340777,1,vehicle,0.18311883509159088,1.8841760630253663,11.096756972746585,0.9255506546923122,-103.00061774657787,4.221684455871582,1.6907556056976318,1.4750745296478271,12.614489482717804,564.8854166666667,243.33333333333334,530.9743363658588,223.94971509774527,598.7964969674747,262.71695156892144,0.3335828483104706,0.9998340606689453,
2026-07-15T21:51:01.269,63.194642264046706,20260715_214958_front_fusion_ego_1643,speedsweep_normal,fusion_ego_1643,6340777,2,vehicle,0.10858765244483948,3.954662385918855,28.937928733140296,1.3612900164796828,-12.56070524561483,4.58622407913208,1.7926530838012695,1.7024850845336914,15.296827459096516,93.40625,261.11111111111114,54.73512396216393,240.31506664223141,132.07737603783607,281.90715557999084,0.9904741644859314,0.9975712895393372,
2026-07-15T21:51:01.269,63.194642264046706,20260715_214958_front_fusion_ego_1643,speedsweep_normal,fusion_ego_1643,6340777,3,vehicle,0.06191286817193031,-16.47011896646853,13.293197831064813,1.5273121614002125,-116.9182365007585,5.5607123374938965,2.1190507411956787,2.378857374191284,29.823494727486473,493.71875000000006,226.66666666666669,471.97893617674714,216.22721592585248,515.4585638232529,237.1061174074809,0.022628122940659523,0.9940268993377686,
2026-07-15T21:51:01.400,63.32562949799467,20260715_214958_front_fusion_ego_1643,speedsweep_normal,fusion_ego_1643,6340778,0,vehicle,0.18528349697589874,2.493884046808933,10.390626898994759,0.8014526873614014,-176.45629170658978,4.202285289764404,1.6859655380249023,1.6173204183578491,11.573921200975683,582.6770833333334,243.33333333333334,544.2821217228969,221.3524337609609,621.0720449437698,265.3142329057058,0.08873804658651352,0.9995786547660828,
2026-07-15T21:51:01.400,63.32562949799467,20260715_214958_front_fusion_ego_1643,speedsweep_normal,fusion_ego_1643,6340778,1,vehicle,0.15794435143470764,-13.690578405074664,18.455639976545406,1.0294794383596377,31.784685221417497,4.8428497314453125,1.79399836063385,1.7978732585906982,25.915744585510307,422.55208333333337,234.44444444444446,406.21629222234094,225.6078523066309,438.8878744443258,243.28103658225803,0.0013070212444290519,0.9995600581169128,
2026-07-15T21:51:01.400,63.32562949799467,20260715_214958_front_fusion_ego_1643,speedsweep_normal,fusion_ego_1643,6340778,2,vehicle,0.09143535047769547,-22.469091160898593,16.317444909247833,1.3881813354630177,-124.63912751761102,5.468029975891113,2.0533859729766846,2.268214702606201,34.6322077641194,449.23958333333337,226.66666666666669,431.6625793700417,217.5271377960841,466.816587296625,235.80619553724927,0.743935227394104,0.9999679327011108,
2026-07-15T21:51:01.530,63.45583691599313,20260715_214958_front_fusion_ego_1643,speedsweep_normal,fusion_ego_1643,6340779,0,vehicle,0.34138983488082886,-18.983058835810454,14.777255434834895,0.30298082795543846,-110.32430824202751,5.035100936889648,1.8922107219696045,1.8091233968734741,30.22343122036543,502.61458333333337,225.55555555555557,483.60380763684714,218.2494980427954,521.6253590298196,232.86161306831573,0.00459043076261878,0.9998670816421509,
2026-07-15T21:51:01.530,63.45583691599313,20260715_214958_front_fusion_ego_1643,speedsweep_normal,fusion_ego_1643,6340779,1,vehicle,0.12226415425539017,-20.304434261139303,17.764445719338312,0.566522941838298,142.85249845007073,5.4001264572143555,2.003664255142212,2.0898213386535645,31.49090263822255,422.55208333333337,225.55555555555557,403.8594585632285,217.1986586186621,441.24470810343826,233.91245249244903,0.0036419478710740805,0.9986792206764221,
2026-07-15T21:51:01.530,63.45583691599313,20260715_214958_front_fusion_ego_1643,speedsweep_normal,fusion_ego_1643,6340779,2,vehicle,0.1068875789642334,-0.8723784659686462,5.544361272066237,0.5648774032708292,107.86080360327075,4.5574235916137695,1.798202395439148,1.8020191192626953,16.434766263638366,599.3567708333334,235.55555555555557,555.748096143206,217.02334198686813,642.9654455234607,254.087769124243,0.15218757092952728,0.999840497970581,
2026-07-15T21:51:01.530,63.45583691599313,20260715_214958_front_fusion_ego_1643,speedsweep_normal,fusion_ego_1643,6340779,3,vehicle,0.10076198726892471,-23.33347409211511,15.02421357231172,0.5114118227460835,-69.42922172779843,4.983066558837891,1.8383709192276,2.12223219871521,34.54318129719707,457.02343750000006,225.55555555555557,443.55999058485037,217.5175777408812,470.48688441514975,233.59353337022995,0.9991121888160706,0.9999909400939941,
2026-07-15T21:51:01.530,63.45583691599313,20260715_214958_front_fusion_ego_1643,speedsweep_normal,fusion_ego_1643,6340779,4,vehicle,0.05776514858007431,3.8071120303834114,31.484918307787645,1.1134024233122997,121.22778730222834,3.5923876762390137,1.4872751235961914,1.6312981843948364,16.511920539524468,65.60677083333334,253.33333333333334,35.103715327878795,229.60123737653097,96.10982633878788,277.06542929013574,0.9299969673156738,0.8543887138366699,
2026-07-15T21:51:01.666,63.59214730304666,20260715_214958_front_fusion_ego_1643,speedsweep_normal,fusion_ego_1643,6340780,0,vehicle,0.3588487207889557,-20.269158312074804,18.733388832091833,0.3592608292388677,68.97427763890549,5.236371994018555,1.907854676246643,1.9334169626235962,30.526847106742935,422.55208333333337,225.55555555555557,409.1414953445395,217.49219957325195,435.9626713221272,233.6189115378592,0.0006940150051377714,0.9984537363052368,
2026-07-15T21:51:01.666,63.59214730304666,20260715_214958_front_fusion_ego_1643,speedsweep_normal,fusion_ego_1643,6340780,1,vehicle,0.13674296438694,-23.72705667282457,12.617144464097937,0.3546571111333394,-110.85240806980634,5.0917134284973145,1.8710081577301025,2.0822033882141113,34.15809351563648,457.02343750000006,225.55555555555557,442.71589254587894,218.34536958071922,471.33098245412117,232.76574153039192,0.99212247133255,0.999996542930603,
2026-07-15T21:51:01.666,63.59214730304666,20260715_214958_front_fusion_ego_1643,speedsweep_normal,fusion_ego_1643,6340780,2,vehicle,0.13059735298156738,-2.2070829440283966,4.048940592780148,0.4476907105119565,84.50199547268987,5.109664440155029,2.012937545776367,2.006640672683716,17.723225071016593,617.1484375,235.55555555555557,561.8388930559158,214.99007734987472,672.4579819440842,256.1210337612364,0.15089750289916992,0.9995490908622742,
2026-07-15T21:51:01.666,63.59214730304666,20260715_214958_front_fusion_ego_1643,speedsweep_normal,fusion_ego_1643,6340780,3,vehicle,0.07249678671360016,-6.052913796079444,20.38016512638813,1.0033045438796613,99.32121791953567,6.212975025177002,2.2771666049957275,2.605388879776001,16.642245927840765,280.21875,261.11111111111114,251.01123607903722,236.80089003509946,309.4262639209628,285.4213321871228,0.0005643126205541193,0.9811956882476807,
2026-07-15T21:51:01.666,63.59214730304666,20260715_214958_front_fusion_ego_1643,speedsweep_normal,fusion_ego_1643,6340780,4,vehicle,0.05793478339910507,-5.489534433466785,6.400201450947959,0.343197475952314,140.0349788403831,4.62627649307251,1.735493779182434,1.9254082441329956,18.773249471892015,573.78125,234.44444444444446,538.8562581837177,219.19102397229938,608.7062418162823,249.69786491658954,0.10600880533456802,0.9998181462287903,
2026-07-15T21:51:01.807,63.73332801205106,20260715_214958_front_fusion_ego_1643,speedsweep_normal,fusion_ego_1643,6340781,0,vehicle,0.26652687788009644,-23.076610979753383,14.79622958873847,0.7889478825973515,-113.81648359167407,5.331843376159668,2.039577007293701,2.3315858840942383,32.3322540869089,457.02343750000006,225.55555555555557,441.4227401912213,216.44243571493362,472.6241348087788,234.66867539617752,0.745028555393219,0.9999674558639526,
2026-07-15T21:51:01.807,63.73332801205106,20260715_214958_front_fusion_ego_1643,speedsweep_normal,fusion_ego_1643,6340781,1,vehicle,0.25474947690963745,-16.698715868249987,15.318596354794334,0.802094258945445,-85.80526129893444,5.254586696624756,2.002516746520996,2.1448099613189697,25.93691213261028,510.39843750000006,225.55555555555557,488.79643388092524,215.38683894607757,532.0004411190748,235.72427216503357,0.012922771275043488,0.9998736381530762,
2026-07-15T21:51:01.807,63.73332801205106,20260715_214958_front_fusion_ego_1643,speedsweep_normal,fusion_ego_1643,6340781,2,vehicle,0.14198778569698334,-21.22819349020545,20.521977534061303,0.847028563980281,-60.07430504741631,5.787966728210449,2.0988667011260986,2.3089983463287354,30.669704885015538,422.55208333333337,225.55555555555557,402.595381004115,215.70327255460953,442.50878566255176,235.40783855650162,0.0009152129641734064,0.9997991919517517,
2026-07-15T21:51:01.807,63.73332801205106,20260715_214958_front_fusion_ego_1643,speedsweep_normal,fusion_ego_1643,6340781,3,vehicle,0.11706700921058655,0.13018701254720533,5.418525154585871,0.5729208247179205,78.13615452484439,4.6453938484191895,1.8627541065216064,1.889224648475647,14.486269398080797,644.9479166666667,244.44444444444446,583.4704561034839,215.81703987386493,706.4253772298496,273.071849015024,0.19786888360977173,0.9902363419532776,
2026-07-15T21:51:01.951,63.87735658301972,20260715_214958_front_fusion_ego_1643,speedsweep_normal,fusion_ego_1643,6340782,0,vehicle,0.44389304518699646,-1.081179360583043,3.887359059458163,0.6925078923730439,99.14438187741325,5.12061882019043,2.020817756652832,1.9593592882156372,15.826864745416703,680.53125,253.33333333333334,610.7335876375437,226.811616619428,750.3289123624563,279.8550500472387,0.017029251903295517,0.9989859461784363,
2026-07-15T21:51:01.951,63.87735658301972,20260715_214958_front_fusion_ego_1643,speedsweep_normal,fusion_ego_1643,6340782,1,vehicle,0.277564138174057,-16.0209688193913,19.096284808147274,1.0692283038608625,-80.91546589974163,5.6136794090271,2.1026811599731445,2.2983505725860596,24.36010263276882,510.39843750000006,226.66666666666669,484.2827031053603,214.29184208313626,536.5141718946397,239.0414912501971,0.000800031004473567,0.999658465385437,
2026-07-15T21:51:01.951,63.87735658301972,20260715_214958_front_fusion_ego_1643,speedsweep_normal,fusion_ego_1643,6340782,2,vehicle,0.21962471306324005,-18.99344840971199,19.33566507566705,0.8848098957849713,111.16720782287588,5.0558576583862305,1.8800772428512573,1.812467336654663,27.34497546823775,422.55208333333337,234.44444444444446,405.83450220276916,225.83562907245425,439.2696644638976,243.05325981643466,0.01125441025942564,0.9979143738746643,
2026-07-15T21:51:02.076,64.00212879001629,20260715_214958_front_fusion_ego_1643,speedsweep_normal,fusion_ego_1643,6340783,0,vehicle,0.46789976954460144,-14.752650185878927,12.96950507602617,1.1239972888493819,-39.045006802498754,5.521002769470215,2.082958698272705,2.519770383834839,22.293637169450328,519.2942708333334,226.66666666666669,493.09923850496614,211.9006911913554,545.4893031617006,241.43264214197796,0.001370502868667245,0.9999444484710693,
2026-07-15T21:51:02.076,64.00212879001629,20260715_214958_front_fusion_ego_1643,speedsweep_normal,fusion_ego_1643,6340783,1,vehicle,0.12211817502975464,-19.77623261205428,17.474157071844918,0.979558253070602,178.32034145338034,4.667417526245117,1.7789373397827148,1.8292455673217773,27.023642567153725,422.55208333333337,234.44444444444446,404.9002449375888,225.23466583755282,440.20392172907793,243.6542230513361,0.2363811731338501,0.9929666519165039,
2026-07-15T21:51:02.076,64.00212879001629,20260715_214958_front_fusion_ego_1643,speedsweep_normal,fusion_ego_1643,6340783,2,vehicle,0.09084491431713104,-25.904706043414684,15.768038636739941,1.2385057710581304,-113.88150203489796,5.697582721710205,2.1505138874053955,2.560206413269043,33.147460694109796,458.1354166666667,226.66666666666669,442.10450846205157,215.8876160780589,474.1663248712818,237.44571725527447,0.04167129099369049,0.9999330043792725,
2026-07-15T21:51:02.203,64.12866736704018,20260715_214958_front_fusion_ego_1643,speedsweep_normal,fusion_ego_1643,6340784,0,vehicle,0.2766634225845337,-20.461538096158453,17.788280237602766,0.964621096939126,-105.3381624147791,4.908382415771484,1.863763689994812,1.8132539987564087,26.73369766362908,422.55208333333337,234.44444444444446,405.0620746960243,225.49945798185138,440.04209197064245,243.38943090703754,0.04698629677295685,0.9986609220504761,
2026-07-15T21:51:02.203,64.12866736704018,20260715_214958_front_fusion_ego_1643,speedsweep_normal,fusion_ego_1643,6340784,1,vehicle,0.21341906487941742,-14.978991627989002,13.358570160974285,1.080288458825434,-95.76412440670376,5.702574729919434,2.1076927185058594,2.4941799640655518,21.47965170312575,520.40625,226.66666666666669,492.18911797553307,211.33789042631787,548.623382024467,241.9954429070155,0.0064966329373419285,0.9999338388442993,
2026-07-15T21:51:02.203,64.12866736704018,20260715_214958_front_fusion_ego_1643,speedsweep_normal,fusion_ego_1643,6340784,2,person,0.07762598246335983,-5.530742691623331,-2.4793352371659783,0.7939654644006673,-144.24223407260732,1.5749061107635498,0.8270077705383301,2.1180801391601562,22.47533054679612,840.65625,226.66666666666669,825.7854926288128,192.54799524943036,855.5270073711873,260.785338083903,0.9908546209335327,0.16875088214874268,
2026-07-15T21:51:02.325,64.25083539297339,20260715_214958_front_fusion_ego_1643,speedsweep_normal,fusion_ego_1643,6340785,0,vehicle,0.30925896763801575,-21.39845762966459,15.895041828763425,0.9572477155493999,-46.80321389606948,5.085114002227783,1.9022893905639648,1.873653769493103,26.668030007686983,422.55208333333337,234.44444444444446,406.035789248844,225.37166055705814,439.0683774178227,243.51722833183078,0.015982089564204216,0.9981493949890137,
2026-07-15T21:51:02.325,64.25083539297339,20260715_214958_front_fusion_ego_1643,speedsweep_normal,fusion_ego_1643,6340785,1,vehicle,0.248799666762352,-13.416590185795467,9.170610655517896,1.2253416664128025,128.81063321166226,5.3569817543029785,2.0175509452819824,2.5529932975769043,20.11140923000022,537.0859375,226.66666666666669,508.7819628566504,207.91186193625134,565.3899121433496,245.42147139708203,0.009003100916743279,0.9999972581863403,
2026-07-15T21:51:02.325,64.25083539297339,20260715_214958_front_fusion_ego_1643,speedsweep_normal,fusion_ego_1643,6340785,2,vehicle,0.14587971568107605,-20.027864320850593,16.18577546738796,0.9849528776575651,-8.493569412948977,4.767405986785889,1.8472870588302612,1.8048620223999023,25.29080753832078,465.91927083333337,234.44444444444446,447.13763850306475,225.3819423582819,484.700903163602,243.50694653060702,0.0025540858041495085,0.9999339580535889,
2026-07-15T21:51:02.469,64.39506620098837,20260715_214958_front_fusion_ego_1643,speedsweep_normal,fusion_ego_1643,6340786,0,vehicle,0.5076202154159546,-13.757253183708595,11.693609905920693,1.1989597348918393,134.3371356452102,5.537782192230225,2.0790364742279053,2.491806745529175,18.686359007524086,538.1979166666667,226.66666666666669,505.59286065648,208.93782297770184,570.8029726768534,244.39551035563153,0.0012025588657706976,0.9999923706054688,
2026-07-15T21:51:02.469,64.39506620098837,20260715_214958_front_fusion_ego_1643,speedsweep_normal,fusion_ego_1643,6340786,1,vehicle,0.30889931321144104,-20.30043801071188,17.560919274998746,0.936855271962417,-51.58469552017606,4.7581048011779785,1.8210015296936035,1.640891671180725,24.586370133971446,422.55208333333337,234.44444444444446,405.2139021394154,225.38948741224078,439.89026452725136,243.49940147664813,0.006514155305922031,0.9988701939582825,
2026-07-15T21:51:02.469,64.39506620098837,20260715_214958_front_fusion_ego_1643,speedsweep_normal,fusion_ego_1643,6340786,2,vehicle,0.20906516909599304,-18.19808919627664,27.10313284666564,1.343652679674351,-30.203632008571635,5.020768165588379,1.9288307428359985,2.0382800102233887,24.78002226146984,296.8984375,234.44444444444446,271.42442606016994,223.0792855885294,322.37244893983006,245.80960330035953,0.005068491213023663,0.9933475852012634,
2026-07-15T21:51:02.469,64.39506620098837,20260715_214958_front_fusion_ego_1643,speedsweep_normal,fusion_ego_1643,6340786,3,vehicle,0.0959683433175087,-19.763586442752946,14.282659915504574,0.7940625927316294,102.85273361330137,4.664295196533203,1.8355865478515625,1.561913251876831,24.15099519264732,465.91927083333337,234.44444444444446,443.3150377919277,224.96589687135486,488.52350387473905,243.92299201753406,0.0018354632193222642,0.9997472167015076,
2026-07-15T21:51:02.610,64.5358235000167,20260715_214958_front_fusion_ego_1643,speedsweep_normal,fusion_ego_1643,6340787,0,vehicle,0.2127794772386551,-20.707944805639194,17.1624524205585,0.9062063922654082,-63.22985850839773,4.7718634605407715,1.8026565313339233,1.6949403285980225,23.990882143650527,422.55208333333337,234.44444444444446,405.3183092561861,225.2305504348543,439.7858574104806,243.6583384540346,0.0020292240660637617,0.9995431900024414,
2026-07-15T21:51:02.610,64.5358235000167,20260715_214958_front_fusion_ego_1643,speedsweep_normal,fusion_ego_1643,6340787,1,vehicle,0.2045103758573532,-13.828078950314321,10.382758176635654,1.063575194840693,-178.47737803510435,5.060253143310547,1.9499469995498657,2.3577373027801514,18.206769685703247,545.9817708333334,226.66666666666669,511.6002890368303,208.65131477514905,580.3632526298364,244.68201855818432,0.01632944867014885,0.9998127818107605,
2026-07-15T21:51:02.610,64.5358235000167,20260715_214958_front_fusion_ego_1643,speedsweep_normal,fusion_ego_1643,6340787,2,vehicle,0.11382550001144409,-24.88054867563008,14.240737811263322,1.0933242076056002,-116.54487692072195,5.315239906311035,2.054295063018799,2.404237985610962,28.253342862229967,467.03125000000006,226.66666666666669,450.07163288816815,213.56473366419476,483.99086711183196,239.7685996691386,0.6650063395500183,0.9991641044616699,
2026-07-15T21:51:02.610,64.5358235000167,20260715_214958_front_fusion_ego_1643,speedsweep_normal,fusion_ego_1643,6340787,3,vehicle,0.07754572480916977,-1.3628804039370315,8.988175450441371,0.778276678850756,-12.0560930614744,4.787997722625732,1.8657028675079346,1.994531512260437,8.96428626783752,786.1692708333334,244.44444444444446,709.4840219666561,173.66274383332996,862.8545197000107,315.22614505555896,0.22004009783267975,0.783118724822998,
2026-07-15T21:51:02.736,64.66171506606042,20260715_214958_front_fusion_ego_1643,speedsweep_normal,fusion_ego_1643,6340788,0,vehicle,0.31069982051849365,-23.26214052902523,16.550550986432878,1.0134292388164927,-64.0942085141387,5.032842636108398,1.901452898979187,1.8621166944503784,25.552265726941773,422.55208333333337,234.44444444444446,405.74157197897637,225.10708120134143,439.3625946876904,243.78180768754748,0.002654164796695113,0.9998528957366943,
2026-07-15T21:51:02.736,64.66171506606042,20260715_214958_front_fusion_ego_1643,speedsweep_normal,fusion_ego_1643,6340788,1,vehicle,0.18472282588481903,-26.101676283318014,14.534002544322783,1.2391278275379838,-105.1267698135041,5.813518524169922,2.211409568786621,2.697756052017212,28.464131394026886,467.03125000000006,226.66666666666669,448.1791465245188,211.93429211775464,485.88335347548133,241.39904121557873,0.15925447642803192,0.9999090433120728,
2026-07-15T21:51:02.736,64.66171506606042,20260715_214958_front_fusion_ego_1643,speedsweep_normal,fusion_ego_1643,6340788,2,vehicle,0.18452218174934387,-15.65359067498106,11.127778360412309,1.0034625803045927,158.04946929581692,5.424713134765625,2.0664234161376953,2.451625108718872,18.766761228109626,547.09375,226.66666666666669,512.9551393017173,208.73413423697156,581.2323606982827,244.59919909636182,0.018696164712309837,0.9968374967575073,
2026-07-15T21:51:02.736,64.66171506606042,20260715_214958_front_fusion_ego_1643,speedsweep_normal,fusion_ego_1643,6340788,3,vehicle,0.05860261619091034,-1.1073036779509993,11.344341937335397,1.3770474039499234,-60.075820377128665,5.977468967437744,2.1498641967773438,2.784379482269287,6.270989757100115,778.3854166666667,225.55555555555557,743.0734077940385,169.1518470976088,813.697425539295,281.9592640135023,0.9429619312286377,0.6057324409484863,
2026-07-15T21:51:02.736,64.66171506606042,20260715_214958_front_fusion_ego_1643,speedsweep_normal,fusion_ego_1643,6340788,4,vehicle,0.05538560450077057,-8.182867760047996,30.73149377024329,1.3160097949644438,83.10980440548666,3.959357738494873,1.659232497215271,1.5079803466796875,17.57434936806582,127.87760416666667,253.33333333333334,88.04464751730363,237.81825443108877,167.71056081602973,268.84841223557794,0.16917721927165985,0.9877869486808777,
2026-07-15T21:51:02.736,64.66171506606042,20260715_214958_front_fusion_ego_1643,speedsweep_normal,fusion_ego_1643,6340788,5,vehicle,0.05152273550629616,-22.313415423942182,19.825717134379243,1.9976899140098299,-56.931048406715966,7.905888557434082,2.940646171569824,3.9130699634552,24.81066910402117,342.48958333333337,217.7777777777778,314.1467288260659,195.80880688296426,370.83243784060085,239.74674867259134,3.664754331111908e-05,0.9997850060462952,
2026-07-15T21:51:02.885,64.81072772899643,20260715_214958_front_fusion_ego_1643,speedsweep_normal,fusion_ego_1643,6340789,0,vehicle,0.29953745007514954,-22.435600861200978,17.435179447588915,0.889707405300288,68.28665613545328,5.001616477966309,1.9033944606781006,1.666778564453125,23.77639695599801,422.55208333333337,234.44444444444446,404.28526640435064,224.95142724778918,440.8189002623161,243.93746164109973,0.0007527722627855837,0.9987760186195374,
2026-07-15T21:51:02.885,64.81072772899643,20260715_214958_front_fusion_ego_1643,speedsweep_normal,fusion_ego_1643,6340789,1,vehicle,0.20470762252807617,-25.801114656954777,12.489987640697493,1.0763190931663065,-85.0831750839864,5.816736221313477,2.1881825923919678,2.6898181438446045,27.433462504743712,474.8151041666667,226.66666666666669,455.5624897355835,211.23257259527844,494.0677185977499,242.10076073805493,0.10014469176530838,0.9996789693832397,
2026-07-15T21:51:02.885,64.81072772899643,20260715_214958_front_fusion_ego_1643,speedsweep_normal,fusion_ego_1643,6340789,2,vehicle,0.09690050780773163,1.679059399478377,16.882192385270653,1.0070907165662069,95.30157334157344,3.6522650718688965,1.627651572227478,1.427893042564392,0.6986193008076835,110.08593750000001,306.6666666666667,72.06176145374775,248.3062509695689,148.11011354625225,365.02708236376446,0.5465213656425476,0.044912900775671005,
2026-07-15T21:51:02.885,64.81072772899643,20260715_214958_front_fusion_ego_1643,speedsweep_normal,fusion_ego_1643,6340789,3,vehicle,0.054971177130937576,-12.518639736375441,30.71362630205668,1.1865211169936103,-43.03086819952728,4.551241874694824,1.8389506340026855,1.4265581369400024,19.76179462766595,155.67708333333334,252.22222222222223,119.83134405811629,240.23386104239358,191.5228226085504,264.2105834020509,0.5271179676055908,0.9962764382362366,
2026-07-15T21:51:03.018,64.94429432100151,20260715_214958_front_fusion_ego_1643,speedsweep_normal,fusion_ego_1643,6340790,0,vehicle,0.479278028011322,-24.7462648050823,13.526016818356066,1.11433142875088,-104.01539281823551,6.041787624359131,2.2299585342407227,2.687102794647217,25.304819233112084,474.8151041666667,226.66666666666669,454.88447816545766,210.10764519373578,494.7457301678757,243.2256881395976,0.8358967900276184,0.9999984502792358,
2026-07-15T21:51:03.018,64.94429432100151,20260715_214958_front_fusion_ego_1643,speedsweep_normal,fusion_ego_1643,6340790,1,vehicle,0.26996299624443054,-23.79606013794575,17.492650996513767,0.8295546548557857,-31.05283627252522,5.073807239532471,1.9369399547576904,1.7041484117507935,24.190657685157376,422.55208333333337,234.44444444444446,404.9363299434384,225.01834568050174,440.16783672322833,243.87054320838718,0.001069302554242313,0.9995903372764587,
2026-07-15T21:51:03.018,64.94429432100151,20260715_214958_front_fusion_ego_1643,speedsweep_normal,fusion_ego_1643,6340790,2,vehicle,0.15620866417884827,-17.33343529289624,10.81478006622175,0.902421915007591,142.0300780400708,5.123445987701416,2.0521132946014404,1.9921926259994507,18.63300735675454,545.9817708333334,234.44444444444446,511.49070896704995,220.45087811019687,580.4728326996168,248.43801077869205,0.16525492072105408,0.9752878546714783,
2026-07-15T21:51:03.018,64.94429432100151,20260715_214958_front_fusion_ego_1643,speedsweep_normal,fusion_ego_1643,6340790,3,vehicle,0.09315790235996246,-0.5429768458057334,23.387484527986874,1.3634873554195828,168.8052606833498,4.538949966430664,1.7672454118728638,2.0093679428100586,6.851638745528774,12.231770833333334,288.8888888888889,-9.614330312858026,245.08250051074558,34.077871979524694,332.6952772670322,0.9523467421531677,0.1380675733089447,
2026-07-15T21:51:03.156,65.08217867801432,20260715_214958_front_fusion_ego_1643,speedsweep_normal,fusion_ego_1643,6340791,0,vehicle,0.4191097915172577,-26.424283834064465,14.890813159183491,0.8550739276240213,11.749410986496375,5.352593898773193,2.032305955886841,1.9699580669403076,25.92273685891802,422.55208333333337,234.44444444444446,406.30010137831175,224.29253008630542,438.804065288355,244.5963588025835,0.006462981458753347,0.9993602633476257,
2026-07-15T21:51:03.156,65.08217867801432,20260715_214958_front_fusion_ego_1643,speedsweep_normal,fusion_ego_1643,6340791,1,vehicle,0.2724834680557251,-25.86048733967072,12.79513350930805,1.0803954867300094,-106.65080295373772,6.32512903213501,2.306381940841675,2.750286340713501,25.58134169075247,474.8151041666667,226.66666666666669,453.28132403517765,210.07514754931134,496.3488842981557,243.25818578402203,0.18250679969787598,0.9999912977218628,
2026-07-15T21:51:03.156,65.08217867801432,20260715_214958_front_fusion_ego_1643,speedsweep_normal,fusion_ego_1643,6340791,2,vehicle,0.09228822588920593,-12.82879884966925,8.361983721984048,0.7091381481997399,-118.74265232459527,3.945880889892578,1.5889413356781006,1.9453836679458618,14.78998270527077,599.3567708333334,234.44444444444446,557.8296816175183,213.57873227861194,640.8838600491484,255.31015661027698,0.1440448760986328,0.9973589777946472,
2026-07-15T21:51:03.290,65.21604207600467,20260715_214958_front_fusion_ego_1643,speedsweep_normal,fusion_ego_1643,6340792,0,vehicle,0.32947924733161926,-26.33654075354754,16.30849844179818,0.9098682016738584,-23.402211127223687,5.419879913330078,2.0524699687957764,1.922173023223877,24.86205184623434,422.55208333333337,234.44444444444446,405.7838829805454,224.5725562837389,439.32028368612134,244.31633260515002,0.003457888262346387,0.9994596838951111,
2026-07-15T21:51:03.290,65.21604207600467,20260715_214958_front_fusion_ego_1643,speedsweep_normal,fusion_ego_1643,6340792,1,vehicle,0.27525076270103455,-24.53387345111655,12.951364427366599,0.8885564255776521,124.46029965782581,5.488099098205566,2.049748420715332,2.0515246391296387,23.342984800132843,475.92708333333337,234.44444444444446,454.4621470620235,222.65637632873324,497.3920196046432,246.23251256015567,0.0002080625417875126,0.9999557733535767,
2026-07-15T21:51:03.290,65.21604207600467,20260715_214958_front_fusion_ego_1643,speedsweep_normal,fusion_ego_1643,6340792,2,vehicle,0.20693594217300415,-15.302169822254257,4.770093625593925,0.5095622168072911,78.09701518815419,4.498763561248779,1.8064192533493042,1.887595534324646,18.206860600882635,618.2604166666667,234.44444444444446,566.4654388527076,216.64548065927295,670.0553944806259,252.24340822961597,0.07766247540712357,0.9969094395637512,
2026-07-15T21:51:03.290,65.21604207600467,20260715_214958_front_fusion_ego_1643,speedsweep_normal,fusion_ego_1643,6340792,3,vehicle,0.1874752938747406,-26.635049446855213,29.938313149299162,1.5976699725417625,104.78487635403461,4.818953990936279,1.8730192184448242,2.2050628662109375,28.47825352558187,279.10677083333337,235.55555555555557,253.53049812962612,224.8429647419188,304.6830435370406,246.26814636919235,0.7981001734733582,0.9750561714172363,
2026-07-15T21:51:03.428,65.35394819802605,20260715_214958_front_fusion_ego_1643,speedsweep_normal,fusion_ego_1643,6340793,0,vehicle,0.44502800703048706,-27.87353413212883,17.108908301336143,1.0664569773366301,-57.929545311969854,6.003516674041748,2.2162599563598633,2.217374801635742,25.497660105386203,422.55208333333337,234.44444444444446,405.42690786470973,223.56974807050494,439.677258801957,245.31914081838397,0.006472854409366846,0.9998842477798462,
2026-07-15T21:51:03.428,65.35394819802605,20260715_214958_front_fusion_ego_1643,speedsweep_normal,fusion_ego_1643,6340793,1,vehicle,0.3772144317626953,-24.353308191051237,12.434954870745607,1.1169272742116325,107.55146265487349,5.709295749664307,2.189997434616089,2.7271041870117188,22.357690251074523,483.71093750000006,226.66666666666669,463.6983936838806,208.44464520613354,503.7234813161195,244.88868812719983,0.015157626941800117,0.9999929666519165,
2026-07-15T21:51:03.428,65.35394819802605,20260715_214958_front_fusion_ego_1643,speedsweep_normal,fusion_ego_1643,6340793,2,vehicle,0.21750861406326294,-9.557604040062149,9.893868287575275,0.8722699666094988,-51.72432429792448,3.8007302284240723,1.537712812423706,1.7812587022781372,9.82234271778967,634.9401041666667,243.33333333333334,584.3310624162357,214.76918240388235,685.5491459170978,271.89748426278436,0.04935965687036514,0.9986009001731873,
2026-07-15T21:51:03.428,65.35394819802605,20260715_214958_front_fusion_ego_1643,speedsweep_normal,fusion_ego_1643,6340793,3,person,0.1275046020746231,-14.807947102680432,1.0250772604361635,0.511133789982356,53.349339340880185,0.6455268263816833,0.4935004711151123,1.8443955183029175,19.926944117187624,723.8984375,217.7777777777778,714.35249000974,199.23843847380746,733.44438499026,236.31711708174814,0.9991527795791626,0.9699867367744446,
2026-07-15T21:51:03.556,65.48187027696986,20260715_214958_front_fusion_ego_1643,speedsweep_normal,fusion_ego_1643,6340794,0,vehicle,0.630181610584259,-10.257547079512165,8.941250089606234,0.7171965346559495,-19.81937064048315,4.4842705726623535,1.767234444618225,1.7995437383651733,10.37208668594542,653.84375,244.44444444444446,591.9597067832947,207.8855421808031,715.7277932167053,281.0033467080858,0.08441930264234543,0.9985929131507874,
2026-07-15T21:51:03.556,65.48187027696986,20260715_214958_front_fusion_ego_1643,speedsweep_normal,fusion_ego_1643,6340794,1,vehicle,0.33337488770484924,-29.164439942041927,18.440216977893993,1.3427775935899433,123.93778401656043,6.316279888153076,2.2717511653900146,2.5078604221343994,25.96132418113986,422.55208333333337,234.44444444444446,404.72909209256375,221.60797592666415,440.375074574103,247.28091296222476,0.016708604991436005,0.9934127926826477,
2026-07-15T21:51:03.556,65.48187027696986,20260715_214958_front_fusion_ego_1643,speedsweep_normal,fusion_ego_1643,6340794,2,vehicle,0.32426342368125916,-21.871715040728137,15.393987528986713,1.131354518562489,107.32883366363038,5.4772233963012695,2.057649612426758,2.1903064250946045,18.64115877378101,484.8229166666667,234.44444444444446,461.7569800714652,218.4420528676775,507.8888532618682,250.44683602121142,0.0008219174924306571,0.9999778270721436,
2026-07-15T21:51:03.687,65.61253568704706,20260715_214958_front_fusion_ego_1643,speedsweep_normal,fusion_ego_1643,6340795,0,vehicle,0.7153387665748596,-31.41558528313654,18.0865201456873,1.4302946962410865,134.68845618640214,6.463028430938721,2.3081889152526855,2.7174458503723145,27.318282761596635,422.55208333333337,234.44444444444446,404.99563597266877,221.78921904828815,440.108530693998,247.09966984060077,0.020270418375730515,0.9999669790267944,
2026-07-15T21:51:03.687,65.61253568704706,20260715_214958_front_fusion_ego_1643,speedsweep_normal,fusion_ego_1643,6340795,1,vehicle,0.22229142487049103,-22.914626367753137,14.20469737652332,1.2162469252910917,121.58658626099836,5.757867336273193,2.096001148223877,2.393191337585449,18.92369393998221,492.60677083333337,234.44444444444446,472.2455633034309,217.6247658994463,512.9679783632358,251.26412298944263,0.004882200621068478,0.999890923500061,
2026-07-15T21:51:03.687,65.61253568704706,20260715_214958_front_fusion_ego_1643,speedsweep_normal,fusion_ego_1643,6340795,2,vehicle,0.1684974879026413,-10.005983699984482,9.039148862738536,0.8243917505254403,-74.43047206991443,4.760924339294434,1.8358190059661865,2.1067991256713867,9.561663129732414,689.4270833333334,252.22222222222223,605.6050745149454,199.09828318489923,773.2490921517214,305.3461612595452,0.08218185603618622,0.9793201684951782,
2026-07-15T21:51:03.827,65.7526665229816,20260715_214958_front_fusion_ego_1643,speedsweep_normal,fusion_ego_1643,6340796,0,vehicle,0.7590005397796631,-32.29214049273658,18.136242577628266,1.6239328828829702,-108.98034775690444,7.0669450759887695,2.5011415481567383,3.0673935413360596,27.34467009550547,422.55208333333337,234.44444444444446,402.1314631973704,219.59519979026584,442.97270346929633,249.29368909862308,0.010725879110395908,0.9999991655349731,
2026-07-15T21:51:03.827,65.7526665229816,20260715_214958_front_fusion_ego_1643,speedsweep_normal,fusion_ego_1643,6340796,1,vehicle,0.44250333309173584,-21.74960031562396,13.191181996312213,1.1666222189911482,110.43003209405946,5.397080421447754,2.0235321521759033,2.365265130996704,17.09364900659553,493.71875000000006,234.44444444444446,467.4286463670433,216.8766298558977,520.0088536329567,252.0122590329912,0.0009254981996491551,0.9999338388442993,
2026-07-15T21:51:03.827,65.7526665229816,20260715_214958_front_fusion_ego_1643,speedsweep_normal,fusion_ego_1643,6340796,2,vehicle,0.0749434307217598,-33.5882282413381,36.64939218531933,2.5704098080095505,-80.94327311318554,5.847428321838379,2.2239861488342285,3.0352189540863037,34.966755872201105,244.63541666666669,235.55555555555557,215.99032299468917,221.08745637867187,273.2805103386442,250.02365473243927,0.2288699895143509,0.992956280708313,
2026-07-15T21:51:03.953,65.87898071797099,20260715_214958_front_fusion_ego_1643,speedsweep_normal,fusion_ego_1643,6340797,0,vehicle,0.5244026780128479,-32.59454645219087,17.998231578511565,1.8352851305886277,-45.43282552663963,7.514503002166748,2.640972137451172,3.4153246879577637,26.801676898349545,422.55208333333337,235.55555555555557,401.83981013422215,217.8608885738585,443.2643565324446,253.25022253725265,0.003757421625778079,0.9999985694885254,
2026-07-15T21:51:03.953,65.87898071797099,20260715_214958_front_fusion_ego_1643,speedsweep_normal,fusion_ego_1643,6340797,1,vehicle,0.43659842014312744,-21.875835049727105,12.259022793013507,1.277374132764523,104.09483601591059,5.89948034286499,2.1889636516571045,2.641896963119507,16.60710477726841,501.5026041666667,234.44444444444446,474.7597573871414,212.09764507081775,528.245450946192,256.79124381807117,0.0171985924243927,0.9999918937683105,
2026-07-15T21:51:03.953,65.87898071797099,20260715_214958_front_fusion_ego_1643,speedsweep_normal,fusion_ego_1643,6340797,2,vehicle,0.1783001571893692,-28.046476509854845,31.87157504940791,1.949682631348928,-106.4911774934713,5.3008880615234375,2.1149516105651855,2.2189550399780273,26.990093715096563,235.73958333333334,243.33333333333334,200.0374173646172,229.38060184319815,271.4417493020495,257.28606482346856,0.04390565678477287,0.9880068302154541,
2026-07-15T21:51:03.953,65.87898071797099,20260715_214958_front_fusion_ego_1643,speedsweep_normal,fusion_ego_1643,6340797,3,vehicle,0.17183244228363037,-9.893088963365773,10.565933100425536,0.8441664081293458,-55.97771050600015,4.294759750366211,1.6996597051620483,1.7833627462387085,7.261886954526262,769.4895833333334,305.55555555555554,710.7577073474725,233.265351984236,828.2214593191942,377.8457591268752,0.777018129825592,0.9989206790924072,
2026-07-15T21:51:03.953,65.87898071797099,20260715_214958_front_fusion_ego_1643,speedsweep_normal,fusion_ego_1643,6340797,4,vehicle,0.06276363879442215,-8.68514470928256,11.665711554940936,0.752968752726245,-48.43356395983301,4.634071350097656,1.704033613204956,1.7547272443771362,5.708229801721263,750.5859375,287.77777777777777,658.1133768856525,224.51569663153757,843.0584981143475,351.039858924018,0.8144819736480713,0.9957640171051025,
2026-07-15T21:51:04.089,66.01475611806381,20260715_214958_front_fusion_ego_1643,speedsweep_normal,fusion_ego_1643,6340798,0,vehicle,0.5724001526832581,-21.050321088421605,13.283443954846408,1.125340884305139,102.40327347458233,5.74885892868042,2.1154568195343018,2.7956736087799072,14.775151378127017,502.61458333333337,234.44444444444446,468.24022786815965,209.28315308358935,536.9889387985071,259.60573580529956,0.021907377988100052,0.9999667406082153,
2026-07-15T21:51:04.089,66.01475611806381,20260715_214958_front_fusion_ego_1643,speedsweep_normal,fusion_ego_1643,6340798,1,vehicle,0.521320104598999,-31.33128213009017,18.102398455068812,1.6966257179193018,-44.75612135993447,7.250862121582031,2.565936803817749,3.285411834716797,24.736193974815478,421.4401041666667,235.55555555555557,398.6254646020631,216.4956370327208,444.25474373127025,254.61547407839035,0.007247031666338444,0.9999998807907104,
2026-07-15T21:51:04.089,66.01475611806381,20260715_214958_front_fusion_ego_1643,speedsweep_normal,fusion_ego_1643,6340798,2,vehicle,0.09597496688365936,-12.244488058051394,5.40312544419693,0.7684872046994853,50.93371103824409,3.9004876613616943,1.5567528009414673,2.0264317989349365,12.490118554318963,786.1692708333334,270.0,746.6452406470975,209.17417287826538,825.6933010195693,330.8258271217346,0.055125001817941666,0.9725936055183411,
2026-07-15T21:51:04.089,66.01475611806381,20260715_214958_front_fusion_ego_1643,speedsweep_normal,fusion_ego_1643,6340798,3,vehicle,0.09573196619749069,-29.689289761081703,32.430647500639594,1.9432292535608653,-86.05870131567126,5.226626396179199,1.9497120380401611,2.306300640106201,27.994753822996316,226.84375000000003,243.33333333333334,187.9268705174327,229.68492796023688,265.7606294825673,256.98173870642984,0.0013739503920078278,0.9970493316650391,
2026-07-15T21:51:04.219,66.14477621205151,20260715_214958_front_fusion_ego_1643,speedsweep_normal,fusion_ego_1643,6340799,0,vehicle,0.7335978746414185,-30.56500150397966,17.764557558498165,1.3657505949995887,10.396825288197345,6.9372429847717285,2.4812121391296387,3.1124565601348877,23.20187986980851,421.4401041666667,235.55555555555557,400.89190043012303,218.5364368889067,441.98830790321034,252.57467422220444,0.008845147676765919,0.9999996423721313,
2026-07-15T21:51:04.219,66.14477621205151,20260715_214958_front_fusion_ego_1643,speedsweep_normal,fusion_ego_1643,6340799,1,vehicle,0.7306150794029236,-19.31985233883392,13.710821448305907,0.9586378468370276,95.62447400402328,5.384909629821777,2.050377130508423,2.4056179523468018,12.268822775214632,510.39843750000006,234.44444444444446,468.81261649727827,207.48523261812,551.9842585027218,261.4036562707689,0.0015292612370103598,0.9999701976776123,
2026-07-15T21:51:04.349,66.27482146699913,20260715_214958_front_fusion_ego_1643,speedsweep_normal,fusion_ego_1643,6340800,0,vehicle,0.7783138751983643,-29.423017084996797,17.194067373887332,1.0187590872657477,52.60440417838397,6.353477954864502,2.27959942817688,2.6710071563720703,21.3676610128237,421.4401041666667,234.44444444444446,401.8979952509205,217.68972363736896,440.9822130824129,251.19916525151996,0.018231278285384178,0.9999998807907104,
2026-07-15T21:51:04.349,66.27482146699913,20260715_214958_front_fusion_ego_1643,speedsweep_normal,fusion_ego_1643,6340800,1,vehicle,0.42021384835243225,-19.815203097757603,14.253834972749626,0.915174177467617,89.85441990747684,5.599913120269775,2.0231149196624756,2.3830370903015137,11.979987004404919,519.2942708333334,234.44444444444446,481.94906236728036,208.20683982637195,556.6394792993864,260.68204906251697,0.015261716209352016,0.9999974966049194,
2026-07-15T21:51:04.349,66.27482146699913,20260715_214958_front_fusion_ego_1643,speedsweep_normal,fusion_ego_1643,6340800,2,vehicle,0.11791808903217316,-22.702508454641563,21.230000808711072,1.8267313184824516,28.161802142090753,7.482460021972656,2.6910793781280518,3.63580322265625,15.367134595596415,279.10677083333337,226.66666666666669,246.28425355007252,196.78882161776227,311.9292881165942,256.5445117155711,0.0009441993315704167,0.9924782514572144,
2026-07-15T21:51:04.485,66.41064923303202,20260715_214958_front_fusion_ego_1643,speedsweep_normal,fusion_ego_1643,6340801,0,vehicle,0.7611435055732727,-30.1325477030436,16.978922656337694,1.2703402814976665,103.18964768572535,7.139588356018066,2.498094081878662,3.070495128631592,21.471054505428725,421.4401041666667,234.44444444444446,399.96526261294883,214.7588809993532,442.91494572038454,254.1300078895357,0.0031466970685869455,1.0,
2026-07-15T21:51:04.485,66.41064923303202,20260715_214958_front_fusion_ego_1643,speedsweep_normal,fusion_ego_1643,6340801,1,vehicle,0.564852774143219,-20.014252085779724,14.14329751886132,0.7793986422181018,88.86922413222032,5.182345867156982,1.8941819667816162,2.350088357925415,11.62020593962867,520.40625,235.55555555555557,478.9788753390313,209.4605103466246,561.8336246609688,261.6506007644865,0.0017219457076862454,0.9999982118606567,
2026-07-15T21:51:04.485,66.41064923303202,20260715_214958_front_fusion_ego_1643,speedsweep_normal,fusion_ego_1643,6340801,2,vehicle,0.06169763579964638,-24.38008475417996,23.70600756636014,1.5510354858692557,92.72278121669018,5.552001476287842,2.0996174812316895,2.6087141036987305,17.272197113608023,262.42708333333337,234.44444444444446,236.3867973809441,213.02460577752856,288.4673692857226,255.86428311136035,0.10121335089206696,0.9631077647209167,
2026-07-15T21:51:04.625,66.551225636038,20260715_214958_front_fusion_ego_1643,speedsweep_normal,fusion_ego_1643,6340802,0,vehicle,0.7635126113891602,-30.946193739507542,16.052018019019314,1.378600159612073,93.91594052263474,7.176156044006348,2.498295307159424,3.1586108207702637,21.760450099830916,421.4401041666667,235.55555555555557,402.1779359976451,214.6499839756224,440.7022723356883,256.4611271354887,0.018855510279536247,1.0,
2026-07-15T21:51:04.625,66.551225636038,20260715_214958_front_fusion_ego_1643,speedsweep_normal,fusion_ego_1643,6340802,1,vehicle,0.7295618653297424,-18.735407792913648,13.874767185538643,0.8400526405267748,81.38829726159499,5.066648960113525,1.9620031118392944,2.2006824016571045,9.931177611806302,529.3020833333334,235.55555555555557,476.7036752899488,204.07892796728348,581.9004913767179,267.03218314382764,0.0067598153837025166,0.9999972581863403,
2026-07-15T21:51:04.625,66.551225636038,20260715_214958_front_fusion_ego_1643,speedsweep_normal,fusion_ego_1643,6340802,2,vehicle,0.3665120601654053,-14.537450353626781,7.453975813764734,0.7154120069529899,-85.92326229208751,4.2606658935546875,1.6286758184432983,1.8542181253433228,10.565590412221168,769.4895833333334,270.0,704.1463616242012,216.66024684906006,834.8328050424656,323.33975315093994,0.9309605360031128,0.9964907765388489,
2026-07-15T21:51:04.758,66.68423479702324,20260715_214958_front_fusion_ego_1643,speedsweep_normal,fusion_ego_1643,6340803,0,vehicle,0.7811254262924194,-17.984363792583782,14.861678616003896,0.9757314201775036,118.72427384750743,5.0556321144104,1.9111675024032593,1.8695672750473022,8.522698826078429,529.3020833333334,243.33333333333334,475.869347323974,210.5222531159719,582.7348193426927,276.1444135506948,0.008362596854567528,0.9999984502792358,
2026-07-15T21:51:04.758,66.68423479702324,20260715_214958_front_fusion_ego_1643,speedsweep_normal,fusion_ego_1643,6340803,1,vehicle,0.6762732267379761,-28.56230063976558,16.460207924229895,1.2651384635205412,77.30911814866789,6.232244968414307,2.2144665718078613,2.7604753971099854,18.91871846806806,421.4401041666667,235.55555555555557,402.22458483527106,216.3927385542128,440.6556234980623,254.71837255689834,0.5103909373283386,1.0,
2026-07-15T21:51:04.890,66.81514378602151,20260715_214958_front_fusion_ego_1643,speedsweep_normal,fusion_ego_1643,6340804,0,vehicle,0.7865711450576782,-29.256600829692445,16.428733376075336,1.418192769852295,95.9416925738241,6.618771553039551,2.3877363204956055,2.976712226867676,19.226958580984082,421.4401041666667,235.55555555555557,401.9650797980527,215.43282243940567,440.91512853528064,255.67828867170547,0.00743774464353919,0.9999998807907104,
2026-07-15T21:51:04.890,66.81514378602151,20260715_214958_front_fusion_ego_1643,speedsweep_normal,fusion_ego_1643,6340804,1,vehicle,0.7727571725845337,-17.929772207967336,15.262034227328025,0.8879350703920922,96.31923987368577,5.092215538024902,1.95111083984375,1.939787745475769,8.027650906667422,538.1979166666667,243.33333333333334,483.62217437724274,210.12975295384726,592.7736589560907,276.53691371281946,0.050285205245018005,0.999975323677063,
2026-07-15T21:51:05.034,66.95969904505182,20260715_214958_front_fusion_ego_1643,speedsweep_normal,fusion_ego_1643,6340805,0,vehicle,0.7776063084602356,-17.055634191691528,14.64982485655883,0.8408688895866314,96.3824864952641,4.809815406799316,1.8785271644592285,1.8221461772918701,7.00590026359484,547.09375,243.33333333333334,485.27873675525194,207.77823527654013,608.9087632447481,278.8884313901266,0.05189099162817001,0.9999991655349731,
2026-07-15T21:51:05.034,66.95969904505182,20260715_214958_front_fusion_ego_1643,speedsweep_normal,fusion_ego_1643,6340805,1,vehicle,0.7229546308517456,-29.31910920181513,15.370924272784437,1.253594333762555,79.26315384426962,6.544388771057129,2.393845796585083,2.8424453735351562,19.012121174449224,421.4401041666667,235.55555555555557,401.03828132028383,218.43580934736465,441.84192701304954,252.6753017637465,0.0306896660476923,1.0,
2026-07-15T21:51:05.158,67.08405158598907,20260715_214958_front_fusion_ego_1643,speedsweep_normal,fusion_ego_1643,6340806,0,vehicle,0.8431999683380127,-30.39603684798294,15.695715763175079,1.2635140198008676,73.31438637203863,6.627434253692627,2.392749309539795,2.927263021469116,19.823825126458804,421.4401041666667,235.55555555555557,400.5785709122817,216.27167257997726,442.3016374210517,254.83943853113388,0.007684523705393076,1.0,
2026-07-15T21:51:05.158,67.08405158598907,20260715_214958_front_fusion_ego_1643,speedsweep_normal,fusion_ego_1643,6340806,1,vehicle,0.7198442220687866,-16.783451485039244,14.93520771259587,0.9935126487408594,99.7641668543821,4.5610198974609375,1.7206847667694092,1.8362128734588623,6.418138602002315,554.8776041666667,243.33333333333334,501.2001168529193,204.5589013894399,608.5550914804141,282.1077652772268,0.11651310324668884,0.9999998807907104,
2026-07-15T21:51:05.158,67.08405158598907,20260715_214958_front_fusion_ego_1643,speedsweep_normal,fusion_ego_1643,6340806,2,vehicle,0.1373596489429474,-32.594151299089916,5.872144541718055,0.9194844031635547,78.26985024602868,5.139016151428223,2.0487148761749268,2.5399796962738037,24.457204113453713,528.1901041666667,225.55555555555557,502.03117116043967,211.28152940008377,554.3490371728938,239.82958171102737,0.9506440758705139,0.09453597664833069,
2026-07-15T21:51:05.303,67.22917438403238,20260715_214958_front_fusion_ego_1643,speedsweep_normal,fusion_ego_1643,6340807,0,vehicle,0.9675019979476929,-17.949356548123742,14.256577721087213,0.9923884904871052,108.3560254710628,5.140493392944336,1.9123995304107666,1.908198356628418,7.506884272095996,554.8776041666667,244.44444444444446,479.12630556027096,202.08134200837878,630.6289027730625,286.80754688051013,0.014979456551373005,0.9999998807907104,
2026-07-15T21:51:05.303,67.22917438403238,20260715_214958_front_fusion_ego_1643,speedsweep_normal,fusion_ego_1643,6340807,1,vehicle,0.7785820960998535,-30.841557201669026,13.805323339673183,1.322480288399647,86.19294204626155,6.501626014709473,2.41121244430542,3.080458402633667,20.21081733520275,421.4401041666667,235.55555555555557,398.71156118313473,213.81910714838241,444.16864715019864,257.2920039627287,0.027792325243353844,1.0,
2026-07-15T21:51:05.432,67.35748841706663,20260715_214958_front_fusion_ego_1643,speedsweep_normal,fusion_ego_1643,6340808,0,vehicle,0.47387123107910156,-27.120229761267467,16.31047490071026,1.1254076023871404,102.4532744909593,5.9178786277771,2.1483242511749268,2.3151822090148926,16.054058388657605,421.4401041666667,243.33333333333334,400.642812880377,223.166756828626,442.2373954529564,263.4999098380407,0.13986915349960327,0.9999995231628418,
2026-07-15T21:51:05.432,67.35748841706663,20260715_214958_front_fusion_ego_1643,speedsweep_normal,fusion_ego_1643,6340808,1,vehicle,0.38852834701538086,-18.027323789196704,13.948439113271345,1.0173145703129962,90.68887401741922,4.909286975860596,1.947304606437683,2.0237433910369873,7.435606399795797,555.9895833333334,244.44444444444446,497.51608776052797,208.53828099038867,614.4630789061388,280.35060789850024,0.06218968331813812,0.9999861717224121,
2026-07-15T21:51:05.564,67.48971941496711,20260715_214958_front_fusion_ego_1643,speedsweep_normal,fusion_ego_1643,6340809,0,vehicle,0.9163709282875061,-17.81868294993882,13.974540231266264,1.0796401645574942,101.4578917976254,4.9331536293029785,1.9007251262664795,1.7000442743301392,6.94439939540695,572.6692708333334,252.22222222222223,496.96333896120393,211.35753048790826,648.3752027054628,293.0869139565362,0.011339694261550903,0.9999997615814209,
2026-07-15T21:51:05.564,67.48971941496711,20260715_214958_front_fusion_ego_1643,speedsweep_normal,fusion_ego_1643,6340809,1,vehicle,0.8489330410957336,-27.513129472607982,15.544759396160455,1.2117855725800604,86.8259183476669,6.208970069885254,2.2335586547851562,2.4373223781585693,16.16954498658335,421.4401041666667,243.33333333333334,397.2432712825636,223.2839568456014,445.63693705076975,263.3827098210653,0.0861770436167717,1.0,
2026-07-15T21:51:05.564,67.48971941496711,20260715_214958_front_fusion_ego_1643,speedsweep_normal,fusion_ego_1643,6340809,2,vehicle,0.0695011094212532,-33.41176639987362,22.536377449839513,2.179214842892584,-74.58176390495736,7.89739990234375,2.804259777069092,3.83425235748291,22.848757933693175,315.80208333333337,217.7777777777778,285.5649354284009,191.72282265292276,346.03923123826587,243.83273290263284,8.862027243594639e-06,0.9997811913490295,
2026-07-15T21:51:05.564,67.48971941496711,20260715_214958_front_fusion_ego_1643,speedsweep_normal,fusion_ego_1643,6340809,3,vehicle,0.052843689918518066,-39.65945443212321,19.225077299611296,1.6220435882011905,3.1521672096182987,5.919002532958984,2.23699951171875,3.159139394760132,28.411225218337485,394.7526041666667,225.55555555555557,372.6169146845738,210.58645370933746,416.88829364875954,240.52465740177368,0.004370416980236769,0.9962736368179321,
2026-07-15T21:51:05.702,67.62794125499204,20260715_214958_front_fusion_ego_1643,speedsweep_normal,fusion_ego_1643,6340810,0,vehicle,0.9237239956855774,-17.956068516767672,13.95106216224029,1.0718527222773524,130.68039318788684,4.857827186584473,1.9182788133621216,1.6491365432739258,6.757352139405814,581.5651041666667,253.33333333333334,474.7902129093806,208.3399244149526,688.3399954239528,298.3267422517141,0.028796207159757614,0.999996542930603,
2026-07-15T21:51:05.702,67.62794125499204,20260715_214958_front_fusion_ego_1643,speedsweep_normal,fusion_ego_1643,6340810,1,vehicle,0.46129676699638367,-28.888651452257804,13.89764957841291,1.0622461961111025,104.06496798096576,6.034235000610352,2.145111560821533,2.330960750579834,17.369123867429202,421.4401041666667,243.33333333333334,400.2236477981011,225.0494905312856,442.65656053523225,261.6171761353811,0.1644069105386734,0.9999997615814209,
2026-07-15T21:51:05.702,67.62794125499204,20260715_214958_front_fusion_ego_1643,speedsweep_normal,fusion_ego_1643,6340810,2,vehicle,0.1417604237794876,-30.910063275820875,27.121033408772334,2.3659135862465916,135.1355786382568,7.983957290649414,2.930629014968872,3.721879005432129,21.931791178419,225.73177083333334,217.7777777777778,177.386630927523,185.0836561785804,274.0769107391437,250.4718993769752,3.063857730012387e-05,0.9922547340393066,
2026-07-15T21:51:05.702,67.62794125499204,20260715_214958_front_fusion_ego_1643,speedsweep_normal,fusion_ego_1643,6340810,3,vehicle,0.09679614007472992,-34.51296076725906,10.124154999767331,1.2846899666587142,-4.906752262645777,5.393270969390869,2.12420654296875,2.391489028930664,23.669482723634008,474.8151041666667,234.44444444444446,454.1492380189399,220.74806329276828,495.48097031439346,248.14082559612064,0.005164033267647028,0.9993886947631836,
2026-07-15T21:51:05.832,67.75830554997083,20260715_214958_front_fusion_ego_1643,speedsweep_normal,fusion_ego_1643,6340811,0,vehicle,0.7255446314811707,-18.0198726146718,13.962316091145864,1.0937342055732029,118.98438858399989,4.839323997497559,1.9554804563522339,1.636694312095642,6.447800022130628,599.3567708333334,253.33333333333334,486.6602800091108,199.98749693234763,712.0532616575559,306.6791697343191,0.006871160119771957,0.9999805688858032,
2026-07-15T21:51:05.832,67.75830554997083,20260715_214958_front_fusion_ego_1643,speedsweep_normal,fusion_ego_1643,6340811,1,vehicle,0.580574631690979,-27.98787823508301,13.066336300245712,0.9991767769554265,91.20736703040185,5.840472221374512,2.110274076461792,2.264212131500244,16.249486309217968,421.4401041666667,243.33333333333334,399.11881193021935,223.95454486211142,443.761396403114,262.7121218045553,0.20900321006774902,0.9999997615814209,
2026-07-15T21:51:05.832,67.75830554997083,20260715_214958_front_fusion_ego_1643,speedsweep_normal,fusion_ego_1643,6340811,2,vehicle,0.34805333614349365,-17.73321642839075,14.025903052883425,0.8925568174456897,100.43134293076204,4.802761077880859,1.8467392921447754,1.7384772300720215,6.179006798817853,589.3489583333334,261.11111111111114,491.28537084658944,211.30070514149136,687.4125458200773,310.9215170807309,0.012293500825762749,0.999993085861206,
2026-07-15T21:51:05.832,67.75830554997083,20260715_214958_front_fusion_ego_1643,speedsweep_normal,fusion_ego_1643,6340811,3,vehicle,0.16192689538002014,-35.98457039712231,22.80304464786474,2.2431125017075484,-63.49295811804121,7.982317924499512,2.7973945140838623,3.838751792907715,24.687428733961205,314.6901041666667,217.7777777777778,286.10179208467406,194.04863403903116,343.2784162486593,241.50692151652444,0.00011659880692604929,0.9999549388885498,
2026-07-15T21:51:05.963,67.88891559198964,20260715_214958_front_fusion_ego_1643,speedsweep_normal,fusion_ego_1643,6340812,0,vehicle,0.7986674904823303,-18.03135735583421,13.672788809397103,1.0246053620294795,100.53780790607527,5.082716941833496,1.9202390909194946,1.9558627605438232,6.191296035099377,617.1484375,261.11111111111114,512.6729906648397,199.0017933315701,721.6238843351603,323.22042889065216,0.01542640570551157,0.9999969005584717,
2026-07-15T21:51:05.963,67.88891559198964,20260715_214958_front_fusion_ego_1643,speedsweep_normal,fusion_ego_1643,6340812,1,vehicle,0.5326989889144897,-27.6240775837569,13.308911044021208,0.9379042322047972,94.01654921912161,5.825315475463867,2.141409397125244,2.1533384323120117,15.415915504164467,421.4401041666667,243.33333333333334,398.0118858839075,223.32893570264181,444.8683224494259,263.3377309640249,0.08621770143508911,0.9999998807907104,
2026-07-15T21:51:05.963,67.88891559198964,20260715_214958_front_fusion_ego_1643,speedsweep_normal,fusion_ego_1643,6340812,2,vehicle,0.42088717222213745,-18.24098957361884,14.028071569161751,1.1339543896025108,13.021280308750278,4.929014682769775,1.9875253438949585,1.763757586479187,6.218532664491566,627.15625,253.33333333333334,502.51941287517553,193.9978023370107,751.7930871248245,312.668864329656,0.07038228958845139,0.9999821186065674,
2026-07-15T21:51:06.101,68.02684662805405,20260715_214958_front_fusion_ego_1643,speedsweep_normal,fusion_ego_1643,6340813,0,vehicle,0.674968421459198,-18.49185264775102,13.86438461222453,1.257873593474589,14.340881061921433,5.082056999206543,1.9972498416900635,2.130845069885254,6.064142943598821,652.7317708333334,261.11111111111114,557.6068724145492,196.2316436237759,747.8566692521175,325.99057859844635,0.027768637984991074,0.9999805688858032,
2026-07-15T21:51:06.101,68.02684662805405,20260715_214958_front_fusion_ego_1643,speedsweep_normal,fusion_ego_1643,6340813,1,vehicle,0.5159910321235657,-29.13296982160934,12.56623541168663,1.0347401007120767,101.57008453621405,5.981515407562256,2.1687753200531006,2.377488374710083,16.5725320626839,421.4401041666667,243.33333333333334,398.07739245767397,221.6817875703176,444.8028158756594,264.9848790963491,0.005269140470772982,0.9999970197677612,
2026-07-15T21:51:06.101,68.02684662805405,20260715_214958_front_fusion_ego_1643,speedsweep_normal,fusion_ego_1643,6340813,2,vehicle,0.24656161665916443,-38.136264839772,24.634735160140693,2.139863779613716,-74.09924416694648,8.809036254882812,3.0829195976257324,4.0544047355651855,26.376870884450202,306.90625,217.7777777777778,268.56456726044416,193.43542741404642,345.24793273955584,242.12012814150918,1.8420548713038443e-06,0.9999406337738037,
2026-07-15T21:51:06.239,68.16449361597188,20260715_214958_front_fusion_ego_1643,speedsweep_normal,fusion_ego_1643,6340814,0,vehicle,0.7909736633300781,-28.610251691235142,13.323264846699484,1.0270600978187967,92.20529366241257,5.991349220275879,2.2077138423919678,2.3603739738464355,15.367105931403533,421.4401041666667,243.33333333333334,399.10410432765883,221.39080007870993,443.77610400567454,265.2758665879568,0.037716709077358246,1.0,
2026-07-15T21:51:06.239,68.16449361597188,20260715_214958_front_fusion_ego_1643,speedsweep_normal,fusion_ego_1643,6340814,1,vehicle,0.2589532136917114,-17.43527012454869,13.318039690845067,0.8313535857843144,96.92780357058415,4.86129903793335,1.8541730642318726,1.882007360458374,5.054535048123687,652.7317708333334,278.8888888888889,544.1615531047186,203.4299521976047,761.3019885619482,354.3478255801731,0.0590987503528595,0.9999088048934937,
2026-07-15T21:51:06.239,68.16449361597188,20260715_214958_front_fusion_ego_1643,speedsweep_normal,fusion_ego_1643,6340814,2,vehicle,0.23833487927913666,-39.32996885076633,24.09744010199329,2.3059103418259985,-22.59740018539576,8.295084953308105,2.904665946960449,4.016444206237793,26.846576050267764,314.6901041666667,217.7777777777778,286.3782841960589,194.3321810828315,343.00192413727444,241.2233744727241,0.004845149349421263,0.9993470311164856,
2026-07-15T21:51:06.239,68.16449361597188,20260715_214958_front_fusion_ego_1643,speedsweep_normal,fusion_ego_1643,6340814,3,vehicle,0.19777441024780273,-34.65397554563495,8.886289215281256,0.9782305870815486,53.34927842575635,5.48826265335083,2.0123777389526367,2.3525142669677734,22.41253498964808,484.8229166666667,234.44444444444446,459.8002008373539,220.21981385019092,509.8456324959795,248.669075038698,5.781125582871027e-05,0.9995881915092468,
2026-07-15T21:51:06.239,68.16449361597188,20260715_214958_front_fusion_ego_1643,speedsweep_normal,fusion_ego_1643,6340814,4,vehicle,0.1886947602033615,-25.9525890268202,6.374014951558305,0.6876837703289667,79.44136794689685,4.587092399597168,1.7274751663208008,2.0142905712127686,16.015010041289216,545.9817708333334,252.22222222222223,501.8254884829124,232.6239718331231,590.1380531837543,271.82047261132135,0.0035046222619712353,0.992682158946991,
2026-07-15T21:51:06.372,68.298082127003,20260715_214958_front_fusion_ego_1643,speedsweep_normal,fusion_ego_1643,6340815,0,vehicle,0.40384334325790405,-27.24758169788747,15.368871316291528,1.1059880461127558,89.38204587701063,5.788410186767578,2.1053476333618164,2.3955161571502686,13.166080402024187,421.4401041666667,243.33333333333334,400.3029027829568,218.45683177312216,442.5773055503766,268.20983489354455,0.08012400567531586,0.9999998807907104,
2026-07-15T21:51:06.372,68.298082127003,20260715_214958_front_fusion_ego_1643,speedsweep_normal,fusion_ego_1643,6340815,1,vehicle,0.2024863213300705,-39.19791683438973,24.57044841833303,2.2108971051459854,-58.14884761897354,8.53856086730957,3.0446975231170654,4.068573474884033,26.330998310338675,306.90625,217.7777777777778,266.84329418838024,191.69818745719064,346.96920581161976,243.85736809836496,5.309102198225446e-05,0.9989799857139587,
2026-07-15T21:51:06.372,68.298082127003,20260715_214958_front_fusion_ego_1643,speedsweep_normal,fusion_ego_1643,6340815,2,vehicle,0.16292336583137512,-19.06432071235515,12.95737015921963,0.8951178539393467,59.77335464398568,4.585737228393555,1.8436344861984253,1.8775655031204224,6.109854349178875,680.53125,287.77777777777777,564.0095608532429,194.2170916663276,797.0529391467571,381.33846388922797,0.28603094816207886,0.9994286894798279,
2026-07-15T21:51:06.372,68.298082127003,20260715_214958_front_fusion_ego_1643,speedsweep_normal,fusion_ego_1643,6340815,3,vehicle,0.12518656253814697,-31.391051952472324,9.249046857793813,0.7604835773555596,58.86803086162782,5.066421031951904,1.8878875970840454,2.166635751724243,18.735860370411185,492.60677083333337,234.44444444444446,464.24339312811696,218.7886890437868,520.9701485385498,250.1001998451021,0.00605442188680172,0.9790173172950745,
2026-07-15T21:51:06.507,68.43301780801266,20260715_214958_front_fusion_ego_1643,speedsweep_normal,fusion_ego_1643,6340816,0,vehicle,0.8094223737716675,-30.092235703784837,12.852703645388292,0.8441186998793757,101.06448000658693,5.735927104949951,2.1858558654785156,2.3738651275634766,15.898637851137636,421.4401041666667,235.55555555555557,399.56168160835904,211.50375101301407,443.31852672497433,259.60736009809705,0.015118284150958061,1.0,
2026-07-15T21:51:06.507,68.43301780801266,20260715_214958_front_fusion_ego_1643,speedsweep_normal,fusion_ego_1643,6340816,1,vehicle,0.19853995740413666,-37.44442564635705,23.223339787930534,1.9340291990140592,-71.82111242265566,8.52939224243164,3.0451502799987793,3.9273486137390137,23.77851575057764,298.0104166666667,216.66666666666669,258.9764044756691,191.40777866045636,337.0444288576643,241.925554672877,5.188341674511321e-06,0.999921441078186,
2026-07-15T21:51:06.507,68.43301780801266,20260715_214958_front_fusion_ego_1643,speedsweep_normal,fusion_ego_1643,6340816,2,vehicle,0.09844043850898743,-36.6363266146484,9.378419251940326,0.8336911471337167,-51.96747833489982,5.484126091003418,2.0989203453063965,2.623371124267578,23.138904719191878,484.8229166666667,226.66666666666669,458.4548926452796,209.91000215212506,511.1909406880538,243.4233311812083,0.0006805738084949553,0.9963950514793396,
2026-07-15T21:51:06.638,68.56358936906327,20260715_214958_front_fusion_ego_1643,speedsweep_normal,fusion_ego_1643,6340817,0,vehicle,0.5636808276176453,-28.38042548786416,14.604014345338582,0.9955814737294708,101.70651794189118,6.290947437286377,2.248940944671631,2.4794769287109375,13.421875549944758,421.4401041666667,243.33333333333334,396.5325167650978,216.6935529311498,446.3476915682356,269.9731137355169,0.013813028112053871,0.9999998807907104,
2026-07-15T21:51:06.638,68.56358936906327,20260715_214958_front_fusion_ego_1643,speedsweep_normal,fusion_ego_1643,6340817,1,vehicle,0.23485520482063293,-35.634577213827,9.732980243860148,0.8052925545380356,82.22944990591016,5.649625778198242,2.0550448894500732,2.5854878425598145,21.63140276227096,492.60677083333337,226.66666666666669,460.6516489659747,210.4083691040675,524.561892700692,242.92496422926587,3.863070014631376e-05,0.9995096921920776,
2026-07-15T21:51:06.638,68.56358936906327,20260715_214958_front_fusion_ego_1643,speedsweep_normal,fusion_ego_1643,6340817,2,vehicle,0.17144547402858734,-38.348603482130564,23.59279328705667,2.0000378216158463,-40.38095340370459,8.194865226745605,2.9407267570495605,3.857943534851074,24.302194436097743,298.0104166666667,216.66666666666669,252.46027799199027,190.99442342917126,343.5605553413431,242.3389099041621,8.247368441516301e-07,0.9999630451202393,
2026-07-15T21:51:06.776,68.70168964506593,20260715_214958_front_fusion_ego_1643,speedsweep_normal,fusion_ego_1643,6340818,0,vehicle,0.6963406801223755,-28.92036749228033,16.175169908654684,1.0644666125002056,74.47381262921347,6.279533863067627,2.2539584636688232,2.6715312004089355,13.36660213888218,421.4401041666667,243.33333333333334,391.60147407154244,215.9353675444921,451.27873426179093,270.7312991221746,0.012231574393808842,0.9999998807907104,
2026-07-15T21:51:06.776,68.70168964506593,20260715_214958_front_fusion_ego_1643,speedsweep_normal,fusion_ego_1643,6340818,1,vehicle,0.17038105428218842,-18.545047923202937,13.62852180708275,1.1011495871275523,-101.46356526847046,4.619411468505859,1.669407844543457,2.2866294384002686,4.167107463332971,688.3151041666667,243.33333333333334,603.8953488568466,161.9752319653829,772.7348594764869,324.6914347012838,0.0914645865559578,0.9542044401168823,
2026-07-15T21:51:06.776,68.70168964506593,20260715_214958_front_fusion_ego_1643,speedsweep_normal,fusion_ego_1643,6340818,2,vehicle,0.1599874347448349,-38.686214669801714,23.23519690277899,2.2118161351440566,-49.331330522572166,8.483487129211426,3.0033340454101562,4.134617805480957,24.087736742649025,305.79427083333337,217.7777777777778,266.1776078840097,190.27016686068643,345.410933782657,245.28538869486917,1.542245058772096e-06,0.9987682700157166,
2026-07-15T21:51:06.776,68.70168964506593,20260715_214958_front_fusion_ego_1643,speedsweep_normal,fusion_ego_1643,6340818,3,vehicle,0.12655875086784363,-35.79773096615679,10.852929943163774,0.8785212621729288,107.06989385666373,5.380677700042725,2.026095390319824,2.571249008178711,21.01779940413331,492.60677083333337,226.66666666666669,460.43145169069373,209.952795902888,524.782089975973,243.38053743044537,9.327899169875309e-05,0.9966524243354797,
2026-07-15T21:51:06.776,68.70168964506593,20260715_214958_front_fusion_ego_1643,speedsweep_normal,fusion_ego_1643,6340818,4,vehicle,0.11324519664049149,-17.749575303455806,14.095251716429567,1.0654759597755925,-29.871362967857806,4.375811576843262,1.651233196258545,2.1119885444641113,3.289158894525328,689.4270833333334,305.55555555555554,602.1386487980684,208.38601801130508,776.7155178685983,402.7250930998061,0.07703854888677597,0.9644842743873596,
2026-07-15T21:51:06.905,68.8306386990007,20260715_214958_front_fusion_ego_1643,speedsweep_normal,fusion_ego_1643,6340819,0,vehicle,0.9444593787193298,-28.77766139773177,15.816613333474468,1.0093750246243007,73.54999994970505,6.032623767852783,2.17510724067688,2.605372905731201,12.830377378116303,421.4401041666667,243.33333333333334,395.1307180809478,217.7273174126943,447.74949025238556,268.9393492539724,0.0043682013638317585,1.0,
2026-07-15T21:51:06.905,68.8306386990007,20260715_214958_front_fusion_ego_1643,speedsweep_normal,fusion_ego_1643,6340819,1,vehicle,0.24747306108474731,-35.536722821686894,12.752567888392155,0.8540969583359166,95.5093401628421,5.534638404846191,2.065911293029785,2.7078211307525635,19.929048515071614,493.71875000000006,226.66666666666669,458.5274147316814,209.56189612547558,528.9100852683187,243.7714372078578,0.0004915074678137898,0.9999614953994751,
2026-07-15T21:51:06.905,68.8306386990007,20260715_214958_front_fusion_ego_1643,speedsweep_normal,fusion_ego_1643,6340819,2,vehicle,0.15544493496418,-22.48919305688547,10.370976545067084,0.8683357846771431,36.30353214639634,4.402007102966309,1.8007569313049316,1.9626840353012085,8.973519915464067,573.78125,244.44444444444446,518.5940939337015,212.6798548963335,628.9684060662985,276.2090339925554,0.00556739280000329,0.9943848848342896,
2026-07-15T21:51:06.905,68.8306386990007,20260715_214958_front_fusion_ego_1643,speedsweep_normal,fusion_ego_1643,6340819,3,vehicle,0.1537807136774063,-39.365768053106805,25.387937884164838,2.0372231971380117,-78.38693767682298,7.67911958694458,2.758852005004883,3.918060779571533,25.023118672552958,296.8984375,217.7777777777778,261.82990100979805,191.59540520773996,331.96697399020195,243.96015034781564,0.0001235960517078638,0.9998646974563599,
2026-07-15T21:51:07.040,68.9660408400232,20260715_214958_front_fusion_ego_1643,speedsweep_normal,fusion_ego_1643,6340820,0,vehicle,0.4837521016597748,-27.319844937082586,15.691859602204373,1.0415416909323685,88.71222684111345,5.715378761291504,2.052173137664795,2.6735403537750244,11.043416439286863,421.4401041666667,243.33333333333334,395.31530596936744,213.29954465230307,447.5649023639659,273.36712201436364,0.12006234377622604,1.0,
2026-07-15T21:51:07.040,68.9660408400232,20260715_214958_front_fusion_ego_1643,speedsweep_normal,fusion_ego_1643,6340820,1,vehicle,0.3584093153476715,-34.46064687003624,12.197441886792804,1.0290897324644037,103.35838898772232,5.477910041809082,2.0579614639282227,2.608471155166626,18.65507470622921,501.5026041666667,226.66666666666669,464.2899231935541,210.0896207491557,538.7152851397793,243.24371258417767,0.0002286749513586983,0.9999116659164429,
2026-07-15T21:51:07.040,68.9660408400232,20260715_214958_front_fusion_ego_1643,speedsweep_normal,fusion_ego_1643,6340820,2,vehicle,0.2278551161289215,-20.44684934646434,13.161385143451234,0.9353797892892879,48.89068516714152,4.386754989624023,1.742900013923645,1.9735620021820068,5.347759401984225,582.6770833333334,243.33333333333334,530.704045859476,190.72829445203146,634.6501208071908,295.93837221463525,0.01703813672065735,0.98329758644104,
2026-07-15T21:51:07.040,68.9660408400232,20260715_214958_front_fusion_ego_1643,speedsweep_normal,fusion_ego_1643,6340820,3,vehicle,0.055612292140722275,-38.86060166150001,26.68003794812983,1.9811422813554564,-110.38800724942311,7.777856826782227,2.7628090381622314,3.7734670639038086,24.736422529505962,288.0026041666667,217.7777777777778,245.67263192186755,194.63920818434823,330.3325764114658,240.91634737120737,0.00010320993169443682,0.9999485015869141,
2026-07-15T21:51:07.183,69.10910500003956,20260715_214958_front_fusion_ego_1643,speedsweep_normal,fusion_ego_1643,6340821,0,vehicle,0.8163834810256958,-28.175833042286744,17.38073057165945,1.0348309301020564,70.69958416580067,5.752909183502197,2.0777015686035156,2.4127113819122314,11.58833472199702,421.4401041666667,244.44444444444446,393.104321906964,219.89483621385364,449.77588642636937,268.9940526750353,0.014219450764358044,1.0,
2026-07-15T21:51:07.183,69.10910500003956,20260715_214958_front_fusion_ego_1643,speedsweep_normal,fusion_ego_1643,6340821,1,vehicle,0.6572267413139343,-18.64536077535648,12.928078434912953,0.952877267930945,45.203031765382036,5.57590913772583,2.109485626220703,2.245323896408081,4.147366226051561,591.5729166666667,244.44444444444446,529.5705954382818,174.00246885087756,653.5752378950517,314.88642003801135,0.08884219080209732,0.9943787455558777,
2026-07-15T21:51:07.183,69.10910500003956,20260715_214958_front_fusion_ego_1643,speedsweep_normal,fusion_ego_1643,6340821,2,vehicle,0.3802470862865448,-30.584979016059876,12.339979919831942,0.8358710502789419,92.17825388573561,5.448096752166748,1.9962210655212402,2.176126480102539,14.579395973416851,502.61458333333337,234.44444444444446,462.0115756814679,217.77230348851947,543.2175909851989,251.11658540036944,0.00010600448149489239,0.9999715089797974,
2026-07-15T21:51:07.183,69.10910500003956,20260715_214958_front_fusion_ego_1643,speedsweep_normal,fusion_ego_1643,6340821,3,vehicle,0.13185802102088928,-39.019009524901584,25.241591218728352,2.0282460458270357,-89.58787793735276,7.782392501831055,2.8268566131591797,3.671118974685669,24.036569308146312,289.11458333333337,217.7777777777778,241.80610830088457,193.9452205763923,336.42305836578214,241.6103349791633,5.285395309329033e-05,0.9996765851974487,
2026-07-15T21:51:07.183,69.10910500003956,20260715_214958_front_fusion_ego_1643,speedsweep_normal,fusion_ego_1643,6340821,4,vehicle,0.12601907551288605,-20.180334774781798,13.707127833602708,1.0833335037479705,-54.61570462049278,5.127736568450928,1.915423035621643,2.4300830364227295,4.542817606570985,750.5859375,243.33333333333334,666.8519134223461,126.38893445332846,834.3199615776539,360.27773221333825,0.007358748000115156,0.8229195475578308,
2026-07-15T21:51:07.318,69.24430350307375,20260715_214958_front_fusion_ego_1643,speedsweep_normal,fusion_ego_1643,6340822,0,vehicle,0.688984751701355,-28.304911723457483,16.837603385217317,1.0310861106750482,-20.63621101223445,5.4281721115112305,2.004040241241455,2.406674861907959,11.383885095513506,421.4401041666667,244.44444444444446,394.50407654295367,217.8426441219118,448.3761317903797,271.0462447669771,0.06081487983465195,1.0,
2026-07-15T21:51:07.318,69.24430350307375,20260715_214958_front_fusion_ego_1643,speedsweep_normal,fusion_ego_1643,6340822,1,vehicle,0.3524523675441742,-31.370255726900076,13.91441883061969,1.055778350427898,109.90712977627335,5.552280902862549,2.071093797683716,2.4567787647247314,14.671976625600626,502.61458333333337,234.44444444444446,458.57954405744874,213.63254990842609,546.649622609218,255.25633898046283,0.0005741816712543368,0.9999361038208008,
2026-07-15T21:51:07.318,69.24430350307375,20260715_214958_front_fusion_ego_1643,speedsweep_normal,fusion_ego_1643,6340822,2,vehicle,0.15638957917690277,-18.335701646233517,12.57045867719604,0.947447386664809,-95.9320405650904,5.350844383239746,2.0434772968292236,1.9809670448303223,4.21815476004551,608.2526041666667,252.22222222222223,538.2047248582046,176.82175053490533,678.3004834751289,327.6226939095391,0.021269770339131355,0.9987784028053284,
2026-07-15T21:51:07.318,69.24430350307375,20260715_214958_front_fusion_ego_1643,speedsweep_normal,fusion_ego_1643,6340822,3,vehicle,0.10690438002347946,-21.015990626712597,10.857662172419712,0.891942340845584,-65.76136739286002,4.337621688842773,1.6257059574127197,1.8763236999511719,6.9971147572207935,795.0651041666667,252.22222222222223,737.0724068979423,153.26897276772394,853.0578014353912,351.1754716767205,0.2879103720188141,0.31523290276527405,
2026-07-15T21:51:07.445,69.37111718102824,20260715_214958_front_fusion_ego_1643,speedsweep_normal,fusion_ego_1643,6340823,0,vehicle,0.6044028997421265,-28.433554172117844,16.75900998256793,0.9453934561261681,-21.52126951942,5.604058265686035,2.049844741821289,2.465299367904663,11.257796802127762,421.4401041666667,244.44444444444446,393.62399371216696,215.07453825738696,449.2562146211664,273.81435063150195,0.08490648865699768,1.0,
2026-07-15T21:51:07.445,69.37111718102824,20260715_214958_front_fusion_ego_1643,speedsweep_normal,fusion_ego_1643,6340823,1,vehicle,0.5222495794296265,-18.58198809142964,13.295745388571289,1.0621527514677718,96.2211824922018,5.499443531036377,2.0688669681549072,2.182598352432251,3.5284256210816665,617.1484375,252.22222222222223,559.2070689052343,190.3664697541131,675.0898060947657,314.07797469033136,0.020307838916778564,0.9990842342376709,
2026-07-15T21:51:07.577,69.50287180405576,20260715_214958_front_fusion_ego_1643,speedsweep_normal,fusion_ego_1643,6340824,0,vehicle,0.6309332251548767,-29.689068156261897,17.369588948654652,0.8578268579972996,104.6172684516283,5.617462158203125,2.1061742305755615,2.4312288761138916,12.3559005395331,421.4401041666667,244.44444444444446,389.52272958556813,214.82090142038135,453.35747874776524,274.06798746850757,0.18563376367092133,0.9999996423721313,
2026-07-15T21:51:07.577,69.50287180405576,20260715_214958_front_fusion_ego_1643,speedsweep_normal,fusion_ego_1643,6340824,1,vehicle,0.4454813599586487,-19.067816268710093,13.32767820390849,0.8365259135868515,103.73014968457188,5.089873313903809,1.9552556276321411,1.7913280725479126,3.6625036451829986,626.0442708333334,252.22222222222223,568.4577299108108,202.6110006703271,683.6308117558559,301.83344377411737,0.0004293950623832643,0.9989424347877502,
2026-07-15T21:51:07.577,69.50287180405576,20260715_214958_front_fusion_ego_1643,speedsweep_normal,fusion_ego_1643,6340824,2,vehicle,0.42136895656585693,-31.308034854098043,12.167041990523241,0.8796225721206312,105.131817791885,5.672147274017334,2.0092811584472656,2.3485984802246094,14.601043383124713,510.39843750000006,234.44444444444446,474.7087744250894,217.21822526719836,546.0881005749106,251.67066362169055,7.005303632467985e-05,0.9997969269752502,
2026-07-15T21:51:07.710,69.63573125307448,20260715_214958_front_fusion_ego_1643,speedsweep_normal,fusion_ego_1643,6340825,0,vehicle,0.46417707204818726,-29.98811590133077,18.407112109939863,0.9575890508163099,15.035583632058076,5.861045837402344,2.198643207550049,2.550607919692993,12.606654885893683,421.4401041666667,244.44444444444446,391.13749263683957,218.6216362979677,451.7427156964938,270.2672525909212,0.030119232833385468,0.9999877214431763,
2026-07-15T21:51:07.710,69.63573125307448,20260715_214958_front_fusion_ego_1643,speedsweep_normal,fusion_ego_1643,6340825,1,vehicle,0.37836146354675293,-18.916986104694402,13.28623774166626,0.7872496782174103,44.29311101980153,5.2821784019470215,2.0276811122894287,1.8831274509429932,3.5794356069487647,627.15625,253.33333333333334,566.4998318850994,199.00430281956992,687.8126681149006,307.6623638470968,0.02030201070010662,0.9938206076622009,
2026-07-15T21:51:07.710,69.63573125307448,20260715_214958_front_fusion_ego_1643,speedsweep_normal,fusion_ego_1643,6340825,2,vehicle,0.30096375942230225,-42.15277298113729,27.017043866482368,2.313398243207729,-70.21584190849052,8.077927589416504,2.9045815467834473,4.051975727081299,26.776019009624676,298.0104166666667,217.7777777777778,257.7090405325095,191.99121879206766,338.31179280082387,243.56433676348794,5.277336822473444e-05,0.9984036087989807,
2026-07-15T21:51:07.710,69.63573125307448,20260715_214958_front_fusion_ego_1643,speedsweep_normal,fusion_ego_1643,6340825,3,vehicle,0.2869587242603302,-30.988810891145587,12.2001141274317,1.0058872812313027,58.83916003832579,4.913448810577393,1.8895741701126099,2.256896734237671,14.131803176571282,510.39843750000006,234.44444444444446,477.2498142048717,217.2403981950548,543.5470607951283,251.6484906938341,0.0008057042141444981,0.9987260699272156,
2026-07-15T21:51:07.860,69.78573532996234,20260715_214958_front_fusion_ego_1643,speedsweep_normal,fusion_ego_1643,6340826,0,vehicle,0.6362993717193604,-18.712575383312192,13.06385961026648,0.8351434382539988,-3.634078566536781,5.712899684906006,2.0939714908599854,2.1104683876037598,3.6583588645606917,643.8359375,253.33333333333334,564.2759202122688,181.75963004430136,723.3959547877312,324.90703662236535,0.13626770675182343,0.9837892651557922,
2026-07-15T21:51:07.860,69.78573532996234,20260715_214958_front_fusion_ego_1643,speedsweep_normal,fusion_ego_1643,6340826,1,vehicle,0.41779690980911255,-31.659614957205125,11.014866564740908,0.9814152229450599,81.41147965033969,5.312219619750977,1.9878779649734497,2.171414375305176,15.024224464620666,510.39843750000006,234.44444444444446,476.51717644184833,217.89675798681048,544.2796985581517,250.99213090207843,0.000514823361299932,0.9999953508377075,
2026-07-15T21:51:07.860,69.78573532996234,20260715_214958_front_fusion_ego_1643,speedsweep_normal,fusion_ego_1643,6340826,2,vehicle,0.1667303442955017,-30.366462332084904,17.12742391728277,0.9823278171564018,-20.34625312902527,5.263489246368408,2.0754599571228027,2.2941701412200928,12.7085995295909,421.4401041666667,244.44444444444446,388.3047854776184,222.4470474984911,454.575422855715,266.4418413903978,0.05553920567035675,0.9999063014984131,
2026-07-15T21:51:07.992,69.91816391504835,20260715_214958_front_fusion_ego_1643,speedsweep_normal,fusion_ego_1643,6340827,0,vehicle,0.3503967523574829,-19.020294066021954,13.276473180137794,0.8316648828524436,32.119168410941725,5.507683277130127,2.04115629196167,2.0654308795928955,3.5266503477812434,652.7317708333334,253.33333333333334,564.3362225492796,189.8028882344564,741.1273191173872,316.8637784322103,0.635396420955658,0.9968525767326355,
2026-07-15T21:51:07.992,69.91816391504835,20260715_214958_front_fusion_ego_1643,speedsweep_normal,fusion_ego_1643,6340827,1,vehicle,0.32141241431236267,-30.088043936683558,11.541010108587194,0.8135678675900335,79.8740952237524,4.914864540100098,1.8119019269943237,2.1301939487457275,13.287796279122862,510.39843750000006,234.44444444444446,474.21908093243843,214.84810736444263,546.5777940675616,254.0407815244463,0.0005808139685541391,0.9999170303344727,
2026-07-15T21:51:07.992,69.91816391504835,20260715_214958_front_fusion_ego_1643,speedsweep_normal,fusion_ego_1643,6340827,2,vehicle,0.29680562019348145,-29.895743098590245,17.77634333183252,0.8786567755901713,12.657169755728267,5.745882987976074,2.1257896423339844,2.4861042499542236,12.196915334951855,421.4401041666667,244.44444444444446,392.1007117579381,220.41758802202014,450.7794965753953,268.4713008668688,0.012937846593558788,0.9999955892562866,
2026-07-15T21:51:07.992,69.91816391504835,20260715_214958_front_fusion_ego_1643,speedsweep_normal,fusion_ego_1643,6340827,3,vehicle,0.21958450973033905,-18.958092400091854,12.815324278190502,0.824310843957131,32.86645034479062,5.7173991203308105,2.129089117050171,2.1785616874694824,3.935375730343092,642.7239583333334,253.33333333333334,567.6609360774358,168.23328574498495,717.7869805892309,338.43338092168176,0.023171229287981987,0.9749333262443542,
2026-07-15T21:51:08.123,70.04849733796436,20260715_214958_front_fusion_ego_1643,speedsweep_normal,fusion_ego_1643,6340828,0,vehicle,0.39617037773132324,-30.37352708931245,12.409877759741079,0.910949502017286,75.36465724930389,5.03540563583374,1.890925407409668,2.085960865020752,13.224911833755199,510.39843750000006,234.44444444444446,471.5779130160809,215.65861549642352,549.2189619839191,253.2302733924654,0.0007755110273137689,0.9999932050704956,
2026-07-15T21:51:08.123,70.04849733796436,20260715_214958_front_fusion_ego_1643,speedsweep_normal,fusion_ego_1643,6340828,1,vehicle,0.2790759801864624,-19.02746389723705,13.315829460363236,0.8658455866085824,11.18303438512306,5.4745683670043945,2.078714370727539,2.1199419498443604,3.4748154394343738,652.7317708333334,253.33333333333334,576.3991353859504,191.68938239415488,729.0644062807163,314.97728427251184,0.33829206228256226,0.9810753464698792,
2026-07-15T21:51:08.123,70.04849733796436,20260715_214958_front_fusion_ego_1643,speedsweep_normal,fusion_ego_1643,6340828,2,vehicle,0.26477235555648804,-28.830240532744625,17.801650537244267,0.8166333433121611,20.668003676657182,5.283815383911133,1.977609634399414,2.224611282348633,11.115459380166289,421.4401041666667,244.44444444444446,389.32103850195807,220.11477377679614,453.5591698313753,268.7741151120928,0.02970157563686371,0.9999970197677612,
2026-07-15T21:51:08.250,70.17628642101772,20260715_214958_front_fusion_ego_1643,speedsweep_normal,fusion_ego_1643,6340829,0,vehicle,0.4846270978450775,-30.339323306695892,11.069655566079689,0.870269862000761,70.49194551760353,5.3452630043029785,1.9945998191833496,2.248137950897217,13.673588499723174,511.5104166666667,234.44444444444446,473.6072323645155,215.25755729940204,549.413600968818,253.63133158948688,0.0002515381493140012,0.9999926090240479,
2026-07-15T21:51:08.250,70.17628642101772,20260715_214958_front_fusion_ego_1643,speedsweep_normal,fusion_ego_1643,6340829,1,vehicle,0.18291853368282318,-30.403372348048833,18.327630623551137,0.8958226673695382,23.611281833312972,5.341728210449219,2.035207986831665,2.428532600402832,12.74085747884498,421.4401041666667,244.44444444444446,391.67078082511824,220.41120615270404,451.20942750821513,268.4776827361849,0.053857821971178055,0.9999622106552124,
2026-07-15T21:51:08.250,70.17628642101772,20260715_214958_front_fusion_ego_1643,speedsweep_normal,fusion_ego_1643,6340829,2,vehicle,0.12671735882759094,-19.405269824708924,13.407952359864009,0.8457724083686626,-56.151514383383365,4.287646293640137,1.6760846376419067,1.6425023078918457,3.550009434281926,636.0520833333334,261.11111111111114,582.1491685261329,219.13987583584256,689.9549981405338,303.0823463863797,0.03919297829270363,0.9936171770095825,
2026-07-15T21:51:08.250,70.17628642101772,20260715_214958_front_fusion_ego_1643,speedsweep_normal,fusion_ego_1643,6340829,3,vehicle,0.09241075813770294,-19.06756155628379,13.360514236629697,0.9559975873369835,13.386369546216208,5.490359783172607,2.0722084045410156,2.22953724861145,3.4345702387784436,652.7317708333334,253.33333333333334,573.525397737821,185.10396560033163,731.9381439288458,321.5627010663351,0.7783509492874146,0.9820333123207092,
2026-07-15T21:51:08.380,70.30607527599204,20260715_214958_front_fusion_ego_1643,speedsweep_normal,fusion_ego_1643,6340830,0,vehicle,0.4270354211330414,-27.07570437111649,17.062141932252704,1.133812918106935,100.1758312164571,5.271642208099365,2.0549018383026123,2.11828351020813,9.29723015772879,421.4401041666667,252.22222222222223,385.329488063852,221.89859403504266,457.55072026948136,282.5458504094018,0.18734976649284363,0.9999980926513672,
2026-07-15T21:51:08.380,70.30607527599204,20260715_214958_front_fusion_ego_1643,speedsweep_normal,fusion_ego_1643,6340830,1,vehicle,0.2234620898962021,-30.69304983493877,9.73974200434185,0.8370410319379875,88.22879237414996,4.986211776733398,1.9014265537261963,2.114694118499756,14.57318632327129,511.5104166666667,235.55555555555557,472.30036500344676,216.120519373152,550.7204683298867,254.99059173795914,0.001156734535470605,0.9999618530273438,
2026-07-15T21:51:08.380,70.30607527599204,20260715_214958_front_fusion_ego_1643,speedsweep_normal,fusion_ego_1643,6340830,2,vehicle,0.15527214109897614,-19.427609810868752,13.537596361493607,0.9158719442681038,-31.799142725558482,4.288571834564209,1.696221113204956,1.6344902515411377,3.4387058011929326,636.0520833333334,262.22222222222223,585.933307727178,222.2829712761773,686.1708589394888,302.16147316826715,0.016132190823554993,0.9959911704063416,
2026-07-15T21:51:08.380,70.30607527599204,20260715_214958_front_fusion_ego_1643,speedsweep_normal,fusion_ego_1643,6340830,3,vehicle,0.12162944674491882,-41.56112217027621,27.730087299092368,2.416846985931203,-55.96141672748618,7.304084777832031,2.6917290687561035,3.839888095855713,26.290474092649152,298.0104166666667,217.7777777777778,259.95747442046803,192.2856234179603,336.06335891286534,243.2699321375953,0.000992180546745658,0.99406498670578,
2026-07-15T21:51:08.380,70.30607527599204,20260715_214958_front_fusion_ego_1643,speedsweep_normal,fusion_ego_1643,6340830,4,vehicle,0.09095794707536697,-18.479714891557155,13.17993259802462,1.0456941245179516,-27.143001007231977,5.547971248626709,2.087514877319336,2.413559913635254,3.4279190684967964,652.7317708333334,253.33333333333334,571.1074207921823,173.44354470570883,734.3561208744844,333.2231219609579,0.968705952167511,0.9817308187484741,
2026-07-15T21:51:08.524,70.44951253500767,20260715_214958_front_fusion_ego_1643,speedsweep_normal,fusion_ego_1643,6340831,0,vehicle,0.2522740960121155,-27.603073865302953,16.933842062204377,1.2477029961139272,100.7302992824701,5.630157470703125,2.1846325397491455,2.3237130641937256,9.81274610180216,421.4401041666667,252.22222222222223,386.3011887917916,222.21905006302728,456.57901954154175,282.2253943814172,0.5086283683776855,0.9999688863754272,
2026-07-15T21:51:08.524,70.44951253500767,20260715_214958_front_fusion_ego_1643,speedsweep_normal,fusion_ego_1643,6340831,1,vehicle,0.21574154496192932,-31.209610815556523,8.764425925837214,0.7980334279844099,98.82823009432686,4.964960098266602,1.8844916820526123,2.1229286193847656,15.497199221599644,511.5104166666667,235.55555555555557,476.60712834695977,216.79504844877457,546.4137049863737,254.31606266233658,0.0023074448108673096,0.9999724626541138,
2026-07-15T21:51:08.524,70.44951253500767,20260715_214958_front_fusion_ego_1643,speedsweep_normal,fusion_ego_1643,6340831,2,vehicle,0.16025830805301666,-42.12645768372565,27.71644119998613,2.5427301314857864,-45.55433230297282,8.296101570129395,2.9499621391296387,4.396618366241455,26.801137253257696,296.8984375,217.7777777777778,259.4247705489397,188.56705175505746,334.3721044510603,246.98850380049814,0.00019018922466784716,0.9977408647537231,
2026-07-15T21:51:08.524,70.44951253500767,20260715_214958_front_fusion_ego_1643,speedsweep_normal,fusion_ego_1643,6340831,3,vehicle,0.15583674609661102,-19.15727792238133,13.610776137182759,0.8701862516924388,-22.35187495516076,4.451959609985352,1.7651042938232422,1.6343755722045898,3.263443661424361,636.0520833333334,262.22222222222223,586.7022770543894,218.01237954033746,685.4018896122774,306.432064904107,0.02750096470117569,0.9947317838668823,
2026-07-15T21:51:08.652,70.57753447396681,20260715_214958_front_fusion_ego_1643,speedsweep_normal,fusion_ego_1643,6340832,0,vehicle,0.2918432354927063,-29.920777871691804,18.362414328075822,1.0971317884524059,-10.121280459160326,5.769890308380127,2.1302337646484375,2.6327929496765137,12.266313318612713,421.4401041666667,244.44444444444446,387.133738356332,220.1404693391588,455.74646997700137,268.7484195497301,0.017328888177871704,0.9999629259109497,
2026-07-15T21:51:08.652,70.57753447396681,20260715_214958_front_fusion_ego_1643,speedsweep_normal,fusion_ego_1643,6340832,1,vehicle,0.23010221123695374,-30.69769999787867,9.64888552056675,0.8293144616624879,99.49350799447357,4.87489128112793,1.8478764295578003,2.1490108966827393,14.62005520451926,511.5104166666667,234.44444444444446,476.7876313204567,214.27398052480487,546.2332020128767,254.61490836408404,0.0026849140413105488,0.9999504089355469,
2026-07-15T21:51:08.652,70.57753447396681,20260715_214958_front_fusion_ego_1643,speedsweep_normal,fusion_ego_1643,6340832,2,vehicle,0.09874095022678375,-39.984980275388395,26.311345942442856,2.4769771115899673,-46.74340312310666,7.802794933319092,2.8319149017333984,4.079440116882324,24.27042162174718,296.8984375,217.7777777777778,263.20876658707857,187.6518355475532,330.58810841292143,247.9037200080024,0.0010213465429842472,0.9939103126525879,
2026-07-15T21:51:08.652,70.57753447396681,20260715_214958_front_fusion_ego_1643,speedsweep_normal,fusion_ego_1643,6340832,3,vehicle,0.08264382183551788,-19.078623311370485,13.797189873006241,0.9217149275164758,-22.280768035597024,3.925839900970459,1.5942680835723877,1.6526435613632202,3.0550197045912686,636.0520833333334,262.22222222222223,589.2354874139031,215.50211442841425,682.8686792527636,308.9423300160302,0.022038793191313744,0.973515510559082,
2026-07-15T21:51:08.778,70.70386459305882,20260715_214958_front_fusion_ego_1643,speedsweep_normal,fusion_ego_1643,6340833,0,vehicle,0.31009140610694885,-28.804125573252925,17.16213083696148,1.2847236810438574,102.23555843112467,6.112993240356445,2.2512760162353516,2.402556896209717,11.022653998461973,421.4401041666667,252.22222222222223,384.85822122792405,222.2735024823083,458.0219871054093,282.17094196213617,0.24183937907218933,0.9999964237213135,
2026-07-15T21:51:08.778,70.70386459305882,20260715_214958_front_fusion_ego_1643,speedsweep_normal,fusion_ego_1643,6340833,1,vehicle,0.20795847475528717,-32.339562221171946,9.527355506500044,0.9207696351869625,99.16580401477987,5.263260841369629,1.9813294410705566,2.275658369064331,16.13507735368635,511.5104166666667,234.44444444444446,475.67397979895276,215.5017599132326,547.3468535343807,253.3871289756563,0.0017077551456168294,0.9999587535858154,
2026-07-15T21:51:08.778,70.70386459305882,20260715_214958_front_fusion_ego_1643,speedsweep_normal,fusion_ego_1643,6340833,2,vehicle,0.1671556830406189,-18.45564346625302,13.049883833397935,0.9658584458945798,-3.2844617567664285,5.383193016052246,2.0389842987060547,2.1278586387634277,3.5616380707628887,652.7317708333334,253.33333333333334,570.0773732264837,185.33332665761313,735.386168440183,321.3333400090536,0.3578958809375763,0.9778784513473511,
2026-07-15T21:51:08.778,70.70386459305882,20260715_214958_front_fusion_ego_1643,speedsweep_normal,fusion_ego_1643,6340833,3,vehicle,0.10257919132709503,-19.363004867473993,13.412579695093195,0.7562712183547742,-36.24664842586989,4.669477462768555,1.8457287549972534,1.5322269201278687,3.5497338752882124,642.7239583333334,261.11111111111114,584.3740664323171,223.42940396732754,701.0738502343496,298.7928182548947,0.00290071964263916,0.9967844486236572,
2026-07-15T21:51:08.778,70.70386459305882,20260715_214958_front_fusion_ego_1643,speedsweep_normal,fusion_ego_1643,6340833,4,vehicle,0.09182924777269363,-41.6486483843088,27.33639692167834,2.4269175417673132,-43.58129531638157,8.015959739685059,2.9179821014404297,4.192902088165283,26.20475647509436,296.8984375,217.7777777777778,258.51024908572435,189.13295494185556,335.28662591427565,246.42260061370004,0.00011427353456383571,0.9620527029037476,
2026-07-15T21:51:08.909,70.83484057500027,20260715_214958_front_fusion_ego_1643,speedsweep_normal,fusion_ego_1643,6340834,0,vehicle,0.27062422037124634,-32.37408579736304,8.97680438022467,0.8983695893663599,97.88222975982757,5.2885613441467285,2.0207676887512207,2.2924740314483643,16.412165294584202,511.5104166666667,234.44444444444446,476.8878230849902,214.82314315107135,546.1330102483432,254.06574573781756,0.002415886614471674,0.9999653100967407,
2026-07-15T21:51:08.909,70.83484057500027,20260715_214958_front_fusion_ego_1643,speedsweep_normal,fusion_ego_1643,6340834,1,vehicle,0.176991268992424,-29.983400925123682,18.620599382917106,1.0361270330612093,30.180816310292958,5.689132213592529,2.1113264560699463,2.350451707839966,12.372048957848971,421.4401041666667,244.44444444444446,391.9022784257929,224.1363098886278,450.9779299075405,264.7525790002611,0.004544003866612911,0.9999957084655762,
2026-07-15T21:51:08.909,70.83484057500027,20260715_214958_front_fusion_ego_1643,speedsweep_normal,fusion_ego_1643,6340834,2,vehicle,0.15187405049800873,-19.564542256829554,13.995782971698937,0.8805423446507836,-27.459125442190985,4.212606430053711,1.67892324924469,1.6201118230819702,3.134424309806325,636.0520833333334,261.11111111111114,591.4065656115612,225.5007667011685,680.6976010551056,296.72145552105377,0.028215952217578888,0.9991698265075684,
2026-07-15T21:51:08.909,70.83484057500027,20260715_214958_front_fusion_ego_1643,speedsweep_normal,fusion_ego_1643,6340834,3,vehicle,0.1006685197353363,-41.07846348349458,27.512384556978887,2.503333875811162,-60.64002804476348,7.701128959655762,2.8051862716674805,3.983942985534668,25.764470905471445,296.8984375,217.7777777777778,262.07351337373257,190.95165537463296,331.72336162626743,244.60390018092264,0.004145194310694933,0.9988975524902344,
2026-07-15T21:51:09.033,70.95865982200485,20260715_214958_front_fusion_ego_1643,speedsweep_normal,fusion_ego_1643,6340835,0,vehicle,0.3360382616519928,-31.418520403720954,9.664109794797353,0.886316100268207,85.94683080116714,5.139604568481445,1.955644130706787,2.2280702590942383,15.250165838331421,510.39843750000006,234.44444444444446,475.1135436818004,215.40966000821857,545.6833313181996,253.47922888067035,0.004969610832631588,0.9999572038650513,
2026-07-15T21:51:09.033,70.95865982200485,20260715_214958_front_fusion_ego_1643,speedsweep_normal,fusion_ego_1643,6340835,1,vehicle,0.20808757841587067,-27.43587830611381,17.336510177284577,1.1514432072581904,86.40688999008744,5.5927605628967285,2.130476951599121,2.275479555130005,9.675456981169555,421.4401041666667,252.22222222222223,386.1127736816804,220.29072774781122,456.767434651653,284.15371669663324,0.04107098653912544,0.9999810457229614,
2026-07-15T21:51:09.033,70.95865982200485,20260715_214958_front_fusion_ego_1643,speedsweep_normal,fusion_ego_1643,6340835,2,vehicle,0.13110506534576416,-18.53374403871751,12.936782641108946,1.0074781387071936,-5.998260585408329,5.4334211349487305,2.060121536254883,2.2456045150756836,3.679868726502853,652.7317708333334,253.33333333333334,580.6146403302749,183.30802281697592,724.8489013363918,323.3586438496908,0.5198270678520203,0.9652200937271118,
2026-07-15T21:51:09.033,70.95865982200485,20260715_214958_front_fusion_ego_1643,speedsweep_normal,fusion_ego_1643,6340835,3,vehicle,0.09486014395952225,-40.580099504473935,26.165985417378966,2.4919830951105375,-30.501409951431263,8.195347785949707,2.9321084022521973,4.191955089569092,24.758969407318467,296.8984375,217.7777777777778,263.41456167399883,188.92760680781473,330.38231332600117,246.62794874774087,0.0005387139972299337,0.9896683692932129,
2026-07-15T21:51:09.033,70.95865982200485,20260715_214958_front_fusion_ego_1643,speedsweep_normal,fusion_ego_1643,6340835,4,vehicle,0.0659446120262146,-19.490188314005717,13.910453478992943,0.8813018904961352,5.388206933201698,4.151543617248535,1.6654908657073975,1.5832103490829468,3.162709342394897,636.0520833333334,261.11111111111114,586.0501700167855,222.63559169239468,686.0539966498812,299.5866305298276,0.017078416422009468,0.997940719127655,
2026-07-15T21:51:09.170,71.0964834280312,20260715_214958_front_fusion_ego_1643,speedsweep_normal,fusion_ego_1643,6340836,0,vehicle,0.3303847312927246,-28.605850613498973,17.080370478880365,1.2339468142205539,126.71070426282307,5.732357978820801,2.200021266937256,2.3991637229919434,10.821440103779878,421.4401041666667,252.22222222222223,385.675722780327,223.1534673107995,457.20448555300635,281.29097713364496,0.2635842263698578,0.9999611377716064,
2026-07-15T21:51:09.170,71.0964834280312,20260715_214958_front_fusion_ego_1643,speedsweep_normal,fusion_ego_1643,6340836,1,vehicle,0.27418333292007446,-18.583827657910632,13.03037521948043,1.0008028894671095,-8.27368445912272,5.776456832885742,2.134723663330078,2.338296890258789,3.600712987113455,652.7317708333334,253.33333333333334,569.8559033920368,176.21689160664877,735.60763827463,330.44977506001794,0.8149422407150269,0.979663074016571,
2026-07-15T21:51:09.170,71.0964834280312,20260715_214958_front_fusion_ego_1643,speedsweep_normal,fusion_ego_1643,6340836,2,vehicle,0.21557006239891052,-41.888553832404774,28.581762369562703,2.5353145221005278,-64.01162251850232,8.035706520080566,2.9309563636779785,4.194761276245117,26.96150719672412,296.8984375,217.7777777777778,256.66863645613194,189.70306204424966,337.12823854386806,245.85249351130594,0.0026831054128706455,0.995608389377594,
2026-07-15T21:51:09.170,71.0964834280312,20260715_214958_front_fusion_ego_1643,speedsweep_normal,fusion_ego_1643,6340836,3,vehicle,0.15024890005588531,-31.012429809063335,10.4127587388806,0.8872246060024622,106.30886130316367,4.870517730712891,1.8073452711105347,2.2624552249908447,14.559962182975648,511.5104166666667,235.55555555555557,479.2784495527546,215.96035036775802,543.7423837805788,255.15076074335312,0.004780035465955734,0.9998793601989746,
2026-07-15T21:51:09.170,71.0964834280312,20260715_214958_front_fusion_ego_1643,speedsweep_normal,fusion_ego_1643,6340836,4,vehicle,0.09799285978078842,-19.84661953337991,12.81568035485675,0.7966066483056022,-39.04934726706176,4.988192558288574,1.91887629032135,1.6638916730880737,4.281136307979245,642.7239583333334,261.11111111111114,577.1369779159626,224.86225075191922,708.3109387507042,297.35997147030304,0.012788147665560246,0.9892187714576721,
2026-07-15T21:51:09.170,71.0964834280312,20260715_214958_front_fusion_ego_1643,speedsweep_normal,fusion_ego_1643,6340836,5,vehicle,0.06805402785539627,-32.071391011911224,20.205521733019687,1.099577443667045,-22.41750835932414,5.814276218414307,2.154787540435791,2.660223960876465,14.746140277013826,421.4401041666667,242.22222222222223,391.53062752137583,220.05812598599329,451.34958081195754,264.38631845845117,0.027323011308908463,0.9998464584350586,
2026-07-15T21:51:09.305,71.23057484999299,20260715_214958_front_fusion_ego_1643,speedsweep_normal,fusion_ego_1643,6340837,0,vehicle,0.42940834164619446,-27.79631290809902,17.450660922276352,1.1731560196552366,33.20064006401925,5.680864334106445,2.180185556411743,2.316230297088623,10.043623692235348,421.4401041666667,252.22222222222223,385.9491607497136,219.59592832459344,456.9310475836198,284.848516119851,0.5139747262001038,0.9999972581863403,
2026-07-15T21:51:09.305,71.23057484999299,20260715_214958_front_fusion_ego_1643,speedsweep_normal,fusion_ego_1643,6340837,1,vehicle,0.296836793422699,-31.37916468897083,10.511055382393073,0.9168355150253626,104.3419420159001,5.159160614013672,1.956049919128418,2.161536693572998,14.85225163625864,511.5104166666667,235.55555555555557,478.70411496857804,217.33149382803177,544.3167183647554,253.77961728307938,0.001164982095360756,0.9999544620513916,
2026-07-15T21:51:09.305,71.23057484999299,20260715_214958_front_fusion_ego_1643,speedsweep_normal,fusion_ego_1643,6340837,2,vehicle,0.2665146291255951,-41.35062169331662,26.89430707842442,2.3692102280225917,-10.6600981378015,7.929300308227539,2.8623132705688477,4.189968585968018,25.750419744208358,298.0104166666667,217.7777777777778,260.27358129868907,189.35389207469095,335.7472520346443,246.20166348086465,0.000744747172575444,0.9967250227928162,
2026-07-15T21:51:09.305,71.23057484999299,20260715_214958_front_fusion_ego_1643,speedsweep_normal,fusion_ego_1643,6340837,3,vehicle,0.050691548734903336,-18.478519543928687,13.375634253981902,1.063199681014638,-27.01134397069366,5.541898727416992,2.0669360160827637,2.462745428085327,3.2356146580485063,652.7317708333334,253.33333333333334,579.6954517563184,173.4311636288961,725.7680899103483,333.2355030377706,0.8938100337982178,0.951266348361969,
2026-07-15T21:51:09.442,71.36773896997329,20260715_214958_front_fusion_ego_1643,speedsweep_normal,fusion_ego_1643,6340838,0,vehicle,0.25423550605773926,-31.33861850231131,12.789899252797078,1.0210480710439,90.03933765913469,5.1962714195251465,1.949210286140442,2.3312973976135254,14.044544853182998,519.2942708333334,235.55555555555557,487.2922042583426,215.8214119407866,551.2963374083241,255.28969917032455,0.007445355411618948,0.999911904335022,
2026-07-15T21:51:09.442,71.36773896997329,20260715_214958_front_fusion_ego_1643,speedsweep_normal,fusion_ego_1643,6340838,1,vehicle,0.18634533882141113,-28.432589519793257,17.42942754716035,1.2603288984605903,153.6799783335966,6.250247478485107,2.3223953247070312,2.414194345474243,10.672354505715544,421.4401041666667,252.22222222222223,386.24283240983885,220.36777867211237,456.6373759234945,284.0766657723321,0.606431245803833,0.9999842643737793,
2026-07-15T21:51:09.442,71.36773896997329,20260715_214958_front_fusion_ego_1643,speedsweep_normal,fusion_ego_1643,6340838,2,vehicle,0.18119382858276367,-42.08771143993475,27.64652198206601,2.495839882310147,-60.41134547445343,7.844668865203857,2.865032434463501,4.154935836791992,26.735045322734553,296.8984375,217.7777777777778,258.1253444775939,191.09736906157602,335.6715305224061,244.45818649397958,0.000489269383251667,0.9965961575508118,
2026-07-15T21:51:09.442,71.36773896997329,20260715_214958_front_fusion_ego_1643,speedsweep_normal,fusion_ego_1643,6340838,3,vehicle,0.14674928784370422,-18.60974239127502,13.158623514534863,1.0457536646242507,-13.83970744307558,5.717268466949463,2.128819465637207,2.425178289413452,3.4763953216479115,652.7317708333334,253.33333333333334,571.6923080732425,174.8128088315328,733.7712335934242,331.8538578351339,0.6794456839561462,0.94564288854599,
2026-07-15T21:51:09.567,71.4931277630385,20260715_214958_front_fusion_ego_1643,speedsweep_normal,fusion_ego_1643,6340839,0,vehicle,0.33915624022483826,-28.75550126983739,16.772054726039464,1.2725705101018563,42.94001748019708,5.790497303009033,2.2358152866363525,2.4539740085601807,10.957955885748785,421.4401041666667,252.22222222222223,386.0681768457095,220.7460810078515,456.81203148762387,283.69836343659296,0.18241380155086517,0.9999785423278809,
2026-07-15T21:51:09.567,71.4931277630385,20260715_214958_front_fusion_ego_1643,speedsweep_normal,fusion_ego_1643,6340839,1,vehicle,0.12047122418880463,-32.035328571672416,11.157914919767649,0.9861086430150436,97.0968311116724,5.0617356300354,1.9156428575515747,2.3411600589752197,15.21244516000371,519.2942708333334,235.55555555555557,489.1786650543412,215.43954763147568,549.4098766123255,255.67156347963547,0.005377595312893391,0.9998074173927307,
2026-07-15T21:51:09.567,71.4931277630385,20260715_214958_front_fusion_ego_1643,speedsweep_normal,fusion_ego_1643,6340839,2,vehicle,0.09964081645011902,-42.25221607060976,28.205124442764667,2.4554792105447074,-57.3258166509317,7.685513496398926,2.7997515201568604,4.012103080749512,27.11943489607342,296.8984375,217.7777777777778,257.53752712905407,192.40456150637735,336.25934787094593,243.15099404917825,0.0009148895042017102,0.9976322650909424,
2026-07-15T21:51:09.567,71.4931277630385,20260715_214958_front_fusion_ego_1643,speedsweep_normal,fusion_ego_1643,6340839,3,vehicle,0.08449144661426544,-19.204750273176014,14.011540936486496,0.9052201817511434,-16.35372249136814,4.335546016693115,1.7196662425994873,1.6662439107894897,2.928579061958812,636.0520833333334,262.22222222222223,584.6193522115549,223.91055358780756,687.4848144551119,300.5338908566369,0.05670066922903061,0.9966846108436584,
2026-07-15T21:51:09.697,71.62251440505497,20260715_214958_front_fusion_ego_1643,speedsweep_normal,fusion_ego_1643,6340840,0,vehicle,0.2708108127117157,-30.116090631005186,18.982435426182924,0.9873440665804121,34.5555833568726,5.4394049644470215,2.0390594005584717,2.2877414226531982,12.571043491198875,421.4401041666667,244.44444444444446,388.62649479756755,222.33677473333148,454.2537135357658,266.55211415555743,0.01921158656477928,0.9999572038650513,
2026-07-15T21:51:09.697,71.62251440505497,20260715_214958_front_fusion_ego_1643,speedsweep_normal,fusion_ego_1643,6340840,1,vehicle,0.2506479024887085,-31.794830365816242,11.090480497288693,0.891541340153335,93.58401497228735,5.396868705749512,2.0024266242980957,2.2084670066833496,15.015661664772429,511.5104166666667,235.55555555555557,475.90498110155266,217.82348069879745,547.1158522317808,253.2876304123137,0.0005848653381690383,0.9999809265136719,
2026-07-15T21:51:09.697,71.62251440505497,20260715_214958_front_fusion_ego_1643,speedsweep_normal,fusion_ego_1643,6340840,2,vehicle,0.13558456301689148,-18.99271892957697,14.012390886662706,0.937161579261649,-24.981566861331807,4.341488361358643,1.7390809059143066,1.7192453145980835,2.825578012186267,636.0520833333334,262.22222222222223,588.6118093480667,220.2433408631219,683.4923573186,304.20110358132257,0.01831745356321335,0.9922663569450378,
2026-07-15T21:51:09.697,71.62251440505497,20260715_214958_front_fusion_ego_1643,speedsweep_normal,fusion_ego_1643,6340840,3,vehicle,0.11225488036870956,-42.014453872283696,27.85727887491165,2.530475814869586,-64.31533743038304,7.959601879119873,2.8681628704071045,4.130555152893066,26.75852459594395,296.8984375,217.7777777777778,260.35315972566605,191.02419839964975,333.44371527433395,244.53135715590585,0.0022647723089903593,0.9963523149490356,
2026-07-15T21:51:09.825,71.75058999005705,20260715_214958_front_fusion_ego_1643,speedsweep_normal,fusion_ego_1643,6340841,0,vehicle,0.2075565755367279,-30.78772931960043,10.17994792933734,0.8404019678338193,93.81770371091163,4.896398067474365,1.9043984413146973,2.0463011264801025,14.458936289720743,511.5104166666667,234.44444444444446,476.63223912070197,216.0673859384325,546.3885942126315,252.82150295045642,0.0027709745336323977,0.9999747276306152,
2026-07-15T21:51:09.825,71.75058999005705,20260715_214958_front_fusion_ego_1643,speedsweep_normal,fusion_ego_1643,6340841,1,vehicle,0.20415635406970978,-42.70171276021122,28.487137054864803,2.616137069674334,-72.8268869195503,8.577095985412598,3.060864210128784,4.341992378234863,27.652200345705282,296.8984375,217.7777777777778,256.0988162755966,188.77093361483682,337.6980587244034,246.78462194071878,0.0005614100373350084,0.9986761212348938,
2026-07-15T21:51:09.825,71.75058999005705,20260715_214958_front_fusion_ego_1643,speedsweep_normal,fusion_ego_1643,6340841,2,vehicle,0.18247881531715393,-29.38644928729737,18.062604494160286,1.063107458529082,-12.616941720217353,5.5790910720825195,2.0743250846862793,2.4636783599853516,11.69641882118424,421.4401041666667,244.44444444444446,388.26707318673533,220.34112539556293,454.61313514659804,268.547763493326,0.02534322813153267,0.999976396560669,
2026-07-15T21:51:09.825,71.75058999005705,20260715_214958_front_fusion_ego_1643,speedsweep_normal,fusion_ego_1643,6340841,3,vehicle,0.176614448428154,-19.039305606042234,13.721528362543628,0.8756024590489271,-38.720992487956806,4.560342788696289,1.7708369493484497,1.6698176860809326,3.1158977281894464,636.0520833333334,261.11111111111114,585.4517777015766,216.88712067074246,686.6523889650902,305.3351015514798,0.006716120522469282,0.9987694621086121,
2026-07-15T21:51:09.825,71.75058999005705,20260715_214958_front_fusion_ego_1643,speedsweep_normal,fusion_ego_1643,6340841,4,vehicle,0.13317473232746124,-18.675455344778523,13.009762865479395,1.01427692266537,-1.757104899471564,5.757416725158691,2.155137062072754,2.2878618240356445,3.639473611402457,652.7317708333334,253.33333333333334,568.2012837876877,178.55692942937216,737.2622578789791,328.10973723729455,0.49991440773010254,0.959283173084259,
2026-07-15T21:51:09.951,71.87712857802399,20260715_214958_front_fusion_ego_1643,speedsweep_normal,fusion_ego_1643,6340842,0,vehicle,0.4259006381034851,-27.175806467139203,17.1863237908037,1.2228402012726218,-131.99397678612917,5.760982990264893,2.210758686065674,2.330963134765625,9.401841694787338,421.4401041666667,252.22222222222223,386.91702471176785,220.2696920765771,455.9631836215655,284.17475236786737,0.9261818528175354,0.9999970197677612,
2026-07-15T21:51:09.951,71.87712857802399,20260715_214958_front_fusion_ego_1643,speedsweep_normal,fusion_ego_1643,6340842,1,vehicle,0.2782377600669861,-31.849315925515295,9.920210764937757,0.9164500310761623,89.80108379683531,5.543090343475342,2.068880796432495,2.285595417022705,15.524396948307814,511.5104166666667,234.44444444444446,474.1507614726822,215.94477679994372,548.8700718606513,252.9441120889452,0.001041362644173205,0.999974250793457,
2026-07-15T21:51:09.951,71.87712857802399,20260715_214958_front_fusion_ego_1643,speedsweep_normal,fusion_ego_1643,6340842,2,vehicle,0.25530603528022766,-41.844063359516056,27.78955225903597,2.5827186140975087,-76.11648967067866,8.064216613769531,2.9390547275543213,4.121381759643555,26.577630126095016,296.8984375,217.7777777777778,258.6289311349392,189.70212684737314,335.1679438650608,245.85342870818246,0.014726206660270691,0.9975134134292603,
2026-07-15T21:51:09.951,71.87712857802399,20260715_214958_front_fusion_ego_1643,speedsweep_normal,fusion_ego_1643,6340842,3,vehicle,0.13044969737529755,-19.012264506203536,13.783536946889884,0.8790214300027559,-47.72504410455778,4.340440273284912,1.7100582122802734,1.607131004333496,3.0490910108924307,636.0520833333334,262.22222222222223,589.27687103798,221.5239061249627,682.8272956286868,302.92053831948175,0.016039792448282242,0.998191773891449,
2026-07-15T21:51:10.081,72.00708575407043,20260715_214958_front_fusion_ego_1643,speedsweep_normal,fusion_ego_1643,6340843,0,vehicle,0.38230860233306885,-29.372603617400763,17.301086546370883,1.0359266149849826,29.289925017950814,5.575129508972168,2.0868825912475586,2.375699043273926,11.60684380368556,421.4401041666667,244.44444444444446,389.02322784314555,221.02946963575152,453.8569804901878,267.8594192531374,0.08376327157020569,0.9999971389770508,
2026-07-15T21:51:10.081,72.00708575407043,20260715_214958_front_fusion_ego_1643,speedsweep_normal,fusion_ego_1643,6340843,1,vehicle,0.2578311562538147,-31.403445326160472,9.958289094599118,0.8313718038534716,84.1903340242549,5.005374908447266,1.943310022354126,2.084883689880371,15.10940110530191,510.39843750000006,235.55555555555557,471.6079804077745,216.79467115137314,549.1888945922256,254.316439959738,0.001955977641046047,0.999946117401123,
2026-07-15T21:51:10.081,72.00708575407043,20260715_214958_front_fusion_ego_1643,speedsweep_normal,fusion_ego_1643,6340843,2,vehicle,0.1339196115732193,-41.42146751962554,27.91859742693472,2.4544508385913577,-48.77339249004162,8.116300582885742,2.9183809757232666,4.212367534637451,26.247063291279638,296.8984375,217.7777777777778,259.7757487297058,188.42630909548868,334.0211262702942,247.12924646006692,0.0017407243140041828,0.9943055510520935,
2026-07-15T21:51:10.081,72.00708575407043,20260715_214958_front_fusion_ego_1643,speedsweep_normal,fusion_ego_1643,6340843,3,vehicle,0.12534014880657196,-18.517015753916628,12.970986466739602,0.9951907208313098,-15.546121340349481,5.6449737548828125,2.09761643409729,2.311746835708618,3.645218228989817,652.7317708333334,253.33333333333334,572.790202130874,180.98915656407675,732.6733395357927,325.67751010258996,0.5904046893119812,0.9854980707168579,
2026-07-15T21:51:10.215,72.14073869306594,20260715_214958_front_fusion_ego_1643,speedsweep_normal,fusion_ego_1643,6340844,0,vehicle,0.39482825994491577,-27.660019008096533,16.72245424642906,1.2342228005433706,176.01703332251336,5.651112079620361,2.2158944606781006,2.1428723335266113,9.863080159742193,421.4401041666667,252.22222222222223,383.8679188663761,221.5806414021386,459.01228946695727,282.86380304230585,0.38291117548942566,0.9999970197677612,
2026-07-15T21:51:10.215,72.14073869306594,20260715_214958_front_fusion_ego_1643,speedsweep_normal,fusion_ego_1643,6340844,1,vehicle,0.23241496086120605,-42.50559350771522,27.78639645758272,2.5702377196256307,-41.2831107374249,8.529955863952637,3.0629472732543945,4.342574596405029,27.175675050491645,296.8984375,217.7777777777778,253.18780536949637,188.583057390319,340.60906963050365,246.9724981652366,0.00023485218116547912,0.9976783394813538,
2026-07-15T21:51:10.215,72.14073869306594,20260715_214958_front_fusion_ego_1643,speedsweep_normal,fusion_ego_1643,6340844,2,vehicle,0.21129220724105835,-31.058747440331494,10.346192522326069,0.856458351124866,81.71236904190773,5.037330627441406,1.9224878549575806,2.1822469234466553,14.631289198238019,511.5104166666667,235.55555555555557,479.21826386700076,216.004649731848,543.8025694663327,255.10646137926315,0.0025313100777566433,0.9999603033065796,
2026-07-15T21:51:10.215,72.14073869306594,20260715_214958_front_fusion_ego_1643,speedsweep_normal,fusion_ego_1643,6340844,3,vehicle,0.07538074254989624,-19.292520022370603,13.008379687570077,0.7385902579631152,1.2369038847021638,4.970284461975098,1.932777762413025,1.6199575662612915,3.8828487563688356,643.8359375,261.11111111111114,585.3448806107044,223.93628425068326,702.3269943892956,298.285937971539,0.0016769528156146407,0.9574748873710632,
2026-07-15T21:51:10.342,72.26818600599654,20260715_214958_front_fusion_ego_1643,speedsweep_normal,fusion_ego_1643,6340845,0,vehicle,0.3259941637516022,-31.359405651443744,9.693905565868913,0.8113862990901435,96.204406974556,5.264437675476074,1.9855554103851318,2.368824005126953,15.187428669240177,511.5104166666667,234.44444444444446,476.87441349277896,213.14030912187366,546.1464198405545,255.74857976701526,0.0028153236489742994,0.9998748302459717,
2026-07-15T21:51:10.342,72.26818600599654,20260715_214958_front_fusion_ego_1643,speedsweep_normal,fusion_ego_1643,6340845,1,vehicle,0.2715016007423401,-18.673465306759795,13.085907722118112,0.9561353444345655,-11.593887347127641,5.683445453643799,2.120687484741211,2.2910618782043457,3.574942998604116,652.7317708333334,253.33333333333334,568.8808940102657,181.7442520459493,736.582647656401,324.9224146207174,0.3576156198978424,0.9701151251792908,
2026-07-15T21:51:10.342,72.26818600599654,20260715_214958_front_fusion_ego_1643,speedsweep_normal,fusion_ego_1643,6340845,2,vehicle,0.2583487331867218,-41.995131641260045,28.492479672585755,2.598745008777403,-63.21615923201735,8.210474014282227,2.9768290519714355,4.192910671234131,27.019434840966642,296.8984375,217.7777777777778,256.29733550548553,190.53307877646554,337.49953949451447,245.02247677909006,0.0005249805399216712,0.9981398582458496,
2026-07-15T21:51:10.342,72.26818600599654,20260715_214958_front_fusion_ego_1643,speedsweep_normal,fusion_ego_1643,6340845,3,vehicle,0.15475204586982727,-29.935453841396534,17.423688723248258,1.1626568465685079,-0.8015843309810964,5.324261665344238,2.0640931129455566,2.599071502685547,12.171997664086582,421.4401041666667,244.44444444444446,389.19376667837304,221.71355810430316,453.68644165496033,267.17533078458575,0.023767806589603424,0.9990261793136597,
