profile_id,step_index,state_index,target_snr_db,command_noise_power_db,command_ack_latency_ms,schedule_status,frame_id,compute_ms,capture_raw_ns,local_result_available_raw_ns,payload_bytes,chunks,application_send_attempts,send_start_raw_ns,send_end_raw_ns,ack_status,edge_first_datagram_raw_ns,edge_complete_raw_ns,edge_install_raw_ns,feedback_emit_raw_ns,ack_receive_raw_ns,local_to_first_datagram_ms,local_to_complete_message_ms,local_to_map_install_ms,map_install_to_ack_ms,local_to_ack_ms,capture_to_map_install_ms,capture_to_ack_ms,fresh_150ms,fresh_200ms,fresh_250ms
MID_VARIABLE,0,1,15.848828423365354,-8.25,0.23774,SENT_ONCE,0,24.650146,6005612416111806,6005612440761952,6774,1,1,6005612441721048,6005612441774633,ACK_INSTALLED,6005612492774045,6005612492774045,6005612493242428,6005612493244067,6005612496261136,52.012093,52.012093,52.480476,3.018708,55.499184,77.130622,80.14933,True,True,True
MID_VARIABLE,1,1,16.145317559639125,-8.25,0.355684,SENT_ONCE,1,24.979108,6005612516798249,6005612541777357,4872,1,1,6005612542441953,6005612542465829,ACK_INSTALLED,6005612593235716,6005612593235716,6005612593505574,6005612593507169,6005612596181703,51.458359,51.458359,51.728217,2.676129,54.404346,76.707325,79.383454,True,True,True
MID_VARIABLE,2,1,15.517510458684974,-8.0,0.238381,SENT_ONCE,2,25.653976,6005612616101053,6005612641755029,6177,1,1,6005612642519465,6005612642543719,ACK_INSTALLED,6005612688031777,6005612688031777,6005612688356306,6005612688357852,6005612694151349,46.276748,46.276748,46.601277,5.795043,52.39632,72.255253,78.050296,True,True,True
MID_VARIABLE,3,1,14.894182231432952,-7.5,0.135705,SENT_ONCE,3,27.037632,6005612716099352,6005612743136984,9197,1,1,6005612744222943,6005612744247714,ACK_INSTALLED,6005612789258725,6005612789258725,6005612789687327,6005612789689050,6005612794938820,46.121741,46.121741,46.550343,5.251493,51.801836,73.587975,78.839468,True,True,True
MID_VARIABLE,4,1,14.578696776595917,-7.5,0.344626,SENT_ONCE,4,26.604897,6005612816112139,6005612842717036,10424,1,1,6005612843928148,6005612843952377,ACK_INSTALLED,6005612893596198,6005612893596198,6005612894139862,6005612894141470,6005612899575125,50.879162,50.879162,51.422826,5.435263,56.858089,78.027723,83.462986,True,True,True
MID_VARIABLE,5,1,13.245673633737503,-6.5,0.279984,SENT_ONCE,5,25.093664,6005612916095075,6005612941188739,8531,1,1,6005612942211460,6005612942249831,ACK_INSTALLED,6005612988609005,6005612988609005,6005612989078032,6005612989079578,6005612994232768,47.420266,47.420266,47.889293,5.154736,53.044029,72.982957,78.137693,True,True,True
MID_VARIABLE,6,1,15.59988529976676,-8.0,0.451811,SENT_ONCE,6,27.852846,6005613016122294,6005613043975140,17917,2,1,6005613045799345,6005613045852422,ACK_INSTALLED,6005613081178206,6005613081485572,6005613082366515,6005613082368069,6005613087381265,37.203066,37.510432,38.391375,5.01475,43.406125,66.244221,71.258971,True,True,True
MID_VARIABLE,7,0,9.450421087219215,-4.75,0.229302,SENT_ONCE,7,27.935446,6005613116090162,6005613144025608,13012,2,1,6005613145417417,6005613145467280,ACK_INSTALLED,6005613215986758,6005613216078559,6005613216683139,6005613216684688,6005613221641031,71.96115,72.052951,72.657531,4.957892,77.615423,100.592977,105.550869,True,True,True
MID_VARIABLE,8,0,7.511220018526561,-3.5,0.253751,SENT_ONCE,8,26.02081,6005613216098859,6005613242119669,10691,1,1,6005613243649113,6005613243673354,ACK_INSTALLED,6005613298259151,6005613298259151,6005613298806324,6005613298808073,6005613304585789,56.139482,56.139482,56.686655,5.779465,62.46612,82.707465,88.48693,True,True,True
MID_VARIABLE,9,0,6.378465874794523,-3.0,0.114444,SENT_ONCE,9,27.192923,6005613316085936,6005613343278859,13606,2,1,6005613345546623,6005613345574826,ACK_INSTALLED,6005613474082263,6005613474129864,6005613474806403,6005613474808050,6005613481081306,130.803404,130.851005,131.527544,6.274903,137.802447,158.720467,164.99537,False,True,True
MID_VARIABLE,10,0,7.82163311852335,-3.75,0.116909,SENT_ONCE,10,26.291638,6005613416065900,6005613442357538,9171,1,1,6005613443752027,6005613443779464,ACK_INSTALLED,6005613480735162,6005613480735162,6005613481098557,6005613481099738,6005613483461546,38.377624,38.377624,38.741019,2.362989,41.104008,65.032657,67.395646,True,True,True
MID_VARIABLE,11,1,14.312091325762573,-7.25,0.360704,SENT_ONCE,11,26.556377,6005613516136260,6005613542692637,16236,2,1,6005613544560118,6005613544596882,ACK_INSTALLED,6005613582582076,6005613583345129,6005613584058352,6005613584059944,6005613589763527,39.889439,40.652492,41.365715,5.705175,47.07089,67.922092,73.627267,True,True,True
MID_VARIABLE,12,1,13.342050827101081,-6.75,0.089967,SENT_ONCE,12,26.41591,6005613616089406,6005613642505316,9430,1,1,6005613644377435,6005613644437325,ACK_INSTALLED,6005613683186655,6005613683186655,6005613683648575,6005613683650329,6005613685817520,40.681339,40.681339,41.143259,2.168945,43.312204,67.559169,69.728114,True,True,True
MID_VARIABLE,13,1,15.205786438145628,-7.75,0.258097,SENT_ONCE,13,29.236938,6005613716075927,6005613745312865,9123,1,1,6005613746546829,6005613746600838,ACK_INSTALLED,6005613788420534,6005613788420534,6005613788887133,6005613788888609,6005613791151654,43.107669,43.107669,43.574268,2.264521,45.838789,72.811206,75.075727,True,True,True
MID_VARIABLE,14,1,13.50817492032806,-6.75,0.081668,SENT_ONCE,14,29.487494,6005613816096832,6005613845584326,9774,1,1,6005613846896110,6005613846929584,ACK_INSTALLED,6005613887470809,6005613887470809,6005613887933906,6005613887935394,6005613890219265,41.886483,41.886483,42.34958,2.285359,44.634939,71.837074,74.122433,True,True,True
MID_VARIABLE,15,1,17.037826520387977,-8.75,0.215096,SENT_ONCE,15,28.920532,6005613916090170,6005613945010702,10392,1,1,6005613946245678,6005613946272755,ACK_INSTALLED,6005613983366569,6005613983366569,6005613983897300,6005613983898930,6005613986256647,38.355867,38.355867,38.886598,2.359347,41.245945,67.80713,70.166477,True,True,True
MID_VARIABLE,16,1,17.25086887510925,-9.0,0.083214,SENT_ONCE,16,26.944373,6005614016091483,6005614043035856,9808,1,1,6005614046326317,6005614046354395,ACK_INSTALLED,6005614083192653,6005614083192653,6005614083633619,6005614083635505,6005614090294830,40.156797,40.156797,40.597763,6.661211,47.258974,67.542136,74.203347,True,True,True
MID_VARIABLE,17,1,14.54941521294556,-7.25,0.560723,SENT_ONCE,17,28.117675,6005614116080020,6005614144197695,11182,1,1,6005614145704368,6005614145738555,ACK_INSTALLED,6005614175377003,6005614175377003,6005614175970772,6005614175972332,6005614180878330,31.179308,31.179308,31.773077,4.907558,36.680635,59.890752,64.79831,True,True,True
MID_VARIABLE,18,1,14.643383021261029,-7.5,0.251817,SENT_ONCE,18,25.317585,6005614216061918,6005614241379503,5846,1,1,6005614242233576,6005614242254129,ACK_INSTALLED,6005614270324269,6005614270324269,6005614270640769,6005614270642621,6005614276592783,28.944766,28.944766,29.261266,5.952014,35.21328,54.578851,60.530865,True,True,True
MID_VARIABLE,19,1,14.0531563335303,-7.0,0.246573,SENT_ONCE,19,28.258062,6005614316054819,6005614344312881,7662,1,1,6005614349318018,6005614349342546,ACK_INSTALLED,6005614376890255,6005614376890255,6005614377332194,6005614377334025,6005614382401390,32.577374,32.577374,33.019313,5.069196,38.088509,61.277375,66.346571,True,True,True
MID_VARIABLE,20,2,21.64959091567753,-11.0,0.534551,SENT_ONCE,20,26.226237,6005614416757103,6005614442983340,7945,1,1,6005614444034112,6005614444058557,ACK_INSTALLED,6005614474007998,6005614474007998,6005614474459258,6005614474460965,6005614479879546,31.024658,31.024658,31.475918,5.420288,36.896206,57.702155,63.122443,True,True,True
MID_VARIABLE,21,1,14.717503392977285,-7.5,0.270262,SENT_ONCE,21,26.635227,6005614516070855,6005614542706082,8262,1,1,6005614545370537,6005614545393928,ACK_INSTALLED,6005614576828078,6005614576828078,6005614577207720,6005614577209093,6005614582257253,34.121996,34.121996,34.501638,5.049533,39.551171,61.136865,66.186398,True,True,True
MID_VARIABLE,22,1,14.735051424852731,-7.5,0.212456,SENT_ONCE,22,26.151353,6005614616101621,6005614642252974,11673,1,1,6005614643529832,6005614643554626,ACK_INSTALLED,6005614672484879,6005614672484879,6005614673096185,6005614673097816,6005614677788579,30.231905,30.231905,30.843211,4.692394,35.535605,56.994564,61.686958,True,True,True
MID_VARIABLE,23,1,15.091980205057292,-7.75,0.210692,SENT_ONCE,23,26.041624,6005614716072605,6005614742114229,10466,1,1,6005614743530587,6005614743556082,ACK_INSTALLED,6005614774936529,6005614774936529,6005614775528835,6005614775530637,6005614781086018,32.8223,32.8223,33.414606,5.557183,38.971789,59.45623,65.013413,True,True,True
MID_VARIABLE,24,1,16.117196744466504,-8.25,0.21721,SENT_ONCE,24,26.497735,6005614816062148,6005614842559883,11053,1,1,6005614843771290,6005614843796391,ACK_INSTALLED,6005614876226261,6005614876226261,6005614876784622,6005614876786317,6005614881876076,33.666378,33.666378,34.224739,5.091454,39.316193,60.722474,65.813928,True,True,True
MID_VARIABLE,25,1,14.08765195971,-7.0,0.082895,SENT_ONCE,25,27.228143,6005614916056752,6005614943284895,9235,1,1,6005614944350344,6005614944374293,ACK_INSTALLED,6005614971132337,6005614971132337,6005614971646992,6005614971648833,6005614977133956,27.847442,27.847442,28.362097,5.486964,33.849061,55.59024,61.077204,True,True,True
MID_VARIABLE,26,1,15.430875996081982,-8.0,0.58325,SENT_ONCE,26,26.626735,6005615016072383,6005615042699118,11039,1,1,6005615044019998,6005615044047849,ACK_INSTALLED,6005615076613383,6005615076613383,6005615077078147,6005615077080030,6005615082049576,33.914265,33.914265,34.379029,4.971429,39.350458,61.005764,65.977193,True,True,True
MID_VARIABLE,27,1,13.999473052042172,-7.0,0.647281,SENT_ONCE,27,27.999985,6005615116065090,6005615144065075,11612,1,1,6005615145476044,6005615145501923,ACK_INSTALLED,6005615175067153,6005615175067153,6005615175603058,6005615175604659,6005615181425231,31.002078,31.002078,31.537983,5.822173,37.360156,59.537968,65.360141,True,True,True
MID_VARIABLE,28,1,17.17400063513185,-8.75,0.605067,SENT_ONCE,28,27.374578,6005615216063827,6005615243438405,11944,1,1,6005615244954684,6005615244978967,ACK_INSTALLED,6005615274511648,6005615274511648,6005615275758206,6005615275760566,6005615280019614,31.073243,31.073243,32.319801,4.261408,36.581209,59.694379,63.955787,True,True,True
MID_VARIABLE,29,1,14.031133575090058,-7.0,0.062627,SENT_ONCE,29,27.353705,6005615316047004,6005615343400709,9496,1,1,6005615346757503,6005615346801075,ACK_INSTALLED,6005615376175735,6005615376175735,6005615376633397,6005615376634823,6005615381523243,32.775026,32.775026,33.232688,4.889846,38.122534,60.586393,65.476239,True,True,True
MID_VARIABLE,30,2,20.836116708403527,-10.75,0.096445,SENT_ONCE,30,27.341106,6005615416061711,6005615443402817,16026,2,1,6005615445179595,6005615445208323,ACK_INSTALLED,6005615477518159,6005615477912826,6005615478564932,6005615478566455,6005615483765663,34.115342,34.510009,35.162115,5.200731,40.362846,62.503221,67.703952,True,True,True
MID_VARIABLE,31,1,16.923299819840654,-8.75,0.064518,SENT_ONCE,31,28.040974,6005615516059155,6005615544100129,13045,2,1,6005615545723220,6005615545749356,ACK_INSTALLED,6005615572946624,6005615573240778,6005615573869572,6005615573871117,6005615578799288,28.846495,29.140649,29.769443,4.929716,34.699159,57.810417,62.740133,True,True,True
MID_VARIABLE,32,2,22.31569034174658,-11.5,0.185606,SENT_ONCE,32,25.693461,6005615616052504,6005615641745965,8478,1,1,6005615642985890,6005615643011211,ACK_INSTALLED,6005615678513204,6005615678513204,6005615679059359,6005615679061098,6005615684697727,36.767239,36.767239,37.313394,5.638368,42.951762,63.006855,68.645223,True,True,True
MID_VARIABLE,33,2,20.96451763729336,-10.75,0.326733,SENT_ONCE,33,26.302538,6005615716048927,6005615742351465,7625,1,1,6005615743421576,6005615743446117,ACK_INSTALLED,6005615771076840,6005615771076840,6005615771540228,6005615771541744,6005615774031803,28.725375,28.725375,29.188763,2.491575,31.680338,55.491301,57.982876,True,True,True
MID_VARIABLE,34,2,20.084429631220274,-10.25,0.24096,SENT_ONCE,34,27.292434,6005615816179769,6005615843472203,12690,2,1,6005615845023506,6005615845050563,ACK_INSTALLED,6005615878270408,6005615878335569,6005615878977979,6005615878979658,6005615884615615,34.798205,34.863366,35.505776,5.637636,41.143412,62.79821,68.435846,True,True,True
MID_VARIABLE,35,2,21.917804581722162,-11.25,0.273864,SENT_ONCE,35,25.470223,6005615916057006,6005615941527229,8120,1,1,6005615942479503,6005615942500581,ACK_INSTALLED,6005615976897566,6005615976897566,6005615977422715,6005615977424411,6005615983419991,35.370337,35.370337,35.895486,5.997276,41.892762,61.365709,67.362985,True,True,True
MID_VARIABLE,36,1,16.405216447398757,-8.5,0.310665,SENT_ONCE,36,25.720219,6005616016057561,6005616041777780,8301,1,1,6005616042747454,6005616042770008,ACK_INSTALLED,6005616082467157,6005616082467157,6005616082853250,6005616082854853,6005616086601946,40.689377,40.689377,41.07547,3.748696,44.824166,66.795689,70.544385,True,True,True
MID_VARIABLE,37,1,13.975650869354522,-7.0,0.234263,SENT_ONCE,37,27.483916,6005616116073647,6005616143557563,7416,1,1,6005616144429654,6005616144455368,ACK_INSTALLED,6005616189635850,6005616189635850,6005616190040425,6005616190042020,6005616195220928,46.078287,46.078287,46.482862,5.180503,51.663365,73.966778,79.147281,True,True,True
MID_VARIABLE,38,1,15.872081876715052,-8.25,0.274501,SENT_ONCE,38,27.328787,6005616216057172,6005616243385959,12797,2,1,6005616245709990,6005616245738180,ACK_INSTALLED,6005616275140763,6005616275212138,6005616275769327,6005616275770817,6005616280962265,31.754804,31.826179,32.383368,5.192938,37.576306,59.712155,64.905093,True,True,True
MID_VARIABLE,39,1,15.688372474372112,-8.0,0.071193,SENT_ONCE,39,28.271816,6005616316039707,6005616344311523,12097,1,1,6005616345855399,6005616345880126,ACK_INSTALLED,6005616375815172,6005616375815172,6005616376410047,6005616376411760,6005616381260906,31.503649,31.503649,32.098524,4.850859,36.949383,60.37034,65.221199,True,True,True
MID_VARIABLE,40,1,14.713313855483886,-7.5,0.083335,SENT_ONCE,40,27.574953,6005616416457949,6005616444032902,14765,2,1,6005616445772173,6005616445800816,ACK_INSTALLED,6005616475155782,6005616475551308,6005616476260925,6005616476262413,6005616480787009,31.12288,31.518406,32.228023,4.526084,36.754107,59.802976,64.32906,True,True,True
MID_VARIABLE,41,2,22.464076816475853,-11.5,0.067662,SENT_ONCE,41,27.425607,6005616515993562,6005616543419169,10401,1,1,6005616544671514,6005616544695915,ACK_INSTALLED,6005616583373127,6005616583373127,6005616583957531,6005616583959571,6005616590452124,39.953958,39.953958,40.538362,6.494593,47.032955,67.963969,74.458562,True,True,True
MID_VARIABLE,42,2,20.826018767322495,-10.75,0.062957,SENT_ONCE,42,26.628155,6005616616043925,6005616642672080,11568,1,1,6005616644061496,6005616644082513,ACK_INSTALLED,6005616684269997,6005616684269997,6005616684881329,6005616684883226,6005616691328451,41.597917,41.597917,42.209249,6.447122,48.656371,68.837404,75.284526,True,True,True
MID_VARIABLE,43,2,21.18918468623974,-10.75,0.065987,SENT_ONCE,43,26.219271,6005616716033491,6005616742252762,11399,1,1,6005616743523019,6005616743546765,ACK_INSTALLED,6005616784328626,6005616784328626,6005616784885192,6005616784886993,6005616790703972,42.075864,42.075864,42.63243,5.81878,48.45121,68.851701,74.670481,True,True,True
MID_VARIABLE,44,2,21.1877522268244,-10.75,0.091739,SENT_ONCE,44,28.777324,6005616816046768,6005616844824092,12197,1,1,6005616846207723,6005616846228672,ACK_INSTALLED,6005616884724237,6005616884724237,6005616885296940,6005616885298641,6005616892852264,39.900145,39.900145,40.472848,7.555324,48.028172,69.250172,76.805496,True,True,True
MID_VARIABLE,45,2,24.138279365457745,-12.25,0.076383,SENT_ONCE,45,28.736399,6005616916026428,6005616944762827,14303,2,1,6005616946298995,6005616946324648,ACK_INSTALLED,6005616988401879,6005616988567693,6005616989192597,6005616989194185,6005616995413505,43.639052,43.804866,44.42977,6.220908,50.650678,73.166169,79.387077,True,True,True
MID_VARIABLE,46,2,21.398619642387686,-11.0,0.096472,SENT_ONCE,46,26.681062,6005617016052624,6005617042733686,9501,1,1,6005617043809672,6005617043833783,ACK_INSTALLED,6005617083813814,6005617083813814,6005617084274972,6005617084276459,6005617086672439,41.080128,41.080128,41.541286,2.397467,43.938753,68.222348,70.619815,True,True,True
MID_VARIABLE,47,2,23.148012978383782,-11.75,0.07355,SENT_ONCE,47,26.767899,6005617116053156,6005617142821055,13496,2,1,6005617144376928,6005617144401565,ACK_INSTALLED,6005617183722796,6005617183769592,6005617184421931,6005617184423456,6005617190811511,40.901741,40.948537,41.600876,6.38958,47.990456,68.368775,74.758355,True,True,True
MID_VARIABLE,48,2,22.440809301533307,-11.5,0.071625,SENT_ONCE,48,27.835336,6005617216032251,6005617243867587,11900,1,1,6005617245170848,6005617245194836,ACK_INSTALLED,6005617283909170,6005617283909170,6005617284430955,6005617284432805,6005617291750757,40.041583,40.041583,40.563368,7.319802,47.88317,68.398704,75.718506,True,True,True
MID_VARIABLE,49,1,16.49168055304838,-8.5,0.079901,SENT_ONCE,49,26.762244,6005617316033735,6005617342795979,8260,1,1,6005617343758300,6005617343780453,ACK_INSTALLED,6005617404189429,6005617404189429,6005617404583472,6005617404585106,6005617410101692,61.39345,61.39345,61.787493,5.51822,67.305713,88.549737,94.067957,True,True,True
MID_VARIABLE,50,1,14.726587624534911,-7.5,0.08799,SENT_ONCE,50,25.581211,6005617416120990,6005617441702201,7916,1,1,6005617442629430,6005617442653209,ACK_INSTALLED,6005617500333993,6005617500333993,6005617500705358,6005617500706905,6005617506581938,58.631792,58.631792,59.003157,5.87658,64.879737,84.584368,90.460948,True,True,True
MID_VARIABLE,51,1,14.387659635646619,-7.25,0.078926,SENT_ONCE,51,26.061994,6005617516036503,6005617542098497,7062,1,1,6005617543037236,6005617543059853,ACK_INSTALLED,6005617604526556,6005617604526556,6005617604856752,6005617604858488,6005617611855981,62.428059,62.428059,62.758255,6.999229,69.757484,88.820249,95.819478,True,True,True
MID_VARIABLE,52,1,14.244571858141832,-7.25,0.071869,SENT_ONCE,52,26.38383,6005617630881771,6005617657265601,9507,1,1,6005617660849525,6005617660874247,ACK_INSTALLED,6005617699597718,6005617699597718,6005617700084204,6005617700085947,6005617705629709,42.332117,42.332117,42.818603,5.545505,48.364108,69.202433,74.747938,True,True,True
MID_VARIABLE,53,1,13.906516769426071,-7.0,0.075228,SENT_ONCE,53,27.487758,6005617716021361,6005617743509119,14027,2,1,6005617745046287,6005617745074576,ACK_INSTALLED,6005617793265481,6005617793328780,6005617793909460,6005617793910809,6005617799341497,49.756362,49.819661,50.400341,5.432037,55.832378,77.888099,83.320136,True,True,True
MID_VARIABLE,54,1,14.636921571944397,-7.5,0.083949,SENT_ONCE,54,24.834093,6005617816038496,6005617840872589,8788,1,1,6005617841889388,6005617841911600,ACK_INSTALLED,6005617871590651,6005617871590651,6005617872059969,6005617872061767,6005617878066428,30.718062,30.718062,31.18738,6.006459,37.193839,56.021473,62.027932,True,True,True
MID_VARIABLE,55,1,14.975210691584461,-7.75,0.070738,SENT_ONCE,55,24.849721,6005617916024303,6005617940874024,7721,1,1,6005617941776873,6005617941797411,ACK_INSTALLED,6005617977844604,6005617977844604,6005617978227901,6005617978229714,6005617983770977,36.97058,36.97058,37.353877,5.543076,42.896953,62.203598,67.746674,True,True,True
MID_VARIABLE,56,1,13.112508301545656,-6.5,0.077637,SENT_ONCE,56,26.723191,6005618016018564,6005618042741755,8243,1,1,6005618043673007,6005618043694565,ACK_INSTALLED,6005618091654664,6005618091654664,6005618092034536,6005618092036159,6005618099046130,48.912909,48.912909,49.292781,7.011594,56.304375,76.015972,83.027566,True,True,True
MID_VARIABLE,57,1,14.598093413061358,-7.5,0.071838,SENT_ONCE,57,24.6215,6005618116018882,6005618140640382,8229,1,1,6005618141731601,6005618141754443,ACK_INSTALLED,6005618180338663,6005618180338663,6005618180798515,6005618180800239,6005618183020613,39.698281,39.698281,40.158133,2.222098,42.380231,64.779633,67.001731,True,True,True
MID_VARIABLE,58,1,14.004593641926428,-7.0,0.099167,SENT_ONCE,58,26.285921,6005618216016225,6005618242302146,11473,1,1,6005618243593475,6005618243618497,ACK_INSTALLED,6005618284058216,6005618284058216,6005618284775091,6005618284777129,6005618289471742,41.75607,41.75607,42.472945,4.696651,47.169596,68.758866,73.455517,True,True,True
MID_VARIABLE,59,1,17.627036450865187,-9.0,0.092904,SENT_ONCE,59,27.869617,6005618316017315,6005618343886932,11631,1,1,6005618345433369,6005618345463795,ACK_INSTALLED,6005618384120604,6005618384120604,6005618384688202,6005618384690064,6005618390076752,40.233672,40.233672,40.80127,5.38855,46.18982,68.670887,74.059437,True,True,True
MID_VARIABLE,60,1,15.988512750592019,-8.25,0.085402,SENT_ONCE,60,25.163495,6005618416008771,6005618441172266,9339,1,1,6005618442439615,6005618442471610,ACK_INSTALLED,6005618476681972,6005618476681972,6005618477197980,6005618477199595,6005618483051984,35.509706,35.509706,36.025714,5.854004,41.879718,61.189209,67.043213,True,True,True
MID_VARIABLE,61,1,15.569156920460472,-8.0,0.097336,SENT_ONCE,61,25.628565,6005618516011462,6005618541640027,9023,1,1,6005618542878867,6005618542905276,ACK_INSTALLED,6005618577435634,6005618577435634,6005618577883239,6005618577884947,6005618583696765,35.795607,35.795607,36.243212,5.813526,42.056738,61.871777,67.685303,True,True,True
MID_VARIABLE,62,1,14.85516091801945,-7.5,0.06905,SENT_ONCE,62,26.022463,6005618641952231,6005618667974694,11530,1,1,6005618672626910,6005618672655207,ACK_INSTALLED,6005618706491748,6005618706491748,6005618707081179,6005618707082711,6005618713097844,38.517054,38.517054,39.106485,6.016665,45.12315,65.128948,71.145613,True,True,True
MID_VARIABLE,63,1,14.254284504265074,-7.25,0.093775,SENT_ONCE,63,27.40025,6005618716215710,6005618743615960,12192,1,1,6005618747851324,6005618747877126,ACK_INSTALLED,6005618786189775,6005618786189775,6005618786742049,6005618786743731,6005618791804476,42.573815,42.573815,43.126089,5.062427,48.188516,70.526339,75.588766,True,True,True
MID_VARIABLE,64,1,17.107716750565768,-8.75,0.069214,SENT_ONCE,64,27.302265,6005618816449494,6005618843751759,10110,1,1,6005618845223099,6005618845255195,ACK_INSTALLED,6005618878494955,6005618878494955,6005618878982102,6005618878983721,6005618885501410,34.743196,34.743196,35.230343,6.519308,41.749651,62.532608,69.051916,True,True,True
MID_VARIABLE,65,1,15.270054356990178,-7.75,0.620946,SENT_ONCE,65,27.676605,6005618916081852,6005618943758457,15809,2,1,6005618949105293,6005618949133838,ACK_INSTALLED,6005618987208858,6005618987422218,6005618988106159,6005618988107439,6005618993610504,43.450401,43.663761,44.347702,5.504345,49.852047,72.024307,77.528652,True,True,True
MID_VARIABLE,66,1,15.436818075852782,-8.0,0.091201,SENT_ONCE,66,28.227906,6005619016004017,6005619044231923,17381,2,1,6005619046130995,6005619046157690,ACK_INSTALLED,6005619085552665,6005619085976268,6005619086744867,6005619086746973,6005619092118418,41.320742,41.744345,42.512944,5.373551,47.886495,70.74085,76.114401,True,True,True
MID_VARIABLE,67,1,14.417832972674796,-7.25,0.081017,SENT_ONCE,67,25.376028,6005619116023152,6005619141399180,8853,1,1,6005619142411323,6005619142436943,ACK_INSTALLED,6005619178437392,6005619178437392,6005619178943259,6005619178944971,6005619184388499,37.038212,37.038212,37.544079,5.44524,42.989319,62.920107,68.365347,True,True,True
MID_VARIABLE,68,1,15.49773694695782,-8.0,0.099144,SENT_ONCE,68,25.899502,6005619216023918,6005619241923420,8565,1,1,6005619242910350,6005619242933292,ACK_INSTALLED,6005619278720549,6005619278720549,6005619279111149,6005619279112775,6005619285007383,36.797129,36.797129,37.187729,5.896234,43.083963,63.087231,68.983465,True,True,True
MID_VARIABLE,69,1,16.113202891154234,-8.25,0.095238,SENT_ONCE,69,24.634376,6005619316030444,6005619340664820,5171,1,1,6005619341388182,6005619341411164,ACK_INSTALLED,6005619374841004,6005619374841004,6005619375131824,6005619375133396,6005619381777345,34.176184,34.176184,34.467004,6.645521,41.112525,59.10138,65.746901,True,True,True
MID_VARIABLE,70,1,14.702510319671608,-7.5,0.078673,SENT_ONCE,70,24.687144,6005619415995471,6005619440682615,8511,1,1,6005619441678611,6005619441702042,ACK_INSTALLED,6005619475044944,6005619475044944,6005619475456095,6005619475457876,6005619481731173,34.362329,34.362329,34.77348,6.275078,41.048558,59.460624,65.735702,True,True,True
MID_VARIABLE,71,1,15.338069253285154,-8.0,0.107477,SENT_ONCE,71,24.457432,6005619516128052,6005619540585484,7971,1,1,6005619541600514,6005619541624204,ACK_INSTALLED,6005619575191135,6005619575191135,6005619575574664,6005619575576573,6005619581628233,34.605651,34.605651,34.98918,6.053569,41.042749,59.446612,65.500181,True,True,True
MID_VARIABLE,72,1,16.46102966570212,-8.5,0.194084,SENT_ONCE,72,25.027514,6005619616516564,6005619641544078,9597,1,1,6005619643305215,6005619643347950,ACK_INSTALLED,6005619678411339,6005619678411339,6005619678838904,6005619678840613,6005619685483184,36.867261,36.867261,37.294826,6.64428,43.939106,62.32234,68.96662,True,True,True
MID_VARIABLE,73,1,16.471123964563365,-8.5,0.246486,SENT_ONCE,73,25.38715,6005619715991547,6005619741378697,5864,1,1,6005619742255357,6005619742279230,ACK_INSTALLED,6005619779331151,6005619779331151,6005619779638803,6005619779640685,6005619786138121,37.952454,37.952454,38.260106,6.499318,44.759424,63.647256,70.146574,True,True,True
MID_VARIABLE,74,1,14.97262100223249,-7.75,0.348195,SENT_ONCE,74,26.26429,6005619816001706,6005619842265996,10589,1,1,6005619846960769,6005619846983754,ACK_INSTALLED,6005619885903363,6005619885903363,6005619886372469,6005619886373998,6005619892615260,43.637367,43.637367,44.106473,6.242791,50.349264,70.370763,76.613554,True,True,True
MID_VARIABLE,75,1,13.724355450603056,-6.75,0.673424,SENT_ONCE,75,24.895824,6005619916105803,6005619941001627,8504,1,1,6005619944488740,6005619944511263,ACK_INSTALLED,6005619978107487,6005619978107487,6005619978522346,6005619978524227,6005619984827146,37.10586,37.10586,37.520719,6.3048,43.825519,62.416543,68.721343,True,True,True
MID_VARIABLE,76,1,14.039960979973896,-7.0,0.087727,SENT_ONCE,76,27.404948,6005620015986317,6005620043391265,9739,1,1,6005620044677655,6005620044721219,ACK_INSTALLED,6005620077604866,6005620077604866,6005620078081498,6005620078083112,6005620084694139,34.213601,34.213601,34.690233,6.612641,41.302874,62.095181,68.707822,True,True,True
MID_VARIABLE,77,1,14.639916409761291,-7.5,0.51657,SENT_ONCE,77,25.595956,6005620116003773,6005620141599729,10938,1,1,6005620142795865,6005620142840291,ACK_INSTALLED,6005620176614834,6005620176614834,6005620177122789,6005620177124517,6005620183412403,35.015105,35.015105,35.52306,6.289614,41.812674,61.119016,67.40863,True,True,True
MID_VARIABLE,78,1,15.22421178936877,-7.75,1.14211,SENT_ONCE,78,27.152858,6005620215984931,6005620243137789,11614,1,1,6005620244545793,6005620244588449,ACK_INSTALLED,6005620284626676,6005620284626676,6005620285126564,6005620285128189,6005620290978692,41.488887,41.488887,41.988775,5.852128,47.840903,69.141633,74.993761,True,True,True
MID_VARIABLE,79,1,12.76933318894935,-6.5,0.702307,SENT_ONCE,79,26.648204,6005620316006169,6005620342654373,15636,2,1,6005620344276325,6005620344322463,ACK_INSTALLED,6005620383404973,6005620383920261,6005620384662277,6005620384663880,6005620393012537,40.7506,41.265888,42.007904,8.35026,50.358164,68.656108,77.006368,True,True,True
MID_VARIABLE,80,1,14.600213362019296,-7.5,0.58203,SENT_ONCE,80,27.202074,6005620415987711,6005620443189785,9257,1,1,6005620444432093,6005620444469884,ACK_INSTALLED,6005620477736488,6005620477736488,6005620478169684,6005620478171241,6005620485022034,34.546703,34.546703,34.979899,6.85235,41.832249,62.181973,69.034323,True,True,True
MID_VARIABLE,81,1,16.179198542653744,-8.25,0.244642,SENT_ONCE,81,26.580065,6005620515978278,6005620542558343,9579,1,1,6005620543839362,6005620543867551,ACK_INSTALLED,6005620578825057,6005620578825057,6005620579268294,6005620579269770,6005620584917060,36.266714,36.266714,36.709951,5.648766,42.358717,63.290016,68.938782,True,True,True
MID_VARIABLE,82,1,15.180221451651036,-7.75,0.067843,SENT_ONCE,82,27.315741,6005620615975397,6005620643291138,9435,1,1,6005620644541036,6005620644564171,ACK_INSTALLED,6005620678452949,6005620678452949,6005620678973472,6005620678975173,6005620685115557,35.161811,35.161811,35.682334,6.142085,41.824419,62.998075,69.14016,True,True,True
MID_VARIABLE,83,1,15.06977330006998,-7.75,0.070089,SENT_ONCE,83,26.583488,6005620715979876,6005620742563364,8157,1,1,6005620743619347,6005620743640544,ACK_INSTALLED,6005620779822535,6005620779822535,6005620780196631,6005620780198057,6005620787108690,37.259171,37.259171,37.633267,6.912059,44.545326,64.216755,71.128814,True,True,True
MID_VARIABLE,84,1,17.559133555265173,-9.0,0.116603,SENT_ONCE,84,27.894887,6005620815990451,6005620843885338,7048,1,1,6005620844790180,6005620844811859,ACK_INSTALLED,6005620877740017,6005620877740017,6005620878149400,6005620878151230,6005620880420867,33.854679,33.854679,34.264062,2.271467,36.535529,62.158949,64.430416,True,True,True
MID_VARIABLE,85,1,15.03751126637583,-7.75,0.13915,SENT_ONCE,85,25.316108,6005620915986085,6005620941302193,5261,1,1,6005620942041109,6005620942062647,ACK_INSTALLED,6005620978600674,6005620978600674,6005620978856181,6005620978857905,6005620982318796,37.298481,37.298481,37.553988,3.462615,41.016603,62.870096,66.332711,True,True,True
MID_VARIABLE,86,0,7.6878262718016215,-3.5,0.072821,SENT_ONCE,86,27.763683,6005621015980022,6005621043743705,9458,1,1,6005621044886089,6005621044920083,ACK_INSTALLED,6005621128070730,6005621128070730,6005621128626692,6005621128628507,6005621133029968,84.327025,84.327025,84.882987,4.403276,89.286263,112.64667,117.049946,True,True,True
MID_VARIABLE,87,0,6.877698410049458,-3.25,0.087673,SENT_ONCE,87,27.201758,6005621116038688,6005621143240446,15694,2,1,6005621146744875,6005621146771472,ACK_INSTALLED,6005621214545906,6005621214601205,6005621215298609,6005621215300120,6005621221592731,71.30546,71.360759,72.058163,6.294122,78.352285,99.259921,105.554043,True,True,True
MID_VARIABLE,88,0,8.921519940805727,-4.25,0.074806,SENT_ONCE,88,25.518583,6005621216013950,6005621241532533,11796,1,1,6005621242816048,6005621242839671,ACK_INSTALLED,6005621265727678,6005621265727678,6005621266262542,6005621266264112,6005621273760724,24.195145,24.195145,24.730009,7.498182,32.228191,50.248592,57.746774,True,True,True
MID_VARIABLE,89,1,16.849313486530704,-8.75,0.080809,SENT_ONCE,89,26.087262,6005621316050514,6005621342137776,7323,1,1,6005621343158527,6005621343180477,ACK_INSTALLED,6005621376693731,6005621376693731,6005621377113097,6005621377114729,6005621384416672,34.555955,34.555955,34.975321,7.303575,42.278896,61.062583,68.366158,True,True,True
MID_VARIABLE,90,1,14.216519156474313,-7.25,0.079838,SENT_ONCE,90,29.037054,6005621415989367,6005621445026421,7059,1,1,6005621445964268,6005621445985576,ACK_INSTALLED,6005621485196424,6005621485196424,6005621485610748,6005621485612470,6005621488559216,40.170003,40.170003,40.584327,2.948468,43.532795,69.621381,72.569849,True,True,True
MID_VARIABLE,91,1,16.00294662646736,-8.25,0.10377,SENT_ONCE,91,27.124629,6005621515983759,6005621543108388,8840,1,1,6005621544120210,6005621544144232,ACK_INSTALLED,6005621578486509,6005621578486509,6005621578978125,6005621578980126,6005621581757251,35.378121,35.378121,35.869737,2.779126,38.648863,62.994366,65.773492,True,True,True
MID_VARIABLE,92,1,13.922921983024779,-7.0,0.087285,SENT_ONCE,92,28.145299,6005621616017426,6005621644162725,11296,1,1,6005621645477406,6005621645499615,ACK_INSTALLED,6005621683862272,6005621683862272,6005621684436799,6005621684438423,6005621690932334,39.699547,39.699547,40.274074,6.495535,46.769609,68.419373,74.914908,True,True,True
MID_VARIABLE,93,1,12.714107403883679,-6.25,0.064787,SENT_ONCE,93,29.316341,6005621715967641,6005621745283982,7368,1,1,6005621746210165,6005621746231167,ACK_INSTALLED,6005621781222626,6005621781222626,6005621781627345,6005621781629105,6005621783783858,35.938644,35.938644,36.343363,2.156513,38.499876,65.659704,67.816217,True,True,True
MID_VARIABLE,94,1,14.234192918885967,-7.25,0.064239,SENT_ONCE,94,26.757308,6005621815973811,6005621842731119,8244,1,1,6005621843743286,6005621843764049,ACK_INSTALLED,6005621879004532,6005621879004532,6005621879466078,6005621879467790,6005621886038268,36.273413,36.273413,36.734959,6.57219,43.307149,63.492267,70.064457,True,True,True
MID_VARIABLE,95,1,15.997469331376335,-8.25,0.06438,SENT_ONCE,95,25.844858,6005621915966202,6005621941811060,11860,1,1,6005621943180919,6005621943202150,ACK_INSTALLED,6005621977791211,6005621977791211,6005621978410621,6005621978412399,6005621984190885,35.980151,35.980151,36.599561,5.780264,42.379825,62.444419,68.224683,True,True,True
MID_VARIABLE,96,1,15.617531011697228,-8.0,0.06512,SENT_ONCE,96,26.33463,6005622015970168,6005622042304798,11535,1,1,6005622043620217,6005622043641826,ACK_INSTALLED,6005622076477239,6005622076477239,6005622076996925,6005622076998743,6005622083350048,34.172441,34.172441,34.692127,6.353123,41.04525,61.026757,67.37988,True,True,True
MID_VARIABLE,97,1,14.073280805566773,-7.0,0.06777,SENT_ONCE,97,26.969763,6005622115971251,6005622142941014,14188,2,1,6005622144509619,6005622144535023,ACK_INSTALLED,6005622182082554,6005622182463682,6005622183051438,6005622183052759,6005622188952290,39.14154,39.522668,40.110424,5.900852,46.011276,67.080187,72.981039,True,True,True
MID_VARIABLE,98,1,15.391265413591194,-8.0,0.108886,SENT_ONCE,98,26.741371,6005622216000265,6005622242741636,7586,1,1,6005622243666607,6005622243687741,ACK_INSTALLED,6005622283677607,6005622283677607,6005622284068021,6005622284070002,6005622286518083,40.935971,40.935971,41.326385,2.450062,43.776447,68.067756,70.517818,True,True,True
MID_VARIABLE,99,1,17.1203656140257,-8.75,0.062443,SENT_ONCE,99,29.438217,6005622315968517,6005622345406734,11023,1,1,6005622346733017,6005622346755271,ACK_INSTALLED,6005622383389453,6005622383389453,6005622383875572,6005622383877285,6005622389996380,37.982719,37.982719,38.468838,6.120808,44.589646,67.907055,74.027863,True,True,True
MID_VARIABLE,100,1,16.062192447131522,-8.25,0.064053,SENT_ONCE,100,25.763462,6005622415967004,6005622441730466,9072,1,1,6005622442777551,6005622442797500,ACK_INSTALLED,6005622481892438,6005622481892438,6005622482326265,6005622482327766,6005622484643399,40.161972,40.161972,40.595799,2.317134,42.912933,66.359261,68.676395,True,True,True
MID_VARIABLE,101,1,15.832176012046803,-8.25,0.086186,SENT_ONCE,101,25.843586,6005622515979791,6005622541823377,7660,1,1,6005622542734202,6005622542757445,ACK_INSTALLED,6005622582087796,6005622582087796,6005622582460369,6005622582461989,6005622584929720,40.264419,40.264419,40.636992,2.469351,43.106343,66.480578,68.949929,True,True,True
MID_VARIABLE,102,1,15.138983029092314,-7.75,0.086792,SENT_ONCE,102,27.064161,6005622615997235,6005622643061396,7678,1,1,6005622643983959,6005622644010959,ACK_INSTALLED,6005622680805714,6005622680805714,6005622681185298,6005622681186934,6005622683597718,37.744318,37.744318,38.123902,2.41242,40.536322,65.188063,67.600483,True,True,True
MID_VARIABLE,103,1,15.592163555796608,-8.0,0.099348,SENT_ONCE,103,24.746704,6005622715977892,6005622740724596,7597,1,1,6005622741620333,6005622741645440,ACK_INSTALLED,6005622779824872,6005622779824872,6005622780185282,6005622780186879,6005622783148389,39.100276,39.100276,39.460686,2.963107,42.423793,64.20739,67.170497,True,True,True
MID_VARIABLE,104,1,15.380067670741681,-8.0,0.08066,SENT_ONCE,104,26.971096,6005622816063678,6005622843034774,8825,1,1,6005622844203589,6005622844229870,ACK_INSTALLED,6005622879897441,6005622879897441,6005622880307975,6005622880309524,6005622883128639,36.862667,36.862667,37.273201,2.820664,40.093865,64.244297,67.064961,True,True,True
MID_VARIABLE,105,1,14.666607421211053,-7.5,0.084416,SENT_ONCE,105,25.495957,6005622916064242,6005622941560199,8583,1,1,6005622942662779,6005622942685733,ACK_INSTALLED,6005622981399962,6005622981399962,6005622981821599,6005622981823553,6005622984713715,39.839763,39.839763,40.2614,2.892116,43.153516,65.757357,68.649473,True,True,True
MID_VARIABLE,106,1,14.17786118104331,-7.0,0.099005,SENT_ONCE,106,26.17249,6005623016097192,6005623042269682,5219,1,1,6005623043134008,6005623043156626,ACK_INSTALLED,6005623080488794,6005623080488794,6005623080914166,6005623080915944,6005623083604817,38.219112,38.219112,38.644484,2.690651,41.335135,64.816974,67.507625,True,True,True
MID_VARIABLE,107,1,14.29221310249153,-7.25,0.119518,SENT_ONCE,107,27.159706,6005623116048181,6005623143207887,7090,1,1,6005623144075531,6005623144098504,ACK_INSTALLED,6005623182196552,6005623182196552,6005623182647477,6005623182648966,6005623185421675,38.988665,38.988665,39.43959,2.774198,42.213788,66.599296,69.373494,True,True,True
MID_VARIABLE,108,1,13.805174549688925,-7.0,0.092374,SENT_ONCE,108,26.689947,6005623216074659,6005623242764606,14455,2,1,6005623244302997,6005623244331857,ACK_INSTALLED,6005623281040957,6005623281427192,6005623282050648,6005623282052087,6005623289459854,38.276351,38.662586,39.286042,7.409206,46.695248,65.975989,73.385195,True,True,True
MID_VARIABLE,109,1,15.199752235036623,-7.75,0.093945,SENT_ONCE,109,27.369527,6005623316067770,6005623343437297,16481,2,1,6005623345088896,6005623345116939,ACK_INSTALLED,6005623382337142,6005623382822214,6005623383615007,6005623383616683,6005623389436192,38.899845,39.384917,40.17771,5.821185,45.998895,67.547237,73.368422,True,True,True
MID_VARIABLE,110,1,15.981652484406341,-8.25,0.0766,SENT_ONCE,110,28.021283,6005623415971213,6005623443992496,11821,1,1,6005623445416013,6005623445441916,ACK_INSTALLED,6005623478445136,6005623478445136,6005623479036950,6005623479038566,6005623485344855,34.45264,34.45264,35.044454,6.307905,41.352359,63.065737,69.373642,True,True,True
MID_VARIABLE,111,1,15.044562643433434,-7.75,0.103429,SENT_ONCE,111,27.646362,6005623515968408,6005623543614770,11208,1,1,6005623544875876,6005623544901860,ACK_INSTALLED,6005623578111498,6005623578111498,6005623578689670,6005623578691390,6005623584698168,34.496728,34.496728,35.0749,6.008498,41.083398,62.721262,68.72976,True,True,True
MID_VARIABLE,112,1,13.586144270057915,-6.75,0.068477,SENT_ONCE,112,28.310424,6005623615950677,6005623644261101,14870,2,1,6005623645874089,6005623645905029,ACK_INSTALLED,6005623684959776,6005623685576238,6005623687025183,6005623687027108,6005623692070694,40.698675,41.315137,42.764082,5.045511,47.809593,71.074506,76.120017,True,True,True
MID_VARIABLE,113,2,21.957285159124492,-11.25,0.095661,SENT_ONCE,113,26.143558,6005623715949331,6005623742092889,13990,2,1,6005623743902728,6005623743929645,ACK_INSTALLED,6005623785804318,6005623786288168,6005623786865700,6005623786867517,6005623793853113,43.711429,44.195279,44.772811,6.987413,51.760224,70.916369,77.903782,True,True,True
MID_VARIABLE,114,2,21.71147817587981,-11.0,0.074951,SENT_ONCE,114,31.035999,6005623815971848,6005623847007847,19324,2,1,6005623849151593,6005623849179581,ACK_INSTALLED,6005623882992825,6005623883514729,6005623884575926,6005623884577817,6005623890514023,35.984978,36.506882,37.568079,5.938097,43.506176,68.604078,74.542175,True,True,True
MID_VARIABLE,115,2,21.8236213933146,-11.25,0.07098,SENT_ONCE,115,26.529688,6005623915959484,6005623942489172,16033,2,1,6005623944269050,6005623944299978,ACK_INSTALLED,6005623981460523,6005623981787071,6005623982557958,6005623982559595,6005623988436327,38.971351,39.297899,40.068786,5.878369,45.947155,66.598474,72.476843,True,True,True
MID_VARIABLE,116,2,19.824071356288428,-10.25,0.180266,SENT_ONCE,116,26.271055,6005624015946236,6005624042217291,15596,2,1,6005624044122608,6005624044146470,ACK_INSTALLED,6005624083165805,6005624083550356,6005624084319283,6005624084321144,6005624090255124,40.948514,41.333065,42.101992,5.935841,48.037833,68.373047,74.308888,True,True,True
MID_VARIABLE,117,2,22.25043738959691,-11.5,0.27022,SENT_ONCE,117,28.487356,6005624115963312,6005624144450668,19432,2,1,6005624146802132,6005624146835153,ACK_INSTALLED,6005624187110186,6005624187265188,6005624188324944,6005624188326434,6005624194046552,42.659518,42.81452,43.874276,5.721608,49.595884,72.361632,78.08324,True,True,True
MID_VARIABLE,118,1,16.350018801358004,-8.5,0.089069,SENT_ONCE,118,27.232158,6005624215961031,6005624243193189,15324,2,1,6005624244853379,6005624244878884,ACK_INSTALLED,6005624300963905,6005624301014435,6005624301745124,6005624301746403,6005624307791602,57.770716,57.821246,58.551935,6.046478,64.598413,85.784093,91.830571,True,True,True
MID_VARIABLE,119,2,22.831363459017666,-11.75,0.079599,SENT_ONCE,119,26.444921,6005624315962408,6005624342407329,14548,2,1,6005624344203854,6005624344231656,ACK_INSTALLED,6005624381382704,6005624381736464,6005624382417539,6005624382419252,6005624388511267,38.975375,39.329135,40.01021,6.093728,46.103938,66.455131,72.548859,True,True,True
MID_VARIABLE,120,2,19.894213932972846,-10.25,0.080309,SENT_ONCE,120,27.933057,6005624415937538,6005624443870595,7346,1,1,6005624444778035,6005624444801010,ACK_INSTALLED,6005624480481982,6005624480481982,6005624480840766,6005624480842458,6005624484314266,36.611387,36.611387,36.970171,3.4735,40.443671,64.903228,68.376728,True,True,True
MID_VARIABLE,121,2,19.972821975056814,-10.25,0.075998,SENT_ONCE,121,25.062232,6005624515943121,6005624541005353,9217,1,1,6005624542200711,6005624542224439,ACK_INSTALLED,6005624580573794,6005624580573794,6005624581071080,6005624581072439,6005624584007683,39.568441,39.568441,40.065727,2.936603,43.00233,65.127959,68.064562,True,True,True
MID_VARIABLE,122,2,21.897752995627478,-11.25,0.081579,SENT_ONCE,122,26.278783,6005624615952591,6005624642231374,7717,1,1,6005624643315718,6005624643338350,ACK_INSTALLED,6005624681822442,6005624681822442,6005624682259296,6005624682262780,6005624684719721,39.591068,39.591068,40.027922,2.460425,42.488347,66.306705,68.76713,True,True,True
MID_VARIABLE,123,2,21.881918427362223,-11.25,0.077952,SENT_ONCE,123,26.490821,6005624729043685,6005624755534506,7295,1,1,6005624756478214,6005624756502889,ACK_INSTALLED,6005624798569071,6005624798569071,6005624799165364,6005624799167071,6005624806571645,43.034565,43.034565,43.630858,7.406281,51.037139,70.121679,77.52796,True,True,True
MID_VARIABLE,124,2,22.577946423942635,-11.5,0.106836,SENT_ONCE,124,26.799232,6005624815926872,6005624842726104,13874,2,1,6005624844240400,6005624844268877,ACK_INSTALLED,6005624883998624,6005624884274504,6005624884848669,6005624884850176,6005624891028154,41.27252,41.5484,42.122565,6.179485,48.30205,68.921797,75.101282,True,True,True
MID_VARIABLE,125,2,21.661505825721832,-11.0,0.078151,SENT_ONCE,125,26.397775,6005624915939583,6005624942337358,6459,1,1,6005624943272973,6005624943296463,ACK_INSTALLED,6005624982487946,6005624982487946,6005624982811292,6005624982812832,6005624985185469,40.150588,40.150588,40.473934,2.374177,42.848111,66.871709,69.245886,True,True,True
MID_VARIABLE,126,2,22.842414012082088,-11.75,0.113109,SENT_ONCE,126,26.392468,6005625015939233,6005625042331701,11201,1,1,6005625043773885,6005625043805948,ACK_INSTALLED,6005625085789540,6005625085789540,6005625086280490,6005625086282444,6005625093923224,43.457839,43.457839,43.948789,7.642734,51.591523,70.341257,77.983991,True,True,True
MID_VARIABLE,127,2,22.683998542169533,-11.5,0.108028,SENT_ONCE,127,29.428775,6005625116041502,6005625145470277,13618,2,1,6005625146928579,6005625146958071,ACK_INSTALLED,6005625182736365,6005625182795936,6005625183372653,6005625183374076,6005625189912785,37.266088,37.325659,37.902376,6.540132,44.442508,67.331151,73.871283,True,True,True
MID_VARIABLE,128,2,20.09386022950357,-10.25,0.109609,SENT_ONCE,128,27.002455,6005625215951089,6005625242953544,7310,1,1,6005625243826736,6005625243850083,ACK_INSTALLED,6005625283032919,6005625283032919,6005625283403134,6005625283405044,6005625289691676,40.079375,40.079375,40.44959,6.288542,46.738132,67.452045,73.740587,True,True,True
MID_VARIABLE,129,2,19.923513307617362,-10.25,0.081085,SENT_ONCE,129,27.780555,6005625315933652,6005625343714207,13892,2,1,6005625345191490,6005625345219548,ACK_INSTALLED,6005625384134784,6005625384230527,6005625384804226,6005625384805778,6005625391688592,40.420577,40.51632,41.090019,6.884366,47.974385,68.870574,75.75494,True,True,True
MID_VARIABLE,130,2,20.936639266339206,-10.75,0.119371,SENT_ONCE,130,27.069426,6005625416046401,6005625443115827,8473,1,1,6005625444250743,6005625444275256,ACK_INSTALLED,6005625484400395,6005625484400395,6005625484798740,6005625484800437,6005625487274952,41.284568,41.284568,41.682913,2.476212,44.159125,68.752339,71.228551,True,True,True
MID_VARIABLE,131,2,23.291795350137946,-12.0,0.08674,SENT_ONCE,131,27.681091,6005625515932265,6005625543613356,8150,1,1,6005625544570826,6005625544594782,ACK_INSTALLED,6005625583546941,6005625583546941,6005625583931539,6005625583933148,6005625586491372,39.933585,39.933585,40.318183,2.559833,42.878016,67.999274,70.559107,True,True,True
MID_VARIABLE,132,2,19.748768674530876,-10.0,0.078468,SENT_ONCE,132,26.905736,6005625615920331,6005625642826067,6623,1,1,6005625643665571,6005625643690391,ACK_INSTALLED,6005625679032503,6005625679032503,6005625679360278,6005625679362124,6005625685428904,36.206436,36.206436,36.534211,6.068626,42.602837,63.439947,69.508573,True,True,True
MID_VARIABLE,133,1,13.825352504483659,-7.0,0.071289,SENT_ONCE,133,27.727657,6005625729469435,6005625757197092,15635,2,1,6005625758938137,6005625758965095,ACK_INSTALLED,6005625823342313,6005625823708249,6005625824679952,6005625824681874,6005625830403810,66.145221,66.511157,67.48286,5.723858,73.206718,95.210517,100.934375,True,True,True
MID_VARIABLE,134,1,16.725230723286774,-8.5,0.075904,SENT_ONCE,134,27.367406,6005625815928270,6005625843295676,13008,2,1,6005625844708615,6005625844734809,ACK_INSTALLED,6005625871483015,6005625871881352,6005625872430083,6005625872431792,6005625878723936,28.187339,28.585676,29.134407,6.293853,35.42826,56.501813,62.795666,True,True,True
MID_VARIABLE,135,1,14.9489434078583,-7.75,0.099284,SENT_ONCE,135,26.026532,6005625915914714,6005625941941246,9755,1,1,6005625943124835,6005625943148667,ACK_INSTALLED,6005625987811722,6005625987811722,6005625988258009,6005625988259625,6005625991972527,45.870476,45.870476,46.316763,3.714518,50.031281,72.343295,76.057813,True,True,True
MID_VARIABLE,136,1,16.02778118938653,-8.25,0.079033,SENT_ONCE,136,26.98897,6005626015922693,6005626042911663,9478,1,1,6005626044019636,6005626044043340,ACK_INSTALLED,6005626078167473,6005626078167473,6005626078614405,6005626078616099,6005626084797826,35.25581,35.25581,35.702742,6.183421,41.886163,62.691712,68.875133,True,True,True
MID_VARIABLE,137,1,15.861345515930433,-8.25,0.106858,SENT_ONCE,137,26.43637,6005626115942127,6005626142378497,10612,1,1,6005626143842744,6005626143867341,ACK_INSTALLED,6005626181034167,6005626181034167,6005626181503414,6005626181505231,6005626187755552,38.65567,38.65567,39.124917,6.252138,45.377055,65.561287,71.813425,True,True,True
MID_VARIABLE,138,1,14.817648347124381,-7.5,0.095334,SENT_ONCE,138,26.820762,6005626215932357,6005626242753119,9502,1,1,6005626243885652,6005626243907331,ACK_INSTALLED,6005626283277319,6005626283277319,6005626283728825,6005626283730341,6005626289575048,40.5242,40.5242,40.975706,5.846223,46.821929,67.796468,73.642691,True,True,True
MID_VARIABLE,139,0,8.349721823861074,-4.0,0.076039,SENT_ONCE,139,26.067505,6005626315915882,6005626341983387,7602,1,1,6005626342923776,6005626342945685,ACK_INSTALLED,6005626429262772,6005626429262772,6005626429647684,6005626429649300,6005626431938557,87.279385,87.279385,87.664297,2.290873,89.95517,113.731802,116.022675,True,True,True
MID_VARIABLE,140,0,10.504565004289265,-5.25,0.073026,SENT_ONCE,140,26.236593,6005626415921120,6005626442157713,10725,1,1,6005626443483150,6005626443520499,ACK_INSTALLED,6005626480866955,6005626480866955,6005626481363581,6005626481364884,6005626488170781,38.709242,38.709242,39.205868,6.8072,46.013068,65.442461,72.249661,True,True,True
MID_VARIABLE,141,0,7.679086756135533,-3.5,0.093731,SENT_ONCE,141,26.44621,6005626515928061,6005626542374271,11858,1,1,6005626543756619,6005626543796583,ACK_INSTALLED,6005626599907606,6005626599907606,6005626600782648,6005626600785346,6005626606405783,57.533335,57.533335,58.408377,5.623135,64.031512,84.854587,90.477722,True,True,True
MID_VARIABLE,142,0,9.82873799391953,-5.0,0.099085,SENT_ONCE,142,26.159139,6005626615919274,6005626642078413,8650,1,1,6005626643126944,6005626643165418,ACK_INSTALLED,6005626679441913,6005626679441913,6005626680075350,6005626680077784,6005626686176302,37.3635,37.3635,37.996937,6.100952,44.097889,64.156076,70.257028,True,True,True
MID_VARIABLE,143,1,15.53223824979829,-8.0,0.086993,SENT_ONCE,143,27.903332,6005626741951292,6005626769854624,9170,1,1,6005626770927534,6005626770972335,ACK_INSTALLED,6005626808978512,6005626808978512,6005626809581746,6005626809583451,6005626816518913,39.123888,39.123888,39.727122,6.937167,46.664289,67.630454,74.567621,True,True,True
MID_VARIABLE,144,1,13.99449460252754,-7.0,0.065577,SENT_ONCE,144,25.495832,6005626815904169,6005626841400001,7971,1,1,6005626842378470,6005626842414252,ACK_INSTALLED,6005626883709197,6005626883709197,6005626884180831,6005626884182551,6005626891311257,42.309196,42.309196,42.78083,7.130426,49.911256,68.276662,75.407088,True,True,True
MID_VARIABLE,145,1,14.47989967668041,-7.25,0.118463,SENT_ONCE,145,23.855274,6005626915908479,6005626939763753,3095,1,1,6005626940284744,6005626940317502,ACK_INSTALLED,6005626978201418,6005626978201418,6005626978391232,6005626978392859,6005626981209683,38.437665,38.437665,38.627479,2.818451,41.44593,62.482753,65.301204,True,True,True
MID_VARIABLE,146,1,15.535298686828995,-8.0,0.065641,SENT_ONCE,146,26.250325,6005627015907292,6005627042157617,11864,1,1,6005627043567278,6005627043606878,ACK_INSTALLED,6005627084298467,6005627084298467,6005627084856342,6005627084857990,6005627091052311,42.14085,42.14085,42.698725,6.195969,48.894694,68.94905,75.145019,True,True,True
MID_VARIABLE,147,1,13.312876567005993,-6.75,0.134071,SENT_ONCE,147,26.839532,6005627115903570,6005627142743102,14465,2,1,6005627144356377,6005627144401549,ACK_INSTALLED,6005627180708191,6005627181329888,6005627181991676,6005627181993103,6005627188424697,37.965089,38.586786,39.248574,6.433021,45.681595,66.088106,72.521127,True,True,True
MID_VARIABLE,148,1,14.455723635396955,-7.25,0.065289,SENT_ONCE,148,26.277517,6005627215906223,6005627242183740,12978,2,1,6005627243787706,6005627243832445,ACK_INSTALLED,6005627281569565,6005627281624693,6005627282208756,6005627282210266,6005627288966471,39.385825,39.440953,40.025016,6.757715,46.782731,66.302533,73.060248,True,True,True
MID_VARIABLE,149,1,15.766413389997542,-8.25,0.211659,SENT_ONCE,149,26.910514,6005627315961960,6005627342872474,11184,1,1,6005627344139584,6005627344178196,ACK_INSTALLED,6005627387384101,6005627387384101,6005627387878399,6005627387879916,6005627393040981,44.511627,44.511627,45.005925,5.162582,50.168507,71.916439,77.079021,True,True,True
MID_VARIABLE,150,1,14.78302518296468,-7.5,0.060461,SENT_ONCE,150,26.320895,6005627415893483,6005627442214378,13273,2,1,6005627443811756,6005627443858300,ACK_INSTALLED,6005627482107592,6005627482380642,6005627483005175,6005627483006853,6005627489002619,39.893214,40.166264,40.790797,5.997444,46.788241,67.111692,73.109136,True,True,True
MID_VARIABLE,151,1,14.995363904224815,-7.75,0.078426,SENT_ONCE,151,25.493622,6005627515897094,6005627541390716,13834,2,1,6005627542973033,6005627543016698,ACK_INSTALLED,6005627580972259,6005627581457333,6005627582067270,6005627582068874,6005627587993148,39.581543,40.066617,40.676554,5.925878,46.602432,66.170176,72.096054,True,True,True
MID_VARIABLE,152,1,13.227173694953336,-6.5,0.078539,SENT_ONCE,152,25.998105,6005627615890184,6005627641888289,12346,1,1,6005627643241790,6005627643630370,ACK_INSTALLED,6005627682739147,6005627682739147,6005627683321642,6005627683323294,6005627688441904,40.850858,40.850858,41.433353,5.120262,46.553615,67.431458,72.55172,True,True,True
MID_VARIABLE,153,1,16.63646665312676,-8.5,0.097145,SENT_ONCE,153,26.943437,6005627743613003,6005627770556440,11610,1,1,6005627771876579,6005627771926180,ACK_INSTALLED,6005627814154525,6005627814154525,6005627814676829,6005627814678389,6005627821329795,43.598085,43.598085,44.120389,6.652966,50.773355,71.063826,77.716792,True,True,True
MID_VARIABLE,154,1,13.496937089169617,-6.75,0.072105,SENT_ONCE,154,26.846172,6005627816290175,6005627843136347,12025,1,1,6005627844476725,6005627844520609,ACK_INSTALLED,6005627869756976,6005627869756976,6005627870293645,6005627870295348,6005627876322442,26.620629,26.620629,27.157298,6.028797,33.186095,54.00347,60.032267,True,True,True
MID_VARIABLE,155,1,16.405626430915632,-8.5,0.072716,SENT_ONCE,155,25.661919,6005627915883567,6005627941545486,12934,2,1,6005627942917614,6005627942964783,ACK_INSTALLED,6005627982193709,6005627982725967,6005627983268583,6005627983270197,6005627989444973,40.648223,41.180481,41.723097,6.17639,47.899487,67.385016,73.561406,True,True,True
MID_VARIABLE,156,1,14.153647365316456,-7.0,0.083593,SENT_ONCE,156,24.341298,6005628015926436,6005628040267734,8248,1,1,6005628041232754,6005628041283837,ACK_INSTALLED,6005628076724124,6005628076724124,6005628077166053,6005628077167813,6005628079460804,36.45639,36.45639,36.898319,2.294751,39.19307,61.239617,63.534368,True,True,True
MID_VARIABLE,157,0,8.402605748629016,-4.0,0.071639,SENT_ONCE,157,25.391529,6005628115892856,6005628141284385,10965,1,1,6005628142774230,6005628142806593,ACK_INSTALLED,6005628219588561,6005628219588561,6005628220647882,6005628220649574,6005628224740161,78.304176,78.304176,79.363497,4.092279,83.455776,104.755026,108.847305,True,True,True
MID_VARIABLE,158,1,12.492022244096155,-6.25,0.100469,SENT_ONCE,158,24.856551,6005628215883319,6005628240739870,8609,1,1,6005628241735832,6005628241774980,ACK_INSTALLED,6005628260871884,6005628260871884,6005628261275869,6005628261277307,6005628266791921,20.132014,20.132014,20.535999,5.516052,26.052051,45.39255,50.908602,True,True,True
MID_VARIABLE,159,1,16.23004618918402,-8.25,0.096728,SENT_ONCE,159,27.298135,6005628315906365,6005628343204500,8302,1,1,6005628344208068,6005628344249625,ACK_INSTALLED,6005628375471313,6005628375471313,6005628375855324,6005628375856971,6005628381158211,32.266813,32.266813,32.650824,5.302887,37.953711,59.948959,65.251846,True,True,True
MID_VARIABLE,160,1,13.761467040710498,-7.0,0.080682,SENT_ONCE,160,26.471281,6005628416003582,6005628442474863,6799,1,1,6005628443436476,6005628443475669,ACK_INSTALLED,6005628476465248,6005628476465248,6005628476785827,6005628476787477,6005628481990377,33.990385,33.990385,34.310964,5.20455,39.515514,60.782245,65.986795,True,True,True
MID_VARIABLE,161,1,16.283269620645676,-8.5,0.073588,SENT_ONCE,161,25.473127,6005628515885578,6005628541358705,4048,1,1,6005628541954226,6005628541976763,ACK_INSTALLED,6005628573458725,6005628573458725,6005628573686947,6005628573688600,6005628576088674,32.10002,32.10002,32.328242,2.401727,34.729969,57.801369,60.203096,True,True,True
MID_VARIABLE,162,1,14.389662182195721,-7.25,0.092364,SENT_ONCE,162,26.832036,6005628615981567,6005628642813603,8916,1,1,6005628643855052,6005628643881819,ACK_INSTALLED,6005628677380308,6005628677380308,6005628677821007,6005628677822616,6005628683275914,34.566705,34.566705,35.007404,5.454907,40.462311,61.83944,67.294347,True,True,True
MID_VARIABLE,163,1,13.027101679167982,-6.5,0.100789,SENT_ONCE,163,26.616723,6005628715893246,6005628742509969,9358,1,1,6005628743646506,6005628743673319,ACK_INSTALLED,6005628773317911,6005628773317911,6005628773770200,6005628773771891,6005628777966065,30.807942,30.807942,31.260231,4.195865,35.456096,57.876954,62.072819,True,True,True
MID_VARIABLE,164,1,15.605118985515544,-8.0,0.075136,SENT_ONCE,164,29.168026,6005628815872113,6005628845040139,15726,2,1,6005628846877911,6005628846908193,ACK_INSTALLED,6005628877568421,6005628877607389,6005628878349917,6005628878351794,6005628882958354,32.528282,32.56725,33.309778,4.608437,37.918215,62.477804,67.086241,True,True,True
MID_VARIABLE,165,1,13.79191845887369,-7.0,0.076575,SENT_ONCE,165,29.400317,6005628915893099,6005628945293416,14222,2,1,6005628948551914,6005628948605344,ACK_INSTALLED,6005628980701572,6005628980977281,6005628982028354,6005628982029902,6005628990773239,35.408156,35.683865,36.734938,8.744885,45.479823,66.135255,74.88014,True,True,True
MID_VARIABLE,166,1,16.125530668703036,-8.25,0.084026,SENT_ONCE,166,28.328407,6005629015887639,6005629044216046,11404,1,1,6005629045559976,6005629045604013,ACK_INSTALLED,6005629073120302,6005629073120302,6005629073706935,6005629073708641,6005629081172215,28.904256,28.904256,29.490889,7.46528,36.956169,57.819296,65.284576,True,True,True
MID_VARIABLE,167,1,15.902783683986488,-8.25,0.083428,SENT_ONCE,167,24.967563,6005629115906174,6005629140873737,9251,1,1,6005629142557808,6005629142601611,ACK_INSTALLED,6005629172282551,6005629172282551,6005629172738530,6005629172739969,6005629180371811,31.408814,31.408814,31.864793,7.633281,39.498074,56.832356,64.465637,True,True,True
MID_VARIABLE,168,1,13.556551869399362,-6.75,0.076489,SENT_ONCE,168,25.291643,6005629215903424,6005629241195067,8568,1,1,6005629242183295,6005629242223583,ACK_INSTALLED,6005629271829610,6005629271829610,6005629272248557,6005629272250099,6005629280023803,30.634543,30.634543,31.05349,7.775246,38.828736,56.345133,64.120379,True,True,True
MID_VARIABLE,169,1,14.491109264359835,-7.25,0.073171,SENT_ONCE,169,28.100242,6005629315875166,6005629343975408,11264,1,1,6005629345462516,6005629345505128,ACK_INSTALLED,6005629377655788,6005629377655788,6005629378151660,6005629378153186,6005629385236632,33.68038,33.68038,34.176252,7.084972,41.261224,62.276494,69.361466,True,True,True
MID_VARIABLE,170,1,13.721750507160774,-6.75,0.06307,SENT_ONCE,170,26.464574,6005629415875928,6005629442340502,10632,1,1,6005629443869498,6005629443913533,ACK_INSTALLED,6005629476647655,6005629476647655,6005629477331786,6005629477333455,6005629483561821,34.307153,34.307153,34.991284,6.230035,41.221319,61.455858,67.685893,True,True,True
MID_VARIABLE,171,1,16.49861269723782,-8.5,0.072896,SENT_ONCE,171,24.667607,6005629515875207,6005629540542814,6707,1,1,6005629541670581,6005629541708940,ACK_INSTALLED,6005629568050583,6005629568050583,6005629568393530,6005629568395185,6005629572758732,27.507769,27.507769,27.850716,4.365202,32.215918,52.518323,56.883525,True,True,True
MID_VARIABLE,172,1,14.926367974496296,-7.5,0.082033,SENT_ONCE,172,25.574978,6005629615883417,6005629641458395,8257,1,1,6005629642594781,6005629642637904,ACK_INSTALLED,6005629673255530,6005629673255530,6005629673677469,6005629673679120,6005629680118208,31.797135,31.797135,32.219074,6.440739,38.659813,57.794052,64.234791,True,True,True
MID_VARIABLE,173,1,14.927340499110473,-7.5,0.078124,SENT_ONCE,173,26.178092,6005629715865864,6005629742043956,13871,2,1,6005629743689140,6005629743738370,ACK_INSTALLED,6005629771248602,6005629771473150,6005629772144120,6005629772145614,6005629780203992,29.204646,29.429194,30.100164,8.059872,38.160036,56.278256,64.338128,True,True,True
MID_VARIABLE,174,1,14.873105225939245,-7.5,0.078291,SENT_ONCE,174,24.763264,6005629815865195,6005629840628459,3910,1,1,6005629844917231,6005629844937875,ACK_INSTALLED,6005629871691303,6005629871691303,6005629871991116,6005629871992676,6005629879453149,31.062844,31.062844,31.362657,7.462033,38.82469,56.125921,63.587954,True,True,True
MID_VARIABLE,175,1,14.964063981779036,-7.75,0.091786,SENT_ONCE,175,25.539712,6005629915901064,6005629941440776,3676,1,1,6005629941957221,6005629941978585,ACK_INSTALLED,6005629968791793,6005629968791793,6005629968996888,6005629968998625,6005629977095848,27.351017,27.351017,27.556112,8.09896,35.655072,53.095824,61.194784,True,True,True
MID_VARIABLE,176,1,14.417904435965983,-7.25,0.101811,SENT_ONCE,176,24.557856,6005630015860355,6005630040418211,3369,1,1,6005630040987228,6005630041009457,ACK_INSTALLED,6005630070128259,6005630070128259,6005630070441793,6005630070443493,6005630077640085,29.710048,29.710048,30.023582,7.198292,37.221874,54.581438,61.77973,True,True,True
MID_VARIABLE,177,1,15.478506006343167,-8.0,0.084336,SENT_ONCE,177,24.45465,6005630115866648,6005630140321298,3373,1,1,6005630140912307,6005630140933798,ACK_INSTALLED,6005630171500302,6005630171500302,6005630171687259,6005630171688799,6005630174590699,31.179004,31.179004,31.365961,2.90344,34.269401,55.820611,58.724051,True,True,True
MID_VARIABLE,178,1,14.534770409384004,-7.25,0.079213,SENT_ONCE,178,25.254751,6005630215879152,6005630241133903,3036,1,1,6005630241621432,6005630241644526,ACK_INSTALLED,6005630266886336,6005630266886336,6005630267123627,6005630267125055,6005630271336652,25.752433,25.752433,25.989724,4.213025,30.202749,51.244475,55.4575,True,True,True
MID_VARIABLE,179,1,16.589707165974836,-8.5,0.094214,SENT_ONCE,179,26.262031,6005630315862753,6005630342124784,5836,1,1,6005630342928805,6005630342952684,ACK_INSTALLED,6005630372521483,6005630372521483,6005630372839226,6005630372840867,6005630380104745,30.396699,30.396699,30.714442,7.265519,37.979961,56.976473,64.241992,True,True,True
MID_VARIABLE,180,1,15.96301119078905,-8.25,0.085157,SENT_ONCE,180,24.932354,6005630415861987,6005630440794341,9154,1,1,6005630441876741,6005630441900992,ACK_INSTALLED,6005630472344510,6005630472344510,6005630472753721,6005630472755196,6005630480501701,31.550169,31.550169,31.95938,7.74798,39.70736,56.891734,64.639714,True,True,True
MID_VARIABLE,181,1,16.1968335150771,-8.25,0.078425,SENT_ONCE,181,25.1132,6005630515870548,6005630540983748,7386,1,1,6005630542013374,6005630542038305,ACK_INSTALLED,6005630574882536,6005630574882536,6005630575362082,6005630575363708,6005630584554900,33.898788,33.898788,34.378334,9.192818,43.571152,59.491534,68.684352,True,True,True
MID_VARIABLE,182,1,12.849076023893229,-6.5,0.102878,SENT_ONCE,182,26.566905,6005630615867076,6005630642433981,10976,1,1,6005630643672257,6005630643700268,ACK_INSTALLED,6005630681130340,6005630681130340,6005630681742708,6005630681744264,6005630690263558,38.696359,38.696359,39.308727,8.52085,47.829577,65.875632,74.396482,True,True,True
MID_VARIABLE,183,1,11.64506835643843,-5.75,0.089239,SENT_ONCE,183,26.678535,6005630715862043,6005630742540578,9198,1,1,6005630745814423,6005630745861830,ACK_INSTALLED,6005630796849719,6005630796849719,6005630797340060,6005630797341739,6005630804830908,54.309141,54.309141,54.799482,7.490848,62.29033,81.478017,88.968865,True,True,True
MID_VARIABLE,184,1,16.35838016339606,-8.5,0.076424,SENT_ONCE,184,26.406539,6005630815862235,6005630842268774,14460,2,1,6005630844106335,6005630844136894,ACK_INSTALLED,6005630875428836,6005630875483759,6005630876099914,6005630876101326,6005630881808244,33.160062,33.214985,33.83114,5.70833,39.53947,60.237679,65.946009,True,True,True
MID_VARIABLE,185,1,15.977771930714281,-8.25,0.099532,SENT_ONCE,185,25.22461,6005630916411540,6005630941636150,12792,2,1,6005630943306138,6005630943342607,ACK_INSTALLED,6005630974888048,6005630974942378,6005630975505021,6005630975506513,6005630982637965,33.251898,33.306228,33.868871,7.132944,41.001815,59.093481,66.226425,True,True,True
MID_VARIABLE,186,1,14.347475651704537,-7.25,0.089695,SENT_ONCE,186,26.223201,6005631015852881,6005631042076082,4886,1,1,6005631042917122,6005631042940296,ACK_INSTALLED,6005631075350597,6005631075350597,6005631075621241,6005631075622763,6005631083949887,33.274515,33.274515,33.545159,8.328646,41.873805,59.76836,68.097006,True,True,True
MID_VARIABLE,187,1,15.643146016838047,-8.0,0.085515,SENT_ONCE,187,25.269406,6005631115849328,6005631141118734,11221,1,1,6005631142480337,6005631142504501,ACK_INSTALLED,6005631169391361,6005631169391361,6005631169886764,6005631169888337,6005631177487920,28.272627,28.272627,28.76803,7.601156,36.369186,54.037436,61.638592,True,True,True
MID_VARIABLE,188,1,16.611231125012335,-8.5,0.090998,SENT_ONCE,188,27.918673,6005631215979738,6005631243898411,14895,2,1,6005631245572816,6005631245601762,ACK_INSTALLED,6005631276202089,6005631276801450,6005631277413867,6005631277415282,6005631285225239,32.303678,32.903039,33.515456,7.811372,41.326828,61.434129,69.245501,True,True,True
MID_VARIABLE,189,0,9.22077922786655,-4.5,0.076721,SENT_ONCE,189,28.87592,6005631315846354,6005631344722274,14284,2,1,6005631346216404,6005631346242216,ACK_INSTALLED,6005631401828443,6005631401908496,6005631402504656,6005631402506037,6005631409889846,57.106169,57.186222,57.782382,7.38519,65.167572,86.658302,94.043492,True,True,True
MID_VARIABLE,190,0,10.148016090198475,-5.0,0.085882,SENT_ONCE,190,27.069221,6005631415852974,6005631442922195,9484,1,1,6005631444179523,6005631444206084,ACK_INSTALLED,6005631489085841,6005631489085841,6005631489536753,6005631489538434,6005631496478510,46.163646,46.163646,46.614558,6.941757,53.556315,73.683779,80.625536,True,True,True
MID_VARIABLE,191,1,16.67686696924128,-8.5,0.074618,SENT_ONCE,191,27.904823,6005631515848944,6005631543753767,12449,1,1,6005631545275561,6005631545301220,ACK_INSTALLED,6005631573723801,6005631573723801,6005631574273362,6005631574275273,6005631582445445,29.970034,29.970034,30.519595,8.172083,38.691678,58.424418,66.596501,True,True,True
MID_VARIABLE,192,1,12.96837668224732,-6.5,0.102369,SENT_ONCE,192,29.057777,6005631615862303,6005631644920080,16839,2,1,6005631647195620,6005631647228333,ACK_INSTALLED,6005631678270531,6005631678701270,6005631679404245,6005631679405600,6005631686385621,33.350451,33.78119,34.484165,6.981376,41.465541,63.541942,70.523318,True,True,True
MID_VARIABLE,193,1,14.786016551750283,-7.5,0.100596,SENT_ONCE,193,29.07484,6005631715854080,6005631744928920,10317,1,1,6005631746089923,6005631746114769,ACK_INSTALLED,6005631760567314,6005631760567314,6005631761052967,6005631761054510,6005631769313778,15.638394,15.638394,16.124047,8.260811,24.384858,45.198887,53.459698,True,True,True
MID_VARIABLE,194,1,14.065934452913806,-7.0,0.100762,SENT_ONCE,194,26.130716,6005631815852298,6005631841983014,9090,1,1,6005631843224458,6005631843250086,ACK_INSTALLED,6005631872811204,6005631872811204,6005631873235831,6005631873237453,6005631876237201,30.82819,30.82819,31.252817,3.00137,34.254187,57.383533,60.384903,True,True,True
MID_VARIABLE,195,1,15.67397670205126,-8.0,0.07429,SENT_ONCE,195,26.164326,6005631915848673,6005631942012999,11781,1,1,6005631943431958,6005631943458871,ACK_INSTALLED,6005631970118076,6005631970118076,6005631971805951,6005631971807986,6005631978090889,28.105077,28.105077,29.792952,6.284938,36.07789,55.957278,62.242216,True,True,True
MID_VARIABLE,196,0,8.734643938230176,-4.25,0.107591,SENT_ONCE,196,26.47338,6005632015853121,6005632042326501,10888,1,1,6005632043708323,6005632043734136,ACK_INSTALLED,6005632103566562,6005632103566562,6005632104388839,6005632104390679,6005632110005477,61.240061,61.240061,62.062338,5.616638,67.678976,88.535718,94.152356,True,True,True
MID_VARIABLE,197,0,8.53576579954168,-4.0,0.080181,SENT_ONCE,197,25.394015,6005632115839493,6005632141233508,7747,1,1,6005632142134209,6005632142158869,ACK_INSTALLED,6005632203120352,6005632203120352,6005632203510083,6005632203511677,6005632209734646,61.886844,61.886844,62.276575,6.224563,68.501138,87.67059,93.895153,True,True,True
MID_VARIABLE,198,0,9.419740287259447,-4.5,0.08159,SENT_ONCE,198,27.024539,6005632215870211,6005632242894750,10688,1,1,6005632244071774,6005632244096637,ACK_INSTALLED,6005632282079701,6005632282079701,6005632282581172,6005632282583091,6005632288095128,39.184951,39.184951,39.686422,5.513956,45.200378,66.710961,72.224917,True,True,True
MID_VARIABLE,199,0,8.292197271977168,-4.0,0.086168,SENT_ONCE,199,27.54453,6005632315839450,6005632343383980,5853,1,1,6005632344158785,6005632344181895,ACK_INSTALLED,6005632385620412,6005632385620412,6005632385928535,6005632385930517,6005632388465382,42.236432,42.236432,42.544555,2.536847,45.081402,70.089085,72.625932,True,True,True
MID_VARIABLE,200,0,8.71064988944949,-4.25,0.075343,SENT_ONCE,200,26.246387,6005632415833956,6005632442080343,8487,1,1,6005632443175458,6005632443198422,ACK_INSTALLED,6005632483413305,6005632483413305,6005632483798278,6005632483799673,6005632491011461,41.332962,41.332962,41.717935,7.213183,48.931118,67.964322,75.177505,True,True,True
MID_VARIABLE,201,0,8.11043768254454,-3.75,0.078303,SENT_ONCE,201,27.036005,6005632515833564,6005632542869569,5599,1,1,6005632543628390,6005632543652416,ACK_INSTALLED,6005632585401812,6005632585401812,6005632585836889,6005632585838467,6005632591786242,42.532243,42.532243,42.96732,5.949353,48.916673,70.003325,75.952678,True,True,True
MID_VARIABLE,202,0,7.78848388285391,-3.75,0.080053,SENT_ONCE,202,27.924625,6005632615855149,6005632643779774,7961,1,1,6005632644931066,6005632644957345,ACK_INSTALLED,6005632670798754,6005632670798754,6005632671322389,6005632671323867,6005632676851881,27.01898,27.01898,27.542615,5.529492,33.072107,55.46724,60.996732,True,True,True
MID_VARIABLE,203,0,10.810490154715797,-5.5,0.094114,SENT_ONCE,203,26.434588,6005632715851321,6005632742285909,9461,1,1,6005632743535508,6005632743560705,ACK_INSTALLED,6005632777376324,6005632777376324,6005632777819416,6005632777821179,6005632783512632,35.090415,35.090415,35.533507,5.693216,41.226723,61.968095,67.661311,True,True,True
MID_VARIABLE,204,0,8.283497650422484,-4.0,0.076408,SENT_ONCE,204,25.82572,6005632815825374,6005632841651094,12343,1,1,6005632842994780,6005632843021824,ACK_INSTALLED,6005632880609337,6005632880609337,6005632881144459,6005632881146069,6005632886352377,38.958243,38.958243,39.493365,5.207918,44.701283,65.319085,70.527003,True,True,True
MID_VARIABLE,205,0,9.138344068328891,-4.5,0.113026,SENT_ONCE,205,26.463344,6005632915837096,6005632942300440,11891,1,1,6005632943638947,6005632943663474,ACK_INSTALLED,6005632979994009,6005632979994009,6005632980586972,6005632980588762,6005632987299035,37.693569,37.693569,38.286532,6.712063,44.998595,64.749876,71.461939,True,True,True
MID_VARIABLE,206,0,9.287938530538197,-4.5,0.078788,SENT_ONCE,206,26.144611,6005633015832034,6005633041976645,13844,2,1,6005633043470511,6005633043498493,ACK_INSTALLED,6005633082627280,6005633083152520,6005633083722488,6005633083724210,6005633088884728,40.650635,41.175875,41.745843,5.16224,46.908083,67.890454,73.052694,True,True,True
MID_VARIABLE,207,0,8.520770918130223,-4.0,0.076193,SENT_ONCE,207,27.165095,6005633115823009,6005633142988104,12689,2,1,6005633144492467,6005633144519641,ACK_INSTALLED,6005633183217928,6005633183278137,6005633183853485,6005633183854915,6005633189390054,40.229824,40.290033,40.865381,5.536569,46.40195,68.030476,73.567045,True,True,True
MID_VARIABLE,208,1,14.044855236551802,-7.0,0.082391,SENT_ONCE,208,26.082398,6005633215828798,6005633241911196,9533,1,1,6005633243026652,6005633243049504,ACK_INSTALLED,6005633275953014,6005633275953014,6005633276407266,6005633276408665,6005633283027547,34.041818,34.041818,34.49607,6.620281,41.116351,60.578468,67.198749,True,True,True
MID_VARIABLE,209,1,14.839008780787092,-7.5,0.073472,SENT_ONCE,209,27.792291,6005633315831860,6005633343624151,8289,1,1,6005633344571518,6005633344595298,ACK_INSTALLED,6005633377904632,6005633377904632,6005633378327014,6005633378328469,6005633384963428,34.280481,34.280481,34.702863,6.636414,41.339277,62.495154,69.131568,True,True,True
MID_VARIABLE,210,1,16.25776619320697,-8.5,0.080655,SENT_ONCE,210,25.866379,6005633415821784,6005633441688163,8551,1,1,6005633442661040,6005633442683161,ACK_INSTALLED,6005633484604229,6005633484604229,6005633485011321,6005633485013044,6005633492018794,42.916066,42.916066,43.323158,7.007473,50.330631,69.189537,76.19701,True,True,True
MID_VARIABLE,211,0,7.731252578195248,-3.5,0.092175,SENT_ONCE,211,25.7694,6005633515835025,6005633541604425,9436,1,1,6005633542687776,6005633542710591,ACK_INSTALLED,6005633607311323,6005633607311323,6005633608155674,6005633608157547,6005633614535289,65.706898,65.706898,66.551249,6.379615,72.930864,92.320649,98.700264,True,True,True
MID_VARIABLE,212,0,7.967120006159587,-3.75,0.089026,SENT_ONCE,212,25.781079,6005633615842548,6005633641623627,12630,2,1,6005633642965462,6005633642992796,ACK_INSTALLED,6005633719446465,6005633719487857,6005633720152499,6005633720153953,6005633726623029,77.822838,77.86423,78.528872,6.47053,84.999402,104.309951,110.780481,True,True,True
MID_VARIABLE,213,0,9.790748246804576,-4.75,0.104899,SENT_ONCE,213,27.349546,6005633715844557,6005633743194103,10350,1,1,6005633744457081,6005633744482997,ACK_INSTALLED,6005633764241940,6005633764241940,6005633764738316,6005633764739932,6005633770781743,21.047837,21.047837,21.544213,6.043427,27.58764,48.893759,54.937186,True,True,True
MID_VARIABLE,214,1,16.295976330412834,-8.5,0.087082,SENT_ONCE,214,26.018752,6005633815826825,6005633841845577,6700,1,1,6005633842852165,6005633842877805,ACK_INSTALLED,6005633874805235,6005633874805235,6005633875194098,6005633875196096,6005633881755396,32.959658,32.959658,33.348521,6.561298,39.909819,59.367273,65.928571,True,True,True
MID_VARIABLE,215,1,12.679651397223004,-6.25,0.076176,SENT_ONCE,215,25.583795,6005633915819861,6005633941403656,7568,1,1,6005633942408805,6005633942435142,ACK_INSTALLED,6005633974387018,6005633974387018,6005633974753048,6005633974754726,6005633978896680,32.983362,32.983362,33.349392,4.143632,37.493024,58.933187,63.076819,True,True,True
MID_VARIABLE,216,1,15.175759999633259,-7.75,0.08609,SENT_ONCE,216,26.617371,6005634015839547,6005634042456918,6151,1,1,6005634043580959,6005634043603335,ACK_INSTALLED,6005634074247523,6005634074247523,6005634074728469,6005634074731605,6005634079677548,31.790605,31.790605,32.271551,4.949079,37.22063,58.888922,63.838001,True,True,True
MID_VARIABLE,217,1,15.682726678155714,-8.0,0.109986,SENT_ONCE,217,28.718481,6005634115952833,6005634144671314,15198,2,1,6005634146729661,6005634146761672,ACK_INSTALLED,6005634173683205,6005634174057746,6005634174698134,6005634174699671,6005634182786946,29.011891,29.386432,30.02682,8.088812,38.115632,58.745301,66.834113,True,True,True
MID_VARIABLE,218,2,20.55683505281959,-10.5,0.098659,SENT_ONCE,218,25.916378,6005634215831243,6005634241747621,15873,2,1,6005634244046885,6005634244101405,ACK_INSTALLED,6005634279090178,6005634279693380,6005634280387566,6005634280389252,6005634286897160,37.342557,37.945759,38.639945,6.509594,45.149539,64.556323,71.065917,True,True,True
MID_VARIABLE,219,2,20.862471043268204,-10.75,0.081999,SENT_ONCE,219,29.7374,6005634315821069,6005634345558469,16113,2,1,6005634347226005,6005634347276266,ACK_INSTALLED,6005634378187307,6005634378298313,6005634378969694,6005634378971353,6005634384676452,32.628838,32.739844,33.411225,5.706758,39.117983,63.148625,68.855383,True,True,True
MID_VARIABLE,220,2,22.566956721549005,-11.5,0.085171,SENT_ONCE,220,29.16237,6005634415804455,6005634444966825,19811,2,1,6005634447152675,6005634447205716,ACK_INSTALLED,6005634481186818,6005634481323786,6005634482145472,6005634482146944,6005634487575897,36.219993,36.356961,37.178647,5.430425,42.609072,66.341017,71.771442,True,True,True
MID_VARIABLE,221,2,22.321120980352006,-11.5,0.079069,SENT_ONCE,221,26.343882,6005634515826439,6005634542170321,10120,1,1,6005634544741681,6005634545328321,ACK_INSTALLED,6005634576395686,6005634576395686,6005634576929875,6005634576931346,6005634583059187,34.225365,34.225365,34.759554,6.129312,40.888866,61.103436,67.232748,True,True,True
MID_VARIABLE,222,1,15.997234099193282,-8.25,1.135202,SENT_ONCE,222,27.14877,6005634615792700,6005634642941470,11908,1,1,6005634644305852,6005634644331430,ACK_INSTALLED,6005634689395907,6005634689395907,6005634689922085,6005634689923821,6005634695931544,46.454437,46.454437,46.980615,6.009459,52.990074,74.129385,80.138844,True,True,True
MID_VARIABLE,223,1,14.229334045131639,-7.25,0.087071,SENT_ONCE,223,28.273563,6005634715827357,6005634744100920,10137,1,1,6005634745471489,6005634745510232,ACK_INSTALLED,6005634798637378,6005634798637378,6005634799097744,6005634799099564,6005634807009147,54.536458,54.536458,54.996824,7.911403,62.908227,83.270387,91.18179,True,True,True
MID_VARIABLE,224,1,15.480767013624197,-8.0,0.099477,SENT_ONCE,224,25.717489,6005634872637122,6005634898354611,11080,1,1,6005634899629506,6005634899655042,ACK_INSTALLED,6005634928326434,6005634928326434,6005634928922988,6005634928924915,6005634936512763,29.971823,29.971823,30.568377,7.589775,38.158152,56.285866,63.875641,True,True,True
MID_VARIABLE,225,1,15.072675547778326,-7.75,0.087559,SENT_ONCE,225,28.953494,6005634915804593,6005634944758087,14076,2,1,6005634946266801,6005634946290393,ACK_INSTALLED,6005634966411614,6005634966514817,6005634967093762,6005634967095429,6005634974371890,21.653527,21.75673,22.335675,7.278128,29.613803,51.289169,58.567297,True,True,True
MID_VARIABLE,226,1,15.258804110780778,-7.75,0.083254,SENT_ONCE,226,29.248848,6005635015799224,6005635045048072,8869,1,1,6005635046089448,6005635046114806,ACK_INSTALLED,6005635075294900,6005635075294900,6005635075963964,6005635075965904,6005635081803514,30.246828,30.246828,30.915892,5.83955,36.755442,60.16474,66.00429,True,True,True
MID_VARIABLE,227,1,14.851427100939766,-7.5,0.089496,SENT_ONCE,227,24.834852,6005635115795546,6005635140630398,7362,1,1,6005635141523572,6005635141546787,ACK_INSTALLED,6005635180577433,6005635180577433,6005635180940479,6005635180942063,6005635187871819,39.947035,39.947035,40.310081,6.93134,47.241421,65.144933,72.076273,True,True,True
MID_VARIABLE,228,1,15.631755645948653,-8.0,0.083032,SENT_ONCE,228,25.433397,6005635215797840,6005635241231237,8181,1,1,6005635242228528,6005635242250892,ACK_INSTALLED,6005635273992409,6005635273992409,6005635274384935,6005635274386818,6005635281413931,32.761172,32.761172,33.153698,7.028996,40.182694,58.587095,65.616091,True,True,True
MID_VARIABLE,229,1,15.103706652752589,-7.75,0.102855,SENT_ONCE,229,26.235568,6005635315790791,6005635342026359,6164,1,1,6005635343098919,6005635343140157,ACK_INSTALLED,6005635370603791,6005635370603791,6005635370942455,6005635370943980,6005635377516884,28.577432,28.577432,28.916096,6.574429,35.490525,55.151664,61.726093,True,True,True
MID_VARIABLE,230,1,15.604010014778828,-8.0,0.088124,SENT_ONCE,230,28.10293,6005635416034245,6005635444137175,10928,1,1,6005635445433584,6005635445479564,ACK_INSTALLED,6005635474581168,6005635474581168,6005635475061222,6005635475062895,6005635481551803,30.443993,30.443993,30.924047,6.490581,37.414628,59.026977,65.517558,True,True,True
MID_VARIABLE,231,1,12.312417722994784,-6.25,0.082604,SENT_ONCE,231,26.85473,6005635515796606,6005635542651336,8258,1,1,6005635543628848,6005635543670196,ACK_INSTALLED,6005635593796283,6005635593796283,6005635594225542,6005635594227107,6005635601564596,51.144947,51.144947,51.574206,7.339054,58.91326,78.428936,85.76799,True,True,True
MID_VARIABLE,232,1,14.630666455287242,-7.5,0.097496,SENT_ONCE,232,23.723952,6005635615801964,6005635639525916,5798,1,1,6005635640261840,6005635640303393,ACK_INSTALLED,6005635667306907,6005635667306907,6005635667649005,6005635667650863,6005635675736028,27.780991,27.780991,28.123089,8.087023,36.210112,51.847041,59.934064,True,True,True
MID_VARIABLE,233,1,16.55970892402387,-8.5,0.087263,SENT_ONCE,233,27.665681,6005635715809523,6005635743475204,15315,2,1,6005635745125083,6005635745174101,ACK_INSTALLED,6005635773138850,6005635773469525,6005635774085089,6005635774086703,6005635781855859,29.663646,29.994321,30.609885,7.77077,38.380655,58.275566,66.046336,True,True,True
MID_VARIABLE,234,1,14.583389060587642,-7.5,0.080063,SENT_ONCE,234,26.549831,6005635833545324,6005635860095155,16048,2,1,6005635861983399,6005635862035417,ACK_INSTALLED,6005635890254438,6005635890340857,6005635890996297,6005635890997886,6005635898260999,30.159283,30.245702,30.901142,7.264702,38.165844,57.450973,64.715675,True,True,True
MID_VARIABLE,235,1,13.94053562799779,-7.0,0.092534,SENT_ONCE,235,27.642499,6005635915817652,6005635943460151,15212,2,1,6005635945063487,6005635945116536,ACK_INSTALLED,6005635976358094,6005635976739985,6005635977380915,6005635977382568,6005635984741933,32.897943,33.279834,33.920764,7.361018,41.281782,61.563263,68.924281,True,True,True
MID_VARIABLE,236,1,14.509654937434998,-7.25,0.077686,SENT_ONCE,236,27.802317,6005636015806955,6005636043609272,10655,1,1,6005636044799527,6005636044843665,ACK_INSTALLED,6005636072715037,6005636072715037,6005636073263492,6005636073265443,6005636079206289,29.105765,29.105765,29.65422,5.942797,35.597017,57.456537,63.399334,True,True,True
MID_VARIABLE,237,1,15.171570419755371,-7.75,0.112185,SENT_ONCE,237,27.524207,6005636115801546,6005636143325753,11328,1,1,6005636144663916,6005636144706514,ACK_INSTALLED,6005636177053941,6005636177053941,6005636177586406,6005636177588064,6005636186263104,33.728188,33.728188,34.260653,8.676698,42.937351,61.78486,70.461558,True,True,True
MID_VARIABLE,238,1,15.025877791816852,-7.75,0.074987,SENT_ONCE,238,26.490894,6005636215810945,6005636242301839,15973,2,1,6005636244193588,6005636244222087,ACK_INSTALLED,6005636273351680,6005636273915893,6005636274586925,6005636274588734,6005636280413096,31.049841,31.614054,32.285086,5.826171,38.111257,58.77598,64.602151,True,True,True
MID_VARIABLE,239,1,13.157544742757322,-6.5,0.107381,SENT_ONCE,239,25.738733,6005636315782988,6005636341521721,7640,1,1,6005636342427621,6005636342450840,ACK_INSTALLED,6005636370206218,6005636370206218,6005636370599105,6005636370600738,6005636379259201,28.684497,28.684497,29.077384,8.660096,37.73748,54.816117,63.476213,True,True,True
MID_VARIABLE,240,1,16.81092519972474,-8.75,0.074665,SENT_ONCE,240,27.472336,6005636415805877,6005636443278213,11449,1,1,6005636444704661,6005636444729512,ACK_INSTALLED,6005636476010892,6005636476010892,6005636476517266,6005636476518801,6005636484155542,32.732679,32.732679,33.239053,7.638276,40.877329,60.711389,68.349665,True,True,True
MID_VARIABLE,241,1,15.072492270143327,-7.75,0.073788,SENT_ONCE,241,26.54518,6005636515776052,6005636542321232,12501,2,1,6005636543790987,6005636543818052,ACK_INSTALLED,6005636574653364,6005636574929487,6005636575513853,6005636575516380,6005636582784867,32.332132,32.608255,33.192621,7.271014,40.463635,59.737801,67.008815,True,True,True
MID_VARIABLE,242,1,15.543237236650107,-8.0,0.074705,SENT_ONCE,242,25.361829,6005636615776628,6005636641138457,7064,1,1,6005636642120086,6005636642142932,ACK_INSTALLED,6005636673770614,6005636673770614,6005636674138170,6005636674139830,6005636682690640,32.632157,32.632157,32.999713,8.55247,41.552183,58.361542,66.914012,True,True,True
MID_VARIABLE,243,2,23.62637789887105,-12.0,0.080329,SENT_ONCE,243,24.940094,6005636715776610,6005636740716704,6734,1,1,6005636741636863,6005636741661293,ACK_INSTALLED,6005636770828893,6005636770828893,6005636771163365,6005636771164986,6005636776494890,30.112189,30.112189,30.446661,5.331525,35.778186,55.386755,60.71828,True,True,True
MID_VARIABLE,244,2,21.055224332941464,-10.75,0.5983,SENT_ONCE,244,23.893154,6005636918305557,6005636942198711,3393,1,1,6005636942825271,6005636942851853,ACK_INSTALLED,6005636971590157,6005636971590157,6005636971848602,6005636971850205,6005636975355977,29.391446,29.391446,29.649891,3.507375,33.157266,53.543045,57.05042,True,True,True
MID_VARIABLE,245,1,15.511426348677084,-8.0,40.44902,SENT_ONCE,245,26.105656,6005636942864125,6005636968969781,11988,1,1,6005636984926016,6005636984948494,ACK_INSTALLED,6005637003508706,6005637003508706,6005637004131588,6005637004133257,6005637010630578,34.538925,34.538925,35.161807,6.49899,41.660797,61.267463,67.766453,True,True,True
MID_VARIABLE,246,1,14.652241780009854,-7.5,40.495275,SENT_ONCE,246,25.881957,6005637015789863,6005637041671820,10904,1,1,6005637057688953,6005637057712556,ACK_INSTALLED,6005637090909004,6005637090909004,6005637091466200,6005637091467933,6005637097892919,49.237184,49.237184,49.79438,6.426719,56.221099,75.676337,82.103056,True,True,True
MID_VARIABLE,247,1,17.60695416079573,-9.0,0.08041,SENT_ONCE,247,27.104685,6005637115777342,6005637142882027,12430,1,1,6005637144186293,6005637144213226,ACK_INSTALLED,6005637177512165,6005637177512165,6005637178743077,6005637178745322,6005637184111510,34.630138,34.630138,35.86105,5.368433,41.229483,62.965735,68.334168,True,True,True
MID_VARIABLE,248,1,14.446235637669695,-7.25,0.103931,SENT_ONCE,248,27.045625,6005637215791920,6005637242837545,10677,1,1,6005637244274087,6005637244302650,ACK_INSTALLED,6005637276301858,6005637276301858,6005637276850785,6005637276852511,6005637284120218,33.464313,33.464313,34.01324,7.269433,41.282673,61.058865,68.328298,True,True,True
MID_VARIABLE,249,1,13.52418589449382,-6.75,0.099734,SENT_ONCE,249,27.843752,6005637315775017,6005637343618769,15674,2,1,6005637345355914,6005637345385024,ACK_INSTALLED,6005637375870960,6005637376143922,6005637376786726,6005637376788363,6005637383861162,32.252191,32.525153,33.167957,7.074436,40.242393,61.011709,68.086145,True,True,True
MID_VARIABLE,250,1,16.7010621108707,-8.5,0.079957,SENT_ONCE,250,25.961942,6005637415866820,6005637441828762,12273,1,1,6005637443149455,6005637443178417,ACK_INSTALLED,6005637469124624,6005637469124624,6005637469651815,6005637469653360,6005637477952162,27.295862,27.295862,27.823053,8.300347,36.1234,53.784995,62.085342,True,True,True
MID_VARIABLE,251,1,15.180164070546425,-7.75,0.085107,SENT_ONCE,251,27.010304,6005637515866092,6005637542876396,9113,1,1,6005637544074598,6005637544097488,ACK_INSTALLED,6005637578739166,6005637578739166,6005637579371387,6005637579373532,6005637585248953,35.86277,35.86277,36.494991,5.877566,42.372557,63.505295,69.382861,True,True,True
MID_VARIABLE,252,1,13.998274680209033,-7.0,0.076041,SENT_ONCE,252,25.918743,6005637615774676,6005637641693419,6135,1,1,6005637642462617,6005637642485158,ACK_INSTALLED,6005637675042256,6005637675042256,6005637675418869,6005637675420867,6005637682272140,33.348837,33.348837,33.72545,6.853271,40.578721,59.644193,66.497464,True,True,True
MID_VARIABLE,253,1,14.523112513223593,-7.25,0.078833,SENT_ONCE,253,27.982013,6005637715773690,6005637743755703,7323,1,1,6005637744775145,6005637744802012,ACK_INSTALLED,6005637772655749,6005637772655749,6005637773111045,6005637773112627,6005637780276305,28.900046,28.900046,29.355342,7.16526,36.520602,57.337355,64.502615,True,True,True
MID_VARIABLE,254,1,15.37191173435666,-8.0,0.10424,SENT_ONCE,254,26.513963,6005637851239161,6005637877753124,11430,1,1,6005637879080532,6005637879106785,ACK_INSTALLED,6005637910368378,6005637910368378,6005637910909490,6005637910911133,6005637917209562,32.615254,32.615254,33.156366,6.300072,39.456438,59.670329,65.970401,True,True,True
MID_VARIABLE,255,1,14.486442990157508,-7.25,0.073729,SENT_ONCE,255,25.697749,6005637915766996,6005637941464745,8485,1,1,6005637942598353,6005637942625700,ACK_INSTALLED,6005637972345411,6005637972345411,6005637972746889,6005637972748372,6005637981514462,30.880666,30.880666,31.282144,8.767573,40.049717,56.979893,65.747466,True,True,True
MID_VARIABLE,256,2,21.01641887292107,-10.75,0.114116,SENT_ONCE,256,25.478711,6005638015751974,6005638041230685,6656,1,1,6005638042198864,6005638042218852,ACK_INSTALLED,6005638070459456,6005638070459456,6005638070783904,6005638070785733,6005638079501517,29.228771,29.228771,29.553219,8.717613,38.270832,55.03193,63.749543,True,True,True
MID_VARIABLE,257,2,23.595884991316833,-12.0,0.098774,SENT_ONCE,257,25.503727,6005638115755779,6005638141259506,8844,1,1,6005638142391050,6005638142415095,ACK_INSTALLED,6005638173919531,6005638173919531,6005638174340678,6005638174342256,6005638182699582,32.660025,32.660025,33.081172,8.358904,41.440076,58.584899,66.943803,True,True,True
MID_VARIABLE,258,2,22.035859940538682,-11.25,0.082367,SENT_ONCE,258,25.789499,6005638215843282,6005638241632781,6745,1,1,6005638242454964,6005638242477797,ACK_INSTALLED,6005638269176142,6005638269176142,6005638269521476,6005638269523139,6005638274565492,27.543361,27.543361,27.888695,5.044016,32.932711,53.678194,58.72221,True,True,True
MID_VARIABLE,259,2,21.211337599841837,-10.75,0.104341,SENT_ONCE,259,28.156841,6005638315764135,6005638343920976,11963,1,1,6005638345380387,6005638345408971,ACK_INSTALLED,6005638373108636,6005638373108636,6005638373704537,6005638373706045,6005638381468385,29.18766,29.18766,29.783561,7.763848,37.547409,57.940402,65.70425,True,True,True
MID_VARIABLE,260,2,23.081166401773995,-11.75,0.088378,SENT_ONCE,260,26.480349,6005638415755204,6005638442235553,11307,1,1,6005638443596358,6005638443622424,ACK_INSTALLED,6005638478761072,6005638478761072,6005638479360885,6005638479362524,6005638486036943,36.525519,36.525519,37.125332,6.676058,43.80139,63.605681,70.281739,True,True,True
MID_VARIABLE,261,2,22.785911118155255,-11.75,0.078969,SENT_ONCE,261,28.549807,6005638515761481,6005638544311288,8633,1,1,6005638545426611,6005638545449917,ACK_INSTALLED,6005638576870333,6005638576870333,6005638577333575,6005638577335536,6005638580526856,32.559045,32.559045,33.022287,3.193281,36.215568,61.572094,64.765375,True,True,True
MID_VARIABLE,262,2,22.180547284854104,-11.25,0.079167,SENT_ONCE,262,26.722373,6005638615767150,6005638642489523,13214,2,1,6005638643903264,6005638643931571,ACK_INSTALLED,6005638676895614,6005638676946375,6005638677619958,6005638677621439,6005638684604805,34.406091,34.456852,35.130435,6.984847,42.115282,61.852808,68.837655,True,True,True
MID_VARIABLE,263,2,19.88205231058947,-10.25,0.079394,SENT_ONCE,263,27.061897,6005638715770144,6005638742832041,15374,2,1,6005638744410325,6005638744437859,ACK_INSTALLED,6005638771063182,6005638771186804,6005638771905721,6005638771907344,6005638780310520,28.231141,28.354763,29.07368,8.404799,37.478479,56.135577,64.540376,True,True,True
MID_VARIABLE,264,2,22.060384270504397,-11.25,0.095986,SENT_ONCE,264,26.514597,6005638815767582,6005638842282179,11312,1,1,6005638843674946,6005638843698322,ACK_INSTALLED,6005638873727062,6005638873727062,6005638874274242,6005638874275879,6005638877033520,31.444883,31.444883,31.992063,2.759278,34.751341,58.50666,61.265938,True,True,True
MID_VARIABLE,265,2,21.467735293295874,-11.0,0.07608,SENT_ONCE,265,27.256947,6005638915755065,6005638943012012,13022,2,1,6005638944482699,6005638944509123,ACK_INSTALLED,6005638978442352,6005638978475021,6005638979019369,6005638979020692,6005638986082233,35.43034,35.463009,36.007357,7.062864,43.070221,63.264304,70.327168,True,True,True
MID_VARIABLE,266,2,20.462034166388094,-10.5,0.080459,SENT_ONCE,266,28.260105,6005639015748151,6005639044008256,14431,2,1,6005639045615859,6005639045643017,ACK_INSTALLED,6005639072541258,6005639072928764,6005639073559835,6005639073561248,6005639081054674,28.533002,28.920508,29.551579,7.494839,37.046418,57.811684,65.306523,True,True,True
MID_VARIABLE,267,2,22.88689272060846,-11.75,0.068978,SENT_ONCE,267,26.165241,6005639115751761,6005639141917002,11522,1,1,6005639143236868,6005639143261791,ACK_INSTALLED,6005639175420198,6005639175420198,6005639175957526,6005639175959181,6005639184692155,33.503196,33.503196,34.040524,8.734629,42.775153,60.205765,68.940394,True,True,True
MID_VARIABLE,268,2,23.510074096825697,-12.0,0.085447,SENT_ONCE,268,31.390314,6005639215837169,6005639247227483,13661,2,1,6005639248733976,6005639248760814,ACK_INSTALLED,6005639279211862,6005639279235879,6005639279816545,6005639279818245,6005639283552511,31.984379,32.008396,32.589062,3.735966,36.325028,63.979376,67.715342,True,True,True
MID_VARIABLE,269,2,22.573638670001817,-11.5,0.125022,SENT_ONCE,269,26.336427,6005639315742923,6005639342079350,12235,1,1,6005639343519260,6005639343545947,ACK_INSTALLED,6005639377916281,6005639377916281,6005639378489545,6005639378491124,6005639382094677,35.836931,35.836931,36.410195,3.605132,40.015327,62.746622,66.351754,True,True,True
MID_VARIABLE,270,2,21.037748027305703,-10.75,0.093388,SENT_ONCE,270,27.288929,6005639415759272,6005639443048201,15406,2,1,6005639444722965,6005639444750402,ACK_INSTALLED,6005639480977510,6005639481040472,6005639481693495,6005639481694909,6005639486905205,37.929309,37.992271,38.645294,5.21171,43.857004,65.934223,71.145933,True,True,True
MID_VARIABLE,271,2,22.006906397852415,-11.25,0.078984,SENT_ONCE,271,31.319045,6005639515749045,6005639547068090,15634,2,1,6005639548752524,6005639548779652,ACK_INSTALLED,6005639581815472,6005639582264160,6005639582941234,6005639582942830,6005639589081941,34.747382,35.19607,35.873144,6.140707,42.013851,67.192189,73.332896,True,True,True
MID_VARIABLE,272,2,22.962938190421607,-11.75,0.106782,SENT_ONCE,272,25.569175,6005639615751362,6005639641320537,8903,1,1,6005639642364040,6005639642387505,ACK_INSTALLED,6005639675762010,6005639675762010,6005639676192530,6005639676194131,6005639678446010,34.441473,34.441473,34.871993,2.25348,37.125473,60.441168,62.694648,True,True,True
MID_VARIABLE,273,2,20.437762938034535,-10.5,0.120214,SENT_ONCE,273,25.397863,6005639715754712,6005639741152575,10033,1,1,6005639742408973,6005639742433440,ACK_INSTALLED,6005639778253927,6005639778253927,6005639778737036,6005639778738566,6005639785381921,37.101352,37.101352,37.584461,6.644885,44.229346,62.982324,69.627209,True,True,True
MID_VARIABLE,274,2,20.491119345260426,-10.5,0.074209,SENT_ONCE,274,26.720536,6005639815773459,6005639842493995,11197,1,1,6005639843874962,6005639843927556,ACK_INSTALLED,6005639875795024,6005639875795024,6005639876376254,6005639876377913,6005639883758813,33.301029,33.301029,33.882259,7.382559,41.264818,60.602795,67.985354,True,True,True
MID_VARIABLE,275,2,22.206840698678107,-11.25,0.081015,SENT_ONCE,275,27.410272,6005639915848547,6005639943258819,15202,2,1,6005639945013832,6005639945041867,ACK_INSTALLED,6005639976214951,6005639976269960,6005639976884870,6005639976886596,6005639984645795,32.956132,33.011141,33.626051,7.760925,41.386976,61.036323,68.797248,True,True,True
MID_VARIABLE,276,2,18.943178996716917,-9.75,0.10305,SENT_ONCE,276,25.573948,6005640015891826,6005640041465774,8301,1,1,6005640042436179,6005640042460115,ACK_INSTALLED,6005640080512529,6005640080512529,6005640081235758,6005640081237251,6005640087432176,39.046755,39.046755,39.769984,6.196418,45.966402,65.343932,71.54035,True,True,True
MID_VARIABLE,277,2,21.144583680476533,-10.75,0.098288,SENT_ONCE,277,26.954825,6005640115765781,6005640142720606,8029,1,1,6005640143673275,6005640143698774,ACK_INSTALLED,6005640175553308,6005640175553308,6005640175946491,6005640175948215,6005640180373908,32.832702,32.832702,33.225885,4.427417,37.653302,60.18071,64.608127,True,True,True
MID_VARIABLE,278,2,21.69903852812532,-11.0,0.087048,SENT_ONCE,278,24.731921,6005640215861851,6005640240593772,6662,1,1,6005640241414887,6005640241439629,ACK_INSTALLED,6005640272618477,6005640272618477,6005640272996577,6005640272998401,6005640277176155,32.024705,32.024705,32.402805,4.179578,36.582383,57.134726,61.314304,True,True,True
MID_VARIABLE,279,1,14.161217014942448,-7.0,0.120192,SENT_ONCE,279,26.942749,6005640315827011,6005640342769760,11796,1,1,6005640344042909,6005640344068055,ACK_INSTALLED,6005640396183119,6005640396183119,6005640396723085,6005640396724758,6005640405239274,53.413359,53.413359,53.953325,8.516189,62.469514,80.896074,89.412263,True,True,True
MID_VARIABLE,280,1,14.906149492513881,-7.5,0.076187,SENT_ONCE,280,25.4294,6005640415757221,6005640441186621,9763,1,1,6005640442432786,6005640442456449,ACK_INSTALLED,6005640498980878,6005640498980878,6005640499422081,6005640499423617,6005640504223919,57.794257,57.794257,58.23546,4.801838,63.037298,83.66486,88.466698,True,True,True
MID_VARIABLE,281,1,15.3498767417899,-8.0,0.079071,SENT_ONCE,281,26.604217,6005640515743717,6005640542347934,11981,1,1,6005640543765282,6005640543788870,ACK_INSTALLED,6005640571780583,6005640571780583,6005640572311445,6005640572312965,6005640577937244,29.432649,29.432649,29.963511,5.625799,35.58931,56.567728,62.193527,True,True,True
MID_VARIABLE,282,1,14.646850024511448,-7.5,0.117313,SENT_ONCE,282,27.301896,6005640615757205,6005640643059101,10378,1,1,6005640644255199,6005640644290253,ACK_INSTALLED,6005640676987115,6005640676987115,6005640677457447,6005640677459099,6005640685210630,33.928014,33.928014,34.398346,7.753183,42.151529,61.700242,69.453425,True,True,True
MID_VARIABLE,283,1,13.409202626296409,-6.75,0.08248,SENT_ONCE,283,26.509941,6005640715828085,6005640742338026,8881,1,1,6005640743385533,6005640743461726,ACK_INSTALLED,6005640783814326,6005640783814326,6005640784228089,6005640784229765,6005640791878496,41.4763,41.4763,41.890063,7.650407,49.54047,68.400004,76.050411,True,True,True
MID_VARIABLE,284,0,8.708397965923734,-4.25,0.096086,SENT_ONCE,284,27.5067,6005640815740861,6005640843247561,15807,2,1,6005640844936745,6005640844964828,ACK_INSTALLED,6005640912158168,6005640925722721,6005640926412665,6005640926414400,6005640932310304,68.910607,82.47516,83.165104,5.897639,89.062743,110.671804,116.569443,True,True,True
MID_VARIABLE,285,0,7.490503947412671,-3.5,0.067455,SENT_ONCE,285,25.20751,6005640915739271,6005640940946781,6428,1,1,6005640941797920,6005640941817751,ACK_INSTALLED,6005641002512629,6005641002512629,6005641002841816,6005641002843323,6005641006090068,61.565848,61.565848,61.895035,3.248252,65.143287,87.102545,90.350797,True,True,True
MID_VARIABLE,286,0,7.953270775110616,-3.75,0.082698,SENT_ONCE,286,27.195386,6005641015749098,6005641042944484,10160,1,1,6005641044127658,6005641044152214,ACK_INSTALLED,6005641099906434,6005641099906434,6005641100584537,6005641100586476,6005641107514582,56.96195,56.96195,57.640053,6.930045,64.570098,84.835439,91.765484,True,True,True
MID_VARIABLE,287,0,8.75800651032486,-4.25,0.070387,SENT_ONCE,287,25.696157,6005641115728656,6005641141424813,10361,1,1,6005641142608701,6005641142634831,ACK_INSTALLED,6005641177042247,6005641177042247,6005641177549389,6005641177551003,6005641183401645,35.617434,35.617434,36.124576,5.852256,41.976832,61.820733,67.672989,True,True,True
MID_VARIABLE,288,0,10.62993707371374,-5.25,0.094732,SENT_ONCE,288,25.780212,6005641215728734,6005641241508946,10350,1,1,6005641242646112,6005641242673418,ACK_INSTALLED,6005641279242694,6005641279242694,6005641279810419,6005641279812155,6005641286532465,37.733748,37.733748,38.301473,6.722046,45.023519,64.081685,70.803731,True,True,True
MID_VARIABLE,289,0,8.774236390681946,-4.25,0.079483,SENT_ONCE,289,26.836777,6005641315737043,6005641342573820,13390,2,1,6005641343973735,6005641344002392,ACK_INSTALLED,6005641377825198,6005641377872980,6005641378533625,6005641378535073,6005641384375156,35.251378,35.29916,35.959805,5.841531,41.801336,62.796582,68.638113,True,True,True
MID_VARIABLE,290,0,8.46383830421497,-4.0,0.079672,SENT_ONCE,290,25.611374,6005641415718935,6005641441330309,9727,1,1,6005641442419463,6005641442445025,ACK_INSTALLED,6005641478701869,6005641478701869,6005641479191023,6005641479192846,6005641485968397,37.37156,37.37156,37.860714,6.777374,44.638088,63.472088,70.249462,True,True,True
MID_VARIABLE,291,1,15.68758697294358,-8.0,0.102331,SENT_ONCE,291,27.355236,6005641515747695,6005641543102931,12450,1,1,6005641544457895,6005641544486790,ACK_INSTALLED,6005641579272531,6005641579272531,6005641579908442,6005641579910069,6005641585800022,36.1696,36.1696,36.805511,5.89158,42.697091,64.160747,70.052327,True,True,True
MID_VARIABLE,292,1,15.978649994384797,-8.25,0.102725,SENT_ONCE,292,26.354802,6005641615730776,6005641642085578,9748,1,1,6005641643194686,6005641643219346,ACK_INSTALLED,6005641681865099,6005641681865099,6005641682395376,6005641682397185,6005641685067539,39.779521,39.779521,40.309798,2.672163,42.981961,66.6646,69.336763,True,True,True
MID_VARIABLE,293,1,15.62557191991593,-8.0,0.087461,SENT_ONCE,293,27.151342,6005641715731604,6005641742882946,7908,1,1,6005641743873700,6005641743898413,ACK_INSTALLED,6005641776686534,6005641776686534,6005641777068427,6005641777069984,6005641779523024,33.803588,33.803588,34.185481,2.454597,36.640078,61.336823,63.79142,True,True,True
MID_VARIABLE,294,1,16.045080298490674,-8.25,0.086846,SENT_ONCE,294,26.028949,6005641815740450,6005641841769399,7963,1,1,6005641842760863,6005641842785270,ACK_INSTALLED,6005641883709350,6005641883709350,6005641884079475,6005641884080984,6005641886708724,41.939951,41.939951,42.310076,2.629249,44.939325,68.339025,70.968274,True,True,True
MID_VARIABLE,295,1,15.036529388130809,-7.75,0.087306,SENT_ONCE,295,29.162749,6005641915723615,6005641944886364,8577,1,1,6005641946148154,6005641946173702,ACK_INSTALLED,6005641982250338,6005641982250338,6005641982658416,6005641982660140,6005641985296606,37.363974,37.363974,37.772052,2.63819,40.410242,66.934801,69.572991,True,True,True
MID_VARIABLE,296,2,22.934288731523893,-11.75,0.110542,SENT_ONCE,296,26.127879,6005642015720793,6005642041848672,6982,1,1,6005642042756141,6005642042780864,ACK_INSTALLED,6005642084280310,6005642084280310,6005642084607781,6005642084609480,6005642091675661,42.431638,42.431638,42.759109,7.06788,49.826989,68.886988,75.954868,True,True,True
MID_VARIABLE,297,2,22.0782775279221,-11.25,0.085456,SENT_ONCE,297,25.126486,6005642115876826,6005642141003312,8190,1,1,6005642141983067,6005642142003969,ACK_INSTALLED,6005642180074364,6005642180074364,6005642180460865,6005642180462436,6005642183209506,39.071052,39.071052,39.457553,2.748641,42.206194,64.584039,67.33268,True,True,True
MID_VARIABLE,298,2,21.978952093440604,-11.25,0.081679,SENT_ONCE,298,25.568019,6005642215705003,6005642241273022,7562,1,1,6005642242302589,6005642242328283,ACK_INSTALLED,6005642286102008,6005642286102008,6005642286465359,6005642286466775,6005642289760072,44.828986,44.828986,45.192337,3.294713,48.48705,70.760356,74.055069,True,True,True
MID_VARIABLE,299,2,20.50306969656944,-10.5,0.082546,SENT_ONCE,299,26.448888,6005642315707151,6005642342156039,9505,1,1,6005642343350709,6005642343375582,ACK_INSTALLED,6005642383859073,6005642383859073,6005642384291624,6005642384293281,6005642386941708,41.703034,41.703034,42.135585,2.650084,44.785669,68.584473,71.234557,True,True,True
