world_tick_frame,radar_frame,local_condition_frame,walker_physics,radar_pps,target_distance_m,walker_actor_id,total_radar_points,person_radius_points,person_bbox_points,depth_window_points,nearest_depth_m,mean_person_radius_depth_m,mean_person_radius_velocity_mps,walker_world_x,walker_world_y,walker_world_z,walker_radar_x_m,walker_radar_y_m,walker_radar_z_m,walker_camera_u,walker_camera_v,walker_camera_depth_m,walker_camera_visible
8641,8640,0,default,48000,20.0,30,4774,9,12,280,0.0001316070556640625,21.26309331258138,-0.052159195558892354,79.22574615478516,20.41878318786621,1.0862798690795898,20.035943030612167,-7.985350413538386,0.18436575857988036,492.7336452083648,356.599914617595,20.035943030612167,1
8642,8641,1,default,48000,20.0,30,4774,13,17,325,0.0048122406005859375,21.451522827148438,-0.053891898634342045,79.22570037841797,20.43343162536621,1.0862798690795898,20.035937967843743,-7.970701905600043,0.18436540455663764,493.00375680654156,356.59992028736804,20.035937967843743,1
8643,8642,2,default,48000,20.0,30,4774,4,6,313,0.0013065338134765625,21.376633167266846,-0.05405780393630266,79.22566223144531,20.44808006286621,1.0862798690795898,20.03594051585568,-7.956053418860169,0.18436558273098402,493.2739238851416,356.5999174338598,20.03594051585568,1
8644,8643,3,default,48000,20.0,30,4772,6,8,325,0.0037059783935546875,21.382056554158527,-0.05393443567057451,79.22562408447266,20.46272850036621,1.0862798690795898,20.035943063867613,-7.941404932120294,0.1843657609053304,493.5440908950263,356.59991458035233,20.035943063867613,1
8645,8644,4,default,48000,20.0,30,4773,5,8,307,0.0016803741455078125,21.433818435668947,-0.053700903058052064,79.22557830810547,20.477375030517578,1.0862798690795898,20.035937995812482,-7.926758331523194,0.18436540651240474,493.814167483648,356.5999202560459,20.035937995812482,1
8646,8645,5,default,48000,20.0,30,4768,5,7,300,0.0014514923095703125,21.38950996398926,-0.053715511411428454,79.22554016113281,20.492023468017578,1.0862798690795898,20.035940543824417,-7.91210984478332,0.18436558468675113,494.0843344588094,356.5999174025377,20.035940543824417,1
8647,8646,6,default,48000,20.0,30,4765,10,16,308,0.0025539398193359375,21.37408313751221,-0.05368376821279526,79.22550201416016,20.506671905517578,1.0862798690795898,20.03594309183635,-7.897461358043445,0.18436576286109752,494.3545013652554,356.5999145490302,20.03594309183635,1
8648,8647,7,default,48000,20.0,30,4775,9,11,316,0.003276824951171875,21.324472851223415,-0.05372788053419855,79.22545623779297,20.521320343017578,1.0862798690795898,20.03593802906793,-7.882812850105102,0.1843654088378548,494.62461337217167,356.59992021880316,20.03593802906793,1
8649,8648,8,default,48000,20.0,30,4778,6,10,322,0.000316619873046875,21.29989465077718,-0.05394429092605909,79.22541809082031,20.535968780517578,1.0862798690795898,20.035940577079863,-7.868164363365228,0.18436558701220118,494.89478024381856,356.59991736529497,20.035940577079863,1
8650,8649,9,default,48000,20.0,30,4773,10,11,328,0.0006313323974609375,21.35017032623291,-0.053385908156633376,79.22537994384766,20.550617218017578,1.0862798690795898,20.035943125091798,-7.853515876625353,0.18436576518654757,495.16494704675006,356.5999145117875,20.035943125091798,1
8651,8650,10,default,48000,20.0,30,4777,8,9,310,7.05718994140625e-05,21.38894557952881,-0.05342041980475187,79.22533416748047,20.565265655517578,1.0862798690795898,20.035938062323375,-7.83886736868701,0.18436541116330485,495.435059258005,356.5999201815605,20.035938062323375,1
8652,8651,11,default,48000,20.0,30,4770,11,12,321,0.0034122467041015625,21.368779095736418,-0.05284469811753793,79.22529602050781,20.579914093017578,1.0862798690795898,20.03594061033531,-7.824218881947136,0.18436558933765124,495.7052260261373,356.5999173280523,20.03594061033531,1
8653,8652,12,default,48000,20.0,30,4763,5,8,321,0.00014495849609375,21.392198944091795,-0.0533014677464962,79.22525787353516,20.594562530517578,1.0862798690795898,20.035943158347244,-7.8095703952072615,0.18436576751199762,495.9753927255544,356.59991447454485,20.035943158347244,1
8654,8653,13,default,48000,20.0,30,4775,14,19,315,0.00069427490234375,21.337084906441824,-0.05291661966059889,79.22521209716797,20.609210968017578,1.0862798690795898,20.03593809557882,-7.794921887268918,0.1843654134887549,496.245505141148,356.5999201443178,20.03593809557882,1
8655,8654,14,default,48000,20.0,30,4777,8,10,333,0.0003948211669921875,21.258551120758057,-0.05290032224729657,79.22517395019531,20.623859405517578,1.0862798690795898,20.035940643590756,-7.780273400529044,0.1843655916631013,496.51567180576586,356.5999172908096,20.035940643590756,1
8656,8655,15,default,48000,20.0,30,4770,8,9,314,0.0025119781494140625,21.27871537208557,-0.053151164669543505,79.22513580322266,20.638507843017578,1.0862798690795898,20.03594319160269,-7.7656249137891695,0.18436576983744768,496.7858384016684,356.5999144373022,20.03594319160269,1
8657,8656,16,default,48000,20.0,30,4777,8,12,301,0.001186370849609375,21.298256397247314,-0.052709412295371294,79.22509002685547,20.653156280517578,1.0862798690795898,20.035938128834268,-7.750976405850826,0.18436541581420496,497.05595102160066,356.5999201070751,20.035938128834268,1
8658,8657,17,default,48000,20.0,30,4777,8,9,322,0.003765106201171875,21.326218843460083,-0.052726094145327806,79.22505187988281,20.667804718017578,1.0862798690795898,20.035940676846202,-7.736327919110952,0.18436559398855135,497.326117582704,356.59991725356696,20.035940676846202,1
8659,8658,18,default,48000,20.0,30,4772,9,14,315,0.0018024444580078125,21.268840789794922,-0.05279810850818952,79.22501373291016,20.682453155517578,1.0862798690795898,20.035943224858137,-7.721679432371078,0.18436577216289773,497.59628407509206,356.5999144000595,20.035943224858137,1
8660,8659,19,default,48000,20.0,30,4776,12,17,300,0.0029048919677734375,21.27579100926717,-0.05269998094687859,79.22496795654297,20.697101593017578,1.0862798690795898,20.035938162089714,-7.707030924432734,0.184365418139655,497.86639689936294,356.5999200698324,20.035938162089714,1
8661,8660,20,default,48000,20.0,30,4768,8,15,335,0.0011653900146484375,21.31243658065796,-0.0528088491410017,79.22492980957031,20.711750030517578,1.0862798690795898,20.03594071010165,-7.69238243769286,0.1843655963140014,498.1365633569518,356.59991721632423,20.03594071010165,1
8662,8661,21,default,48000,20.0,30,4776,12,18,332,0.0012454986572265625,21.271641572316486,-0.052772333224614464,79.22489166259766,20.726398468017578,1.0862798690795898,20.035943258113583,-7.677733950952986,0.1843657744883478,498.40672974582543,356.59991436281683,20.035943258113583,1
8663,8662,22,default,48000,20.0,30,4780,12,17,343,3.4332275390625e-05,21.263734181722004,-0.052712601609528065,79.22484588623047,20.741046905517578,1.0862798690795898,20.03593819534516,-7.6630854430146425,0.18436542046510507,498.67684277443493,356.5999200325897,20.03593819534516,1
8664,8663,23,default,48000,20.0,30,4775,11,14,298,0.0012989044189453125,21.351023760708895,-0.05189293385906653,79.22480773925781,20.755695343017578,1.0862798690795898,20.035940743357095,-7.648436956274768,0.18436559863945146,498.9470091285093,356.59991717908156,20.035940743357095,1
8665,8664,24,default,48000,20.0,30,4778,12,17,315,0.001064300537109375,21.284274419148762,-0.052011155212918915,79.22476959228516,20.770343780517578,1.0862798690795898,20.03594329136903,-7.633788469534894,0.18436577681379784,499.21717541386846,356.59991432557416,20.03594329136903,1
8666,8665,25,default,48000,20.0,30,4773,12,18,328,0.0010986328125,21.28064028422038,-0.05195914643506209,79.22472381591797,20.784992218017578,1.0862798690795898,20.035938228600607,-7.6191399615965505,0.18436542279055512,499.4872886468165,356.599919995347,20.035938228600607,1
8667,8666,26,default,48000,20.0,30,4768,4,11,323,0.000644683837890625,21.134018898010254,-0.05214427039027214,79.22468566894531,20.799640655517578,1.0862798690795898,20.03594077661254,-7.604491474856676,0.1843656009649015,499.7574548973764,356.5999171418389,20.03594077661254,1
8668,8667,27,default,48000,20.0,30,4771,6,10,345,0.0022716522216796875,21.31179078420003,-0.05223499983549118,79.22464752197266,20.814289093017578,1.0862798690795898,20.035943324624476,-7.589842988116802,0.1843657791392479,500.02762107922115,356.5999142883315,20.035943324624476,1
8669,8668,28,default,48000,20.0,30,4775,10,15,303,0.002956390380859375,21.23241481781006,-0.05207133330404758,79.22460174560547,20.828937530517578,1.0862798690795898,20.035938261856053,-7.5751944801784585,0.18436542511600518,500.29773451650783,356.59991995810435,20.035938261856053,1
8670,8669,29,default,48000,20.0,30,4773,9,14,333,0.000152587890625,21.223195605807835,-0.05161729868915346,79.22456359863281,20.843585968017578,1.0862798690795898,20.035940809867988,-7.560545993438584,0.18436560329035157,500.56790066355325,356.5999171045962,20.035940809867988,1
8671,8670,30,default,48000,20.0,30,4778,13,15,318,0.0028820037841796875,21.285537719726562,-0.051728006452322006,79.22452545166016,20.858234405517578,1.0862798690795898,20.035943357879923,-7.54589750669871,0.18436578146469795,500.83806674188344,356.5999142510888,20.035943357879923,1
8672,8671,31,default,48000,20.0,30,4785,3,7,303,3.0517578125e-05,21.268580118815105,-0.051507951070865,79.22447967529297,20.872882843017578,1.0862798690795898,20.0359382951115,-7.531248998760367,0.18436542744145523,501.1081803835088,356.5999199208616,20.0359382951115,1
8673,8672,32,default,48000,20.0,30,4779,8,12,309,0.0023212432861328125,21.187973499298096,-0.05177463870495558,79.22444152832031,20.887531280517578,1.0862798690795898,20.035940843123434,-7.516600512020492,0.18436560561580162,501.3783464270397,356.59991706735354,20.035940843123434,1
8674,8673,33,default,48000,20.0,30,4774,4,11,323,0.006542205810546875,21.2491774559021,-0.051253749057650566,79.22440338134766,20.902179718017578,1.0862798690795898,20.03594339113537,-7.501952025280618,0.184365783790148,501.64851240185544,356.59991421384615,20.03594339113537,1
8675,8674,34,default,48000,20.0,30,4778,13,18,298,0.0007572174072265625,21.198531517615685,-0.05137489822048407,79.22435760498047,20.916828155517578,1.0862798690795898,20.035938328366946,-7.487303517342275,0.1843654297669053,501.91862624781936,356.59991988361895,20.035938328366946,1
8676,8675,35,default,48000,20.0,30,4771,9,13,316,0.0005817413330078125,21.27696969774034,-0.051157797790235944,79.22431945800781,20.931476593017578,1.0862798690795898,20.03594087637888,-7.4726550306024,0.18436560794125167,502.1887921878358,356.5999170301108,20.03594087637888,1
8677,8676,36,default,48000,20.0,30,4776,7,14,334,0.00640869140625,21.281121390206472,-0.05083228062306132,79.22428131103516,20.946125030517578,1.0862798690795898,20.035943424390815,-7.458006543862526,0.18436578611559806,502.4589580591371,356.5999141766035,20.035943424390815,1
8678,8677,37,default,48000,20.0,30,4776,11,15,299,0.0014190673828125,21.21099315990101,-0.051070035858587784,79.22423553466797,20.960773468017578,1.0862798690795898,20.035938361622392,-7.443358035924183,0.18436543209235534,502.7290721094397,356.5999198463762,20.035938361622392,1
8679,8678,38,default,48000,20.0,30,4773,11,14,314,0.0001983642578125,21.264605088667437,-0.0509005222808231,79.22419738769531,20.975419998168945,1.0862798690795898,20.03594090434762,-7.428711456525551,0.18436560989701878,502.9992027344766,356.59991699878873,20.03594090434762,1
8680,8679,39,default,48000,20.0,30,4768,14,18,333,0.0007877349853515625,21.183003289358957,-0.051032336694853644,79.22415924072266,20.990068435668945,1.0862798690795898,20.035943452359554,-7.414062969785677,0.18436578807136517,503.26936850233926,356.59991414528133,20.035943452359554,1
8681,8680,40,default,48000,20.0,30,4774,9,12,321,0.0003986358642578125,21.161821153428818,-0.05075021336476008,79.22411346435547,21.004716873168945,1.0862798690795898,20.03593838959113,-7.399414461847334,0.18436543404812245,503.53948275704283,356.59991981505414,20.03593838959113,1
8682,8681,41,default,48000,20.0,30,4775,7,9,325,0.002445220947265625,21.103273936680385,-0.05123979704720633,79.22407531738281,21.019365310668945,1.0862798690795898,20.035940937603065,-7.3847659751074595,0.18436561222246883,503.80964849010604,356.59991696154606,20.035940937603065,1
8683,8682,42,default,48000,20.0,30,4766,8,11,314,0.0004062652587890625,21.126731157302856,-0.05068605113774538,79.22403717041016,21.034013748168945,1.0862798690795898,20.035943485615,-7.370117488367585,0.18436579039681522,504.07981415445414,356.59991410803866,20.035943485615,1
8684,8683,43,default,48000,20.0,30,4776,6,13,329,0.003086090087890625,21.08727200826009,-0.0508369921396176,79.22399139404297,21.048662185668945,1.0862798690795898,20.035938422846577,-7.355468980429242,0.1843654363735725,504.34992861349633,356.5999197778114,20.035938422846577,1
8685,8684,44,default,48000,20.0,30,4776,9,13,305,0.0025157928466796875,21.174251556396484,-0.0502931165198485,79.22395324707031,21.063310623168945,1.0862798690795898,20.035940970858512,-7.3408204936893675,0.1843656145479189,504.620094243045,356.59991692430333,20.035940970858512,1
8686,8685,45,default,48000,20.0,30,4780,5,8,323,0.0011577606201171875,21.146044921875,-0.05005962550640106,79.22391510009766,21.077959060668945,1.0862798690795898,20.035943518870447,-7.326172006949493,0.18436579272226528,504.8902598038787,356.599914070796,20.035943518870447,1
8687,8686,46,default,48000,20.0,30,4773,5,9,295,0.000274658203125,21.229017639160155,-0.04974593073129654,79.22386932373047,21.092607498168945,1.0862798690795898,20.035938456102024,-7.31152349901115,0.18436543869902255,505.16037446725943,356.59991974056874,20.035938456102024,1
8688,8687,47,default,48000,20.0,30,4772,12,17,303,0.0028820037841796875,21.1070294380188,-0.05003639714171489,79.22383117675781,21.107255935668945,1.0862798690795898,20.03594100411396,-7.2968750122712756,0.18436561687336894,505.4305399932937,356.59991688706066,20.03594100411396,1
8689,8688,48,default,48000,20.0,30,4775,6,13,343,0.001781463623046875,21.128737767537434,-0.04990268995364507,79.22379302978516,21.121904373168945,1.0862798690795898,20.035943552125893,-7.282226525531401,0.18436579504771533,505.7007054506129,356.5999140335533,20.035943552125893,1
8690,8689,49,default,48000,20.0,30,4777,9,10,354,0.000263214111328125,21.13878928290473,-0.04965261245767275,79.22374725341797,21.136552810668945,1.0862798690795898,20.03593848935747,-7.267578017593058,0.1843654410244726,505.9708203183323,356.59991970332607,20.03593848935747,1
8691,8690,50,default,48000,20.0,30,4768,3,7,372,0.0015392303466796875,21.06777064005534,-0.05026936406890551,79.22370910644531,21.151201248168945,1.0862798690795898,20.035941037369405,-7.252929530853184,0.184365619198819,506.240985740852,356.599916849818,20.035941037369405,1
8692,8691,51,default,48000,20.0,30,4778,9,14,336,0.0023059844970703125,21.11659155951606,-0.049960188981559545,79.22367095947266,21.165849685668945,1.0862798690795898,20.03594358538134,-7.238281044113309,0.18436579737316539,506.5111510946567,356.59991399631065,20.03594358538134,1
8693,8692,52,default,48000,20.0,30,4776,8,11,326,0.00032806396484375,21.154011487960815,-0.0494536142796278,79.22362518310547,21.180498123168945,1.0862798690795898,20.035938522612916,-7.223632536174966,0.18436544334992266,506.7812661667148,356.59991966608334,20.035938522612916,1
8694,8693,53,default,48000,20.0,30,4779,7,14,307,0.001956939697265625,21.088788168770925,-0.049834871398551125,79.22358703613281,21.195146560668945,1.0862798690795898,20.03594107062485,-7.208984049435092,0.18436562152426905,507.05143148572,356.5999168125753,20.03594107062485,1
8695,8694,54,default,48000,20.0,30,4784,8,14,331,0.0009021759033203125,21.08210325241089,-0.04964943742379546,79.22354888916016,21.209794998168945,1.0862798690795898,20.035943618636786,-7.194335562695217,0.18436579969861544,507.3215967360103,356.599913959068,20.035943618636786,1
8696,8695,55,default,48000,20.0,30,4780,6,14,305,0.004199981689453125,21.15966256459554,-0.04892051840821902,79.22350311279297,21.224443435668945,1.0862798690795898,20.035938555868363,-7.179687054756874,0.18436544567537272,507.5917120124069,356.59991962884067,20.035938555868363,1
8697,8696,56,default,48000,20.0,30,4765,7,14,318,3.0517578125e-05,21.096852711268834,-0.04958133293049676,79.22346496582031,21.239091873168945,1.0862798690795898,20.035941103880297,-7.165038568017,0.1843656238497191,507.86187722789765,356.5999167753326,20.035941103880297,1
8698,8697,57,default,48000,20.0,30,4780,9,13,332,0.0012493133544921875,21.09320725335015,-0.04947753333383136,79.22342681884766,21.253740310668945,1.0862798690795898,20.035943651892232,-7.150390081277125,0.1843658020240655,508.13204237467346,356.5999139218253,20.035943651892232,1
8699,8698,58,default,48000,20.0,30,4754,10,16,318,0.00437164306640625,21.073732566833495,-0.04931693375110626,79.22338104248047,21.268388748168945,1.0862798690795898,20.03593858912381,-7.135741573338782,0.18436544800082277,508.40215785540875,356.59991959159794,20.03593858912381,1
8700,8699,59,default,48000,20.0,30,4777,8,17,335,0.0068511962890625,21.167571783065796,-0.048768548760563135,79.22334289550781,21.283037185668945,1.0862798690795898,20.035941137135744,-7.121093086598908,0.18436562617516916,508.67232296738496,356.5999167380899,20.035941137135744,1
8701,8700,60,default,48000,20.0,30,4775,11,16,327,0.0053424835205078125,21.059825897216797,-0.04870443181558089,79.22330474853516,21.297685623168945,1.0862798690795898,20.03594368514768,-7.106444599859033,0.18436580434951555,508.94248801064634,356.59991388458263,20.03594368514768,1
8702,8701,61,default,48000,20.0,30,4765,4,10,308,0.000476837158203125,21.01468849182129,-0.04893362428992987,79.22325897216797,21.312334060668945,1.0862798690795898,20.035938622379255,-7.09179609192069,0.18436545032627283,509.2126036957202,356.59991955435527,20.035938622379255,1
8703,8702,62,default,48000,20.0,30,4765,5,9,323,0.0002269744873046875,21.114486694335938,-0.0486425943672657,79.22322082519531,21.326982498168945,1.0862798690795898,20.03594117039119,-7.077147605180816,0.18436562850061922,509.4827687041819,356.59991670084725,20.03594117039119,1
8704,8703,63,default,48000,20.0,30,4771,10,15,305,0.0058498382568359375,21.090456199645995,-0.04896745830774307,79.22318267822266,21.341630935668945,1.0862798690795898,20.035943718403125,-7.062499118440941,0.1843658066749656,509.7529336439288,356.59991384733996,20.035943718403125,1
8705,8704,64,default,48000,20.0,30,4777,9,11,354,0.002315521240234375,21.058132383558487,-0.04859305918216705,79.22313690185547,21.356279373168945,1.0862798690795898,20.035938655634702,-7.047850610502598,0.18436545265172288,510.02304953334124,356.5999195171126,20.035938655634702,1
8706,8705,65,default,48000,20.0,30,4776,9,14,315,0.0036334991455078125,21.045890384250217,-0.0489532599846522,79.22309875488281,21.370927810668945,1.0862798690795898,20.035941203646637,-7.033202123762724,0.18436563082606927,510.2932144382886,356.5999166636046,20.035941203646637,1
8707,8706,66,default,48000,20.0,30,4766,5,12,335,0.0001678466796875,21.06210594177246,-0.04830050319433212,79.22306060791016,21.385576248168945,1.0862798690795898,20.03594375165857,-7.018553637022849,0.18436580900041566,510.563379274521,356.5999138100973,20.03594375165857,1
8708,8707,67,default,48000,20.0,30,4780,11,13,299,0.00183868408203125,21.029014240611684,-0.04812420735305006,79.22301483154297,21.400224685668945,1.0862798690795898,20.03593868889015,-7.003905129084506,0.18436545497717294,510.83349536827205,356.59991947986987,20.03593868889015,1
8709,8708,68,default,48000,20.0,30,4780,7,9,303,0.0041370391845703125,21.065845217023575,-0.04837450385093689,79.22297668457031,21.414873123168945,1.0862798690795898,20.035941236902083,-6.989256642344632,0.18436563315151933,511.1036601697049,356.5999166263619,20.035941236902083,1
8710,8709,69,default,48000,20.0,30,4776,8,11,322,0.001796722412109375,21.036865949630737,-0.04829830350354314,79.22293853759766,21.429521560668945,1.0862798690795898,20.035943784914018,-6.974608155604757,0.1843658113258657,511.3738249024228,356.5999137728546,20.035943784914018,1
8711,8710,70,default,48000,20.0,30,4779,11,14,304,0.0041294097900390625,20.99465023387562,-0.04829673130403866,79.22289276123047,21.444169998168945,1.0862798690795898,20.035938722145595,-6.959959647666414,0.184365457302623,511.6439412005125,356.5999194426272,20.035938722145595,1
8712,8711,71,default,48000,20.0,30,4774,4,9,330,0.0019168853759765625,20.950541019439697,-0.047927132807672024,79.22285461425781,21.458818435668945,1.0862798690795898,20.03594127015753,-6.94531116092654,0.18436563547696938,511.9141058984309,356.5999165891192,20.03594127015753,1
8713,8712,72,default,48000,20.0,30,4782,14,20,357,7.62939453125e-06,21.00427791050502,-0.04787619624819074,79.22281646728516,21.473464965820312,1.0862798690795898,20.035943812882763,-6.930664581527909,0.1843658132816337,512.1842353185982,356.5999137415325,20.035943812882763,1
8714,8713,73,default,48000,20.0,30,4775,11,14,332,0.000213623046875,20.96704136241566,-0.047768912532112816,79.22277069091797,21.488113403320312,1.0862798690795898,20.03593875011434,-6.9160160735895655,0.18436545925839098,512.4543518210887,356.59991941130505,20.03593875011434,1
8715,8714,74,default,48000,20.0,30,4774,16,22,290,0.0009765625,20.993749141693115,-0.04768748371861875,79.22273254394531,21.502761840820312,1.0862798690795898,20.035941298126275,-6.901367586849691,0.18436563743273737,512.7245164155684,356.5999165577971,20.035941298126275,1
8716,8715,75,default,48000,20.0,30,4779,9,12,345,0.0011768341064453125,21.0207036336263,-0.04780612306462394,79.22269439697266,21.517410278320312,1.0862798690795898,20.03594384613821,-6.886719100109817,0.18436581560708376,512.9946809413332,356.5999137042898,20.03594384613821,1
8717,8716,76,default,48000,20.0,30,4772,6,7,340,0.0022144317626953125,20.979616165161133,-0.04735856627424558,79.22264862060547,21.532058715820312,1.0862798690795898,20.035938783369787,-6.8720705921714735,0.18436546158384104,513.2647976481625,356.5999193740624,20.035938783369787,1
8718,8717,77,default,48000,20.0,30,4771,7,8,337,0.002841949462890625,21.042621885027206,-0.04765218177012035,79.22261047363281,21.546707153320312,1.0862798690795898,20.03594133138172,-6.857422105431599,0.18436563975818743,513.5349621391276,356.59991652055436,20.03594133138172,1
8719,8718,78,default,48000,20.0,30,4775,10,13,297,0.0006275177001953125,21.015895080566406,-0.04736797511577606,79.22257232666016,21.561355590820312,1.0862798690795898,20.035943879393656,-6.842773618691725,0.18436581793253382,513.805126561378,356.59991366704713,20.035943879393656,1
8720,8719,79,default,48000,20.0,30,4765,9,16,316,0.003604888916015625,20.946606106228298,-0.047357296778096095,79.22252655029297,21.576004028320312,1.0862798690795898,20.035938816625233,-6.828125110753382,0.1843654639092911,514.0752434725458,356.59991933681965,20.035938816625233,1
8721,8720,80,default,48000,20.0,30,4776,13,17,342,0.003391265869140625,21.02808717580942,-0.04713333856600981,79.22248840332031,21.590652465820312,1.0862798690795898,20.035941364637168,-6.813476624013507,0.18436564208363748,514.3454078599964,356.5999164833117,20.035941364637168,1
8722,8721,81,default,48000,20.0,30,4772,8,17,319,0.008544921875,20.96411371231079,-0.047095303889364004,79.22245025634766,21.605300903320312,1.0862798690795898,20.035943912649103,-6.798828137273633,0.18436582025798387,514.6155721787324,356.59991362980446,20.035943912649103,1
8723,8722,82,default,48000,20.0,30,4773,11,13,332,0.009735107421875,21.005198392001066,-0.04676269028674473,79.22240447998047,21.619949340820312,1.0862798690795898,20.03593884988068,-6.78417962933529,0.18436546623474115,514.8856892942388,356.599919299577,20.03593884988068,1
8724,8723,83,default,48000,20.0,30,4768,8,18,326,0.0017185211181640625,20.927151203155518,-0.04697853932157159,79.22236633300781,21.634597778320312,1.0862798690795898,20.035941397892614,-6.769531142595415,0.18436564440908754,515.155853578175,356.599916446069,20.035941397892614,1
8725,8724,84,default,48000,20.0,30,4765,11,16,347,0.00046539306640625,20.92345029657537,-0.0468247766521844,79.22232818603516,21.649246215820312,1.0862798690795898,20.03594394590455,-6.754882655855541,0.18436582258343392,515.4260177933965,356.5999135925618,20.03594394590455,1
8726,8725,85,default,48000,20.0,30,4779,13,20,331,0.00151824951171875,20.955939366267277,-0.04663067884170092,79.22228240966797,21.663894653320312,1.0862798690795898,20.035938883136126,-6.740234147917198,0.1843654685601912,515.6961351132414,356.5999192623343,20.035938883136126,1
8727,8726,86,default,48000,20.0,30,4768,11,17,326,0.0019321441650390625,20.975440458817914,-0.04656058617613532,79.22224426269531,21.678543090820312,1.0862798690795898,20.03594143114806,-6.725585661177323,0.1843656467345376,515.966299293663,356.59991640882635,20.03594143114806,1
8728,8727,87,default,48000,20.0,30,4775,14,17,375,0.002826690673828125,20.904681614467076,-0.04657607073230403,79.22220611572266,21.693191528320312,1.0862798690795898,20.035943979159995,-6.710937174437449,0.18436582490888398,516.2364634053702,356.5999135553191,20.035943979159995,1
8729,8728,88,default,48000,20.0,30,4774,16,17,333,0.0012454986572265625,20.947277307510376,-0.04659538599662483,79.22216033935547,21.707839965820312,1.0862798690795898,20.035938916391572,-6.696288666499106,0.18436547088564126,516.5065809295537,356.5999192250916,20.035938916391572,1
8730,8729,89,default,48000,20.0,30,4774,17,21,325,0.00130462646484375,20.948300866519702,-0.046421491267050016,79.22212219238281,21.722488403320312,1.0862798690795898,20.035941464403507,-6.681640179759231,0.18436564905998765,516.7767450064609,356.5999163715837,20.035941464403507,1
8731,8730,90,default,48000,20.0,30,4780,10,16,319,0.001708984375,20.898204231262206,-0.0464120090007782,79.22208404541016,21.737136840820312,1.0862798690795898,20.03594401241544,-6.666991693019357,0.18436582723433403,517.0469090146535,356.59991351807645,20.03594401241544,1
8732,8731,91,default,48000,20.0,30,4769,10,14,335,0.0005588531494140625,20.849156188964844,-0.046405379101634024,79.22203826904297,21.751785278320312,1.0862798690795898,20.03593894964702,-6.652343185081014,0.1843654732110913,517.3170267431757,356.5999191878489,20.03593894964702,1
8733,8732,92,default,48000,20.0,30,4785,6,9,328,0.0009975433349609375,20.926190694173176,-0.046205148100852966,79.22200012207031,21.766433715820312,1.0862798690795898,20.035941497658953,-6.637694698341139,0.1843656513854377,517.5871907165684,356.59991633434095,20.035941497658953,1
8734,8733,93,default,48000,20.0,30,4777,11,20,340,0.0017147064208984375,20.900695974176582,-0.04636729068376801,79.22196197509766,21.781082153320312,1.0862798690795898,20.035944045670888,-6.623046211601265,0.1843658295597841,517.8573546212465,356.5999134808338,20.035944045670888,1
8735,8734,94,default,48000,20.0,30,4773,13,24,319,0.0013904571533203125,20.947461641751804,-0.045779274633297555,79.22191619873047,21.795730590820312,1.0862798690795898,20.035938982902465,-6.608397703662922,0.18436547553654137,518.1274725541073,356.5999191506062,20.035938982902465,1
8736,8735,95,default,48000,20.0,30,4774,11,19,318,2.288818359375e-05,20.899221940474078,-0.04620072448795492,79.22187805175781,21.810379028320312,1.0862798690795898,20.0359415309144,-6.593749216923047,0.18436565371088776,518.3976364239855,356.5999162970983,20.0359415309144,1
8737,8736,96,default,48000,20.0,30,4783,8,16,330,0.0003871917724609375,20.91228437423706,-0.045753433369100094,79.22183990478516,21.825027465820312,1.0862798690795898,20.035944078926335,-6.579100730183173,0.18436583188523414,518.6678002251492,356.5999134435911,20.035944078926335,1
8738,8737,97,default,48000,20.0,30,4769,8,12,324,0.00168609619140625,20.91957449913025,-0.04557120567187667,79.22179412841797,21.839675903320312,1.0862798690795898,20.03593901615791,-6.56445222224483,0.18436547786199142,518.9379183623486,356.5999191133635,20.03593901615791,1
8739,8738,98,default,48000,20.0,30,4779,9,15,338,0.002254486083984375,20.93431133694119,-0.045503086927864284,79.22175598144531,21.854324340820312,1.0862798690795898,20.035941564169846,-6.549803735504955,0.1843656560363378,519.2080821287124,356.5999162598556,20.035941564169846,1
8740,8739,99,default,48000,20.0,30,4784,13,21,364,0.0001583099365234375,20.89569957439716,-0.04549538602049534,79.22171783447266,21.868972778320312,1.0862798690795898,20.03594411218178,-6.535155248765081,0.1843658342106842,519.4782458263616,356.59991340634843,20.03594411218178,1
8741,8740,100,default,48000,20.0,30,4768,9,14,354,0.001461029052734375,20.853463066948784,-0.04553667331735293,79.2216796875,21.877309799194336,1.0862798690795898,20.03592916647854,-6.52681815419885,0.1843647891053397,519.6319092736104,356.599930143985,20.03592916647854,1
8742,8741,101,default,48000,20.0,30,4772,7,15,349,0.007587432861328125,20.94897597176688,-0.0064001430624297685,79.22164916992188,21.877309799194336,1.0862798690795898,20.035898723357107,-6.526818069404975,0.18436266031498327,519.6317279466451,356.5999642371988,20.035898723357107,1
8743,8742,102,default,48000,20.0,30,4775,7,15,333,0.0027866363525390625,20.87673841203962,-0.0003010792882248227,79.22161865234375,21.877309799194336,1.0862799882888794,20.03586827192005,-6.5268179846111,0.18436065044353178,519.6315465691715,356.59999613598666,20.03586827192005,1
8744,8743,103,default,48000,20.0,30,4776,9,12,338,0.002407073974609375,20.98651674058702,-0.00032349650993839733,79.22158813476562,21.877309799194336,1.0862799882888794,20.03583782879862,-6.526817899817225,0.18435852165317534,519.631365241104,356.60003022940435,20.03583782879862,1
8745,8744,104,default,48000,20.0,30,4773,8,13,306,0.002452850341796875,20.90128445625305,-0.0003269452790846117,79.22154998779297,21.877309799194336,1.0862799882888794,20.03579977489683,-6.526817793824881,0.1843558606652298,519.6311385802449,356.6000728463222,20.03579977489683,1
8746,8745,105,default,48000,20.0,30,4773,13,15,336,1.71661376953125e-05,20.917890255267803,-0.000327630487915415,79.22151184082031,21.877309799194336,1.0862799882888794,20.03576172099504,-6.526817687832537,0.18435319967728425,519.6309119185246,356.6001154634019,20.03576172099504,1
8747,8746,106,default,48000,20.0,30,4770,10,16,293,0.0048675537109375,20.94372444152832,-0.00032780976325739173,79.22148132324219,21.877309799194336,1.0862799882888794,20.03573127787361,-6.526817603038662,0.18435107088692781,519.6307305885285,356.6001495571822,20.03573127787361,1
8748,8747,107,default,48000,20.0,30,4782,12,14,337,0.0011577606201171875,20.905706882476807,-0.00032786839437903836,79.22144317626953,21.877309799194336,1.0862798690795898,20.035693232287443,-6.526817497046318,0.18434829098007732,519.6305039752167,356.6001943691019,20.035693232287443,1
8749,8748,108,default,48000,20.0,30,4775,11,18,319,0.00016021728515625,20.88858951221813,-0.0003276442955459722,79.2214126586914,21.877309799194336,1.0862798690795898,20.03566278916601,-6.526817412252443,0.18434616218972089,519.6303226439809,356.6002284631187,20.03566278916601,1
8750,8749,109,default,48000,20.0,30,4763,12,16,317,0.000518798828125,20.975863933563232,-0.00032765502934732166,79.22137451171875,21.877309799194336,1.0862798690795898,20.03562473526422,-6.526817306260099,0.18434350120177534,519.6300959791613,356.6002710807854,20.03562473526422,1
8751,8750,110,default,48000,20.0,30,4777,12,14,356,0.0038623809814453125,20.92496665318807,-0.00032779282385793823,79.22134399414062,21.877309799194336,1.0862799882888794,20.035594283827166,-6.526817221466224,0.18434149133032385,519.6299145967268,356.6003029804758,20.035594283827166,1
8752,8751,111,default,48000,20.0,30,4780,16,22,333,0.003631591796875,20.918596148490906,-0.0003276469051343156,79.22130584716797,21.877309799194336,1.0862799882888794,20.035556229925376,-6.5268171154738805,0.1843388303423783,519.6296879303572,356.6003455984297,20.035556229925376,1
8753,8752,112,default,48000,20.0,30,4774,7,13,298,0.008785247802734375,20.860551834106445,-0.00032748006716636676,79.22127532958984,21.877309799194336,1.0862799882888794,20.035525786803944,-6.5268170306800055,0.18433670155202186,519.6295065966415,356.6003796929094,20.035525786803944,1
8754,8753,113,default,48000,20.0,30,4768,12,16,288,0.002948760986328125,20.94524876276652,-0.00032754571293480694,79.22123718261719,21.877309799194336,1.0862799882888794,20.035487732902155,-6.526816924687662,0.18433404056407632,519.629279928722,356.6004223111547,20.035487732902155,1
8755,8754,114,default,48000,20.0,30,4775,12,17,334,0.016727447509765625,20.905643145243328,-0.0003277794991542275,79.22120666503906,21.877309799194336,1.0862799882888794,20.035457289780723,-6.526816839893787,0.18433191177371988,519.6290985937665,356.60045640586753,20.035457289780723,1
8756,8755,115,default,48000,20.0,30,4766,7,9,332,0.0001316070556640625,20.93893132890974,-0.00032785464177972505,79.2211685180664,21.877309799194336,1.0862798690795898,20.035419244194557,-6.526816733901443,0.1843291318668694,519.6288719742566,356.60050121898274,20.035419244194557,1
8757,8756,116,default,48000,20.0,30,4774,18,24,312,0.000408172607421875,20.879897011650932,-0.0003279024288834383,79.22113800048828,21.877309799194336,1.0862798690795898,20.035388801073125,-6.526816649107568,0.18432700307651295,519.6286906380612,356.60053531393197,20.035388801073125,1
8758,8757,117,default,48000,20.0,30,4770,9,14,309,0.0017337799072265625,20.944674809773762,-0.00032798372881693975,79.22109985351562,21.877309799194336,1.0862798690795898,20.035350747171336,-6.526816543115224,0.1843243420885674,519.6284639670422,356.6005779327643,20.035350747171336,1
8759,8758,118,default,48000,20.0,30,4779,12,13,327,0.001483917236328125,20.881858666737873,-0.00032765082626913983,79.2210693359375,21.877309799194336,1.0862799882888794,20.03532029573428,-6.526816458321349,0.18432233221711591,519.6282825796469,356.60060983335734,20.03532029573428,1
8760,8759,119,default,48000,20.0,30,4773,12,17,351,0.0003604888916015625,20.882322152455647,-0.0003278685690020211,79.22103118896484,21.877309799194336,1.0862799882888794,20.03528224183249,-6.526816352329005,0.18431967122917037,519.6280559070777,356.6006524524769,20.03528224183249,1
8761,8760,120,default,48000,20.0,30,4785,12,17,334,0.0012950897216796875,20.94549496968587,-0.00032776506365432095,79.22100067138672,21.877307891845703,1.0862799882888794,20.03525179342435,-6.526818174876373,0.18431754206913098,519.6278393601142,356.60068655381,20.03525179342435,1
8762,8761,121,default,48000,20.0,30,4775,5,11,324,0.003078460693359375,20.907551574707032,-0.00032786978408694267,79.22096252441406,21.877307891845703,1.0862799882888794,20.03521373952256,-6.52681806888403,0.18431488108118543,519.6276126859283,356.600729173221,20.03521373952256,1
8763,8762,122,default,48000,20.0,30,4778,11,16,341,0.00090789794921875,20.883417649702594,-0.0003278048163999549,79.22093200683594,21.877307891845703,1.0862799882888794,20.03518329640113,-6.526817984090155,0.184312752290829,519.6274313459595,356.60076326886633,20.03518329640113,1
8764,8764,123,default,48000,20.0,30,4778,14,17,338,0.0020503997802734375,20.873112406049454,-0.000327796590032189,79.22089385986328,21.877307891845703,1.0862798690795898,20.035145250814963,-6.526817878097811,0.1843099723839785,519.6272047201845,356.6008080831771,20.035145250814963,1
8765,8765,124,default,48000,20.0,30,4775,16,20,343,0.008478164672851562,20.851541757583618,-0.000327420066241757,79.22086334228516,21.877307891845703,1.0862798690795898,20.03511480769353,-6.526817793303936,0.18430784359362207,519.6270233789759,356.60084217905893,20.03511480769353,1
8766,8766,125,default,48000,20.0,30,4782,11,14,329,0.0043582916259765625,20.88760861483487,-0.00032769497589800846,79.2208251953125,21.877307891845703,1.0862798690795898,20.035076753791742,-6.526817687311592,0.18430518260567652,519.6267967016902,356.60088479905687,20.035076753791742,1
8767,8767,126,default,48000,20.0,30,4772,7,12,330,0.0010852813720703125,20.898391723632812,-0.00032767581953001875,79.22078704833984,21.877307891845703,1.0862799882888794,20.03503869157433,-6.526817581319248,0.18430264053663592,519.6265699735819,356.6009252245967,20.03503869157433,1
8768,8768,127,default,48000,20.0,30,4763,8,14,326,0.001129150390625,20.877870321273804,-0.000327629160892684,79.22075653076172,21.877307891845703,1.0862799882888794,20.035008248452897,-6.526817496525373,0.18430051174627948,519.6263886304444,356.6009593208379,20.035008248452897,1
8769,8769,128,default,48000,20.0,30,4772,12,19,316,0.002521514892578125,20.908528010050457,-0.0003277843837471058,79.22071838378906,21.877307891845703,1.0862799882888794,20.034970194551107,-6.526817390533029,0.18429785075833394,519.6261619507475,356.601001941285,20.034970194551107,1
8770,8770,129,default,48000,20.0,30,4771,6,12,336,0.000705718994140625,20.84722963968913,-0.000327498671443512,79.22068786621094,21.877307891845703,1.0862799882888794,20.034939751429675,-6.526817305739154,0.1842957219679775,519.6259806063699,356.6010360377593,20.034939751429675,1
8771,8771,130,default,48000,20.0,30,4775,13,16,328,4.1961669921875e-05,20.88169317979079,-0.00032753829369679664,79.22064971923828,21.877307891845703,1.0862799882888794,20.034901697527886,-6.5268171997468105,0.18429306098003195,519.625753925123,356.60107865849784,20.034901697527886,1
8772,8772,131,default,48000,20.0,30,4766,9,12,334,0.001373291015625,20.89213710361057,-0.0003277898229296423,79.22061920166016,21.877307891845703,1.0862798690795898,20.034871262722078,-6.5268171149529355,0.18429081327077057,519.6255726294678,356.6011149498436,20.034871262722078,1
8773,8773,132,default,48000,20.0,30,4770,6,11,321,0.0017642974853515625,20.92805576324463,-0.0003276809972400467,79.2205810546875,21.877307891845703,1.0862798690795898,20.034833208820288,-6.526817008960592,0.18428815228282502,519.625345946671,356.6011575708777,20.034833208820288,1
8774,8774,133,default,48000,20.0,30,4772,9,13,352,0.001438140869140625,20.858457565307617,-0.0003274805914972805,79.22055053710938,21.877307891845703,1.0862798690795898,20.034802765698856,-6.526816924166717,0.1842860234924686,519.6251645998136,356.6011916678216,20.034802765698856,1
8775,8775,134,default,48000,20.0,30,4773,12,16,386,0.0036640167236328125,20.860211849212646,-0.0003275627774807314,79.22051239013672,21.877307891845703,1.0862799882888794,20.034764703481443,-6.526816818174373,0.18428348142342799,519.6249378655041,356.6012320944973,20.034764703481443,1
8776,8776,135,default,48000,20.0,30,4780,9,13,319,0.0012359619140625,20.92781427171495,-0.0003276918691376017,79.2204818725586,21.877307891845703,1.0862799882888794,20.03473426036001,-6.526816733380498,0.18428135263307155,519.6247565174065,356.601266191671,20.03473426036001,1
8777,8777,136,default,48000,20.0,30,4783,8,15,333,0.0021076202392578125,20.891074657440186,-0.0003277022042311728,79.22044372558594,21.877307891845703,1.0862799882888794,20.03469620645822,-6.526816627388154,0.184278691645126,519.6245298315096,356.6013088132839,20.03469620645822,1
8778,8778,137,default,48000,20.0,30,4769,6,13,353,0.003604888916015625,20.871510823567707,-0.0003275096629901479,79.22041320800781,21.877307891845703,1.0862799882888794,20.03466576333679,-6.526816542594279,0.18427656285476957,519.6243484821719,356.60134291069073,20.03466576333679,1
8779,8779,138,default,48000,20.0,30,4766,7,13,290,0.0021228790283203125,20.910863603864396,-0.00032770316465757787,79.22037506103516,21.877307891845703,1.0862799882888794,20.034627709435,-6.526816436601935,0.18427390186682402,519.6241217947249,356.6013855325951,20.034627709435,1
8780,8780,139,default,48000,20.0,30,4769,14,17,308,0.00066375732421875,20.890891483851842,-0.0003277330397395417,79.22034454345703,21.877307891845703,1.0862798690795898,20.034597274629192,-6.52681635180806,0.18427165415756264,519.6239404941109,356.60142182490324,20.034597274629192,1
8781,8781,140,default,48000,20.0,30,4774,8,15,313,0.0039615631103515625,20.911641359329224,-0.0003280883320257999,79.22030639648438,21.877307891845703,1.0862798690795898,20.034559220727402,-6.526816245815716,0.1842689931696171,519.623713805114,356.6014644471032,20.034559220727402,1
8782,8782,141,default,48000,20.0,30,4777,17,21,336,0.0006351470947265625,20.900542315314798,-0.00032795325216070255,79.22027587890625,21.877307891845703,1.0862798690795898,20.03452877760597,-6.526816161021841,0.18426686437926065,519.6235324532964,356.6014985449797,20.03452877760597,1
8783,8783,142,default,48000,20.0,30,4769,11,17,320,0.000171661376953125,20.88163982738148,-0.00032794520798647267,79.2202377319336,21.877307891845703,1.0862799882888794,20.034490715388557,-6.526816055029498,0.18426432231022005,519.6233057127853,356.6015389727912,20.034490715388557,1
8784,8784,143,default,48000,20.0,30,4771,20,26,323,0.000209808349609375,20.887413120269777,-0.0003277609357610345,79.22020721435547,21.877307891845703,1.0862799882888794,20.034460272267125,-6.5268159702356225,0.18426219351986362,519.6231243597275,356.6015730708976,20.034460272267125,1
8785,8785,144,default,48000,20.0,30,4771,5,13,320,0.001750946044921875,20.905311584472656,-0.0003274716960731894,79.22016906738281,21.877307891845703,1.0862799882888794,20.034422218365336,-6.526815864243279,0.18425953253191807,519.6228976676302,356.60161569367625,20.034422218365336,1
8786,8786,145,default,48000,20.0,30,4781,9,12,330,0.0001659393310546875,20.91197395324707,-0.0003277920380545159,79.22013854980469,21.877307891845703,1.0862799882888794,20.034391775243904,-6.526815779449404,0.18425740374156163,519.6227163133324,356.60164979201573,20.034391775243904,1
8787,8787,146,default,48000,20.0,30,4770,8,9,330,0.0002803802490234375,20.85068416595459,-0.00032772296253824607,79.22010040283203,21.877307891845703,1.0862799882888794,20.034353721342114,-6.52681567345706,0.18425474275361609,519.622489619685,356.60169241508584,20.034353721342114,1
8788,8788,147,default,48000,20.0,30,4772,14,20,343,6.67572021484375e-05,20.86767019544329,-0.00032767704812743304,79.22006225585938,21.877307891845703,1.0862799882888794,20.034315667440325,-6.526815567464716,0.18425208176567054,519.6222629251765,356.6017350383179,20.034315667440325,1
8789,8789,148,default,48000,20.0,30,4782,14,15,339,0.0065441131591796875,20.85477719988142,-0.0003274806326122156,79.22003173828125,21.877307891845703,1.0862798690795898,20.034285232634517,-6.526815482670841,0.18424983405640916,519.6220816189148,356.60177133172226,20.034285232634517,1
8790,8790,149,default,48000,20.0,30,4776,14,15,330,0.0039005279541015625,20.844773156302317,-0.00032762595011653114,79.2199935913086,21.877307891845703,1.0862798690795898,20.034247178732727,-6.526815376678497,0.1842471730684636,519.6218549228563,356.6018139552499,20.034247178732727,1
8791,8791,150,default,48000,20.0,30,4774,10,14,343,0.00185394287109375,20.899910736083985,-0.00032762495393399147,79.21996307373047,21.877307891845703,1.0862799882888794,20.03421672729567,-6.526815291884622,0.18424516319701212,519.6216735154239,356.60184585947894,20.03421672729567,1
8792,8792,151,default,48000,20.0,30,4777,10,19,322,3.24249267578125e-05,20.89689083099365,-0.0003279671887867153,79.21992492675781,21.877307891845703,1.0862799882888794,20.034178673393882,-6.5268151858922785,0.18424250220906657,519.621446817815,356.60188848329386,20.034178673393882,1
8793,8793,152,default,48000,20.0,30,4774,11,18,313,0.00226593017578125,20.89495208046653,-0.00032760545251552355,79.21989440917969,21.877307891845703,1.0862799882888794,20.03414823027245,-6.5268151010984035,0.18424037341871013,519.6212654591079,356.6019225824624,20.03414823027245,1
8794,8794,153,default,48000,20.0,30,4772,2,4,306,0.0003814697265625,20.899805068969727,-0.0003276502247899771,79.21985626220703,21.877307891845703,1.0862799882888794,20.03411017637066,-6.52681499510606,0.1842377124307646,519.6210387599489,356.6019652065688,20.03411017637066,1
8795,8795,154,default,48000,20.0,30,4780,10,14,343,0.001445770263671875,20.85606441497803,-0.0003276299015851691,79.2198257446289,21.877307891845703,1.0862799882888794,20.03407973324923,-6.526814910312185,0.18423558364040815,519.6208574000016,356.60199930597054,20.03407973324923,1
8796,8796,155,default,48000,20.0,30,4777,11,17,331,0.0061969757080078125,20.93221230940385,-0.0003280664757105776,79.21978759765625,21.877307891845703,1.0862799882888794,20.03404167934744,-6.526814804319841,0.1842329226524626,519.6206306992924,356.60204193036844,20.03404167934744,1
8797,8797,156,default,48000,20.0,30,4776,11,15,328,0.000156402587890625,20.908282193270598,-0.00032780616311356425,79.21975708007812,21.877307891845703,1.0862798690795898,20.03401124454163,-6.526814719525966,0.18423067494320122,519.6204493880716,356.6020782247354,20.03401124454163,1
8798,8798,157,default,48000,20.0,30,4779,7,13,307,0.0032806396484375,20.878308159964426,-0.00032758323192995576,79.21971893310547,21.877307891845703,1.0862798690795898,20.03397319063984,-6.526814613533622,0.18422801395525568,519.6202226858123,356.6021208494289,20.03397319063984,1
8799,8799,158,default,48000,20.0,30,4782,6,10,290,0.00542449951171875,20.86761728922526,-0.0003276213101344183,79.21968841552734,21.877307891845703,1.0862798690795898,20.03394274751841,-6.526814528739747,0.18422588516489924,519.620041323385,356.60215494930026,20.03394274751841,1
8800,8800,159,default,48000,20.0,30,4770,12,18,358,0.0010242462158203125,20.90404399236043,-0.00032771071467626217,79.21965026855469,21.877307891845703,1.0862799882888794,20.033904685300996,-6.526814422747403,0.18422334309585864,519.6198145696084,356.6021953795415,20.033904685300996,1
8801,8801,160,default,48000,20.0,30,4774,9,15,336,0.00140380859375,20.870587878757053,-0.00032767210440296266,79.21961975097656,21.877307891845703,1.0862799882888794,20.033874242179564,-6.526814337953528,0.1842212143055022,519.6196332059405,356.60222947964274,20.033874242179564,1
8802,8802,161,default,48000,20.0,30,4775,13,18,334,0.006072998046875,20.845086171076847,-0.00032769135969619337,79.2195816040039,21.87730598449707,1.0862799882888794,20.033836182991067,-6.5268161393024275,0.1842185529478746,519.6193712898024,356.60227211083685,20.033836182991067,1
8803,8803,162,default,48000,20.0,30,4771,12,18,329,0.000453948974609375,20.841542561848957,-0.00032747373916208744,79.21955108642578,21.87730598449707,1.0862799882888794,20.033805739869635,-6.5268160545085525,0.18421642415751815,519.619189924841,356.6023062111713,20.033805739869635,1
8804,8804,163,default,48000,20.0,30,4771,8,14,324,0.003269195556640625,20.910550117492676,-0.0003279326956544537,79.21951293945312,21.87730598449707,1.0862799882888794,20.033767685967845,-6.526815948516209,0.1842137631695726,519.6189632178639,356.6023488367351,20.033767685967845,1
8805,8805,164,default,48000,20.0,30,4775,10,18,308,0.004425048828125,20.90940456390381,-0.00032779227185528723,79.219482421875,21.87730598449707,1.0862798690795898,20.033737251162037,-6.526815863722334,0.18421151546031123,519.6187819016301,356.6023851320647,20.033737251162037,1
8806,8806,165,default,48000,20.0,30,4772,6,11,299,0.001277923583984375,20.87891419728597,-0.0003275707082745309,79.21944427490234,21.87730598449707,1.0862798690795898,20.033699197260248,-6.52681575772999,0.18420885447236568,519.618555193103,356.60242775792415,20.033699197260248,1
8807,8807,166,default,48000,20.0,30,4780,8,11,320,0.00334930419921875,20.900080680847168,-0.0003273630536568817,79.21941375732422,21.87730598449707,1.0862798690795898,20.033668754138816,-6.526815672936115,0.18420672568200924,519.6183738256611,356.60246185872825,20.033668754138816,1
8808,8808,167,default,48000,20.0,30,4775,8,10,326,0.002498626708984375,20.88511347770691,-0.0003277124560554512,79.21937561035156,21.87730598449707,1.0862799882888794,20.033630691921402,-6.526815566943771,0.18420418361296864,519.6181470656153,356.6025022901056,20.033630691921402,1
8809,8809,168,default,48000,20.0,30,4769,14,19,339,0.0006465911865234375,20.91075188773019,-0.0003280643307204757,79.2193374633789,21.87730598449707,1.0862799882888794,20.033592638019613,-6.526815460951427,0.1842015226250231,519.6179203546765,356.6025449164143,20.033592638019613,1
8810,8810,169,default,48000,20.0,30,4779,12,15,316,0.0029888153076171875,20.92294756571452,-0.00032779043006788317,79.21930694580078,21.87730598449707,1.0862799882888794,20.03356219489818,-6.526815376157552,0.18419939383466666,519.6177389853053,356.6025790175778,20.03356219489818,1
8811,8811,170,default,48000,20.0,30,4774,8,12,319,0.001983642578125,20.892154693603516,-0.0003279312149970792,79.21926879882812,21.87730598449707,1.0862799882888794,20.03352414099639,-6.5268152701652085,0.1841967328467211,519.6175122728162,356.602621644178,20.03352414099639,1
8812,8812,171,default,48000,20.0,30,4778,8,12,326,0.000240325927734375,20.89701271057129,-0.00032776410080259666,79.21923828125,21.87730598449707,1.0862799882888794,20.03349369787496,-6.526815185371333,0.18419460405636467,519.6173309022047,356.60265574557474,20.03349369787496,1
8813,8813,172,default,48000,20.0,30,4776,11,15,343,0.002162933349609375,20.835704803466797,-0.000327769066312943,79.21920013427734,21.87730598449707,1.0862798690795898,20.033455652288794,-6.52681507937899,0.18419182414951418,519.6171042381345,356.60270056725915,20.033455652288794,1
8814,8814,173,default,48000,20.0,30,4785,12,17,335,0.0002269744873046875,20.91248305638631,-0.0003275720058203054,79.21916961669922,21.87730598449707,1.0862798690795898,20.033425209167362,-6.526814994585115,0.18418969535915775,519.616922866283,356.60273466889237,20.033425209167362,1
8815,8815,174,default,48000,20.0,30,4778,5,7,326,0.0002651214599609375,20.84433937072754,-0.00032761324546299876,79.21913146972656,21.87730598449707,1.0862798690795898,20.033387155265572,-6.526814888592771,0.1841870343712122,519.6166961506933,356.6027772960797,20.033387155265572,1
8816,8816,175,default,48000,20.0,30,4775,5,9,327,0.0001049041748046875,20.940802764892577,-0.00032791096600703895,79.21910095214844,21.87730598449707,1.0862799882888794,20.033356703828517,-6.526814803798896,0.1841850244997607,519.6165147276316,356.60280920314267,20.033356703828517,1
8817,8817,176,default,48000,20.0,30,4766,14,18,339,0.0028591156005859375,20.92503752027239,-0.0003274483128084934,79.21906280517578,21.87730598449707,1.0862799882888794,20.033318649926727,-6.526814697806552,0.18418236351181516,519.6162880104915,356.60285183061734,20.033318649926727,1
8818,8818,177,default,48000,20.0,30,4777,10,15,315,8.96453857421875e-05,20.90545768737793,-0.0003275804978329688,79.21903228759766,21.87730598449707,1.0862799882888794,20.033288206805295,-6.526814613012677,0.18418023472145872,519.6161066361592,356.60288593271366,20.033288206805295,1
8819,8819,178,default,48000,20.0,30,4776,11,15,335,0.0004730224609375,20.898449637673117,-0.0003276933804789389,79.218994140625,21.87730598449707,1.0862799882888794,20.033250152903506,-6.526814507020333,0.18417757373351318,519.6158799174686,356.6029285604799,20.033250152903506,1
8820,8820,179,default,48000,20.0,30,4774,10,13,330,0.0003662109375,20.889655685424806,-0.0003275008260970935,79.21896362304688,21.87730598449707,1.0862799882888794,20.033219709782074,-6.526814422226458,0.18417544494315674,519.6156985418961,356.6029626628094,20.033219709782074,1
8821,8821,180,default,48000,20.0,30,4775,6,10,320,0.000614166259765625,20.888901710510254,-0.0003275174288622414,79.21892547607422,21.87730598449707,1.0862798690795898,20.033181664195908,-6.526814316234114,0.18417266503630625,519.6154718716259,356.60300748568966,20.033181664195908,1
8822,8822,181,default,48000,20.0,30,4783,7,10,330,0.000354766845703125,20.904001780918666,-0.0003275534379229482,79.2188949584961,21.87730598449707,1.0862798690795898,20.033151221074476,-6.526814231440239,0.1841705362459498,519.6152904948132,356.60304158825573,20.033151221074476,1
8823,8823,182,default,48000,20.0,30,4773,8,13,300,0.0007781982421875,20.962193727493286,-0.00032774168721516617,79.21885681152344,21.87730598449707,1.0862798690795898,20.033113167172687,-6.5268141254478955,0.18416787525800427,519.615063773022,356.60308421660903,20.033113167172687,1
8824,8824,183,default,48000,20.0,30,4772,11,17,325,0.0017910003662109375,20.89812660217285,-0.0003275655802677978,79.21882629394531,21.87730598449707,1.0862799882888794,20.03308271573563,-6.5268140406540205,0.18416586538655277,519.6148823449978,356.60311612457497,20.03308271573563,1
8825,8825,184,default,48000,20.0,30,4772,11,13,311,0.0015506744384765625,20.891169808127664,-0.0003276531563394449,79.21878814697266,21.87730598449707,1.0862799882888794,20.03304466183384,-6.526813934661677,0.18416320439860723,519.614655621656,356.60315875321567,20.03304466183384,1
8826,8826,185,default,48000,20.0,30,4778,8,13,309,0.0026187896728515625,20.919185876846313,-0.00032768135133665055,79.21875762939453,21.87730598449707,1.0862799882888794,20.03301421871241,-6.526813849867802,0.1841610756082508,519.6144742423625,356.6031928562448,20.03301421871241,1
8827,8827,186,default,48000,20.0,30,4777,17,19,361,0.0001354217529296875,20.94633674621582,-0.0003280609911170733,79.21871948242188,21.87730598449707,1.0862799882888794,20.03297616481062,-6.526813743875458,0.18415841462030524,519.6142475174703,356.603235485177,20.03297616481062,1
8828,8828,187,default,48000,20.0,30,4780,9,10,341,0.008665084838867188,20.86046642727322,-0.0003276732006472432,79.21868896484375,21.87730598449707,1.0862799882888794,20.032945721689188,-6.526813659081583,0.1841562858299488,519.6140661369363,356.6032695884394,20.032945721689188,1
8829,8829,188,default,48000,20.0,30,4778,5,8,294,0.00160980224609375,20.91347885131836,-0.0003275170223787427,79.2186508178711,21.87730598449707,1.0862798690795898,20.032907676103022,-6.526813553089239,0.18415350592309832,519.6138394604658,356.6033144125156,20.032907676103022,1
8830,8830,189,default,48000,20.0,30,4773,12,20,308,0.0013904571533203125,20.908213297526043,-0.0003278075115910421,79.21861267089844,21.87730598449707,1.0862798690795898,20.032869622201233,-6.526813447096895,0.18415084493515277,519.613612733162,356.6033570419054,20.032869622201233,1
8831,8831,190,default,48000,20.0,30,4773,5,10,292,0.0011463165283203125,20.92842330932617,-0.00032762097544036806,79.21858215332031,21.87730598449707,1.0862798690795898,20.0328391790798,-6.52681336230302,0.18414871614479633,519.6134313506988,356.60339114553386,20.0328391790798,1
8832,8832,191,default,48000,20.0,30,4774,15,18,346,0.0035686492919921875,20.91399243672689,-0.0003277090552728623,79.21854400634766,21.87730598449707,1.0862799882888794,20.032801116862387,-6.526813256310676,0.18414617407575573,519.6132045718718,356.6034315803511,20.032801116862387,1
8833,8833,192,default,48000,20.0,30,4771,5,10,352,0.00112152099609375,20.990241622924806,-0.0003282046585809439,79.21851348876953,21.87730598449707,1.0862799882888794,20.032770673740956,-6.526813171516801,0.1841440452853993,519.6130231881682,356.6034656842095,20.032770673740956,1
8834,8834,193,default,48000,20.0,30,4773,12,16,336,0.000995635986328125,20.988088130950928,-0.00032781360641820356,79.21847534179688,21.87730598449707,1.0862799882888794,20.032732619839166,-6.526813065524458,0.18414138429745375,519.6127964577632,356.6035083141782,20.032732619839166,1
8835,8835,194,default,48000,20.0,30,4769,6,10,330,0.0038852691650390625,20.955570538838703,-0.0003281125439874207,79.21844482421875,21.87730598449707,1.0862799882888794,20.032702176717734,-6.526812980730583,0.1841392555070973,519.612615072819,356.6035424182698,20.032702176717734,1
8836,8836,195,default,48000,20.0,30,4776,9,14,305,0.0007534027099609375,21.014744228786892,-0.0003281410156180047,79.2184066772461,21.87730598449707,1.0862799882888794,20.032664122815945,-6.526812874738239,0.18413659451915176,519.6123883408636,356.6035850485301,20.032664122815945,1
8837,8837,196,default,48000,20.0,30,4771,6,10,315,0.0029506683349609375,20.968922932942707,-0.00032806249510031193,79.21837615966797,21.87730598449707,1.0862798690795898,20.032633688010137,-6.526812789944364,0.18413434680989038,519.6122070046524,356.60362134773726,20.032633688010137,1
8838,8838,197,default,48000,20.0,30,4783,10,13,326,0.0028743743896484375,20.95087776184082,-0.0003279178956290707,79.21833801269531,21.87730598449707,1.0862798690795898,20.032595634108347,-6.52681268395202,0.18413168582194483,519.6119802711466,356.6036639782932,20.032595634108347,1
8839,8839,198,default,48000,20.0,30,4779,4,10,305,0.00054168701171875,20.84896183013916,-0.00032757388544268906,79.21830749511719,21.87730598449707,1.0862798690795898,20.032565190986915,-6.526812599158145,0.1841295570315884,519.6117988837218,356.6036980828545,20.032565190986915,1
8840,8840,199,default,48000,20.0,30,4770,8,13,327,0.0002288818359375,20.854212760925293,-0.00032767462107585743,79.21826934814453,21.87730598449707,1.0862799882888794,20.0325271287695,-6.526812493165801,0.1841270149625478,519.6115720986916,356.603738518808,20.0325271287695,1
8841,8841,200,default,48000,20.0,30,4767,10,16,334,5.340576171875e-05,20.90537281036377,-0.00032777845626696944,79.2182388305664,21.87730598449707,1.0862799882888794,20.03249668564807,-6.526812408371926,0.18412488617219136,519.6113907100262,356.60377262359924,20.03249668564807,1
8842,8842,201,default,48000,20.0,30,4776,10,14,308,0.000606536865234375,20.882739639282228,-0.0003278215357568115,79.21820068359375,21.87730598449707,1.0862799882888794,20.03245863174628,-6.526812302379582,0.1841222251842458,519.611163973419,356.6038152547341,20.03245863174628,1
8843,8843,202,default,48000,20.0,30,4772,13,18,345,0.0005664825439453125,20.941499710083008,-0.0003275634685101417,79.21817016601562,21.877304077148438,1.0862799882888794,20.03242818333814,-6.5268141249269505,0.18412009602420643,519.6109473702578,356.60384936568124,20.03242818333814,1
8844,8844,203,default,48000,20.0,30,4773,8,14,355,0.008098602294921875,20.949758291244507,-0.000328058213199256,79.21813201904297,21.877304077148438,1.0862799882888794,20.03239012943635,-6.526814018934607,0.18411743503626088,519.6107206320332,356.6038919971076,20.03239012943635,1
8845,8845,204,default,48000,20.0,30,4780,10,16,339,0.0007419586181640625,20.895178031921386,-0.00032756243599578737,79.21810150146484,21.877304077148438,1.0862798690795898,20.032359694630543,-6.526813934140732,0.1841151873269995,519.6105392908082,356.60392829727766,20.032359694630543,1
8846,8846,205,default,48000,20.0,30,4776,7,10,325,0.00174713134765625,20.891929081508092,-0.00032752008493324477,79.21806335449219,21.877304077148438,1.0862798690795898,20.032321640728753,-6.526813828148388,0.18411252633905395,519.6103125510332,356.60397092899973,20.032321640728753,1
8847,8847,206,default,48000,20.0,30,4773,9,12,317,0.0025234222412109375,20.944279352823894,-0.0003277123808705558,79.21803283691406,21.877304077148438,1.0862798690795898,20.03229119760732,-6.526813743354513,0.1841103975486975,519.6101311585929,356.60400503449404,20.03229119760732,1
8848,8848,207,default,48000,20.0,30,4770,11,21,316,0.005168914794921875,20.87320223721591,-0.0003275833944578401,79.2179946899414,21.877304077148438,1.0862799882888794,20.032253135389908,-6.526813637362169,0.1841078554796569,519.6099043672921,356.6040454715838,20.032253135389908,1
8849,8849,208,default,48000,20.0,30,4775,13,14,294,0.000499725341796875,20.96645135145921,-0.00032798467481580493,79.21796417236328,21.877304077148438,1.0862799882888794,20.032222692268476,-6.526813552568294,0.18410572668930048,519.6097229736112,356.604079577308,20.032222692268476,1
8850,8850,209,default,48000,20.0,30,4761,6,10,295,0.00030517578125,20.85372320810954,-0.00032765811677866924,79.21792602539062,21.877304077148438,1.0862799882888794,20.032184638366687,-6.52681344657595,0.18410306570135493,519.6094962307349,356.60412220960905,20.032184638366687,1
8851,8851,210,default,48000,20.0,30,4773,7,11,323,0.0011539459228515625,20.869231632777623,-0.00032768350294125933,79.21788787841797,21.877304077148438,1.0862799882888794,20.032146584464897,-6.526813340583606,0.18410040471340938,519.6092694869969,356.60416484207207,20.032146584464897,1
8852,8852,211,default,48000,20.0,30,4772,9,18,332,0.003414154052734375,20.880746417575413,-0.0003273598041333672,79.21785736083984,21.877304077148438,1.0862799882888794,20.032116141343465,-6.526813255789731,0.18409827592305295,519.6090880913864,356.6041989481591,20.032116141343465,1
8853,8853,212,default,48000,20.0,30,4770,12,23,332,0.002742767333984375,20.928462823232014,-0.0003278672957094386,79.21781921386719,21.877304077148438,1.0862798690795898,20.0320780957573,-6.526813149797388,0.18409549601620245,519.6088613960742,356.6042437758567,20.0320780957573,1
8854,8854,213,default,48000,20.0,30,4773,6,8,361,0.0033702850341796875,20.862722396850586,-0.000327572308985206,79.21778869628906,21.877304077148438,1.0862798690795898,20.032047652635868,-6.5268130650035125,0.18409336722584602,519.6086799992232,356.60427788218027,20.032047652635868,1
8855,8855,214,default,48000,20.0,30,4769,10,14,330,0.0019207000732421875,20.870578384399415,-0.00032762016635388134,79.2177505493164,21.877304077148438,1.0862798690795898,20.032009598734078,-6.526812959011169,0.18409070623790047,519.6084532523844,356.60432051523054,20.032009598734078,1
8856,8856,215,default,48000,20.0,30,4769,15,17,319,0.0005035400390625,20.93774871826172,-0.0003278051328379661,79.21772003173828,21.877304077148438,1.0862799882888794,20.031979147297022,-6.526812874217294,0.18408869636644898,519.6082718043161,356.6043524268336,20.031979147297022,1
8857,8857,216,default,48000,20.0,30,4781,13,15,336,0.0024585723876953125,20.850279587965744,-0.00032768893064572837,79.21768188476562,21.877304077148438,1.0862799882888794,20.031941093395233,-6.52681276822495,0.18408603537850343,519.6080450559264,356.60439506017127,20.031941093395233,1
8858,8858,217,default,48000,20.0,30,4776,6,13,300,0.000492095947265625,20.820483843485516,-0.000327691130223684,79.2176513671875,21.877304077148438,1.0862799882888794,20.0319106502738,-6.526812683431075,0.184083906588147,519.6078636565943,356.604429166958,20.0319106502738,1
8859,8859,218,default,48000,20.0,30,4775,9,12,311,0.003582000732421875,20.93311055501302,-0.00032795899379481043,79.21761322021484,21.877304077148438,1.0862799882888794,20.03187259637201,-6.526812577438731,0.18408124560020145,519.6076369066537,356.60447180058725,20.03187259637201,1
8860,8860,219,default,48000,20.0,30,4762,6,8,324,0.0017852783203125,20.873973210652668,-0.0003275416869049271,79.21758270263672,21.877304077148438,1.0862799882888794,20.03184215325058,-6.526812492644856,0.184079116809845,519.607455506081,356.6045059076073,20.03184215325058,1
8861,8861,220,default,48000,20.0,30,4773,12,20,356,0.0017604827880859375,20.92114718755086,-0.000327693902363535,79.21754455566406,21.877304077148438,1.0862798690795898,20.031804107664414,-6.526812386652512,0.18407633690299452,519.6072288045674,356.604550736501,20.031804107664414,1
8862,8862,221,default,48000,20.0,30,4773,9,13,358,0.00478363037109375,20.85184817843967,-0.0003276669400899361,79.21751403808594,21.877304077148438,1.0862798690795898,20.031773664542982,-6.526812301858637,0.18407420811263808,519.6070474027543,356.60458484375755,20.031773664542982,1
8863,8863,222,default,48000,20.0,30,4778,10,13,312,0.000553131103515625,20.851516342163087,-0.00032780348556116223,79.21747589111328,21.877304077148438,1.0862798690795898,20.031735610641192,-6.5268121958662935,0.18407154712469254,519.6068206497125,356.6046274779741,20.031735610641192,1
8864,8864,223,default,48000,20.0,30,4765,7,13,362,0.0067920684814453125,20.830865587506974,-0.0003274190447492791,79.21744537353516,21.877304077148438,1.0862799882888794,20.031705159204137,-6.526812111072418,0.18406953725324104,519.6066391966808,356.60465939048026,20.031705159204137,1
8865,8865,224,default,48000,20.0,30,4768,6,12,349,0.0011768341064453125,20.93486754099528,-0.00032744260776477557,79.2174072265625,21.877304077148438,1.0862799882888794,20.031667105302347,-6.526812005080075,0.1840668762652955,519.6064124420882,356.6047020249842,20.031667105302347,1
8866,8866,225,default,48000,20.0,30,4772,5,8,341,0.001567840576171875,20.85706024169922,-0.0003278009535279125,79.21737670898438,21.877304077148438,1.0862799882888794,20.031636662180915,-6.5268119202862,0.18406474747493906,519.6062310377938,356.604736132704,20.031636662180915,1
8867,8867,226,default,48000,20.0,30,4779,10,12,318,0.0005588531494140625,20.864097595214844,-0.0003274595539551228,79.21733856201172,21.877304077148438,1.0862799882888794,20.031598608279126,-6.526811814293856,0.18406208648699351,519.6060042816503,356.6047787674995,20.031598608279126,1
8868,8868,227,default,48000,20.0,30,4761,10,14,313,0.002872467041015625,20.95476665496826,-0.0003278552903793752,79.2173080444336,21.877304077148438,1.0862799882888794,20.031568165157694,-6.526811729499981,0.18405995769663708,519.6058228761153,356.6048128754525,20.031568165157694,1
8869,8869,228,default,48000,20.0,30,4771,9,14,325,0.001434326171875,20.949710210164387,-0.00032792894894050225,79.21726989746094,21.877304077148438,1.0862798690795898,20.031530119571528,-6.526811623507637,0.18405717778978659,519.6055961684,356.60485770554243,20.031530119571528,1
8870,8870,229,default,48000,20.0,30,4768,11,18,352,0.0003147125244140625,20.865354364568535,-0.00032754626326178283,79.21723937988281,21.877304077148438,1.0862798690795898,20.031499676450096,-6.526811538713762,0.18405504899943015,519.6054147616245,356.604891813732,20.031499676450096,1
8871,8871,230,default,48000,20.0,30,4772,13,17,328,0.002277374267578125,20.88912186255822,-0.0003275444502763164,79.21720123291016,21.877304077148438,1.0862798690795898,20.031461622548306,-6.526811432721418,0.1840523880114846,519.6051880023797,356.60493444911486,20.031461622548306,1
8872,8872,231,default,48000,20.0,30,4769,10,14,314,0.0010700225830078125,20.87854709625244,-0.00032762853952590377,79.2171630859375,21.877304077148438,1.0862799882888794,20.031423560330893,-6.526811326729074,0.184049845942444,519.6049611922939,356.6049748896453,20.031423560330893,1
8873,8873,232,default,48000,20.0,30,4774,7,10,308,0.0020351409912109375,20.9287599836077,-0.0003269249656503754,79.21713256835938,21.877304077148438,1.0862799882888794,20.03139311720946,-6.526811241935199,0.18404771715208756,519.6047797835884,356.6050089981944,20.03139311720946,1
8874,8874,233,default,48000,20.0,30,4779,13,16,354,0.00289154052734375,20.924332985511192,-0.0003278631551298671,79.21709442138672,21.877304077148438,1.0862799882888794,20.03135506330767,-6.526811135942856,0.18404505616414202,519.604553021931,356.60505163402667,20.03135506330767,1
8875,8875,234,default,48000,20.0,30,4767,15,22,318,0.0013027191162109375,20.887141291300455,-0.00032777673720071714,79.2170639038086,21.877304077148438,1.0862799882888794,20.03132462018624,-6.5268110511489805,0.18404292737378558,519.6043716119849,356.6050857428091,20.03132462018624,1
8876,8876,235,default,48000,20.0,30,4773,15,20,318,0.012922286987304688,20.86878801981608,-0.00032763635584463676,79.21702575683594,21.877304077148438,1.0862799882888794,20.03128656628445,-6.526810945156637,0.18404026638584003,519.6041448487767,356.60512837893293,20.03128656628445,1
8877,8877,236,default,48000,20.0,30,4770,12,16,330,0.000972747802734375,20.931283950805664,-0.0003279303273302503,79.21699523925781,21.877304077148438,1.0862798690795898,20.031256131478642,-6.526810860362762,0.18403801867657865,519.6039634875701,356.6051646829813,20.031256131478642,1
8878,8878,237,default,48000,20.0,30,4768,6,15,330,0.0026340484619140625,20.926954587300617,-0.00032791742220676195,79.21695709228516,21.877304077148438,1.0862798690795898,20.031218077576852,-6.526810754370418,0.1840353576886331,519.6037367228113,356.6052073194009,20.031218077576852,1
8879,8879,238,default,48000,20.0,30,4764,12,17,383,2.288818359375e-05,20.926410992940266,-0.00032776010387654725,79.21692657470703,21.877304077148438,1.0862798690795898,20.03118763445542,-6.526810669576543,0.18403322889827667,519.603555310384,356.6052414286532,20.03118763445542,1
8880,8880,239,default,48000,20.0,30,4764,12,16,324,0.00092315673828125,20.9627521832784,-0.0003277590367360972,79.21688842773438,21.877304077148438,1.0862799882888794,20.031149572238007,-6.526810563584199,0.18403068682923607,519.6033284940934,356.60528187032,20.031149572238007,1
8881,8881,240,default,48000,20.0,30,4770,13,19,312,0.0006809234619140625,20.94996276268592,-0.0003276469271021107,79.21685791015625,21.877304077148438,1.0862799882888794,20.031119129116576,-6.526810478790324,0.18402855803887963,519.6031470804252,356.6053159798023,20.031119129116576,1
8882,8882,241,default,48000,20.0,30,4779,12,15,338,0.0004405975341796875,20.92222277323405,-0.000327659831479347,79.2168197631836,21.877304077148438,1.0862799882888794,20.031081075214786,-6.52681037279798,0.18402589705093408,519.6029203125645,356.6053586168009,20.031081075214786,1
8883,8883,242,default,48000,20.0,30,4775,6,9,338,0.0018157958984375,20.89547125498454,-0.00032752482608581585,79.21678924560547,21.877302169799805,1.0862799882888794,20.031050626806653,-6.526812195345348,0.18402376789089558,519.6027036819764,356.6053927324399,20.031050626806653,1
8884,8884,243,default,48000,20.0,30,4776,10,14,343,0.0015697479248046875,20.969195747375487,-0.000327870759065263,79.21675109863281,21.877302169799805,1.0862799882888794,20.031012572904864,-6.526812089353005,0.18402110690295004,519.6024769124979,356.6054353697301,20.031012572904864,1
8885,8885,244,default,48000,20.0,30,4776,7,13,315,0.0012836456298828125,20.916506903512136,-0.00032754849027177054,79.21672058105469,21.877302169799805,1.0862798690795898,20.030982138099056,-6.52681200455913,0.18401885919368866,519.6022955462763,356.6054716747415,20.030982138099056,1
8886,8886,245,default,48000,20.0,30,4773,12,16,357,1.1444091796875e-05,20.92938248316447,-0.0003277183156266498,79.21668243408203,21.877302169799805,1.0862798690795898,20.030944084197266,-6.526811898566786,0.1840161982057431,519.602068775247,356.6055143123275,20.030944084197266,1
8887,8887,246,default,48000,20.0,30,4780,7,11,349,0.004756927490234375,20.91345977783203,-0.0003277823935994612,79.2166519165039,21.877302169799805,1.0862798690795898,20.030913641075834,-6.526811813772911,0.18401406941538667,519.6018873578032,356.6055484225129,20.030913641075834,1
8888,8888,247,default,48000,20.0,30,4765,8,13,324,0.0009212493896484375,20.884453535079956,-0.00032784110590000637,79.21661376953125,21.877302169799805,1.0862799882888794,20.03087557885842,-6.526811707780567,0.18401152734634607,519.6016605352407,356.6055888653163,20.03087557885842,1
8889,8889,248,default,48000,20.0,30,4770,14,18,314,0.0021381378173828125,20.89522389003209,-0.0003279575799492055,79.21658325195312,21.877302169799805,1.0862799882888794,20.03084513573699,-6.526811622986692,0.18400939855598963,519.6014791165561,356.6056229757317,20.03084513573699,1
8890,8890,249,default,48000,20.0,30,4772,9,15,327,1.52587890625e-05,20.905735863579643,-0.0003274847727475895,79.21654510498047,21.877302169799805,1.0862799882888794,20.0308070818352,-6.526811516994348,0.1840067375680441,519.6012523424247,356.60566561389675,20.0308070818352,1
8891,8891,250,default,48000,20.0,30,4766,7,11,308,0.0030364990234375,20.817681176321848,-0.00032763322399530025,79.21651458740234,21.877302169799805,1.0862799882888794,20.030776638713768,-6.526811432200473,0.18400460877768765,519.6010709224993,356.60569972454545,20.030776638713768,1
8892,8892,251,default,48000,20.0,30,4771,4,8,312,0.007328033447265625,20.812596321105957,-0.00032756776636233553,79.21647644042969,21.877302169799805,1.0862799882888794,20.030738584811978,-6.526811326208129,0.1840019477897421,519.6008441468169,356.6057423630021,20.030738584811978,1
8893,8893,252,default,48000,20.0,30,4777,7,13,334,0.000385284423828125,20.88576180594308,-0.0003277999847861273,79.21643829345703,21.877302169799805,1.0862798690795898,20.030700539225812,-6.5268112202157855,0.1839991678828916,519.6006174202561,356.60578719671406,20.030700539225812,1
8894,8894,253,default,48000,20.0,30,4773,14,15,344,0.0001850128173828125,20.859012058803014,-0.00032781672780402005,79.2164077758789,21.877302169799805,1.0862798690795898,20.03067009610438,-6.5268111354219105,0.18399703909253518,519.6004359984007,356.60582130772895,20.03067009610438,1
8895,8895,254,default,48000,20.0,30,4770,13,16,303,0.0015659332275390625,20.904083838829628,-0.0003277195232490507,79.21636962890625,21.877302169799805,1.0862798690795898,20.03063204220259,-6.526811029429567,0.18399437810458963,519.6002092203059,356.6058639466434,20.03063204220259,1
8896,8896,255,default,48000,20.0,30,4771,5,9,314,0.00543975830078125,20.853923797607422,-0.00032824165537022055,79.21633911132812,21.877302169799805,1.0862799882888794,20.030601590765535,-6.526810944635692,0.18399236823313814,519.6000277472262,356.60589586278746,20.030601590765535,1
8897,8897,256,default,48000,20.0,30,4774,6,8,329,0.003971099853515625,20.90204429626465,-0.0003278341464465484,79.21630096435547,21.877302169799805,1.0862799882888794,20.030563536863745,-6.526810838643348,0.1839897072451926,519.5998009675803,356.6059385019894,20.030563536863745,1
8898,8898,257,default,48000,20.0,30,4785,9,13,336,0.0019626617431640625,20.956715053982204,-0.0003278667443535394,79.21627044677734,21.877302169799805,1.0862799882888794,20.030533093742314,-6.526810753849473,0.18398757845483615,519.5996195432432,356.60597261346754,20.030533093742314,1
8899,8899,258,default,48000,20.0,30,4770,9,12,329,0.000762939453125,20.881778928968643,-0.00032767541577211686,79.21623229980469,21.877302169799805,1.0862799882888794,20.030495039840524,-6.526810647857129,0.1839849174668906,519.5993927620463,356.6060152529611,20.030495039840524,1
8900,8900,259,default,48000,20.0,30,4775,10,12,328,0.0025501251220703125,20.846856689453126,-0.0003278571617556736,79.21620178222656,21.877302169799805,1.0862799882888794,20.030464596719092,-6.526810563063254,0.18398278867653417,519.5992113364683,356.6060493646725,20.030464596719092,1
8901,8901,260,default,48000,20.0,30,4778,9,10,309,0.0044956207275390625,20.884864171346027,-0.0003276484494563192,79.2161636352539,21.877302169799805,1.0862798690795898,20.030426551132926,-6.52681045707091,0.18398000876968368,519.5989846037048,356.60609419958087,20.030426551132926,1
8902,8902,261,default,48000,20.0,30,4776,9,12,314,0.001251220703125,20.80444484286838,-0.0003275225624545581,79.21613311767578,21.877302169799805,1.0862798690795898,20.030396108011495,-6.526810372277035,0.18397787997932724,519.5988031768861,356.60612831152895,20.030396108011495,1
8903,8903,262,default,48000,20.0,30,4780,6,12,325,0.0021533966064453125,20.852227528889973,-0.00032748174271546304,79.21609497070312,21.877302169799805,1.0862798690795898,20.030358054109705,-6.526810266284691,0.1839752189913817,519.5985763925873,356.6061709516099,20.030358054109705,1
8904,8904,263,default,48000,20.0,30,4775,8,11,344,0.00012969970703125,20.932406663894653,-0.00032783652932266705,79.216064453125,21.877302169799805,1.0862799882888794,20.03032760267265,-6.526810181490816,0.1839732091199302,519.598394914543,356.60620286865725,20.03032760267265,1
8905,8905,264,default,48000,20.0,30,4769,9,16,322,0.000507354736328125,20.939435111151802,-0.00032786210714321997,79.21602630615234,21.877302169799805,1.0862799882888794,20.03028954877086,-6.526810075498473,0.18397054813198466,519.5981681286929,356.60624550902565,20.03028954877086,1
8906,8906,265,default,48000,20.0,30,4773,6,16,342,0.00034332275390625,20.842864354451496,-0.0003274005769829576,79.21599578857422,21.877302169799805,1.0862799882888794,20.030259105649428,-6.5268099907045976,0.18396841934162822,519.5979866993925,356.60627962143707,20.030259105649428,1
8907,8907,266,default,48000,20.0,30,4776,9,13,336,0.00035858154296875,20.877694023980034,-0.0003275912507281949,79.21595764160156,21.877302169799805,1.0862799882888794,20.03022105174764,-6.526809884712254,0.18396575835368267,519.5977599119914,356.6063222620971,20.03022105174764,1
8908,8908,267,default,48000,20.0,30,4783,6,10,325,0.000667572021484375,20.84134864807129,-0.0003277860232628882,79.21592712402344,21.877302169799805,1.0862799882888794,20.030190608626206,-6.526809799918379,0.18396362956332624,519.59757848145,356.6063563747418,20.030190608626206,1
8909,8909,268,default,48000,20.0,30,4775,5,8,330,0.0052661895751953125,20.838809967041016,-0.00032783662318252026,79.21588897705078,21.877302169799805,1.0862798690795898,20.03015256304004,-6.526809693926035,0.18396084965647574,519.5973517424836,356.6064012108465,20.03015256304004,1
8910,8910,269,default,48000,20.0,30,4771,8,10,304,0.0045299530029296875,20.902555465698242,-0.00032763691706350073,79.21585845947266,21.877302169799805,1.0862798690795898,20.03012211991861,-6.52680960913216,0.1839587208661193,519.5971703107016,356.60643532372785,20.03012211991861,1
8911,8911,270,default,48000,20.0,30,4774,10,15,313,0.001865386962890625,20.8316951751709,-0.0003274973365478218,79.2158203125,21.877302169799805,1.0862798690795898,20.03008406601682,-6.526809503139816,0.18395605987817376,519.5969435201985,356.6064779649753,20.03008406601682,1
8912,8912,271,default,48000,20.0,30,4774,11,16,338,0.000392913818359375,20.874239661476828,-0.00032748067381114447,79.21578979492188,21.877302169799805,1.0862799882888794,20.030053614579764,-6.526809418345941,0.18395405000672227,519.5967620371893,356.60650988292605,20.030053614579764,1
8913,8913,272,default,48000,20.0,30,4770,10,13,320,0.003833770751953125,20.889605903625487,-0.000327454213402234,79.21575164794922,21.877302169799805,1.0862799882888794,20.030015560677974,-6.526809312353597,0.18395138901877672,519.5965352451348,356.606552524461,20.030015560677974,1
8914,8914,273,default,48000,20.0,30,4771,8,11,319,0.005706787109375,20.91525912284851,-0.00032775958970887586,79.21571350097656,21.877302169799805,1.0862799882888794,20.029977506776184,-6.5268092063612535,0.18394872803083118,519.5963084522186,356.60659516615794,20.029977506776184,1
8915,8915,274,default,48000,20.0,30,4769,11,16,330,0.00164031982421875,20.9204044342041,-0.0003276338737288659,79.21568298339844,21.877302169799805,1.0862799882888794,20.029947063654753,-6.5268091215673785,0.18394659924047474,519.5961270172652,356.6066292796322,20.029947063654753,1
8916,8916,275,default,48000,20.0,30,4772,11,14,328,0.0027523040771484375,20.845259753140535,-0.00032756283921612936,79.21564483642578,21.877302169799805,1.0862799882888794,20.029909009752963,-6.526809015575035,0.1839439382525292,519.5959002227979,356.60667192162083,20.029909009752963,1
8917,8917,276,default,48000,20.0,30,4773,11,12,328,0.0023937225341796875,20.889494462446734,-0.00032772720971314067,79.21561431884766,21.877302169799805,1.0862798690795898,20.029878574947155,-6.52680893078116,0.1839416905432678,519.5957188365908,356.6067082305114,20.029878574947155,1
8918,8918,277,default,48000,20.0,30,4778,10,14,337,0.00304412841796875,20.878063583374022,-0.0003276722185546532,79.215576171875,21.877302169799805,1.0862798690795898,20.029840521045365,-6.526808824788816,0.18393902955532226,519.5954920405725,356.6067508727958,20.029840521045365,1
8919,8919,278,default,48000,20.0,30,4776,12,16,317,0.000179290771484375,20.898341178894043,-0.0003275803683209233,79.21554565429688,21.877302169799805,1.0862798690795898,20.029810077923933,-6.526808739994941,0.18393690076496583,519.5953106031374,356.60678498674,20.029810077923933,1
8920,8920,279,default,48000,20.0,30,4779,15,24,375,0.00023651123046875,20.88086420694987,-0.00032772242557257416,79.21550750732422,21.877302169799805,1.0862799882888794,20.02977201570652,-6.526808634002597,0.18393435869592523,519.5950837555802,356.6068254341215,20.02977201570652,1
8921,8921,280,default,48000,20.0,30,4779,7,13,318,0.000213623046875,20.892692838396346,-0.000327849989324542,79.2154769897461,21.877302169799805,1.0862799882888794,20.02974157258509,-6.526808549208722,0.1839322299055688,519.594902316904,356.6068595482957,20.02974157258509,1
8922,8922,281,default,48000,20.0,30,4775,9,12,348,0.0002079010009765625,20.91397264268663,-0.00032786683813254867,79.21543884277344,21.877302169799805,1.0862799882888794,20.0297035186833,-6.526808443216378,0.18392956891762324,519.5946755177831,356.6069021911593,20.0297035186833,1
8923,8923,282,default,48000,20.0,30,4777,13,16,330,0.002685546875,20.87365590609037,-0.00032754871286810015,79.21540832519531,21.877302169799805,1.0862799882888794,20.029673075561867,-6.526808358422503,0.1839274401272668,519.594494077866,356.6069363055668,20.029673075561867,1
8924,8924,283,default,48000,20.0,30,4778,8,9,307,0.0004482269287109375,20.899603605270386,-0.0003277230280218646,79.21537017822266,21.877300262451172,1.0862799882888794,20.02963501637337,-6.5268101597714026,0.1839247787696383,519.5942320590236,356.6069789546463,20.02963501637337,1
8925,8925,284,default,48000,20.0,30,4779,12,17,324,0.0042018890380859375,20.909619013468426,-0.0003276183221411581,79.21533966064453,21.877300262451172,1.0862798690795898,20.02960458156756,-6.5268100749775275,0.18392253106037693,519.5940506678004,356.6070152645001,20.02960458156756,1
8926,8926,285,default,48000,20.0,30,4771,7,9,301,0.0024166107177734375,20.886023385184153,-0.00032726575903195353,79.21530151367188,21.877300262451172,1.0862798690795898,20.02956652766577,-6.526809968985184,0.18391987007243138,519.5938238655103,356.6070579079512,20.02956652766577,1
8927,8927,286,default,48000,20.0,30,4768,13,21,313,0.0025463104248046875,20.92924528855544,-0.0003280173494623831,79.21527099609375,21.877300262451172,1.0862798690795898,20.02953608454434,-6.526809884191309,0.18391774128207494,519.5936424230579,356.60709202282874,20.02953608454434,1
8928,8928,287,default,48000,20.0,30,4759,6,10,330,0.003421783447265625,20.87859344482422,-0.00032753269382131595,79.2152328491211,21.877300262451172,1.0862799882888794,20.029498022326926,-6.526809778198965,0.18391519921303434,519.5934155692274,356.6071324713469,20.029498022326926,1
8929,8929,288,default,48000,20.0,30,4779,9,14,314,0.0031681060791015625,20.88541751437717,-0.00032768967988279957,79.21520233154297,21.877300262451172,1.0862799882888794,20.029467579205495,-6.52680969340509,0.1839130704226779,519.5932341255337,356.60716658645447,20.029467579205495,1
8930,8930,289,default,48000,20.0,30,4778,11,16,300,0.0015392303466796875,20.921783273870293,-0.00032787757862189954,79.21516418457031,21.877300262451172,1.0862799882888794,20.029429525303705,-6.526809587412746,0.18391040943473236,519.5930073201409,356.6072092304847,20.029429525303705,1
8931,8931,290,default,48000,20.0,30,4777,6,10,329,0.0025482177734375,20.89420223236084,-0.0003278657144013171,79.21513366699219,21.877300262451172,1.0862799882888794,20.029399082182273,-6.526809502618871,0.18390828064437592,519.5928258752062,356.6072433458256,20.029399082182273,1
8932,8932,291,default,48000,20.0,30,4770,6,9,310,0.00026702880859375,20.904109954833984,-0.00032741121443298954,79.21509552001953,21.877300262451172,1.0862799882888794,20.029361028280483,-6.526809396626527,0.18390561965643037,519.5925990682622,356.60728599014755,20.029361028280483,1
8933,8933,292,default,48000,20.0,30,4769,13,15,317,0.0034542083740234375,20.926469509418194,-0.00032768590160860465,79.2150650024414,21.877300262451172,1.0862798690795898,20.029330593474675,-6.526809311832652,0.183903371947169,519.5924176720764,356.60732230096454,20.029330593474675,1
8934,8934,293,default,48000,20.0,30,4769,9,13,286,0.0047054290771484375,20.856290817260742,-0.0003276135960024678,79.21502685546875,21.877300262451172,1.0862798690795898,20.029292539572886,-6.526809205840308,0.18390071095922345,519.5921908635813,356.60736494558233,20.029292539572886,1
8935,8935,294,default,48000,20.0,30,4775,10,18,337,0.0035343170166015625,20.937399101257324,-0.0003276469826232642,79.2149887084961,21.877300262451172,1.0862798690795898,20.029254485671096,-6.526809099847965,0.1838980499712779,519.5919640542243,356.60740759036213,20.029254485671096,1
8936,8936,295,default,48000,20.0,30,4771,12,17,326,0.000789642333984375,20.959118684132893,-0.0003277382177960438,79.21495819091797,21.877300262451172,1.0862799882888794,20.02922403423404,-6.52680901505409,0.1838960400998264,519.5917825561278,356.6074395110482,20.02922403423404,1
8937,8937,296,default,48000,20.0,30,4768,10,16,303,0.0007839202880859375,20.932226943969727,-0.00032773902057670057,79.21492004394531,21.877300262451172,1.0862799882888794,20.02918598033225,-6.526808909061746,0.18389337911188086,519.5915557452194,356.6074821561155,20.02918598033225,1
8938,8938,297,default,48000,20.0,30,4775,13,17,357,0.0011768341064453125,20.90395912757287,-0.0003272998101937656,79.21488952636719,21.877300262451172,1.0862799882888794,20.02915553721082,-6.526808824267871,0.18389125032152442,519.591374295872,356.60751627228603,20.02915553721082,1
8939,8939,298,default,48000,20.0,30,4772,8,14,318,0.00250244140625,20.915286540985107,-0.00032792352430988103,79.21485137939453,21.877300262451172,1.0862799882888794,20.02911748330903,-6.526808718275527,0.18388858933357888,519.5911474834122,356.60755891764506,20.02911748330903,1
8940,8940,299,default,48000,20.0,30,4766,9,14,300,0.0015716552734375,20.874885982937283,-0.0003275423239554382,79.2148208618164,21.877300262451172,1.0862799882888794,20.029087040187598,-6.526808633481652,0.18388646054322244,519.5909660328239,356.60759303404893,20.029087040187598,1
8941,8941,300,default,48000,20.0,30,4768,5,8,323,0.0065212249755859375,20.89035835266113,-0.0003274628194049001,79.21478271484375,21.877300262451172,1.0862798690795898,20.029048994601432,-6.526808527489308,0.18388368063637195,519.590739268804,356.6076378749732,20.029048994601432,1
8942,8942,301,default,48000,20.0,30,4770,12,15,308,0.0024890899658203125,20.9728520711263,-0.0003279132821868795,79.21475219726562,21.877300262451172,1.0862798690795898,20.02901855148,-6.526808442695433,0.1838815518460155,519.5905578169748,356.6076719916137,20.02901855148,1
8943,8943,302,default,48000,20.0,30,4771,7,9,350,5.7220458984375e-06,20.92168208530971,-0.0003275031756077494,79.21471405029297,21.877300262451172,1.0862798690795898,20.02898049757821,-6.526808336703089,0.18387889085806997,519.5903310014124,356.60771463756026,20.02898049757821,1
8944,8944,303,default,48000,20.0,30,4775,13,15,332,0.001949310302734375,20.93818811269907,-0.0003277727138573447,79.21468353271484,21.877300262451172,1.0862799882888794,20.028950046141155,-6.526808251909214,0.18387688098661847,519.5901494983502,356.6077465591498,20.028950046141155,1
8945,8945,304,default,48000,20.0,30,4778,12,17,322,0.00080108642578125,20.902573108673096,-0.0003275712345687983,79.21464538574219,21.877300262451172,1.0862799882888794,20.028911992239365,-6.5268081459168705,0.18387421999867293,519.5899226812363,356.6077892053839,20.028911992239365,1
8946,8946,305,default,48000,20.0,30,4778,12,20,352,0.001453399658203125,20.90276590983073,-0.0003275299968663603,79.21461486816406,21.877300262451172,1.0862799882888794,20.028881549117934,-6.5268080611229955,0.1838720912083165,519.5897412269246,356.60782332248783,20.028881549117934,1
8947,8947,306,default,48000,20.0,30,4771,6,11,332,0.0012912750244140625,20.876591364542644,-0.0003277266029423724,79.2145767211914,21.877300262451172,1.0862799882888794,20.028843495216144,-6.526807955130652,0.18386943022037094,519.5895144082594,356.6078659690136,20.028843495216144,1
8948,8948,307,default,48000,20.0,30,4775,5,8,339,0.002017974853515625,20.908034896850587,-0.00032782091293483975,79.21454620361328,21.877300262451172,1.0862799882888794,20.028813052094712,-6.526807870336777,0.1838673014300145,519.5893329527066,356.60790008635087,20.028813052094712,1
8949,8949,308,default,48000,20.0,30,4777,6,6,325,0.0018939971923828125,20.926740010579426,-0.0003278485576932629,79.21450805664062,21.877300262451172,1.0862798690795898,20.028775006508546,-6.526807764344433,0.18386452152316402,519.5891061824826,356.6079449284718,20.028775006508546,1
8950,8950,309,default,48000,20.0,30,4766,11,17,335,0.001895904541015625,20.927179856733844,-0.00032797632527283645,79.2144775390625,21.877300262451172,1.0862798690795898,20.028744563387114,-6.526807679550558,0.18386239273280758,519.5889247256888,356.6079790460457,20.028744563387114,1
8951,8951,310,default,48000,20.0,30,4770,10,15,311,0.000522613525390625,20.913765525817873,-0.00032796366722323,79.21443939208984,21.877300262451172,1.0862798690795898,20.028706509485325,-6.526807573558214,0.18385973174486203,519.5886979039209,356.60802169315906,20.028706509485325,1
8952,8952,311,default,48000,20.0,30,4773,8,12,326,0.000377655029296875,20.872929096221924,-0.0003275890376244206,79.21440887451172,21.877300262451172,1.0862799882888794,20.02867605804827,-6.526807488764339,0.18385772187341054,519.5885163958928,356.6080536156521,20.02867605804827,1
8953,8953,312,default,48000,20.0,30,4762,7,10,338,0.0009059906005859375,20.839021682739258,-0.00032757182738610676,79.21437072753906,21.877300262451172,1.0862799882888794,20.02863800414648,-6.526807382771995,0.183855060885465,519.5882895725733,356.608096263053,20.02863800414648,1
8954,8954,313,default,48000,20.0,30,4778,10,19,308,0.006458282470703125,20.8609317779541,-0.00032770422694738954,79.21434020996094,21.877300262451172,1.0862799882888794,20.028607561025048,-6.52680729797812,0.18385293209510856,519.588108113297,356.6081303810904,20.028607561025048,1
8955,8955,314,default,48000,20.0,30,4773,5,9,338,0.00255584716796875,20.83650894165039,-0.00032742719049565493,79.21430206298828,21.877300262451172,1.0862799882888794,20.028569507123258,-6.526807191985776,0.183850271107163,519.587881288426,356.60817302878297,20.028569507123258,1
8956,8956,315,default,48000,20.0,30,4774,9,16,313,0.0008144378662109375,20.90155792236328,-0.0003276202543121245,79.21426391601562,21.877300262451172,1.0862799882888794,20.02853145322147,-6.526807085993433,0.18384761011921746,519.5876544626931,356.6082156766376,20.02853145322147,1
8957,8957,316,default,48000,20.0,30,4783,10,14,316,0.0017242431640625,20.87178268432617,-0.00032773720449768006,79.2142333984375,21.877300262451172,1.0862798690795898,20.02850101841566,-6.526807001199558,0.18384536240995608,519.5874730514802,356.6082519903713,20.02850101841566,1
8958,8958,317,default,48000,20.0,30,4770,7,9,330,0.0020732879638671875,20.88233130318778,-0.0003276603778691164,79.21419525146484,21.877300262451172,1.0862798690795898,20.02846296451387,-6.526806895207214,0.18384270142201053,519.587246224196,356.6082946385218,20.02846296451387,1
8959,8959,318,default,48000,20.0,30,4775,7,8,339,0.00151824951171875,20.87846783229283,-0.00032777183722438555,79.21416473388672,21.877300262451172,1.0862798690795898,20.02843252139244,-6.526806810413339,0.1838405726316541,519.587064761748,356.60832875715886,20.02843252139244,1
8960,8960,319,default,48000,20.0,30,4782,12,15,308,0.0016613006591796875,20.900880654652912,-0.00032757197429115575,79.21412658691406,21.877300262451172,1.0862799882888794,20.028394459175026,-6.526806704420995,0.1838380305626135,519.5868378829177,356.6083692102561,20.028394459175026,1
8961,8961,320,default,48000,20.0,30,4774,7,11,312,0.0006198883056640625,20.842211314610072,-0.00032735704527502615,79.21409606933594,21.877300262451172,1.0862799882888794,20.028364016053594,-6.52680661962712,0.18383590177225706,519.5866564192283,356.60840332912323,20.028364016053594,1
8962,8962,321,default,48000,20.0,30,4779,7,13,330,0.0054798126220703125,20.915385382516043,-0.00032760578739855973,79.21405792236328,21.877300262451172,1.0862799882888794,20.028325962151804,-6.526806513634776,0.1838332407843115,519.5864295888409,356.608445977853,20.028325962151804,1
8963,8963,322,default,48000,20.0,30,4778,6,10,327,0.0005970001220703125,20.94584623972575,-0.0003276159501789759,79.21402740478516,21.877300262451172,1.0862799882888794,20.028295519030372,-6.526806428840901,0.18383111199395508,519.5862481239104,356.6084800969535,20.028295519030372,1
8964,8964,323,default,48000,20.0,30,4773,9,13,355,0.00064849853515625,20.877693600124783,-0.0003277085035935872,79.2139892578125,21.877300262451172,1.0862799882888794,20.028257465128583,-6.526806322848557,0.18382845100600953,519.5860212919714,356.608522745975,20.028257465128583,1
8965,8965,324,default,48000,20.0,30,4766,11,18,323,0.0001220703125,20.84648964621804,-0.00032743181377141315,79.21395874023438,21.87729835510254,1.0862798690795898,20.028227025036067,-6.5268081453959255,0.1838262029270652,519.5858046551467,356.60855906659725,20.028227025036067,1
8966,8966,325,default,48000,20.0,30,4774,12,19,308,0.0028820037841796875,20.869094053904217,-0.00032764969364507124,79.21392059326172,21.87729835510254,1.0862798690795898,20.028188971134277,-6.526808039403582,0.18382354193911965,519.5855778215894,356.60860171591463,20.028188971134277,1
8967,8967,326,default,48000,20.0,30,4770,7,14,353,9.5367431640625e-06,20.900789260864258,-0.00032767924130894244,79.2138900756836,21.87729835510254,1.0862798690795898,20.028158528012845,-6.526807954609707,0.1838214131487632,519.585396354123,356.60863583548525,20.028158528012845,1
8968,8968,327,default,48000,20.0,30,4770,10,13,334,0.0018482208251953125,20.937548828125,-0.0003276422008639202,79.21385192871094,21.87729835510254,1.0862799882888794,20.028120465795432,-6.526807848617363,0.1838188710797226,519.5851694690182,356.6086762897195,20.028120465795432,1
8969,8969,328,default,48000,20.0,30,4776,9,12,299,0.0009174346923828125,20.892870797051323,-0.00032795370983270306,79.21382141113281,21.87729835510254,1.0862799882888794,20.028090022674,-6.526807763823488,0.18381674228936618,519.5849880003102,356.6087104095201,20.028090022674,1
8970,8970,329,default,48000,20.0,30,4776,9,17,336,0.0001678466796875,20.920131259494358,-0.0003279508317872468,79.21378326416016,21.87729835510254,1.0862799882888794,20.02805196877221,-6.526807657831144,0.18381408130142063,519.5847611636497,356.6087530594168,20.02805196877221,1
8971,8971,330,default,48000,20.0,30,4771,8,14,345,0.0001678466796875,20.900053024291992,-0.0003275743110862095,79.21375274658203,21.87729835510254,1.0862799882888794,20.02802152565078,-6.526807573037269,0.1838119525110642,519.5845796937006,356.6087871794508,20.02802152565078,1
8972,8972,331,default,48000,20.0,30,4775,8,13,335,0.001880645751953125,20.943283557891846,-0.00032776927037048154,79.21371459960938,21.87729835510254,1.0862799882888794,20.02798347174899,-6.526807467044925,0.18380929152311865,519.5843528554883,356.60882982963926,20.02798347174899,1
8973,8973,332,default,48000,20.0,30,4767,4,12,314,0.000583648681640625,20.935250282287598,-0.00032749627280281857,79.21368408203125,21.87729835510254,1.0862798690795898,20.02795303694318,-6.52680738225105,0.18380704381385726,519.5841714342946,356.6088661452998,20.02795303694318,1
8974,8974,333,default,48000,20.0,30,4775,7,12,357,0.001758575439453125,20.870947974068777,-0.00032776041604977636,79.2136459350586,21.87729835510254,1.0862798690795898,20.02791498304139,-6.526807276258706,0.18380438282591172,519.583944594531,356.60890879578415,20.02791498304139,1
8975,8975,334,default,48000,20.0,30,4767,5,9,319,0.00266265869140625,20.885613632202148,-0.0003276585135608912,79.21361541748047,21.87729835510254,1.0862798690795898,20.02788453991996,-6.526807191464831,0.18380225403555528,519.5837631220994,356.60894291628824,20.02788453991996,1
8976,8976,335,default,48000,20.0,30,4774,12,17,324,0.0002269744873046875,20.864388783772785,-0.0003274665941717103,79.21357727050781,21.87729835510254,1.0862799882888794,20.027846477702546,-6.526807085472488,0.18379971196651468,519.5835362307869,356.6089833716595,20.027846477702546,1
8977,8977,336,default,48000,20.0,30,4770,12,15,318,0.001438140869140625,20.895326455434162,-0.00032775281336701784,79.21353912353516,21.87729835510254,1.0862799882888794,20.027808423800757,-6.526806979480144,0.18379705097856913,519.5833093886095,356.60902602259347,20.027808423800757,1
8978,8978,337,default,48000,20.0,30,4775,11,14,356,0.0005893707275390625,20.87533777410334,-0.00032769575111821973,79.21350860595703,21.87729835510254,1.0862799882888794,20.027777980679325,-6.526806894686269,0.1837949221882127,519.5831279142468,356.6090601434574,20.027777980679325,1
8979,8979,338,default,48000,20.0,30,4778,6,9,317,0.003726959228515625,20.855831782023113,-0.0003279646868274237,79.21347045898438,21.87729835510254,1.0862799882888794,20.027739926777535,-6.526806788693925,0.18379226120026715,519.5829010705177,356.60910279468305,20.027739926777535,1
8980,8980,339,default,48000,20.0,30,4765,16,23,318,0.00067138671875,20.906952261924744,-0.0003277526266174391,79.21343994140625,21.87729835510254,1.0862799882888794,20.027709483656103,-6.52680670390005,0.1837901324099107,519.5827195949137,356.6091369157803,20.027709483656103,1
8981,8981,340,default,48000,20.0,30,4775,10,14,343,0.0006580352783203125,20.86735134124756,-0.0003274995455285534,79.2134017944336,21.87729835510254,1.0862798690795898,20.027671438069937,-6.526806597907706,0.18378735250306022,519.582492799631,356.6091817627217,20.027671438069937,1
8982,8982,341,default,48000,20.0,30,4781,14,17,364,0.0037593841552734375,20.90142904009138,-0.00032770546178133894,79.21337127685547,21.87729835510254,1.0862798690795898,20.027640994948506,-6.526806513113831,0.18378522371270378,519.5823113227859,356.60921588405563,20.027640994948506,1
8983,8983,342,default,48000,20.0,30,4780,5,11,314,0.0007572174072265625,20.850435638427733,-0.0003276191186159849,79.21333312988281,21.87729835510254,1.0862798690795898,20.027602941046716,-6.526806407121487,0.18378256272475824,519.5820844759536,356.609258535869,20.027602941046716,1
8984,8984,343,default,48000,20.0,30,4762,10,15,346,0.000667572021484375,20.884330177307127,-0.00032772127888165415,79.21330261230469,21.87729835510254,1.0862799882888794,20.02757248960966,-6.526806322327612,0.18378055285330674,519.5819029478685,356.6092904620017,20.02757248960966,1
8985,8985,344,default,48000,20.0,30,4775,4,12,320,0.0041961669921875,20.94345235824585,-0.00032780221226857975,79.21326446533203,21.87729835510254,1.0862799882888794,20.02753443570787,-6.5268062163352685,0.1837778918653612,519.5816760994843,356.60933311410264,20.02753443570787,1
8986,8986,345,default,48000,20.0,30,4781,12,20,368,0.0002956390380859375,20.911714871724445,-0.0003279611992184073,79.2132339477539,21.87729835510254,1.0862799882888794,20.02750399258644,-6.526806131541393,0.18377576307500476,519.5814946201563,356.6093672359001,20.02750399258644,1
8987,8987,346,default,48000,20.0,30,4777,5,11,337,0.00084686279296875,20.87945976257324,-0.0003279127064161003,79.21319580078125,21.87729835510254,1.0862799882888794,20.02746593868465,-6.52680602554905,0.18377310208705921,519.5812677702204,356.6094098882928,20.02746593868465,1
8988,8988,347,default,48000,20.0,30,4783,10,14,320,0.0030994415283203125,20.861783981323242,-0.0003275322407716885,79.21316528320312,21.87729835510254,1.0862799882888794,20.027435495563218,-6.526805940755175,0.18377097329670278,519.581086289651,356.60944401032367,20.027435495563218,1
8989,8989,348,default,48000,20.0,30,4766,7,13,334,0.0012187957763671875,20.92112159729004,-0.00032785294959986847,79.21312713623047,21.87729835510254,1.0862798690795898,20.02739744997705,-6.526805834762831,0.18376819338985229,519.5808594881629,356.60948885846193,20.02739744997705,1
8990,8990,349,default,48000,20.0,30,4775,11,14,344,0.00220489501953125,20.849594116210938,-0.00032745481902648777,79.21309661865234,21.87729835510254,1.0862798690795898,20.02736700685562,-6.526805749968956,0.18376606459949585,519.5806780063523,356.60952298072954,20.02736700685562,1
8991,8991,350,default,48000,20.0,30,4773,12,16,314,0.000583648681640625,20.87439505259196,-0.0003277047095859113,79.21305847167969,21.87729835510254,1.0862798690795898,20.02732895295383,-6.526805643976612,0.1837634036115503,519.5804511533131,356.6095656337099,20.02732895295383,1
8992,8992,351,default,48000,20.0,30,4774,6,13,338,0.0050411224365234375,20.83999760945638,-0.00032758246137139696,79.21302795410156,21.87729835510254,1.0862799882888794,20.027298501516775,-6.526805559182737,0.1837613937400988,519.580269620261,356.6095975607463,20.027298501516775,1
8993,8993,352,default,48000,20.0,30,4763,9,12,368,0.0046844482421875,20.86435678270128,-0.00032766131658314005,79.2129898071289,21.87729835510254,1.0862799882888794,20.027260447614985,-6.526805453190393,0.18375873275215326,519.58004276567,356.6096402140143,20.027260447614985,1
8994,8994,353,default,48000,20.0,30,4773,10,15,312,0.0044116973876953125,20.918118476867676,-0.0003278673597378656,79.21295928955078,21.87729835510254,1.0862799882888794,20.027230004493553,-6.526805368396518,0.18375660396179683,519.5798612813763,356.6096743367454,20.027230004493553,1
8995,8995,354,default,48000,20.0,30,4778,4,11,315,0.0001583099365234375,20.91824722290039,-0.00032776419539004564,79.21292114257812,21.87729835510254,1.0862799882888794,20.027191950591764,-6.526805262404174,0.18375394297385128,519.5796344252334,356.6097169903051,20.027191950591764,1
8996,8996,355,default,48000,20.0,30,4776,8,11,318,0.0018558502197265625,20.86528182029724,-0.0003277401556260884,79.212890625,21.87729835510254,1.0862799882888794,20.027161507470332,-6.526805177610299,0.18375181418349484,519.5794529396984,356.6097511132696,20.027161507470332,1
8997,8997,356,default,48000,20.0,30,4777,11,16,320,0.000865936279296875,20.89500565962358,-0.0003278919241645119,79.21285247802734,21.87729835510254,1.0862798690795898,20.027123461884166,-6.5268050716179555,0.18374903427664435,519.5792261320046,356.60979596260484,20.027123461884166,1
8998,8998,357,default,48000,20.0,30,4764,5,7,314,0.003604888916015625,20.843360137939452,-0.00032759991008788345,79.21281433105469,21.87729835510254,1.0862798690795898,20.027085407982376,-6.526804965625612,0.1837463732886988,519.578999273448,356.6098386166226,20.027085407982376,1
8999,8999,358,default,48000,20.0,30,4776,10,11,306,0.001132965087890625,20.849845504760744,-0.00032752388797234743,79.21278381347656,21.87729835510254,1.0862798690795898,20.027054964860945,-6.526804880831737,0.18374424449834237,519.578817785982,356.6098727399535,20.027054964860945,1
9000,9000,359,default,48000,20.0,30,4771,6,11,331,0.00079345703125,20.871766090393066,-0.00032800699894626934,79.2127456665039,21.87729835510254,1.0862799882888794,20.02701690264353,-6.526804774839393,0.18374170242930177,519.5785908758721,356.60991319876774,20.02701690264353,1
9001,9001,360,default,48000,20.0,30,4785,4,10,316,0.0009021759033203125,20.847540855407715,-0.00032809189724503085,79.21271514892578,21.87729835510254,1.0862799882888794,20.0269864595221,-6.526804690045518,0.18373957363894533,519.5784093871645,356.60994732232876,20.0269864595221,1
9002,9002,361,default,48000,20.0,30,4762,14,16,351,0.0001201629638671875,20.899781499590194,-0.0003277632183328803,79.21267700195312,21.87729835510254,1.0862799882888794,20.02694840562031,-6.526804584053174,0.18373691265099978,519.578182525504,356.60998997692593,20.02694840562031,1
9003,9003,362,default,48000,20.0,30,4774,10,14,323,0.0021419525146484375,20.838605690002442,-0.00032780828478280456,79.212646484375,21.87729835510254,1.0862799882888794,20.026917962498878,-6.526804499259299,0.18373478386064335,519.5780010355548,356.61002410072035,20.026917962498878,1
9004,9004,363,default,48000,20.0,30,4774,9,17,318,0.0047359466552734375,20.830767313639324,-0.0003276491188444197,79.21260833740234,21.87729835510254,1.0862799882888794,20.02687990859709,-6.526804393266955,0.1837321228726978,519.5777741723425,356.6100667556093,20.02687990859709,1
9005,9005,364,default,48000,20.0,30,4767,11,15,329,0.000446319580078125,20.908124750310723,-0.0003275986475108022,79.21257781982422,21.87729835510254,1.0862798690795898,20.02684947379128,-6.52680430847308,0.18372987516343642,519.5775927311543,356.6101030751508,20.02684947379128,1
9006,9006,365,default,48000,20.0,30,4777,11,20,350,0.00672149658203125,20.90636600147594,-0.00032772546348331326,79.21253967285156,21.877296447753906,1.0862798690795898,20.026811414602783,-6.52680610982198,0.1837272138058088,519.57733064325,356.6101457362616,20.026811414602783,1
9007,9007,366,default,48000,20.0,30,4780,5,9,302,0.002483367919921875,20.89496841430664,-0.00032739360467530786,79.21250915527344,21.877296447753906,1.0862798690795898,20.02678097148135,-6.526806025028105,0.18372508501545237,519.5771491507645,356.6101798605262,20.02678097148135,1
9008,9008,367,default,48000,20.0,30,4772,13,14,361,0.001811981201171875,20.884588975172775,-0.00032788206142588303,79.21247100830078,21.877296447753906,1.0862799882888794,20.026742909263938,-6.526805919035761,0.18372254294641177,519.5769222343788,356.61022032047765,20.026742909263938,1
9009,9009,368,default,48000,20.0,30,4763,11,16,308,0.0020275115966796875,20.858998211947355,-0.00032757872726175594,79.21244049072266,21.877296447753906,1.0862799882888794,20.026712466142506,-6.526805834241886,0.18372041415605533,519.5767407406516,356.61025444497244,20.026712466142506,1
9010,9010,369,default,48000,20.0,30,4770,6,10,282,0.0001049041748046875,20.87635072072347,-0.00032746126332009834,79.21240234375,21.877296447753906,1.0862799882888794,20.026674412240716,-6.526805728249542,0.1837177531681098,519.5765138727166,356.6102971007367,20.026674412240716,1
9011,9011,370,default,48000,20.0,30,4772,9,12,356,0.0001392364501953125,20.816908730400932,-0.00032766434661526646,79.21237182617188,21.877296447753906,1.0862799882888794,20.026643969119284,-6.526805643455667,0.18371562437775335,519.5763323777479,356.6103312254649,20.026643969119284,1
9012,9012,371,default,48000,20.0,30,4770,11,14,325,0.0001964569091796875,20.911522778597746,-0.0003276286509142003,79.21233367919922,21.877296447753906,1.0862799882888794,20.026605915217495,-6.526805537463323,0.1837129633898078,519.5761055082611,356.610373881521,20.026605915217495,1
9013,9013,372,default,48000,20.0,30,4775,11,16,324,0.004886627197265625,20.8757060657848,-0.0003277970006985759,79.2123031616211,21.877296447753906,1.0862798690795898,20.026575480411687,-6.526805452669448,0.18371071568054642,519.5759240620545,356.6104102020262,20.026575480411687,1
9014,9014,373,default,48000,20.0,30,4777,6,13,331,7.05718994140625e-05,20.897866249084473,-0.0003277704624148707,79.21226501464844,21.877296447753906,1.0862798690795898,20.026537426509897,-6.526805346677104,0.18370805469260088,519.5756971910158,356.6104528583782,20.026537426509897,1
9015,9015,374,default,48000,20.0,30,4769,6,12,328,0.004459381103515625,20.865562438964844,-0.0003275323397247121,79.21223449707031,21.877296447753906,1.0862798690795898,20.026506983388465,-6.526805261883229,0.18370592590224444,519.5755156935642,356.61048698357655,20.026506983388465,1
9016,9016,375,default,48000,20.0,30,4769,10,15,331,5.340576171875e-05,20.900228881835936,-0.0003276805451605469,79.21219635009766,21.877296447753906,1.0862799882888794,20.026468921171052,-6.5268051558908855,0.18370338383320384,519.5752887709695,356.61052744466525,20.026468921171052,1
9017,9017,376,default,48000,20.0,30,4765,9,11,305,0.000873565673828125,20.923947864108616,-0.0003277034686309182,79.21216583251953,21.877296447753906,1.0862799882888794,20.02643847804962,-6.5268050710970105,0.1837012550428474,519.5751072722761,356.61056157009375,20.02643847804962,1
9018,9018,377,default,48000,20.0,30,4770,10,19,320,7.05718994140625e-05,20.912569999694824,-0.0003275398223195225,79.21212768554688,21.877296447753906,1.0862799882888794,20.02640042414783,-6.526804965104667,0.18369859405490185,519.5748803981334,356.61060422702525,20.02640042414783,1
9019,9019,378,default,48000,20.0,30,4779,10,16,338,0.000232696533203125,20.87688045501709,-0.00032749140227679164,79.21208953857422,21.877296447753906,1.0862799882888794,20.02636237024604,-6.526804859112323,0.1836959330669563,519.5746535231285,356.61064688411886,20.02636237024604,1
9020,9020,379,default,48000,20.0,30,4767,9,13,343,0.0005207061767578125,20.880797492133247,-0.0003275023061885602,79.2120590209961,21.877296447753906,1.0862799882888794,20.02633192712461,-6.526804774318448,0.18369380427659987,519.5744720225038,356.6106810099105,20.02633192712461,1
9021,9021,380,default,48000,20.0,30,4767,10,18,323,0.0025577545166015625,20.900117492675783,-0.0003275612514698878,79.21202087402344,21.877296447753906,1.0862798690795898,20.026293881538443,-6.526804668326104,0.18369102436974938,519.5742451959519,356.6107258628702,20.026293881538443,1
9022,9022,381,default,48000,20.0,30,4781,13,15,353,0.001682281494140625,20.93079787034255,-0.0003276994393672794,79.21199035644531,21.877296447753906,1.0862798690795898,20.02626343841701,-6.526804583532229,0.18368889557939294,519.5740636940857,356.61075998889856,20.02626343841701,1
9023,9023,382,default,48000,20.0,30,4778,6,11,332,0.001708984375,20.908071517944336,-0.0003281276828298966,79.21195220947266,21.877296447753906,1.0862798690795898,20.02622538451522,-6.526804477539885,0.1836862345914474,519.5738368159771,356.61080264657994,20.02622538451522,1
9024,9024,383,default,48000,20.0,30,4775,12,17,310,0.00118255615234375,20.917803287506104,-0.00032775884513588,79.21192169189453,21.877296447753906,1.0862799882888794,20.026194933078166,-6.52680439274601,0.1836842247199959,519.5736552628638,356.6108345772567,20.026194933078166,1
9025,9025,384,default,48000,20.0,30,4773,7,16,298,0.000308990478515625,20.95015961783273,-0.00032794162897127014,79.21188354492188,21.877296447753906,1.0862799882888794,20.026156879176376,-6.526804286753666,0.18368156373205036,519.5734283832028,356.61087723522576,20.026156879176376,1
9026,9026,385,default,48000,20.0,30,4776,14,17,317,0.0003681182861328125,20.903787749154226,-0.0003277516454025837,79.21185302734375,21.877296447753906,1.0862799882888794,20.026126436054945,-6.526804201959791,0.18367943494169392,519.5732468788533,356.6109113617177,20.026126436054945,1
9027,9027,386,default,48000,20.0,30,4773,13,15,342,0.0008983612060546875,20.923125193669247,-0.00032776777068367944,79.2118148803711,21.877296447753906,1.0862799882888794,20.026088382153155,-6.526804095967448,0.18367677395374837,519.5730199976404,356.6109540199786,20.026088382153155,1
9028,9028,387,default,48000,20.0,30,4773,7,12,315,0.002532958984375,20.8905519757952,-0.0003279330059220748,79.21178436279297,21.877296447753906,1.0862799882888794,20.026057939031723,-6.526804011173573,0.18367464516339194,519.5728384920491,356.61098814670396,20.026057939031723,1
9029,9029,388,default,48000,20.0,30,4781,11,13,328,0.0011463165283203125,20.926251671530984,-0.0003279129635881294,79.21174621582031,21.877296447753906,1.0862798690795898,20.026019893445557,-6.526803905181229,0.18367186525654144,519.5726116592905,356.6110330008608,20.026019893445557,1
9030,9030,389,default,48000,20.0,30,4768,7,11,332,0.0003490447998046875,20.861069543021067,-0.00032731454952486923,79.21171569824219,21.877296447753906,1.0862798690795898,20.025989450324126,-6.526803820387354,0.183669736466185,519.5724301524579,356.611067127823,20.025989450324126,1
9031,9031,390,default,48000,20.0,30,4778,10,12,347,0.0002002716064453125,20.92555923461914,-0.0003277548588812351,79.21167755126953,21.877296447753906,1.0862798690795898,20.025951396422336,-6.52680371439501,0.18366707547823946,519.5722032681409,356.61110978667165,20.025951396422336,1
9032,9032,391,default,48000,20.0,30,4771,11,16,343,0.001708984375,20.932204159823332,-0.00032774871479804545,79.2116470336914,21.877296447753906,1.0862799882888794,20.02592094498528,-6.526803629601135,0.18366506560678797,519.5720217100597,356.6111417182523,20.02592094498528,1
9033,9033,392,default,48000,20.0,30,4767,11,17,325,0.0006580352783203125,20.894174922596324,-0.00032790012086148965,79.21160888671875,21.877296447753906,1.0862799882888794,20.02588289108349,-6.526803523608791,0.18366240461884242,519.5717948241906,356.6111843773886,20.02588289108349,1
9034,9034,393,default,48000,20.0,30,4771,8,10,357,0.000919342041015625,20.97831654548645,-0.0003279706506873481,79.21157836914062,21.877296447753906,1.0862799882888794,20.02585244796206,-6.526803438814916,0.18366027582848599,519.5716133148744,356.6112185048144,20.02585244796206,1
9035,9035,394,default,48000,20.0,30,4778,7,10,258,0.00067901611328125,20.95324788774763,-0.00032801158210661797,79.21154022216797,21.877296447753906,1.0862799882888794,20.02581439406027,-6.526803332822572,0.18365761484054044,519.5713864274531,356.61126116424253,20.02581439406027,1
9036,9036,395,default,48000,20.0,30,4768,11,14,302,2.288818359375e-05,20.867637981068004,-0.0003277211772828278,79.21150970458984,21.877296447753906,1.0862799882888794,20.025783950938838,-6.526803248028697,0.183655486050184,519.5712049168953,356.6112952919018,20.025783950938838,1
9037,9037,396,default,48000,20.0,30,4769,10,12,329,0.001495361328125,20.89156723022461,-0.0003277706477092579,79.21147155761719,21.877296447753906,1.0862798690795898,20.02574590535267,-6.5268031420363535,0.1836527061433335,519.5709780779297,356.6113401472558,20.02574590535267,1
9038,9038,397,default,48000,20.0,30,4769,11,17,356,0.00312042236328125,20.897048603404652,-0.00032756986911408603,79.21143341064453,21.877296447753906,1.0862798690795898,20.025707851450882,-6.52680303604401,0.18365004515538796,519.5707511880943,356.6113828071421,20.025707851450882,1
9039,9039,398,default,48000,20.0,30,4776,9,12,303,0.0033435821533203125,20.936703152126736,-0.0003275508190401726,79.2114028930664,21.877296447753906,1.0862798690795898,20.02567740832945,-6.526802951250135,0.18364791636503153,519.570569675605,356.6114169351678,20.02567740832945,1
9040,9040,399,default,48000,20.0,30,4766,19,25,314,0.002655029296875,20.886689637836657,-0.0003278129856641355,79.21136474609375,21.877296447753906,1.0862799882888794,20.025639346112037,-6.526802845257791,0.18364537429599093,519.5703427342091,356.61145739970016,20.025639346112037,1
9041,9041,400,default,48000,20.0,30,4777,17,17,332,0.000736236572265625,20.90717326893526,-0.0003278097411727204,79.21133422851562,21.877296447753906,1.0862799882888794,20.025608902990605,-6.526802760463916,0.1836432455056345,519.570161220478,356.61149152795605,20.025608902990605,1
9042,9042,401,default,48000,20.0,30,4775,9,16,340,0.0025043487548828125,20.860650380452473,-0.0003276020094441871,79.21129608154297,21.877296447753906,1.0862799882888794,20.025570849088815,-6.526802654471572,0.18364058451768894,519.569934327538,356.61153418842184,20.025570849088815,1
9043,9043,402,default,48000,20.0,30,4773,9,12,357,0.00160980224609375,20.90497398376465,-0.0003276016116918375,79.21126556396484,21.877296447753906,1.0862799882888794,20.025540405967384,-6.526802569677697,0.1836384557273325,519.5697528125652,356.6115683169112,20.025540405967384,1
9044,9044,403,default,48000,20.0,30,4772,10,15,301,0.00501251220703125,20.904137802124023,-0.00032792288984637705,79.21122741699219,21.877296447753906,1.0862799882888794,20.025502352065594,-6.526802463685353,0.18363579473938696,519.5695259180732,356.61161097766876,20.025502352065594,1
9045,9045,404,default,48000,20.0,30,4768,5,13,318,5.340576171875e-05,20.959445571899415,-0.00032773950370028614,79.21119689941406,21.877296447753906,1.0862798690795898,20.025471917259786,-6.526802378891478,0.18363354703012558,519.5693444518677,356.6116473020556,20.025471917259786,1
9046,9046,405,default,48000,20.0,30,4773,9,10,332,0.0012035369873046875,20.85918977525499,-0.0003276576947731276,79.2111587524414,21.877294540405273,1.0862798690795898,20.02543385807129,-6.526804180240378,0.18363088567249708,519.5690823302581,356.611689969036,20.02543385807129,1
9047,9047,406,default,48000,20.0,30,4774,10,12,343,0.0026493072509765625,20.89839916229248,-0.0003278934600530192,79.21112823486328,21.877294540405273,1.0862798690795898,20.025403414949857,-6.5268040954465025,0.18362875688214064,519.5689008127483,356.61172409799565,20.025403414949857,1
9048,9048,407,default,48000,20.0,30,4777,9,9,337,0.0011539459228515625,20.876997417873806,-0.0003277992396356745,79.21109008789062,21.877294540405273,1.0862799882888794,20.025365352732443,-6.526803989454159,0.18362621481310004,519.5686738650754,356.6117645636655,20.025365352732443,1
9049,9049,408,default,48000,20.0,30,4769,9,17,311,8.58306884765625e-05,20.84772957695855,-0.00032757459363589686,79.2110595703125,21.877294540405273,1.0862799882888794,20.02533490961101,-6.526803904660284,0.1836240860227436,519.5684923463236,356.61179869285525,20.02533490961101,1
9050,9050,409,default,48000,20.0,30,4782,11,16,338,0.00215911865234375,20.83989836952903,-0.00032764566607180643,79.21102142333984,21.877294540405273,1.0862799882888794,20.02529685570922,-6.52680379866794,0.18362142503479806,519.5682654471079,356.61184135448843,20.02529685570922,1
9051,9051,410,default,48000,20.0,30,4768,9,11,362,0.001667022705078125,20.856370713975693,-0.00032779082539491355,79.21099090576172,21.877294540405273,1.0862799882888794,20.02526641258779,-6.526803713874065,0.18361929624444162,519.5680839271145,356.6118754839117,20.02526641258779,1
9052,9052,411,default,48000,20.0,30,4770,9,11,345,0.00128173828125,20.903573777940537,-0.0003275770383576552,79.21095275878906,21.877294540405273,1.0862799882888794,20.025228358686,-6.526803607881721,0.18361663525649607,519.5678570263465,356.61191814583674,20.025228358686,1
9053,9053,412,default,48000,20.0,30,4774,13,18,332,0.00392913818359375,20.877969008225662,-0.000327707655602493,79.21092224121094,21.877294540405273,1.0862799882888794,20.02519791556457,-6.526803523087846,0.18361450646613964,519.5676755051112,356.6119522754935,20.02519791556457,1
9054,9054,413,default,48000,20.0,30,4782,10,12,337,0.0029544830322265625,20.87680549621582,-0.0003276273608207703,79.21088409423828,21.877294540405273,1.0862798690795898,20.025159869978403,-6.526803417095502,0.18361172655928915,519.5674486528017,356.6119971334084,20.025159869978403,1
9055,9055,414,default,48000,20.0,30,4771,11,13,297,0.0021877288818359375,20.835749712857332,-0.0003274525224696845,79.21085357666016,21.877294540405273,1.0862798690795898,20.02512942685697,-6.526803332301627,0.1836095977689327,519.5672671303248,356.61203126330196,20.02512942685697,1
9056,9056,415,default,48000,20.0,30,4777,6,9,322,0.005359649658203125,20.82382583618164,-0.00032760537093660486,79.2108154296875,21.877294540405273,1.0862799882888794,20.025091364639557,-6.5268032263092834,0.1836070556998921,519.5670401764414,356.61207173010934,20.025091364639557,1
9057,9057,416,default,48000,20.0,30,4782,5,8,337,0.002227783203125,20.935395812988283,-0.00032774716964922845,79.21078491210938,21.877294540405273,1.0862799882888794,20.025060921518126,-6.526803141515408,0.18360492690953567,519.5668586527225,356.61210586023304,20.025060921518126,1
9058,9058,417,default,48000,20.0,30,4771,8,14,343,0.0005054473876953125,20.897738933563232,-0.00032786884912638925,79.21074676513672,21.877294540405273,1.0862799882888794,20.025022867616336,-6.526803035523065,0.18360226592159012,519.5666317472977,356.6121485230336,20.025022867616336,1
9059,9059,418,default,48000,20.0,30,4767,11,16,307,0.0059661865234375,20.861786582253195,-0.00032770052414641464,79.21070861816406,21.877294540405273,1.0862799882888794,20.024984813714546,-6.526802929530721,0.18359960493364458,519.5664048410106,356.6121911859964,20.024984813714546,1
9060,9060,419,default,48000,20.0,30,4777,3,6,321,0.00042724609375,20.91655985514323,-0.00032781841582618654,79.21067810058594,21.877294540405273,1.0862799882888794,20.024954370593115,-6.526802844736846,0.18359747614328814,519.5662233153599,356.6122253164833,20.024954370593115,1
9061,9061,420,default,48000,20.0,30,4779,12,16,315,0.001079559326171875,20.887245337168377,-0.000327635806267305,79.21063995361328,21.877294540405273,1.0862799882888794,20.024916316691325,-6.526802738744502,0.1835948151553426,519.5659964075205,356.6122679797379,20.024916316691325,1
9062,9062,421,default,48000,20.0,30,4779,5,9,339,0.005222320556640625,20.926412200927736,-0.0003279856115113944,79.21060943603516,21.877294540405273,1.0862798690795898,20.024885881885517,-6.526802653950627,0.1835925674460812,519.56581493064,356.61230430618633,20.024885881885517,1
9063,9063,422,default,48000,20.0,30,4777,6,10,302,0.00235748291015625,20.935097694396973,-0.00032779410442647833,79.2105712890625,21.877294540405273,1.0862798690795898,20.024847827983727,-6.526802547958283,0.18358990645813567,519.5655880212485,356.61234696973696,20.024847827983727,1
9064,9064,423,default,48000,20.0,30,4783,12,14,339,0.0002040863037109375,20.90809679031372,-0.0003276599236414768,79.21054077148438,21.877294540405273,1.0862798690795898,20.024817384862295,-6.526802463164408,0.18358777766777923,519.5654064931142,356.61238110069417,20.024817384862295,1
9065,9065,424,default,48000,20.0,30,4783,8,15,333,0.00040435791015625,20.893690824508667,-0.0003276653624197934,79.21050262451172,21.877294540405273,1.0862799882888794,20.024779322644882,-6.526802357172064,0.18358523559873863,519.5651795321577,356.61242156879706,20.024779322644882,1
9066,9066,425,default,48000,20.0,30,4773,10,16,357,0.0015087127685546875,20.884653282165527,-0.0003276830888353288,79.2104721069336,21.877294540405273,1.0862799882888794,20.02474887952345,-6.526802272378189,0.1835831068083822,519.5649980027815,356.6124556999845,20.02474887952345,1
9067,9067,426,default,48000,20.0,30,4771,9,11,327,0.001804351806640625,20.92625978257921,-0.0003277216714599894,79.21043395996094,21.877294540405273,1.0862799882888794,20.02471082562166,-6.5268021663858455,0.18358044582043664,519.5647710902849,356.6124983641147,20.02471082562166,1
9068,9068,427,default,48000,20.0,30,4775,11,14,367,0.002910614013671875,20.88319136879661,-0.0003276434885761277,79.21040344238281,21.877294540405273,1.0862799882888794,20.02468038250023,-6.5268020815919705,0.1835783170300802,519.5645895596668,356.6125324955356,20.02468038250023,1
9069,9069,428,default,48000,20.0,30,4776,7,13,351,0.0016841888427734375,20.909906932285853,-0.000327561071441908,79.21036529541016,21.877294540405273,1.0862799882888794,20.02464232859844,-6.526801975599627,0.18357565604213466,519.564362645618,356.6125751599577,20.02464232859844,1
9070,9070,429,default,48000,20.0,30,4779,10,15,319,0.000492095947265625,20.978091430664062,-0.00032754086423665286,79.21033477783203,21.877294540405273,1.0862798690795898,20.02461189379263,-6.526801890805752,0.18357340833287328,519.5641811637714,356.61261148737003,20.02461189379263,1
9071,9071,430,default,48000,20.0,30,4767,10,14,334,0.00011444091796875,20.898497772216796,-0.0003277457202784717,79.21029663085938,21.877294540405273,1.0862798690795898,20.02457383989084,-6.526801784813408,0.18357074734492773,519.5639542481703,356.61265415208817,20.02457383989084,1
9072,9072,431,default,48000,20.0,30,4773,9,12,361,0.000453948974609375,20.973772684733074,-0.00032777648044025735,79.21026611328125,21.877294540405273,1.0862798690795898,20.02454339676941,-6.526801700019533,0.1835686185545713,519.5637727150686,356.6126882839794,20.02454339676941,1
9073,9073,432,default,48000,20.0,30,4774,14,18,341,0.000537872314453125,20.891304969787598,-0.0003277282604748117,79.2102279663086,21.877294540405273,1.0862799882888794,20.024505334551996,-6.526801594027189,0.1835660764855307,519.5635457479011,356.61272875321987,20.024505334551996,1
9074,9074,433,default,48000,20.0,30,4772,9,13,305,0.0013866424560546875,20.89396201239692,-0.0003278454565184398,79.21019744873047,21.877294540405273,1.0862799882888794,20.024474891430565,-6.526801509233314,0.18356394769517426,519.5633642135572,356.61276288534134,20.024474891430565,1
9075,9075,434,default,48000,20.0,30,4777,4,9,344,0.00079345703125,20.83464002609253,-0.00032755140273366123,79.21015930175781,21.877294540405273,1.0862799882888794,20.024436837528775,-6.52680140324097,0.1835612867072287,519.5631372948512,356.61280555063905,20.024436837528775,1
9076,9076,435,default,48000,20.0,30,4763,7,13,323,0.0057811737060546875,20.934555871146067,-0.0003275881296888526,79.21012878417969,21.877294540405273,1.0862799882888794,20.024406394407343,-6.526801318447095,0.18355915791687227,519.5629557592654,356.61283968299404,20.024406394407343,1
9077,9077,436,default,48000,20.0,30,4777,3,12,331,0.000652313232421875,20.933591842651367,-0.00032785518366533023,79.21009063720703,21.877294540405273,1.0862799882888794,20.024368340505553,-6.526801212454751,0.18355649692892673,519.5627288390068,356.61288234858364,20.024368340505553,1
9078,9078,437,default,48000,20.0,30,4777,9,15,314,0.0033206939697265625,20.90963511996799,-0.0003276428679883894,79.2100601196289,21.877294540405273,1.0862798690795898,20.024337905699745,-6.526801127660876,0.18355424921966534,519.5625473521939,356.6129186769599,20.024337905699745,1
9079,9079,438,default,48000,20.0,30,4769,6,14,345,0.0002689361572265625,20.95001792907715,-0.00032787140905080986,79.21002197265625,21.877294540405273,1.0862798690795898,20.024299851797956,-6.526801021668533,0.1835515882317198,519.5623204303831,356.6129613428456,20.024299851797956,1
9080,9080,439,default,48000,20.0,30,4781,17,25,346,0.000457763671875,20.94257567910587,-0.0003277590114842443,79.2099838256836,21.877294540405273,1.0862798690795898,20.024261797896166,-6.526800915676189,0.18354892724377425,519.5620935077098,356.6130040088934,20.024261797896166,1
9081,9081,440,default,48000,20.0,30,4772,18,23,317,0.007961273193359375,20.901574028862846,-0.00032780485667495266,79.20995330810547,21.877294540405273,1.0862799882888794,20.02423134645911,-6.526800830882314,0.18354691737232276,519.5619119189349,356.613035946049,20.02423134645911,1
9082,9082,441,default,48000,20.0,30,4772,8,13,324,0.0028591156005859375,20.890090227127075,-0.0003276364841440227,79.20991516113281,21.877294540405273,1.0862799882888794,20.02419329255732,-6.52680072488997,0.1835442563843772,519.561684994709,356.6130786123846,20.02419329255732,1
9083,9083,442,default,48000,20.0,30,4769,11,16,302,0.000274658203125,20.992527875033293,-0.0003274855103386058,79.20988464355469,21.877294540405273,1.0862799882888794,20.02416284943589,-6.526800640096095,0.18354212759402078,519.5615034547073,356.6131127455698,20.02416284943589,1
9084,9084,443,default,48000,20.0,30,4781,10,17,323,0.004878997802734375,20.91037712097168,-0.0003277572599472478,79.20984649658203,21.877294540405273,1.0862799882888794,20.0241247955341,-6.526800534103751,0.18353946660607523,519.5612765289289,356.61315541219733,20.0241247955341,1
9085,9085,444,default,48000,20.0,30,4770,7,8,317,0.0028400421142578125,20.90328516278948,-0.0003275833441875875,79.2098159790039,21.877294540405273,1.0862799882888794,20.024094352412668,-6.526800449309876,0.1835373378157188,519.5610949876852,356.6131895456161,20.024094352412668,1
9086,9086,445,default,48000,20.0,30,4775,11,15,321,0.0010128021240234375,20.822983134876598,-0.0003276076855730604,79.20977783203125,21.877294540405273,1.0862798690795898,20.024056306826502,-6.526800343317532,0.1835345579088683,519.5608681103705,356.613234408354,20.024056306826502,1
9087,9087,446,default,48000,20.0,30,4772,7,9,297,0.0005092620849609375,20.858557564871653,-0.0003280521653193448,79.20974731445312,21.87729263305664,1.0862798690795898,20.024025858418362,-6.5268021658649005,0.1835324287488298,519.5606513398403,356.6132685479372,20.024025858418362,1
9088,9088,447,default,48000,20.0,30,4771,10,14,346,0.004726409912109375,20.84099884033203,-0.00032765509677119554,79.20970916748047,21.87729263305664,1.0862798690795898,20.023987804516572,-6.526802059872557,0.18352976776088425,519.5604244108902,356.6133112151527,20.023987804516572,1
9089,9089,448,default,48000,20.0,30,4769,7,10,318,0.0045375823974609375,20.9678829738072,-0.0003280121101332562,79.20967864990234,21.87729263305664,1.0862799882888794,20.023957353079517,-6.526801975078682,0.18352775788943276,519.5602428170922,356.61334315321244,20.023957353079517,1
9090,9090,449,default,48000,20.0,30,4771,9,9,349,0.0003414154052734375,20.848249647352432,-0.0003275806989727749,79.20964050292969,21.87729263305664,1.0862799882888794,20.023919299177727,-6.526801869086338,0.18352509690148722,519.5600158865892,356.6133858207157,20.023919299177727,1
9091,9091,450,default,48000,20.0,30,4767,9,18,346,3.0517578125e-05,20.860433366563583,-0.0003277881284399579,79.20960998535156,21.87729263305664,1.0862799882888794,20.023888856056296,-6.526801784292463,0.18352296811113078,519.5598343415659,356.613419954835,20.023888856056296,1
9092,9092,451,default,48000,20.0,30,4772,11,18,348,0.00164794921875,20.90395043113015,-0.0003277851713143966,79.2095718383789,21.87729263305664,1.0862799882888794,20.023850802154506,-6.526801678300119,0.18352030712318523,519.5596074095104,356.61346262263015,20.023850802154506,1
9093,9093,452,default,48000,20.0,30,4775,9,20,346,0.0003414154052734375,20.884473588731552,-0.0003281403882687704,79.20954132080078,21.87729263305664,1.0862799882888794,20.023820359033074,-6.526801593506244,0.1835181783328288,519.5594258632449,356.613496756983,20.023820359033074,1
9094,9094,453,default,48000,20.0,30,4775,10,12,305,0.001373291015625,20.816801452636717,-0.0003277389536378905,79.20950317382812,21.87729263305664,1.0862798690795898,20.023782313446908,-6.5268014875139,0.1835153984259783,519.5591989796543,356.61354162091857,20.023782313446908,1
9095,9095,454,default,48000,20.0,30,4778,6,13,323,0.0030670166015625,20.887184460957844,-0.000327937266168495,79.20947265625,21.87729263305664,1.0862798690795898,20.023751870325476,-6.526801402720025,0.18351326963562187,519.5590174321469,356.6135757555083,20.023751870325476,1
9096,9096,455,default,48000,20.0,30,4763,9,13,336,0.00333404541015625,20.905115763346355,-0.0003278250062269055,79.20943450927734,21.87729263305664,1.0862798690795898,20.023713816423687,-6.526801296727681,0.18351060864767632,519.5587904969864,356.6136184238914,20.023713816423687,1
9097,9097,456,default,48000,20.0,30,4773,6,13,334,0.0022296905517578125,20.883131980895996,-0.0003279260175380235,79.20940399169922,21.87729263305664,1.0862799882888794,20.02368336498663,-6.526801211933806,0.18350859877622483,519.558608898219,356.61365036285537,20.02368336498663,1
9098,9098,457,default,48000,20.0,30,4772,6,10,301,0.000560760498046875,20.867140769958496,-0.00032762816408649087,79.20936584472656,21.87729263305664,1.0862799882888794,20.02364531108484,-6.526801105941463,0.18350593778827928,519.5583819615057,356.6136930315263,20.02364531108484,1
9099,9099,458,default,48000,20.0,30,4776,10,12,349,0.000560760498046875,20.895398139953613,-0.0003275855182437226,79.20933532714844,21.87729263305664,1.0862799882888794,20.02361486796341,-6.5268010211475875,0.18350380899792285,519.558200411514,356.61372716657974,20.02361486796341,1
9100,9100,459,default,48000,20.0,30,4772,13,18,311,0.003345489501953125,20.847934869619515,-0.00032760636755623494,79.20929718017578,21.87729263305664,1.0862799882888794,20.02357681406162,-6.526800915155244,0.1835011480099773,519.557973473248,356.61376983554254,20.02357681406162,1
9101,9101,460,default,48000,20.0,30,4770,10,14,302,0.0070018768310546875,20.85121555328369,-0.00032764859788585453,79.20925903320312,21.87729263305664,1.0862799882888794,20.02353876015983,-6.5268008091629,0.18349848702203175,519.5577465341196,356.6138125046676,20.02353876015983,1
9102,9102,461,default,48000,20.0,30,4777,12,17,329,0.004337310791015625,20.83870840072632,-0.0003276948555139825,79.209228515625,21.87729263305664,1.0862798690795898,20.023508325354022,-6.526800724369025,0.18349623931277037,519.5575650322146,356.6138488359627,20.023508325354022,1
9103,9103,462,default,48000,20.0,30,4778,6,11,351,0.003948211669921875,20.766156514485676,-0.0003274697713398685,79.20919036865234,21.87729263305664,1.0862798690795898,20.023470271452233,-6.526800618376681,0.18349357832482482,519.5573380915337,356.6138915053838,20.023470271452233,1
9104,9104,463,default,48000,20.0,30,4772,9,12,336,0.0025386810302734375,20.84481578403049,-0.0003275098861195147,79.20915985107422,21.87729263305664,1.0862798690795898,20.0234398283308,-6.526800533582806,0.1834914495344684,519.5571565383678,356.61392564103744,20.0234398283308,1
9105,9105,464,default,48000,20.0,30,4770,10,16,337,0.005523681640625,20.80376739501953,-0.00032751828839536754,79.20912170410156,21.87729263305664,1.0862799882888794,20.023401766113388,-6.526800427590462,0.1834889074654278,519.5569295461148,356.6139661148604,20.023401766113388,1
9106,9106,465,default,48000,20.0,30,4771,6,10,325,0.001308441162109375,20.882338841756184,-0.00032792764250189066,79.20909118652344,21.87729263305664,1.0862799882888794,20.023371322991956,-6.526800342796587,0.18348677867507135,519.5567479917067,356.61400025074425,20.023371322991956,1
9107,9107,466,default,48000,20.0,30,4767,6,7,318,0.0057926177978515625,20.85545253753662,-0.000327556505605268,79.20905303955078,21.87729263305664,1.0862799882888794,20.023333269090166,-6.5268002368042435,0.1834841176871258,519.5565210479202,356.614042920745,20.023333269090166,1
9108,9108,467,default,48000,20.0,30,4773,9,11,331,0.001972198486328125,20.866363101535374,-0.00032775710375669104,79.20902252197266,21.87729263305664,1.0862799882888794,20.023302825968734,-6.5268001520103684,0.18348198889676937,519.5563394922699,356.61407705686247,20.023302825968734,1
9109,9109,468,default,48000,20.0,30,4778,9,16,346,0.001087188720703125,20.865647421942818,-0.00032785053028621606,79.208984375,21.87729263305664,1.0862799882888794,20.023264772066945,-6.526800046018025,0.18347932790882382,519.5561125469308,356.6141197271552,20.023264772066945,1
9110,9110,469,default,48000,20.0,30,4756,5,9,326,0.000728607177734375,20.917237854003908,-0.00032770779798738656,79.20895385742188,21.87729263305664,1.0862798690795898,20.023234337261137,-6.52679996122415,0.18347708019956244,519.5559310400587,356.6141560594144,20.023234337261137,1
9111,9111,470,default,48000,20.0,30,4771,11,13,338,0.0003414154052734375,20.864283301613547,-0.00032772629426538265,79.20891571044922,21.87729263305664,1.0862798690795898,20.023196283359347,-6.526799855231806,0.1834744192116169,519.5557040931669,356.6141987300033,20.023196283359347,1
9112,9112,471,default,48000,20.0,30,4773,6,12,325,0.0047397613525390625,20.804787000020344,-0.00032718344785583514,79.2088851928711,21.87729263305664,1.0862798690795898,20.023165840237915,-6.526799770437931,0.18347229042126045,519.5555225350325,356.6142328665911,20.023165840237915,1
9113,9113,472,default,48000,20.0,30,4781,8,12,349,0.002017974853515625,20.859845876693726,-0.0003274570372013841,79.20884704589844,21.87729263305664,1.0862799882888794,20.023127778020502,-6.526799664445587,0.18346974835221985,519.5552955365673,356.6142733415519,20.023127778020502,1
9114,9114,473,default,48000,20.0,30,4783,15,21,355,0.00040435791015625,20.87037353515625,-0.0003276003117207438,79.20881652832031,21.87729263305664,1.0862799882888794,20.02309733489907,-6.526799579651712,0.18346761956186342,519.5551139771906,356.61430747837,20.02309733489907,1
9115,9115,474,default,48000,20.0,30,4780,10,19,317,0.000614166259765625,20.911888694763185,-0.0003278798860264942,79.20877838134766,21.87729263305664,1.0862799882888794,20.02305928099728,-6.526799473659368,0.18346495857391787,519.5548870271932,356.61435014953855,20.02305928099728,1
9116,9116,475,default,48000,20.0,30,4766,7,13,320,0.004627227783203125,20.91450309753418,-0.00032806224356006296,79.20874786376953,21.87729263305664,1.0862799882888794,20.02302883787585,-6.526799388865493,0.18346282978356143,519.5547054665742,356.61438428659017,20.02302883787585,1
9117,9117,476,default,48000,20.0,30,4779,7,11,318,0.0003719329833984375,20.849578312465123,-0.0003275566060827779,79.20870971679688,21.87729263305664,1.0862799882888794,20.02299078397406,-6.526799282873149,0.18346016879561589,519.5544785150241,356.6144269580507,20.02299078397406,1
9118,9118,477,default,48000,20.0,30,4763,9,12,359,0.0016117095947265625,20.877959993150498,-0.00032794514037151303,79.20867919921875,21.87729263305664,1.0862798690795898,20.02296034916825,-6.526799198079274,0.1834579210863545,519.5542970031846,356.6144632912741,20.02296034916825,1
9119,9119,478,default,48000,20.0,30,4774,9,12,328,0.008405685424804688,20.85637558831109,-0.0003277779615018517,79.2086410522461,21.87729263305664,1.0862798690795898,20.02292229526646,-6.5267990920869305,0.18345526009840896,519.5540700500819,356.6145059630307,20.02292229526646,1
9120,9120,479,default,48000,20.0,30,4773,12,16,348,0.0015964508056640625,20.88861083984375,-0.0003275295700101803,79.20861053466797,21.87729263305664,1.0862798690795898,20.02289185214503,-6.5267990072930555,0.18345313130805252,519.5538884869786,356.61454010055274,20.02289185214503,1
9121,9121,480,default,48000,20.0,30,4773,12,15,334,0.0002346038818359375,20.923838933308918,-0.00032738675993944827,79.20857238769531,21.87729263305664,1.0862799882888794,20.022853789927616,-6.526798901300712,0.18345058923901192,519.5536614823011,356.61458057665146,20.022853789927616,1
9122,9122,481,default,48000,20.0,30,4781,7,11,322,0.0012111663818359375,20.875647953578405,-0.00032740659246753367,79.20853424072266,21.87729263305664,1.0862799882888794,20.022815736025827,-6.526798795308368,0.18344792825106637,519.5534345267827,356.61462324885804,20.022815736025827,1
9123,9123,482,default,48000,20.0,30,4780,10,17,314,0.002475738525390625,20.880844497680663,-0.0003276717325206846,79.20850372314453,21.87729263305664,1.0862799882888794,20.022785292904395,-6.526798710514493,0.18344579946070994,519.5532529617469,356.61465738674013,20.022785292904395,1
9124,9124,483,default,48000,20.0,30,4784,7,9,319,0.0019626617431640625,20.890195029122488,-0.0003275114535686693,79.20846557617188,21.87729263305664,1.0862799882888794,20.022747239002605,-6.526798604522149,0.1834431384727644,519.5530260046758,356.6147000592387,20.022747239002605,1
9125,9125,484,default,48000,20.0,30,4777,12,14,338,0.0024929046630859375,20.908709049224854,-0.00032782108852795017,79.20843505859375,21.87729263305664,1.0862799882888794,20.022716795881173,-6.526798519728274,0.18344100968240795,519.5528444383978,356.6147341973543,20.022716795881173,1
9126,9126,485,default,48000,20.0,30,4778,10,12,314,0.002292633056640625,20.87045249938965,-0.00032769909012131393,79.2083969116211,21.87729263305664,1.0862798690795898,20.022678750295007,-6.52679841373593,0.18343822977555746,519.5526175297969,356.6147790661139,20.022678750295007,1
9127,9127,486,default,48000,20.0,30,4779,10,15,335,0.000179290771484375,20.932060050964356,-0.0003277996147517115,79.20836639404297,21.87729263305664,1.0862798690795898,20.022648307173576,-6.526798328942055,0.18343610098520102,519.5524359622767,356.61481320446643,20.022648307173576,1
9128,9128,487,default,48000,20.0,30,4769,14,16,356,0.00189208984375,20.927960804530553,-0.0003277692636142352,79.20832824707031,21.877290725708008,1.0862798690795898,20.022610247985078,-6.526800130290955,0.18343343962757253,519.5521737715626,356.61485588348154,20.022610247985078,1
9129,9129,488,default,48000,20.0,30,4770,12,13,363,0.0023860931396484375,20.875337918599445,-0.00032752832582142827,79.20829772949219,21.877290725708008,1.0862799882888794,20.022579796548023,-6.52680004549708,0.18343142975612103,519.5519921527231,356.61488782608785,20.022579796548023,1
9130,9130,489,default,48000,20.0,30,4770,14,16,348,0.0020236968994140625,20.902072634015763,-0.0003276954313540565,79.20825958251953,21.877290725708008,1.0862799882888794,20.022541742646233,-6.526799939504736,0.1834287687681755,519.5517651909264,356.61493049946233,20.022541742646233,1
9131,9131,490,default,48000,20.0,30,4766,10,12,352,0.0004634857177734375,20.87470226287842,-0.0003278633492300287,79.2082290649414,21.877290725708008,1.0862799882888794,20.0225112995248,-6.526799854710861,0.18342663997781905,519.5515836208679,356.6149646382787,20.0225112995248,1
9132,9132,491,default,48000,20.0,30,4770,4,9,359,0.000396728515625,20.840779781341553,-0.00032736601133365184,79.20819091796875,21.877290725708008,1.0862799882888794,20.02247324562301,-6.526799748718517,0.1834239789898735,519.5513566575183,356.6150073119452,20.02247324562301,1
9133,9133,492,default,48000,20.0,30,4775,7,11,301,0.01583099365234375,20.931939261300222,-0.00032760531342189225,79.20816040039062,21.877290725708008,1.0862799882888794,20.02244280250158,-6.526799663924642,0.18342185019951707,519.5511750862175,356.61504145099514,20.02244280250158,1
9134,9134,493,default,48000,20.0,30,4759,5,9,324,0.000225067138671875,20.949895095825195,-0.00032767974189482627,79.20812225341797,21.877290725708008,1.0862798690795898,20.022404756915414,-6.526799557932298,0.18341907029266658,519.5509481713394,356.6150863209525,20.022404756915414,1
9135,9135,494,default,48000,20.0,30,4772,9,14,327,0.000919342041015625,20.898467805650498,-0.00032760116866686277,79.20809173583984,21.877290725708008,1.0862798690795898,20.022374313793982,-6.526799473138423,0.18341694150231014,519.5507665987965,356.6151204602394,20.022374313793982,1
9136,9136,495,default,48000,20.0,30,4771,6,10,344,0.0004138946533203125,20.977102597554524,-0.000327878660755232,79.20805358886719,21.877290725708008,1.0862798690795898,20.022336259892192,-6.526799367146079,0.1834142805143646,519.5505396323413,356.61516313449397,20.022336259892192,1
9137,9137,496,default,48000,20.0,30,4771,7,13,325,0.00506591796875,20.98458126613072,-0.0003276185390339898,79.20802307128906,21.877290725708008,1.0862799882888794,20.022305808455137,-6.526799282352204,0.1834122706429131,519.5503580085311,356.61519507800466,20.022305808455137,1
9138,9138,497,default,48000,20.0,30,4773,8,14,332,0.0001964569091796875,20.92395520210266,-0.0003276844508945942,79.2079849243164,21.877290725708008,1.0862799882888794,20.022267754553347,-6.5267991763598605,0.18340960965496755,519.5501310405228,356.6152377525471,20.022267754553347,1
9139,9139,498,default,48000,20.0,30,4772,11,15,333,0.0050563812255859375,20.872529810125176,-0.00032759241929108447,79.20795440673828,21.877290725708008,1.0862799882888794,20.022237311431915,-6.5267990915659855,0.18340748086461112,519.549949465495,356.6152718922978,20.022237311431915,1
9140,9140,499,default,48000,20.0,30,4777,9,11,304,0.00141143798828125,20.87013159857856,-0.0003273169794637296,79.20791625976562,21.877290725708008,1.0862799882888794,20.022199257530126,-6.526798985573642,0.18340481987666557,519.5497224959338,356.61531456713215,20.022199257530126,1
9141,9141,500,default,48000,20.0,30,4770,10,17,308,0.0006504058837890625,20.86780834197998,-0.0003274718386819586,79.2078857421875,21.877290725708008,1.0862799882888794,20.022168814408694,-6.526798900779767,0.18340269108630913,519.5495409196636,356.6153487071165,20.022168814408694,1
9142,9142,501,default,48000,20.0,30,4767,10,13,319,0.0014553070068359375,20.867357063293458,-0.00032746836659498514,79.20784759521484,21.877290725708008,1.0862798690795898,20.022130768822528,-6.526798794787423,0.18339991117945864,519.5493139985751,356.61539357827166,20.022130768822528,1
9143,9143,502,default,48000,20.0,30,4770,8,13,344,0.0006122589111328125,20.898789167404175,-0.0003274936134403106,79.20780944824219,21.877290725708008,1.0862798690795898,20.02209271492074,-6.526798688795079,0.1833972501915131,519.5490870265985,356.61543625356444,20.02209271492074,1
9144,9144,503,default,48000,20.0,30,4775,14,26,338,0.0036792755126953125,20.869505609784806,-0.0003274572643152039,79.20777893066406,21.877290725708008,1.0862798690795898,20.022062271799307,-6.526798604001204,0.18339512140115666,519.5489054483959,356.6154703939154,20.022062271799307,1
9145,9145,504,default,48000,20.0,30,4775,8,12,313,0.0014781951904296875,20.939134120941162,-0.00032804547663545236,79.2077407836914,21.877290725708008,1.0862799882888794,20.022024209581893,-6.52679849800886,0.18339257933211606,519.5486784248397,356.61551087345964,20.022024209581893,1
9146,9146,505,default,48000,20.0,30,4780,12,19,330,0.0003681182861328125,20.841017723083496,-0.0003276651817335126,79.20771026611328,21.877290725708008,1.0862799882888794,20.02199376646046,-6.526798413214985,0.18339045054175962,519.5484968453947,356.61554501404095,20.02199376646046,1
9147,9147,506,default,48000,20.0,30,4785,14,22,332,0.0001888275146484375,20.869885444641113,-0.0003276462832997952,79.20767211914062,21.877290725708008,1.0862799882888794,20.021955712558672,-6.526798307222641,0.18338778955381407,519.5482698703117,356.61558768991347,20.021955712558672,1
9148,9148,507,default,48000,20.0,30,4775,17,24,346,0.0012989044189453125,20.898745929493625,-0.00032750188599011917,79.2076416015625,21.877290725708008,1.0862799882888794,20.02192526943724,-6.526798222428766,0.18338566076345764,519.5480882896242,356.61562183072834,20.02192526943724,1
9149,9149,508,default,48000,20.0,30,4779,16,19,366,7.43865966796875e-05,20.829894542694092,-0.0003275165108789224,79.20760345458984,21.877290725708008,1.0862799882888794,20.02188721553545,-6.526798116436423,0.1833829997755121,519.5478613129883,356.6156645068929,20.02188721553545,1
9150,9150,509,default,48000,20.0,30,4770,6,13,356,0.002849578857421875,20.85137875874837,-0.00032766514050308615,79.20757293701172,21.877290725708008,1.0862798690795898,20.021856780729642,-6.526798031642548,0.1833807520662507,519.5476797810854,356.6157008440001,20.021856780729642,1
9151,9151,510,default,48000,20.0,30,4772,9,12,309,2.86102294921875e-05,20.84187274509006,-0.0003275477081640727,79.20753479003906,21.877290725708008,1.0862798690795898,20.021818726827853,-6.526797925650204,0.18337809107830516,519.5474528028966,356.61574352046085,20.021818726827853,1
9152,9152,511,default,48000,20.0,30,4779,10,14,342,0.00157928466796875,20.825946426391603,-0.0003276064235251397,79.20750427246094,21.877290725708008,1.0862798690795898,20.02178828370642,-6.526797840856329,0.18337596228794872,519.5472712197244,356.6157776617462,20.02178828370642,1
9153,9153,512,default,48000,20.0,30,4762,7,12,343,0.0021076202392578125,20.854447501046316,-0.0003279036609455943,79.20746612548828,21.877290725708008,1.0862799882888794,20.021750221489008,-6.526797734863985,0.18337342021890812,519.5470441899549,356.61581814242857,20.021750221489008,1
9154,9154,513,default,48000,20.0,30,4774,6,9,322,0.0039005279541015625,20.89953104654948,-0.00032795058117092896,79.20743560791016,21.877290725708008,1.0862799882888794,20.021719778367576,-6.52679765007011,0.18337129142855169,519.5468626055401,356.61585228394426,20.021719778367576,1
9155,9155,514,default,48000,20.0,30,4772,10,11,288,0.003940582275390625,20.827838516235353,-0.00032724087359383704,79.2073974609375,21.877290725708008,1.0862799882888794,20.021681724465786,-6.526797544077766,0.18336863044060614,519.546635624245,356.6158949609848,20.021681724465786,1
9156,9156,515,default,48000,20.0,30,4778,8,9,336,0.0011730194091796875,20.893880605697632,-0.0003276599418313708,79.20736694335938,21.877290725708008,1.0862799882888794,20.021651281344354,-6.526797459283891,0.1833665016502497,519.5464540385877,356.61592910273407,20.021651281344354,1
9157,9157,516,default,48000,20.0,30,4773,8,11,347,6.866455078125e-05,20.856578588485718,-0.0003277344840171281,79.20732879638672,21.877290725708008,1.0862799882888794,20.021613227442565,-6.526797353291547,0.18336384066230416,519.5462270557396,356.6159717800667,20.021613227442565,1
9158,9158,517,default,48000,20.0,30,4773,7,8,317,0.000995635986328125,20.887916837419784,-0.00032769262907095253,79.2072982788086,21.877290725708008,1.0862798690795898,20.021582792636757,-6.526797268497672,0.18336159295304277,519.5460455188683,356.61600811813827,20.021582792636757,1
9159,9159,518,default,48000,20.0,30,4768,12,19,351,0.0003814697265625,20.842539469401043,-0.00032766986017425853,79.20726013183594,21.877290725708008,1.0862798690795898,20.021544738734967,-6.5267971625053285,0.18335893196509723,519.5458185344672,356.616050795767,20.021544738734967,1
9160,9160,519,default,48000,20.0,30,4766,11,14,298,0.0015316009521484375,20.865331996570934,-0.00032749630785970527,79.20722961425781,21.877290725708008,1.0862798690795898,20.021514295613535,-6.5267970777114535,0.1833568031747408,519.5456369463252,356.61608493798684,20.021514295613535,1
9161,9161,520,default,48000,20.0,30,4769,13,19,311,0.0031566619873046875,20.851665496826172,-0.0003272405749437614,79.20719146728516,21.877290725708008,1.0862799882888794,20.021476233396122,-6.52679697171911,0.1833542611057002,519.545409910342,356.61612541980725,20.021476233396122,1
9162,9162,521,default,48000,20.0,30,4784,12,19,341,0.000514984130859375,20.87000052134196,-0.00032790763846909005,79.20716094970703,21.877290725708008,1.0862799882888794,20.02144579027469,-6.526796886925235,0.18335213231534375,519.5452283209572,356.61615956225734,20.02144579027469,1
9163,9163,522,default,48000,20.0,30,4778,8,11,305,0.0003604888916015625,20.91612982749939,-0.0003280050259490963,79.20712280273438,21.877290725708008,1.0862799882888794,20.0214077363729,-6.526796780932891,0.1833494713273982,519.5450013334497,356.616202240466,20.0214077363729,1
9164,9164,523,default,48000,20.0,30,4771,10,12,326,0.0001010894775390625,20.84027042388916,-0.00032752567203715445,79.20708465576172,21.877290725708008,1.0862799882888794,20.02136968247111,-6.526796674940547,0.18334681033945266,519.5447743450794,356.61624491883686,20.02136968247111,1
9165,9165,524,default,48000,20.0,30,4772,8,9,336,0.005916595458984375,20.855891942977905,-0.0003277502109995112,79.2070541381836,21.877290725708008,1.0862799882888794,20.02133923934968,-6.526796590146672,0.18334468154909622,519.5445927537619,356.6162790616504,20.02133923934968,1
9166,9166,525,default,48000,20.0,30,4771,10,15,337,0.0001068115234375,20.8841890335083,-0.0003277682611951604,79.20701599121094,21.877290725708008,1.0862798690795898,20.021301193763513,-6.526796484154328,0.18334190164224573,519.5443658138684,356.6163239364327,20.021301193763513,1
9167,9167,526,default,48000,20.0,30,4781,10,18,318,0.002109527587890625,20.79962787628174,-0.0003273491165600717,79.20698547363281,21.877290725708008,1.0862798690795898,20.02127075064208,-6.526796399360453,0.1833397728518893,519.5441842213085,356.6163580794832,20.02127075064208,1
9168,9168,527,default,48000,20.0,30,4775,9,13,322,0.00537872314453125,20.853262159559463,-0.00032771830188317434,79.20694732666016,21.877290725708008,1.0862798690795898,20.02123269674029,-6.526796293368109,0.18333711186394375,519.5439572298319,356.61640075844224,20.02123269674029,1
9169,9169,528,default,48000,20.0,30,4764,9,16,331,0.0014667510986328125,20.8953791724311,-0.00032778182907754346,79.20691680908203,21.877288818359375,1.0862799882888794,20.021202240016528,-6.5267981159154775,0.1833351016228093,519.5437403529819,356.61643271152536,20.021202240016528,1
9170,9170,529,default,48000,20.0,30,4773,14,15,332,0.0008144378662109375,20.85637651171003,-0.00032768847761742236,79.20687866210938,21.877288818359375,1.0862799882888794,20.02116418611474,-6.526798009923134,0.18333244063486376,519.543513359885,356.61647539077234,20.02116418611474,1
9171,9171,530,default,48000,20.0,30,4777,9,15,337,0.0037136077880859375,20.87237400478787,-0.0003275770545264499,79.20684814453125,21.877288818359375,1.0862799882888794,20.021133742993307,-6.526797925129259,0.18333031184450732,519.5433317647862,356.6165095342867,20.021133742993307,1
9172,9172,531,default,48000,20.0,30,4771,8,11,331,0.0001735687255859375,20.88246774673462,-0.0003276100251241587,79.2068099975586,21.877288818359375,1.0862799882888794,20.021095689091517,-6.526797819136915,0.18332765085656177,519.5431047701362,356.61655221382574,20.021095689091517,1
9173,9173,532,default,48000,20.0,30,4772,12,15,345,0.0016880035400390625,20.89766041437785,-0.00032795037744411576,79.20677947998047,21.877288818359375,1.0862799882888794,20.021065245970085,-6.52679773434304,0.18332552206620534,519.5429231737949,356.61658635757374,20.021065245970085,1
9174,9174,533,default,48000,20.0,30,4775,6,7,337,0.005016326904296875,20.901793479919434,-0.00032794542009166133,79.20674133300781,21.877288818359375,1.0862798690795898,20.02102720038392,-6.526797628350696,0.18332274215935485,519.5426962276229,356.61663123355413,20.02102720038392,1
9175,9175,534,default,48000,20.0,30,4776,7,15,341,0.000457763671875,20.92994580950056,-0.0003280231404849993,79.20671081542969,21.877288818359375,1.0862798690795898,20.020996757262488,-6.526797543556821,0.1833206133689984,519.5425146300391,356.6166653775391,20.020996757262488,1
9176,9176,535,default,48000,20.0,30,4770,8,10,327,0.00025177001953125,20.92447519302368,-0.0003277937830716837,79.20667266845703,21.877288818359375,1.0862798690795898,20.020958703360698,-6.526797437564477,0.18331795238105286,519.5422876322828,356.61670805766636,20.020958703360698,1
9177,9177,536,default,48000,20.0,30,4774,9,12,347,0.000873565673828125,20.857542037963867,-0.0003277636553523027,79.2066421508789,21.877288818359375,1.0862799882888794,20.020928251923642,-6.526797352770602,0.18331594250960137,519.5421059834247,356.6167400057248,20.020928251923642,1
9178,9178,537,default,48000,20.0,30,4773,6,10,339,7.43865966796875e-05,20.83672332763672,-0.00032739992699741077,79.20660400390625,21.877288818359375,1.0862799882888794,20.020890198021853,-6.5267972467782585,0.18331328152165582,519.541878984115,356.6167826861399,20.020890198021853,1
9179,9179,538,default,48000,20.0,30,4772,7,10,301,0.0018062591552734375,20.839823041643417,-0.0003273821119884295,79.20657348632812,21.877288818359375,1.0862799882888794,20.02085975490042,-6.526797161984383,0.1833111527312994,519.5416973840458,356.6168168305888,20.02085975490042,1
9180,9180,539,default,48000,20.0,30,4777,8,13,350,0.0007610321044921875,20.810179948806763,-0.00032725167329772376,79.20653533935547,21.877288818359375,1.0862799882888794,20.02082170099863,-6.52679705599204,0.18330849174335384,519.5414703831829,356.61685951129596,20.02082170099863,1
9181,9181,540,default,48000,20.0,30,4781,7,9,326,0.000152587890625,20.853173392159597,-0.0003277726812354688,79.20650482177734,21.877288818359375,1.0862799882888794,20.0207912578772,-6.526796971198165,0.1833063629529974,519.5412887818711,356.6168936559785,20.0207912578772,1
9182,9182,541,default,48000,20.0,30,4781,11,14,335,0.0011425018310546875,20.877246856689453,-0.00032735491880554366,79.20646667480469,21.877288818359375,1.0862798690795898,20.020753212291034,-6.526796865205821,0.1833035830461469,519.5410618294875,356.61693853315705,20.020753212291034,1
9183,9183,542,default,48000,20.0,30,4776,11,12,321,0.000911712646484375,20.864910125732422,-0.0003275155507832427,79.20643615722656,21.877288818359375,1.0862798690795898,20.020722769169602,-6.526796780411946,0.18330145425579047,519.5408802269333,356.61697267807654,20.020722769169602,1
9184,9184,543,default,48000,20.0,30,4772,7,9,320,0.00240325927734375,20.874402454921178,-0.00032750000744791966,79.2063980102539,21.877288818359375,1.0862798690795898,20.020684715267812,-6.526796674419602,0.18329879326784493,519.5406532229639,356.617015359372,20.020684715267812,1
9185,9185,544,default,48000,20.0,30,4778,5,6,312,0.0031833648681640625,20.778721237182616,-0.0003274311660788953,79.20635986328125,21.877288818359375,1.0862799882888794,20.0206466530504,-6.526796568427258,0.18329625119880433,519.5404261680984,356.6170558446387,20.0206466530504,1
9186,9186,545,default,48000,20.0,30,4773,12,15,339,7.05718994140625e-05,20.925751845041912,-0.00032782513153506443,79.20632934570312,21.877288818359375,1.0862799882888794,20.020616209928967,-6.526796483633383,0.1832941224084479,519.540244563611,356.6170899899183,20.020616209928967,1
9187,9187,546,default,48000,20.0,30,4772,18,20,345,0.0023746490478515625,20.890881220499676,-0.00032765545539506193,79.20629119873047,21.877288818359375,1.0862799882888794,20.020578156027177,-6.526796377641039,0.18329146142050234,519.5400175572252,356.6171326716639,20.020578156027177,1
9188,9188,547,default,48000,20.0,30,4775,3,6,328,0.001129150390625,20.86881955464681,-0.0003270813128134857,79.20626068115234,21.877288818359375,1.0862799882888794,20.020547712905746,-6.526796292847164,0.1832893326301459,519.5398359514952,356.6171668171772,20.020547712905746,1
9189,9189,548,default,48000,20.0,30,4767,6,10,331,0.0012264251708984375,20.819177945454914,-0.0003275590667423482,79.20622253417969,21.877288818359375,1.0862799882888794,20.020509659003956,-6.5267961868548205,0.18328667164220036,519.539608943556,356.6172094992148,20.020509659003956,1
9190,9190,549,default,48000,20.0,30,4775,8,12,320,0.001636505126953125,20.835120916366577,-0.0003276794159319252,79.20619201660156,21.877288818359375,1.0862798690795898,20.020479224198148,-6.5267961020609455,0.18328442393293898,519.5394273866174,356.617245841171,20.020479224198148,1
9191,9191,550,default,48000,20.0,30,4770,5,8,307,0.006740570068359375,20.906505966186522,-0.00032761709881015124,79.2061538696289,21.877288818359375,1.0862798690795898,20.02044117029636,-6.526795996068602,0.18328176294499343,519.539200377125,356.6172885235048,20.02044117029636,1
9192,9192,551,default,48000,20.0,30,4777,11,16,330,0.0009365081787109375,20.92235617204146,-0.00032759781937453556,79.20612335205078,21.877288818359375,1.0862798690795898,20.020410727174927,-6.526795911274727,0.183279634154637,519.5390187689097,356.6173226694887,20.020410727174927,1
9193,9193,552,default,48000,20.0,30,4770,8,15,321,0.001247406005859375,20.84293794631958,-0.00032762471892056055,79.20608520507812,21.877288818359375,1.0862799882888794,20.020372664957513,-6.526795805282383,0.1832770920855964,519.5387917078295,356.61736315589377,20.020372664957513,1
9194,9194,553,default,48000,20.0,30,4780,10,14,348,0.010219573974609375,20.917788696289062,-0.000327698519686237,79.2060546875,21.877288818359375,1.0862799882888794,20.02034222183608,-6.526795720488508,0.18327496329523996,519.5386100983715,356.617397302108,20.02034222183608,1
9195,9195,554,default,48000,20.0,30,4770,13,14,363,0.0021839141845703125,20.86239873445951,-0.00032746285209074046,79.20601654052734,21.877288818359375,1.0862799882888794,20.02030416793429,-6.526795614496164,0.1832723023072944,519.5383830857721,356.6174399850218,20.02030416793429,1
9196,9196,555,default,48000,20.0,30,4772,15,20,324,0.0028438568115234375,20.928415298461914,-0.0003277982759755105,79.20598602294922,21.877288818359375,1.0862799882888794,20.02027372481286,-6.526795529702289,0.18327017351693797,519.5382014750714,356.6174741314697,20.02027372481286,1
9197,9197,556,default,48000,20.0,30,4780,12,15,353,0.0003223419189453125,20.87548605600993,-0.00032753946773785475,79.20594787597656,21.877288818359375,1.0862799882888794,20.02023567091107,-6.526795423709945,0.18326751252899243,519.5379744609187,356.6175168146756,20.02023567091107,1
9198,9198,557,default,48000,20.0,30,4774,9,12,335,0.002685546875,20.890910466512043,-0.0003278062504250556,79.20591735839844,21.877288818359375,1.0862798690795898,20.020205236105262,-6.52679533891607,0.18326526481973104,519.5377928990106,356.61755315759626,20.020205236105262,1
9199,9199,558,default,48000,20.0,30,4768,14,23,308,0.0018138885498046875,20.87981619153704,-0.00032754972718456496,79.20587921142578,21.877288818359375,1.0862798690795898,20.020167182203473,-6.526795232923726,0.1832626038317855,519.5375658833046,356.61759584109836,20.020167182203473,1
9200,9200,559,default,48000,20.0,30,4770,8,14,331,0.0008563995361328125,20.909611225128174,-0.0003279953707533423,79.20584869384766,21.877288818359375,1.0862798690795898,20.02013673908204,-6.526795148129851,0.18326047504142906,519.5373842701185,356.6176299880169,20.02013673908204,1
9201,9201,560,default,48000,20.0,30,4765,12,16,311,0.0022792816162109375,20.83094294865926,-0.0003277503516680251,79.205810546875,21.877288818359375,1.0862799882888794,20.020098676864627,-6.526795042137508,0.18325793297238846,519.5371572028233,356.6176704755603,20.020098676864627,1
9202,9202,561,default,48000,20.0,30,4775,12,13,346,0.000926971435546875,20.85763390858968,-0.00032767643278930336,79.20578002929688,21.877288818359375,1.0862799882888794,20.020068233743196,-6.526794957343633,0.18325580418203202,519.5369755883944,356.61770462270914,20.020068233743196,1
9203,9203,562,default,48000,20.0,30,4769,12,14,316,0.000579833984375,20.859413941701252,-0.0003276439941449401,79.20574188232422,21.877288818359375,1.0862799882888794,20.020030179841406,-6.526794851351289,0.18325314319408648,519.5367485695814,356.6177473067913,20.020030179841406,1
9204,9204,563,default,48000,20.0,30,4780,8,11,325,0.0003910064697265625,20.93743348121643,-0.0003279713055235334,79.2057113647461,21.877288818359375,1.0862799882888794,20.019999736719974,-6.526794766557414,0.18325101440373004,519.5365669539096,356.6177814541738,20.019999736719974,1
9205,9205,564,default,48000,20.0,30,4776,8,13,337,0.0028057098388671875,20.918471813201904,-0.0003277607393101789,79.20567321777344,21.877288818359375,1.0862799882888794,20.019961682818185,-6.52679466056507,0.1832483534157845,519.5363399335432,356.617824138548,20.019961682818185,1
9206,9206,565,default,48000,20.0,30,4774,3,5,354,0.00093841552734375,20.929953893025715,-0.0003277626334844778,79.20563507080078,21.877288818359375,1.0862798690795898,20.01992363723202,-6.526794554572726,0.183245573508934,519.5361129623506,356.6178690193544,20.01992363723202,1
9207,9207,566,default,48000,20.0,30,4778,8,13,298,3.4332275390625e-05,20.88486647605896,-0.00032767577067716047,79.20560455322266,21.877288818359375,1.0862798690795898,20.019893194110587,-6.526794469778851,0.18324344471857756,519.5359313447457,356.6179031671037,20.019893194110587,1
9208,9208,567,default,48000,20.0,30,4788,10,16,328,0.0007495880126953125,20.85166416168213,-0.0003274906688602641,79.20556640625,21.877288818359375,1.0862798690795898,20.019855140208797,-6.526794363786507,0.18324078373063202,519.535704321963,356.61794585193644,20.019855140208797,1
9209,9209,568,default,48000,20.0,30,4773,10,14,324,0.008378982543945312,20.891266441345216,-0.0003278999181929976,79.20553588867188,21.877286911010742,1.0862799882888794,20.019824683485034,-6.5267961863338755,0.18323877348949846,519.5354874176343,356.6179778095688,20.019824683485034,1
9210,9210,569,default,48000,20.0,30,4769,10,15,322,0.002170562744140625,20.893485450744627,-0.00032777741143945603,79.20549774169922,21.877286911010742,1.0862799882888794,20.019786629583244,-6.526796080341532,0.18323611250155292,519.5352603932307,356.61802049468946,20.019786629583244,1
9211,9211,570,default,48000,20.0,30,4774,4,5,337,5.91278076171875e-05,20.86423969268799,-0.0003274402770330198,79.2054672241211,21.877286911010742,1.0862799882888794,20.019756186461812,-6.526795995547657,0.18323398371119648,519.5350787730865,356.61805464290285,20.019756186461812,1
9212,9212,571,default,48000,20.0,30,4778,11,15,313,0.0013256072998046875,20.877073114568535,-0.00032759358344430274,79.20542907714844,21.877286911010742,1.0862799882888794,20.019718132560023,-6.526795889555313,0.18323132272325093,519.5348517471296,356.61809732831557,20.019718132560023,1
9213,9213,572,default,48000,20.0,30,4763,13,17,335,0.0014743804931640625,20.843176181499775,-0.0003275113301172566,79.20539855957031,21.877286911010742,1.0862799882888794,20.01968768943859,-6.526795804761438,0.1832291939328945,519.5346701257425,356.61813147676264,20.01968768943859,1
9214,9214,573,default,48000,20.0,30,4776,9,14,308,0.000858306884765625,20.913137435913086,-0.00032766285261863633,79.20536041259766,21.877286911010742,1.0862798690795898,20.019649643852425,-6.526795698769094,0.183226414026044,519.53444314827,356.61817635876736,20.019649643852425,1
9215,9215,574,default,48000,20.0,30,4771,6,8,311,0.0002384185791015625,20.83106263478597,-0.00032770130686306703,79.20532989501953,21.877286911010742,1.0862798690795898,20.019619200730993,-6.526795613975219,0.18322428523568757,519.5342615256404,356.6182105074514,20.019619200730993,1
9216,9216,575,default,48000,20.0,30,4766,11,15,341,0.0043392181396484375,20.950523029674184,-0.0003275380877312273,79.20529174804688,21.877286911010742,1.0862798690795898,20.019581146829204,-6.526795507982875,0.18322162424774202,519.5340344965765,356.6182531934525,20.019581146829204,1
9217,9217,576,default,48000,20.0,30,4778,12,18,331,0.0012989044189453125,20.872756640116375,-0.0003275495012834047,79.20526123046875,21.877286911010742,1.0862799882888794,20.019550695392148,-6.526795423189,0.18321961437629053,519.5338528226653,356.6182851460596,20.019550695392148,1
