cell_id,action_id,profile_id,network_profile,family,quantizer,q,frames_sent,measured_complete_reassemblies,measured_edge_admissions,simulated_map_installs,simulated_useful_newer_map_installs,median_payload_bytes,val_vehicle_precision,val_vehicle_recall,val_vehicle_f1,val_vehicle_xy_mae_m,val_vehicle_iou,val_canonical_person_precision,val_canonical_person_recall,val_canonical_person_f1,val_canonical_person_xy_mae_m,val_person_box_mask_iou,val_segmentation_miou,localization_overlap,localization_centroid_rms_m,localization_centroid_score,localization_quality,combined_quality,rate_reassembled_per_sent,rate_admitted_per_sent,rate_installed_per_sent,rate_useful_installations_per_sent,network_latency_observed_only,scheduler_arrival_causal_floor_frames,map_observation_duration_s,map_available_fraction,time_weighted_map_aoi_ms_when_available,fresh_map_time_ms_le_150_fraction,fresh_map_time_ms_le_200_fraction,fresh_map_time_ms_le_250_fraction,fresh_map_time_ms_le_300_fraction,ue_action_count,ue_action_p50_ms,ue_action_p95_ms,ue_action_p99_ms,sensor_compute_count,sensor_compute_p50_ms,sensor_compute_p95_ms,sensor_compute_p99_ms,sensor_compute_including_concat_count,sensor_compute_including_concat_p50_ms,sensor_compute_including_concat_p95_ms,sensor_compute_including_concat_p99_ms,seven_channel_concat_count,seven_channel_concat_p50_ms,seven_channel_concat_p95_ms,seven_channel_concat_p99_ms,pure_front_count,pure_front_p50_ms,pure_front_p95_ms,pure_front_p99_ms,network_count,network_p50_ms,network_p95_ms,network_p99_ms,edge_queue_count,edge_queue_p50_ms,edge_queue_p95_ms,edge_queue_p99_ms,model_tail_count,model_tail_p50_ms,model_tail_p95_ms,model_tail_p99_ms,tail_support_count,tail_support_p50_ms,tail_support_p95_ms,tail_support_p99_ms,map_install_count,map_install_p50_ms,map_install_p95_ms,map_install_p99_ms,edge_map_count,edge_map_p50_ms,edge_map_p95_ms,edge_map_p99_ms,total_count,total_p50_ms,total_p95_ms,total_p99_ms,capture_total_count,capture_total_p50_ms,capture_total_p95_ms,capture_total_p99_ms,terminal_measured_pre_queue_rejection,terminal_predicted_map_install_horizon_exceeded,terminal_processing_horizon_expired_after_compute,terminal_processing_horizon_expired_after_publication,terminal_processing_horizon_expired_at_arrival,terminal_processing_horizon_expired_before_compute,terminal_processing_horizon_expired_before_publication,terminal_queue_wait_budget_exceeded,terminal_result_published,terminal_superseded_pending,terminal_superseded_publication_pending,terminal_transport_incomplete
a00__favorable_stable,0,split_noae_uint8_q0000,FAVORABLE_STABLE,noAE,UINT8,0.0,2929,23,0,0,0,3585206.0,0.9313931614473829,0.8685378185945722,0.8988680051260145,0.4785501282606964,0.898997205787936,0.7966160220994475,0.5958161157024794,0.6817375886524824,0.8399585364786806,0.5278192766550763,0.7134082412215061,0.6888454506447169,0.683571711037597,0.5048107305050598,0.5896919324062748,0.6486070338505988,0.007852509388869921,0.0,0.0,0.0,True,0,310.09396992,0.0,,0.0,0.0,0.0,0.0,2929,47.67079600147724,81.44519100395011,117.28534899818945,2929,26.805548762643337,47.39767346052218,94.72909572380829,2929,26.9195327663064,49.90253743795443,98.35690381783294,2929,0.11398400366306305,2.504863977432251,3.627808094024658,2929,1.17939,3.508971,7.597587,0,,,,0,,,,258,21.574016571044922,25.28816032409668,29.48137664794922,258,45.44586259021006,77.30227171458772,109.06724537606964,3413,3.8683414459228516,9.625911712646484,31.520843505859375,0,,,,0,,,,0,,,,23,0,0,0,0,0,0,0,0,0,0,2906
a01__favorable_stable,1,split_noae_uint8_q3000,FAVORABLE_STABLE,noAE,UINT8,0.3,2882,50,1,1,1,2488528.0,0.9342456608811749,0.8664740480858528,0.8990845334332672,0.48566113628207824,0.874907992611778,0.7412280701754386,0.6110537190082644,0.6698754246885618,0.8402348604245259,0.5012355800539585,0.6880717863328683,0.6622197635004629,0.6862438924928301,0.5034635853423755,0.577411063642292,0.6303175882114613,0.01734906315058987,0.00034698126301179735,0.00034698126301179735,0.00034698126301179735,True,0,299.13961984,0.4996436019071729,74885.683483,0.0,0.00015349047386153153,0.0003206365042895416,0.0004877825347175516,2882,41.73812500167322,69.74644900195503,95.33897205557251,2882,26.761861520702837,47.13760713252974,87.82286744402123,2882,26.87558952241659,49.618599211310865,91.35720353410912,2882,0.11372800171375275,2.480992078781128,3.5343360900878906,2882,1.234647,3.343894,7.186551,0,,,,1,0.0,0.0,0.0,258,21.574016571044922,25.28816032409668,29.48137664794922,258,45.44586259021006,77.30227171458772,109.06724537606964,3413,3.8683414459228516,9.625911712646484,31.520843505859375,1,70.447294,70.447294,70.447294,1,142.194834,142.194834,142.194834,1,154.084918,154.084918,154.084918,49,0,0,0,0,0,0,0,1,0,0,2832
a02__favorable_stable,2,split_noae_uint8_q5000,FAVORABLE_STABLE,noAE,UINT8,0.5,2926,462,18,18,18,1768101.0,0.9346003353828954,0.8626560726447219,0.8971882378192745,0.4989849508905711,0.8214453849330626,0.7335597406606977,0.6136363636363636,0.6682604415693995,0.8374146262844592,0.49028807503787364,0.6558667299854681,0.6346218374178251,0.6892928396300103,0.5019308892272261,0.5643902047149162,0.6084116682002417,0.15789473684210525,0.006151742993848257,0.006151742993848257,0.006151742993848257,True,2,302.838171136,0.9987322558198003,9101.534885297922,0.0002637264110412726,0.0011141798397946061,0.0029545461612175096,0.005182066867968367,2926,34.59968000178623,63.127073950569155,93.17310700355006,2926,29.3421049206357,50.30107451393509,91.60393521203184,2926,29.518104919682024,53.306962499164584,95.20681521309996,2926,0.17599999904632568,3.005887985229492,3.6028800010681152,2926,1.388659,4.09381,7.80683,0,,,,18,0.0,0.0,0.0,258,21.574016571044922,25.28816032409668,29.48137664794922,258,45.44586259021006,77.30227171458772,109.06724537606964,3413,3.8683414459228516,9.625911712646484,31.520843505859375,18,69.62332,131.6742,131.6742,18,167.106139,365.341216,365.341216,18,191.123798,383.921329,383.921329,444,0,0,0,0,0,0,0,18,0,0,2464
a03__favorable_stable,3,split_noae_uint8_q7000,FAVORABLE_STABLE,noAE,UINT8,0.7,2944,2932,1848,1845,1827,1050134.0,0.917598848155942,0.854916933237024,0.8851495726495726,0.5338088468743897,0.7035952399012005,0.7414448669201521,0.6043388429752066,0.665907797381901,0.8636079275993035,0.4596647654360441,0.5816300026686223,0.5686984622021608,0.7179033840335792,0.48777385909199755,0.526684197188441,0.5534756824073069,0.9959239130434783,0.6277173913043478,0.6266983695652174,0.6205842391304348,True,24,304.275235584,0.9993283187157583,360.3582056443968,0.00012826335644796792,0.0055725998888657554,0.06942847288723242,0.24435524727898586,2944,31.077548014598847,62.43222400167084,87.66376905593872,2944,30.134489275517463,58.36493432960987,98.60002856707763,2944,30.417401261630058,61.44586241684437,102.34191661334228,2944,0.2829119861125946,3.080928087234497,3.7418880462646484,2944,1.420259,4.725286,10.48196,622,111.515458,169.124919,228.44642,1827,0.0,32.724616,72.758591,258,21.574016571044922,25.28816032409668,29.48137664794922,258,45.44586259021006,77.30227171458772,109.06724537606964,3413,3.8683414459228516,9.625911712646484,31.520843505859375,1827,72.606769,140.127147,187.032707,1827,228.815904,319.354036,362.081284,1827,262.373043,348.857654,391.072792,1084,0,1,0,0,0,0,0,1845,2,0,12
a04__favorable_stable,4,split_noae_uint8_q9000,FAVORABLE_STABLE,noAE,UINT8,0.9,3506,3505,3504,3423,3332,345256.0,0.8870987134784177,0.7613249406665978,0.8194135939582406,0.6685623246776862,0.4033976726835544,0.6612057667103539,0.5211776859504132,0.582900057770075,0.8692187008800133,0.3665532104369034,0.3849754415602289,0.38453440939002065,0.7754085155380904,0.46051561478299907,0.42081361663504047,0.40249584827502455,0.9997147746719909,0.9994295493439818,0.9763262977752425,0.9503707929264119,True,146,358.793774848,0.9989291496231707,264.48952855545417,0.015622296909623332,0.14675170894284958,0.4406013129853532,0.7378690601813147,3506,25.799947971996307,55.427776032546994,77.73854603868865,3506,30.21134471258497,56.501872355700016,97.625223809474,3506,30.519984715789317,59.569104249239444,101.35651987194348,3506,0.3086400032043457,3.0672318935394287,3.7312960624694824,3506,1.369564,4.727278,11.446165,1806,61.548624,108.363347,185.83332,3332,0.0,55.412877,87.329107,258,21.574016571044922,25.28816032409668,29.48137664794922,258,45.44586259021006,77.30227171458772,109.06724537606964,3413,3.8683414459228516,9.625911712646484,31.520843505859375,3332,75.487839,159.373797,201.116121,3332,169.011346,252.203454,290.35821,3332,201.378392,291.539821,328.658501,1,0,0,0,0,0,0,0,3423,81,0,1
a05__favorable_stable,5,split_noae_uint8_q9800,FAVORABLE_STABLE,noAE,UINT8,0.98,2937,2937,2937,2876,2845,70748.0,0.8257995735607676,0.3996491590135177,0.5386273555385578,0.9430037220508795,0.07921903568115685,0.6301806588735388,0.306301652892562,0.4122349669794926,0.9740201170574634,0.17854106426136118,0.12888004997125901,0.11892792329925084,0.9586373684126983,0.3834149835486331,0.21353863293384492,0.16589415204674415,1.0,1.0,0.979230507320395,0.968675519237317,True,222,300.33149952,0.9984466177415768,235.47453262172752,0.05625317267752974,0.2977383004577088,0.6341443836174004,0.8594829017953555,2937,23.04072199912858,51.09490399899292,69.44238402394868,2937,30.14369615271282,57.99503475179625,101.07964825534535,2937,30.43131216719341,61.074202833079816,104.86720037364674,2937,0.2876160144805908,3.0791680812835693,3.7875521183013916,2937,1.318836,4.396186,10.510901,1573,40.305976,54.3876,68.956352,2845,0.0,52.463298,82.007418,258,21.574016571044922,25.28816032409668,29.48137664794922,258,45.44586259021006,77.30227171458772,109.06724537606964,3413,3.8683414459228516,9.625911712646484,31.520843505859375,2845,74.240969,155.126395,202.022355,2845,141.087525,222.991434,265.014942,2845,172.241183,263.421074,310.816699,0,0,0,0,0,0,0,0,2876,61,0,0
a06__favorable_stable,6,split_noae_uint6_q0000,FAVORABLE_STABLE,noAE,UINT6,0.0,2728,29,4,4,4,2764857.0,0.9312596856320566,0.8681250644928284,0.8985847797062749,0.47786770119596883,0.8990013931039261,0.7984094052558783,0.5963326446280992,0.6827321111768185,0.8427417703409643,0.5277991932416186,0.7134002931727723,0.6888339495142087,0.6850442435798372,0.5040679273118778,0.5892530027023043,0.6483619859929793,0.01063049853372434,0.001466275659824047,0.001466275659824047,0.001466275659824047,True,3,298.117582592,0.9992536431663458,49765.671371135526,0.00012645163251438364,0.0003424149126410477,0.0007700914820384725,0.0012732486547748694,2728,56.060989995897295,92.7351040008719,126.16941018817138,2728,26.929775056981562,43.318823247307776,96.7571049747653,2728,27.044591059529303,45.237479238862036,100.40923295595121,2728,0.11481600254774094,1.9186559915542603,3.652127981185913,2728,1.201361,3.264064,6.551833,0,,,,4,0.0,0.0,0.0,258,21.574016571044922,25.28816032409668,29.48137664794922,258,45.44586259021006,77.30227171458772,109.06724537606964,3413,3.8683414459228516,9.625911712646484,31.520843505859375,4,70.952742,111.28645,111.28645,4,113.682883,199.097668,199.097668,4,185.617549,313.386678,313.386678,25,0,0,0,0,0,0,0,4,0,0,2699
a07__favorable_stable,7,split_noae_uint6_q3000,FAVORABLE_STABLE,noAE,UINT6,0.3,3503,334,2,2,2,1931265.0,0.9340084576007123,0.8660612939841089,0.8987524763077582,0.485069829347577,0.8749078600351812,0.7428661022264033,0.6118285123966942,0.6710097719869706,0.8442983214552167,0.5011226873947935,0.6880152737149874,0.6621451336706008,0.6885246527740978,0.5023166140743173,0.576720470913945,0.629914670930035,0.09534684556094776,0.0005709391949757351,0.0005709391949757351,0.0005709391949757351,True,1,361.707869952,0.9988096638951839,180759.05975756375,0.0,2.8232222321718205e-05,0.00016646532188528364,0.00030469842144884913,3503,39.60198600009322,68.1552120009849,95.97027993336486,3503,26.995113497228623,44.794925466156485,89.87091124969434,3503,27.110441496224404,46.810829415894034,93.44257327460814,3503,0.11532799899578094,2.015903949737549,3.5787200927734375,3503,1.191495,3.080799,6.348569,0,,,,2,0.0,0.0,0.0,258,21.574016571044922,25.28816032409668,29.48137664794922,258,45.44586259021006,77.30227171458772,109.06724537606964,3413,3.8683414459228516,9.625911712646484,31.520843505859375,2,72.158663,80.290124,80.290124,2,166.195645,408.464602,408.464602,2,189.788183,430.553937,430.553937,332,0,0,0,0,0,0,0,2,0,0,3169
a08__favorable_stable,8,split_noae_uint6_q5000,FAVORABLE_STABLE,noAE,UINT6,0.5,2886,1975,166,166,166,1381598.0,0.9344500279173646,0.8634815808482097,0.8975651614287247,0.4999358610095649,0.8214967369562596,0.7351485148514851,0.6136363636363636,0.6689189189189189,0.8401832564080812,0.49022338157131434,0.655860059263787,0.6345998017179789,0.6913189457377334,0.5009149535312108,0.5638089483047223,0.6080951983436381,0.6843381843381844,0.05751905751905752,0.05751905751905752,0.05751905751905752,True,4,299.212182784,0.9983421616379902,1330.1324252320237,0.0,0.0,0.0023670924205358708,0.011453976138645594,2886,34.584413999728916,62.92692901669693,101.69108499139405,2886,28.013515334022998,49.297026388255595,92.25343668043519,2886,28.14039533902502,52.27603434762144,95.87090861380005,2886,0.1268800050020218,2.9790079593658447,3.617471933364868,2886,1.283066,3.972423,9.045802,26,118.0585,209.063465,215.933383,166,0.0,0.0,9.957297,258,21.574016571044922,25.28816032409668,29.48137664794922,258,45.44586259021006,77.30227171458772,109.06724537606964,3413,3.8683414459228516,9.625911712646484,31.520843505859375,166,73.906986,133.352177,166.94872,166,272.843419,345.942097,453.10643,166,311.610674,379.08647,486.479694,1809,0,0,0,0,0,0,0,166,0,0,911
a09__favorable_stable,9,split_noae_uint6_q7000,FAVORABLE_STABLE,noAE,UINT6,0.7,2954,2953,2468,2430,2357,824905.0,0.9179038333702637,0.854916933237024,0.885291446278784,0.5341768452875015,0.7038330229558449,0.7397086763774541,0.6033057851239669,0.6645803698435276,0.8618034693587783,0.459712159537804,0.5817725912468245,0.5688238733888129,0.716955410691674,0.48823647494639943,0.5269919950138816,0.553705245149041,0.9996614759647935,0.8354773188896412,0.8226134055517942,0.7979011509817197,True,80,308.877901568,0.9987608260220074,323.81270403404903,0.0005048174188196898,0.022333870526122106,0.153645380660397,0.41097965414354315,2954,33.60252105557251,67.96690200042009,95.14365999860144,2954,30.05570684468174,61.39362612991572,96.7571049747653,2954,30.322458849305153,64.49068204193354,100.40923295595121,2954,0.2667520046234131,3.0970559120178223,3.652127981185913,2954,1.355893,4.382501,10.246662,988,85.934501,147.845877,203.465513,2357,0.0,52.368854,86.694466,258,21.574016571044922,25.28816032409668,29.48137664794922,258,45.44586259021006,77.30227171458772,109.06724537606964,3413,3.8683414459228516,9.625911712646484,31.520843505859375,2357,75.144804,157.725017,210.476786,2357,206.34336,299.023736,346.310924,2357,243.536148,336.34822,378.140465,485,0,1,0,0,0,0,0,2430,37,0,1
a10__favorable_stable,10,split_noae_uint6_q9000,FAVORABLE_STABLE,noAE,UINT6,0.9,3501,3501,3501,3381,3308,272674.0,0.8854604394285028,0.7610153750902899,0.818534961154273,0.6686073634788954,0.40382038008997967,0.6591503267973856,0.5209194214876033,0.5819388343912291,0.8662250206658625,0.36671271410555356,0.38526654709776664,0.38481952600398633,0.7737511204921689,0.4612795039396976,0.4213185968616011,0.40288951468230716,1.0,1.0,0.9657240788346186,0.9448728934590117,True,156,358.779994624,0.9995896297307371,261.23480250812975,0.022820713472557434,0.1729408220238861,0.4668948708903139,0.7452615613092317,3501,27.570195996652604,56.065730010856626,77.30667498752213,3501,30.741890319405556,58.74218697000027,100.09772516670131,3501,31.14390633326626,61.82397908616543,103.85471726837062,3501,0.4020160138607025,3.081792116165161,3.7569921016693115,3501,1.355503,4.660894,11.173671,1867,55.626155,92.143901,137.156479,3308,0.0,60.217807,92.714067,258,21.574016571044922,25.28816032409668,29.48137664794922,258,45.44586259021006,77.30227171458772,109.06724537606964,3413,3.8683414459228516,9.625911712646484,31.520843505859375,3308,74.277133,165.526904,213.93636,3308,161.714948,255.94493,299.438399,3308,197.312158,294.047341,334.286481,0,0,0,0,0,0,0,0,3381,120,0,0
a11__favorable_stable,11,split_noae_uint6_q9800,FAVORABLE_STABLE,noAE,UINT6,0.98,2917,2916,2916,2822,2786,56004.0,0.8263370978052419,0.4001651016406976,0.539210233592881,0.9445463102797858,0.0794400600311816,0.6276483050847458,0.30604338842975204,0.4114583333333333,0.9829375802459547,0.17856811537922182,0.12900408770520172,0.11910273634715679,0.9639330938719061,0.3813898899614075,0.21313042839900795,0.16581524802572542,0.9996571820363387,0.9996571820363387,0.9674322934521769,0.9550908467603703,True,217,299.436999424,0.998479290846235,243.31939476115141,0.04749585111511807,0.27218712875088846,0.6011439924700653,0.8238686679787346,2917,23.169615992782592,54.02603702161789,77.01158299955844,2917,30.61370113407135,62.079219249822145,108.47046680258512,2917,30.98922112499237,65.17886724863196,112.28701085852384,2917,0.3755199909210205,3.0996479988098145,3.8165440559387207,2917,1.344524,5.046035,15.440274,1524,38.989352,52.556411,66.875298,2786,0.0,54.120689,84.285327,258,21.574016571044922,25.28816032409668,29.48137664794922,258,45.44586259021006,77.30227171458772,109.06724537606964,3413,3.8683414459228516,9.625911712646484,31.520843505859375,2786,74.105895,160.075422,215.215373,2786,141.807908,233.292722,285.034353,2786,175.859796,274.165636,323.001225,0,0,0,0,0,0,0,0,2822,94,0,1
a12__favorable_stable,12,split_noae_uint4_q0000,FAVORABLE_STABLE,noAE,UINT4,0.0,2879,1538,57,54,54,1488370.0,0.9325431989366415,0.8687441956454443,0.8995138629200278,0.47905616765836595,0.8989035151908015,0.79750346740638,0.59400826446281,0.6808762581409118,0.8432346658195582,0.5274933455564375,0.7131984303736194,0.6885968505304375,0.6857621721163039,0.5037061724351556,0.5889401361187652,0.6480981257988092,0.5342132684960056,0.019798541160125045,0.0187565126780132,0.0187565126780132,True,2,303.379244288,0.9947789547049688,4581.041042981222,0.0,0.0,0.0,0.001714366051048181,2879,47.07349100086689,79.35235900021624,116.88136799898791,2879,27.903133688014506,47.49017480860949,87.32875053999425,2879,28.02809368584728,50.026219167679315,90.85655849096776,2879,0.12495999783277512,2.5169920921325684,3.5278079509735107,2879,1.279787,3.799258,7.453529,22,111.852014,143.023023,165.762842,54,0.0,33.383012,48.601781,258,21.574016571044922,25.28816032409668,29.48137664794922,258,45.44586259021006,77.30227171458772,109.06724537606964,3413,3.8683414459228516,9.625911712646484,31.520843505859375,54,71.922867,260.897017,304.503722,54,282.050007,442.779114,475.434865,54,317.468565,491.258374,501.640567,1481,0,3,0,0,0,0,0,54,0,0,1341
a13__favorable_stable,13,split_noae_uint4_q3000,FAVORABLE_STABLE,noAE,UINT4,0.3,3474,3453,1906,1905,1893,1089468.0,0.9332591768631813,0.865751728407801,0.8982388523098336,0.48659542491675073,0.8747882382777682,0.7414603572547791,0.6110537190082644,0.6699702675916749,0.845245778051548,0.50045817186041,0.6876232050690891,0.6616607306569436,0.6896432167664233,0.5017550549255398,0.5761871364867907,0.6294439176849894,0.9939550949913645,0.5486470926885435,0.5483592400690847,0.5449050086355786,True,38,362.872723456,0.998929162816926,377.73457109927944,0.0,0.0032221317900786605,0.05077515239922437,0.2056688418220264,3474,40.74810799746847,75.72941599031067,109.18627397199631,3474,28.04539840639925,48.586721606434345,96.7571049747653,3474,28.173142410529614,51.52822560805178,100.40923295595121,3474,0.12774400413036346,2.9415040016174316,3.652127981185913,3474,1.271141,3.709615,10.950434,561,109.683597,172.979388,208.452105,1893,0.0,13.145454,53.542624,258,21.574016571044922,25.28816032409668,29.48137664794922,258,45.44586259021006,77.30227171458772,109.06724537606964,3413,3.8683414459228516,9.625911712646484,31.520843505859375,1893,73.35082,121.409765,162.028302,1893,232.112525,311.648429,362.812682,1893,263.737656,340.971465,387.172212,1547,0,1,0,0,0,0,0,1905,0,0,21
a14__favorable_stable,14,split_noae_uint4_q5000,FAVORABLE_STABLE,noAE,UINT4,0.5,2968,2961,2563,2519,2447,790619.0,0.9327019498607242,0.8637911464245176,0.896924890174649,0.5015408116203153,0.8217156200787067,0.7358199753390875,0.6164772727272727,0.6708825182686903,0.8362008215653391,0.48975808204106164,0.6557368510598842,0.6343830594151526,0.6894835022345759,0.5018351988991475,0.5642302267690493,0.6082651988847798,0.9976415094339622,0.863544474393531,0.8487196765498652,0.8244609164420486,True,67,308.998581504,0.9985166734851368,319.95314202279155,0.0005874539135955554,0.02407309254882035,0.1607445682444242,0.42878318505253354,2968,36.104555117111204,69.59562304717255,100.03525800580215,2968,30.292996663101196,52.82552914781141,92.25343668043519,2968,30.607748675592422,55.86056904954481,95.87090861380005,2968,0.3147520124912262,3.0350399017333984,3.617471933364868,2968,1.36532,4.376186,13.114679,1077,87.790979,145.559958,231.239726,2447,0.0,45.772961,83.918615,258,21.574016571044922,25.28816032409668,29.48137664794922,258,45.44586259021006,77.30227171458772,109.06724537606964,3413,3.8683414459228516,9.625911712646484,31.520843505859375,2447,75.24417,149.743046,199.023776,2447,206.93683,293.050255,342.006153,2447,243.551493,328.0886,371.568756,398,1,0,0,0,0,0,0,2519,43,0,7
a15__favorable_stable,15,split_noae_uint4_q7000,FAVORABLE_STABLE,noAE,UINT4,0.7,2907,2907,2813,2731,2641,485431.0,0.9171826625386997,0.8559488184913837,0.8855084067253802,0.5330236743419888,0.7039510673568079,0.7365608299276957,0.6051136363636364,0.6643981284559762,0.856041666772742,0.45889488404522516,0.5814229757010165,0.5683656775599797,0.7130643633852728,0.4901399269765129,0.527805562395097,0.5539659562457839,1.0,0.9676642586859305,0.9394564843481252,0.9084967320261438,True,107,301.505180416,0.99850324457982,288.02561900440594,0.005803838158222036,0.07840306944107668,0.3089039822848017,0.6119697256558597,2907,30.946956996479035,61.89262400039244,87.51926502959061,2907,31.48641665396118,60.64151500346232,119.16002544488907,2907,32.15707267937088,63.73562692286539,123.12517747011185,2907,0.6706560254096985,3.094111919403076,3.9651520252227783,2907,1.437948,4.429549,13.806157,1259,69.219912,108.33351,177.255944,2641,0.0,56.459802,85.219273,258,21.574016571044922,25.28816032409668,29.48137664794922,258,45.44586259021006,77.30227171458772,109.06724537606964,3413,3.8683414459228516,9.625911712646484,31.520843505859375,2641,74.367864,157.79288,202.027752,2641,182.75049,269.251504,318.771257,2641,219.073346,310.348875,352.474098,94,0,0,0,0,0,0,0,2731,82,0,0
a16__favorable_stable,16,split_noae_uint4_q9000,FAVORABLE_STABLE,noAE,UINT4,0.9,2973,2973,2973,2884,2847,163679.0,0.8840095465393795,0.764420596429677,0.8198771512367883,0.6693543448852496,0.40442562176503466,0.6577159495308962,0.525051652892562,0.5839437024271148,0.8753472578746683,0.36653574186939003,0.38548068181721235,0.38501486374507193,0.7791880584574762,0.45877836133191646,0.4202814393681872,0.40250512518819953,1.0,1.0,0.9700639085099226,0.9576185671039354,True,149,303.31019904,0.9983898133477022,246.9066821053401,0.036299149886311714,0.23297793587112736,0.5600917527458295,0.8165035674891363,2973,23.623284999136448,55.305213896835326,69.00181409402465,2973,29.869257470221044,55.090583023777484,96.7571049747653,2973,30.111977463216306,58.153303084125994,100.40923295595121,2973,0.24271999299526215,3.0627200603485107,3.652127981185913,2973,1.271312,4.075734,11.245464,1630,47.510615,71.974652,86.003919,2847,0.0,55.136471,81.038289,258,21.574016571044922,25.28816032409668,29.48137664794922,258,45.44586259021006,77.30227171458772,109.06724537606964,3413,3.8683414459228516,9.625911712646484,31.520843505859375,2847,74.3171,156.514643,203.326409,2847,151.682565,236.989473,283.6204,2847,183.625713,276.504414,324.923982,0,0,0,0,0,0,0,0,2884,89,0,0
a17__favorable_stable,17,split_noae_uint4_q9800,FAVORABLE_STABLE,noAE,UINT4,0.98,3018,3018,3018,2925,2891,34686.0,0.825800976023764,0.40160974099680113,0.5404054429325188,0.946399652882089,0.07973839118926303,0.6214659685863875,0.3065599173553719,0.4105845728121757,0.986899855585774,0.1790290818186328,0.1293837365039479,0.11948008604076547,0.9668618380954334,0.380274530622635,0.21315542131952483,0.16606879558301554,1.0,1.0,0.9691848906560636,0.9579191517561298,True,244,308.890687744,0.9985179160940604,240.48392219213787,0.050130516481718644,0.27800193172598486,0.6120497119313766,0.8392229642378894,3018,23.615068009313582,54.288628038803104,75.03193999886035,3018,31.582483424847126,56.741989981128214,94.72909572380829,3018,32.275152056314944,59.81034196515226,98.35690381783294,3018,0.6924480199813843,3.068351984024048,3.627808094024658,3018,1.34966,4.723059,14.911591,1540,38.200705,49.721812,67.140812,2891,0.0,50.60771,83.329141,258,21.574016571044922,25.28816032409668,29.48137664794922,258,45.44586259021006,77.30227171458772,109.06724537606964,3413,3.8683414459228516,9.625911712646484,31.520843505859375,2891,74.182911,160.702862,208.361413,2891,140.319721,225.796654,275.240905,2891,174.015888,272.387975,321.047871,0,0,0,0,0,0,0,0,2925,93,0,0
a18__favorable_stable,18,split_ae128_uint8_q0000,FAVORABLE_STABLE,AE128,UINT8,0.0,2924,100,3,3,3,2347741.0,0.9354335967939441,0.8670931792384687,0.8999678697654493,0.4813474971373565,0.8978209228434613,0.7907789032483409,0.5847107438016529,0.672308834446919,0.8399358682991729,0.5212649767707229,0.7095429498070921,0.6841071571693034,0.6845391427288446,0.5043225967623848,0.5873761128675186,0.6455761610919679,0.03419972640218878,0.0010259917920656635,0.0010259917920656635,0.0010259917920656635,True,1,298.89998336,0.9985812671776256,74778.0622696505,0.0,5.438238174949091e-05,0.00037326299836432347,0.0007078230705191566,2924,30.68280599881959,57.27454899583435,83.63444109402465,2924,26.806610027958392,46.57690339561129,95.68319638038827,2924,26.920754025389193,48.964103512722495,99.3345883634205,2924,0.11414399743080139,2.387200117111206,3.6513919830322266,2924,1.169116,3.563979,8.492026,0,,,,3,0.0,0.0,0.0,137,21.248319625854492,24.753183364868164,25.83180809020996,137,46.8398970129109,81.12619470905908,111.52821377566012,3413,3.8683414459228516,9.625911712646484,31.520843505859375,3,72.20328,126.041673,126.041673,3,181.299094,396.281169,396.281169,3,204.686589,424.059217,424.059217,97,0,0,0,0,0,0,0,3,0,0,2824
a19__favorable_stable,19,split_ae128_uint8_q3000,FAVORABLE_STABLE,AE128,UINT8,0.3,3031,789,5,5,5,1669668.0,0.930286599535244,0.8675059333402125,0.8978000854335754,0.48195888720354085,0.8882875819219526,0.7513884351519111,0.59400826446281,0.6634934371844801,0.8333870762020209,0.5100791000246124,0.6991833409732825,0.6731247509561573,0.6807416498698418,0.5062413992356561,0.5837496173739197,0.6388646239755121,0.2603101286704058,0.001649620587264929,0.001649620587264929,0.001649620587264929,True,2,311.859644416,0.9988541250033515,39090.56677217346,2.0697246712017493e-05,0.0004321669424474125,0.0009131525482666444,0.0015007875926892047,3031,32.14989203868866,60.416284001283884,83.61945200980377,3031,29.847519240900994,51.894116105439664,90.03058602102185,3031,30.084181832845687,54.91958803117514,93.61452199705029,3031,0.23600000143051147,3.0254719257354736,3.5839359760284424,3031,1.490591,4.476348,9.291256,0,,,,5,0.0,0.0,0.0,137,21.248319625854492,24.753183364868164,25.83180809020996,137,46.8398970129109,81.12619470905908,111.52821377566012,3413,3.8683414459228516,9.625911712646484,31.520843505859375,5,71.010234,139.520747,139.520747,5,144.741773,335.006949,335.006949,5,171.405875,357.352169,357.352169,784,0,0,0,0,0,0,0,5,0,0,2242
a20__favorable_stable,20,split_ae128_uint8_q5000,FAVORABLE_STABLE,AE128,UINT8,0.5,3542,3376,224,224,224,1209715.0,0.9254058797718298,0.8704984005778558,0.8971127771574414,0.4893968203044741,0.8544549524141708,0.7461290322580645,0.5973657024793388,0.6635111876075731,0.8261759591046256,0.5039974931914152,0.679226222802793,0.6562340695679645,0.6789977772889163,0.507124989941992,0.5768818734621902,0.6259658903767219,0.9531338226990401,0.06324110671936758,0.06324110671936758,0.06324110671936758,True,2,359.498634496,0.9987570699075772,1309.5244630517882,0.0,0.0002449453504140633,0.0041783104325441136,0.018746519611815067,3542,24.614348001602888,48.50926000008583,70.05753600190735,3542,27.929304064840316,49.24235083503342,86.22699280436993,3542,28.054808066815376,52.214350718685154,89.72286482509136,3542,0.1255040019750595,2.9719998836517334,3.4958720207214355,3542,1.347574,3.922209,8.682635,57,133.655595,238.460375,247.053615,224,0.0,0.0,0.0,137,21.248319625854492,24.753183364868164,25.83180809020996,137,46.8398970129109,81.12619470905908,111.52821377566012,3413,3.8683414459228516,9.625911712646484,31.520843505859375,224,70.854693,128.358716,139.348035,224,249.963702,338.759082,388.300271,224,281.430356,367.20641,409.084197,3152,0,0,0,0,0,0,0,224,0,0,166
a21__favorable_stable,21,split_ae128_uint8_q7000,FAVORABLE_STABLE,AE128,UINT8,0.7,3006,3003,2672,2595,2503,732195.0,0.9057900956064024,0.8700856464761119,0.8875789473684211,0.5321056818268167,0.7716221742838556,0.6969787615913849,0.6017561983471075,0.645876645876646,0.8518478373341022,0.47206109177109623,0.6218416330274759,0.6035335997500255,0.7102046165025854,0.49154360923612056,0.544667865691006,0.5819769368788467,0.999001996007984,0.8888888888888888,0.8632734530938124,0.832667997338656,True,52,309.00293888,0.9983838006045828,307.1428011963298,0.003731806332262156,0.05812398758115009,0.2400106213578806,0.5002356899525421,3006,27.745700000256537,56.66059700025654,79.65975898457336,3006,31.169085827088832,56.741989981128214,108.47046680258512,3006,31.740805139540196,59.81034196515226,112.28701085852384,3006,0.5695359706878662,3.068351984024048,3.8165440559387207,3006,1.459317,4.707704,9.061781,1415,85.826388,153.366783,224.719186,2503,0.0,61.6618,91.494461,137,21.248319625854492,24.753183364868164,25.83180809020996,137,46.8398970129109,81.12619470905908,111.52821377566012,3413,3.8683414459228516,9.625911712646484,31.520843505859375,2503,74.53093,176.592464,221.019868,2503,194.099679,304.945514,346.025516,2503,230.144539,338.321712,380.560345,331,0,0,0,0,0,0,0,2595,77,0,3
a22__favorable_stable,22,split_ae128_uint8_q9000,FAVORABLE_STABLE,AE128,UINT8,0.9,2933,2933,2931,2785,2734,248209.0,0.8312811980033278,0.7732948096171706,0.8012402437720518,0.7325707899683028,0.4435684689947239,0.5665378244064053,0.5299586776859504,0.5476381104883906,0.8757267570359597,0.3659445305910281,0.404756499792876,0.402891368946091,0.8073280978956145,0.4460482727758521,0.42392098230059627,0.4142279239558182,1.0,0.9993181043300375,0.9495397204227753,0.9321513808387317,True,128,301.112662016,0.997560324656952,264.6286664087408,0.029457291724679063,0.18475728994765384,0.4627792138531708,0.7186054579780584,2933,24.662408995573045,55.07080999881959,77.85840206987,2933,29.793945162276746,54.83813334831524,109.12652144939231,2933,30.01842516539526,57.89486934074688,112.98399339229393,2933,0.22448000311851501,3.0567359924316406,3.8574719429016113,2933,1.310533,4.397583,10.615038,1707,54.852598,89.563562,125.130101,2734,0.0,63.435316,91.002222,137,21.248319625854492,24.753183364868164,25.83180809020996,137,46.8398970129109,81.12619470905908,111.52821377566012,3413,3.8683414459228516,9.625911712646484,31.520843505859375,2734,74.236711,178.575776,234.707984,2734,163.721785,263.869422,322.155201,2734,195.064389,300.387211,364.748345,2,0,1,0,0,0,0,0,2785,145,0,0
a23__favorable_stable,23,split_ae128_uint8_q9800,FAVORABLE_STABLE,AE128,UINT8,0.98,2949,2949,2949,2788,2770,51507.0,0.6247334754797441,0.42327933133835516,0.5046441532878144,1.048119783524195,0.1522151676971319,0.5109289617486339,0.2897727272727273,0.3698088332234674,0.9501033147732219,0.14368998761259777,0.14795257765486483,0.14789116119920884,1.0003127984180422,0.36776438705952386,0.23321471276475733,0.18575445593736037,1.0,1.0,0.9454052221091895,0.9393014581213971,True,172,299.162524416,0.9975446813853643,242.64557078107148,0.07070539504001028,0.30535577553481263,0.5999491207241625,0.8046730540729627,2949,22.668194987903593,49.37234197359085,66.80729209402466,2949,29.632385759823322,51.57126906720877,89.87091124969434,2949,29.84195375370264,54.59312513677359,93.44257327460814,2949,0.20956799387931824,3.0218560695648193,3.5787200927734375,2949,1.282053,3.887811,10.410183,1730,39.526518,52.579651,67.099346,2770,0.0,61.809794,88.723347,137,21.248319625854492,24.753183364868164,25.83180809020996,137,46.8398970129109,81.12619470905908,111.52821377566012,3413,3.8683414459228516,9.625911712646484,31.520843505859375,2770,73.226573,182.445474,236.086037,2770,141.372828,247.272657,297.1158,2770,171.689883,283.355292,339.164765,0,0,1,0,0,0,0,0,2788,160,0,0
a24__favorable_stable,24,split_ae128_uint6_q0000,FAVORABLE_STABLE,AE128,UINT6,0.0,3014,323,14,14,14,1867390.0,0.9354479688369505,0.8672995562893406,0.9000856714499893,0.4818480472813258,0.897799000759146,0.7885554780181437,0.5836776859504132,0.6708222024339566,0.8404948393835868,0.5214166478130866,0.7096078242861164,0.6841983231386736,0.6850580689617736,0.5040609584284347,0.5872628564079356,0.6455434282987359,0.10716655607166556,0.0046449900464499,0.0046449900464499,0.0046449900464499,True,2,309.11466112,0.998684623056937,12058.240041279681,0.00027281820504547927,0.0011124561441183318,0.0026132022178217413,0.004622793667639287,3014,35.64156305888367,62.76933000086689,83.80051099134064,3014,27.446841247089864,46.73422316217565,81.84105401084423,3014,27.56568925053692,49.14699104929113,85.19644599006176,3014,0.11884800344705582,2.4127678871154785,3.3553919792175293,3014,1.25297,3.562199,6.808795,0,,,,14,0.0,0.0,0.0,137,21.248319625854492,24.753183364868164,25.83180809020996,137,46.8398970129109,81.12619470905908,111.52821377566012,3413,3.8683414459228516,9.625911712646484,31.520843505859375,14,71.925761,161.277789,161.277789,14,153.04605,383.933976,383.933976,14,187.055571,406.602298,406.602298,309,0,0,0,0,0,0,0,14,0,0,2691
a25__favorable_stable,25,split_ae128_uint6_q3000,FAVORABLE_STABLE,AE128,UINT6,0.3,4151,3060,68,68,68,1334977.0,0.9309199601461309,0.8677123103910845,0.8982055116428115,0.4815413500941531,0.8882121747441908,0.7495919033627163,0.5929752066115702,0.6621485219899063,0.8357112856880637,0.5102138242667774,0.6992129995054841,0.6731850640325769,0.6820173842641023,0.5055959814492217,0.5834035165702277,0.6386887526355199,0.7371717658395567,0.016381594796434595,0.016381594796434595,0.016381594796434595,True,1,427.252382208,0.9991451656814351,3805.975924177164,0.0,0.0,0.0,0.0015889677349288475,4151,32.353467005538946,61.716046000992534,84.58381701669693,4151,27.453468830855847,47.531450977188584,87.82286744402123,4151,27.572604829045297,50.0928590200963,91.35720353410912,4151,0.11913599818944931,2.561408042907715,3.5343360900878906,4151,1.284114,4.071814,9.111512,7,125.274299,172.445571,172.445571,68,0.0,0.0,0.0,137,21.248319625854492,24.753183364868164,25.83180809020996,137,46.8398970129109,81.12619470905908,111.52821377566012,3413,3.8683414459228516,9.625911712646484,31.520843505859375,68,70.680024,80.159785,104.711581,68,276.804259,383.788242,398.603376,68,305.942706,402.500194,411.83982,2992,0,0,0,0,0,0,0,68,0,0,1091
a26__favorable_stable,26,split_ae128_uint6_q5000,FAVORABLE_STABLE,AE128,UINT6,0.5,2978,2966,2161,2135,2093,963574.0,0.9265561532550225,0.8709111546795997,0.8978723404255319,0.49049055085761933,0.8543813826157686,0.7459651387992253,0.596849173553719,0.6631276901004305,0.8246309811788921,0.5039282734940779,0.6791548280549232,0.6561607539673852,0.6784531065595739,0.5074012813172133,0.5770067653963167,0.6260007432417816,0.9959704499664204,0.7256548018804567,0.7169241101410343,0.7028206850235057,True,38,309.760913408,0.998609925786754,346.9486598714231,0.00044754500002846273,0.017334142997337012,0.1114013408449253,0.3157983707394169,2978,32.45485799816179,64.74585899348449,92.03052299349976,2978,30.699107389890194,55.380276291337964,101.07964825534535,2978,31.09571538492346,58.444564192262646,104.86720037364674,2978,0.39660799503326416,3.0642879009246826,3.7875521183013916,2978,1.444066,4.739902,10.883407,907,100.954888,168.841309,225.49325,2093,0.0,51.30483,93.122204,137,21.248319625854492,24.753183364868164,25.83180809020996,137,46.8398970129109,81.12619470905908,111.52821377566012,3413,3.8683414459228516,9.625911712646484,31.520843505859375,2093,73.964724,170.58997,237.759926,2093,218.264902,332.339405,389.343945,2093,255.771942,362.937786,419.094039,805,0,2,0,0,0,0,0,2135,24,0,12
a27__favorable_stable,27,split_ae128_uint6_q7000,FAVORABLE_STABLE,AE128,UINT6,0.7,2914,2914,2671,2586,2519,583184.0,0.9059342076972694,0.869569703848932,0.8873795608908546,0.5307785053970765,0.7715579050155129,0.6984744241699072,0.6030475206611571,0.6472626472626473,0.8536833482011009,0.4720480074099076,0.6218029562127103,0.6035001007986126,0.7108097779249369,0.4912462359948896,0.5444879731820116,0.5818627255176617,1.0,0.9166094715168154,0.8874399450926561,0.8644474948524365,True,71,299.322084096,0.9979527361308781,293.8475547699428,0.008199888830163333,0.08174122973215983,0.290364356109872,0.5697057037505734,2914,28.28171801669693,58.45609599504852,78.58655900676727,2914,29.807103785632133,57.899969343902114,97.625223809474,2914,30.037151786444664,60.9771533057704,101.35651987194348,2914,0.23004800081253052,3.077183961868286,3.7312960624694824,2914,1.288315,4.927277,12.163245,1425,77.606117,118.002814,178.780211,2519,0.0,62.981791,91.26484,137,21.248319625854492,24.753183364868164,25.83180809020996,137,46.8398970129109,81.12619470905908,111.52821377566012,3413,3.8683414459228516,9.625911712646484,31.520843505859375,2519,74.423601,172.398351,222.757153,2519,188.243815,289.695273,343.842788,2519,222.459536,327.33467,369.758114,243,1,3,0,0,0,0,0,2586,81,0,0
a28__favorable_stable,28,split_ae128_uint6_q9000,FAVORABLE_STABLE,AE128,UINT6,0.9,2928,2928,2927,2785,2755,197335.0,0.8303730017761989,0.771850170261067,0.8000427830365261,0.7307881733268653,0.44349599492371183,0.5647155812036274,0.5307334710743802,0.5471974437491679,0.8792309327777588,0.3659463757357416,0.40472118532972673,0.40285946928879457,0.8084238948186973,0.4455597621540985,0.4236720067668404,0.414088199263997,1.0,0.9996584699453552,0.9511612021857924,0.9409153005464481,True,126,301.142013952,0.9983892578633106,265.3178791045437,0.03139586073667888,0.19173468600499985,0.47542968993300494,0.7252817220908057,2928,25.871244014549255,56.051932017387394,88.37036494387817,2928,30.89037162152767,53.73294679624748,95.68319638038827,2928,31.35437160817623,56.781458778211594,99.3345883634205,2928,0.46399998664855957,3.0485119819641113,3.6513919830322266,2928,1.393295,4.948581,12.626657,1728,51.743255,77.818596,102.665566,2755,0.0,67.745611,95.945114,137,21.248319625854492,24.753183364868164,25.83180809020996,137,46.8398970129109,81.12619470905908,111.52821377566012,3413,3.8683414459228516,9.625911712646484,31.520843505859375,2755,73.811212,189.361076,242.164923,2755,160.137996,270.030481,318.772526,2755,193.614286,308.93977,366.979455,1,0,0,0,0,0,0,0,2785,142,0,0
a29__favorable_stable,29,split_ae128_uint6_q9800,FAVORABLE_STABLE,AE128,UINT6,0.98,2931,2931,2931,2769,2736,41074.0,0.6251142944224322,0.42327933133835516,0.5047683504583769,1.0481481425160668,0.15215891489205619,0.5077554744525548,0.287448347107438,0.36708443271767804,0.9397471425227789,0.1436487142615594,0.1479038145768078,0.14784259361793514,0.9954243367879875,0.3695665905669675,0.2337470497438588,0.18593568862160798,1.0,1.0,0.9447287615148413,0.9334698055271239,True,185,299.256143104,0.9984126373979401,247.638516258634,0.06962424685383678,0.2818544548196196,0.5637203319043416,0.7786777630059126,2931,24.035971059051512,53.22348199750853,81.74040898813247,2931,31.09301334023428,55.394538709118365,96.7571049747653,2931,31.622155961458205,58.459082671597,100.40923295595121,2931,0.5260159969329834,3.0645439624786377,3.652127981185913,2931,1.361171,4.461079,10.624184,1770,38.1782,49.93474,63.845178,2736,0.0,66.18234,96.347889,137,21.248319625854492,24.753183364868164,25.83180809020996,137,46.8398970129109,81.12619470905908,111.52821377566012,3413,3.8683414459228516,9.625911712646484,31.520843505859375,2736,73.188472,187.445837,245.050434,2736,144.231122,253.145146,310.675834,2736,177.048927,291.138957,344.448045,0,0,0,0,0,0,0,0,2769,162,0,0
a30__favorable_stable,30,split_ae128_uint4_q0000,FAVORABLE_STABLE,AE128,UINT4,0.0,2899,2890,2328,2295,2242,892232.0,0.935041782729805,0.865958105458673,0.8991749705346621,0.48268950656347775,0.8963622630336833,0.7837370242214533,0.5849690082644629,0.6699201419698315,0.8480094356705437,0.5180854471408307,0.7072238550872569,0.6814633107101018,0.6899670871616875,0.5015925776297885,0.5846511255263342,0.6430235010291909,0.9968954812004139,0.8030355294929286,0.7916522938944464,0.7733701276302173,True,61,303.519542528,0.9988896428078633,336.27253034958284,0.000223020206330719,0.016753295009104423,0.12963706016514626,0.36378248531991675,2899,38.52971201662827,71.38505800254774,102.9421449973259,2899,29.5164819378891,54.60427449304962,94.72909572380829,2899,29.716225938920022,57.66046641428375,98.35690381783294,2899,0.19974400103092194,3.056191921234131,3.627808094024658,2899,1.356675,5.295353,11.726699,989,93.831972,142.439916,230.649248,2242,0.0,52.022296,87.04649,137,21.248319625854492,24.753183364868164,25.83180809020996,137,46.8398970129109,81.12619470905908,111.52821377566012,3413,3.8683414459228516,9.625911712646484,31.520843505859375,2242,74.143078,161.86114,220.043871,2242,213.87516,313.674608,362.937807,2242,249.675196,347.887416,394.960717,562,0,0,1,0,0,0,0,2295,32,0,9
a31__favorable_stable,31,split_ae128_uint4_q3000,FAVORABLE_STABLE,AE128,UINT4,0.3,2974,2973,2675,2588,2514,670081.0,0.9315083675052643,0.8672995562893406,0.8982579886715828,0.4853175538892535,0.8869382954296674,0.7495913697286695,0.5922004132231405,0.6616649834078777,0.8397981340431764,0.5057818274601422,0.6963600614449048,0.6697740454114363,0.6858549533448925,0.5036594401256035,0.5808080756347871,0.6359650518988739,0.9996637525218561,0.8994620040349698,0.8702084734364492,0.8453261600537996,True,78,308.203295232,0.9988066453451669,311.62523299535536,0.002983716836342641,0.050782010115169515,0.22207547964235258,0.48252069324584995,2974,34.167100001743556,67.55963200191879,95.52744199583435,2974,29.84751590982771,54.16959957511043,107.33055801026487,2974,30.084181832845687,57.22329549223995,111.1385580980029,2974,0.23600000143051147,3.0536959171295166,3.808000087738037,2974,1.346359,4.486826,12.78651,1341,81.944941,133.641063,206.732374,2514,0.0,58.416142,88.880455,137,21.248319625854492,24.753183364868164,25.83180809020996,137,46.8398970129109,81.12619470905908,111.52821377566012,3413,3.8683414459228516,9.625911712646484,31.520843505859375,2514,75.137074,171.504313,220.82041,2514,197.190815,302.971868,360.935754,2514,235.364858,336.177367,389.438324,298,1,2,0,0,0,0,0,2588,84,0,1
a32__favorable_stable,32,split_ae128_uint4_q5000,FAVORABLE_STABLE,AE128,UINT4,0.5,3002,3002,2888,2793,2741,498083.0,0.9249094302338347,0.86936332679806,0.8962765957446808,0.4927696588002121,0.8527034558747428,0.7463556851311953,0.5950413223140496,0.6621641040379365,0.8313688417565486,0.5001923237225034,0.6764478897986231,0.6530817123761748,0.6833725512770112,0.5049112785015134,0.5742371656047806,0.623250767281755,1.0,0.9620253164556962,0.930379746835443,0.9130579613590939,True,80,310.328402432,0.9987142088933112,289.602828425538,0.010354894997740765,0.09250955046014729,0.31499874663718513,0.5961846146568571,3002,30.789907945037843,59.9563599942131,82.2379930901947,3002,31.30571826176739,58.966621341293816,97.625223809474,3002,31.92850228028393,62.04844540554858,101.35651987194348,3002,0.6227840185165405,3.0818240642547607,3.7312960624694824,3002,1.44334,4.751032,10.613233,1618,72.617272,109.349611,187.510402,2741,0.0,59.939842,88.205959,137,21.248319625854492,24.753183364868164,25.83180809020996,137,46.8398970129109,81.12619470905908,111.52821377566012,3413,3.8683414459228516,9.625911712646484,31.520843505859375,2741,74.164687,172.687668,222.514441,2741,182.806463,287.331858,327.68199,2741,220.15797,321.389718,369.918098,114,0,0,0,0,0,0,0,2793,95,0,0
a33__favorable_stable,33,split_ae128_uint4_q7000,FAVORABLE_STABLE,AE128,UINT4,0.7,2952,2952,2951,2806,2744,308975.0,0.902370990237099,0.8679186874419564,0.8848095939406689,0.5292754064286264,0.7701288840132688,0.6955608878224355,0.5989152892561983,0.6436303080766027,0.853308968786101,0.46964381607158956,0.6198863500424292,0.601403581594711,0.7100241728494132,0.49163231316345424,0.5437549392549864,0.5805740819329747,1.0,0.9996612466124661,0.9505420054200542,0.9295392953929539,True,121,303.313657088,0.9988142546746728,272.7908232119976,0.02366188964553533,0.15021967094208577,0.3983072807926646,0.6721816012816331,2952,28.21159997359085,58.131915006883624,81.28509601239014,2952,31.148515680772782,64.78062821358728,109.12652144939231,2952,31.694915691358567,67.90706015557336,112.98399339229393,2952,0.5464000105857849,3.126431941986084,3.8574719429016113,2952,1.341707,4.804243,13.541053,1694,59.970127,104.73191,138.735618,2744,0.0,61.418818,86.922581,137,21.248319625854492,24.753183364868164,25.83180809020996,137,46.8398970129109,81.12619470905908,111.52821377566012,3413,3.8683414459228516,9.625911712646484,31.520843505859375,2744,74.939834,171.046558,232.280542,2744,171.288296,266.213537,322.121075,2744,208.699255,305.096176,356.504412,1,0,2,0,0,0,0,0,2806,143,0,0
a34__favorable_stable,34,split_ae128_uint4_q9000,FAVORABLE_STABLE,AE128,UINT4,0.9,3506,3506,3506,3315,3279,107242.0,0.823503472605005,0.7708182850067072,0.7962903741605372,0.7340943112759528,0.44239841277840375,0.5623451692815855,0.5276342975206612,0.5444370419720187,0.8793883035041014,0.362565132930789,0.4024817728545964,0.40049748980158667,0.8100056315197868,0.444855561002993,0.4220942258619221,0.41217136282933925,1.0,1.0,0.9455219623502567,0.9352538505419281,True,170,359.66406272,0.9988851091210851,248.98648557892966,0.06317439530145337,0.27078165009724325,0.5590358126731445,0.7833957069137341,3506,23.56728599961591,52.62570702707672,75.24520899857092,3506,27.969219947308062,53.73294679624748,97.625223809474,3506,28.09571594938612,56.781458778211594,101.35651987194348,3506,0.12649600207805634,3.0485119819641113,3.7312960624694824,3506,1.176527,4.234126,11.018042,2045,45.249115,66.014447,83.152895,3279,0.0,60.169084,91.842317,137,21.248319625854492,24.753183364868164,25.83180809020996,137,46.8398970129109,81.12619470905908,111.52821377566012,3413,3.8683414459228516,9.625911712646484,31.520843505859375,3279,73.688123,178.582012,238.172613,3279,149.586421,252.985322,315.236288,3279,177.936402,290.066496,356.671698,0,0,0,0,0,0,0,0,3315,191,0,0
a35__favorable_stable,35,split_ae128_uint4_q9800,FAVORABLE_STABLE,AE128,UINT4,0.98,3004,3004,3004,2815,2789,23406.0,0.6213296820325575,0.4214219378805077,0.5022134776192818,1.04782318430425,0.15160955961665873,0.517097966728281,0.2889979338842975,0.3707753479125248,0.9594185032656966,0.1431260557407857,0.1473678076787222,0.14730674893069182,1.0045937711269386,0.36619336291028215,0.232255793835828,0.18500547872500223,1.0,1.0,0.9370838881491345,0.9284287616511319,True,214,306.451213056,0.9986917767236029,248.57102980180267,0.06972505466341684,0.28805791453946294,0.5759386639880829,0.7854786191432475,3004,23.564518991394042,52.492783007442476,77.38988200466156,3004,30.534453356315137,56.501872355700016,97.625223809474,3004,30.888725364257336,59.569104249239444,101.35651987194348,3004,0.3542720079421997,3.0672318935394287,3.7312960624694824,3004,1.305141,4.580279,13.867461,1770,37.14695,47.64617,63.35476,2789,0.0,64.706857,91.095541,137,21.248319625854492,24.753183364868164,25.83180809020996,137,46.8398970129109,81.12619470905908,111.52821377566012,3413,3.8683414459228516,9.625911712646484,31.520843505859375,2789,73.253166,185.998138,246.310339,2789,142.087012,253.730676,320.81506,2789,174.564423,288.440417,348.894631,0,0,2,0,0,0,0,0,2815,187,0,0
a36__favorable_stable,36,split_ae64_uint8_q0000,FAVORABLE_STABLE,AE64,UINT8,0.0,2992,2842,350,350,346,1222035.0,0.9303818483674599,0.8674027448147766,0.8977891701377764,0.49325590210623077,0.8961738189492368,0.7723322905804657,0.5738636363636364,0.658467921173507,0.842777578367873,0.5214509386599592,0.7088123788045979,0.6836012573814941,0.6904981649368258,0.5013262636826036,0.5854120465209051,0.644164035999644,0.9498663101604278,0.11697860962566844,0.11697860962566844,0.11564171122994653,True,2,304.079877632,0.9989215680381296,858.554742438268,0.0,0.0013048234861504878,0.013626539898883301,0.0455845363163922,2992,24.990050005366324,46.931666014801024,66.19187699675513,2992,29.17541106163311,51.57126906720877,81.58543723229647,2992,29.339411066163063,54.59312513677359,84.9389731228757,2992,0.164000004529953,3.0218560695648193,3.3535358905792236,2992,1.395457,3.942947,7.326192,116,126.059912,228.691718,260.492423,346,0.0,0.0,0.0,283,21.2508487701416,25.162912368774414,45.729183197021484,283,31.96965777488113,61.4932280378873,200.83095139299377,3413,3.8683414459228516,9.625911712646484,31.520843505859375,346,56.463609,89.544247,110.391814,346,230.510384,324.24739,349.229596,346,263.042122,355.598031,368.311636,2492,0,0,0,0,0,0,0,350,0,0,150
a37__favorable_stable,37,split_ae64_uint8_q3000,FAVORABLE_STABLE,AE64,UINT8,0.3,3004,3003,2432,2418,2343,862019.0,0.9282719046568086,0.8680218759673924,0.8971364581666932,0.49778825107948294,0.8859348742520038,0.7459743674005915,0.5862603305785123,0.6565437454808387,0.8386676651110699,0.5114633038970723,0.698699089074538,0.6731442474110338,0.6896218512400923,0.5017657753009004,0.5811718723334247,0.6372317143670013,0.9996671105193076,0.8095872170439414,0.8049267643142477,0.7799600532623169,True,24,308.24224512,0.9987883065870656,302.55704823310504,0.003290848415683899,0.061274199529811675,0.25774825391007067,0.5267022223309973,3004,28.75409509867859,58.66380300187206,75.83149700933075,3004,30.74818504242134,57.69769910437155,95.68319638038827,3004,31.15288904694748,60.7725470410018,99.3345883634205,3004,0.4047040045261383,3.074847936630249,3.6513919830322266,3004,1.433296,4.721778,11.841608,1264,89.13432,157.720449,239.488307,2343,0.0,38.41588,73.014263,283,21.2508487701416,25.162912368774414,45.729183197021484,283,31.96965777488113,61.4932280378873,200.83095139299377,3413,3.8683414459228516,9.625911712646484,31.520843505859375,2343,59.538036,131.721115,178.158633,2343,187.31185,282.845471,332.854605,2343,220.820146,317.446404,365.18411,571,0,0,0,0,0,0,0,2418,14,0,1
a38__favorable_stable,38,split_ae64_uint8_q5000,FAVORABLE_STABLE,AE64,UINT8,0.5,3471,3471,3203,3145,3036,618287.0,0.9135802469135802,0.8704984005778558,0.8915191545574637,0.4992602108715341,0.8517953237661653,0.7443070917371503,0.5909090909090909,0.6587964295997696,0.8350271105575521,0.5014169573053521,0.6766061405357586,0.6535324165561781,0.6879429603991827,0.5026088928184345,0.5731240740941325,0.6227192528105753,1.0,0.9227888216652261,0.906078939786805,0.874675885911841,True,90,358.675348224,0.9986445659719653,284.83656974776926,0.008720073602735317,0.1025443012465693,0.34725732049813013,0.6309376159486433,3471,28.35491605743408,58.99197599755478,83.10290102684021,3471,32.01869778314829,61.39362612991572,95.68319638038827,3471,32.76029776016474,64.49068204193354,99.3345883634205,3471,0.741599977016449,3.0970559120178223,3.6513919830322266,3471,1.489907,5.499198,13.945709,1792,81.447755,140.272995,237.797055,3036,0.0,46.003081,80.921813,283,21.2508487701416,25.162912368774414,45.729183197021484,283,31.96965777488113,61.4932280378873,200.83095139299377,3413,3.8683414459228516,9.625911712646484,31.520843505859375,3036,60.004366,145.067801,201.427685,3036,174.067605,274.927757,325.573977,3036,209.921154,310.340695,365.291344,268,0,1,0,0,0,0,0,3145,57,0,0
a39__favorable_stable,39,split_ae64_uint8_q7000,FAVORABLE_STABLE,AE64,UINT8,0.7,3004,3003,3001,2925,2845,373905.0,0.8942062818336163,0.869569703848932,0.8817159298979858,0.5352869410761808,0.766853997434211,0.6934416365824309,0.5952995867768595,0.640633685380767,0.8503608061813861,0.4646101624347283,0.6157320799344697,0.5968987856509925,0.7105088352639084,0.4913940951918243,0.5415833626470334,0.5774688306225385,0.9996671105193076,0.9990013315579228,0.9737017310252996,0.9470705725699068,True,90,307.714299648,0.9988914971894702,254.56256257482482,0.03466775414143265,0.21606154550845919,0.5213217312731493,0.7741517142313549,3004,25.815543000849246,53.95257106681824,79.52268100359535,3004,29.5164819378891,59.78752351839733,109.12652144939231,3004,29.716225938920022,62.875043402506826,112.98399339229393,3004,0.19974400103092194,3.087519884109497,3.8574719429016113,3004,1.247141,4.49172,14.474591,1876,63.594818,102.314176,197.629583,2845,0.0,48.8506,75.504745,283,21.2508487701416,25.162912368774414,45.729183197021484,283,31.96965777488113,61.4932280378873,200.83095139299377,3413,3.8683414459228516,9.625911712646484,31.520843505859375,2845,59.344409,145.056367,191.641649,2845,154.847242,253.728227,296.918024,2845,188.141057,293.443866,337.689892,2,0,0,0,0,0,0,0,2925,76,0,1
a40__favorable_stable,40,split_ae64_uint8_q9000,FAVORABLE_STABLE,AE64,UINT8,0.9,3531,3531,3530,3460,3418,126174.0,0.8172572178477691,0.7711278505830151,0.7935226971064507,0.7240046718022123,0.42860229528678495,0.5614471140568904,0.525051652892562,0.5426397971440011,0.882412433177278,0.3535907018170673,0.39109649855192613,0.3892939588419787,0.8071042271656348,0.44614814110666556,0.416752655758069,0.4037208248644068,1.0,0.9997167941093175,0.9798923817615406,0.9679977343528745,True,139,359.412813824,0.9988283364315269,232.91570297757752,0.07525180976781846,0.3308942715888738,0.6512594570977697,0.8583381136462973,3531,24.599402999419926,52.645324997327805,77.21325913977051,3531,31.160292373499395,55.70961465474558,97.625223809474,3531,31.719396407815935,58.77511872884226,101.35651987194348,3531,0.5634239912033081,3.0655040740966797,3.7312960624694824,3531,1.344999,4.65445,13.031056,2247,46.302888,66.852761,92.36424,3418,0.0,47.108124,77.338242,283,21.2508487701416,25.162912368774414,45.729183197021484,283,31.96965777488113,61.4932280378873,200.83095139299377,3413,3.8683414459228516,9.625911712646484,31.520843505859375,3418,59.30623,143.288109,196.270566,3418,135.75954,226.803338,277.016698,3418,168.613809,265.606682,325.865854,1,0,0,0,0,0,0,0,3460,70,0,0
a41__favorable_stable,41,split_ae64_uint8_q9800,FAVORABLE_STABLE,AE64,UINT8,0.98,3010,3009,3009,2938,2910,26302.0,0.6292667993264962,0.4242080280672789,0.5067800788954636,1.0484705181836553,0.1457452781619431,0.4887317719840919,0.2856404958677686,0.36055419722901383,0.9662643151584506,0.1382328081380468,0.14198904314999494,0.14193934998155425,1.0082056224423994,0.3648731126398531,0.2275738395199395,0.17975814785262645,0.9996677740863787,0.9996677740863787,0.9760797342192691,0.9667774086378738,True,159,308.883954944,0.9986100304365831,220.76886443361133,0.12258549157357425,0.42504018865208537,0.7239134962304505,0.8820609697852237,3010,21.568851019359588,46.80457600452614,78.98873206246948,3010,31.276686963857173,61.98061165413809,126.70060428128673,3010,31.89259093743658,65.07958755097341,130.75369246945812,3010,0.6159039735794067,3.098975896835327,4.053088188171387,3010,1.377583,4.94458,14.26095,1957,37.047485,49.558746,63.280664,2910,0.0,43.609681,73.884091,283,21.2508487701416,25.162912368774414,45.729183197021484,283,31.96965777488113,61.4932280378873,200.83095139299377,3413,3.8683414459228516,9.625911712646484,31.520843505859375,2910,58.232854,144.892915,189.621786,2910,121.334756,211.20765,262.73723,2910,153.029098,255.174374,326.269356,0,0,0,0,0,0,0,0,2938,71,0,1
a42__favorable_stable,42,split_ae64_uint6_q0000,FAVORABLE_STABLE,AE64,UINT6,0.0,2991,2981,2218,2211,2140,960146.0,0.9292739529229749,0.8677123103910845,0.8974386339381003,0.4926401750737458,0.8961117336388841,0.7674740484429066,0.5728305785123967,0.6560189293108547,0.841280228897261,0.5210304439161021,0.7085710887774931,0.683301905731497,0.689364477482746,0.5018949332640195,0.5856157139082651,0.6441664101838812,0.9966566365763958,0.7415580073553996,0.7392176529588766,0.7154797726512871,True,32,309.209618432,0.9988131728765071,323.13533023695226,0.0007112134192823064,0.031183711334388818,0.1776321354798961,0.4294174898255967,2991,29.234660051521303,58.56397797157669,89.22991608374024,2991,29.54274459005165,55.70961465474558,109.12652144939231,2991,29.744312582619667,58.77511872884226,112.98399339229393,2991,0.20156799256801605,3.0655040740966797,3.8574719429016113,2991,1.365861,4.341146,11.594807,1049,98.099964,169.33326,250.360926,2140,0.0,26.884142,57.381739,283,21.2508487701416,25.162912368774414,45.729183197021484,283,31.96965777488113,61.4932280378873,200.83095139299377,3413,3.8683414459228516,9.625911712646484,31.520843505859375,2140,59.75796,115.582052,165.161076,2140,197.510663,287.439805,333.823313,2140,233.819802,322.51467,366.978362,763,0,0,0,0,0,0,0,2211,7,0,10
a43__favorable_stable,43,split_ae64_uint6_q3000,FAVORABLE_STABLE,AE64,UINT6,0.3,2990,2989,2700,2658,2570,682109.0,0.928082947275535,0.8682282530182643,0.8971583941994988,0.49711989155394737,0.8859167977097602,0.7404129793510325,0.5834194214876033,0.6526072511916798,0.8389798771118521,0.511150597419612,0.6985336975646861,0.6729315718655303,0.6895706710617944,0.5017914564199206,0.5810949264254085,0.6371141087686096,0.9996655518394649,0.903010033444816,0.8889632107023412,0.8595317725752508,True,83,309.958755072,0.9988598810124982,286.4050531514749,0.0070929405510397935,0.09149047851677132,0.327029236652644,0.6190190113469473,2990,30.028886945014953,62.3867830388031,96.26837909402465,2990,30.996017982306956,62.87606205433988,108.47046680258512,2990,31.49043094478321,65.98246206730985,112.28701085852384,2990,0.4943679869174957,3.1064000129699707,3.8165440559387207,2990,1.446302,5.24004,11.903881,1497,82.021299,132.198198,191.840214,2570,0.0,39.735741,69.159091,283,21.2508487701416,25.162912368774414,45.729183197021484,283,31.96965777488113,61.4932280378873,200.83095139299377,3413,3.8683414459228516,9.625911712646484,31.520843505859375,2570,58.961184,130.859182,184.891041,2570,175.423056,257.360011,309.529047,2570,212.581206,302.471507,345.665065,289,0,0,0,0,0,0,0,2658,42,0,1
a44__favorable_stable,44,split_ae64_uint6_q5000,FAVORABLE_STABLE,AE64,UINT6,0.5,2904,2904,2790,2721,2653,490754.0,0.9147505422993493,0.8702920235269838,0.8919676378827136,0.4979807940588803,0.8517413722357858,0.7429037520391517,0.5880681818181818,0.6564797462880206,0.8257537273365861,0.5009929058177888,0.6763671390267874,0.653235321367145,0.6818555893522389,0.5056777909244787,0.5747404581746267,0.6234866152360587,1.0,0.9607438016528925,0.9369834710743802,0.9135674931129476,True,66,299.012175104,0.998722741276782,271.7122482201192,0.014769625148086224,0.14423869045131416,0.42608738034391713,0.7006543892172015,2904,28.67173898098755,58.1621020147438,81.11360898018265,2904,30.53109889783621,54.92687880465698,94.72909572380829,2904,30.87986689367056,57.98425471255493,98.35690381783294,2904,0.3487679958343506,3.057375907897949,3.627808094024658,2904,1.344559,4.53916,11.89953,1668,72.257517,107.505506,188.05802,2653,0.0,51.357896,84.319805,283,21.2508487701416,25.162912368774414,45.729183197021484,283,31.96965777488113,61.4932280378873,200.83095139299377,3413,3.8683414459228516,9.625911712646484,31.520843505859375,2653,59.16161,148.224847,211.558245,2653,166.115671,265.486128,324.375221,2653,198.340722,302.652058,362.443971,114,0,0,0,0,0,0,0,2721,69,0,0
a45__favorable_stable,45,split_ae64_uint6_q7000,FAVORABLE_STABLE,AE64,UINT6,0.7,3527,3527,3527,3427,3356,296496.0,0.8928950159066809,0.8688473841708801,0.8807070759897494,0.5347017026062303,0.7667868916972334,0.6920759264838807,0.5932334710743802,0.6388541232095676,0.847376534496262,0.46421038438201273,0.615498638039623,0.5966158208879995,0.7085029647026526,0.49238075736883097,0.5419982931219064,0.5775804803110418,1.0,1.0,0.9716472923164162,0.9515168698610718,True,107,359.726992384,0.998117558428095,250.37802874096494,0.035050041648086235,0.2277272687881946,0.5467066266855634,0.7968844517622308,3527,26.745724024456024,54.72156399423981,77.80185595758057,3527,30.996062957865714,57.11340819526816,94.72909572380829,3527,31.490833987536906,60.18547211815024,98.35690381783294,3527,0.49481600522994995,3.07206392288208,3.627808094024658,3527,1.382117,4.619512,11.704395,2162,59.086213,102.376391,153.668788,3356,0.0,43.979112,74.404894,283,21.2508487701416,25.162912368774414,45.729183197021484,283,31.96965777488113,61.4932280378873,200.83095139299377,3413,3.8683414459228516,9.625911712646484,31.520843505859375,3356,58.857046,143.835953,201.845031,3356,149.979179,243.318383,292.361939,3356,184.278256,282.500166,334.303961,0,0,0,1,0,0,0,0,3427,99,0,0
a46__favorable_stable,46,split_ae64_uint6_q9000,FAVORABLE_STABLE,AE64,UINT6,0.9,2927,2927,2927,2871,2836,100066.0,0.8177938279711097,0.7711278505830151,0.7937755589781719,0.7242460864456617,0.4285436573194651,0.5577557755775577,0.5237603305785123,0.5402237613212573,0.8758125880907484,0.35317983782873613,0.39086174757410064,0.3890411024488571,0.8036106280998503,0.4477095296803761,0.4173456708817198,0.40388668988135085,1.0,1.0,0.980867782712675,0.9689101469080971,True,122,299.22823808,0.9987523620584893,229.74094158400132,0.07510556110680823,0.3454286992739158,0.6764432205588984,0.8701773440826992,2927,24.4439289943943,52.88569800326538,77.30226406268311,2927,29.84751590982771,55.380276291337964,108.47046680258512,2927,30.086715905822278,58.444564192262646,112.28701085852384,2927,0.23919999599456787,3.0642879009246826,3.8165440559387207,2927,1.291977,4.136213,11.913247,1846,44.207347,59.935689,81.854777,2836,0.0,41.071995,73.943249,283,21.2508487701416,25.162912368774414,45.729183197021484,283,31.96965777488113,61.4932280378873,200.83095139299377,3413,3.8683414459228516,9.625911712646484,31.520843505859375,2836,58.885834,141.486261,189.783238,2836,133.152469,215.849847,266.718741,2836,163.741709,261.206437,305.651731,0,0,0,0,0,0,0,0,2871,56,0,0
a47__favorable_stable,47,split_ae64_uint6_q9800,FAVORABLE_STABLE,AE64,UINT6,0.98,3540,3540,3540,3400,3369,20968.0,0.6281269066503966,0.4249303477453307,0.5069243552655875,1.0479992957100632,0.1456768733168753,0.48542402826855124,0.28383264462809915,0.35821382007822683,0.9558911775976032,0.1381498156480138,0.14191334448244453,0.1418634314857264,1.0030031074771706,0.36677631690039425,0.22810556087738446,0.17992004624041613,1.0,1.0,0.96045197740113,0.9516949152542373,True,174,359.51669248,0.998919101421079,221.48136387669553,0.13844996789897038,0.4459247209972552,0.7305042812264136,0.8774476771215538,3540,20.135350981666566,44.40901300034189,66.72629790092469,3540,28.993586283476354,53.027824894127846,94.72909572380829,3540,29.14878628805399,56.067248836693764,98.35690381783294,3540,0.15520000457763672,3.039423942565918,3.627808094024658,3540,1.300939,4.021271,11.228125,2283,37.65146,51.207096,63.652719,3369,0.0,48.379241,76.869687,283,21.2508487701416,25.162912368774414,45.729183197021484,283,31.96965777488113,61.4932280378873,200.83095139299377,3413,3.8683414459228516,9.625911712646484,31.520843505859375,3369,57.783409,156.909486,227.870802,3369,119.852105,217.058073,299.877394,3369,149.373066,257.409354,338.438501,0,0,1,0,0,0,0,0,3400,139,0,0
a48__favorable_stable,48,split_ae64_uint4_q0000,FAVORABLE_STABLE,AE64,UINT4,0.0,2934,2934,2883,2817,2735,478878.0,0.9288480690494633,0.8661644825095449,0.8964117898334045,0.49199761738791004,0.8949931705278766,0.7771528998242531,0.5710227272727273,0.6583296114336757,0.8330358251248009,0.520162500852295,0.7075778356900858,0.6823062991263563,0.6841090342396956,0.5045395568473644,0.5867286577246564,0.6443261548083871,1.0,0.9826175869120655,0.9601226993865031,0.9321745057941377,True,88,304.702740736,0.9989859454980495,265.3654081408986,0.02178594915479113,0.1668010173496781,0.46111346554881816,0.7370058418003189,2934,27.251045997636794,55.40152397406006,76.60425098166657,2934,30.82695668633318,62.079219249822145,108.47046680258512,2934,31.25697269733286,65.17886724863196,112.28701085852384,2934,0.43001601099967957,3.0996479988098145,3.8165440559387207,2934,1.313,4.157156,9.841134,1623,70.31221,113.256074,195.590288,2735,0.0,46.566947,79.773521,283,21.2508487701416,25.162912368774414,45.729183197021484,283,31.96965777488113,61.4932280378873,200.83095139299377,3413,3.8683414459228516,9.625911712646484,31.520843505859375,2735,59.295371,142.579465,199.534032,2735,160.408811,249.046152,307.866323,2735,195.941553,289.250709,337.046777,51,0,0,0,0,0,0,0,2817,66,0,0
a49__favorable_stable,49,split_ae64_uint4_q3000,FAVORABLE_STABLE,AE64,UINT4,0.3,3503,3503,3502,3427,3332,358509.0,0.9269557541652874,0.8668868021875967,0.8959155380185561,0.4960877151271436,0.8850033039022546,0.7459423650215303,0.5816115702479339,0.6536061529531273,0.837100303665708,0.51090932793165,0.6979563159169523,0.6724257901166423,0.6880552083580541,0.502552479162323,0.5813168222886745,0.6369723288064819,1.0,0.9997145304025121,0.978304310590922,0.9511846988295747,True,107,359.014925056,0.9989591023745275,255.12637553612498,0.029208221700990116,0.20157279887378476,0.5120773324767032,0.7750661972718719,3503,29.03688201548767,59.74247602671814,83.98036608979797,3503,30.39373964972353,58.357415263286114,95.68319638038827,3503,30.71898765272951,61.438151185145855,99.3345883634205,3503,0.32524800300598145,3.080735921859741,3.6513919830322266,3503,1.32042,4.614681,11.067625,2170,61.857326,98.715382,191.126788,3332,0.0,42.457073,80.082972,283,21.2508487701416,25.162912368774414,45.729183197021484,283,31.96965777488113,61.4932280378873,200.83095139299377,3413,3.8683414459228516,9.625911712646484,31.520843505859375,3332,59.084623,143.488121,202.605674,3332,155.872968,247.917052,299.835699,3332,189.600187,287.55428,333.843965,1,0,0,0,0,0,0,0,3427,75,0,0
a50__favorable_stable,50,split_ae64_uint4_q5000,FAVORABLE_STABLE,AE64,UINT4,0.5,2930,2930,2930,2852,2786,264159.0,0.9124878154446009,0.86936332679806,0.8904037201437328,0.49775498958523795,0.8504232546512555,0.7398241615109085,0.5867768595041323,0.6544721302030823,0.8314416137538324,0.499804691207308,0.6751139729292818,0.651955161177887,0.6852208354751691,0.503978920860358,0.5732117048523803,0.6220797628861249,1.0,1.0,0.9733788395904437,0.9508532423208191,True,132,303.323567616,0.9987870149560361,251.2709274750834,0.041409429892705275,0.23784851192418333,0.5476035507081988,0.7899749368118681,2930,27.321659000550746,57.6399950388031,87.81070700004291,2930,30.76220932494545,61.39362612991572,119.88877150526,2930,31.17068931352043,64.49068204193354,123.91318747510863,2930,0.4084799885749817,3.0970559120178223,4.024415969848633,2930,1.382251,4.465761,9.835094,1786,55.212881,93.280454,130.058138,2786,0.0,45.281121,79.227401,283,21.2508487701416,25.162912368774414,45.729183197021484,283,31.96965777488113,61.4932280378873,200.83095139299377,3413,3.8683414459228516,9.625911712646484,31.520843505859375,2786,58.569429,146.170166,206.166365,2786,148.126031,238.063188,299.829573,2786,182.191175,285.597038,343.8779,0,0,0,0,0,0,0,0,2852,78,0,0
a51__favorable_stable,51,split_ae64_uint4_q7000,FAVORABLE_STABLE,AE64,UINT4,0.7,3013,3013,3012,2946,2899,161945.0,0.8918088375543075,0.8684346300691363,0.8799665411961523,0.5336360440784779,0.7657529696808371,0.6914925825007568,0.5898760330578512,0.6366550522648082,0.845588723892877,0.46316697241348775,0.6144599710471624,0.5955430165686695,0.7070317240104971,0.49310570112772045,0.5419092698384217,0.5770455391518987,1.0,0.9996681048788583,0.9777630268835048,0.962163956189844,True,120,309.116046592,0.9988467670024568,239.02719017187383,0.06361074407422525,0.29648401365253446,0.6165464846202273,0.8362958720587181,3013,26.242298954444884,53.625257999311444,88.12488405593872,3013,30.699107389890194,59.36071058689404,108.47046680258512,3013,31.09571538492346,62.445926632273675,112.28701085852384,3013,0.39660799503326416,3.0852160453796387,3.8165440559387207,3013,1.337672,4.511812,11.493905,1908,47.931088,72.061394,96.408675,2899,0.0,49.628641,77.718766,283,21.2508487701416,25.162912368774414,45.729183197021484,283,31.96965777488113,61.4932280378873,200.83095139299377,3413,3.8683414459228516,9.625911712646484,31.520843505859375,2899,60.186036,149.403653,198.517007,2899,140.45269,231.685881,281.342918,2899,173.123747,277.070022,334.053337,1,0,0,0,0,0,0,0,2946,66,0,0
a52__favorable_stable,52,split_ae64_uint4_q9000,FAVORABLE_STABLE,AE64,UINT4,0.9,3522,3522,3522,3393,3367,55863.0,0.8118262005880431,0.7692704571251677,0.789975627847833,0.724689993809808,0.4275062747626521,0.5519392459994575,0.5255681818181818,0.5384310093927768,0.8857474053781771,0.351707864201313,0.38960706948198254,0.38775935685606877,0.8092354580906079,0.4451983089066219,0.41548743655499515,0.40233921330485894,1.0,1.0,0.9633730834752982,0.9559909142532652,True,184,359.959328,0.9989938187461002,229.71127203233598,0.10200695716656077,0.38190552390130034,0.6850920152095628,0.8582286247295139,3522,24.022497001256227,50.26844798402405,79.16532404888916,3522,29.848181831415175,51.35200815932799,94.72909572380829,3522,30.088287657242773,54.36999207274962,98.35690381783294,3522,0.24143999814987183,3.017983913421631,3.627808094024658,3522,1.304785,4.135384,9.970566,2225,39.527608,53.115417,68.634019,3367,0.0,48.058589,89.035633,283,21.2508487701416,25.162912368774414,45.729183197021484,283,31.96965777488113,61.4932280378873,200.83095139299377,3413,3.8683414459228516,9.625911712646484,31.520843505859375,3367,58.379086,158.742979,225.267825,3367,127.814749,227.035666,294.957704,3367,158.537155,272.024425,337.019106,0,0,0,0,0,0,0,0,3393,129,0,0
a53__favorable_stable,53,split_ae64_uint4_q9800,FAVORABLE_STABLE,AE64,UINT4,0.98,3553,3553,3552,3455,3425,12274.0,0.6176782200696231,0.4211123723041998,0.500797643882685,1.0437350226334656,0.14489273029147884,0.48222904782799475,0.28383264462809915,0.35734026987481704,0.9527248122557322,0.1375679844806368,0.14123035738605783,0.1411828632380547,0.9992665723818148,0.3681493530820857,0.22798328835106843,0.17943846101622157,1.0,0.9997185477061638,0.9724176752040529,0.9639741063889671,True,147,359.712475904,0.9990331420084166,213.66833631909088,0.14989638606638167,0.4718333820879096,0.7640638588758599,0.9081380234728952,3553,19.844014001344203,42.738305003318786,62.24203203868866,3553,27.711989657877446,47.78232209247637,92.43441810695076,3553,27.834677660761834,50.382546110573294,96.05726614085579,3553,0.12268800288438797,2.600224018096924,3.6228480339050293,3553,1.274092,3.691805,9.817955,2335,36.984512,50.385343,67.182989,3425,0.0,42.032731,70.869711,283,21.2508487701416,25.162912368774414,45.729183197021484,283,31.96965777488113,61.4932280378873,200.83095139299377,3413,3.8683414459228516,9.625911712646484,31.520843505859375,3425,58.886356,145.909256,200.227967,3425,119.250994,206.986943,262.884356,3425,145.989438,242.540621,308.210312,1,0,1,0,0,0,0,0,3455,96,0,0
a54__favorable_stable,54,split_ae32_uint8_q0000,FAVORABLE_STABLE,AE32,UINT8,0.0,2964,2964,2706,2678,2615,603473.0,0.9307161921708185,0.8635847693736457,0.8958946635979232,0.5109516236161324,0.8893488395128105,0.7284117846258042,0.5555268595041323,0.6303296703296704,0.8499923961789104,0.4802848077132848,0.6848168236130476,0.6535600480257673,0.7012697894669098,0.495955145172292,0.5693298415658796,0.6244090435678085,1.0,0.9129554655870445,0.9035087719298246,0.8822537112010796,True,44,301.40436352,0.9984003359195959,266.03404430743865,0.01564021235441469,0.15821238398506382,0.4543105415058591,0.7278526490259088,2964,23.950381971199036,49.07696902487945,73.77563402766418,2964,31.646915165601733,59.767973419384475,94.72909572380829,2964,32.344131139932635,62.85501336689424,98.35690381783294,2964,0.6972159743309021,3.0870399475097656,3.627808094024658,2964,1.455863,5.135701,10.913939,1705,80.032797,135.457215,218.860346,2615,0.0,32.591211,72.067476,297,20.86115264892578,24.514368057250977,36.6319694519043,297,26.491951585558283,42.54674534519594,113.20035942398339,3413,3.8683414459228516,9.625911712646484,31.520843505859375,2615,51.944942,125.979905,184.357441,2615,159.800369,247.514157,302.670348,2615,193.988099,285.072224,344.215157,258,0,0,0,0,0,0,0,2678,28,0,0
a55__favorable_stable,55,split_ae32_uint8_q3000,FAVORABLE_STABLE,AE32,UINT8,0.3,3012,3012,2996,2928,2816,427193.0,0.9264054891544932,0.8637911464245176,0.8940033107278261,0.5124666913503791,0.8771353300339604,0.699047619047619,0.568698347107438,0.6271717459413273,0.8505507853389016,0.461722327210798,0.6694288286223792,0.6363905765032128,0.7021605045088434,0.4955135871447445,0.5615515803452243,0.6131221873668815,1.0,0.9946879150066401,0.9721115537848606,0.9349269588313412,True,90,308.903559424,0.9989547546179071,252.5681802172277,0.034724344251653244,0.22205942678972762,0.5365593221102993,0.7892603318447153,3012,25.678053001246212,54.873377002693175,75.28445799864626,3012,30.699107389890194,59.767973419384475,122.32501222535038,3012,31.09571538492346,62.85501336689424,126.36418010636234,3012,0.39660799503326416,3.0870399475097656,4.039167881011963,3012,1.326245,4.198428,8.446684,1702,68.031026,111.17352,197.092331,2816,0.0,39.527477,68.40434,297,20.86115264892578,24.514368057250977,36.6319694519043,297,26.491951585558283,42.54674534519594,113.20035942398339,3413,3.8683414459228516,9.625911712646484,31.520843505859375,2816,52.047299,130.472501,186.484728,2816,150.136866,236.344863,297.918231,2816,184.921779,281.641039,336.881782,16,0,1,0,0,0,0,0,2928,67,0,0
a56__favorable_stable,56,split_ae32_uint8_q5000,FAVORABLE_STABLE,AE32,UINT8,0.5,3023,3023,3023,2973,2898,308206.0,0.9142732811140122,0.8671963677639046,0.8901127998729016,0.5176745708584554,0.8446280605381054,0.6803053435114503,0.5754132231404959,0.6234783825381279,0.8539264007105956,0.45166487647690656,0.648146468507506,0.6176478192561458,0.7061080863239134,0.4935613625373824,0.5521296036623161,0.5982147212934326,1.0,1.0,0.983460138934833,0.9586503473370823,True,95,309.846217216,0.9988346084930633,243.03329877941277,0.0468374263703956,0.26800809743663984,0.5967862381198418,0.8356052432213793,3023,26.0704020901947,52.47269699884415,72.5167810370636,3023,30.871783215049746,61.20415778801298,96.7571049747653,3023,31.33299921775246,64.30073376343107,100.40923295595121,3023,0.461216002702713,3.096575975418091,3.652127981185913,3023,1.384255,4.913064,12.84797,1880,60.282113,110.690191,156.091005,2898,0.0,33.895926,66.316216,297,20.86115264892578,24.514368057250977,36.6319694519043,297,26.491951585558283,42.54674534519594,113.20035942398339,3413,3.8683414459228516,9.625911712646484,31.520843505859375,2898,52.353376,124.359985,181.025179,2898,143.740056,224.762977,278.165969,2898,176.549902,266.591895,331.572177,0,0,0,0,0,0,0,0,2973,50,0,0
a57__favorable_stable,57,split_ae32_uint8_q7000,FAVORABLE_STABLE,AE32,UINT8,0.7,3552,3552,3552,3490,3452,187016.0,0.8859528591058028,0.8649262202043133,0.8753132832080202,0.5511526150644374,0.7633998233285261,0.6268156424581005,0.5795454545454546,0.6022544283413848,0.8700961803647626,0.4283756085652829,0.5958877159469045,0.571858255074618,0.7282982109609075,0.48272979574832053,0.5254074786954991,0.55953897310311,1.0,1.0,0.982545045045045,0.9718468468468469,True,122,362.046377984,0.9989250070248812,230.05578061294676,0.07670019578051739,0.344150808763253,0.6707516329875617,0.869899964909795,3552,24.675854002138138,51.20734998695755,71.80139901339722,3552,30.76220932494545,53.18314183997965,96.7571049747653,3552,31.17068931352043,56.22669376182413,100.40923295595121,3552,0.4084799885749817,3.0435519218444824,3.652127981185913,3552,1.348413,4.637873,11.426633,2289,50.806088,79.13207,107.654983,3452,0.0,36.935739,68.455531,297,20.86115264892578,24.514368057250977,36.6319694519043,297,26.491951585558283,42.54674534519594,113.20035942398339,3413,3.8683414459228516,9.625911712646484,31.520843505859375,3452,52.139745,133.413326,185.684502,3452,134.077524,218.854207,269.617217,3452,165.225713,260.378917,312.869939,0,0,0,0,0,0,0,0,3490,62,0,0
a58__favorable_stable,58,split_ae32_uint8_q9000,FAVORABLE_STABLE,AE32,UINT8,0.9,3019,3019,3019,2946,2909,63369.0,0.8123362445414847,0.7678258177690641,0.7894541403639065,0.7412648735152856,0.4453784674559099,0.5428416485900217,0.5170454545454546,0.5296296296296296,0.8916575563097631,0.32537014456001256,0.38537430600796124,0.38067421286455205,0.819916706267146,0.44046834123043604,0.40948130493302276,0.3972449794670765,1.0,1.0,0.975819807883405,0.9635640940708844,True,137,307.294743552,0.9986798234902727,216.93100920577282,0.14376504562475284,0.46598010007538265,0.755349848936553,0.8934895937051346,3019,22.256394032546996,49.16704899823475,74.3815110388031,3019,28.590787029729366,49.2331035411849,92.25343668043519,3019,28.729187033043385,52.204527643968106,95.87090861380005,3019,0.13840000331401825,2.971424102783203,3.617471933364868,3019,1.283296,4.17013,11.506128,1838,39.708619,55.06774,68.011278,2909,0.0,37.161917,80.945347,297,20.86115264892578,24.514368057250977,36.6319694519043,297,26.491951585558283,42.54674534519594,113.20035942398339,3413,3.8683414459228516,9.625911712646484,31.520843505859375,2909,51.21951,137.275501,235.441788,2909,117.360406,209.399827,310.43244,2909,145.792557,247.819449,338.878184,0,0,0,0,0,0,0,0,2946,73,0,0
a59__favorable_stable,59,split_ae32_uint8_q9800,FAVORABLE_STABLE,AE32,UINT8,0.98,2978,2978,2978,2885,2858,13435.0,0.6092430278884462,0.3944897327417191,0.47889264687460853,1.0456997067641771,0.14245058249990283,0.4537286612758311,0.26084710743801653,0.33125614955723187,0.9347859903595365,0.11958228079834178,0.1310164316491223,0.1305165336514525,0.9917945161421153,0.3709104885862656,0.22002261534952725,0.16978391544902735,1.0,1.0,0.9687709872397582,0.9597044996642041,True,138,303.98932992,0.9987930618581364,215.50697497155696,0.15708236752114488,0.48482472878171734,0.7635466542496203,0.8936967624801033,2978,20.380401000999452,45.07091600032711,76.70327191986084,2978,30.488200210094927,53.73294679624748,108.47046680258512,2978,30.83060022449541,56.781458778211594,112.28701085852384,2978,0.3424000144004822,3.0485119819641113,3.8165440559387207,2978,1.352682,4.733472,13.99748,1907,37.079046,50.297474,67.446288,2858,0.0,35.707325,72.973808,297,20.86115264892578,24.514368057250977,36.6319694519043,297,26.491951585558283,42.54674534519594,113.20035942398339,3413,3.8683414459228516,9.625911712646484,31.520843505859375,2858,51.198992,137.738144,235.917332,2858,112.230912,200.764146,284.077282,2858,142.91313,245.142962,335.223972,0,0,0,0,0,0,0,0,2885,92,1,0
a60__favorable_stable,60,split_ae32_uint6_q0000,FAVORABLE_STABLE,AE32,UINT6,0.0,3528,3527,3415,3363,3257,474967.0,0.9307007786429365,0.8633783923227737,0.8957764573630962,0.5103642483676388,0.8893305723161601,0.7274270196877122,0.5534607438016529,0.6286300968025815,0.8524053580635189,0.47992938214197856,0.6846299772290694,0.653311466370878,0.7025192383370227,0.49533586153871273,0.5688660633646013,0.6240695153648329,0.9997165532879818,0.9679705215419501,0.9532312925170068,0.9231859410430839,True,72,359.4452992,0.9988548861289435,251.36469561103473,0.02828209633183596,0.21510805617735562,0.5411662904395551,0.7987573193946502,3528,24.28887400040245,50.49935899771309,71.623810015831,3528,31.403885516734597,55.380276291337964,91.60393521203184,3528,32.057453546138284,58.444564192262646,95.20681521309996,3528,0.6535680294036865,3.0642879009246826,3.6028800010681152,3528,1.44499,4.413825,10.265315,1946,69.428412,110.417006,223.423181,3257,0.0,31.425444,65.472944,297,20.86115264892578,24.514368057250977,36.6319694519043,297,26.491951585558283,42.54674534519594,113.20035942398339,3413,3.8683414459228516,9.625911712646484,31.520843505859375,3257,52.301929,120.904897,176.611546,3257,151.160152,233.16672,282.428892,3257,183.138631,271.808188,322.546718,112,0,0,0,0,0,0,0,3363,52,0,1
a61__favorable_stable,61,split_ae32_uint6_q3000,FAVORABLE_STABLE,AE32,UINT6,0.3,2925,2924,2923,2872,2784,339058.0,0.9255742049469965,0.8649262202043133,0.8942230756921107,0.5135488366357682,0.8771038708578868,0.6976522842639594,0.5679235537190083,0.6261389521640092,0.8579737126382807,0.4614886266148508,0.6692962487363687,0.6362180921356887,0.7070542055557926,0.4930946154741768,0.5601033078811103,0.6122704001253519,0.9996581196581197,0.9993162393162394,0.9818803418803419,0.9517948717948718,True,62,299.002068992,0.9986225461268932,244.20604110570707,0.040388717749384906,0.2570271582871763,0.5879459056442301,0.8256808920161869,2925,26.189058994763375,55.720452090194705,78.9514270224762,2925,30.04059927589655,53.563409383560185,90.03058602102185,2925,30.305143286058904,56.610321338439945,93.61452199705029,2925,0.2645440101623535,3.0469119548797607,3.5839359760284424,2925,1.326046,4.588235,11.79315,1851,61.922434,110.080706,181.380098,2784,0.0,38.1471,70.254307,297,20.86115264892578,24.514368057250977,36.6319694519043,297,26.491951585558283,42.54674534519594,113.20035942398339,3413,3.8683414459228516,9.625911712646484,31.520843505859375,2784,51.697807,128.153089,193.566044,2784,146.745849,239.078631,297.208856,2784,178.254302,273.25884,330.606323,1,0,0,0,0,0,0,0,2872,51,0,1
a62__favorable_stable,62,split_ae32_uint6_q5000,FAVORABLE_STABLE,AE32,UINT6,0.5,2921,2921,2921,2888,2829,244799.0,0.9137762313797978,0.8671963677639046,0.8898771706903854,0.5178698994474705,0.8445999532786186,0.6781996325780771,0.5720557851239669,0.6206220229756234,0.8481854366754604,0.45136761879280923,0.6479837860357139,0.6174342635000815,0.7027118071236866,0.49524048449648045,0.5529723716430215,0.5985959663666244,1.0,1.0,0.9887024991441288,0.968503937007874,True,76,298.933619968,0.9987401211612119,234.43518806525813,0.058769016197912465,0.3066324961234278,0.6440944124538787,0.8622556634499398,2921,25.02775299938488,53.957871907897946,78.75775194880676,2921,30.25029852076864,55.380276291337964,96.7571049747653,2921,30.559706529820918,58.444564192262646,100.40923295595121,2921,0.3094080090522766,3.0642879009246826,3.652127981185913,2921,1.333282,3.87395,13.936439,1916,54.776283,86.28632,125.721954,2829,0.0,33.619992,67.993959,297,20.86115264892578,24.514368057250977,36.6319694519043,297,26.491951585558283,42.54674534519594,113.20035942398339,3413,3.8683414459228516,9.625911712646484,31.520843505859375,2829,52.26068,121.872803,166.173492,2829,138.705879,218.007876,259.654073,2829,170.91292,259.382926,307.314557,0,0,0,0,0,0,0,0,2888,33,0,0
a63__favorable_stable,63,split_ae32_uint6_q7000,FAVORABLE_STABLE,AE32,UINT6,0.7,3533,3533,3533,3473,3444,148509.0,0.8859500634786288,0.8641007120008255,0.8748889933657211,0.5495247247418024,0.7633645260465225,0.6273083379966424,0.5790289256198347,0.6022025248455547,0.8757829986688663,0.4282670179737809,0.5958157720101517,0.5717725502303453,0.7310859333416234,0.4813859530932917,0.5246363255105548,0.5590944439972915,1.0,1.0,0.9830172657797905,0.9748089442400226,True,128,359.46799104,0.9990011992390164,224.0465929895402,0.0892429317258189,0.3860480095168142,0.719976454485487,0.8949527083517205,3533,24.224176942771912,51.77242299374866,75.64351897697449,3533,30.001520030930042,51.14149020882034,97.625223809474,3533,30.261017676740646,54.156114327625275,101.35651987194348,3533,0.25939199328422546,3.0146241188049316,3.7312960624694824,3533,1.301808,4.015388,8.879972,2286,47.080211,68.127074,93.300952,3444,0.0,34.93412,67.287861,297,20.86115264892578,24.514368057250977,36.6319694519043,297,26.491951585558283,42.54674534519594,113.20035942398339,3413,3.8683414459228516,9.625911712646484,31.520843505859375,3444,51.863408,129.949213,193.215501,3444,129.420337,212.433331,267.381266,3444,159.819814,250.238022,308.017158,0,0,0,0,0,0,0,0,3473,60,0,0
a64__favorable_stable,64,split_ae32_uint6_q9000,FAVORABLE_STABLE,AE32,UINT6,0.9,3024,3024,3024,2969,2936,50406.0,0.8140780413159908,0.7685481374471159,0.7906581740976646,0.7395662228951467,0.44528070648270307,0.5384823116392115,0.5149793388429752,0.5264686468646864,0.8841286462672119,0.32526248402596636,0.38527159525433474,0.3805694531611822,0.8150587896580487,0.44261330551157196,0.4104206423176132,0.3976473507908931,1.0,1.0,0.9818121693121693,0.9708994708994709,True,160,308.092742656,0.9985334856377825,218.271994391634,0.11841827122729692,0.429012146282784,0.7395427550151764,0.896705460480342,3024,24.007011993118287,51.43909999972892,69.01641099279404,3024,31.155972416612627,55.70961465474558,108.47046680258512,3024,31.719396407815935,58.77511872884226,112.28701085852384,3024,0.5634239912033081,3.0655040740966797,3.8165440559387207,3024,1.37593,4.32992,10.078,1944,39.089297,52.413791,73.462394,2936,0.0,34.650615,70.53479,297,20.86115264892578,24.514368057250977,36.6319694519043,297,26.491951585558283,42.54674534519594,113.20035942398339,3413,3.8683414459228516,9.625911712646484,31.520843505859375,2936,52.363257,128.880724,188.970308,2936,120.09669,203.03477,258.625077,2936,153.155693,246.067396,297.096744,0,0,0,0,0,0,0,0,2969,55,0,0
a65__favorable_stable,65,split_ae32_uint6_q9800,FAVORABLE_STABLE,AE32,UINT6,0.98,2989,2989,2988,2917,2876,10760.0,0.6065573770491803,0.39325147043648745,0.47715036935019406,1.0441383865010903,0.14241345160534002,0.45267857142857143,0.2618801652892562,0.33180628272251306,0.9327381208859074,0.11962766617375355,0.13102055888954678,0.1305242845117169,0.9900064071304977,0.37157431028932325,0.22022595440467185,0.16986502767810668,1.0,0.9996654399464704,0.9759116761458682,0.9621947139511542,True,177,303.614261504,0.9984785074399612,212.5884955859249,0.1607372441473967,0.48848329102632115,0.7664937634655018,0.8998358865313073,2989,20.075782002138137,43.88485700359535,67.92246397353362,2989,29.707577367239953,54.92687880465698,96.7571049747653,2989,29.923244718310357,57.98425471255493,100.40923295595121,2989,0.21583999693393707,3.057375907897949,3.652127981185913,2989,1.284584,3.976653,9.506117,1890,37.131705,50.725852,70.409158,2876,0.0,39.659075,77.906265,297,20.86115264892578,24.514368057250977,36.6319694519043,297,26.491951585558283,42.54674534519594,113.20035942398339,3413,3.8683414459228516,9.625911712646484,31.520843505859375,2876,50.910233,141.594712,199.092411,2876,111.891737,203.430975,258.204414,2876,143.794574,243.30439,306.660176,1,0,0,0,0,0,0,0,2917,71,0,0
a66__favorable_stable,66,split_ae32_uint4_q0000,FAVORABLE_STABLE,AE32,UINT4,0.0,3042,3042,3042,2988,2948,231741.0,0.9270671691420971,0.8630688267464658,0.8939240100464917,0.5098511586068384,0.8879650634702024,0.7283316204179514,0.5490702479338843,0.6261228096009425,0.8478575758398288,0.4762548861569853,0.6821099748135939,0.6503058512841334,0.6995751113503562,0.4967963420812825,0.5683920901560928,0.6226603522793293,1.0,1.0,0.9822485207100592,0.9690992767915845,True,76,310.213035008,0.9987698381694691,232.40395511889878,0.0637226939592987,0.33239634751757235,0.6711824643527006,0.8664773269378193,3042,23.56782399264145,50.136605000432965,70.38072199137116,3042,30.37807367244768,54.00480502979326,109.12652144939231,3042,30.699257681761264,57.05658096210527,112.98399339229393,3042,0.3211840093135834,3.0517759323120117,3.8574719429016113,3042,1.357295,4.177606,11.694403,1980,53.528278,84.447519,118.926511,2948,0.0,39.747046,74.122358,297,20.86115264892578,24.514368057250977,36.6319694519043,297,26.491951585558283,42.54674534519594,113.20035942398339,3413,3.8683414459228516,9.625911712646484,31.520843505859375,2948,51.783793,138.803349,204.359918,2948,135.278142,221.920109,283.737164,2948,165.667609,261.852889,325.35615,0,0,0,0,0,0,0,0,2988,54,0,0
a67__favorable_stable,67,split_ae32_uint4_q3000,FAVORABLE_STABLE,AE32,UINT4,0.3,2917,2917,2916,2878,2810,175596.0,0.9223824727512936,0.8645134661025694,0.892510919356557,0.5115185125472255,0.8762725927455164,0.699614890885751,0.5630165289256198,0.6239267315397825,0.8484765885502021,0.4577703472342974,0.6670214699899069,0.6333495157123065,0.7005582452574215,0.49630816476363393,0.560657235570104,0.611531203971186,1.0,0.9996571820363387,0.9866300994172095,0.9633184778882413,True,94,301.51459072,0.9986065126732452,233.1887893068338,0.07974787660053707,0.33979402611445203,0.6575092059379063,0.8556212776368556,2917,26.33761101395798,55.82630600491429,90.00624190092468,2917,31.287128725070954,59.767973419384475,109.12652144939231,2917,31.904408731479645,62.85501336689424,112.98399339229393,2917,0.6172800064086914,3.0870399475097656,3.8574719429016113,2917,1.397627,4.526628,13.308927,1903,47.91441,75.140416,104.117649,2810,0.0,36.281998,67.302045,297,20.86115264892578,24.514368057250977,36.6319694519043,297,26.491951585558283,42.54674534519594,113.20035942398339,3413,3.8683414459228516,9.625911712646484,31.520843505859375,2810,52.117639,131.945171,176.237995,2810,132.157908,217.005116,259.170595,2810,165.799241,261.809223,313.544486,1,0,0,0,0,0,0,0,2878,38,0,0
a68__favorable_stable,68,split_ae32_uint4_q5000,FAVORABLE_STABLE,AE32,UINT4,0.5,3502,3502,3502,3437,3370,129273.0,0.912656165127648,0.8668868021875967,0.8891828958509738,0.5188515258839395,0.8434524026717173,0.6776987318280235,0.5658574380165289,0.6167487684729064,0.8431747682546517,0.4496779069951219,0.6465651548334196,0.6158586778502229,0.7000537821244086,0.49655859709699934,0.5530008328052676,0.5979557417449454,1.0,1.0,0.9814391776127926,0.9623072529982867,True,125,358.968393216,0.998882672938398,229.14035083380375,0.07543133957118846,0.3504644379269895,0.6806867823735435,0.8727073700288014,3502,26.0154960157547,52.54348700603962,74.02053400955963,3502,32.126556378293515,60.154218843975066,96.7571049747653,3502,32.89782039492178,63.243786743679046,100.40923295595121,3502,0.7712640166282654,3.0895678997039795,3.652127981185913,3502,1.44393,4.454433,12.030535,2269,46.797075,67.89367,89.168925,3370,0.0,34.50536,69.215154,297,20.86115264892578,24.514368057250977,36.6319694519043,297,26.491951585558283,42.54674534519594,113.20035942398339,3413,3.8683414459228516,9.625911712646484,31.520843505859375,3370,51.43965,132.374026,179.855899,3370,128.805105,214.631893,258.047086,3370,163.015658,258.018652,307.253907,0,0,0,0,0,0,0,0,3437,65,0,0
a69__favorable_stable,69,split_ae32_uint4_q7000,FAVORABLE_STABLE,AE32,UINT4,0.7,2951,2951,2951,2904,2881,81020.0,0.8854056343994916,0.8626560726447219,0.8738828202581926,0.5525420761902691,0.7618861081012949,0.6275337837837838,0.5756714876033058,0.6004849137931035,0.8690429215087884,0.42441714324506313,0.593151625673179,0.5686453424397767,0.728195834025842,0.48277921867511475,0.5239562521111075,0.5574813922646472,1.0,1.0,0.9840731955269401,0.976279227380549,True,126,300.611343104,0.9985678050949294,217.9935065509809,0.11193431516441092,0.4305909697034238,0.7553399021222051,0.9070192349184575,2951,24.29254299262047,50.67942898699761,68.07098300129319,2951,29.40033005005264,51.557769491457464,96.7571049747653,2951,29.58042605048561,54.579561426424505,100.40923295595121,2951,0.18009600043296814,3.021791934967041,3.652127981185913,2951,1.268553,4.121329,8.896727,1952,41.189319,56.362177,72.461288,2881,0.0,32.261003,64.371485,297,20.86115264892578,24.514368057250977,36.6319694519043,297,26.491951585558283,42.54674534519594,113.20035942398339,3413,3.8683414459228516,9.625911712646484,31.520843505859375,2881,52.05636,124.930192,184.451801,2881,122.427613,202.012525,259.768132,2881,152.698303,240.293999,309.373988,0,0,0,0,0,0,0,0,2904,46,1,0
a70__favorable_stable,70,split_ae32_uint4_q9000,FAVORABLE_STABLE,AE32,UINT4,0.9,3002,3002,3002,2963,2939,28278.0,0.8112300633602797,0.7662779898875245,0.7881135579729371,0.7404917732410929,0.4442856648179128,0.535203668734826,0.512396694214876,0.5235519197783349,0.8816076426876345,0.32291853510893925,0.38360209996342604,0.3787717994424896,0.8141130455541742,0.44303210244170416,0.40964382901812846,0.3964091737692415,1.0,1.0,0.9870086608927382,0.9790139906728847,True,156,305.801907968,0.9984903375356039,212.13023476290533,0.13957869582836782,0.4692109768491528,0.7706710205374568,0.9145590648972206,3002,23.35943893171692,48.36869998358154,73.27032799954223,3002,30.923446594259737,51.14149020882034,97.625223809474,3002,31.40504658081293,54.156114327625275,101.35651987194348,3002,0.48159998655319214,3.0146241188049316,3.7312960624694824,3002,1.425369,4.619179,13.046489,1910,36.051312,49.975237,64.768865,2939,0.0,32.992844,68.296366,297,20.86115264892578,24.514368057250977,36.6319694519043,297,26.491951585558283,42.54674534519594,113.20035942398339,3413,3.8683414459228516,9.625911712646484,31.520843505859375,2939,51.789085,127.691936,178.820512,2939,116.081944,197.185727,242.503997,2939,147.78656,238.835937,293.17178,0,0,0,0,0,0,0,0,2963,39,0,0
a71__favorable_stable,71,split_ae32_uint4_q9800,FAVORABLE_STABLE,AE32,UINT4,0.98,2964,2964,2964,2874,2838,6403.0,0.6073756159593069,0.39428335569084716,0.47816293329996246,1.0461678733400313,0.14142208580282767,0.45,0.26265495867768596,0.33170254403131116,0.9269931376270745,0.1187163914403788,0.13006923862160324,0.12957283548832035,0.988378342644276,0.37217974994156455,0.21960051345855852,0.16900672053639715,1.0,1.0,0.9696356275303644,0.9574898785425101,True,137,301.413703168,0.9989062013255043,211.6601966212259,0.1749139912448322,0.5033030315560839,0.7718747681930209,0.8978574884737737,2964,19.556715007186888,45.895019927780154,65.76854199719239,2964,28.11206974767685,52.77031637576723,95.68319638038827,2964,28.241093746652602,55.80526043323183,99.3345883634205,2964,0.12902399897575378,3.0349440574645996,3.6513919830322266,2964,1.245941,4.518411,11.635776,1961,36.836803,49.887076,63.456758,2838,0.0,42.239167,73.868858,297,20.86115264892578,24.514368057250977,36.6319694519043,297,26.491951585558283,42.54674534519594,113.20035942398339,3413,3.8683414459228516,9.625911712646484,31.520843505859375,2838,51.506099,141.142074,230.434681,2838,111.861511,209.283095,305.88848,2838,140.117382,248.789866,334.084039,0,1,0,0,0,0,0,0,2874,89,0,0
a00__mid_variable,0,split_noae_uint8_q0000,MID_VARIABLE,noAE,UINT8,0.0,2955,6,0,0,0,3580479.0,0.9313931614473829,0.8685378185945722,0.8988680051260145,0.4785501282606964,0.898997205787936,0.7966160220994475,0.5958161157024794,0.6817375886524824,0.8399585364786806,0.5278192766550763,0.7134082412215061,0.6888454506447169,0.683571711037597,0.5048107305050598,0.5896919324062748,0.6486070338505988,0.0020304568527918783,0.0,0.0,0.0,True,0,309.612698368,0.0,,0.0,0.0,0.0,0.0,2955,46.84681299866891,78.12751699414444,116.35192799696637,2955,25.622709408337116,43.924346158638954,89.87091124969434,2955,25.72862941020155,45.87977010978794,93.42982328849745,2955,0.10592000186443329,1.9554239511489868,3.5589120388031006,2955,1.133169,3.083229,8.234779,0,,,,0,,,,258,21.574016571044922,25.28816032409668,29.48137664794922,258,45.44586259021006,77.30227171458772,109.06724537606964,3413,3.8683414459228516,9.625911712646484,31.520843505859375,0,,,,0,,,,0,,,,6,0,0,0,0,0,0,0,0,0,0,2949
a01__mid_variable,1,split_noae_uint8_q3000,MID_VARIABLE,noAE,UINT8,0.3,3003,28,0,0,0,2488220.0,0.9342456608811749,0.8664740480858528,0.8990845334332672,0.48566113628207824,0.874907992611778,0.7412280701754386,0.6110537190082644,0.6698754246885618,0.8402348604245259,0.5012355800539585,0.6880717863328683,0.6622197635004629,0.6862438924928301,0.5034635853423755,0.577411063642292,0.6303175882114613,0.009324009324009324,0.0,0.0,0.0,True,0,308.999562752,0.0,,0.0,0.0,0.0,0.0,3003,38.28631800147724,67.06593497602844,89.91693399944758,3003,26.89652879749918,45.485984122508526,84.24686238160372,3003,27.010960797122955,47.60297611927366,87.69953438630343,3003,0.11443199962377548,2.1169919967651367,3.452672004699707,3003,1.26369,3.285316,6.985723,0,,,,0,,,,258,21.574016571044922,25.28816032409668,29.48137664794922,258,45.44586259021006,77.30227171458772,109.06724537606964,3413,3.8683414459228516,9.625911712646484,31.520843505859375,0,,,,0,,,,0,,,,28,0,0,0,0,0,0,0,0,0,0,2975
a02__mid_variable,2,split_noae_uint8_q5000,MID_VARIABLE,noAE,UINT8,0.5,3548,138,0,0,0,1766334.0,0.9346003353828954,0.8626560726447219,0.8971882378192745,0.4989849508905711,0.8214453849330626,0.7335597406606977,0.6136363636363636,0.6682604415693995,0.8374146262844592,0.49028807503787364,0.6558667299854681,0.6346218374178251,0.6892928396300103,0.5019308892272261,0.5643902047149162,0.6084116682002417,0.03889515219842165,0.0,0.0,0.0,True,0,363.298428672,0.0,,0.0,0.0,0.0,0.0,3548,31.266235004558563,59.10845602924347,79.08709394783783,3548,26.14565639755535,45.94314555155802,83.06894420079041,3548,26.256440399203775,48.195017614241124,86.46952031544495,3548,0.11078400164842606,2.2518720626831055,3.400576114654541,3548,1.249334,3.46465,7.94664,0,,,,0,,,,258,21.574016571044922,25.28816032409668,29.48137664794922,258,45.44586259021006,77.30227171458772,109.06724537606964,3413,3.8683414459228516,9.625911712646484,31.520843505859375,0,,,,0,,,,0,,,,138,0,0,0,0,0,0,0,0,0,0,3410
a03__mid_variable,3,split_noae_uint8_q7000,MID_VARIABLE,noAE,UINT8,0.7,2950,1346,1,1,1,1049362.0,0.917598848155942,0.854916933237024,0.8851495726495726,0.5338088468743897,0.7035952399012005,0.7414448669201521,0.6043388429752066,0.665907797381901,0.8636079275993035,0.4596647654360441,0.5816300026686223,0.5686984622021608,0.7179033840335792,0.48777385909199755,0.526684197188441,0.5534756824073069,0.456271186440678,0.00033898305084745765,0.00033898305084745765,0.00033898305084745765,True,0,299.096049152,0.4982026981716271,74850.09225,0.0,0.0,0.0,0.0,2950,28.68450109790039,55.12324899913645,73.59833400105023,2950,27.584354444582463,47.51858492711592,80.77209333540868,2950,27.705026447017193,50.077048977408886,84.11455730559301,2950,0.12067200243473053,2.5584640502929688,3.342463970184326,2950,1.283831,3.555477,7.531107,0,,,,1,0.0,0.0,0.0,258,21.574016571044922,25.28816032409668,29.48137664794922,258,45.44586259021006,77.30227171458772,109.06724537606964,3413,3.8683414459228516,9.625911712646484,31.520843505859375,1,70.708124,70.708124,70.708124,1,330.155249,330.155249,330.155249,1,344.8629,344.8629,344.8629,1345,0,0,0,0,0,0,0,1,0,0,1604
a04__mid_variable,4,split_noae_uint8_q9000,MID_VARIABLE,noAE,UINT8,0.9,2995,2995,2995,2903,2768,345928.0,0.8870987134784177,0.7613249406665978,0.8194135939582406,0.6685623246776862,0.4033976726835544,0.6612057667103539,0.5211776859504132,0.582900057770075,0.8692187008800133,0.3665532104369034,0.3849754415602289,0.38453440939002065,0.7754085155380904,0.46051561478299907,0.42081361663504047,0.40249584827502455,1.0,1.0,0.9692821368948247,0.9242070116861436,True,89,307.817373952,0.9985196589323413,282.8197973951566,0.005671289331680875,0.08893078810187198,0.3308395884271311,0.6309601731586668,2995,26.298303001464845,56.94911801053238,84.43731099774456,2995,29.70740472137642,55.380276291337964,104.01059769920444,2995,29.92248936455822,58.444564192262646,107.81037377647495,2995,0.21491199731826782,3.0642879009246826,3.799776077270508,2995,1.35827,4.98811,13.631368,1478,75.129921,167.657043,207.670304,2768,0.0,58.198243,84.369121,258,21.574016571044922,25.28816032409668,29.48137664794922,258,45.44586259021006,77.30227171458772,109.06724537606964,3413,3.8683414459228516,9.625911712646484,31.520843505859375,2768,75.72535,158.766212,200.947182,2768,183.875096,274.189104,312.825441,2768,217.27947,309.27042,345.216498,0,0,0,0,0,0,0,0,2903,92,0,0
a05__mid_variable,5,split_noae_uint8_q9800,MID_VARIABLE,noAE,UINT8,0.98,3022,3022,3022,2933,2898,70782.0,0.8257995735607676,0.3996491590135177,0.5386273555385578,0.9430037220508795,0.07921903568115685,0.6301806588735388,0.306301652892562,0.4122349669794926,0.9740201170574634,0.17854106426136118,0.12888004997125901,0.11892792329925084,0.9586373684126983,0.3834149835486331,0.21353863293384492,0.16589415204674415,1.0,1.0,0.9705493050959629,0.9589675711449371,True,180,308.006339584,0.9985342782404747,241.58726964936514,0.04801305902330917,0.2695758077906563,0.6043454175112359,0.8391594970223352,3022,22.710006002545356,53.3520030066185,77.2139579934845,3022,28.897290015007496,53.73294679624748,97.625223809474,3022,29.0452580092206,56.781458778211594,101.35651987194348,3022,0.14796799421310425,3.0485119819641113,3.7312960624694824,3022,1.231317,3.963209,11.775539,1575,44.270583,64.356708,89.311865,2898,0.0,55.096282,83.837787,258,21.574016571044922,25.28816032409668,29.48137664794922,258,45.44586259021006,77.30227171458772,109.06724537606964,3413,3.8683414459228516,9.625911712646484,31.520843505859375,2898,74.318672,159.214502,198.257613,2898,147.186473,230.363564,277.21974,2898,177.093543,269.507188,318.451194,0,0,0,0,0,0,0,0,2933,89,0,0
a06__mid_variable,6,split_noae_uint6_q0000,MID_VARIABLE,noAE,UINT6,0.0,2812,23,0,0,0,2755044.0,0.9312596856320566,0.8681250644928284,0.8985847797062749,0.47786770119596883,0.8990013931039261,0.7984094052558783,0.5963326446280992,0.6827321111768185,0.8427417703409643,0.5277991932416186,0.7134002931727723,0.6888339495142087,0.6850442435798372,0.5040679273118778,0.5892530027023043,0.6483619859929793,0.008179231863442389,0.0,0.0,0.0,True,0,298.957848832,0.0,,0.0,0.0,0.0,0.0,2812,53.487976001188756,88.75410499952292,112.08034099912858,2812,25.786264136914255,41.41247270854664,75.07251338625383,2812,25.89423213947201,43.169208748661994,78.33641748094988,2812,0.10796800255775452,1.7567360401153564,3.263904094696045,2812,1.139296,2.828294,6.641541,0,,,,0,,,,258,21.574016571044922,25.28816032409668,29.48137664794922,258,45.44586259021006,77.30227171458772,109.06724537606964,3413,3.8683414459228516,9.625911712646484,31.520843505859375,0,,,,0,,,,0,,,,23,0,0,0,0,0,0,0,0,0,0,2789
a07__mid_variable,7,split_noae_uint6_q3000,MID_VARIABLE,noAE,UINT6,0.3,2896,82,0,0,0,1935460.0,0.9340084576007123,0.8660612939841089,0.8987524763077582,0.485069829347577,0.8749078600351812,0.7428661022264033,0.6118285123966942,0.6710097719869706,0.8442983214552167,0.5011226873947935,0.6880152737149874,0.6621451336706008,0.6885246527740978,0.5023166140743173,0.576720470913945,0.629914670930035,0.028314917127071824,0.0,0.0,0.0,True,0,299.160726528,0.0,,0.0,0.0,0.0,0.0,2896,41.748034998983385,73.68574301650239,102.09049199984742,2896,26.08597765915966,43.54449973341179,79.6554402643385,2896,26.1962176566658,45.47070775266838,82.97838419019604,2896,0.11023999750614166,1.9262080192565918,3.322943925857544,2896,1.207145,2.953702,6.534878,0,,,,0,,,,258,21.574016571044922,25.28816032409668,29.48137664794922,258,45.44586259021006,77.30227171458772,109.06724537606964,3413,3.8683414459228516,9.625911712646484,31.520843505859375,0,,,,0,,,,0,,,,82,0,0,0,0,0,0,0,0,0,0,2814
a08__mid_variable,8,split_noae_uint6_q5000,MID_VARIABLE,noAE,UINT6,0.5,3506,566,0,0,0,1381844.0,0.9344500279173646,0.8634815808482097,0.8975651614287247,0.4999358610095649,0.8214967369562596,0.7351485148514851,0.6136363636363636,0.6689189189189189,0.8401832564080812,0.49022338157131434,0.655860059263787,0.6345998017179789,0.6913189457377334,0.5009149535312108,0.5638089483047223,0.6080951983436381,0.16143753565316601,0.0,0.0,0.0,True,0,359.611691008,0.0,,0.0,0.0,0.0,0.0,3506,35.79326597940064,65.14076498106385,90.6497650224762,3506,27.260137195524216,46.2328411986084,77.31802682741737,3506,27.37719319277668,48.55978531138611,80.61652283533668,3506,0.1170559972524643,2.32694411277771,3.2984960079193115,3506,1.292831,3.840775,8.018448,0,,,,0,,,,258,21.574016571044922,25.28816032409668,29.48137664794922,258,45.44586259021006,77.30227171458772,109.06724537606964,3413,3.8683414459228516,9.625911712646484,31.520843505859375,0,,,,0,,,,0,,,,566,0,0,0,0,0,0,0,0,0,0,2940
a09__mid_variable,9,split_noae_uint6_q7000,MID_VARIABLE,noAE,UINT6,0.7,3525,3196,165,165,165,824742.0,0.9179038333702637,0.854916933237024,0.885291446278784,0.5341768452875015,0.7038330229558449,0.7397086763774541,0.6033057851239669,0.6645803698435276,0.8618034693587783,0.459712159537804,0.5817725912468245,0.5688238733888129,0.716955410691674,0.48823647494639943,0.5269919950138816,0.553705245149041,0.9066666666666666,0.04680851063829787,0.04680851063829787,0.04680851063829787,True,1,361.654327296,0.998589948200502,1596.292879504125,0.0,9.359160238195322e-05,0.0020919000269027546,0.009628907730861584,3525,31.57901099693394,58.34036499884725,83.5950060392151,3525,28.14357806694269,48.87140537581873,94.72909572380829,3525,28.27359406602144,51.83710147223902,98.35690381783294,3525,0.1300159990787506,2.965696096420288,3.627808094024658,3525,1.345351,3.799065,8.012554,29,127.453975,207.254992,246.699782,165,0.0,0.0,0.0,258,21.574016571044922,25.28816032409668,29.48137664794922,258,45.44586259021006,77.30227171458772,109.06724537606964,3413,3.8683414459228516,9.625911712646484,31.520843505859375,165,73.966526,112.666175,120.213198,165,265.948614,351.934292,395.902755,165,299.47352,380.160888,418.387493,3031,0,0,0,0,0,0,0,165,0,0,329
a10__mid_variable,10,split_noae_uint6_q9000,MID_VARIABLE,noAE,UINT6,0.9,3515,3515,3514,3399,3298,273439.0,0.8854604394285028,0.7610153750902899,0.818534961154273,0.6686073634788954,0.40382038008997967,0.6591503267973856,0.5209194214876033,0.5819388343912291,0.8662250206658625,0.36671271410555356,0.38526654709776664,0.38481952600398633,0.7737511204921689,0.4612795039396976,0.4213185968616011,0.40288951468230716,1.0,0.9997155049786629,0.9669985775248933,0.9382645803698435,True,118,359.416892416,0.9981923986804492,276.5584133153053,0.008586290714539101,0.10161095175996859,0.36182933142852675,0.6723106053187917,3515,27.306851982013704,57.86928205830383,79.35655100282908,3515,30.831903310048105,59.767973419384475,97.625223809474,3515,31.266068783949375,62.85501336689424,101.35651987194348,3515,0.43564799427986145,3.0870399475097656,3.7312960624694824,3515,1.401795,4.997506,12.839566,1806,68.084018,117.95011,159.827189,3298,0.0,56.146525,85.854971,258,21.574016571044922,25.28816032409668,29.48137664794922,258,45.44586259021006,77.30227171458772,109.06724537606964,3413,3.8683414459228516,9.625911712646484,31.520843505859375,3298,75.285344,160.336118,206.989416,3298,178.807123,264.879737,310.481279,3298,212.197429,302.201882,346.298129,1,0,1,1,0,0,0,0,3399,113,0,0
a11__mid_variable,11,split_noae_uint6_q9800,MID_VARIABLE,noAE,UINT6,0.98,2960,2960,2960,2841,2803,56063.0,0.8263370978052419,0.4001651016406976,0.539210233592881,0.9445463102797858,0.0794400600311816,0.6276483050847458,0.30604338842975204,0.4114583333333333,0.9829375802459547,0.17856811537922182,0.12900408770520172,0.11910273634715679,0.9639330938719061,0.3813898899614075,0.21313042839900795,0.16581524802572542,1.0,1.0,0.9597972972972973,0.9469594594594595,True,159,301.690401024,0.997651916843905,245.0369767844843,0.04591151777115415,0.26326725540956664,0.583346385323011,0.8109667973411484,2960,22.655605021930693,51.13296194271088,69.01994907984924,2960,29.057972415953635,55.09103844564009,96.7571049747653,2960,29.216500416069984,58.153303084125994,100.40923295595121,2960,0.15852800011634827,3.0627200603485107,3.652127981185913,2960,1.268676,3.66616,9.428216,1598,43.15754,63.85161,86.077601,2803,0.0,55.281172,84.289942,258,21.574016571044922,25.28816032409668,29.48137664794922,258,45.44586259021006,77.30227171458772,109.06724537606964,3413,3.8683414459228516,9.625911712646484,31.520843505859375,2803,74.440955,168.698818,219.122857,2803,147.014617,238.95038,290.798984,2803,177.424896,272.5125,321.093523,0,0,1,0,0,0,0,0,2841,118,0,0
a12__mid_variable,12,split_noae_uint4_q0000,MID_VARIABLE,noAE,UINT4,0.0,3425,564,0,0,0,1459292.0,0.9325431989366415,0.8687441956454443,0.8995138629200278,0.47905616765836595,0.8989035151908015,0.79750346740638,0.59400826446281,0.6808762581409118,0.8432346658195582,0.5274933455564375,0.7131984303736194,0.6885968505304375,0.6857621721163039,0.5037061724351556,0.5889401361187652,0.6480981257988092,0.16467153284671532,0.0,0.0,0.0,True,0,360.366237952,0.0,,0.0,0.0,0.0,0.0,3425,46.62236994750977,78.89551100044488,115.84833699189758,3425,27.286670566675184,45.94314555155802,86.22699280436993,3425,27.404046566364286,48.195017614241124,89.72286482509136,3425,0.11737599968910217,2.2518720626831055,3.4958720207214355,3425,1.27238,3.500229,7.071909,0,,,,0,,,,258,21.574016571044922,25.28816032409668,29.48137664794922,258,45.44586259021006,77.30227171458772,109.06724537606964,3413,3.8683414459228516,9.625911712646484,31.520843505859375,0,,,,0,,,,0,,,,564,0,0,0,0,0,0,0,0,0,0,2861
a13__mid_variable,13,split_noae_uint4_q3000,MID_VARIABLE,noAE,UINT4,0.3,3013,1310,1,1,1,1077761.0,0.9332591768631813,0.865751728407801,0.8982388523098336,0.48659542491675073,0.8747882382777682,0.7414603572547791,0.6110537190082644,0.6699702675916749,0.845245778051548,0.50045817186041,0.6876232050690891,0.6616607306569436,0.6896432167664233,0.5017550549255398,0.5761871364867907,0.6294439176849894,0.43478260869565216,0.00033189512114171923,0.00033189512114171923,0.00033189512114171923,True,0,309.00066304,0.49948553944047874,77408.021927,0.0,0.0,4.096918717084187e-05,0.00020278113769577497,3013,37.292817001092914,69.8455229984026,88.75902700587368,3013,26.995113497228623,44.296835990799906,71.58902378955364,3013,27.110441496224404,46.27574798668766,74.82083173671245,3013,0.11532799899578094,1.9789119958877563,3.2318079471588135,3013,1.27693,3.459142,7.264983,0,,,,1,0.0,0.0,0.0,258,21.574016571044922,25.28816032409668,29.48137664794922,258,45.44586259021006,77.30227171458772,109.06724537606964,3413,3.8683414459228516,9.625911712646484,31.520843505859375,1,72.074978,72.074978,72.074978,1,223.043824,223.043824,223.043824,1,237.340494,237.340494,237.340494,1309,0,0,0,0,0,0,0,1,0,0,1703
a14__mid_variable,14,split_noae_uint4_q5000,MID_VARIABLE,noAE,UINT4,0.5,2929,2903,339,339,339,793131.0,0.9327019498607242,0.8637911464245176,0.896924890174649,0.5015408116203153,0.8217156200787067,0.7358199753390875,0.6164772727272727,0.6708825182686903,0.8362008215653391,0.48975808204106164,0.6557368510598842,0.6343830594151526,0.6894835022345759,0.5018351988991475,0.5642302267690493,0.6082651988847798,0.9911232502560601,0.11573916012290884,0.11573916012290884,0.11573916012290884,True,3,299.010069504,0.9985273245622448,794.7301542350306,0.0,0.003116664159658119,0.015475507894017923,0.04190328523646053,2929,29.23584301851654,57.05321200020885,84.10299798118591,2929,25.986464415258887,47.24985311887884,96.7571049747653,2929,26.096096415585997,49.748957141858575,100.40923295595121,2929,0.10963200032711029,2.4991040229797363,3.652127981185913,2929,1.179834,3.387237,6.937457,68,125.299372,203.289499,219.477702,339,0.0,0.0,3.730846,258,21.574016571044922,25.28816032409668,29.48137664794922,258,45.44586259021006,77.30227171458772,109.06724537606964,3413,3.8683414459228516,9.625911712646484,31.520843505859375,339,72.196911,107.047945,118.038946,339,253.065349,342.986277,377.692049,339,280.932802,362.487309,395.591622,2564,0,0,0,0,0,0,0,339,0,0,26
a15__mid_variable,15,split_noae_uint4_q7000,MID_VARIABLE,noAE,UINT4,0.7,2961,2961,2772,2694,2567,486297.0,0.9171826625386997,0.8559488184913837,0.8855084067253802,0.5330236743419888,0.7039510673568079,0.7365608299276957,0.6051136363636364,0.6643981284559762,0.856041666772742,0.45889488404522516,0.5814229757010165,0.5683656775599797,0.7130643633852728,0.4901399269765129,0.527805562395097,0.5539659562457839,1.0,0.9361702127659575,0.9098277608915907,0.8669368456602499,True,69,303.513914624,0.9986749016054232,304.84971650799014,0.0024922839894740865,0.04593494401491127,0.22235715798271158,0.507718026736606,2961,30.57015600189209,63.98691201058578,84.86739198773193,2961,29.707577367239953,52.21091709171152,95.68319638038827,2961,29.92248936455822,55.23837313686228,99.3345883634205,2961,0.21491199731826782,3.027456045150757,3.6513919830322266,2961,1.332459,4.102114,11.350187,1140,87.657259,173.358861,225.250934,2567,0.0,56.73287,84.033513,258,21.574016571044922,25.28816032409668,29.48137664794922,258,45.44586259021006,77.30227171458772,109.06724537606964,3413,3.8683414459228516,9.625911712646484,31.520843505859375,2567,74.816358,157.573803,196.871927,2567,202.124831,296.282503,339.945639,2567,234.168894,328.822922,374.162381,189,0,0,0,0,0,0,0,2694,78,0,0
a16__mid_variable,16,split_noae_uint4_q9000,MID_VARIABLE,noAE,UINT4,0.9,2925,2925,2925,2826,2777,163598.0,0.8840095465393795,0.764420596429677,0.8198771512367883,0.6693543448852496,0.40442562176503466,0.6577159495308962,0.525051652892562,0.5839437024271148,0.8753472578746683,0.36653574186939003,0.38548068181721235,0.38501486374507193,0.7791880584574762,0.45877836133191646,0.4202814393681872,0.40250512518819953,1.0,1.0,0.9661538461538461,0.9494017094017094,True,129,299.011820544,0.9986262291930377,259.2544676164254,0.026212561639671523,0.1767304169208383,0.4753253854326661,0.7566901745735688,2925,26.14462900466156,56.63592599895525,83.17901497592926,2925,30.92364837962389,56.501872355700016,96.7571049747653,2925,31.40504658081293,59.569104249239444,100.40923295595121,2925,0.48159998655319214,3.0672318935394287,3.652127981185913,2925,1.380844,4.896538,12.905222,1585,55.771155,87.651642,126.891528,2777,0.0,54.985458,81.506487,258,21.574016571044922,25.28816032409668,29.48137664794922,258,45.44586259021006,77.30227171458772,109.06724537606964,3413,3.8683414459228516,9.625911712646484,31.520843505859375,2777,74.187851,160.026293,206.004261,2777,162.320711,248.135484,296.88842,2777,195.696909,286.858648,327.214095,0,0,0,0,0,0,0,0,2826,99,0,0
a17__mid_variable,17,split_noae_uint4_q9800,MID_VARIABLE,noAE,UINT4,0.98,2944,2944,2944,2856,2821,34650.0,0.825800976023764,0.40160974099680113,0.5404054429325188,0.946399652882089,0.07973839118926303,0.6214659685863875,0.3065599173553719,0.4105845728121757,0.986899855585774,0.1790290818186328,0.1293837365039479,0.11948008604076547,0.9668618380954334,0.380274530622635,0.21315542131952483,0.16606879558301554,1.0,1.0,0.970108695652174,0.9582201086956522,True,204,299.390522368,0.998328817979799,236.27636357650414,0.059137405051979015,0.30021037588999755,0.6387012925110499,0.8590913450822414,2944,21.901330973590852,51.11094000273895,70.42804491940308,2944,30.67628798437786,59.767973419384475,94.72909572380829,2944,31.068447982794762,62.85501336689424,98.35690381783294,2944,0.39215999841690063,3.0870399475097656,3.627808094024658,2944,1.327392,4.535112,10.772619,1490,39.132771,59.395112,79.034796,2821,0.0,50.213429,78.233068,258,21.574016571044922,25.28816032409668,29.48137664794922,258,45.44586259021006,77.30227171458772,109.06724537606964,3413,3.8683414459228516,9.625911712646484,31.520843505859375,2821,73.634984,153.957833,196.468832,2821,140.172155,219.731835,271.917888,2821,172.359712,258.130806,308.598048,0,0,0,0,0,0,0,0,2856,88,0,0
a18__mid_variable,18,split_ae128_uint8_q0000,MID_VARIABLE,AE128,UINT8,0.0,3580,33,0,0,0,2349736.0,0.9354335967939441,0.8670931792384687,0.8999678697654493,0.4813474971373565,0.8978209228434613,0.7907789032483409,0.5847107438016529,0.672308834446919,0.8399358682991729,0.5212649767707229,0.7095429498070921,0.6841071571693034,0.6845391427288446,0.5043225967623848,0.5873761128675186,0.6455761610919679,0.009217877094972068,0.0,0.0,0.0,True,0,369.29342848,0.0,,0.0,0.0,0.0,0.0,3580,34.22325900185442,61.58181199568558,89.18327200955963,3580,28.66570057501173,48.587531427338604,89.8638531818347,3580,28.805956577557087,51.53098736186314,93.44257327460814,3580,0.14025600254535675,2.943455934524536,3.5787200927734375,3580,1.367657,4.082268,8.856279,0,,,,0,,,,137,21.248319625854492,24.753183364868164,25.83180809020996,137,46.8398970129109,81.12619470905908,111.52821377566012,3413,3.8683414459228516,9.625911712646484,31.520843505859375,0,,,,0,,,,0,,,,33,0,0,0,0,0,0,0,0,0,0,3547
a19__mid_variable,19,split_ae128_uint8_q3000,MID_VARIABLE,AE128,UINT8,0.3,3505,279,0,0,0,1670947.0,0.930286599535244,0.8675059333402125,0.8978000854335754,0.48195888720354085,0.8882875819219526,0.7513884351519111,0.59400826446281,0.6634934371844801,0.8333870762020209,0.5100791000246124,0.6991833409732825,0.6731247509561573,0.6807416498698418,0.5062413992356561,0.5837496173739197,0.6388646239755121,0.07960057061340942,0.0,0.0,0.0,True,0,361.506745856,0.0,,0.0,0.0,0.0,0.0,3505,30.124370998196603,58.54255508917236,82.58530000320435,3505,30.181216275041102,49.48560580166054,90.03058602102185,3505,30.487424289529322,52.468389834482196,93.61452199705029,3505,0.3062080144882202,2.9827840328216553,3.5839359760284424,3505,1.456895,4.312082,8.971555,0,,,,0,,,,137,21.248319625854492,24.753183364868164,25.83180809020996,137,46.8398970129109,81.12619470905908,111.52821377566012,3413,3.8683414459228516,9.625911712646484,31.520843505859375,0,,,,0,,,,0,,,,279,0,0,0,0,0,0,0,0,0,0,3226
a20__mid_variable,20,split_ae128_uint8_q5000,MID_VARIABLE,AE128,UINT8,0.5,3542,1040,4,4,4,1208517.0,0.9254058797718298,0.8704984005778558,0.8971127771574414,0.4893968203044741,0.8544549524141708,0.7461290322580645,0.5973657024793388,0.6635111876075731,0.8261759591046256,0.5039974931914152,0.679226222802793,0.6562340695679645,0.6789977772889163,0.507124989941992,0.5768818734621902,0.6259658903767219,0.29361942405420666,0.001129305477131564,0.001129305477131564,0.001129305477131564,True,0,357.915517184,0.9990456711832798,59775.54722463206,0.0,0.00013780774688973145,0.00040236373413775486,0.0006817592763784989,3542,25.051510006961824,47.39585798982239,64.15793589057922,3542,26.544829537567615,47.39767346052218,84.44142841300487,3542,26.657405537960052,49.90253743795443,87.90338038405895,3542,0.11257600039243698,2.504863977432251,3.461951971054077,3542,1.260445,3.452518,6.816744,0,,,,4,0.0,0.0,0.0,137,21.248319625854492,24.753183364868164,25.83180809020996,137,46.8398970129109,81.12619470905908,111.52821377566012,3413,3.8683414459228516,9.625911712646484,31.520843505859375,4,74.925982,85.614564,85.614564,4,146.835556,323.378166,323.378166,4,205.311307,341.569092,341.569092,1036,0,0,0,0,0,0,0,4,0,0,2502
a21__mid_variable,21,split_ae128_uint8_q7000,MID_VARIABLE,AE128,UINT8,0.7,3023,3013,1268,1268,1251,732356.0,0.9057900956064024,0.8700856464761119,0.8875789473684211,0.5321056818268167,0.7716221742838556,0.6969787615913849,0.6017561983471075,0.645876645876646,0.8518478373341022,0.47206109177109623,0.6218416330274759,0.6035335997500255,0.7102046165025854,0.49154360923612056,0.544667865691006,0.5819769368788467,0.9966920277869666,0.41945087661263647,0.41945087661263647,0.41382732385047966,True,8,309.404356096,0.9983721372854759,407.1007526688104,0.0005990597428514881,0.013713976181652265,0.06730508190563003,0.17692954890723891,3023,24.99631205543518,51.21032710083008,71.73941500011635,3023,29.94475974212599,49.4315331922636,94.72909572380829,3023,30.1975917376132,52.41313323842144,98.35690381783294,3023,0.25283199548721313,2.981600046157837,3.627808094024658,3023,1.42834,4.439663,9.331705,316,116.724423,230.557042,262.394799,1251,0.0,0.0,51.535646,137,21.248319625854492,24.753183364868164,25.83180809020996,137,46.8398970129109,81.12619470905908,111.52821377566012,3413,3.8683414459228516,9.625911712646484,31.520843505859375,1251,72.46767,113.324097,188.513091,1251,234.919698,337.994522,385.701769,1251,268.316279,367.80415,405.71021,1745,0,0,0,0,0,0,0,1268,0,0,10
a22__mid_variable,22,split_ae128_uint8_q9000,MID_VARIABLE,AE128,UINT8,0.9,2970,2970,2970,2794,2755,248258.0,0.8312811980033278,0.7732948096171706,0.8012402437720518,0.7325707899683028,0.4435684689947239,0.5665378244064053,0.5299586776859504,0.5476381104883906,0.8757267570359597,0.3659445305910281,0.404756499792876,0.402891368946091,0.8073280978956145,0.4460482727758521,0.42392098230059627,0.4142279239558182,1.0,1.0,0.9407407407407408,0.9276094276094277,True,82,302.757015552,0.9987508552780834,278.5615808250954,0.01530373836441853,0.13383171750826284,0.39044475434689596,0.656430327550463,2970,25.95031001790619,53.983141110412596,75.0736700396576,2970,32.278208467847826,59.08202446641302,96.7571049747653,2970,33.060384485609056,62.16589654626226,100.40923295595121,2970,0.7821760177612305,3.083872079849243,3.652127981185913,2970,1.514799,4.358806,11.293223,1706,65.937853,108.407503,153.475192,2755,0.0,67.228303,99.301906,137,21.248319625854492,24.753183364868164,25.83180809020996,137,46.8398970129109,81.12619470905908,111.52821377566012,3413,3.8683414459228516,9.625911712646484,31.520843505859375,2755,73.600096,189.841335,243.532519,2755,172.497475,285.500829,339.385407,2755,208.069411,321.337308,375.727559,0,0,0,0,0,0,0,0,2794,176,0,0
a23__mid_variable,23,split_ae128_uint8_q9800,MID_VARIABLE,AE128,UINT8,0.98,3055,3055,3055,2915,2879,51587.0,0.6247334754797441,0.42327933133835516,0.5046441532878144,1.048119783524195,0.1522151676971319,0.5109289617486339,0.2897727272727273,0.3698088332234674,0.9501033147732219,0.14368998761259777,0.14795257765486483,0.14789116119920884,1.0003127984180422,0.36776438705952386,0.23321471276475733,0.18575445593736037,1.0,1.0,0.9541734860883797,0.9423895253682488,True,177,312.112551168,0.9985546141341904,244.93930251827163,0.055399723889004535,0.27235281439945913,0.5822350704319625,0.8129360676733143,3055,22.8692920004549,51.53054599477577,80.29481002417374,3055,30.21134471258497,56.501872355700016,104.01059769920444,3055,30.519984715789317,59.569104249239444,107.81037377647495,3055,0.3086400032043457,3.0672318935394287,3.799776077270508,3055,1.337963,4.315233,11.721343,1740,41.41732,62.9104,81.320406,2879,0.0,58.700087,82.752388,137,21.248319625854492,24.753183364868164,25.83180809020996,137,46.8398970129109,81.12619470905908,111.52821377566012,3413,3.8683414459228516,9.625911712646484,31.520843505859375,2879,73.756541,168.982751,214.661935,2879,144.462058,237.598595,288.379924,2879,176.321788,278.507669,326.556985,0,0,0,0,0,0,0,0,2915,140,0,0
a24__mid_variable,24,split_ae128_uint6_q0000,MID_VARIABLE,AE128,UINT6,0.0,2956,126,1,1,1,1865927.0,0.9354479688369505,0.8672995562893406,0.9000856714499893,0.4818480472813258,0.897799000759146,0.7885554780181437,0.5836776859504132,0.6708222024339566,0.8404948393835868,0.5214166478130866,0.7096078242861164,0.6841983231386736,0.6850580689617736,0.5040609584284347,0.5872628564079356,0.6455434282987359,0.04262516914749662,0.00033829499323410016,0.00033829499323410016,0.00033829499323410016,True,1,309.31033856,0.49711400214698337,77124.50831049998,0.0,0.0,2.179637134467207e-05,0.0001834463188788409,2956,37.87059198695755,69.82783196880341,97.31294793792725,2956,28.2355295721879,49.56854162974119,86.22699280436993,2956,28.367209569036007,52.555663286589144,89.72286482509136,2956,0.13167999684810638,2.9887359142303467,3.4958720207214355,2956,1.324776,3.958308,7.523537,0,,,,1,0.0,0.0,0.0,137,21.248319625854492,24.753183364868164,25.83180809020996,137,46.8398970129109,81.12619470905908,111.52821377566012,3413,3.8683414459228516,9.625911712646484,31.520843505859375,1,71.01524,71.01524,71.01524,1,129.885132,129.885132,129.885132,1,243.258157,243.258157,243.258157,125,0,0,0,0,0,0,0,1,0,0,2830
a25__mid_variable,25,split_ae128_uint6_q3000,MID_VARIABLE,AE128,UINT6,0.3,2949,612,0,0,0,1335628.0,0.9309199601461309,0.8677123103910845,0.8982055116428115,0.4815413500941531,0.8882121747441908,0.7495919033627163,0.5929752066115702,0.6621485219899063,0.8357112856880637,0.5102138242667774,0.6992129995054841,0.6731850640325769,0.6820173842641023,0.5055959814492217,0.5834035165702277,0.6386887526355199,0.20752797558494404,0.0,0.0,0.0,True,0,301.483680512,0.0,,0.0,0.0,0.0,0.0,2949,31.932076998824595,58.31099600143051,80.11058689312745,2949,27.219786733484746,42.64466749357748,80.18095653242588,2949,27.33649073550749,44.521499501939296,83.50476448721409,2949,0.11670400202274323,1.8768320083618164,3.323807954788208,2949,1.294904,3.641182,6.878966,0,,,,0,,,,137,21.248319625854492,24.753183364868164,25.83180809020996,137,46.8398970129109,81.12619470905908,111.52821377566012,3413,3.8683414459228516,9.625911712646484,31.520843505859375,0,,,,0,,,,0,,,,612,0,0,0,0,0,0,0,0,0,0,2337
a26__mid_variable,26,split_ae128_uint6_q5000,MID_VARIABLE,AE128,UINT6,0.5,2982,1881,1,1,1,964486.0,0.9265561532550225,0.8709111546795997,0.8978723404255319,0.49049055085761933,0.8543813826157686,0.7459651387992253,0.596849173553719,0.6631276901004305,0.8246309811788921,0.5039282734940779,0.6791548280549232,0.6561607539673852,0.6784531065595739,0.5074012813172133,0.5770067653963167,0.6260007432417816,0.630784708249497,0.00033534540576794097,0.00033534540576794097,0.00033534540576794097,True,0,303.19643648,0.5011588592401651,76196.379164,0.0,0.0,9.370476886153672e-05,0.00025861435876464294,2982,25.942049021507263,49.94117107984924,75.69854595999145,2982,27.944101224107264,47.24985311887884,86.22699280436993,2982,28.06992522851896,49.748957141858575,89.72286482509136,2982,0.1258240044116974,2.4991040229797363,3.4958720207214355,2982,1.324025,3.786432,7.652996,0,,,,1,0.0,0.0,0.0,137,21.248319625854492,24.753183364868164,25.83180809020996,137,46.8398970129109,81.12619470905908,111.52821377566012,3413,3.8683414459228516,9.625911712646484,31.520843505859375,1,70.249678,70.249678,70.249678,1,210.869865,210.869865,210.869865,1,221.589048,221.589048,221.589048,1880,0,0,0,0,0,0,0,1,0,0,1101
a27__mid_variable,27,split_ae128_uint6_q7000,MID_VARIABLE,AE128,UINT6,0.7,2927,2927,2392,2345,2201,583271.0,0.9059342076972694,0.869569703848932,0.8873795608908546,0.5307785053970765,0.7715579050155129,0.6984744241699072,0.6030475206611571,0.6472626472626473,0.8536833482011009,0.4720480074099076,0.6218029562127103,0.6035001007986126,0.7108097779249369,0.4912462359948896,0.5444879731820116,0.5818627255176617,1.0,0.8172189955585925,0.8011615989067304,0.7519644687393235,True,38,298.999589376,0.9986287008960256,324.8932513551205,0.00377267786004038,0.041285301828547755,0.17724309681360997,0.4097795374893405,2927,28.108120016647337,56.54115198046875,78.21984202065278,2927,29.410632994497774,50.64725205455255,91.60393521203184,2927,29.59316099854803,53.656435938219545,95.20681521309996,2927,0.18252800405025482,3.009183883666992,3.6028800010681152,2927,1.314673,4.002643,10.245407,984,100.82188,203.02635,265.938782,2201,0.0,54.829917,85.768849,137,21.248319625854492,24.753183364868164,25.83180809020996,137,46.8398970129109,81.12619470905908,111.52821377566012,3413,3.8683414459228516,9.625911712646484,31.520843505859375,2201,74.255123,156.816887,196.38015,2201,212.229801,310.735793,357.641884,2201,244.270966,343.857483,385.261008,535,0,3,1,0,0,0,0,2345,43,0,0
a28__mid_variable,28,split_ae128_uint6_q9000,MID_VARIABLE,AE128,UINT6,0.9,3496,3496,3496,3253,3098,197421.0,0.8303730017761989,0.771850170261067,0.8000427830365261,0.7307881733268653,0.44349599492371183,0.5647155812036274,0.5307334710743802,0.5471974437491679,0.8792309327777588,0.3659463757357416,0.40472118532972673,0.40285946928879457,0.8084238948186973,0.4455597621540985,0.4236720067668404,0.414088199263997,1.0,1.0,0.9304919908466819,0.8861556064073226,True,101,358.140967168,0.9986834068503009,290.41964259919393,0.0170338688261215,0.11807626022063873,0.34423730014993825,0.6099153577689821,3496,22.84997699696636,52.69394903755188,71.72151198708725,3496,32.08832557315111,57.16414608910608,94.72909572380829,3496,32.85821355695009,60.236562156229496,98.35690381783294,3496,0.7698879837989807,3.072416067123413,3.627808094024658,3496,1.271691,4.077398,8.257688,1989,73.35871,153.790845,208.622599,3098,0.0,62.226076,96.761371,137,21.248319625854492,24.753183364868164,25.83180809020996,137,46.8398970129109,81.12619470905908,111.52821377566012,3413,3.8683414459228516,9.625911712646484,31.520843505859375,3098,74.217544,181.250982,247.089038,3098,178.581458,289.927144,353.16039,3098,214.700841,333.164544,386.518139,0,0,0,0,0,0,0,0,3253,243,0,0
a29__mid_variable,29,split_ae128_uint6_q9800,MID_VARIABLE,AE128,UINT6,0.98,3517,3517,3517,3306,3279,41110.0,0.6251142944224322,0.42327933133835516,0.5047683504583769,1.0481481425160668,0.15215891489205619,0.5077554744525548,0.287448347107438,0.36708443271767804,0.9397471425227789,0.1436487142615594,0.1479038145768078,0.14784259361793514,0.9954243367879875,0.3695665905669675,0.2337470497438588,0.18593568862160798,1.0,1.0,0.9400056866647711,0.9323286892237702,True,207,359.405328128,0.998653302188031,253.441502873426,0.062427953666867236,0.2734015809582116,0.5613035071454288,0.7705251533204115,3517,23.4474930236969,50.735430000116345,75.74133800028658,3517,30.8194126983757,55.70961465474558,96.7571049747653,3517,31.24926870070648,58.77511872884226,100.40923295595121,3517,0.42985600233078003,3.0655040740966797,3.652127981185913,3517,1.337025,4.143708,10.059547,2011,39.080737,61.531875,82.502181,3279,0.0,61.69564,95.366196,137,21.248319625854492,24.753183364868164,25.83180809020996,137,46.8398970129109,81.12619470905908,111.52821377566012,3413,3.8683414459228516,9.625911712646484,31.520843505859375,3279,73.160649,191.375198,258.955086,3279,145.30027,257.487151,321.214351,3279,177.319695,298.087071,357.275472,0,0,3,0,0,0,0,0,3306,208,0,0
a30__mid_variable,30,split_ae128_uint4_q0000,MID_VARIABLE,AE128,UINT4,0.0,3564,2643,72,72,72,904347.0,0.935041782729805,0.865958105458673,0.8991749705346621,0.48268950656347775,0.8963622630336833,0.7837370242214533,0.5849690082644629,0.6699201419698315,0.8480094356705437,0.5180854471408307,0.7072238550872569,0.6814633107101018,0.6899670871616875,0.5015925776297885,0.5846511255263342,0.6430235010291909,0.7415824915824916,0.020202020202020204,0.020202020202020204,0.020202020202020204,True,1,363.404240384,0.9990847695540136,4025.0277466361235,0.0,0.00015046506596131463,0.0010544722967323734,0.005413382490862685,3564,33.93984499278259,61.91502609402466,86.41418099407291,3564,27.151968267320633,44.80545452865601,67.12611663638401,3564,27.268416267394066,46.825230634536744,70.28762066661167,3564,0.11644800007343292,2.0197761058807373,3.161504030227661,3564,1.317848,3.772583,8.028643,24,145.502648,218.868426,231.455913,72,0.0,0.0,0.0,137,21.248319625854492,24.753183364868164,25.83180809020996,137,46.8398970129109,81.12619470905908,111.52821377566012,3413,3.8683414459228516,9.625911712646484,31.520843505859375,72,70.237996,75.706334,98.20755,72,254.924442,312.643911,362.028354,72,282.758706,332.598625,374.089274,2571,0,0,0,0,0,0,0,72,0,0,921
a31__mid_variable,31,split_ae128_uint4_q3000,MID_VARIABLE,AE128,UINT4,0.3,3491,3491,2262,2250,2187,668212.0,0.9315083675052643,0.8672995562893406,0.8982579886715828,0.4853175538892535,0.8869382954296674,0.7495913697286695,0.5922004132231405,0.6616649834078777,0.8397981340431764,0.5057818274601422,0.6963600614449048,0.6697740454114363,0.6858549533448925,0.5036594401256035,0.5808080756347871,0.6359650518988739,1.0,0.6479518762532226,0.6445144657691206,0.6264680607275852,True,39,359.361214464,0.9987367149577421,356.4201775628396,0.0009851566717572569,0.018381069740239644,0.0992404569624824,0.27111668413442597,3491,30.2661970100708,61.391006033470156,87.8710559995129,3491,29.388689947852136,54.83813334831524,92.25343668043519,3491,29.56737795246506,57.89486934074688,95.87090861380005,3491,0.17868800461292267,3.0567359924316406,3.617471933364868,3491,1.35233,4.099749,10.929206,765,107.96941,214.200979,262.967513,2187,0.0,35.91854,73.361145,137,21.248319625854492,24.753183364868164,25.83180809020996,137,46.8398970129109,81.12619470905908,111.52821377566012,3413,3.8683414459228516,9.625911712646484,31.520843505859375,2187,72.281584,139.962745,192.180133,2187,226.250455,324.422264,376.832494,2187,261.842406,359.151492,406.475809,1229,0,2,0,0,0,0,0,2250,10,0,0
a32__mid_variable,32,split_ae128_uint4_q5000,MID_VARIABLE,AE128,UINT4,0.5,2923,2923,2667,2589,2459,500665.0,0.9249094302338347,0.86936332679806,0.8962765957446808,0.4927696588002121,0.8527034558747428,0.7463556851311953,0.5950413223140496,0.6621641040379365,0.8313688417565486,0.5001923237225034,0.6764478897986231,0.6530817123761748,0.6833725512770112,0.5049112785015134,0.5742371656047806,0.623250767281755,1.0,0.9124187478617858,0.8857338351009237,0.8412589804994868,True,79,304.442311424,0.998692177588136,315.8661951386964,0.0026048784227483135,0.03913713953316381,0.18864517680991602,0.4475516426829321,2923,31.464829009353636,60.95422601448822,90.97283704011535,2923,31.865970737500668,61.98061165413809,108.47046680258512,2923,32.59518671707678,65.07958755097341,112.28701085852384,2923,0.7292159795761108,3.098975896835327,3.8165440559387207,2923,1.468611,4.755723,11.880113,1161,90.588584,176.547748,224.374419,2459,0.0,58.847849,87.52432,137,21.248319625854492,24.753183364868164,25.83180809020996,137,46.8398970129109,81.12619470905908,111.52821377566012,3413,3.8683414459228516,9.625911712646484,31.520843505859375,2459,75.018676,167.212374,212.673699,2459,205.303126,302.428918,346.793601,2459,242.517284,339.899335,384.970748,256,0,0,0,0,0,0,0,2589,78,0,0
a33__mid_variable,33,split_ae128_uint4_q7000,MID_VARIABLE,AE128,UINT4,0.7,3586,3585,3584,3404,3293,308749.0,0.902370990237099,0.8679186874419564,0.8848095939406689,0.5292754064286264,0.7701288840132688,0.6955608878224355,0.5989152892561983,0.6436303080766027,0.853308968786101,0.46964381607158956,0.6198863500424292,0.601403581594711,0.7100241728494132,0.49163231316345424,0.5437549392549864,0.5805740819329747,0.9997211377579476,0.9994422755158952,0.9492470719464584,0.9182933630786392,True,107,367.093510912,0.9984110246254398,285.066108204895,0.013862592949020851,0.11157366057014961,0.33555169410370905,0.6109876570135475,3586,27.573459999487877,58.60300701662827,85.0628439869976,3586,29.40202334388256,54.92687880465698,97.625223809474,3586,29.583687348804474,57.98425471255493,101.35651987194348,3586,0.18166400492191315,3.057375907897949,3.7312960624694824,3586,1.300579,4.594141,11.105077,1960,72.964558,143.775793,181.959263,3293,0.0,65.794402,96.74186,137,21.248319625854492,24.753183364868164,25.83180809020996,137,46.8398970129109,81.12619470905908,111.52821377566012,3413,3.8683414459228516,9.625911712646484,31.520843505859375,3293,75.52498,177.409005,228.495013,3293,185.669252,287.675264,335.40652,3293,219.798399,322.280242,367.54197,1,1,0,0,0,0,0,0,3404,179,0,1
a34__mid_variable,34,split_ae128_uint4_q9000,MID_VARIABLE,AE128,UINT4,0.9,3521,3521,3521,3365,3314,107129.0,0.823503472605005,0.7708182850067072,0.7962903741605372,0.7340943112759528,0.44239841277840375,0.5623451692815855,0.5276342975206612,0.5444370419720187,0.8793883035041014,0.362565132930789,0.4024817728545964,0.40049748980158667,0.8100056315197868,0.444855561002993,0.4220942258619221,0.41217136282933925,1.0,1.0,0.9556944049985799,0.941209883555808,True,150,359.231748864,0.9979037135598917,253.74727826809522,0.04132870044462775,0.22506146509229716,0.526268124932834,0.7727261417338999,3521,24.251296999939917,53.54246400455284,76.22665493663025,3521,29.681413970809935,54.277624964214326,96.7571049747653,3521,29.894917972308157,57.331673025585175,100.40923295595121,3521,0.21350400149822235,3.0540480613708496,3.652127981185913,3521,1.306324,4.343583,10.095763,1962,48.291188,72.657633,101.246968,3314,0.0,60.767793,93.564395,137,21.248319625854492,24.753183364868164,25.83180809020996,137,46.8398970129109,81.12619470905908,111.52821377566012,3413,3.8683414459228516,9.625911712646484,31.520843505859375,3314,73.25975,174.257233,228.875422,3314,155.483524,253.515556,308.339278,3314,187.67445,293.506476,347.639877,0,0,1,0,0,0,0,0,3365,154,1,0
a35__mid_variable,35,split_ae128_uint4_q9800,MID_VARIABLE,AE128,UINT4,0.98,3030,3030,3030,2826,2792,23466.0,0.6213296820325575,0.4214219378805077,0.5022134776192818,1.04782318430425,0.15160955961665873,0.517097966728281,0.2889979338842975,0.3707753479125248,0.9594185032656966,0.1431260557407857,0.1473678076787222,0.14730674893069182,1.0045937711269386,0.36619336291028215,0.232255793835828,0.18500547872500223,1.0,1.0,0.9326732673267327,0.9214521452145215,True,188,308.131464448,0.9995711430793452,250.45123921975681,0.07446729998867838,0.2944576069001606,0.5755491061476085,0.7782814254935352,3030,22.624117006408692,50.35069892178345,71.11746805280303,3030,29.869257470221044,56.741989981128214,97.625223809474,3030,30.111977463216306,59.81034196515226,101.35651987194348,3030,0.24271999299526215,3.068351984024048,3.7312960624694824,3030,1.335993,4.305471,9.86537,1734,36.651334,59.482762,83.469862,2792,0.0,65.341179,96.107577,137,21.248319625854492,24.753183364868164,25.83180809020996,137,46.8398970129109,81.12619470905908,111.52821377566012,3413,3.8683414459228516,9.625911712646484,31.520843505859375,2792,72.873121,191.254064,262.125845,2792,140.467425,256.096358,331.558393,2792,173.498697,295.890438,362.591348,0,0,2,0,0,0,0,0,2826,202,0,0
a36__mid_variable,36,split_ae64_uint8_q0000,MID_VARIABLE,AE64,UINT8,0.0,2969,792,1,1,1,1221724.0,0.9303818483674599,0.8674027448147766,0.8977891701377764,0.49325590210623077,0.8961738189492368,0.7723322905804657,0.5738636363636364,0.658467921173507,0.842777578367873,0.5214509386599592,0.7088123788045979,0.6836012573814941,0.6904981649368258,0.5013262636826036,0.5854120465209051,0.644164035999644,0.26675648366453353,0.0003368137420006736,0.0003368137420006736,0.0003368137420006736,True,0,301.494233088,0.5026308002374575,75928.084146,0.0,0.00013950408128610422,0.0003053447326573894,0.0004711853840286746,2969,24.83181400168824,45.49855499872446,63.37850198797989,2969,29.94475974212599,48.05498878925753,84.24686238160372,2969,30.1975917376132,50.74698870151949,87.69953438630343,2969,0.25283199548721313,2.691999912261963,3.452672004699707,2969,1.432938,4.133311,8.336366,0,,,,1,0.0,0.0,0.0,283,21.2508487701416,25.162912368774414,45.729183197021484,283,31.96965777488113,61.4932280378873,200.83095139299377,3413,3.8683414459228516,9.625911712646484,31.520843505859375,1,57.29879,57.29879,57.29879,1,140.735105,140.735105,140.735105,1,157.940324,157.940324,157.940324,791,0,0,0,0,0,0,0,1,0,0,2177
a37__mid_variable,37,split_ae64_uint8_q3000,MID_VARIABLE,AE64,UINT8,0.3,2970,2473,78,78,78,862357.0,0.9282719046568086,0.8680218759673924,0.8971364581666932,0.49778825107948294,0.8859348742520038,0.7459743674005915,0.5862603305785123,0.6565437454808387,0.8386676651110699,0.5114633038970723,0.698699089074538,0.6731442474110338,0.6896218512400923,0.5017657753009004,0.5811718723334247,0.6372317143670013,0.8326599326599327,0.026262626262626262,0.026262626262626262,0.026262626262626262,True,2,301.398582272,0.9984130881194114,2519.299808470153,2.234130615094654e-05,0.001314739528676319,0.004433224963859196,0.011425899070394948,2970,24.376122999138595,44.03342299695349,62.897900021930695,2970,30.134489275517463,48.16391471166611,91.60393521203184,2970,30.417401261630058,50.89805868406296,95.20681521309996,2970,0.2829119861125946,2.7341439723968506,3.6028800010681152,2970,1.483043,4.022628,7.591201,12,115.463374,176.062752,176.062752,78,0.0,0.0,0.0,283,21.2508487701416,25.162912368774414,45.729183197021484,283,31.96965777488113,61.4932280378873,200.83095139299377,3413,3.8683414459228516,9.625911712646484,31.520843505859375,78,57.197223,109.291177,156.730217,78,238.849643,375.443639,449.881417,78,267.833855,403.496547,478.292991,2395,0,0,0,0,0,0,0,78,0,0,497
a38__mid_variable,38,split_ae64_uint8_q5000,MID_VARIABLE,AE64,UINT8,0.5,2899,2899,2251,2236,2133,618858.0,0.9135802469135802,0.8704984005778558,0.8915191545574637,0.4992602108715341,0.8517953237661653,0.7443070917371503,0.5909090909090909,0.6587964295997696,0.8350271105575521,0.5014169573053521,0.6766061405357586,0.6535324165561781,0.6879429603991827,0.5026088928184345,0.5731240740941325,0.6227192528105753,1.0,0.7764746464298034,0.7713004484304933,0.7357709555018972,True,38,299.083605248,0.9984881376576124,331.41188106181113,0.0012904906963387656,0.030045027207522234,0.15840253215055428,0.39618119980112937,2899,28.41468909213257,56.986907002959725,84.43416499912858,2899,34.17809129987812,62.079219249822145,96.7571049747653,2899,35.05722732578373,65.17886724863196,100.40923295595121,2899,0.8791360259056091,3.0996479988098145,3.652127981185913,2899,1.583746,5.232038,12.80733,1025,106.599619,203.257747,247.684492,2133,0.0,35.232139,75.141306,283,21.2508487701416,25.162912368774414,45.729183197021484,283,31.96965777488113,61.4932280378873,200.83095139299377,3413,3.8683414459228516,9.625911712646484,31.520843505859375,2133,59.031559,125.236235,173.93075,2133,205.519013,298.766054,347.743396,2133,244.403066,335.969167,385.265852,648,0,0,0,0,0,0,0,2236,15,0,0
a39__mid_variable,39,split_ae64_uint8_q7000,MID_VARIABLE,AE64,UINT8,0.7,2978,2978,2970,2872,2687,374257.0,0.8942062818336163,0.869569703848932,0.8817159298979858,0.5352869410761808,0.766853997434211,0.6934416365824309,0.5952995867768595,0.640633685380767,0.8503608061813861,0.4646101624347283,0.6157320799344697,0.5968987856509925,0.7105088352639084,0.4913940951918243,0.5415833626470334,0.5774688306225385,1.0,0.9973136333109469,0.964405641370047,0.9022834116856951,True,79,309.71820672,0.9987308426741752,282.63618754398175,0.01516356331045723,0.12841414573330512,0.3726998920937056,0.6420025743296413,2978,26.157191999153138,56.32302800129318,91.03429899880982,2978,31.62156609435177,60.1164535459981,104.01059769920444,2978,32.31660608191586,63.20592560143328,107.81037377647495,2978,0.6950399875640869,3.0894720554351807,3.799776077270508,2978,1.451805,5.229164,16.336152,1584,76.730452,184.134594,226.020554,2687,0.0,48.112411,81.554488,283,21.2508487701416,25.162912368774414,45.729183197021484,283,31.96965777488113,61.4932280378873,200.83095139299377,3413,3.8683414459228516,9.625911712646484,31.520843505859375,2687,59.180504,145.415155,215.040576,2687,172.127336,280.092806,353.356389,2687,208.881815,323.239246,383.939642,8,0,0,0,0,0,0,0,2872,98,0,0
a40__mid_variable,40,split_ae64_uint8_q9000,MID_VARIABLE,AE64,UINT8,0.9,2921,2921,2920,2809,2767,126194.0,0.8172572178477691,0.7711278505830151,0.7935226971064507,0.7240046718022123,0.42860229528678495,0.5614471140568904,0.525051652892562,0.5426397971440011,0.882412433177278,0.3535907018170673,0.39109649855192613,0.3892939588419787,0.8071042271656348,0.44614814110666556,0.416752655758069,0.4037208248644068,1.0,0.999657651489216,0.9616569667921945,0.9472783293392674,True,99,299.83502464,0.9988757145920336,243.07997353748667,0.059510327388949034,0.296805458307781,0.6049980475022866,0.816223261518031,2921,24.30343394277191,53.381483001713754,88.38423200229407,2921,29.622693744529727,59.33424077181339,108.47046680258512,2921,29.82899774335766,62.4189768805933,112.28701085852384,2921,0.20630399882793427,3.0847361087799072,3.8165440559387207,2921,1.271325,4.614824,10.452831,1893,51.215238,78.506511,103.937528,2767,0.0,49.523385,79.798672,283,21.2508487701416,25.162912368774414,45.729183197021484,283,31.96965777488113,61.4932280378873,200.83095139299377,3413,3.8683414459228516,9.625911712646484,31.520843505859375,2767,58.20556,152.154907,221.592342,2767,139.750825,238.062369,299.589323,2767,171.648279,280.747916,347.108153,1,0,0,0,0,0,0,0,2809,111,0,0
a41__mid_variable,41,split_ae64_uint8_q9800,MID_VARIABLE,AE64,UINT8,0.98,2930,2930,2930,2859,2837,26283.0,0.6292667993264962,0.4242080280672789,0.5067800788954636,1.0484705181836553,0.1457452781619431,0.4887317719840919,0.2856404958677686,0.36055419722901383,0.9662643151584506,0.1382328081380468,0.14198904314999494,0.14193934998155425,1.0082056224423994,0.3648731126398531,0.2275738395199395,0.17975814785262645,1.0,1.0,0.9757679180887372,0.968259385665529,True,158,298.911397888,0.9991415823725258,219.72895065563128,0.12531581765254524,0.4334099974553059,0.7338538860173931,0.8869826644561144,2930,20.93144900147724,47.42486094290161,74.9771000137558,2930,30.61709976556492,53.34205950971938,97.625223809474,2930,30.99293977382374,56.386827604735856,101.35651987194348,2930,0.3758400082588196,3.0447680950164795,3.7312960624694824,2930,1.367912,4.932564,16.146334,1883,37.703844,58.112806,76.566215,2837,0.0,43.779985,81.396076,283,21.2508487701416,25.162912368774414,45.729183197021484,283,31.96965777488113,61.4932280378873,200.83095139299377,3413,3.8683414459228516,9.625911712646484,31.520843505859375,2837,59.238949,147.259772,213.454798,2837,121.613825,214.602982,279.088413,2837,152.036951,258.427806,327.47635,0,0,1,0,0,0,0,0,2859,70,0,0
a42__mid_variable,42,split_ae64_uint6_q0000,MID_VARIABLE,AE64,UINT6,0.0,2952,1619,45,32,32,965649.0,0.9292739529229749,0.8677123103910845,0.8974386339381003,0.4926401750737458,0.8961117336388841,0.7674740484429066,0.5728305785123967,0.6560189293108547,0.841280228897261,0.5210304439161021,0.7085710887774931,0.683301905731497,0.689364477482746,0.5018949332640195,0.5856157139082651,0.6441664101838812,0.5484417344173442,0.01524390243902439,0.01084010840108401,0.01084010840108401,True,0,298.194043904,0.9627161102165432,4902.274354239134,0.0,0.0001581217296720376,0.0011648881394553583,0.0037608038554956423,2952,26.312100946250915,46.74531401771164,61.73003300032425,2952,29.410632994497774,46.25011798788786,84.44142841300487,2952,29.59316099854803,48.59031006743193,87.90338038405895,2952,0.18252800405025482,2.3401920795440674,3.461951971054077,2952,1.407059,3.969648,7.828491,12,146.02262,212.58577,212.58577,32,0.0,0.0,0.0,283,21.2508487701416,25.162912368774414,45.729183197021484,283,31.96965777488113,61.4932280378873,200.83095139299377,3413,3.8683414459228516,9.625911712646484,31.520843505859375,32,54.306034,99.245313,228.700428,32,249.916221,346.730929,474.690632,32,269.011075,382.298585,485.800579,1574,0,3,0,0,2,0,0,32,8,0,1333
a43__mid_variable,43,split_ae64_uint6_q3000,MID_VARIABLE,AE64,UINT6,0.3,2927,2927,1828,1827,1770,681152.0,0.928082947275535,0.8682282530182643,0.8971583941994988,0.49711989155394737,0.8859167977097602,0.7404129793510325,0.5834194214876033,0.6526072511916798,0.8389798771118521,0.511150597419612,0.6985336975646861,0.6729315718655303,0.6895706710617944,0.5017914564199206,0.5810949264254085,0.6371141087686096,1.0,0.6245302357362488,0.6241885889989751,0.6047147249743765,True,21,299.999981568,0.9988152266605409,350.82909812299573,0.000961859749096663,0.023204889792375095,0.11574907754162332,0.2971951481296699,2927,27.393255001798867,57.990952058929444,80.42019299982738,2927,29.707577367239953,55.04178171719122,89.87091124969434,2927,29.923244718310357,58.10123782719183,93.44257327460814,2927,0.21583999693393707,3.0594561100006104,3.5787200927734375,2927,1.355955,4.429677,9.688296,681,115.919629,224.520333,267.339792,1770,0.0,14.725338,57.341799,283,21.2508487701416,25.162912368774414,45.729183197021484,283,31.96965777488113,61.4932280378873,200.83095139299377,3413,3.8683414459228516,9.625911712646484,31.520843505859375,1770,57.914733,109.516838,143.8742,1770,218.832416,323.074178,371.536369,1770,253.026933,347.411319,390.729346,1099,0,1,0,0,0,0,0,1827,0,0,0
a44__mid_variable,44,split_ae64_uint6_q5000,MID_VARIABLE,AE64,UINT6,0.5,3011,3011,2730,2680,2540,490868.0,0.9147505422993493,0.8702920235269838,0.8919676378827136,0.4979807940588803,0.8517413722357858,0.7429037520391517,0.5880681818181818,0.6564797462880206,0.8257537273365861,0.5009929058177888,0.6763671390267874,0.653235321367145,0.6818555893522389,0.5056777909244787,0.5747404581746267,0.6234866152360587,1.0,0.9066755230820326,0.8900697442710063,0.8435735636001328,True,35,309.01492736,0.9987797813613039,292.9649753106163,0.006615319614053741,0.07760017071299581,0.2911220883617575,0.5740096233323918,3011,27.79969594616699,58.3332780006082,79.40415399968624,3011,30.002651455277444,54.48858487491703,94.72909572380829,3011,30.264347466105463,57.54468095188236,98.35690381783294,3011,0.2616960108280182,3.056096076965332,3.627808094024658,3011,1.330012,4.817738,11.263237,1427,88.810271,195.610778,249.262313,2540,0.0,39.325786,72.42817,283,21.2508487701416,25.162912368774414,45.729183197021484,283,31.96965777488113,61.4932280378873,200.83095139299377,3413,3.8683414459228516,9.625911712646484,31.520843505859375,2540,59.91716,128.116158,173.629236,2540,185.580054,283.996467,328.058788,2540,219.438789,317.1728,361.229382,281,0,0,0,0,0,0,0,2680,50,0,0
a45__mid_variable,45,split_ae64_uint6_q7000,MID_VARIABLE,AE64,UINT6,0.7,2997,2997,2991,2892,2780,296658.0,0.8928950159066809,0.8688473841708801,0.8807070759897494,0.5347017026062303,0.7667868916972334,0.6920759264838807,0.5932334710743802,0.6388541232095676,0.847376534496262,0.46421038438201273,0.615498638039623,0.5966158208879995,0.7085029647026526,0.49238075736883097,0.5419982931219064,0.5775804803110418,1.0,0.997997997997998,0.964964964964965,0.9275942609275942,True,92,309.84811264,0.9987535248683321,269.45650963396,0.025862320737484807,0.17141177649420844,0.4397094878589608,0.7094902114424575,2997,26.06487696559906,54.815876997325894,77.05784499972891,2997,29.817531673523902,64.90833478623247,100.09772516670131,2997,30.049275679800033,68.03649478607988,103.85471726837062,2997,0.23174400627613068,3.128159999847412,3.7569921016693115,2997,1.286836,4.533261,13.182364,1770,69.503108,141.862711,186.513375,2780,0.0,49.704483,79.305295,283,21.2508487701416,25.162912368774414,45.729183197021484,283,31.96965777488113,61.4932280378873,200.83095139299377,3413,3.8683414459228516,9.625911712646484,31.520843505859375,2780,59.660307,145.835875,192.468117,2780,163.568844,255.749455,304.440044,2780,199.130152,302.469474,356.240709,6,0,1,0,0,0,0,0,2892,98,0,0
a46__mid_variable,46,split_ae64_uint6_q9000,MID_VARIABLE,AE64,UINT6,0.9,2914,2914,2914,2813,2765,100054.0,0.8177938279711097,0.7711278505830151,0.7937755589781719,0.7242460864456617,0.4285436573194651,0.5577557755775577,0.5237603305785123,0.5402237613212573,0.8758125880907484,0.35317983782873613,0.39086174757410064,0.3890411024488571,0.8036106280998503,0.4477095296803761,0.4173456708817198,0.40388668988135085,1.0,1.0,0.9653397391901167,0.9488675360329444,True,121,298.99525376,0.9987603477568995,238.51927333246195,0.07527987320516856,0.3181020556979961,0.6223776577716871,0.8282708760413469,2914,23.944984998214245,52.439447999558446,79.9475129684372,2914,30.181216275041102,56.872438742193225,109.12652144939231,2914,30.487424289529322,59.94136674550438,112.98399339229393,2914,0.3062080144882202,3.0689280033111572,3.8574719429016113,2914,1.265406,4.264323,13.450564,1793,47.042791,72.019389,104.597931,2765,0.0,49.331092,80.517105,283,21.2508487701416,25.162912368774414,45.729183197021484,283,31.96965777488113,61.4932280378873,200.83095139299377,3413,3.8683414459228516,9.625911712646484,31.520843505859375,2765,59.110046,149.95999,211.40468,2765,137.195021,232.234499,290.845371,2765,168.662289,272.385571,335.518144,0,0,0,0,0,0,0,0,2813,101,0,0
a47__mid_variable,47,split_ae64_uint6_q9800,MID_VARIABLE,AE64,UINT6,0.98,3076,3076,3076,2998,2973,20978.0,0.6281269066503966,0.4249303477453307,0.5069243552655875,1.0479992957100632,0.1456768733168753,0.48542402826855124,0.28383264462809915,0.35821382007822683,0.9558911775976032,0.1381498156480138,0.14191334448244453,0.1418634314857264,1.0030031074771706,0.36677631690039425,0.22810556087738446,0.17992004624041613,1.0,1.0,0.9746423927178154,0.966514954486346,True,163,312.595704576,0.9987013698139243,218.71018258694315,0.12557868256137864,0.4369668333359665,0.7406189346172316,0.8932398730261943,3076,20.331731062683104,45.07874699423981,75.89602697725296,3076,29.316867961790084,54.60427449304962,94.72909572380829,3076,29.487299963142394,57.66046641428375,98.35690381783294,3076,0.17043200135231018,3.056191921234131,3.627808094024658,3076,1.247398,4.26894,11.274024,1982,37.400942,59.898568,79.6218,2973,0.0,46.848231,75.604037,283,21.2508487701416,25.162912368774414,45.729183197021484,283,31.96965777488113,61.4932280378873,200.83095139299377,3413,3.8683414459228516,9.625911712646484,31.520843505859375,2973,58.314262,146.025856,208.255482,2973,121.575666,210.060825,270.423805,2973,152.276195,249.707117,313.202249,0,0,0,0,0,0,0,0,2998,78,0,0
a48__mid_variable,48,split_ae64_uint4_q0000,MID_VARIABLE,AE64,UINT4,0.0,2912,2912,2654,2620,2475,485846.0,0.9288480690494633,0.8661644825095449,0.8964117898334045,0.49199761738791004,0.8949931705278766,0.7771528998242531,0.5710227272727273,0.6583296114336757,0.8330358251248009,0.520162500852295,0.7075778356900858,0.6823062991263563,0.6841090342396956,0.5045395568473644,0.5867286577246564,0.6443261548083871,1.0,0.9114010989010989,0.8997252747252747,0.8499313186813187,True,37,299.51634688,0.9987257274303198,292.410275998277,0.006552061129358817,0.08012167101722364,0.2954807174696802,0.5758651253719511,2912,29.22194111880493,56.382998038124086,89.79412399451066,2912,31.534074921378135,58.36493432960987,109.12652144939231,2912,32.21311493612194,61.44586241684437,112.98399339229393,2912,0.6790400147438049,3.080928087234497,3.8574719429016113,2912,1.425274,5.045635,13.008581,1429,87.27356,181.951893,245.62197,2475,0.0,45.084633,75.108197,283,21.2508487701416,25.162912368774414,45.729183197021484,283,31.96965777488113,61.4932280378873,200.83095139299377,3413,3.8683414459228516,9.625911712646484,31.520843505859375,2475,60.730723,139.071575,183.60332,2475,184.823985,277.772804,320.57919,2475,219.392516,316.374828,355.333672,258,0,1,0,0,0,0,0,2620,33,0,0
a49__mid_variable,49,split_ae64_uint4_q3000,MID_VARIABLE,AE64,UINT4,0.3,3002,3002,2999,2927,2768,357140.0,0.9269557541652874,0.8668868021875967,0.8959155380185561,0.4960877151271436,0.8850033039022546,0.7459423650215303,0.5816115702479339,0.6536061529531273,0.837100303665708,0.51090932793165,0.6979563159169523,0.6724257901166423,0.6880552083580541,0.502552479162323,0.5813168222886745,0.6369723288064819,1.0,0.9990006662225184,0.975016655562958,0.9220519653564291,True,79,309.025688064,0.998786110179545,276.8188726916466,0.012489648268983588,0.11982013065312393,0.3796639798523853,0.6652273870786607,3002,29.18003200587368,59.16156701448822,83.32754291986085,3002,30.06658657123232,57.234658672925946,108.47046680258512,3002,30.33660258580828,60.307778790113446,112.28701085852384,3002,0.27001601457595825,3.0731201171875,3.8165440559387207,3002,1.319656,4.635579,10.48336,1712,77.425596,177.693938,221.135012,2768,0.0,46.059571,78.473483,283,21.2508487701416,25.162912368774414,45.729183197021484,283,31.96965777488113,61.4932280378873,200.83095139299377,3413,3.8683414459228516,9.625911712646484,31.520843505859375,2768,59.953632,140.67603,188.766716,2768,175.310436,275.054827,319.223359,2768,208.836318,314.970152,357.656587,3,0,1,0,0,0,0,0,2927,71,0,0
a50__mid_variable,50,split_ae64_uint4_q5000,MID_VARIABLE,AE64,UINT4,0.5,3016,3014,3013,2944,2851,263507.0,0.9124878154446009,0.86936332679806,0.8904037201437328,0.49775498958523795,0.8504232546512555,0.7398241615109085,0.5867768595041323,0.6544721302030823,0.8314416137538324,0.499804691207308,0.6751139729292818,0.651955161177887,0.6852208354751691,0.503978920860358,0.5732117048523803,0.6220797628861249,0.9993368700265252,0.9990053050397878,0.9761273209549072,0.9452917771883289,True,91,309.767634688,0.9976171791422191,258.20474903955994,0.02815963040420864,0.18748828248469646,0.4880208198841125,0.760098445940457,3016,27.224148998659135,56.776896995207785,83.06107900106811,3016,29.40033005005264,55.198127619661804,97.625223809474,3016,29.58042605048561,58.2615517300744,101.35651987194348,3016,0.18009600043296814,3.0634241104125977,3.7312960624694824,3016,1.294525,4.329032,11.385776,1757,68.309821,119.988866,160.935278,2851,0.0,49.047652,85.14656,283,21.2508487701416,25.162912368774414,45.729183197021484,283,31.96965777488113,61.4932280378873,200.83095139299377,3413,3.8683414459228516,9.625911712646484,31.520843505859375,2851,58.726596,142.485582,215.937969,2851,161.083669,253.189539,314.204459,2851,192.681716,288.279151,342.965108,1,1,0,0,0,0,0,0,2944,68,0,2
a51__mid_variable,51,split_ae64_uint4_q7000,MID_VARIABLE,AE64,UINT4,0.7,2902,2902,2902,2835,2774,162176.0,0.8918088375543075,0.8684346300691363,0.8799665411961523,0.5336360440784779,0.7657529696808371,0.6914925825007568,0.5898760330578512,0.6366550522648082,0.845588723892877,0.46316697241348775,0.6144599710471624,0.5955430165686695,0.7070317240104971,0.49310570112772045,0.5419092698384217,0.5770455391518987,1.0,1.0,0.9769124741557547,0.9558924879393522,True,103,299.017630976,0.9986070150123241,247.29665135264352,0.04290747245278583,0.2518448086228209,0.569057395714761,0.8053834224221019,2902,26.41958199889493,56.59342690092468,82.81393393663025,2902,30.74818504242134,59.767973419384475,100.09772516670131,2902,31.15288904694748,62.85501336689424,103.85471726837062,2902,0.4047040045261383,3.0870399475097656,3.7569921016693115,2902,1.361897,4.683548,10.957606,1782,55.832536,85.505478,127.624997,2774,0.0,44.920839,76.575098,283,21.2508487701416,25.162912368774414,45.729183197021484,283,31.96965777488113,61.4932280378873,200.83095139299377,3413,3.8683414459228516,9.625911712646484,31.520843505859375,2774,59.548979,143.731358,201.470843,2774,146.725103,234.968931,283.975521,2774,179.827853,281.710334,338.969027,0,0,0,0,0,0,0,0,2835,67,0,0
a52__mid_variable,52,split_ae64_uint4_q9000,MID_VARIABLE,AE64,UINT4,0.9,3027,3027,3027,2950,2917,55819.0,0.8118262005880431,0.7692704571251677,0.789975627847833,0.724689993809808,0.4275062747626521,0.5519392459994575,0.5255681818181818,0.5384310093927768,0.8857474053781771,0.351707864201313,0.38960706948198254,0.38775935685606877,0.8092354580906079,0.4451983089066219,0.41548743655499515,0.40233921330485894,1.0,1.0,0.9745622728774364,0.9636603898249092,True,134,309.096429312,0.9988008192109336,229.63131359408231,0.0940937178916511,0.3693531080676504,0.6873378478744916,0.8730784685306071,3027,23.545492971595763,50.99109597834778,70.45283199846291,3027,29.93889400281763,57.7029530909543,92.43441810695076,3027,30.19009399332857,60.77952908544588,96.05726614085579,3027,0.25119999051094055,3.076575994491577,3.6228480339050293,3027,1.311676,4.620936,10.176927,1871,42.439739,63.877821,85.223634,2917,0.0,43.70809,75.666997,283,21.2508487701416,25.162912368774414,45.729183197021484,283,31.96965777488113,61.4932280378873,200.83095139299377,3413,3.8683414459228516,9.625911712646484,31.520843505859375,2917,59.010263,141.879954,210.567305,2917,130.457051,216.511323,284.205121,2917,161.497318,255.178028,331.626408,0,0,1,2,0,0,0,0,2950,74,0,0
a53__mid_variable,53,split_ae64_uint4_q9800,MID_VARIABLE,AE64,UINT4,0.98,3581,3581,3581,3443,3390,12267.0,0.6176782200696231,0.4211123723041998,0.500797643882685,1.0437350226334656,0.14489273029147884,0.48222904782799475,0.28383264462809915,0.35734026987481704,0.9527248122557322,0.1375679844806368,0.14123035738605783,0.1411828632380547,0.9992665723818148,0.3681493530820857,0.22798328835106843,0.17943846101622157,1.0,1.0,0.9614632784138509,0.946662943311924,True,217,363.632133376,0.9986733279330373,225.34582020263986,0.11238307363432033,0.3963455338419558,0.6967284725633147,0.8710254946157203,3581,21.232529986553192,46.02725895477295,66.28905897500229,3581,31.09613996452522,51.98543382508993,94.72909572380829,3581,31.622155961458205,55.012153872087,98.35690381783294,3581,0.5260159969329834,3.0267200469970703,3.627808094024658,3581,1.355953,4.157604,9.44116,2191,36.439362,59.492057,76.487227,3390,0.0,51.061413,79.668983,283,21.2508487701416,25.162912368774414,45.729183197021484,283,31.96965777488113,61.4932280378873,200.83095139299377,3413,3.8683414459228516,9.625911712646484,31.520843505859375,3390,58.657135,156.740767,212.436824,3390,123.609426,217.226601,278.159243,3390,156.470464,260.49242,328.022951,0,0,1,0,0,0,0,0,3443,137,0,0
a54__mid_variable,54,split_ae32_uint8_q0000,MID_VARIABLE,AE32,UINT8,0.0,3512,3512,2711,2701,2577,604639.0,0.9307161921708185,0.8635847693736457,0.8958946635979232,0.5109516236161324,0.8893488395128105,0.7284117846258042,0.5555268595041323,0.6303296703296704,0.8499923961789104,0.4802848077132848,0.6848168236130476,0.6535600480257673,0.7012697894669098,0.495955145172292,0.5693298415658796,0.6244090435678085,1.0,0.7719248291571754,0.7690774487471527,0.7337699316628702,True,30,359.41218048,0.9990956007123468,309.73592557985984,0.005507261588509645,0.06305694639990404,0.23814401642618477,0.491158385017013,3512,23.609351972084045,49.799449971054074,70.2579000032425,3512,30.95211558333969,63.168180047133916,96.7571049747653,3512,31.43733157507515,66.27598816023206,100.40923295595121,3512,0.4852159917354584,3.1078081130981445,3.652127981185913,3512,1.488402,4.978178,11.641132,1355,104.766918,220.425864,270.404444,2577,0.0,21.842968,51.159061,297,20.86115264892578,24.514368057250977,36.6319694519043,297,26.491951585558283,42.54674534519594,113.20035942398339,3413,3.8683414459228516,9.625911712646484,31.520843505859375,2577,52.785833,102.781314,140.739454,2577,190.81934,288.851421,333.994379,2577,224.152475,325.116994,367.119731,801,0,0,0,0,0,0,0,2701,10,0,0
a55__mid_variable,55,split_ae32_uint8_q3000,MID_VARIABLE,AE32,UINT8,0.3,3540,3540,3400,3344,3156,427566.0,0.9264054891544932,0.8637911464245176,0.8940033107278261,0.5124666913503791,0.8771353300339604,0.699047619047619,0.568698347107438,0.6271717459413273,0.8505507853389016,0.461722327210798,0.6694288286223792,0.6363905765032128,0.7021605045088434,0.4955135871447445,0.5615515803452243,0.6131221873668815,1.0,0.96045197740113,0.9446327683615819,0.8915254237288136,True,61,361.108352768,0.9989554115153843,273.40321855199284,0.014340301079457305,0.13688582980177563,0.4049435981946031,0.6817189067741083,3540,25.962888999811888,55.200020002632144,76.33391000718689,3540,29.525594499481677,56.501872355700016,108.47046680258512,3540,29.725402500999927,59.569104249239444,112.28701085852384,3540,0.1998080015182495,3.0672318935394287,3.8165440559387207,3540,1.316433,4.334581,11.406111,1836,82.604967,185.514731,240.204064,3156,0.0,37.889892,71.130271,297,20.86115264892578,24.514368057250977,36.6319694519043,297,26.491951585558283,42.54674534519594,113.20035942398339,3413,3.8683414459228516,9.625911712646484,31.520843505859375,3156,52.646939,127.57718,186.247002,3156,170.294622,271.552309,321.278098,3156,203.082681,303.585671,350.424423,140,0,0,0,0,0,0,0,3344,56,0,0
a56__mid_variable,56,split_ae32_uint8_q5000,MID_VARIABLE,AE32,UINT8,0.5,2935,2935,2935,2856,2726,308092.0,0.9142732811140122,0.8671963677639046,0.8901127998729016,0.5176745708584554,0.8446280605381054,0.6803053435114503,0.5754132231404959,0.6234783825381279,0.8539264007105956,0.45166487647690656,0.648146468507506,0.6176478192561458,0.7061080863239134,0.4935613625373824,0.5521296036623161,0.5982147212934326,1.0,1.0,0.9730834752981261,0.9287904599659285,True,81,303.536195584,0.9993658898780434,264.0663321991903,0.02392235175455549,0.17743917819216098,0.46383214869357514,0.7303133174035374,2935,26.67894800786972,56.1740800224762,84.75948705905151,2935,32.126556378293515,61.98061165413809,119.16002544488907,2935,32.89782039492178,65.07958755097341,123.12517747011185,2935,0.7712640166282654,3.098975896835327,3.9651520252227783,2935,1.452783,5.094602,12.744593,1809,71.933997,148.852538,185.772473,2726,0.0,39.941067,73.758026,297,20.86115264892578,24.514368057250977,36.6319694519043,297,26.491951585558283,42.54674534519594,113.20035942398339,3413,3.8683414459228516,9.625911712646484,31.520843505859375,2726,51.741592,127.478154,188.260082,2726,157.711847,248.610374,302.633964,2726,194.24708,296.256043,343.351022,0,0,0,0,0,0,0,0,2856,79,0,0
a57__mid_variable,57,split_ae32_uint8_q7000,MID_VARIABLE,AE32,UINT8,0.7,2970,2970,2970,2925,2859,186824.0,0.8859528591058028,0.8649262202043133,0.8753132832080202,0.5511526150644374,0.7633998233285261,0.6268156424581005,0.5795454545454546,0.6022544283413848,0.8700961803647626,0.4283756085652829,0.5958877159469045,0.571858255074618,0.7282982109609075,0.48272979574832053,0.5254074786954991,0.55953897310311,1.0,1.0,0.9848484848484849,0.9626262626262626,True,94,304.314967296,0.998718973261605,240.5327139391123,0.05038213828006326,0.2870759281091341,0.6260502279557256,0.8476257308372965,2970,25.37308098577118,52.267857993253706,77.43370700218868,2970,30.059632642823217,55.380276291337964,96.7571049747653,2970,30.326608641701696,58.444564192262646,100.40923295595121,2970,0.266975998878479,3.0642879009246826,3.652127981185913,2970,1.321199,4.068219,9.486117,1867,58.749365,92.557676,134.675024,2859,0.0,34.753234,63.248378,297,20.86115264892578,24.514368057250977,36.6319694519043,297,26.491951585558283,42.54674534519594,113.20035942398339,3413,3.8683414459228516,9.625911712646484,31.520843505859375,2859,52.436822,126.265601,192.130209,2859,140.896266,223.402763,279.927759,2859,173.326969,263.187403,321.441588,0,0,0,0,0,0,0,0,2925,45,0,0
a58__mid_variable,58,split_ae32_uint8_q9000,MID_VARIABLE,AE32,UINT8,0.9,3524,3524,3523,3439,3396,63512.0,0.8123362445414847,0.7678258177690641,0.7894541403639065,0.7412648735152856,0.4453784674559099,0.5428416485900217,0.5170454545454546,0.5296296296296296,0.8916575563097631,0.32537014456001256,0.38537430600796124,0.38067421286455205,0.819916706267146,0.44046834123043604,0.40948130493302276,0.3972449794670765,1.0,0.9997162315550511,0.9758796821793416,0.963677639046538,True,144,359.399115776,0.9988302710926478,224.8777777415409,0.1045028594071685,0.4033390871483055,0.7126079273150582,0.8764368182956851,3524,23.219221001228572,52.24825398542786,74.31931399978924,3524,30.181216275041102,53.73294679624748,107.33055801026487,3524,30.487424289529322,56.781458778211594,111.1385580980029,3524,0.3062080144882202,3.0485119819641113,3.808000087738037,3524,1.326895,4.403769,11.527352,2151,43.900918,64.67867,92.390345,3396,0.0,38.312307,74.079645,297,20.86115264892578,24.514368057250977,36.6319694519043,297,26.491951585558283,42.54674534519594,113.20035942398339,3413,3.8683414459228516,9.625911712646484,31.520843505859375,3396,51.4388,134.505509,202.180025,3396,125.392016,213.48496,280.195578,3396,155.682292,256.537858,328.394611,1,1,0,0,0,0,0,0,3439,83,0,0
a59__mid_variable,59,split_ae32_uint8_q9800,MID_VARIABLE,AE32,UINT8,0.98,3048,3047,3047,2995,2959,13400.0,0.6092430278884462,0.3944897327417191,0.47889264687460853,1.0456997067641771,0.14245058249990283,0.4537286612758311,0.26084710743801653,0.33125614955723187,0.9347859903595365,0.11958228079834178,0.1310164316491223,0.1305165336514525,0.9917945161421153,0.3709104885862656,0.22002261534952725,0.16978391544902735,0.9996719160104987,0.9996719160104987,0.9826115485564304,0.9708005249343832,True,161,310.01065216,0.9986865930407132,208.93654772450196,0.1520345177548108,0.49181418601483967,0.791911515234948,0.9257189646692687,3048,20.56486199299526,44.6055969855175,69.0149929754181,3048,29.5326930879159,51.26787631564474,94.72909572380829,3048,29.733045086125852,54.28394024424887,98.35690381783294,3048,0.2003519982099533,3.016063928604126,3.627808094024658,3048,1.269556,3.731775,7.953433,1850,36.848277,57.82449,78.011453,2959,0.0,30.927782,63.137852,297,20.86115264892578,24.514368057250977,36.6319694519043,297,26.491951585558283,42.54674534519594,113.20035942398339,3413,3.8683414459228516,9.625911712646484,31.520843505859375,2959,51.311675,125.816334,188.732182,2959,115.259904,192.006972,250.977196,2959,144.373073,229.848893,282.056663,0,0,0,0,0,0,0,0,2995,52,0,1
a60__mid_variable,60,split_ae32_uint6_q0000,MID_VARIABLE,AE32,UINT6,0.0,3036,3036,2815,2786,2659,471835.0,0.9307007786429365,0.8633783923227737,0.8957764573630962,0.5103642483676388,0.8893305723161601,0.7274270196877122,0.5534607438016529,0.6286300968025815,0.8524053580635189,0.47992938214197856,0.6846299772290694,0.653311466370878,0.7025192383370227,0.49533586153871273,0.5688660633646013,0.6240695153648329,1.0,0.9272068511198946,0.9176548089591567,0.8758234519104084,True,35,309.748112384,0.9989543719039732,274.42653405403195,0.013203093999585094,0.12594315593645275,0.39756241653649216,0.684169317526878,3036,25.829712015060426,50.111209002866744,69.52632298458862,3036,30.488200210094927,54.83813334831524,94.72909572380829,3036,30.83060022449541,57.89486934074688,98.35690381783294,3036,0.3424000144004822,3.0567359924316406,3.627808094024658,3036,1.412939,4.64079,10.07078,1494,87.310457,192.05911,246.041317,2659,0.0,29.078281,62.385436,297,20.86115264892578,24.514368057250977,36.6319694519043,297,26.491951585558283,42.54674534519594,113.20035942398339,3413,3.8683414459228516,9.625911712646484,31.520843505859375,2659,52.373571,111.599649,157.616793,2659,171.109502,264.00569,308.072342,2659,202.387045,298.643242,338.607745,221,0,0,0,0,0,0,0,2786,29,0,0
a61__mid_variable,61,split_ae32_uint6_q3000,MID_VARIABLE,AE32,UINT6,0.3,3507,3507,3506,3472,3280,339097.0,0.9255742049469965,0.8649262202043133,0.8942230756921107,0.5135488366357682,0.8771038708578868,0.6976522842639594,0.5679235537190083,0.6261389521640092,0.8579737126382807,0.4614886266148508,0.6692962487363687,0.6362180921356887,0.7070542055557926,0.4930946154741768,0.5601033078811103,0.6122704001253519,1.0,0.9997148560022812,0.9900199600798403,0.9352723125178215,True,93,359.55909504,0.9989597255495417,263.19910261863225,0.020013191339797627,0.1636301233610981,0.4536235436315554,0.7330321796940742,3507,27.125141998711587,56.03910705075836,79.42054901872254,3507,30.76220932494545,58.74218697000027,108.47046680258512,3507,31.17068931352043,61.82397908616543,112.28701085852384,3507,0.4084799885749817,3.081792116165161,3.8165440559387207,3507,1.355515,4.556782,9.444133,2127,76.836597,170.789838,211.38742,3280,0.0,33.293987,65.614387,297,20.86115264892578,24.514368057250977,36.6319694519043,297,26.491951585558283,42.54674534519594,113.20035942398339,3413,3.8683414459228516,9.625911712646484,31.520843505859375,3280,52.733513,114.439669,163.442453,3280,162.995088,255.832614,290.048807,3280,196.792575,295.835535,335.269044,1,0,0,0,0,0,0,0,3472,34,0,0
a62__mid_variable,62,split_ae32_uint6_q5000,MID_VARIABLE,AE32,UINT6,0.5,2947,2947,2946,2889,2816,244654.0,0.9137762313797978,0.8671963677639046,0.8898771706903854,0.5178698994474705,0.8445999532786186,0.6781996325780771,0.5720557851239669,0.6206220229756234,0.8481854366754604,0.45136761879280923,0.6479837860357139,0.6174342635000815,0.7027118071236866,0.49524048449648045,0.5529723716430215,0.5985959663666244,1.0,0.999660671869698,0.9803189684424839,0.9555480149304377,True,78,303.520430848,0.9981106981945239,250.98678131964442,0.034651666188056554,0.2290546183621369,0.5478336041051244,0.7935269938932582,2947,25.98555799903059,55.970726968696596,86.8259169705429,2947,30.92364837962389,59.92130904400062,109.12652144939231,2947,31.40504658081293,63.00914912426185,112.98399339229393,2947,0.48159998655319214,3.0878400802612305,3.8574719429016113,2947,1.37367,4.043753,11.482242,1845,65.573681,113.856632,154.445746,2816,0.0,41.281727,71.999839,297,20.86115264892578,24.514368057250977,36.6319694519043,297,26.491951585558283,42.54674534519594,113.20035942398339,3413,3.8683414459228516,9.625911712646484,31.520843505859375,2816,52.380616,136.087804,190.38625,2816,149.734848,241.974346,279.926732,2816,183.819535,281.900817,328.326081,1,1,0,0,0,0,0,0,2889,56,0,0
a63__mid_variable,63,split_ae32_uint6_q7000,MID_VARIABLE,AE32,UINT6,0.7,3001,3001,3001,2947,2881,148266.0,0.8859500634786288,0.8641007120008255,0.8748889933657211,0.5495247247418024,0.7633645260465225,0.6273083379966424,0.5790289256198347,0.6022025248455547,0.8757829986688663,0.4282670179737809,0.5958157720101517,0.5717725502303453,0.7310859333416234,0.4813859530932917,0.5246363255105548,0.5590944439972915,1.0,1.0,0.9820059980006665,0.9600133288903698,True,124,309.30722176,0.9986340261840772,236.6045757632679,0.0694700347884952,0.3178789919987415,0.6399235974793426,0.8479032625513567,3001,25.895470986553192,55.23974399414444,87.79632391986084,3001,30.89037162152767,59.41199569481087,109.12652144939231,3001,31.35437160817623,62.49804358261299,112.98399339229393,3001,0.46399998664855957,3.086047887802124,3.8574719429016113,3001,1.402485,5.04007,13.38425,1860,53.270996,82.347948,110.971595,2881,0.0,33.763835,64.52499,297,20.86115264892578,24.514368057250977,36.6319694519043,297,26.491951585558283,42.54674534519594,113.20035942398339,3413,3.8683414459228516,9.625911712646484,31.520843505859375,2881,51.887889,123.511452,187.340811,2881,135.430381,218.401127,287.508525,2881,168.563901,266.283288,334.64091,0,0,0,0,0,0,0,0,2947,54,0,0
a64__mid_variable,64,split_ae32_uint6_q9000,MID_VARIABLE,AE32,UINT6,0.9,3010,3009,3009,2951,2910,50399.0,0.8140780413159908,0.7685481374471159,0.7906581740976646,0.7395662228951467,0.44528070648270307,0.5384823116392115,0.5149793388429752,0.5264686468646864,0.8841286462672119,0.32526248402596636,0.38527159525433474,0.3805694531611822,0.8150587896580487,0.44261330551157196,0.4104206423176132,0.3976473507908931,0.9996677740863787,0.9996677740863787,0.9803986710963455,0.9667774086378738,True,108,305.862495232,0.9984683377422765,218.4232754683758,0.1151437425575393,0.4313347052404393,0.7490746218336272,0.9032154107304134,3010,23.24496699915314,47.82875800087189,66.5222620219307,3010,29.848181831415175,51.92199917105388,92.32286278886366,3010,30.088287657242773,54.947503283297536,95.94567887467909,3010,0.24143999814987183,3.0255041122436523,3.6228160858154297,3010,1.295638,3.967509,9.665633,1966,41.80081,61.360227,82.873286,2910,0.0,37.470163,76.457234,297,20.86115264892578,24.514368057250977,36.6319694519043,297,26.491951585558283,42.54674534519594,113.20035942398339,3413,3.8683414459228516,9.625911712646484,31.520843505859375,2910,51.823033,135.838834,208.404514,2910,122.266478,207.076432,268.932495,2910,151.978758,243.947106,315.918852,0,0,0,0,0,0,0,0,2951,58,0,1
a65__mid_variable,65,split_ae32_uint6_q9800,MID_VARIABLE,AE32,UINT6,0.98,3527,3526,3526,3449,3411,10753.0,0.6065573770491803,0.39325147043648745,0.47715036935019406,1.0441383865010903,0.14241345160534002,0.45267857142857143,0.2618801652892562,0.33180628272251306,0.9327381208859074,0.11962766617375355,0.13102055888954678,0.1305242845117169,0.9900064071304977,0.37157431028932325,0.22022595440467185,0.16986502767810668,0.9997164729231641,0.9997164729231641,0.9778848880068046,0.9671108590870429,True,198,358.7393984,0.998948848418429,211.52783279447053,0.15706585526514613,0.4872652891949545,0.7731122208376876,0.9083245456906024,3527,20.418394001464844,45.41618795124817,66.7677460157547,3527,30.533301585473062,53.18314183997965,95.68319638038827,3527,30.882229589976312,56.22669376182413,99.3345883634205,3527,0.3489280045032501,3.0435519218444824,3.6513919830322266,3527,1.322671,4.322288,11.1347,2241,36.619902,60.05416,73.883861,3411,0.0,37.572945,69.159478,297,20.86115264892578,24.514368057250977,36.6319694519043,297,26.491951585558283,42.54674534519594,113.20035942398339,3413,3.8683414459228516,9.625911712646484,31.520843505859375,3411,51.273177,131.740344,186.64698,3411,113.378887,197.621994,246.623709,3411,144.124821,239.653639,304.78642,0,0,0,0,0,0,0,0,3449,77,0,1
a66__mid_variable,66,split_ae32_uint4_q0000,MID_VARIABLE,AE32,UINT4,0.0,3516,3516,3516,3469,3365,235605.0,0.9270671691420971,0.8630688267464658,0.8939240100464917,0.5098511586068384,0.8879650634702024,0.7283316204179514,0.5490702479338843,0.6261228096009425,0.8478575758398288,0.4762548861569853,0.6821099748135939,0.6503058512841334,0.6995751113503562,0.4967963420812825,0.5683920901560928,0.6226603522793293,1.0,1.0,0.9866325369738339,0.9570534698521047,True,93,358.509955584,0.9987734355429999,241.88672171923494,0.04371286113790533,0.26093142060341407,0.5946618824286691,0.8373065663964979,3516,24.13375599976659,51.846762024429324,75.24980091717529,3516,31.30343962405777,59.78752351839733,98.60002856707763,3516,31.92507160400009,62.875043402506826,102.34191661334228,3516,0.6216319799423218,3.087519884109497,3.7418880462646484,3516,1.391182,4.449692,9.743565,2091,63.510171,108.181139,154.004727,3365,0.0,34.931198,63.044911,297,20.86115264892578,24.514368057250977,36.6319694519043,297,26.491951585558283,42.54674534519594,113.20035942398339,3413,3.8683414459228516,9.625911712646484,31.520843505859375,3365,51.80726,121.964752,168.740864,3365,145.0285,227.335627,273.051213,3365,178.329677,266.493944,315.583231,0,0,0,0,0,0,0,0,3469,47,0,0
a67__mid_variable,67,split_ae32_uint4_q3000,MID_VARIABLE,AE32,UINT4,0.3,2996,2996,2995,2946,2862,172060.0,0.9223824727512936,0.8645134661025694,0.892510919356557,0.5115185125472255,0.8762725927455164,0.699614890885751,0.5630165289256198,0.6239267315397825,0.8484765885502021,0.4577703472342974,0.6670214699899069,0.6333495157123065,0.7005582452574215,0.49630816476363393,0.560657235570104,0.611531203971186,1.0,0.9996662216288384,0.9833110814419226,0.9552736982643525,True,96,308.918629376,0.9989320641469037,244.4679322092354,0.05042165216601897,0.27604160905494746,0.600916160048268,0.8241472051273433,2996,27.16546298098755,57.321036008438114,84.59730103390503,2996,31.32952697428656,56.501872355700016,122.32501222535038,2996,31.968822969522,59.569104249239444,126.36418010636234,2996,0.6392959952354431,3.0672318935394287,4.039167881011963,2996,1.463747,4.947683,12.055018,1813,57.167643,88.983688,119.594288,2862,0.0,36.325877,71.835944,297,20.86115264892578,24.514368057250977,36.6319694519043,297,26.491951585558283,42.54674534519594,113.20035942398339,3413,3.8683414459228516,9.625911712646484,31.520843505859375,2862,52.08557,124.417693,184.621137,2862,140.797359,227.357644,289.856582,2862,175.015178,271.823632,334.694683,1,0,1,0,0,0,0,0,2946,48,0,0
a68__mid_variable,68,split_ae32_uint4_q5000,MID_VARIABLE,AE32,UINT4,0.5,3551,3551,3550,3485,3429,129509.0,0.912656165127648,0.8668868021875967,0.8891828958509738,0.5188515258839395,0.8434524026717173,0.6776987318280235,0.5658574380165289,0.6167487684729064,0.8431747682546517,0.4496779069951219,0.6465651548334196,0.6158586778502229,0.7000537821244086,0.49655859709699934,0.5530008328052676,0.5979557417449454,1.0,0.9997183891861448,0.9814136862855534,0.9656434807096592,True,137,361.148902912,0.9988855609009061,232.07212923990681,0.07385887469939119,0.34191239038067434,0.6638107453518012,0.8572554762583302,3551,24.18504099712944,53.19979600167322,76.76412700218869,3551,30.205270353385448,53.027824894127846,94.72909572380829,3551,30.513750347920894,56.067248836693764,98.35690381783294,3551,0.30847999453544617,3.039423942565918,3.627808094024658,3551,1.347034,4.082424,11.342529,2141,51.610536,78.045001,107.368631,3429,0.0,41.464934,74.833533,297,20.86115264892578,24.514368057250977,36.6319694519043,297,26.491951585558283,42.54674534519594,113.20035942398339,3413,3.8683414459228516,9.625911712646484,31.520843505859375,3429,52.106229,139.205709,199.364732,3429,135.110443,223.622479,278.080069,3429,165.276199,265.862163,320.933433,1,0,0,0,0,0,0,0,3485,65,0,0
a69__mid_variable,69,split_ae32_uint4_q7000,MID_VARIABLE,AE32,UINT4,0.7,3518,3514,3514,3480,3431,81083.0,0.8854056343994916,0.8626560726447219,0.8738828202581926,0.5525420761902691,0.7618861081012949,0.6275337837837838,0.5756714876033058,0.6004849137931035,0.8690429215087884,0.42441714324506313,0.593151625673179,0.5686453424397767,0.728195834025842,0.48277921867511475,0.5239562521111075,0.5574813922646472,0.9988629903354178,0.9988629903354178,0.9891984081864695,0.9752700397953382,True,127,361.770460672,0.998708856427547,225.347813054694,0.08524357658642531,0.3818011875635993,0.7159732502755088,0.8878837197054236,3518,25.094644001344204,53.079206044342044,76.99232297208404,3518,30.540294300860403,56.501872355700016,104.01059769920444,3518,30.900774311369894,59.569104249239444,107.81037377647495,3518,0.36048001050949097,3.0672318935394287,3.799776077270508,3518,1.354942,4.3782,10.649521,2281,45.162754,69.145511,98.875131,3431,0.0,33.949847,66.664154,297,20.86115264892578,24.514368057250977,36.6319694519043,297,26.491951585558283,42.54674534519594,113.20035942398339,3413,3.8683414459228516,9.625911712646484,31.520843505859375,3431,52.114054,121.332868,186.929497,3431,127.865358,206.278838,263.647324,3431,159.040579,249.609535,320.417917,0,0,0,0,0,0,0,0,3480,34,0,4
a70__mid_variable,70,split_ae32_uint4_q9000,MID_VARIABLE,AE32,UINT4,0.9,3055,3055,3055,3006,2978,28239.0,0.8112300633602797,0.7662779898875245,0.7881135579729371,0.7404917732410929,0.4442856648179128,0.535203668734826,0.512396694214876,0.5235519197783349,0.8816076426876345,0.32291853510893925,0.38360209996342604,0.3787717994424896,0.8141130455541742,0.44303210244170416,0.40964382901812846,0.3964091737692415,1.0,1.0,0.9839607201309329,0.9747954173486089,True,133,309.598397184,0.9988201639791342,213.45022031767817,0.14085165197765315,0.4714787238005238,0.7763489050079022,0.9131617245646728,3055,22.631730975337984,48.91475702756119,73.51913210427857,3055,29.17541106163311,48.587531427338604,90.03058602102185,3055,29.339411066163063,51.53098736186314,93.61452199705029,3055,0.164000004529953,2.943455934524536,3.5839359760284424,3055,1.268298,4.0441,12.57442,1944,38.424984,60.142621,83.02956,2978,0.0,36.311425,71.422158,297,20.86115264892578,24.514368057250977,36.6319694519043,297,26.491951585558283,42.54674534519594,113.20035942398339,3413,3.8683414459228516,9.625911712646484,31.520843505859375,2978,51.95319,129.270705,194.971271,2978,119.018599,201.088434,259.966163,2978,147.135031,238.964881,311.772496,0,0,0,1,0,0,0,0,3006,48,0,0
a71__mid_variable,71,split_ae32_uint4_q9800,MID_VARIABLE,AE32,UINT4,0.98,3038,3038,3038,2981,2956,6402.0,0.6073756159593069,0.39428335569084716,0.47816293329996246,1.0461678733400313,0.14142208580282767,0.45,0.26265495867768596,0.33170254403131116,0.9269931376270745,0.1187163914403788,0.13006923862160324,0.12957283548832035,0.988378342644276,0.37217974994156455,0.21960051345855852,0.16900672053639715,1.0,1.0,0.9812376563528638,0.9730085582620145,True,149,309.313855744,0.9985055465915417,209.59551544726716,0.1597650957088061,0.4889225163491032,0.7787666878342633,0.9167439865697011,3038,20.263745003110408,44.940702082931516,64.04276699848842,3038,29.984328927138804,54.60427449304962,95.68319638038827,3038,30.238728942016124,57.66046641428375,99.3345883634205,3038,0.25440001487731934,3.056191921234131,3.6513919830322266,3038,1.33186,4.002098,8.948027,2015,36.6258,57.996465,71.08407,2956,0.0,37.153821,73.190266,297,20.86115264892578,24.514368057250977,36.6319694519043,297,26.491951585558283,42.54674534519594,113.20035942398339,3413,3.8683414459228516,9.625911712646484,31.520843505859375,2956,51.765095,129.655608,184.55686,2956,114.339311,195.402744,248.667539,2956,145.330663,238.278116,292.506384,0,0,0,0,0,0,0,0,2981,57,0,0
a00__adverse_stable,0,split_noae_uint8_q0000,ADVERSE_STABLE,noAE,UINT8,0.0,2936,1,0,0,0,3570933.0,0.9313931614473829,0.8685378185945722,0.8988680051260145,0.4785501282606964,0.898997205787936,0.7966160220994475,0.5958161157024794,0.6817375886524824,0.8399585364786806,0.5278192766550763,0.7134082412215061,0.6888454506447169,0.683571711037597,0.5048107305050598,0.5896919324062748,0.6486070338505988,0.0003405994550408719,0.0,0.0,0.0,True,0,309.269662464,0.0,,0.0,0.0,0.0,0.0,2936,48.26360500070858,79.93787298179626,118.55536199923706,2936,26.616446707961558,45.388265357467176,81.58543723229647,2936,26.729214709815977,47.49002526805067,84.9389731228757,2936,0.11276800185441971,2.101759910583496,3.3535358905792236,2936,1.202747,3.216288,6.46319,0,,,,0,,,,258,21.574016571044922,25.28816032409668,29.48137664794922,258,45.44586259021006,77.30227171458772,109.06724537606964,3413,3.8683414459228516,9.625911712646484,31.520843505859375,0,,,,0,,,,0,,,,1,0,0,0,0,0,0,0,0,0,0,2935
a01__adverse_stable,1,split_noae_uint8_q3000,ADVERSE_STABLE,noAE,UINT8,0.3,2965,6,0,0,0,2486428.0,0.9342456608811749,0.8664740480858528,0.8990845334332672,0.48566113628207824,0.874907992611778,0.7412280701754386,0.6110537190082644,0.6698754246885618,0.8402348604245259,0.5012355800539585,0.6880717863328683,0.6622197635004629,0.6862438924928301,0.5034635853423755,0.577411063642292,0.6303175882114613,0.002023608768971332,0.0,0.0,0.0,True,0,303.31049984,0.0,,0.0,0.0,0.0,0.0,2965,37.407620999409914,66.89444696202088,91.79616394568635,2965,25.252943391350748,42.48770259058142,81.84105401084423,2965,25.337743388859273,44.345494610425476,85.19644599006176,2965,0.08479999750852585,1.8577920198440552,3.3553919792175293,2965,1.125826,3.110568,6.462188,0,,,,0,,,,258,21.574016571044922,25.28816032409668,29.48137664794922,258,45.44586259021006,77.30227171458772,109.06724537606964,3413,3.8683414459228516,9.625911712646484,31.520843505859375,0,,,,0,,,,0,,,,6,0,0,0,0,0,0,0,0,0,0,2959
a02__adverse_stable,2,split_noae_uint8_q5000,ADVERSE_STABLE,noAE,UINT8,0.5,2976,57,0,0,0,1767576.0,0.9346003353828954,0.8626560726447219,0.8971882378192745,0.4989849508905711,0.8214453849330626,0.7335597406606977,0.6136363636363636,0.6682604415693995,0.8374146262844592,0.49028807503787364,0.6558667299854681,0.6346218374178251,0.6892928396300103,0.5019308892272261,0.5643902047149162,0.6084116682002417,0.019153225806451613,0.0,0.0,0.0,True,0,304.634976768,0.0,,0.0,0.0,0.0,0.0,2976,34.261894022045134,61.509293004411695,85.76916799708557,2976,27.24359813255644,47.844232625735756,89.87091124969434,2976,27.36052612883425,50.47124058700895,93.42982328849745,2976,0.11692799627780914,2.6270079612731934,3.5589120388031006,2976,1.286614,3.574032,6.570686,0,,,,0,,,,258,21.574016571044922,25.28816032409668,29.48137664794922,258,45.44586259021006,77.30227171458772,109.06724537606964,3413,3.8683414459228516,9.625911712646484,31.520843505859375,0,,,,0,,,,0,,,,57,0,0,0,0,0,0,0,0,0,0,2919
a03__adverse_stable,3,split_noae_uint8_q7000,ADVERSE_STABLE,noAE,UINT8,0.7,2952,247,0,0,0,1050574.0,0.917598848155942,0.854916933237024,0.8851495726495726,0.5338088468743897,0.7035952399012005,0.7414448669201521,0.6043388429752066,0.665907797381901,0.8636079275993035,0.4596647654360441,0.5816300026686223,0.5686984622021608,0.7179033840335792,0.48777385909199755,0.526684197188441,0.5534756824073069,0.0836720867208672,0.0,0.0,0.0,True,0,299.046567936,0.0,,0.0,0.0,0.0,0.0,2952,27.40505402806854,52.14615998030853,71.54367294311524,2952,26.929775056981562,46.25011798788786,76.25855892465543,2952,27.044591059529303,48.59031006743193,79.55516689584684,2952,0.11481600254774094,2.3401920795440674,3.2966079711914062,2952,1.28721,3.681722,7.184316,0,,,,0,,,,258,21.574016571044922,25.28816032409668,29.48137664794922,258,45.44586259021006,77.30227171458772,109.06724537606964,3413,3.8683414459228516,9.625911712646484,31.520843505859375,0,,,,0,,,,0,,,,247,0,0,0,0,0,0,0,0,0,0,2705
a04__adverse_stable,4,split_noae_uint8_q9000,ADVERSE_STABLE,noAE,UINT8,0.9,2997,2997,2663,2577,2402,345188.0,0.8870987134784177,0.7613249406665978,0.8194135939582406,0.6685623246776862,0.4033976726835544,0.6612057667103539,0.5211776859504132,0.582900057770075,0.8692187008800133,0.3665532104369034,0.3849754415602289,0.38453440939002065,0.7754085155380904,0.46051561478299907,0.42081361663504047,0.40249584827502455,1.0,0.8885552218885552,0.8598598598598599,0.8014681348014682,True,43,309.608224256,0.9985676996628057,343.0279393272081,0.0010538672891654518,0.01875041477967941,0.1045513598864701,0.2928894531529637,2997,26.705451998330116,53.287892024280545,73.93710801776886,2997,30.662617762503622,56.82227550910473,97.625223809474,2997,31.053337772307394,59.89110742972851,101.35651987194348,2997,0.390720009803772,3.0688319206237793,3.7312960624694824,2997,1.445483,4.074787,9.365551,938,126.689744,219.632256,252.960376,2402,0.0,51.858773,81.179466,258,21.574016571044922,25.28816032409668,29.48137664794922,258,45.44586259021006,77.30227171458772,109.06724537606964,3413,3.8683414459228516,9.625911712646484,31.520843505859375,2402,74.869564,149.724052,195.942956,2402,239.269141,335.7361,383.011004,2402,273.450353,366.156653,409.394228,334,0,0,0,0,0,0,0,2577,86,0,0
a05__adverse_stable,5,split_noae_uint8_q9800,ADVERSE_STABLE,noAE,UINT8,0.98,2964,2964,2964,2895,2855,70845.0,0.8257995735607676,0.3996491590135177,0.5386273555385578,0.9430037220508795,0.07921903568115685,0.6301806588735388,0.306301652892562,0.4122349669794926,0.9740201170574634,0.17854106426136118,0.12888004997125901,0.11892792329925084,0.9586373684126983,0.3834149835486331,0.21353863293384492,0.16589415204674415,1.0,1.0,0.9767206477732794,0.963225371120108,True,173,300.70746112,0.9985329035057632,243.73233119744367,0.03348681231418326,0.23586906457135,0.577431629808175,0.8383111973181226,2964,23.898440014575957,51.423888987564084,69.01088398402405,2964,30.781186804403305,56.741989981128214,91.60393521203184,2964,31.20029081427002,59.81034196515226,95.20681521309996,2964,0.4191040098667145,3.068351984024048,3.6028800010681152,2964,1.41049,4.446154,9.920005,1532,49.218756,67.247251,95.03667,2855,0.0,50.290458,78.664118,258,21.574016571044922,25.28816032409668,29.48137664794922,258,45.44586259021006,77.30227171458772,109.06724537606964,3413,3.8683414459228516,9.625911712646484,31.520843505859375,2855,73.819615,156.200483,193.88676,2855,149.414113,231.183399,274.427996,2855,182.542272,266.47712,311.516924,0,0,0,0,0,0,0,0,2895,69,0,0
a06__adverse_stable,6,split_noae_uint6_q0000,ADVERSE_STABLE,noAE,UINT6,0.0,2820,17,0,0,0,2757143.0,0.9312596856320566,0.8681250644928284,0.8985847797062749,0.47786770119596883,0.8990013931039261,0.7984094052558783,0.5963326446280992,0.6827321111768185,0.8427417703409643,0.5277991932416186,0.7134002931727723,0.6888339495142087,0.6850442435798372,0.5040679273118778,0.5892530027023043,0.6483619859929793,0.006028368794326241,0.0,0.0,0.0,True,0,299.257540096,0.0,,0.0,0.0,0.0,0.0,2820,52.54725399993992,88.05628499387932,112.62324600070858,2820,25.00827688760519,42.63436233104658,71.40258829506732,2820,25.081332885096074,44.50553034843397,74.6306843033681,2820,0.07305599749088287,1.8711680173873901,3.2280960083007812,2820,1.109874,2.677227,6.519875,0,,,,0,,,,258,21.574016571044922,25.28816032409668,29.48137664794922,258,45.44586259021006,77.30227171458772,109.06724537606964,3413,3.8683414459228516,9.625911712646484,31.520843505859375,0,,,,0,,,,0,,,,17,0,0,0,0,0,0,0,0,0,0,2803
a07__adverse_stable,7,split_noae_uint6_q3000,ADVERSE_STABLE,noAE,UINT6,0.3,2904,58,0,0,0,1932190.0,0.9340084576007123,0.8660612939841089,0.8987524763077582,0.485069829347577,0.8749078600351812,0.7428661022264033,0.6118285123966942,0.6710097719869706,0.8442983214552167,0.5011226873947935,0.6880152737149874,0.6621451336706008,0.6885246527740978,0.5023166140743173,0.576720470913945,0.629914670930035,0.01997245179063361,0.0,0.0,0.0,True,0,300.808161792,0.0,,0.0,0.0,0.0,0.0,2904,40.92654900070143,71.7496000011382,93.34043600104523,2904,26.362278818881034,43.31202923090315,78.21902814948702,2904,26.473766818439483,45.23023723394728,81.52232423865938,2904,0.11148799955844879,1.9182080030441284,3.3032960891723633,2904,1.174095,3.264476,7.043423,0,,,,0,,,,258,21.574016571044922,25.28816032409668,29.48137664794922,258,45.44586259021006,77.30227171458772,109.06724537606964,3413,3.8683414459228516,9.625911712646484,31.520843505859375,0,,,,0,,,,0,,,,58,0,0,0,0,0,0,0,0,0,0,2846
a08__adverse_stable,8,split_noae_uint6_q5000,ADVERSE_STABLE,noAE,UINT6,0.5,3560,147,0,0,0,1380533.0,0.9344500279173646,0.8634815808482097,0.8975651614287247,0.4999358610095649,0.8214967369562596,0.7351485148514851,0.6136363636363636,0.6689189189189189,0.8401832564080812,0.49022338157131434,0.655860059263787,0.6345998017179789,0.6913189457377334,0.5009149535312108,0.5638089483047223,0.6080951983436381,0.04129213483146067,0.0,0.0,0.0,True,0,364.301656064,0.0,,0.0,0.0,0.0,0.0,3560,33.38769000178122,59.53478900017858,78.42323096131896,3560,25.966668842770098,42.912918318987366,77.75065340880155,3560,26.07598084066057,44.809846271753784,81.05394949797392,3560,0.10931199789047241,1.8969279527664185,3.3032960891723633,3560,1.229638,3.265994,6.463962,0,,,,0,,,,258,21.574016571044922,25.28816032409668,29.48137664794922,258,45.44586259021006,77.30227171458772,109.06724537606964,3413,3.8683414459228516,9.625911712646484,31.520843505859375,0,,,,0,,,,0,,,,147,0,0,0,0,0,0,0,0,0,0,3413
a09__adverse_stable,9,split_noae_uint6_q7000,ADVERSE_STABLE,noAE,UINT6,0.7,3550,723,0,0,0,824807.0,0.9179038333702637,0.854916933237024,0.885291446278784,0.5341768452875015,0.7038330229558449,0.7397086763774541,0.6033057851239669,0.6645803698435276,0.8618034693587783,0.459712159537804,0.5817725912468245,0.5688238733888129,0.716955410691674,0.48823647494639943,0.5269919950138816,0.553705245149041,0.20366197183098592,0.0,0.0,0.0,True,0,359.40401664,0.0,,0.0,0.0,0.0,0.0,3550,27.939570998330115,51.09557800839234,66.30436900032424,3550,26.269204134717462,43.88724494716406,77.31802682741737,3550,26.3802441383152,45.8384449555564,80.61652283533668,3550,0.11104000359773636,1.951200008392334,3.2984960079193115,3550,1.176962,3.132405,7.133055,0,,,,0,,,,258,21.574016571044922,25.28816032409668,29.48137664794922,258,45.44586259021006,77.30227171458772,109.06724537606964,3413,3.8683414459228516,9.625911712646484,31.520843505859375,0,,,,0,,,,0,,,,723,0,0,0,0,0,0,0,0,0,0,2827
a10__adverse_stable,10,split_noae_uint6_q9000,ADVERSE_STABLE,noAE,UINT6,0.9,3501,3499,3498,3395,3283,272999.0,0.8854604394285028,0.7610153750902899,0.818534961154273,0.6686073634788954,0.40382038008997967,0.6591503267973856,0.5209194214876033,0.5819388343912291,0.8662250206658625,0.36671271410555356,0.38526654709776664,0.38481952600398633,0.7737511204921689,0.4612795039396976,0.4213185968616011,0.40288951468230716,0.9994287346472437,0.9991431019708654,0.9697229363039132,0.9377320765495573,True,71,360.515101952,0.9988583161238699,304.84915348178174,0.0020878479013071044,0.034263241323645395,0.19685318606555616,0.5000699479241326,3501,27.536362920272826,56.66651900955963,82.05475899693394,3501,30.699107389890194,59.767973419384475,108.47046680258512,3501,31.09571538492346,62.85501336689424,112.28701085852384,3501,0.39660799503326416,3.0870399475097656,3.8165440559387207,3501,1.362316,4.609281,12.636322,1748,98.601662,150.374736,178.063567,3283,0.0,55.204044,81.823349,258,21.574016571044922,25.28816032409668,29.48137664794922,258,45.44586259021006,77.30227171458772,109.06724537606964,3413,3.8683414459228516,9.625911712646484,31.520843505859375,3283,74.776472,154.143607,193.585977,3283,207.058608,297.401747,337.243332,3283,242.107068,327.639659,365.916614,1,0,0,0,0,0,0,0,3395,103,0,2
a11__adverse_stable,11,split_noae_uint6_q9800,ADVERSE_STABLE,noAE,UINT6,0.98,3513,3513,3512,3423,3370,55958.0,0.8263370978052419,0.4001651016406976,0.539210233592881,0.9445463102797858,0.0794400600311816,0.6276483050847458,0.30604338842975204,0.4114583333333333,0.9829375802459547,0.17856811537922182,0.12900408770520172,0.11910273634715679,0.9639330938719061,0.3813898899614075,0.21313042839900795,0.16581524802572542,1.0,0.999715343011671,0.9743808710503843,0.9592940506689439,True,200,359.00155264,0.998875551328312,246.90678259403626,0.03440125913712817,0.2360789422406438,0.5670670487354247,0.8175059772493579,3513,23.37990099979925,51.472240942901614,73.61740700787735,3513,30.171589863871574,54.83813334831524,108.47046680258512,3513,30.476165873383522,57.89486934074688,112.28701085852384,3513,0.30457600951194763,3.0567359924316406,3.8165440559387207,3513,1.336376,4.127286,10.823675,1806,47.524951,67.301441,100.935793,3370,0.0,54.731786,84.795393,258,21.574016571044922,25.28816032409668,29.48137664794922,258,45.44586259021006,77.30227171458772,109.06724537606964,3413,3.8683414459228516,9.625911712646484,31.520843505859375,3370,74.089942,157.611523,203.208243,3370,149.596838,232.325465,281.963058,3370,182.482229,273.297998,321.485291,1,0,1,0,0,0,0,0,3423,88,0,0
a12__adverse_stable,12,split_noae_uint4_q0000,ADVERSE_STABLE,noAE,UINT4,0.0,3494,127,0,0,0,1471462.0,0.9325431989366415,0.8687441956454443,0.8995138629200278,0.47905616765836595,0.8989035151908015,0.79750346740638,0.59400826446281,0.6808762581409118,0.8432346658195582,0.5274933455564375,0.7131984303736194,0.6885968505304375,0.6857621721163039,0.5037061724351556,0.5889401361187652,0.6480981257988092,0.0363480251860332,0.0,0.0,0.0,True,0,359.929639936,0.0,,0.0,0.0,0.0,0.0,3494,44.83905499732781,75.53101700132156,101.73761600007343,3494,25.62031532030344,41.69037118985415,74.10187008948755,3494,25.72604332070589,43.48614719941378,77.35271814437341,3494,0.10572800040245056,1.7957760095596313,3.2508480548858643,3494,1.134602,2.893383,6.582267,0,,,,0,,,,258,21.574016571044922,25.28816032409668,29.48137664794922,258,45.44586259021006,77.30227171458772,109.06724537606964,3413,3.8683414459228516,9.625911712646484,31.520843505859375,0,,,,0,,,,0,,,,127,0,0,0,0,0,0,0,0,0,0,3367
a13__adverse_stable,13,split_noae_uint4_q3000,ADVERSE_STABLE,noAE,UINT4,0.3,2910,265,0,0,0,1072134.0,0.9332591768631813,0.865751728407801,0.8982388523098336,0.48659542491675073,0.8747882382777682,0.7414603572547791,0.6110537190082644,0.6699702675916749,0.845245778051548,0.50045817186041,0.6876232050690891,0.6616607306569436,0.6896432167664233,0.5017550549255398,0.5761871364867907,0.6294439176849894,0.09106529209621993,0.0,0.0,0.0,True,0,299.007076864,0.0,,0.0,0.0,0.0,0.0,2910,35.340703963027956,66.10736499916625,87.48593201664734,2910,25.400639091789245,47.229451914140704,94.72909572380829,2910,25.495167088865756,49.721549708616735,98.35690381783294,2910,0.09452799707651138,2.490528106689453,3.627808094024658,2910,1.199994,3.827335,7.858181,0,,,,0,,,,258,21.574016571044922,25.28816032409668,29.48137664794922,258,45.44586259021006,77.30227171458772,109.06724537606964,3413,3.8683414459228516,9.625911712646484,31.520843505859375,0,,,,0,,,,0,,,,265,0,0,0,0,0,0,0,0,0,0,2645
a14__adverse_stable,14,split_noae_uint4_q5000,ADVERSE_STABLE,noAE,UINT4,0.5,3035,575,0,0,0,792175.0,0.9327019498607242,0.8637911464245176,0.896924890174649,0.5015408116203153,0.8217156200787067,0.7358199753390875,0.6164772727272727,0.6708825182686903,0.8362008215653391,0.48975808204106164,0.6557368510598842,0.6343830594151526,0.6894835022345759,0.5018351988991475,0.5642302267690493,0.6082651988847798,0.18945634266886327,0.0,0.0,0.0,True,0,309.013263616,0.0,,0.0,0.0,0.0,0.0,3035,30.8938000079422,59.6065779952631,80.60206700786972,3035,26.632886420651914,45.403911342188835,79.6554402643385,3035,26.74578242348099,47.51223133997631,82.97838419019604,3035,0.11289600282907486,2.1083199977874756,3.322943925857544,3035,1.228773,3.549059,7.092391,0,,,,0,,,,258,21.574016571044922,25.28816032409668,29.48137664794922,258,45.44586259021006,77.30227171458772,109.06724537606964,3413,3.8683414459228516,9.625911712646484,31.520843505859375,0,,,,0,,,,0,,,,575,0,0,0,0,0,0,0,0,0,0,2460
a15__adverse_stable,15,split_noae_uint4_q7000,ADVERSE_STABLE,noAE,UINT4,0.7,2973,2515,0,0,0,486235.0,0.9171826625386997,0.8559488184913837,0.8855084067253802,0.5330236743419888,0.7039510673568079,0.7365608299276957,0.6051136363636364,0.6643981284559762,0.856041666772742,0.45889488404522516,0.5814229757010165,0.5683656775599797,0.7130643633852728,0.4901399269765129,0.527805562395097,0.5539659562457839,0.8459468550285907,0.0,0.0,0.0,True,0,301.354007808,0.0,,0.0,0.0,0.0,0.0,2973,24.32425600239706,44.45170197743225,61.86205699956608,2973,26.952903780887127,44.10656096787453,67.729345019063,2973,27.06800777817726,46.0776009783268,70.9125770880785,2973,0.11510399729013443,1.9710400104522705,3.183232069015503,2973,1.283607,3.216267,6.067649,0,,,,0,,,,258,21.574016571044922,25.28816032409668,29.48137664794922,258,45.44586259021006,77.30227171458772,109.06724537606964,3413,3.8683414459228516,9.625911712646484,31.520843505859375,0,,,,0,,,,0,,,,2515,0,0,0,0,0,0,0,0,0,0,458
a16__adverse_stable,16,split_noae_uint4_q9000,ADVERSE_STABLE,noAE,UINT4,0.9,2987,2986,2985,2909,2846,163916.0,0.8840095465393795,0.764420596429677,0.8198771512367883,0.6693543448852496,0.40442562176503466,0.6577159495308962,0.525051652892562,0.5839437024271148,0.8753472578746683,0.36653574186939003,0.38548068181721235,0.38501486374507193,0.7791880584574762,0.45877836133191646,0.4202814393681872,0.40250512518819953,0.9996652159357214,0.9993304318714429,0.9738868429862738,0.9527954469367258,True,91,305.600139008,0.9985978522477413,275.54384706836305,0.008735304400270962,0.1079858458871189,0.3687205545317184,0.675831155648111,2987,25.673585000008107,56.38543900361538,79.4554040137558,2987,30.8194126983757,58.21725196147585,109.12652144939231,2987,31.24926870070648,61.29785985255862,112.98399339229393,2987,0.42985600233078003,3.0806078910827637,3.8574719429016113,2987,1.389307,4.771312,10.657972,1569,70.022783,98.465374,127.397315,2846,0.0,55.862216,81.294919,258,21.574016571044922,25.28816032409668,29.48137664794922,258,45.44586259021006,77.30227171458772,109.06724537606964,3413,3.8683414459228516,9.625911712646484,31.520843505859375,2846,75.344639,160.570671,196.491661,2846,177.232692,265.563892,301.955935,2846,212.650874,301.195158,340.655914,1,0,0,0,0,0,0,0,2909,76,0,1
a17__adverse_stable,17,split_noae_uint4_q9800,ADVERSE_STABLE,noAE,UINT4,0.98,3010,3010,3009,2939,2896,34605.0,0.825800976023764,0.40160974099680113,0.5404054429325188,0.946399652882089,0.07973839118926303,0.6214659685863875,0.3065599173553719,0.4105845728121757,0.986899855585774,0.1790290818186328,0.1293837365039479,0.11948008604076547,0.9668618380954334,0.380274530622635,0.21315542131952483,0.16606879558301554,1.0,0.9996677740863787,0.9764119601328903,0.9621262458471761,True,221,306.905046016,0.9992950620075868,241.04597695753517,0.045756675112692324,0.26580597446008464,0.6001515634330677,0.8429057073095941,3010,23.40311299930191,51.21718989312744,68.09869398352814,3010,29.817531673523902,59.767973419384475,94.72909572380829,3010,30.049275679800033,62.85501336689424,98.35690381783294,3010,0.23174400627613068,3.0870399475097656,3.627808094024658,3010,1.328731,4.889122,9.487341,1530,41.85026,62.519369,92.015352,2896,0.0,57.251396,81.475131,258,21.574016571044922,25.28816032409668,29.48137664794922,258,45.44586259021006,77.30227171458772,109.06724537606964,3413,3.8683414459228516,9.625911712646484,31.520843505859375,2896,74.690275,160.235876,202.911728,2896,144.209643,228.956691,274.936847,2896,177.560766,265.450786,310.015543,1,0,0,0,0,0,0,0,2939,70,0,0
a18__adverse_stable,18,split_ae128_uint8_q0000,ADVERSE_STABLE,AE128,UINT8,0.0,2950,27,0,0,0,2351046.0,0.9354335967939441,0.8670931792384687,0.8999678697654493,0.4813474971373565,0.8978209228434613,0.7907789032483409,0.5847107438016529,0.672308834446919,0.8399358682991729,0.5212649767707229,0.7095429498070921,0.6841071571693034,0.6845391427288446,0.5043225967623848,0.5873761128675186,0.6455761610919679,0.009152542372881356,0.0,0.0,0.0,True,0,299.30894592,0.0,,0.0,0.0,0.0,0.0,2950,32.05337900627613,56.51830700222874,77.04836702934266,2950,26.269849498259546,43.75974784481954,67.12611663638401,2950,26.38095349489403,45.7062758027358,70.28762066661167,2950,0.11110399663448334,1.9465279579162598,3.161504030227661,2950,1.232294,3.395188,6.740882,0,,,,0,,,,137,21.248319625854492,24.753183364868164,25.83180809020996,137,46.8398970129109,81.12619470905908,111.52821377566012,3413,3.8683414459228516,9.625911712646484,31.520843505859375,0,,,,0,,,,0,,,,27,0,0,0,0,0,0,0,0,0,0,2923
a19__adverse_stable,19,split_ae128_uint8_q3000,ADVERSE_STABLE,AE128,UINT8,0.3,2928,57,0,0,0,1670641.0,0.930286599535244,0.8675059333402125,0.8978000854335754,0.48195888720354085,0.8882875819219526,0.7513884351519111,0.59400826446281,0.6634934371844801,0.8333870762020209,0.5100791000246124,0.6991833409732825,0.6731247509561573,0.6807416498698418,0.5062413992356561,0.5837496173739197,0.6388646239755121,0.0194672131147541,0.0,0.0,0.0,True,0,301.259223296,0.0,,0.0,0.0,0.0,0.0,2928,31.473455032546998,59.533305028518676,81.77642193635559,2928,28.046361986628533,47.65658068106079,75.78520502127505,2928,28.174425993195534,50.23418068334961,79.05982913054324,2928,0.12806400656700134,2.5776000022888184,3.2746241092681885,2928,1.291119,3.955004,8.052253,0,,,,0,,,,137,21.248319625854492,24.753183364868164,25.83180809020996,137,46.8398970129109,81.12619470905908,111.52821377566012,3413,3.8683414459228516,9.625911712646484,31.520843505859375,0,,,,0,,,,0,,,,57,0,0,0,0,0,0,0,0,0,0,2871
a20__adverse_stable,20,split_ae128_uint8_q5000,ADVERSE_STABLE,AE128,UINT8,0.5,3034,186,0,0,0,1206777.0,0.9254058797718298,0.8704984005778558,0.8971127771574414,0.4893968203044741,0.8544549524141708,0.7461290322580645,0.5973657024793388,0.6635111876075731,0.8261759591046256,0.5039974931914152,0.679226222802793,0.6562340695679645,0.6789977772889163,0.507124989941992,0.5768818734621902,0.6259658903767219,0.061305207646671064,0.0,0.0,0.0,True,0,310.117628416,0.0,,0.0,0.0,0.0,0.0,3034,24.073244999522924,48.405437054885866,69.13509699986457,3034,28.547294396134376,45.263505102740766,84.44142841300487,3034,28.68505439457512,47.35048115407133,87.90338038405895,3034,0.1377599984407425,2.0869760513305664,3.461951971054077,3034,1.366441,4.045967,8.912125,0,,,,0,,,,137,21.248319625854492,24.753183364868164,25.83180809020996,137,46.8398970129109,81.12619470905908,111.52821377566012,3413,3.8683414459228516,9.625911712646484,31.520843505859375,0,,,,0,,,,0,,,,186,0,0,0,0,0,0,0,0,0,0,2848
a21__adverse_stable,21,split_ae128_uint8_q7000,ADVERSE_STABLE,AE128,UINT8,0.7,2962,736,2,2,2,731952.0,0.9057900956064024,0.8700856464761119,0.8875789473684211,0.5321056818268167,0.7716221742838556,0.6969787615913849,0.6017561983471075,0.645876645876646,0.8518478373341022,0.47206109177109623,0.6218416330274759,0.6035335997500255,0.7102046165025854,0.49154360923612056,0.544667865691006,0.5819769368788467,0.24848075624577987,0.0006752194463200541,0.0006752194463200541,0.0006752194463200541,True,1,299.5099584,0.9985739817257442,149705.26702846296,0.0,0.0,4.450499098997571e-05,0.00021144434842270673,2962,21.82214800109291,40.78877898461151,60.989305999766586,2962,29.681413970809935,48.2672422854743,92.25343668043519,2962,29.894917972308157,51.0327783553443,95.87090861380005,2962,0.21350400149822235,2.765536069869995,3.617471933364868,2962,1.42649,3.945972,7.650292,0,,,,2,0.0,0.0,0.0,137,21.248319625854492,24.753183364868164,25.83180809020996,137,46.8398970129109,81.12619470905908,111.52821377566012,3413,3.8683414459228516,9.625911712646484,31.520843505859375,2,69.705846,172.253843,172.253843,2,215.466481,394.561106,394.561106,2,236.670312,427.106674,427.106674,734,0,0,0,0,0,0,0,2,0,0,2226
a22__adverse_stable,22,split_ae128_uint8_q9000,ADVERSE_STABLE,AE128,UINT8,0.9,3021,3020,3019,2909,2836,248183.0,0.8312811980033278,0.7732948096171706,0.8012402437720518,0.7325707899683028,0.4435684689947239,0.5665378244064053,0.5299586776859504,0.5476381104883906,0.8757267570359597,0.3659445305910281,0.404756499792876,0.402891368946091,0.8073280978956145,0.4460482727758521,0.42392098230059627,0.4142279239558182,0.9996689837802052,0.9993379675604105,0.9629261833829857,0.9387619993379676,True,40,308.772551168,0.9987108232823991,292.0066591702703,0.004915661713641667,0.06629942155014193,0.27080388112123654,0.5755080925678353,3021,25.34482400452614,54.3415059986136,78.73107797874069,3021,29.848181831415175,55.394538709118365,95.68319638038827,3021,30.086715905822278,58.459082671597,99.3345883634205,3021,0.23919999599456787,3.0645439624786377,3.6513919830322266,3021,1.333454,4.141117,8.952664,1592,90.451449,132.376766,167.903022,2836,0.0,59.462614,83.818819,137,21.248319625854492,24.753183364868164,25.83180809020996,137,46.8398970129109,81.12619470905908,111.52821377566012,3413,3.8683414459228516,9.625911712646484,31.520843505859375,2836,75.870906,163.27388,208.228207,2836,196.971452,285.648187,330.362923,2836,230.052108,321.161355,360.574634,1,0,0,0,0,0,0,0,2909,110,0,1
a23__adverse_stable,23,split_ae128_uint8_q9800,ADVERSE_STABLE,AE128,UINT8,0.98,3000,2999,2999,2863,2834,51552.0,0.6247334754797441,0.42327933133835516,0.5046441532878144,1.048119783524195,0.1522151676971319,0.5109289617486339,0.2897727272727273,0.3698088332234674,0.9501033147732219,0.14368998761259777,0.14795257765486483,0.14789116119920884,1.0003127984180422,0.36776438705952386,0.23321471276475733,0.18575445593736037,0.9996666666666667,0.9996666666666667,0.9543333333333334,0.9446666666666667,True,120,306.30157696,0.9988353915329448,249.34038777069037,0.05210376627308109,0.2624655783750621,0.5666479258468392,0.7902818492593372,3000,23.587802003550053,51.07581300106811,73.62840901776123,3000,30.171589863871574,52.531409674334526,97.625223809474,3000,30.476165873383522,55.56299369876385,101.35651987194348,3000,0.30457600951194763,3.0315840244293213,3.7312960624694824,3000,1.344879,4.199824,9.791331,1795,44.623617,67.486592,94.357759,2834,0.0,59.230598,90.535817,137,21.248319625854492,24.753183364868164,25.83180809020996,137,46.8398970129109,81.12619470905908,111.52821377566012,3413,3.8683414459228516,9.625911712646484,31.520843505859375,2834,73.091898,176.886784,237.738052,2834,148.063761,249.238274,307.156611,2834,178.852264,288.200779,356.72141,0,0,0,0,0,0,0,0,2863,136,0,1
a24__adverse_stable,24,split_ae128_uint6_q0000,ADVERSE_STABLE,AE128,UINT6,0.0,3531,39,0,0,0,1879757.0,0.9354479688369505,0.8672995562893406,0.9000856714499893,0.4818480472813258,0.897799000759146,0.7885554780181437,0.5836776859504132,0.6708222024339566,0.8404948393835868,0.5214166478130866,0.7096078242861164,0.6841983231386736,0.6850580689617736,0.5040609584284347,0.5872628564079356,0.6455434282987359,0.011045029736618521,0.0,0.0,0.0,True,0,360.642144,0.0,,0.0,0.0,0.0,0.0,3531,32.56682100533867,59.17072100355005,80.56721006835937,3531,25.275342256297588,42.20949316019249,75.23252725453186,3531,25.360750258435726,44.035509109441755,78.50455927700806,3531,0.08540800213813782,1.8260159492492676,3.2720320224761963,3531,1.147014,3.247115,6.665825,0,,,,0,,,,137,21.248319625854492,24.753183364868164,25.83180809020996,137,46.8398970129109,81.12619470905908,111.52821377566012,3413,3.8683414459228516,9.625911712646484,31.520843505859375,0,,,,0,,,,0,,,,39,0,0,0,0,0,0,0,0,0,0,3492
a25__adverse_stable,25,split_ae128_uint6_q3000,ADVERSE_STABLE,AE128,UINT6,0.3,3557,173,0,0,0,1335997.0,0.9309199601461309,0.8677123103910845,0.8982055116428115,0.4815413500941531,0.8882121747441908,0.7495919033627163,0.5929752066115702,0.6621485219899063,0.8357112856880637,0.5102138242667774,0.6992129995054841,0.6731850640325769,0.6820173842641023,0.5055959814492217,0.5834035165702277,0.6386887526355199,0.04863649142535845,0.0,0.0,0.0,True,0,361.21136,0.0,,0.0,0.0,0.0,0.0,3557,31.637783010643005,56.71769600102234,75.87590099243164,3557,26.660402568253517,43.92325184286547,78.21902814948702,3557,26.77355456558132,45.877587890038015,81.52232423865938,3557,0.11315199732780457,1.9543360471725464,3.3032960891723633,3557,1.292597,3.54046,6.18096,0,,,,0,,,,137,21.248319625854492,24.753183364868164,25.83180809020996,137,46.8398970129109,81.12619470905908,111.52821377566012,3413,3.8683414459228516,9.625911712646484,31.520843505859375,0,,,,0,,,,0,,,,173,0,0,0,0,0,0,0,0,0,0,3384
a26__adverse_stable,26,split_ae128_uint6_q5000,ADVERSE_STABLE,AE128,UINT6,0.5,3066,354,0,0,0,964176.0,0.9265561532550225,0.8709111546795997,0.8978723404255319,0.49049055085761933,0.8543813826157686,0.7459651387992253,0.596849173553719,0.6631276901004305,0.8246309811788921,0.5039282734940779,0.6791548280549232,0.6561607539673852,0.6784531065595739,0.5074012813172133,0.5770067653963167,0.6260007432417816,0.11545988258317025,0.0,0.0,0.0,True,0,310.505230592,0.0,,0.0,0.0,0.0,0.0,3066,23.689693001381873,46.056229045455936,64.98648110453797,3066,26.159767667504788,44.7925237382369,84.44142841300487,3066,26.270583669396878,46.80829965719747,87.90338038405895,3066,0.11081600189208984,2.0157759189605713,3.461951971054077,3066,1.218117,3.525341,7.095681,0,,,,0,,,,137,21.248319625854492,24.753183364868164,25.83180809020996,137,46.8398970129109,81.12619470905908,111.52821377566012,3413,3.8683414459228516,9.625911712646484,31.520843505859375,0,,,,0,,,,0,,,,354,0,0,0,0,0,0,0,0,0,0,2712
a27__adverse_stable,27,split_ae128_uint6_q7000,ADVERSE_STABLE,AE128,UINT6,0.7,2960,1337,0,0,0,584099.0,0.9059342076972694,0.869569703848932,0.8873795608908546,0.5307785053970765,0.7715579050155129,0.6984744241699072,0.6030475206611571,0.6472626472626473,0.8536833482011009,0.4720480074099076,0.6218029562127103,0.6035001007986126,0.7108097779249369,0.4912462359948896,0.5444879731820116,0.5818627255176617,0.4516891891891892,0.0,0.0,0.0,True,0,299.298361088,0.0,,0.0,0.0,0.0,0.0,2960,22.09872700032711,42.661361999437574,58.19655695276642,2960,27.830148877071856,46.627695751805305,84.44142841300487,2960,27.954180875288962,49.033231688160896,87.90338038405895,2960,0.12403199821710587,2.405535936355591,3.461951971054077,2960,1.348847,3.70421,7.478537,0,,,,0,,,,137,21.248319625854492,24.753183364868164,25.83180809020996,137,46.8398970129109,81.12619470905908,111.52821377566012,3413,3.8683414459228516,9.625911712646484,31.520843505859375,0,,,,0,,,,0,,,,1337,0,0,0,0,0,0,0,0,0,0,1623
a28__adverse_stable,28,split_ae128_uint6_q9000,ADVERSE_STABLE,AE128,UINT6,0.9,2954,2954,2953,2774,2712,197247.0,0.8303730017761989,0.771850170261067,0.8000427830365261,0.7307881733268653,0.44349599492371183,0.5647155812036274,0.5307334710743802,0.5471974437491679,0.8792309327777588,0.3659463757357416,0.40472118532972673,0.40285946928879457,0.8084238948186973,0.4455597621540985,0.4236720067668404,0.414088199263997,1.0,0.9996614759647935,0.9390656736628301,0.9180771834800271,True,62,303.803003904,0.9985590111211068,286.3235618003997,0.013816127879125081,0.10972304040329177,0.3360381064278734,0.6086917350081055,2954,25.530448995334627,54.12855202935791,74.89149700452614,2954,30.39373964972353,53.34205950971938,96.7571049747653,2954,30.71898765272951,56.386827604735856,100.40923295595121,2954,0.32524800300598145,3.0447680950164795,3.652127981185913,2954,1.32933,4.427816,9.987917,1644,76.364637,115.217439,150.276818,2712,0.0,67.087865,96.146989,137,21.248319625854492,24.753183364868164,25.83180809020996,137,46.8398970129109,81.12619470905908,111.52821377566012,3413,3.8683414459228516,9.625911712646484,31.520843505859375,2712,74.202686,179.658046,226.691579,2712,183.26552,288.464225,342.987343,2712,219.292175,324.393661,381.408446,1,0,1,0,0,0,0,0,2774,178,0,0
a29__adverse_stable,29,split_ae128_uint6_q9800,ADVERSE_STABLE,AE128,UINT6,0.98,2939,2939,2939,2824,2790,41057.0,0.6251142944224322,0.42327933133835516,0.5047683504583769,1.0481481425160668,0.15215891489205619,0.5077554744525548,0.287448347107438,0.36708443271767804,0.9397471425227789,0.1436487142615594,0.1479038145768078,0.14784259361793514,0.9954243367879875,0.3695665905669675,0.2337470497438588,0.18593568862160798,1.0,1.0,0.960871044572984,0.9493024838380402,True,173,299.009427968,0.9984776196252624,248.3337596455093,0.05269034710064758,0.25465386094832076,0.5516238394250631,0.7866880462249973,2939,24.74945600059557,52.121690999367715,72.52401905152131,2939,30.625683209056376,55.198127619661804,94.72909572380829,2939,31.002803197259425,58.2615517300744,98.35690381783294,2939,0.3771199882030487,3.0634241104125977,3.627808094024658,2939,1.337854,4.173543,10.207521,1705,43.257795,63.79209,92.821788,2790,0.0,64.709454,92.536393,137,21.248319625854492,24.753183364868164,25.83180809020996,137,46.8398970129109,81.12619470905908,111.52821377566012,3413,3.8683414459228516,9.625911712646484,31.520843505859375,2790,74.029517,178.310771,226.705918,2790,148.769965,249.420556,295.488614,2790,182.705467,285.155652,333.254647,0,0,0,0,0,0,0,0,2824,115,0,0
a30__adverse_stable,30,split_ae128_uint4_q0000,ADVERSE_STABLE,AE128,UINT4,0.0,2950,455,1,1,1,898758.0,0.935041782729805,0.865958105458673,0.8991749705346621,0.48268950656347775,0.8963622630336833,0.7837370242214533,0.5849690082644629,0.6699201419698315,0.8480094356705437,0.5180854471408307,0.7072238550872569,0.6814633107101018,0.6899670871616875,0.5015925776297885,0.5846511255263342,0.6430235010291909,0.15423728813559323,0.00033898305084745765,0.00033898305084745765,0.00033898305084745765,True,0,300.16671616,0.4971028990018451,74766.40376650002,0.0,0.00013482050081271743,0.00030139459883279284,0.0004679686968528683,2950,29.66393499242592,58.31985500263214,80.32015197600555,2950,27.07206235790348,45.785040302998546,71.58902378955364,2950,27.187998361528873,47.9874083240099,74.82083173671245,2950,0.11593600362539291,2.2023680210113525,3.2318079471588135,2950,1.271205,3.563417,7.250993,0,,,,1,0.0,0.0,0.0,137,21.248319625854492,24.753183364868164,25.83180809020996,137,46.8398970129109,81.12619470905908,111.52821377566012,3413,3.8683414459228516,9.625911712646484,31.520843505859375,1,72.384478,72.384478,72.384478,1,128.050934,128.050934,128.050934,1,159.531373,159.531373,159.531373,454,0,0,0,0,0,0,0,1,0,0,2495
a31__adverse_stable,31,split_ae128_uint4_q3000,ADVERSE_STABLE,AE128,UINT4,0.3,3040,945,0,0,0,667849.0,0.9315083675052643,0.8672995562893406,0.8982579886715828,0.4853175538892535,0.8869382954296674,0.7495913697286695,0.5922004132231405,0.6616649834078777,0.8397981340431764,0.5057818274601422,0.6963600614449048,0.6697740454114363,0.6858549533448925,0.5036594401256035,0.5808080756347871,0.6359650518988739,0.31085526315789475,0.0,0.0,0.0,True,0,309.10834304,0.0,,0.0,0.0,0.0,0.0,3040,29.46996091201782,54.92998200038958,74.20771500129389,3040,28.816652228873252,48.2672422854743,90.03058602102185,3040,28.96286023203659,51.0327783553443,93.61452199705029,3040,0.1462080031633377,2.765536069869995,3.5839359760284424,3040,1.392592,4.033145,8.767521,0,,,,0,,,,137,21.248319625854492,24.753183364868164,25.83180809020996,137,46.8398970129109,81.12619470905908,111.52821377566012,3413,3.8683414459228516,9.625911712646484,31.520843505859375,0,,,,0,,,,0,,,,945,0,0,0,0,0,0,0,0,0,0,2095
a32__adverse_stable,32,split_ae128_uint4_q5000,ADVERSE_STABLE,AE128,UINT4,0.5,3034,2522,41,41,41,498344.0,0.9249094302338347,0.86936332679806,0.8962765957446808,0.4927696588002121,0.8527034558747428,0.7463556851311953,0.5950413223140496,0.6621641040379365,0.8313688417565486,0.5001923237225034,0.6764478897986231,0.6530817123761748,0.6833725512770112,0.5049112785015134,0.5742371656047806,0.623250767281755,0.8312458800263678,0.013513513513513514,0.013513513513513514,0.013513513513513514,True,2,309.427987712,0.9988835392830673,4391.423436499612,0.00026832826149287615,0.002512675749692205,0.006486595022775184,0.011172661111113603,3034,22.932712001205445,46.675258968803405,66.52194701081085,3034,27.0703213020401,45.91876132284784,75.23252725453186,3034,27.186257305665492,48.15424926077509,78.50455927700806,3034,0.11593600362539291,2.235487937927246,3.2720320224761963,3034,1.239776,3.37461,6.560091,4,62.200096,295.846367,295.846367,41,0.0,0.0,0.0,137,21.248319625854492,24.753183364868164,25.83180809020996,137,46.8398970129109,81.12619470905908,111.52821377566012,3413,3.8683414459228516,9.625911712646484,31.520843505859375,41,70.149781,75.867535,81.755015,41,160.958686,407.108461,409.484412,41,183.634371,421.346216,422.839949,2481,0,0,0,0,0,0,0,41,0,0,512
a33__adverse_stable,33,split_ae128_uint4_q7000,ADVERSE_STABLE,AE128,UINT4,0.7,2986,2986,2973,2813,2698,308873.0,0.902370990237099,0.8679186874419564,0.8848095939406689,0.5292754064286264,0.7701288840132688,0.6955608878224355,0.5989152892561983,0.6436303080766027,0.853308968786101,0.46964381607158956,0.6198863500424292,0.601403581594711,0.7100241728494132,0.49163231316345424,0.5437549392549864,0.5805740819329747,1.0,0.9956463496316142,0.9420629604822505,0.9035498995311454,True,42,308.91582208,0.9987934179884659,330.9774787094111,0.001395728143987205,0.022077809527780597,0.12986442398411968,0.3625389465839561,2986,29.532088001293182,58.9563469834404,87.89010199200439,2986,30.741890319405556,55.380276291337964,108.47046680258512,2986,31.14390633326626,58.444564192262646,112.28701085852384,2986,0.4020160138607025,3.0642879009246826,3.8165440559387207,2986,1.394378,4.325367,10.258749,1602,116.131566,188.24373,220.856696,2698,0.0,66.596751,100.945344,137,21.248319625854492,24.753183364868164,25.83180809020996,137,46.8398970129109,81.12619470905908,111.52821377566012,3413,3.8683414459228516,9.625911712646484,31.520843505859375,2698,76.112088,183.069626,241.060181,2698,228.921218,340.921195,385.628926,2698,264.023086,372.118256,417.43199,13,0,0,0,0,0,0,0,2813,160,0,0
a34__adverse_stable,34,split_ae128_uint4_q9000,ADVERSE_STABLE,AE128,UINT4,0.9,2986,2986,2985,2785,2724,107231.0,0.823503472605005,0.7708182850067072,0.7962903741605372,0.7340943112759528,0.44239841277840375,0.5623451692815855,0.5276342975206612,0.5444370419720187,0.8793883035041014,0.362565132930789,0.4024817728545964,0.40049748980158667,0.8100056315197868,0.444855561002993,0.4220942258619221,0.41217136282933925,1.0,0.9996651038178165,0.9326858673811118,0.9122572002679169,True,111,308.085287168,0.9985986639382601,275.05487612985735,0.030594041645553172,0.17412292138036228,0.4337419591709725,0.6766219296162868,2986,24.74795796965027,54.913726003592494,83.45598499463081,2986,29.318066573523044,57.69769910437155,108.47046680258512,2986,29.48974052203512,60.7725470410018,112.28701085852384,2986,0.17110399901866913,3.074847936630249,3.8165440559387207,2986,1.283572,4.565367,12.961077,1753,58.83937,85.083186,120.149532,2724,0.0,68.395713,96.673636,137,21.248319625854492,24.753183364868164,25.83180809020996,137,46.8398970129109,81.12619470905908,111.52821377566012,3413,3.8683414459228516,9.625911712646484,31.520843505859375,2724,73.60344,192.437983,263.910564,2724,164.403836,281.885808,356.668076,2724,198.432653,321.439684,388.123374,1,0,0,0,0,0,0,0,2785,200,0,0
a35__adverse_stable,35,split_ae128_uint4_q9800,ADVERSE_STABLE,AE128,UINT4,0.98,3031,3031,3031,2882,2841,23449.0,0.6213296820325575,0.4214219378805077,0.5022134776192818,1.04782318430425,0.15160955961665873,0.517097966728281,0.2889979338842975,0.3707753479125248,0.9594185032656966,0.1431260557407857,0.1473678076787222,0.14730674893069182,1.0045937711269386,0.36619336291028215,0.232255793835828,0.18500547872500223,1.0,1.0,0.9508413064995052,0.9373144176839326,True,196,309.225310208,0.9986543300070745,246.21295093399831,0.07312123127563777,0.2938752786661413,0.5794394712369326,0.7885699465059229,3031,24.311488996953486,52.48471099976659,79.93177894750977,3031,30.18262638321066,53.73294679624748,94.72909572380829,3031,30.49021037092352,56.781458778211594,98.35690381783294,3031,0.3075839877128601,3.0485119819641113,3.627808094024658,3031,1.258378,4.551938,13.063797,1781,37.271928,57.594516,83.560373,2841,0.0,62.22941,93.398685,137,21.248319625854492,24.753183364868164,25.83180809020996,137,46.8398970129109,81.12619470905908,111.52821377566012,3413,3.8683414459228516,9.625911712646484,31.520843505859375,2841,74.053694,182.772317,241.909951,2841,142.463928,253.296478,322.341535,2841,173.874104,291.740903,361.121235,0,0,0,0,0,0,0,0,2882,149,0,0
a36__adverse_stable,36,split_ae64_uint8_q0000,ADVERSE_STABLE,AE64,UINT8,0.0,3542,221,0,0,0,1220237.0,0.9303818483674599,0.8674027448147766,0.8977891701377764,0.49325590210623077,0.8961738189492368,0.7723322905804657,0.5738636363636364,0.658467921173507,0.842777578367873,0.5214509386599592,0.7088123788045979,0.6836012573814941,0.6904981649368258,0.5013262636826036,0.5854120465209051,0.644164035999644,0.06239412761151891,0.0,0.0,0.0,True,0,359.397398272,0.0,,0.0,0.0,0.0,0.0,3542,23.313894996953486,44.6619010250473,64.9496640433426,3542,28.14523541124201,48.29070353652954,94.72909572380829,3542,28.275315410808087,51.086756071696755,98.35690381783294,3542,0.13007999956607819,2.788032054901123,3.627808094024658,3542,1.355278,3.797806,6.452255,0,,,,0,,,,283,21.2508487701416,25.162912368774414,45.729183197021484,283,31.96965777488113,61.4932280378873,200.83095139299377,3413,3.8683414459228516,9.625911712646484,31.520843505859375,0,,,,0,,,,0,,,,221,0,0,0,0,0,0,0,0,0,0,3321
a37__adverse_stable,37,split_ae64_uint8_q3000,ADVERSE_STABLE,AE64,UINT8,0.3,2975,416,0,0,0,861952.0,0.9282719046568086,0.8680218759673924,0.8971364581666932,0.49778825107948294,0.8859348742520038,0.7459743674005915,0.5862603305785123,0.6565437454808387,0.8386676651110699,0.5114633038970723,0.698699089074538,0.6731442474110338,0.6896218512400923,0.5017657753009004,0.5811718723334247,0.6372317143670013,0.13983193277310924,0.0,0.0,0.0,True,0,300.706863872,0.0,,0.0,0.0,0.0,0.0,2975,21.456546996998785,43.132404057037355,62.25765900089455,2975,27.15068674308586,45.122587421659944,80.77209333540868,2975,27.267134743159293,47.170555332426545,84.11455730559301,2975,0.11644800007343292,2.0479679107666016,3.342463970184326,2975,1.294916,3.38664,8.157335,0,,,,0,,,,283,21.2508487701416,25.162912368774414,45.729183197021484,283,31.96965777488113,61.4932280378873,200.83095139299377,3413,3.8683414459228516,9.625911712646484,31.520843505859375,0,,,,0,,,,0,,,,416,0,0,0,0,0,0,0,0,0,0,2559
a38__adverse_stable,38,split_ae64_uint8_q5000,ADVERSE_STABLE,AE64,UINT8,0.5,3055,1139,0,0,0,619087.0,0.9135802469135802,0.8704984005778558,0.8915191545574637,0.4992602108715341,0.8517953237661653,0.7443070917371503,0.5909090909090909,0.6587964295997696,0.8350271105575521,0.5014169573053521,0.6766061405357586,0.6535324165561781,0.6879429603991827,0.5026088928184345,0.5731240740941325,0.6227192528105753,0.3728314238952537,0.0,0.0,0.0,True,0,308.029499136,0.0,,0.0,0.0,0.0,0.0,3055,20.950694997327805,40.05045800693131,52.68283502398682,3055,27.74418978509903,45.52203899056816,71.58902378955364,3055,27.86713378248215,47.67234306962395,74.82083173671245,3055,0.12294399738311768,2.150304079055786,3.2318079471588135,3055,1.330347,3.664725,7.882816,0,,,,0,,,,283,21.2508487701416,25.162912368774414,45.729183197021484,283,31.96965777488113,61.4932280378873,200.83095139299377,3413,3.8683414459228516,9.625911712646484,31.520843505859375,0,,,,0,,,,0,,,,1139,0,0,0,0,0,0,0,0,0,0,1916
a39__adverse_stable,39,split_ae64_uint8_q7000,ADVERSE_STABLE,AE64,UINT8,0.7,2938,2938,1532,1528,1481,373761.0,0.8942062818336163,0.869569703848932,0.8817159298979858,0.5352869410761808,0.766853997434211,0.6934416365824309,0.5952995867768595,0.640633685380767,0.8503608061813861,0.4646101624347283,0.6157320799344697,0.5968987856509925,0.7105088352639084,0.4913940951918243,0.5415833626470334,0.5774688306225385,1.0,0.5214431586113002,0.5200816882232812,0.5040844111640572,True,15,299.259117568,0.9986640793528734,375.3115475563969,0.002454943458265942,0.0293460547413546,0.10596150128256199,0.24232580036436766,2938,23.48538700067854,49.865554979942324,64.75463999401092,2938,29.40644607881689,52.77031637576723,94.72909572380829,2938,29.58865408043051,55.80526043323183,98.35690381783294,2938,0.18220800161361694,3.0349440574645996,3.627808094024658,2938,1.391252,4.024664,8.191446,512,133.250758,241.328411,284.168069,1481,0.0,12.775967,68.206042,283,21.2508487701416,25.162912368774414,45.729183197021484,283,31.96965777488113,61.4932280378873,200.83095139299377,3413,3.8683414459228516,9.625911712646484,31.520843505859375,1481,58.060953,113.678087,195.980241,1481,229.790026,336.865144,381.132311,1481,264.009717,366.735371,403.003017,1406,0,1,0,0,0,0,0,1528,3,0,0
a40__adverse_stable,40,split_ae64_uint8_q9000,ADVERSE_STABLE,AE64,UINT8,0.9,3026,2312,2310,2302,2275,126257.0,0.8172572178477691,0.7711278505830151,0.7935226971064507,0.7240046718022123,0.42860229528678495,0.5614471140568904,0.525051652892562,0.5426397971440011,0.882412433177278,0.3535907018170673,0.39109649855192613,0.3892939588419787,0.8071042271656348,0.44614814110666556,0.416752655758069,0.4037208248644068,0.7640449438202247,0.7633840052875083,0.7607402511566425,0.7518175809649703,True,26,308.578173184,0.9984494078564828,266.4995382900035,0.030630190704914326,0.1888589145780248,0.46112175350183826,0.6968107530560395,3026,22.05158099916625,49.68995600688362,74.09189399838758,3026,29.011141602803228,51.894116105439664,91.60393521203184,3026,29.167717595506666,54.91958803117514,95.20681521309996,3026,0.1565759927034378,3.0254719257354736,3.6028800010681152,3026,1.355507,4.009506,8.75251,1475,64.51033,89.973617,119.60618,2275,0.0,23.567041,68.359802,283,21.2508487701416,25.162912368774414,45.729183197021484,283,31.96965777488113,61.4932280378873,200.83095139299377,3413,3.8683414459228516,9.625911712646484,31.520843505859375,2275,58.949574,118.974395,187.359161,2275,151.580936,234.960037,292.198213,2275,181.77662,273.591858,331.990755,2,0,0,0,0,0,0,0,2302,8,0,714
a41__adverse_stable,41,split_ae64_uint8_q9800,ADVERSE_STABLE,AE64,UINT8,0.98,3553,3553,3553,3452,3403,26280.0,0.6292667993264962,0.4242080280672789,0.5067800788954636,1.0484705181836553,0.1457452781619431,0.4887317719840919,0.2856404958677686,0.36055419722901383,0.9662643151584506,0.1382328081380468,0.14198904314999494,0.14193934998155425,1.0082056224423994,0.3648731126398531,0.2275738395199395,0.17975814785262645,1.0,1.0,0.9715733183225443,0.9577821559245708,True,176,360.111755776,0.9986933637198651,218.99119428594838,0.12697596701742395,0.4300788144704103,0.7323105161694237,0.8908881248674341,3553,20.570692998196602,45.48621906938171,64.11296998812102,3553,29.363481846983433,51.57126906720877,94.72909572380829,3553,29.539897841746807,54.59312513677359,98.35690381783294,3553,0.17641599476337433,3.0218560695648193,3.627808094024658,3553,1.297382,4.14698,10.922128,2238,39.425108,60.717393,91.735556,3403,0.0,46.406918,76.24942,283,21.2508487701416,25.162912368774414,45.729183197021484,283,31.96965777488113,61.4932280378873,200.83095139299377,3413,3.8683414459228516,9.625911712646484,31.520843505859375,3403,58.398807,150.279795,216.956878,3403,122.813954,214.946287,278.847129,3403,152.481584,254.578597,315.393885,0,0,0,0,0,0,0,0,3452,101,0,0
a42__adverse_stable,42,split_ae64_uint6_q0000,ADVERSE_STABLE,AE64,UINT6,0.0,3002,353,0,0,0,963990.0,0.9292739529229749,0.8677123103910845,0.8974386339381003,0.4926401750737458,0.8961117336388841,0.7674740484429066,0.5728305785123967,0.6560189293108547,0.841280228897261,0.5210304439161021,0.7085710887774931,0.683301905731497,0.689364477482746,0.5018949332640195,0.5856157139082651,0.6441664101838812,0.11758827448367755,0.0,0.0,0.0,True,0,303.30075136,0.0,,0.0,0.0,0.0,0.0,3002,24.33540700260925,46.36908797615814,61.36034699646616,3002,28.99352868173504,45.785040302998546,80.77209333540868,3002,29.14892068777466,47.9874083240099,84.11455730559301,3002,0.15539200603961945,2.2023680210113525,3.342463970184326,3002,1.40988,3.935533,8.301328,0,,,,0,,,,283,21.2508487701416,25.162912368774414,45.729183197021484,283,31.96965777488113,61.4932280378873,200.83095139299377,3413,3.8683414459228516,9.625911712646484,31.520843505859375,0,,,,0,,,,0,,,,353,0,0,0,0,0,0,0,0,0,0,2649
a43__adverse_stable,43,split_ae64_uint6_q3000,ADVERSE_STABLE,AE64,UINT6,0.3,3073,933,0,0,0,681880.0,0.928082947275535,0.8682282530182643,0.8971583941994988,0.49711989155394737,0.8859167977097602,0.7404129793510325,0.5834194214876033,0.6526072511916798,0.8389798771118521,0.511150597419612,0.6985336975646861,0.6729315718655303,0.6895706710617944,0.5017914564199206,0.5810949264254085,0.6371141087686096,0.3036121054344289,0.0,0.0,0.0,True,0,309.89835776,0.0,,0.0,0.0,0.0,0.0,3073,24.120290000331877,44.735395983528136,59.71062593663025,3073,25.868772771592617,43.32090432976437,74.00051288536119,3073,25.97715676986742,45.24061627720547,77.24819283416795,3073,0.10838399827480316,1.919711947441101,3.2476799488067627,3073,1.255302,3.013208,6.371776,0,,,,0,,,,283,21.2508487701416,25.162912368774414,45.729183197021484,283,31.96965777488113,61.4932280378873,200.83095139299377,3413,3.8683414459228516,9.625911712646484,31.520843505859375,0,,,,0,,,,0,,,,933,0,0,0,0,0,0,0,0,0,0,2140
a44__adverse_stable,44,split_ae64_uint6_q5000,ADVERSE_STABLE,AE64,UINT6,0.5,2968,2097,1,1,1,491090.0,0.9147505422993493,0.8702920235269838,0.8919676378827136,0.4979807940588803,0.8517413722357858,0.7429037520391517,0.5880681818181818,0.6564797462880206,0.8257537273365861,0.5009929058177888,0.6763671390267874,0.653235321367145,0.6818555893522389,0.5056777909244787,0.5747404581746267,0.6234866152360587,0.7065363881401617,0.00033692722371967657,0.00033692722371967657,0.00033692722371967657,True,0,300.751483136,0.5037073097341828,75892.4606935,9.640986537342614e-06,0.00017589120575035966,0.00034214142496337673,0.0005083916441763937,2968,23.338028006408692,42.29925799555969,57.97509197018432,2968,29.707577367239953,47.51858492711592,86.22699280436993,2968,29.92248936455822,50.077048977408886,89.72286482509136,2968,0.21491199731826782,2.5584640502929688,3.4958720207214355,2968,1.47063,3.753293,7.07106,0,,,,1,0.0,0.0,0.0,283,21.2508487701416,25.162912368774414,45.729183197021484,283,31.96965777488113,61.4932280378873,200.83095139299377,3413,3.8683414459228516,9.625911712646484,31.520843505859375,1,56.975971,56.975971,56.975971,1,119.359315,119.359315,119.359315,1,147.100459,147.100459,147.100459,2096,0,0,0,0,0,0,0,1,0,0,871
a45__adverse_stable,45,split_ae64_uint6_q7000,ADVERSE_STABLE,AE64,UINT6,0.7,2909,2909,2909,2852,2732,296621.0,0.8928950159066809,0.8688473841708801,0.8807070759897494,0.5347017026062303,0.7667868916972334,0.6920759264838807,0.5932334710743802,0.6388541232095676,0.847376534496262,0.46421038438201273,0.615498638039623,0.5966158208879995,0.7085029647026526,0.49238075736883097,0.5419982931219064,0.5775804803110418,1.0,1.0,0.9804056376761774,0.939154348573393,True,43,299.618234112,0.9988468973825176,294.934377526391,0.004423226550039003,0.05408134375073745,0.2431207302482481,0.5622381023380217,2909,26.403342001550197,55.870436971702574,81.92670302899552,2909,30.21134471258497,56.501872355700016,104.01059769920444,2909,30.519984715789317,59.569104249239444,107.81037377647495,2909,0.3086400032043457,3.0672318935394287,3.799776077270508,2909,1.314148,4.087656,9.575917,1560,109.174934,175.451016,223.603596,2732,0.0,43.186799,79.963516,283,21.2508487701416,25.162912368774414,45.729183197021484,283,31.96965777488113,61.4932280378873,200.83095139299377,3413,3.8683414459228516,9.625911712646484,31.520843505859375,2732,59.500754,132.212631,197.506122,2732,199.92261,285.690129,335.000979,2732,234.245801,319.15114,364.850208,0,0,1,0,0,0,0,0,2852,56,0,0
a46__adverse_stable,46,split_ae64_uint6_q9000,ADVERSE_STABLE,AE64,UINT6,0.9,3023,3023,3023,2918,2875,100114.0,0.8177938279711097,0.7711278505830151,0.7937755589781719,0.7242460864456617,0.4285436573194651,0.5577557755775577,0.5237603305785123,0.5402237613212573,0.8758125880907484,0.35317983782873613,0.39086174757410064,0.3890411024488571,0.8036106280998503,0.4477095296803761,0.4173456708817198,0.40388668988135085,1.0,1.0,0.9652662917631492,0.9510420112471055,True,116,308.859981824,0.9987899852069118,243.5503721547051,0.05507042974797685,0.2836645952434361,0.5986035463453282,0.8164489195777231,3023,24.215795995834352,51.60514900688362,78.16243199931145,3023,29.40644607881689,54.16959957511043,97.625223809474,3023,29.58865408043051,57.22329549223995,101.35651987194348,3023,0.18220800161361694,3.0536959171295166,3.7312960624694824,3023,1.281653,3.835068,9.707261,1816,56.584944,82.794629,128.506222,2875,0.0,47.382939,85.638874,283,21.2508487701416,25.162912368774414,45.729183197021484,283,31.96965777488113,61.4932280378873,200.83095139299377,3413,3.8683414459228516,9.625911712646484,31.520843505859375,2875,58.732094,153.205808,215.95387,2875,143.700673,238.788724,305.332666,2875,173.71558,278.494908,341.066868,0,0,0,0,0,0,0,0,2918,105,0,0
a47__adverse_stable,47,split_ae64_uint6_q9800,ADVERSE_STABLE,AE64,UINT6,0.98,3588,3588,3588,3480,3435,20971.0,0.6281269066503966,0.4249303477453307,0.5069243552655875,1.0479992957100632,0.1456768733168753,0.48542402826855124,0.28383264462809915,0.35821382007822683,0.9558911775976032,0.1381498156480138,0.14191334448244453,0.1418634314857264,1.0030031074771706,0.36677631690039425,0.22810556087738446,0.17992004624041613,1.0,1.0,0.9698996655518395,0.9573578595317725,True,209,363.695269888,0.9988254133023738,222.50466377296488,0.11775920728963298,0.4134483114704962,0.7126175749297294,0.8762704778127642,3588,21.77266905912018,46.92646599974656,67.41819218817139,3588,30.534453356315137,57.16414608910608,97.625223809474,3588,30.888725364257336,60.236562156229496,101.35651987194348,3588,0.3542720079421997,3.072416067123413,3.7312960624694824,3588,1.37787,4.249424,10.251915,2264,37.053049,61.422292,91.363979,3435,0.0,47.885785,84.542694,283,21.2508487701416,25.162912368774414,45.729183197021484,283,31.96965777488113,61.4932280378873,200.83095139299377,3413,3.8683414459228516,9.625911712646484,31.520843505859375,3435,58.318563,153.854828,213.848957,3435,121.721331,219.39469,276.130429,3435,153.737147,259.597958,315.028673,0,0,0,0,0,0,0,0,3480,108,0,0
a48__adverse_stable,48,split_ae64_uint4_q0000,ADVERSE_STABLE,AE64,UINT4,0.0,3579,3082,83,83,83,475716.0,0.9288480690494633,0.8661644825095449,0.8964117898334045,0.49199761738791004,0.8949931705278766,0.7771528998242531,0.5710227272727273,0.6583296114336757,0.8330358251248009,0.520162500852295,0.7075778356900858,0.6823062991263563,0.6841090342396956,0.5045395568473644,0.5867286577246564,0.6443261548083871,0.8611343950824253,0.023190835428890753,0.023190835428890753,0.023190835428890753,True,1,360.863125504,0.9990090670319929,3621.773586256845,0.00020657034407682565,0.001602597910751592,0.005895863632585027,0.013304559639598814,3579,21.97650100140691,41.963015998330114,58.29487100147724,3579,27.636518775635242,44.996255371100425,84.24686238160372,3579,27.75792677622366,47.04140732002926,87.69953438630343,3579,0.12140800058841705,2.045151948928833,3.452672004699707,3579,1.299634,3.546061,7.435701,31,112.232254,218.421381,219.130896,83,0.0,0.0,0.0,283,21.2508487701416,25.162912368774414,45.729183197021484,283,31.96965777488113,61.4932280378873,200.83095139299377,3413,3.8683414459228516,9.625911712646484,31.520843505859375,83,56.354652,86.808801,102.691714,83,209.299972,305.593039,350.13305,83,243.34213,323.087908,365.657162,2999,0,0,0,0,0,0,0,83,0,0,497
a49__adverse_stable,49,split_ae64_uint4_q3000,ADVERSE_STABLE,AE64,UINT4,0.3,2891,2890,2448,2412,2235,355894.0,0.9269557541652874,0.8668868021875967,0.8959155380185561,0.4960877151271436,0.8850033039022546,0.7459423650215303,0.5816115702479339,0.6536061529531273,0.837100303665708,0.51090932793165,0.6979563159169523,0.6724257901166423,0.6880552083580541,0.502552479162323,0.5813168222886745,0.6369723288064819,0.9996540989277066,0.8467658249740574,0.8343133863714978,0.7730888965755793,True,29,300.5602368,0.9988165800946028,338.46018428182447,0.002317193273518209,0.031159117598885257,0.12813666358543407,0.3272543096658886,2891,27.38213609402466,56.39646800082207,87.90822600334405,2891,29.410632994497774,55.090583023777484,109.12652144939231,2891,29.59316099854803,58.152254561591626,112.98399339229393,2891,0.18252800405025482,3.061216115951538,3.8574719429016113,2891,1.339319,4.39835,9.920975,980,131.559978,231.63823,274.769854,2235,0.0,40.362426,71.880438,283,21.2508487701416,25.162912368774414,45.729183197021484,283,31.96965777488113,61.4932280378873,200.83095139299377,3413,3.8683414459228516,9.625911712646484,31.520843505859375,2235,59.905905,127.474259,170.311042,2235,230.347445,329.052512,366.802266,2235,264.080351,360.456201,394.437293,442,0,0,0,0,0,0,0,2412,36,0,1
a50__adverse_stable,50,split_ae64_uint4_q5000,ADVERSE_STABLE,AE64,UINT4,0.5,3013,3013,3012,2945,2858,263066.0,0.9124878154446009,0.86936332679806,0.8904037201437328,0.49775498958523795,0.8504232546512555,0.7398241615109085,0.5867768595041323,0.6544721302030823,0.8314416137538324,0.499804691207308,0.6751139729292818,0.651955161177887,0.6852208354751691,0.503978920860358,0.5732117048523803,0.6220797628861249,1.0,0.9996681048788583,0.9774311317623631,0.9485562562230335,True,61,311.685781504,0.9985041380336626,287.6722039200597,0.007645309569469144,0.08063876085947617,0.301704487542667,0.6072468628138914,3013,27.740761998824595,57.86284598577118,85.27956696984863,3013,30.26517840788984,64.78062821358728,109.12652144939231,3013,30.575738395911692,67.90706015557336,112.98399339229393,3013,0.3105599880218506,3.126431941986084,3.8574719429016113,3013,1.373034,4.710611,10.922605,1730,94.995351,139.747963,169.748167,2858,0.0,44.906375,77.035846,283,21.2508487701416,25.162912368774414,45.729183197021484,283,31.96965777488113,61.4932280378873,200.83095139299377,3413,3.8683414459228516,9.625911712646484,31.520843505859375,2858,60.311885,139.070978,179.941742,2858,188.822674,273.429412,321.372485,2858,224.335272,315.417121,355.703455,1,0,0,0,0,0,0,0,2945,67,0,0
a51__adverse_stable,51,split_ae64_uint4_q7000,ADVERSE_STABLE,AE64,UINT4,0.7,3029,3029,3028,2929,2864,162096.0,0.8918088375543075,0.8684346300691363,0.8799665411961523,0.5336360440784779,0.7657529696808371,0.6914925825007568,0.5898760330578512,0.6366550522648082,0.845588723892877,0.46316697241348775,0.6144599710471624,0.5955430165686695,0.7070317240104971,0.49310570112772045,0.5419092698384217,0.5770455391518987,1.0,0.9996698580389568,0.9669858038956751,0.945526576427864,True,88,310.240514048,0.9986822363150909,265.0348294871941,0.020627359636239795,0.17076138827504475,0.4640639922151655,0.7377581060402305,3029,27.013352000665904,56.1182741171875,76.32376406246948,3029,29.5294626559186,57.234658672925946,107.33055801026487,3029,29.72952665938616,60.307778790113446,111.1385580980029,3029,0.20006400346755981,3.0731201171875,3.808000087738037,3029,1.278861,4.203811,11.542555,1798,74.098712,102.440092,142.141042,2864,0.0,52.073414,84.778396,283,21.2508487701416,25.162912368774414,45.729183197021484,283,31.96965777488113,61.4932280378873,200.83095139299377,3413,3.8683414459228516,9.625911712646484,31.520843505859375,2864,58.857317,151.777708,222.230536,2864,163.358852,259.283073,335.559604,2864,195.777985,298.463619,363.432091,1,0,3,0,0,0,0,0,2929,96,0,0
a52__adverse_stable,52,split_ae64_uint4_q9000,ADVERSE_STABLE,AE64,UINT4,0.9,3019,3019,3018,2948,2924,55864.0,0.8118262005880431,0.7692704571251677,0.789975627847833,0.724689993809808,0.4275062747626521,0.5519392459994575,0.5255681818181818,0.5384310093927768,0.8857474053781771,0.351707864201313,0.38960706948198254,0.38775935685606877,0.8092354580906079,0.4451983089066219,0.41548743655499515,0.40233921330485894,1.0,0.9996687644915535,0.9764822789002982,0.968532626697582,True,91,307.893292288,0.9989316625589482,233.65434228420966,0.07125581073873583,0.3252437381335668,0.6534688799059675,0.8640122882188822,3019,25.17724100059557,50.59896697994232,74.33142500300598,3019,30.06658657123232,50.3335027906146,96.7571049747653,3019,30.33660258580828,53.34035088746214,100.40923295595121,3019,0.27001601457595825,3.006848096847534,3.652127981185913,3019,1.356439,4.349975,10.344176,1914,48.998312,70.0889,98.73415,2924,0.0,47.334464,80.989133,283,21.2508487701416,25.162912368774414,45.729183197021484,283,31.96965777488113,61.4932280378873,200.83095139299377,3413,3.8683414459228516,9.625911712646484,31.520843505859375,2924,58.749075,147.180935,210.140017,2924,138.21064,221.240117,278.038056,2924,168.747172,260.005456,316.677979,1,0,0,0,0,0,0,0,2948,70,0,0
a53__adverse_stable,53,split_ae64_uint4_q9800,ADVERSE_STABLE,AE64,UINT4,0.98,3525,3525,3525,3424,3377,12275.0,0.6176782200696231,0.4211123723041998,0.500797643882685,1.0437350226334656,0.14489273029147884,0.48222904782799475,0.28383264462809915,0.35734026987481704,0.9527248122557322,0.1375679844806368,0.14123035738605783,0.1411828632380547,0.9992665723818148,0.3681493530820857,0.22798328835106843,0.17943846101622157,1.0,1.0,0.9713475177304964,0.9580141843971631,True,224,359.30984704,0.9989731187023134,218.91919999567332,0.13275989262740578,0.4338629732450541,0.7371134741807269,0.8919486889885376,3525,20.99442899933958,45.031083002433775,67.47268196902466,3525,30.45451140744877,50.64725205455255,104.01059769920444,3525,30.79326340897274,53.656435938219545,107.81037377647495,3525,0.33875200152397156,3.009183883666992,3.799776077270508,3525,1.343736,3.932688,10.271067,2065,35.974369,59.82293,85.641087,3377,0.0,43.497348,75.359808,283,21.2508487701416,25.162912368774414,45.729183197021484,283,31.96965777488113,61.4932280378873,200.83095139299377,3413,3.8683414459228516,9.625911712646484,31.520843505859375,3377,58.581418,145.176754,204.159486,3377,121.360389,211.091898,263.055744,3377,152.38485,251.884338,319.868446,0,0,0,0,0,0,0,0,3424,101,0,0
a54__adverse_stable,54,split_ae32_uint8_q0000,ADVERSE_STABLE,AE32,UINT8,0.0,3067,1266,0,0,0,604060.0,0.9307161921708185,0.8635847693736457,0.8958946635979232,0.5109516236161324,0.8893488395128105,0.7284117846258042,0.5555268595041323,0.6303296703296704,0.8499923961789104,0.4802848077132848,0.6848168236130476,0.6535600480257673,0.7012697894669098,0.495955145172292,0.5693298415658796,0.6244090435678085,0.4127812194326704,0.0,0.0,0.0,True,0,309.20845824,0.0,,0.0,0.0,0.0,0.0,3067,19.20351099253845,38.452014054885865,55.742361952766416,3067,27.335682307257176,46.23022528419972,89.87091124969434,3067,27.453698304368974,48.53566523323536,93.42982328849745,3067,0.11801599711179733,2.3054399490356445,3.5589120388031006,3067,1.289828,3.926643,7.647412,0,,,,0,,,,297,20.86115264892578,24.514368057250977,36.6319694519043,297,26.491951585558283,42.54674534519594,113.20035942398339,3413,3.8683414459228516,9.625911712646484,31.520843505859375,0,,,,0,,,,0,,,,1266,0,0,0,0,0,0,0,0,0,0,1801
a55__adverse_stable,55,split_ae32_uint8_q3000,ADVERSE_STABLE,AE32,UINT8,0.3,3025,3025,455,455,451,427605.0,0.9264054891544932,0.8637911464245176,0.8940033107278261,0.5124666913503791,0.8771353300339604,0.699047619047619,0.568698347107438,0.6271717459413273,0.8505507853389016,0.461722327210798,0.6694288286223792,0.6363905765032128,0.7021605045088434,0.4955135871447445,0.5615515803452243,0.6131221873668815,1.0,0.15041322314049588,0.15041322314049588,0.14909090909090908,True,3,307.332850944,0.9989186876314092,713.9812962063658,0.0005300243416857555,0.012235000038069994,0.041024133171163504,0.0837345048729891,3025,20.573317001442195,42.53103198857498,63.12936994815826,3025,29.40202334388256,50.559067019979,95.68319638038827,3025,29.583687348804474,53.56719494775915,99.3345883634205,3025,0.18166400492191315,3.0081279277801514,3.6513919830322266,3025,1.450985,4.194229,8.779037,167,126.816205,244.414256,295.28861,451,0.0,0.0,0.0,297,20.86115264892578,24.514368057250977,36.6319694519043,297,26.491951585558283,42.54674534519594,113.20035942398339,3413,3.8683414459228516,9.625911712646484,31.520843505859375,451,50.147882,86.967047,122.113016,451,213.565841,329.46447,371.949228,451,249.312497,356.245094,390.2,2570,0,0,0,0,0,0,0,455,0,0,0
a56__adverse_stable,56,split_ae32_uint8_q5000,ADVERSE_STABLE,AE32,UINT8,0.5,3006,3006,2996,2950,2820,308061.0,0.9142732811140122,0.8671963677639046,0.8901127998729016,0.5176745708584554,0.8446280605381054,0.6803053435114503,0.5754132231404959,0.6234783825381279,0.8539264007105956,0.45166487647690656,0.648146468507506,0.6176478192561458,0.7061080863239134,0.4935613625373824,0.5521296036623161,0.5982147212934326,1.0,0.9966733200266135,0.9813705921490352,0.93812375249501,True,38,309.128996096,0.9987131250997999,293.0141672520129,0.00408623514439817,0.05636000283709859,0.2527553787440098,0.5771710181486552,3006,26.293772957473756,53.835171972515106,79.5201650046997,3006,31.546854903589725,59.767973419384475,108.47046680258512,3006,32.228326907049656,62.85501336689424,112.28701085852384,3006,0.6814720034599304,3.0870399475097656,3.8165440559387207,3006,1.426802,4.733223,12.812914,1644,112.980488,177.797164,230.237019,2820,0.0,33.585312,65.803476,297,20.86115264892578,24.514368057250977,36.6319694519043,297,26.491951585558283,42.54674534519594,113.20035942398339,3413,3.8683414459228516,9.625911712646484,31.520843505859375,2820,52.508329,114.534921,160.109893,2820,198.053914,278.91576,325.151854,2820,231.386869,313.747829,359.839134,10,0,0,0,0,0,0,0,2950,45,1,0
a57__adverse_stable,57,split_ae32_uint8_q7000,ADVERSE_STABLE,AE32,UINT8,0.7,3488,3488,3486,3430,3357,186768.0,0.8859528591058028,0.8649262202043133,0.8753132832080202,0.5511526150644374,0.7633998233285261,0.6268156424581005,0.5795454545454546,0.6022544283413848,0.8700961803647626,0.4283756085652829,0.5958877159469045,0.571858255074618,0.7282982109609075,0.48272979574832053,0.5254074786954991,0.55953897310311,1.0,0.9994266055045872,0.9833715596330275,0.9624426605504587,True,75,359.398934528,0.998872073692894,258.0445965457668,0.02086547433104804,0.17536507908342108,0.48899710626245074,0.7715457597980072,3488,26.842878999623775,55.09940200553894,81.73186394290161,3488,31.24398303204632,60.80052378748083,119.16002544488907,3488,31.845423044501306,63.895563870412346,123.12517747011185,3488,0.6014400124549866,3.0950400829315186,3.9651520252227783,3488,1.38408,4.529635,9.536545,2196,76.368057,107.445925,150.765835,3357,0.0,33.558844,65.404416,297,20.86115264892578,24.514368057250977,36.6319694519043,297,26.491951585558283,42.54674534519594,113.20035942398339,3413,3.8683414459228516,9.625911712646484,31.520843505859375,3357,52.361337,119.17567,168.312418,3357,158.678934,238.535064,277.66024,3357,194.373456,278.883532,327.920369,2,0,0,0,0,0,0,0,3430,55,1,0
a58__adverse_stable,58,split_ae32_uint8_q9000,ADVERSE_STABLE,AE32,UINT8,0.9,2931,2931,2931,2881,2845,63443.0,0.8123362445414847,0.7678258177690641,0.7894541403639065,0.7412648735152856,0.4453784674559099,0.5428416485900217,0.5170454545454546,0.5296296296296296,0.8916575563097631,0.32537014456001256,0.38537430600796124,0.38067421286455205,0.819916706267146,0.44046834123043604,0.40948130493302276,0.3972449794670765,1.0,1.0,0.9829409757761856,0.9706584783350393,True,103,299.045059584,0.9987469307417375,228.30464454851918,0.0791914136951255,0.3601980566869835,0.688614397457238,0.8740385180500893,2931,24.942919993024827,49.487450971035,70.92179701935196,2931,30.435456241536617,50.64725205455255,96.7571049747653,2931,30.767584229875087,53.656435938219545,100.40923295595121,2931,0.33212798833847046,3.009183883666992,3.652127981185913,2931,1.378757,4.019168,8.710009,1831,48.317288,71.599614,100.049369,2845,0.0,37.174868,70.722763,297,20.86115264892578,24.514368057250977,36.6319694519043,297,26.491951585558283,42.54674534519594,113.20035942398339,3413,3.8683414459228516,9.625911712646484,31.520843505859375,2845,51.992984,135.6345,193.498498,2845,131.02608,220.863292,272.165705,2845,162.088547,254.601305,312.737389,0,0,0,0,0,0,0,0,2881,50,0,0
a59__adverse_stable,59,split_ae32_uint8_q9800,ADVERSE_STABLE,AE32,UINT8,0.98,3029,3029,3028,2961,2907,13438.0,0.6092430278884462,0.3944897327417191,0.47889264687460853,1.0456997067641771,0.14245058249990283,0.4537286612758311,0.26084710743801653,0.33125614955723187,0.9347859903595365,0.11958228079834178,0.1310164316491223,0.1305165336514525,0.9917945161421153,0.3709104885862656,0.22002261534952725,0.16978391544902735,1.0,0.9996698580389568,0.977550346649059,0.9597226807527237,True,201,307.82596736,0.9986675143636589,209.34740100885972,0.16377187631166323,0.5023444897329146,0.7829729758929977,0.911546570545958,3029,20.594194998975755,44.57591498358154,70.97895502874756,3029,30.09241508439064,52.77031637576723,96.7571049747653,3029,30.36463909342766,55.80526043323183,100.40923295595121,3029,0.2722240090370178,3.0349440574645996,3.652127981185913,3029,1.362279,4.265555,11.704646,1893,34.592127,58.864211,90.478373,2907,0.0,35.087911,72.607649,297,20.86115264892578,24.514368057250977,36.6319694519043,297,26.491951585558283,42.54674534519594,113.20035942398339,3413,3.8683414459228516,9.625911712646484,31.520843505859375,2907,51.75202,130.27804,193.66058,2907,110.867618,198.180663,260.389832,2907,141.59423,242.627899,301.201084,1,0,1,0,0,0,0,0,2961,66,0,0
a60__adverse_stable,60,split_ae32_uint6_q0000,ADVERSE_STABLE,AE32,UINT6,0.0,3091,2826,150,150,149,470597.0,0.9307007786429365,0.8633783923227737,0.8957764573630962,0.5103642483676388,0.8893305723161601,0.7274270196877122,0.5534607438016529,0.6286300968025815,0.8524053580635189,0.47992938214197856,0.6846299772290694,0.653311466370878,0.7025192383370227,0.49533586153871273,0.5688660633646013,0.6240695153648329,0.9142672274344872,0.04852798447104497,0.04852798447104497,0.04820446457457134,True,2,312.584022784,0.998965005606753,1886.4090131296784,0.000541726936302861,0.0037630705418773857,0.010223458152268605,0.021634818900110965,3091,19.074715052360535,37.86557700182438,54.7111140388031,3091,27.860349379178523,50.64725205455255,91.60393521203184,3091,27.98482938080692,53.656435938219545,95.20681521309996,3091,0.1244800016283989,3.009183883666992,3.6028800010681152,3091,1.381874,3.949787,8.181367,57,166.733853,274.486268,309.809831,149,0.0,0.0,0.0,297,20.86115264892578,24.514368057250977,36.6319694519043,297,26.491951585558283,42.54674534519594,113.20035942398339,3413,3.8683414459228516,9.625911712646484,31.520843505859375,149,49.3057,63.463879,78.177817,149,232.771279,339.192751,387.172267,149,272.358641,380.504333,412.854846,2676,0,0,0,0,0,0,0,150,0,0,265
a61__adverse_stable,61,split_ae32_uint6_q3000,ADVERSE_STABLE,AE32,UINT6,0.3,3497,3497,3469,3406,3177,338915.0,0.9255742049469965,0.8649262202043133,0.8942230756921107,0.5135488366357682,0.8771038708578868,0.6976522842639594,0.5679235537190083,0.6261389521640092,0.8579737126382807,0.4614886266148508,0.6692962487363687,0.6362180921356887,0.7070542055557926,0.4930946154741768,0.5601033078811103,0.6122704001253519,1.0,0.9919931369745496,0.9739776951672863,0.9084929939948527,True,38,359.52129024,0.9988825269826669,312.39497225973616,0.005485369688909136,0.045120987909147085,0.17639036882257045,0.43109943503355846,3497,27.930304998950245,55.95110099930191,77.67031502072143,3497,31.050006525215625,54.83813334831524,96.7571049747653,3497,31.55871053188753,57.89486934074688,100.40923295595121,3497,0.5087040066719055,3.0567359924316406,3.652127981185913,3497,1.408049,4.396974,9.331742,1807,130.372489,220.70354,252.552127,3177,0.0,36.364196,65.376244,297,20.86115264892578,24.514368057250977,36.6319694519043,297,26.491951585558283,42.54674534519594,113.20035942398339,3413,3.8683414459228516,9.625911712646484,31.520843505859375,3177,52.271402,120.167091,164.428315,3177,217.575227,308.89781,344.477299,3177,253.981342,341.803748,379.437129,28,0,1,0,0,0,0,0,3406,62,0,0
a62__adverse_stable,62,split_ae32_uint6_q5000,ADVERSE_STABLE,AE32,UINT6,0.5,3015,3015,3014,2964,2888,244473.0,0.9137762313797978,0.8671963677639046,0.8898771706903854,0.5178698994474705,0.8445999532786186,0.6781996325780771,0.5720557851239669,0.6206220229756234,0.8481854366754604,0.45136761879280923,0.6479837860357139,0.6174342635000815,0.7027118071236866,0.49524048449648045,0.5529723716430215,0.5985959663666244,1.0,0.9996683250414594,0.9830845771144279,0.9578772802653399,True,45,310.444434176,0.9993756855086984,274.24906584131276,0.00894998158164692,0.10941560695123577,0.3878946913499198,0.7018214694243139,3015,27.42915098945999,57.929168029190066,80.58807691986084,3015,31.89752495050621,56.501872355700016,96.7571049747653,3015,32.63102894783211,59.569104249239444,100.40923295595121,3015,0.7335039973258972,3.0672318935394287,3.652127981185913,3015,1.520202,4.760712,11.284519,1785,88.811019,129.460867,166.526235,2888,0.0,38.834483,69.57456,297,20.86115264892578,24.514368057250977,36.6319694519043,297,26.491951585558283,42.54674534519594,113.20035942398339,3413,3.8683414459228516,9.625911712646484,31.520843505859375,2888,52.254219,130.101965,182.763507,2888,174.466496,255.57465,320.411647,2888,209.278142,297.362821,346.873414,1,0,0,0,0,0,0,0,2964,50,0,0
a63__adverse_stable,63,split_ae32_uint6_q7000,ADVERSE_STABLE,AE32,UINT6,0.7,3550,3550,3549,3473,3413,148454.0,0.8859500634786288,0.8641007120008255,0.8748889933657211,0.5495247247418024,0.7633645260465225,0.6273083379966424,0.5790289256198347,0.6022025248455547,0.8757829986688663,0.4282670179737809,0.5958157720101517,0.5717725502303453,0.7310859333416234,0.4813859530932917,0.5246363255105548,0.5590944439972915,1.0,0.9997183098591549,0.9783098591549296,0.9614084507042253,True,81,361.69492864,0.9989138157881361,244.04694453335995,0.03795182795516234,0.2500191056618515,0.5882557476214217,0.8335001997942306,3550,24.68165597054291,51.91446802586365,74.53841300316047,3550,30.436773486036778,53.73294679624748,96.7571049747653,3550,30.769445485968113,56.781458778211594,100.40923295595121,3550,0.33267199993133545,3.0485119819641113,3.652127981185913,3550,1.383635,4.609781,11.141588,2132,64.650978,95.541538,135.90112,3413,0.0,34.855401,68.528055,297,20.86115264892578,24.514368057250977,36.6319694519043,297,26.491951585558283,42.54674534519594,113.20035942398339,3413,3.8683414459228516,9.625911712646484,31.520843505859375,3413,52.10264,127.702434,184.457626,3413,146.744814,231.860327,276.33538,3413,179.552601,270.898532,321.93324,1,0,0,0,0,0,0,0,3473,76,0,0
a64__adverse_stable,64,split_ae32_uint6_q9000,ADVERSE_STABLE,AE32,UINT6,0.9,2915,2915,2914,2873,2831,50400.0,0.8140780413159908,0.7685481374471159,0.7906581740976646,0.7395662228951467,0.44528070648270307,0.5384823116392115,0.5149793388429752,0.5264686468646864,0.8841286462672119,0.32526248402596636,0.38527159525433474,0.3805694531611822,0.8150587896580487,0.44261330551157196,0.4104206423176132,0.3976473507908931,1.0,0.9996569468267581,0.9855917667238422,0.9711835334476844,True,123,300.040436992,0.9985248605806697,225.5783986846357,0.10187833840148362,0.39464509376833484,0.7135208777065878,0.8885629488338217,2915,24.57827799876976,52.18745399563503,71.11116899349976,2915,30.39373964972353,56.501872355700016,97.625223809474,2915,30.71898765272951,59.569104249239444,101.35651987194348,2915,0.32524800300598145,3.0672318935394287,3.7312960624694824,2915,1.387424,4.272379,9.517336,1843,42.839523,65.53851,99.213388,2831,0.0,35.024772,69.264708,297,20.86115264892578,24.514368057250977,36.6319694519043,297,26.491951585558283,42.54674534519594,113.20035942398339,3413,3.8683414459228516,9.625911712646484,31.520843505859375,2831,52.059959,124.690486,180.361022,2831,124.931094,207.065785,252.125099,2831,156.801954,248.046446,299.369187,1,0,0,0,0,0,0,0,2873,41,0,0
a65__adverse_stable,65,split_ae32_uint6_q9800,ADVERSE_STABLE,AE32,UINT6,0.98,2990,2990,2990,2911,2871,10749.0,0.6065573770491803,0.39325147043648745,0.47715036935019406,1.0441383865010903,0.14241345160534002,0.45267857142857143,0.2618801652892562,0.33180628272251306,0.9327381208859074,0.11962766617375355,0.13102055888954678,0.1305242845117169,0.9900064071304977,0.37157431028932325,0.22022595440467185,0.16986502767810668,1.0,1.0,0.9735785953177257,0.960200668896321,True,161,303.410332416,0.9987997203651565,210.58885517470844,0.16922203194650481,0.5004667944458985,0.7778553317011373,0.9041554807496514,2990,20.87598403868866,43.76241591798401,65.53458296204376,2990,29.848181831415175,53.18314183997965,94.72909572380829,2990,30.088287657242773,56.22669376182413,98.35690381783294,2990,0.24143999814987183,3.0435519218444824,3.627808094024658,2990,1.346538,4.237771,10.800677,1938,34.800321,58.006833,84.653026,2871,0.0,40.829626,75.874448,297,20.86115264892578,24.514368057250977,36.6319694519043,297,26.491951585558283,42.54674534519594,113.20035942398339,3413,3.8683414459228516,9.625911712646484,31.520843505859375,2871,51.803764,136.019993,216.233272,2871,112.153579,200.008596,282.037323,2871,142.034994,244.452206,321.274508,0,0,0,0,0,0,0,0,2911,79,0,0
a66__adverse_stable,66,split_ae32_uint4_q0000,ADVERSE_STABLE,AE32,UINT4,0.0,2936,2891,2891,2825,2739,236514.0,0.9270671691420971,0.8630688267464658,0.8939240100464917,0.5098511586068384,0.8879650634702024,0.7283316204179514,0.5490702479338843,0.6261228096009425,0.8478575758398288,0.4762548861569853,0.6821099748135939,0.6503058512841334,0.6995751113503562,0.4967963420812825,0.5683920901560928,0.6226603522793293,0.9846730245231607,0.9846730245231607,0.9621934604904632,0.9329019073569482,True,41,301.348324608,0.9986864427950116,271.8278957640562,0.016522377655415116,0.14144509579220815,0.41629437572678524,0.7004458607877604,2936,23.998546006567,49.82825899725246,68.55616800366306,2936,31.685839785885335,60.64151500346232,104.01059769920444,2936,32.39009578401995,63.73562692286539,107.81037377647495,2936,0.704255998134613,3.094111919403076,3.799776077270508,2936,1.442249,4.55071,10.754598,1794,85.892582,128.23947,159.453469,2739,0.0,43.923929,80.685279,297,20.86115264892578,24.514368057250977,36.6319694519043,297,26.491951585558283,42.54674534519594,113.20035942398339,3413,3.8683414459228516,9.625911712646484,31.520843505859375,2739,52.105329,142.815706,197.36439,2739,167.790358,262.215918,316.855763,2739,204.961592,302.861874,356.856893,0,0,0,0,0,0,0,0,2825,66,0,45
a67__adverse_stable,67,split_ae32_uint4_q3000,ADVERSE_STABLE,AE32,UINT4,0.3,2928,2928,2927,2876,2795,175076.0,0.9223824727512936,0.8645134661025694,0.892510919356557,0.5115185125472255,0.8762725927455164,0.699614890885751,0.5630165289256198,0.6239267315397825,0.8484765885502021,0.4577703472342974,0.6670214699899069,0.6333495157123065,0.7005582452574215,0.49630816476363393,0.560657235570104,0.611531203971186,1.0,0.9996584699453552,0.98224043715847,0.9545765027322405,True,64,299.557091328,0.9986694152248808,250.4238273804912,0.029717135897319752,0.21558808291834797,0.5396280716052286,0.8020576515810974,2928,25.967348999447584,54.52239802026367,76.49775499588776,2928,28.931463258640765,55.70961465474558,95.68319638038827,2928,29.08055125393152,58.77511872884226,99.3345883634205,2928,0.14908799529075623,3.0655040740966797,3.6513919830322266,2928,1.249821,4.370513,10.280955,1784,71.907638,102.528463,143.904005,2795,0.0,39.472187,74.410277,297,20.86115264892578,24.514368057250977,36.6319694519043,297,26.491951585558283,42.54674534519594,113.20035942398339,3413,3.8683414459228516,9.625911712646484,31.520843505859375,2795,51.786235,129.962454,180.743113,2795,155.26876,237.627415,285.443517,2795,185.708482,278.651454,329.917719,1,0,0,0,0,0,0,0,2876,51,0,0
a68__adverse_stable,68,split_ae32_uint4_q5000,ADVERSE_STABLE,AE32,UINT4,0.5,3009,3009,3008,2948,2883,130126.0,0.912656165127648,0.8668868021875967,0.8891828958509738,0.5188515258839395,0.8434524026717173,0.6776987318280235,0.5658574380165289,0.6167487684729064,0.8431747682546517,0.4496779069951219,0.6465651548334196,0.6158586778502229,0.7000537821244086,0.49655859709699934,0.5530008328052676,0.5979557417449454,1.0,0.9996676636756398,0.9797274842140246,0.9581256231306082,True,80,308.08698752,0.9986792453544517,242.68664719384475,0.04259449526782792,0.26256872024739,0.604433922295765,0.8378217567505787,3009,25.21800500522995,51.14569908979797,73.42142599802112,3009,31.363572579643247,56.501872355700016,108.47046680258512,3009,32.00558857323837,59.569104249239444,112.28701085852384,3009,0.6420159935951233,3.0672318935394287,3.8165440559387207,3009,1.42797,4.404049,10.454437,1830,61.627547,91.964466,119.415994,2883,0.0,36.123539,75.205022,297,20.86115264892578,24.514368057250977,36.6319694519043,297,26.491951585558283,42.54674534519594,113.20035942398339,3413,3.8683414459228516,9.625911712646484,31.520843505859375,2883,51.788037,131.342529,207.560239,2883,143.016671,228.670383,300.573805,2883,176.862616,269.177296,342.660868,1,0,0,0,0,0,0,0,2948,60,0,0
a69__adverse_stable,69,split_ae32_uint4_q7000,ADVERSE_STABLE,AE32,UINT4,0.7,3498,3496,3496,3425,3367,81239.0,0.8854056343994916,0.8626560726447219,0.8738828202581926,0.5525420761902691,0.7618861081012949,0.6275337837837838,0.5756714876033058,0.6004849137931035,0.8690429215087884,0.42441714324506313,0.593151625673179,0.5686453424397767,0.728195834025842,0.48277921867511475,0.5239562521111075,0.5574813922646472,0.9994282447112636,0.9994282447112636,0.9791309319611207,0.9625500285877644,True,103,359.510988032,0.99885618012609,234.58695243788202,0.07200011604845857,0.32912907823409243,0.6494142805427097,0.8472443285624643,3498,25.025063001442195,53.023029890579224,74.65917397602844,3498,30.181216275041102,54.338801844783305,96.7571049747653,3498,30.487424289529322,57.393873913951396,100.40923295595121,3498,0.3062080144882202,3.055072069168091,3.652127981185913,3498,1.349144,4.678422,11.472017,2264,54.752822,79.255122,112.274139,3367,0.0,40.166927,73.653426,297,20.86115264892578,24.514368057250977,36.6319694519043,297,26.491951585558283,42.54674534519594,113.20035942398339,3413,3.8683414459228516,9.625911712646484,31.520843505859375,3367,51.91288,137.352999,198.925625,3367,134.760255,226.310162,286.871764,3367,166.696151,267.9327,320.699648,0,0,0,0,0,0,0,0,3425,71,0,2
a70__adverse_stable,70,split_ae32_uint4_q9000,ADVERSE_STABLE,AE32,UINT4,0.9,3041,3041,3041,2977,2940,28259.0,0.8112300633602797,0.7662779898875245,0.7881135579729371,0.7404917732410929,0.4442856648179128,0.535203668734826,0.512396694214876,0.5235519197783349,0.8816076426876345,0.32291853510893925,0.38360209996342604,0.3787717994424896,0.8141130455541742,0.44303210244170416,0.40964382901812846,0.3964091737692415,1.0,1.0,0.9789542913515291,0.9667872410391318,True,163,309.275244544,0.9986352827927683,218.60909132305477,0.12382088987258688,0.43532117454957137,0.7430343991864712,0.8981567844738414,3041,23.326613000946043,49.976530946662905,70.61549418817138,3041,29.084716343222617,51.27308142453146,94.72909572380829,3041,29.24430034392929,54.28956139355612,98.35690381783294,3041,0.15958400070667267,3.016479969024658,3.627808094024658,3041,1.290771,3.987216,10.287146,1795,40.868963,61.405939,94.996738,2940,0.0,36.491098,68.57957,297,20.86115264892578,24.514368057250977,36.6319694519043,297,26.491951585558283,42.54674534519594,113.20035942398339,3413,3.8683414459228516,9.625911712646484,31.520843505859375,2940,51.625008,128.547616,189.713962,2940,121.873168,201.810081,259.340969,2940,152.22709,244.74091,295.788873,0,0,0,0,0,0,0,0,2977,64,0,0
a71__adverse_stable,71,split_ae32_uint4_q9800,ADVERSE_STABLE,AE32,UINT4,0.98,3053,3053,3053,3009,2978,6417.0,0.6073756159593069,0.39428335569084716,0.47816293329996246,1.0461678733400313,0.14142208580282767,0.45,0.26265495867768596,0.33170254403131116,0.9269931376270745,0.1187163914403788,0.13006923862160324,0.12957283548832035,0.988378342644276,0.37217974994156455,0.21960051345855852,0.16900672053639715,1.0,1.0,0.9855879462823453,0.9754339993449066,True,171,309.138383872,0.998755591961174,206.9200356519984,0.1646764586893829,0.5085890728538562,0.7964199876063975,0.9275666489565674,3053,20.630817003447056,45.02182199710846,64.48808999822927,3053,30.21134471258497,50.64725205455255,94.72909572380829,3053,30.519984715789317,53.656435938219545,98.35690381783294,3053,0.3086400032043457,3.009183883666992,3.627808094024658,3053,1.380583,3.949081,9.150234,1986,35.312584,57.379452,86.728733,2978,0.0,37.009264,74.489644,297,20.86115264892578,24.514368057250977,36.6319694519043,297,26.491951585558283,42.54674534519594,113.20035942398339,3413,3.8683414459228516,9.625911712646484,31.520843505859375,2978,52.079934,134.009071,190.701368,2978,112.134985,195.814622,255.756984,2978,141.437398,236.887496,291.252139,0,0,0,0,0,0,0,0,3009,44,0,0
a00__fade_recovery,0,split_noae_uint8_q0000,FADE_RECOVERY,noAE,UINT8,0.0,3384,12,0,0,0,3584917.0,0.9313931614473829,0.8685378185945722,0.8988680051260145,0.4785501282606964,0.898997205787936,0.7966160220994475,0.5958161157024794,0.6817375886524824,0.8399585364786806,0.5278192766550763,0.7134082412215061,0.6888454506447169,0.683571711037597,0.5048107305050598,0.5896919324062748,0.6486070338505988,0.0035460992907801418,0.0,0.0,0.0,True,0,364.306187264,0.0,,0.0,0.0,0.0,0.0,3384,50.51076897725296,86.47069000229406,128.39016500109292,3384,27.28091729907322,46.88514537327146,86.22699280436993,3384,27.398229298274995,49.33464927189207,89.72286482509136,3384,0.1173119992017746,2.4495038986206055,3.4958720207214355,3384,1.277823,3.765708,8.770619,0,,,,0,,,,258,21.574016571044922,25.28816032409668,29.48137664794922,258,45.44586259021006,77.30227171458772,109.06724537606964,3413,3.8683414459228516,9.625911712646484,31.520843505859375,0,,,,0,,,,0,,,,12,0,0,0,0,0,0,0,0,0,0,3372
a01__fade_recovery,1,split_noae_uint8_q3000,FADE_RECOVERY,noAE,UINT8,0.3,2922,35,0,0,0,2490262.0,0.9342456608811749,0.8664740480858528,0.8990845334332672,0.48566113628207824,0.874907992611778,0.7412280701754386,0.6110537190082644,0.6698754246885618,0.8402348604245259,0.5012355800539585,0.6880717863328683,0.6622197635004629,0.6862438924928301,0.5034635853423755,0.577411063642292,0.6303175882114613,0.011978097193702943,0.0,0.0,0.0,True,0,299.32331776,0.0,,0.0,0.0,0.0,0.0,2922,35.594783000623224,63.03842601935959,88.93512000617028,2922,26.10017978026056,41.62946763616466,81.84105401084423,2922,26.21057977898502,43.42015567403698,85.19644599006176,2922,0.1103999987244606,1.7906880378723145,3.3553919792175293,2922,1.249812,3.08148,6.364233,0,,,,0,,,,258,21.574016571044922,25.28816032409668,29.48137664794922,258,45.44586259021006,77.30227171458772,109.06724537606964,3413,3.8683414459228516,9.625911712646484,31.520843505859375,0,,,,0,,,,0,,,,35,0,0,0,0,0,0,0,0,0,0,2887
a02__fade_recovery,2,split_noae_uint8_q5000,FADE_RECOVERY,noAE,UINT8,0.5,2976,145,0,0,0,1768234.0,0.9346003353828954,0.8626560726447219,0.8971882378192745,0.4989849508905711,0.8214453849330626,0.7335597406606977,0.6136363636363636,0.6682604415693995,0.8374146262844592,0.49028807503787364,0.6558667299854681,0.6346218374178251,0.6892928396300103,0.5019308892272261,0.5643902047149162,0.6084116682002417,0.04872311827956989,0.0,0.0,0.0,True,0,303.001715968,0.0,,0.0,0.0,0.0,0.0,2976,31.27582100081253,56.22893100836182,80.0518440008719,2976,27.29608041626644,47.229451914140704,84.24686238160372,2976,27.413552416686535,49.721675892183306,87.69953438630343,2976,0.11747200042009354,2.4922239780426025,3.452672004699707,2976,1.293216,3.505615,6.486214,0,,,,0,,,,258,21.574016571044922,25.28816032409668,29.48137664794922,258,45.44586259021006,77.30227171458772,109.06724537606964,3413,3.8683414459228516,9.625911712646484,31.520843505859375,0,,,,0,,,,0,,,,145,0,0,0,0,0,0,0,0,0,0,2831
a03__fade_recovery,3,split_noae_uint8_q7000,FADE_RECOVERY,noAE,UINT8,0.7,2985,1898,93,93,93,1050866.0,0.917598848155942,0.854916933237024,0.8851495726495726,0.5338088468743897,0.7035952399012005,0.7414448669201521,0.6043388429752066,0.665907797381901,0.8636079275993035,0.4596647654360441,0.5816300026686223,0.5686984622021608,0.7179033840335792,0.48777385909199755,0.526684197188441,0.5534756824073069,0.6358458961474037,0.031155778894472363,0.031155778894472363,0.031155778894472363,True,3,304.522780672,0.9987606138129728,2140.1132080617344,0.0,0.0002545706525762326,0.002701843373373779,0.012392849003519557,2985,29.220975000623227,56.0330130006659,75.14940400487137,2985,27.777480025348662,46.46554052378225,87.82286744402123,2985,27.9005840239501,48.825060482278346,91.35720353410912,2985,0.12310399860143661,2.3595199584960938,3.5343360900878906,2985,1.294344,3.571621,6.738155,13,113.659724,211.470022,211.470022,93,0.0,0.0,0.0,258,21.574016571044922,25.28816032409668,29.48137664794922,258,45.44586259021006,77.30227171458772,109.06724537606964,3413,3.8683414459228516,9.625911712646484,31.520843505859375,93,70.454685,77.831118,118.058609,93,238.348345,302.031152,354.338696,93,259.729495,342.563765,377.421328,1805,0,0,0,0,0,0,0,93,0,0,1087
a04__fade_recovery,4,split_noae_uint8_q9000,FADE_RECOVERY,noAE,UINT8,0.9,2891,2891,2872,2768,2668,345881.0,0.8870987134784177,0.7613249406665978,0.8194135939582406,0.6685623246776862,0.4033976726835544,0.6612057667103539,0.5211776859504132,0.582900057770075,0.8692187008800133,0.3665532104369034,0.3849754415602289,0.38453440939002065,0.7754085155380904,0.46051561478299907,0.42081361663504047,0.40249584827502455,1.0,0.9934278796264269,0.9574541681079212,0.9228640608785887,True,116,298.629094912,0.9987955247190299,279.79454547534175,0.010137765092487466,0.10272827113526928,0.35259373321621007,0.6539169464701512,2891,26.235005992738724,56.61527800195503,82.92633900106811,2891,30.973878949529173,60.58616526252222,104.01059769920444,2891,31.46315893495703,63.67963726645899,107.81037377647495,2891,0.48927998542785645,3.0934720039367676,3.799776077270508,2891,1.400423,4.820148,14.43691,1386,67.803139,140.397295,198.915921,2668,0.0,56.086536,82.602527,258,21.574016571044922,25.28816032409668,29.48137664794922,258,45.44586259021006,77.30227171458772,109.06724537606964,3413,3.8683414459228516,9.625911712646484,31.520843505859375,2668,76.033566,155.547871,200.97529,2668,178.305151,267.110187,312.063958,2668,213.46876,303.146723,348.628497,19,0,1,0,0,0,0,0,2768,103,0,0
a05__fade_recovery,5,split_noae_uint8_q9800,FADE_RECOVERY,noAE,UINT8,0.98,2908,2908,2908,2842,2792,70761.0,0.8257995735607676,0.3996491590135177,0.5386273555385578,0.9430037220508795,0.07921903568115685,0.6301806588735388,0.306301652892562,0.4122349669794926,0.9740201170574634,0.17854106426136118,0.12888004997125901,0.11892792329925084,0.9586373684126983,0.3834149835486331,0.21353863293384492,0.16589415204674415,1.0,1.0,0.9773039889958735,0.9601100412654745,True,227,300.885539072,0.9985412519047817,248.21042016162775,0.03817924446429143,0.23349389827002764,0.5587637229377415,0.8114354832339638,2908,24.00545699710846,53.404066004494666,79.18267489065552,2908,32.86712798627186,65.58434066689063,116.06913449938202,2908,33.68760797532368,68.72187671577979,119.99415853197479,2908,0.8204799890518188,3.13753604888916,3.9250240325927734,2908,1.392528,5.159657,12.837763,1549,42.910547,57.996019,75.816349,2792,0.0,53.257886,81.69747,258,21.574016571044922,25.28816032409668,29.48137664794922,258,45.44586259021006,77.30227171458772,109.06724537606964,3413,3.8683414459228516,9.625911712646484,31.520843505859375,2792,74.902295,159.368874,213.788756,2792,145.761372,230.320877,286.158661,2792,183.215543,275.589385,329.504802,0,0,0,0,0,0,0,0,2842,66,0,0
a06__fade_recovery,6,split_noae_uint6_q0000,FADE_RECOVERY,noAE,UINT6,0.0,2901,12,0,0,0,2748647.0,0.9312596856320566,0.8681250644928284,0.8985847797062749,0.47786770119596883,0.8990013931039261,0.7984094052558783,0.5963326446280992,0.6827321111768185,0.8427417703409643,0.5277991932416186,0.7134002931727723,0.6888339495142087,0.6850442435798372,0.5040679273118778,0.5892530027023043,0.6483619859929793,0.004136504653567736,0.0,0.0,0.0,True,0,309.373056768,0.0,,0.0,0.0,0.0,0.0,2901,53.10108097500229,85.94843000112057,111.46819399555969,2901,25.252943391350748,43.32090432976437,86.22699280436993,2901,25.337743388859273,45.24061627720547,89.72286482509136,2901,0.08479999750852585,1.919711947441101,3.4958720207214355,2901,1.129452,3.156774,7.834983,0,,,,0,,,,258,21.574016571044922,25.28816032409668,29.48137664794922,258,45.44586259021006,77.30227171458772,109.06724537606964,3413,3.8683414459228516,9.625911712646484,31.520843505859375,0,,,,0,,,,0,,,,12,0,0,0,0,0,0,0,0,0,0,2889
a07__fade_recovery,7,split_noae_uint6_q3000,FADE_RECOVERY,noAE,UINT6,0.3,2939,193,0,0,0,1931842.0,0.9340084576007123,0.8660612939841089,0.8987524763077582,0.485069829347577,0.8749078600351812,0.7428661022264033,0.6118285123966942,0.6710097719869706,0.8442983214552167,0.5011226873947935,0.6880152737149874,0.6621451336706008,0.6885246527740978,0.5023166140743173,0.576720470913945,0.629914670930035,0.06566859476012249,0.0,0.0,0.0,True,0,309.100945408,0.0,,0.0,0.0,0.0,0.0,2939,44.45275999768686,80.20009799904632,115.55569000167323,2939,26.94396130957842,44.60026261724424,81.58543723229647,2939,27.058841312613488,46.59027860082578,84.9389731228757,2939,0.11488000303506851,1.990015983581543,3.3535358905792236,2939,1.23743,3.217345,7.110255,0,,,,0,,,,258,21.574016571044922,25.28816032409668,29.48137664794922,258,45.44586259021006,77.30227171458772,109.06724537606964,3413,3.8683414459228516,9.625911712646484,31.520843505859375,0,,,,0,,,,0,,,,193,0,0,0,0,0,0,0,0,0,0,2746
a08__fade_recovery,8,split_noae_uint6_q5000,FADE_RECOVERY,noAE,UINT6,0.5,3016,865,1,1,1,1381397.0,0.9344500279173646,0.8634815808482097,0.8975651614287247,0.4999358610095649,0.8214967369562596,0.7351485148514851,0.6136363636363636,0.6689189189189189,0.8401832564080812,0.49022338157131434,0.655860059263787,0.6345998017179789,0.6913189457377334,0.5009149535312108,0.5638089483047223,0.6080951983436381,0.28680371352785144,0.0003315649867374005,0.0003315649867374005,0.0003315649867374005,True,0,308.335414528,0.5011231380817223,77467.195449,0.0,0.0,0.00012911201284140802,0.00029127308044546516,3016,34.215623002547744,61.52388500070667,79.14322799813891,3016,27.15068674308586,46.149207753165726,86.22699280436993,3016,27.267134743159293,48.44959179781294,89.72286482509136,3016,0.11644800007343292,2.300384044647217,3.4958720207214355,3016,1.281477,3.406311,6.526746,0,,,,1,0.0,0.0,0.0,258,21.574016571044922,25.28816032409668,29.48137664794922,258,45.44586259021006,77.30227171458772,109.06724537606964,3413,3.8683414459228516,9.625911712646484,31.520843505859375,1,70.325224,70.325224,70.325224,1,196.439478,196.439478,196.439478,1,210.190194,210.190194,210.190194,864,0,0,0,0,0,0,0,1,0,0,2151
a09__fade_recovery,9,split_noae_uint6_q7000,FADE_RECOVERY,noAE,UINT6,0.7,3018,2873,711,711,709,823869.0,0.9179038333702637,0.854916933237024,0.885291446278784,0.5341768452875015,0.7038330229558449,0.7397086763774541,0.6033057851239669,0.6645803698435276,0.8618034693587783,0.459712159537804,0.5817725912468245,0.5688238733888129,0.716955410691674,0.48823647494639943,0.5269919950138816,0.553705245149041,0.9519549370444003,0.2355864811133201,0.2355864811133201,0.23492379058979457,True,10,309.216600576,0.9986471384226437,518.6235564436308,0.0,0.0036839063228755182,0.040185461045277565,0.12039241671906996,3018,30.697858999568226,60.10542404928589,88.01801901395798,3018,28.98506883730936,48.7413478440938,84.24686238160372,3018,29.138828838372707,51.692643935173514,87.69953438630343,3018,0.15376000106334686,2.951296091079712,3.452672004699707,3018,1.391973,3.758177,7.88334,210,94.883392,165.268652,208.068178,709,0.0,0.0,19.2492,258,21.574016571044922,25.28816032409668,29.48137664794922,258,45.44586259021006,77.30227171458772,109.06724537606964,3413,3.8683414459228516,9.625911712646484,31.520843505859375,709,72.157268,104.54631,131.40951,709,212.79233,305.371201,360.19266,709,246.539324,335.097484,394.752889,2162,0,0,0,0,0,0,0,711,0,0,145
a10__fade_recovery,10,split_noae_uint6_q9000,FADE_RECOVERY,noAE,UINT6,0.9,2923,2923,2923,2836,2764,273060.0,0.8854604394285028,0.7610153750902899,0.818534961154273,0.6686073634788954,0.40382038008997967,0.6591503267973856,0.5209194214876033,0.5819388343912291,0.8662250206658625,0.36671271410555356,0.38526654709776664,0.38481952600398633,0.7737511204921689,0.4612795039396976,0.4213185968616011,0.40288951468230716,1.0,1.0,0.9702360588436538,0.945603831679781,True,104,299.075027968,0.998674096985983,268.7967498967765,0.013926405512016352,0.12438858452595526,0.40295699212605146,0.7205240784331107,2923,26.72999500104523,56.834888057434085,79.76118700235176,2923,31.170997070701123,60.58616526252222,97.625223809474,2923,31.745176753546716,63.67963726645899,101.35651987194348,2923,0.5711359977722168,3.0934720039367676,3.7312960624694824,2923,1.39615,4.742641,11.705527,1508,64.239558,120.019713,154.545306,2764,0.0,49.908111,78.110205,258,21.574016571044922,25.28816032409668,29.48137664794922,258,45.44586259021006,77.30227171458772,109.06724537606964,3413,3.8683414459228516,9.625911712646484,31.520843505859375,2764,74.998915,148.174424,194.229777,2764,173.797233,254.115437,301.097536,2764,207.86437,289.406707,332.333032,0,0,0,0,0,0,0,0,2836,87,0,0
a11__fade_recovery,11,split_noae_uint6_q9800,FADE_RECOVERY,noAE,UINT6,0.98,2942,2942,2942,2821,2791,56102.0,0.8263370978052419,0.4001651016406976,0.539210233592881,0.9445463102797858,0.0794400600311816,0.6276483050847458,0.30604338842975204,0.4114583333333333,0.9829375802459547,0.17856811537922182,0.12900408770520172,0.11910273634715679,0.9639330938719061,0.3813898899614075,0.21313042839900795,0.16581524802572542,1.0,1.0,0.9588715159755269,0.9486743711760707,True,215,301.524767744,0.9987195406735947,245.73816839038972,0.04780205559510563,0.26051790527102764,0.5762473917947574,0.8096586722695782,2942,23.427826009605408,52.11499689353943,71.71104898840713,2942,30.74818504242134,57.7029530909543,109.12652144939231,2942,31.15288904694748,60.77952908544588,112.98399339229393,2942,0.4047040045261383,3.076575994491577,3.8574719429016113,2942,1.421535,4.805083,13.092015,1512,41.571762,56.404125,69.508964,2791,0.0,56.360703,86.605983,258,21.574016571044922,25.28816032409668,29.48137664794922,258,45.44586259021006,77.30227171458772,109.06724537606964,3413,3.8683414459228516,9.625911712646484,31.520843505859375,2791,74.577474,168.456396,215.717736,2791,145.562171,238.751757,287.321366,2791,178.45568,283.06987,334.939552,0,0,0,0,0,0,0,0,2821,121,0,0
a12__fade_recovery,12,split_noae_uint4_q0000,FADE_RECOVERY,noAE,UINT4,0.0,3438,865,1,1,1,1498618.0,0.9325431989366415,0.8687441956454443,0.8995138629200278,0.47905616765836595,0.8989035151908015,0.79750346740638,0.59400826446281,0.6808762581409118,0.8432346658195582,0.5274933455564375,0.7131984303736194,0.6885968505304375,0.6857621721163039,0.5037061724351556,0.5889401361187652,0.6480981257988092,0.2515997673065736,0.00029086678301337986,0.00029086678301337986,0.00029086678301337986,True,0,359.40676736,0.5049195581012222,90937.53050700002,0.0,0.0,0.00013417268226254025,0.0002732908195398984,3438,46.06218900213814,77.59949510453797,99.63406005488586,3438,27.793622651311875,47.57649584305334,90.03058602102185,3438,27.91698265186262,50.14903994095373,93.61452199705029,3438,0.12336000055074692,2.5725440979003906,3.5839359760284424,3438,1.261628,3.458049,6.696902,0,,,,1,0.0,0.0,0.0,258,21.574016571044922,25.28816032409668,29.48137664794922,258,45.44586259021006,77.30227171458772,109.06724537606964,3413,3.8683414459228516,9.625911712646484,31.520843505859375,1,95.555846,95.555846,95.555846,1,182.838378,182.838378,182.838378,1,201.77743,201.77743,201.77743,864,0,0,0,0,0,0,0,1,0,0,2573
a13__fade_recovery,13,split_noae_uint4_q3000,FADE_RECOVERY,noAE,UINT4,0.3,2927,1735,40,40,40,1083239.0,0.9332591768631813,0.865751728407801,0.8982388523098336,0.48659542491675073,0.8747882382777682,0.7414603572547791,0.6110537190082644,0.6699702675916749,0.845245778051548,0.50045817186041,0.6876232050690891,0.6616607306569436,0.6896432167664233,0.5017550549255398,0.5761871364867907,0.6294439176849894,0.5927570891697984,0.013665869490946362,0.013665869490946362,0.013665869490946362,True,1,299.205387776,0.9985231031557131,4581.040403608114,0.0,0.0,0.0,0.001316712696680929,2927,36.412521999002934,63.267290946166995,87.33432602352906,2927,26.907942951749803,43.632561982512954,75.23252725453186,2927,27.022502952348233,45.57067400300551,78.50455927700806,2927,0.11456000059843063,1.9381120204925537,3.2720320224761963,2927,1.275328,3.089369,6.602089,5,178.96125,251.414089,251.414089,40,0.0,0.0,0.0,258,21.574016571044922,25.28816032409668,29.48137664794922,258,45.44586259021006,77.30227171458772,109.06724537606964,3413,3.8683414459228516,9.625911712646484,31.520843505859375,40,70.223896,82.630722,121.516871,40,285.814118,354.50489,417.809443,40,308.944671,377.496563,441.895493,1695,0,0,0,0,0,0,0,40,0,0,1192
a14__fade_recovery,14,split_noae_uint4_q5000,FADE_RECOVERY,noAE,UINT4,0.5,2913,2825,857,857,853,797031.0,0.9327019498607242,0.8637911464245176,0.896924890174649,0.5015408116203153,0.8217156200787067,0.7358199753390875,0.6164772727272727,0.6708825182686903,0.8362008215653391,0.48975808204106164,0.6557368510598842,0.6343830594151526,0.6894835022345759,0.5018351988991475,0.5642302267690493,0.6082651988847798,0.969790593889461,0.2941984208719533,0.2941984208719533,0.292825266048747,True,8,301.1007744,0.9986108720715399,471.7682915345367,2.8889264789615897e-05,0.005324579052294859,0.04470872315033143,0.1362131178829675,2913,33.994865009803775,64.81310502959062,95.77581803595734,2913,30.06658657123232,49.6096753356657,86.22699280436993,2913,30.33660258580828,52.60346739270305,89.72286482509136,2913,0.27001601457595825,2.9937920570373535,3.4958720207214355,2913,1.480197,4.71989,10.261645,271,95.141589,163.065244,207.382559,853,0.0,0.0,46.544648,258,21.574016571044922,25.28816032409668,29.48137664794922,258,45.44586259021006,77.30227171458772,109.06724537606964,3413,3.8683414459228516,9.625911712646484,31.520843505859375,853,72.144857,117.819789,149.975164,853,218.507585,315.993077,365.745321,853,254.075374,349.333753,392.026775,1968,0,0,0,0,0,0,0,857,0,0,88
a15__fade_recovery,15,split_noae_uint4_q7000,FADE_RECOVERY,noAE,UINT4,0.7,2865,2865,2441,2389,2324,485819.0,0.9171826625386997,0.8559488184913837,0.8855084067253802,0.5330236743419888,0.7039510673568079,0.7365608299276957,0.6051136363636364,0.6643981284559762,0.856041666772742,0.45889488404522516,0.5814229757010165,0.5683656775599797,0.7130643633852728,0.4901399269765129,0.527805562395097,0.5539659562457839,1.0,0.8520069808027924,0.8338568935427574,0.8111692844677137,True,75,301.887318016,0.9984879992872844,312.921887400818,0.003203713615252763,0.048754492440188986,0.2159802526502432,0.4826629438480665,2865,31.115566052360535,63.18792592585754,90.85355408128358,2865,30.89037162152767,67.12611663638401,122.32501222535038,2865,31.35437160817623,70.28762066661167,126.36418010636234,2865,0.46399998664855957,3.161504030227661,4.039167881011963,2865,1.339051,5.00149,10.502186,1136,80.256249,117.349147,158.00365,2324,0.0,52.091395,90.010228,258,21.574016571044922,25.28816032409668,29.48137664794922,258,45.44586259021006,77.30227171458772,109.06724537606964,3413,3.8683414459228516,9.625911712646484,31.520843505859375,2324,74.140169,159.780623,221.514623,2324,194.132806,289.528229,337.768781,2324,231.915907,328.775623,377.687179,424,0,0,1,0,0,0,0,2389,51,0,0
a16__fade_recovery,16,split_noae_uint4_q9000,FADE_RECOVERY,noAE,UINT4,0.9,3013,3013,3011,2932,2886,163954.0,0.8840095465393795,0.764420596429677,0.8198771512367883,0.6693543448852496,0.40442562176503466,0.6577159495308962,0.525051652892562,0.5839437024271148,0.8753472578746683,0.36653574186939003,0.38548068181721235,0.38501486374507193,0.7791880584574762,0.45877836133191646,0.4202814393681872,0.40250512518819953,1.0,0.9993362097577165,0.9731164951875207,0.9578493196150016,True,141,308.89733504,0.9984964763229833,257.66775993676816,0.02526604666883694,0.1850321353714454,0.49991803046472794,0.7769142900048763,3013,24.68298600272608,54.38960094256592,79.64582698358154,3013,29.681413970809935,58.36493432960987,104.01059769920444,3013,29.894917972308157,61.44586241684437,107.81037377647495,3013,0.21350400149822235,3.080928087234497,3.799776077270508,3013,1.290677,4.415812,14.127309,1607,52.422977,82.046765,96.139406,2886,0.0,55.409987,84.278134,258,21.574016571044922,25.28816032409668,29.48137664794922,258,45.44586259021006,77.30227171458772,109.06724537606964,3413,3.8683414459228516,9.625911712646484,31.520843505859375,2886,74.681211,161.057649,205.836195,2886,160.550132,244.224049,299.771753,2886,192.482072,282.409419,338.893466,2,0,0,0,0,0,0,0,2932,79,0,0
a17__fade_recovery,17,split_noae_uint4_q9800,FADE_RECOVERY,noAE,UINT4,0.98,3502,3502,3502,3413,3364,34671.0,0.825800976023764,0.40160974099680113,0.5404054429325188,0.946399652882089,0.07973839118926303,0.6214659685863875,0.3065599173553719,0.4105845728121757,0.986899855585774,0.1790290818186328,0.1293837365039479,0.11948008604076547,0.9668618380954334,0.380274530622635,0.21315542131952483,0.16606879558301554,1.0,1.0,0.9745859508852085,0.9605939463163906,True,333,359.036748032,0.9995511822428115,239.6953640717396,0.054290805612083735,0.27864362524552333,0.6128567583850458,0.8425333456174211,3502,23.438789043899536,54.953604982124325,74.56165893635558,3502,31.410031586021425,65.27578008492898,108.47046680258512,3502,32.065103559822084,68.40838802178811,112.28701085852384,3502,0.6550719738006592,3.132607936859131,3.8165440559387207,3502,1.395593,4.927819,13.089903,1657,37.519693,48.48052,64.617729,3364,0.0,50.587336,78.476225,258,21.574016571044922,25.28816032409668,29.48137664794922,258,45.44586259021006,77.30227171458772,109.06724537606964,3413,3.8683414459228516,9.625911712646484,31.520843505859375,3364,74.280537,149.309817,205.687874,3364,140.780449,222.09985,284.003596,3364,175.346078,266.670246,319.722574,0,0,0,0,0,0,0,0,3413,88,1,0
a18__fade_recovery,18,split_ae128_uint8_q0000,FADE_RECOVERY,AE128,UINT8,0.0,2873,78,0,0,0,2350885.0,0.9354335967939441,0.8670931792384687,0.8999678697654493,0.4813474971373565,0.8978209228434613,0.7907789032483409,0.5847107438016529,0.672308834446919,0.8399358682991729,0.5212649767707229,0.7095429498070921,0.6841071571693034,0.6845391427288446,0.5043225967623848,0.5873761128675186,0.6455761610919679,0.027149321266968326,0.0,0.0,0.0,True,0,304.277892864,0.0,,0.0,0.0,0.0,0.0,2873,37.420959001205446,66.87595203595734,98.10572099956822,2873,32.73547888847685,58.02766555460262,90.03058602102185,2873,33.54824687095976,61.107729612906454,93.61452199705029,2873,0.8127679824829102,3.080064058303833,3.5839359760284424,2873,1.47252,4.349578,9.784355,0,,,,0,,,,137,21.248319625854492,24.753183364868164,25.83180809020996,137,46.8398970129109,81.12619470905908,111.52821377566012,3413,3.8683414459228516,9.625911712646484,31.520843505859375,0,,,,0,,,,0,,,,78,0,0,0,0,0,0,0,0,0,0,2795
a19__fade_recovery,19,split_ae128_uint8_q3000,FADE_RECOVERY,AE128,UINT8,0.3,3438,582,0,0,0,1666983.0,0.930286599535244,0.8675059333402125,0.8978000854335754,0.48195888720354085,0.8882875819219526,0.7513884351519111,0.59400826446281,0.6634934371844801,0.8333870762020209,0.5100791000246124,0.6991833409732825,0.6731247509561573,0.6807416498698418,0.5062413992356561,0.5837496173739197,0.6388646239755121,0.16928446771378708,0.0,0.0,0.0,True,0,361.272476672,0.0,,0.0,0.0,0.0,0.0,3438,31.3428949431839,58.161020188171385,85.5768069942627,3438,33.083518508923056,56.741989981128214,96.7571049747653,3438,33.91366249705553,59.81034196515226,100.40923295595121,3438,0.8301439881324768,3.068351984024048,3.652127981185913,3438,1.589485,4.489769,9.142998,0,,,,0,,,,137,21.248319625854492,24.753183364868164,25.83180809020996,137,46.8398970129109,81.12619470905908,111.52821377566012,3413,3.8683414459228516,9.625911712646484,31.520843505859375,0,,,,0,,,,0,,,,582,0,0,0,0,0,0,0,0,0,0,2856
a20__fade_recovery,20,split_ae128_uint8_q5000,FADE_RECOVERY,AE128,UINT8,0.5,2905,1340,0,0,0,1208420.0,0.9254058797718298,0.8704984005778558,0.8971127771574414,0.4893968203044741,0.8544549524141708,0.7461290322580645,0.5973657024793388,0.6635111876075731,0.8261759591046256,0.5039974931914152,0.679226222802793,0.6562340695679645,0.6789977772889163,0.507124989941992,0.5768818734621902,0.6259658903767219,0.4612736660929432,0.0,0.0,0.0,True,0,299.289382912,0.0,,0.0,0.0,0.0,0.0,2905,29.014395952766417,56.16986300086689,81.20517899966144,2905,30.26517840788984,52.77031637576723,92.25343668043519,2905,30.575738395911692,55.80526043323183,95.87090861380005,2905,0.3105599880218506,3.0349440574645996,3.617471933364868,2905,1.343796,3.978799,9.42579,0,,,,0,,,,137,21.248319625854492,24.753183364868164,25.83180809020996,137,46.8398970129109,81.12619470905908,111.52821377566012,3413,3.8683414459228516,9.625911712646484,31.520843505859375,0,,,,0,,,,0,,,,1340,0,0,0,0,0,0,0,0,0,0,1565
a21__fade_recovery,21,split_ae128_uint8_q7000,FADE_RECOVERY,AE128,UINT8,0.7,2982,2950,1700,1692,1660,732023.0,0.9057900956064024,0.8700856464761119,0.8875789473684211,0.5321056818268167,0.7716221742838556,0.6969787615913849,0.6017561983471075,0.645876645876646,0.8518478373341022,0.47206109177109623,0.6218416330274759,0.6035335997500255,0.7102046165025854,0.49154360923612056,0.544667865691006,0.5819769368788467,0.9892689470154259,0.5700871898054997,0.5674044265593562,0.556673373574782,True,27,314.588144384,0.9975483748966122,370.2661134136097,0.0014133640314724265,0.024185730733427384,0.10772007994883459,0.26383533417803323,2982,26.731999015830993,56.22925300183916,75.07054718817139,2982,31.410031586021425,64.47084515895747,96.7571049747653,2982,32.066064522093775,67.59465306606197,100.40923295595121,2982,0.6582720279693604,3.123807907104492,3.652127981185913,2982,1.414743,4.75974,9.69826,681,95.441123,211.524425,276.921,1660,0.0,37.056364,80.646064,137,21.248319625854492,24.753183364868164,25.83180809020996,137,46.8398970129109,81.12619470905908,111.52821377566012,3413,3.8683414459228516,9.625911712646484,31.520843505859375,1660,73.304106,147.262207,212.211516,1660,216.007017,333.418728,374.773306,1660,253.335096,364.912753,409.629123,1250,1,3,0,0,0,0,0,1692,4,0,32
a22__fade_recovery,22,split_ae128_uint8_q9000,FADE_RECOVERY,AE128,UINT8,0.9,2994,2994,2994,2853,2794,248318.0,0.8312811980033278,0.7732948096171706,0.8012402437720518,0.7325707899683028,0.4435684689947239,0.5665378244064053,0.5299586776859504,0.5476381104883906,0.8757267570359597,0.3659445305910281,0.404756499792876,0.402891368946091,0.8073280978956145,0.4460482727758521,0.42392098230059627,0.4142279239558182,1.0,1.0,0.9529058116232465,0.9331997327989312,True,110,309.186224896,0.997852787981666,276.0583911933658,0.01964900477711611,0.13371967754678218,0.38762933286666784,0.6682553028502436,2994,26.316696000206232,56.54149300469971,74.97109299693393,2994,33.1255296905756,64.78062821358728,107.33055801026487,2994,33.95717768270969,67.90706015557336,111.1385580980029,2994,0.8316479921340942,3.126431941986084,3.808000087738037,2994,1.430745,4.827018,12.522028,1648,60.423484,106.443948,140.631273,2794,0.0,62.903509,94.050606,137,21.248319625854492,24.753183364868164,25.83180809020996,137,46.8398970129109,81.12619470905908,111.52821377566012,3413,3.8683414459228516,9.625911712646484,31.520843505859375,2794,74.419548,175.31388,230.92105,2794,171.827488,270.06741,324.957851,2794,209.396566,307.886936,362.937438,0,0,1,1,0,0,0,0,2853,139,0,0
a23__fade_recovery,23,split_ae128_uint8_q9800,FADE_RECOVERY,AE128,UINT8,0.98,2891,2891,2890,2752,2708,51590.0,0.6247334754797441,0.42327933133835516,0.5046441532878144,1.048119783524195,0.1522151676971319,0.5109289617486339,0.2897727272727273,0.3698088332234674,0.9501033147732219,0.14368998761259777,0.14795257765486483,0.14789116119920884,1.0003127984180422,0.36776438705952386,0.23321471276475733,0.18575445593736037,1.0,0.9996540989277066,0.9519197509512279,0.9367001037703216,True,191,299.709249024,0.9983515848122511,256.17450039602807,0.051401587348965536,0.23769531062851956,0.5223856702615899,0.7550718602910993,2891,24.813184019351958,52.50258903540039,76.33485702394867,2891,33.668021538269045,72.0735638777051,109.12652144939231,2891,34.52123753071976,75.30946785605288,112.98399339229393,2891,0.8532159924507141,3.2359039783477783,3.8574719429016113,2891,1.437203,4.752833,13.274587,1603,39.401048,55.240131,74.493334,2708,0.0,65.666705,94.106397,137,21.248319625854492,24.753183364868164,25.83180809020996,137,46.8398970129109,81.12619470905908,111.52821377566012,3413,3.8683414459228516,9.625911712646484,31.520843505859375,2708,73.550746,184.830919,236.448063,2708,145.679552,256.660422,316.633048,2708,185.860902,299.434608,348.525848,1,0,0,0,0,0,0,0,2752,138,0,0
a24__fade_recovery,24,split_ae128_uint6_q0000,FADE_RECOVERY,AE128,UINT6,0.0,2964,255,0,0,0,1882063.0,0.9354479688369505,0.8672995562893406,0.9000856714499893,0.4818480472813258,0.897799000759146,0.7885554780181437,0.5836776859504132,0.6708222024339566,0.8404948393835868,0.5214166478130866,0.7096078242861164,0.6841983231386736,0.6850580689617736,0.5040609584284347,0.5872628564079356,0.6455434282987359,0.0860323886639676,0.0,0.0,0.0,True,0,309.412870912,0.0,,0.0,0.0,0.0,0.0,2964,37.55067496843719,66.63134603868866,92.67361697373963,2964,29.984328927138804,53.05542523686314,94.72909572380829,2964,30.238728942016124,56.094881127518654,98.35690381783294,2964,0.25440001487731934,3.0394558906555176,3.627808094024658,2964,1.328455,3.910512,7.80762,0,,,,0,,,,137,21.248319625854492,24.753183364868164,25.83180809020996,137,46.8398970129109,81.12619470905908,111.52821377566012,3413,3.8683414459228516,9.625911712646484,31.520843505859375,0,,,,0,,,,0,,,,255,0,0,0,0,0,0,0,0,0,0,2709
a25__fade_recovery,25,split_ae128_uint6_q3000,FADE_RECOVERY,AE128,UINT6,0.3,3005,1132,5,5,5,1334017.0,0.9309199601461309,0.8677123103910845,0.8982055116428115,0.4815413500941531,0.8882121747441908,0.7495919033627163,0.5929752066115702,0.6621485219899063,0.8357112856880637,0.5102138242667774,0.6992129995054841,0.6731850640325769,0.6820173842641023,0.5055959814492217,0.5834035165702277,0.6386887526355199,0.3767054908485857,0.0016638935108153079,0.0016638935108153079,0.0016638935108153079,True,2,311.724106496,0.9984333790944517,39108.66828649283,8.630513149083394e-05,0.0003130941687413334,0.0006668217974430775,0.001308414782496886,3005,33.165963999415396,60.46319701454926,82.34721108128358,3005,30.847550744271278,54.48858487491703,91.60393521203184,3005,31.28991874501705,57.54468095188236,95.20681521309996,3005,0.4423680007457733,3.056096076965332,3.6028800010681152,3005,1.385326,4.451969,8.918145,0,,,,5,0.0,0.0,0.0,137,21.248319625854492,24.753183364868164,25.83180809020996,137,46.8398970129109,81.12619470905908,111.52821377566012,3413,3.8683414459228516,9.625911712646484,31.520843505859375,5,70.806863,147.209429,147.209429,5,205.354703,455.276924,455.276924,5,242.327688,488.353502,488.353502,1127,0,0,0,0,0,0,0,5,0,0,1873
a26__fade_recovery,26,split_ae128_uint6_q5000,FADE_RECOVERY,AE128,UINT6,0.5,2912,2336,256,256,255,964470.0,0.9265561532550225,0.8709111546795997,0.8978723404255319,0.49049055085761933,0.8543813826157686,0.7459651387992253,0.596849173553719,0.6631276901004305,0.8246309811788921,0.5039282734940779,0.6791548280549232,0.6561607539673852,0.6784531065595739,0.5074012813172133,0.5770067653963167,0.6260007432417816,0.8021978021978022,0.08791208791208792,0.08791208791208792,0.08756868131868131,True,1,298.815228672,0.9993895374348534,1208.6296960105676,0.0,0.0006505910253101386,0.0075611151916224655,0.025722891785535832,2912,28.524991997599123,54.75431505490112,76.38413890092468,2912,30.181216275041102,52.82552914781141,94.72909572380829,2912,30.487424289529322,55.86056904954481,98.35690381783294,2912,0.3062080144882202,3.0350399017333984,3.627808094024658,2912,1.375838,4.226609,8.670194,108,101.411309,223.969625,303.74336,255,0.0,0.0,9.199448,137,21.248319625854492,24.753183364868164,25.83180809020996,137,46.8398970129109,81.12619470905908,111.52821377566012,3413,3.8683414459228516,9.625911712646484,31.520843505859375,255,71.545761,146.857927,175.546087,255,246.303275,374.583019,454.655446,255,285.996633,401.283456,492.554154,2080,0,0,0,0,0,0,0,256,0,0,576
a27__fade_recovery,27,split_ae128_uint6_q7000,FADE_RECOVERY,AE128,UINT6,0.7,3423,3423,2692,2646,2584,583381.0,0.9059342076972694,0.869569703848932,0.8873795608908546,0.5307785053970765,0.7715579050155129,0.6984744241699072,0.6030475206611571,0.6472626472626473,0.8536833482011009,0.4720480074099076,0.6218029562127103,0.6035001007986126,0.7108097779249369,0.4912462359948896,0.5444879731820116,0.5818627255176617,1.0,0.7864446392053754,0.7730061349693251,0.7548933683903009,True,70,359.1378944,0.9986230232211329,333.8525413520632,0.002386275668380151,0.033065541618322744,0.15248013109974953,0.37751043681844343,3423,31.23067204286194,62.68387200000811,85.79487396138764,3423,34.29241124097824,64.47084515895747,96.7571049747653,3423,35.179099234981535,67.59465306606197,100.40923295595121,3423,0.8866879940032959,3.123807907104492,3.652127981185913,3423,1.577164,5.677975,14.145868,1345,92.373392,138.86929,192.865801,2584,0.0,56.355668,96.005968,137,21.248319625854492,24.753183364868164,25.83180809020996,137,46.8398970129109,81.12619470905908,111.52821377566012,3413,3.8683414459228516,9.625911712646484,31.520843505859375,2584,73.414745,168.498658,231.777396,2584,208.485704,309.678285,365.156604,2584,247.440655,357.087968,402.903556,731,0,4,0,0,0,0,0,2646,42,0,0
a28__fade_recovery,28,split_ae128_uint6_q9000,FADE_RECOVERY,AE128,UINT6,0.9,3458,3457,3457,3261,3207,197199.0,0.8303730017761989,0.771850170261067,0.8000427830365261,0.7307881733268653,0.44349599492371183,0.5647155812036274,0.5307334710743802,0.5471974437491679,0.8792309327777588,0.3659463757357416,0.40472118532972673,0.40285946928879457,0.8084238948186973,0.4455597621540985,0.4236720067668404,0.414088199263997,0.9997108155002892,0.9997108155002892,0.9430306535569694,0.9274146905725853,True,167,359.401733632,0.9986235896944601,273.4713571495547,0.024606126132532945,0.15532851313166143,0.4117962264743581,0.6753360576844731,3458,26.307185019504548,57.61485599820709,80.69065697105408,3458,32.35014052385473,69.17922151888132,109.12652144939231,3458,33.13318051094198,72.3788374742341,112.98399339229393,3458,0.7830399870872498,3.199615955352783,3.8574719429016113,3458,1.345429,4.942174,11.516145,2045,57.741342,88.492865,113.216116,3207,0.0,62.640642,93.450209,137,21.248319625854492,24.753183364868164,25.83180809020996,137,46.8398970129109,81.12619470905908,111.52821377566012,3413,3.8683414459228516,9.625911712646484,31.520843505859375,3207,74.825649,179.428416,234.948668,3207,165.715308,273.847504,323.907336,3207,204.534905,313.418618,364.202807,0,0,2,0,0,0,0,0,3261,194,0,1
a29__fade_recovery,29,split_ae128_uint6_q9800,FADE_RECOVERY,AE128,UINT6,0.98,2960,2960,2960,2841,2801,41078.0,0.6251142944224322,0.42327933133835516,0.5047683504583769,1.0481481425160668,0.15215891489205619,0.5077554744525548,0.287448347107438,0.36708443271767804,0.9397471425227789,0.1436487142615594,0.1479038145768078,0.14784259361793514,0.9954243367879875,0.3695665905669675,0.2337470497438588,0.18593568862160798,1.0,1.0,0.9597972972972973,0.9462837837837837,True,207,305.501930496,0.9985766371286295,252.90444974362845,0.04915741523995584,0.24661354163516966,0.5424568468616268,0.7714744989020156,2960,24.99852699889493,54.62235298820305,78.74743795754242,2960,33.08625367725992,65.58434066689063,119.16002544488907,2960,33.916397665392395,68.72187671577979,123.12517747011185,2960,0.8301439881324768,3.13753604888916,3.9651520252227783,2960,1.423147,5.130709,13.162136,1771,38.54234,51.819701,68.536392,2801,0.0,60.967127,97.804772,137,21.248319625854492,24.753183364868164,25.83180809020996,137,46.8398970129109,81.12619470905908,111.52821377566012,3413,3.8683414459228516,9.625911712646484,31.520843505859375,2801,74.798162,184.714346,236.675299,2801,145.332921,249.639199,297.233564,2801,182.017103,296.288303,347.174225,0,0,0,0,0,0,0,0,2841,119,0,0
a30__fade_recovery,30,split_ae128_uint4_q0000,FADE_RECOVERY,AE128,UINT4,0.0,2940,2540,415,412,409,921590.0,0.935041782729805,0.865958105458673,0.8991749705346621,0.48268950656347775,0.8963622630336833,0.7837370242214533,0.5849690082644629,0.6699201419698315,0.8480094356705437,0.5180854471408307,0.7072238550872569,0.6814633107101018,0.6899670871616875,0.5015925776297885,0.5846511255263342,0.6430235010291909,0.8639455782312925,0.141156462585034,0.1401360544217687,0.1391156462585034,True,12,306.514326016,0.998901484591678,752.1960408614286,0.0001425983364892329,0.00421538483631122,0.021246548621874382,0.05501301269396391,2940,31.607909018634796,64.72639694501495,94.6388510028844,2940,29.5164819378891,54.92687880465698,94.72909572380829,2940,29.716225938920022,57.98425471255493,98.35690381783294,2940,0.19974400103092194,3.057375907897949,3.627808094024658,2940,1.272948,3.652716,10.540513,111,102.066185,190.830191,254.784166,409,0.0,0.0,24.213502,137,21.248319625854492,24.753183364868164,25.83180809020996,137,46.8398970129109,81.12619470905908,111.52821377566012,3413,3.8683414459228516,9.625911712646484,31.520843505859375,409,72.311081,138.15907,165.931718,409,233.928454,372.1707,408.745323,409,271.406645,399.716824,456.933817,2125,0,3,0,0,0,0,0,412,0,0,400
a31__fade_recovery,31,split_ae128_uint4_q3000,FADE_RECOVERY,AE128,UINT4,0.3,2848,2848,1910,1903,1860,668814.0,0.9315083675052643,0.8672995562893406,0.8982579886715828,0.4853175538892535,0.8869382954296674,0.7495913697286695,0.5922004132231405,0.6616649834078777,0.8397981340431764,0.5057818274601422,0.6963600614449048,0.6697740454114363,0.6858549533448925,0.5036594401256035,0.5808080756347871,0.6359650518988739,1.0,0.6706460674157303,0.668188202247191,0.6530898876404494,True,36,299.076740352,0.9985285291243912,356.3010489634866,0.0005791277308832076,0.014539441562329844,0.09241373449660567,0.27485480813804214,2848,33.09141699944758,67.33493004815674,99.52806800129318,2848,31.333052146140098,64.90833478623247,104.01059769920444,2848,31.973212170306205,68.03649478607988,107.81037377647495,2848,0.6401600241661072,3.128159999847412,3.799776077270508,2848,1.37275,4.617997,10.717424,797,99.609698,175.351661,226.285886,1860,0.0,32.514061,72.087107,137,21.248319625854492,24.753183364868164,25.83180809020996,137,46.8398970129109,81.12619470905908,111.52821377566012,3413,3.8683414459228516,9.625911712646484,31.520843505859375,1860,73.188978,134.183315,195.038986,1860,219.455406,319.94848,362.589598,1860,259.58334,348.0934,390.780583,938,0,0,0,0,0,0,0,1903,7,0,0
a32__fade_recovery,32,split_ae128_uint4_q5000,FADE_RECOVERY,AE128,UINT4,0.5,2920,2920,2422,2394,2346,499291.0,0.9249094302338347,0.86936332679806,0.8962765957446808,0.4927696588002121,0.8527034558747428,0.7463556851311953,0.5950413223140496,0.6621641040379365,0.8313688417565486,0.5001923237225034,0.6764478897986231,0.6530817123761748,0.6833725512770112,0.5049112785015134,0.5742371656047806,0.623250767281755,1.0,0.8294520547945206,0.8198630136986301,0.8034246575342465,True,57,300.930167296,0.9986166292806712,312.44369644933516,0.0035487602741720707,0.04778246245035444,0.21362274507283835,0.47632807789923864,2920,30.937025000698565,62.3504640663147,83.32720400129318,2920,30.923446594259737,57.16414608910608,94.72909572380829,2920,31.398048393309118,60.236562156229496,98.35690381783294,2920,0.47440001368522644,3.072416067123413,3.627808094024658,2920,1.352648,4.423644,11.483605,1232,82.384404,121.001576,183.645403,2346,0.0,59.536424,95.904884,137,21.248319625854492,24.753183364868164,25.83180809020996,137,46.8398970129109,81.12619470905908,111.52821377566012,3413,3.8683414459228516,9.625911712646484,31.520843505859375,2346,74.951513,169.029192,220.453845,2346,195.629854,296.608274,345.479108,2346,233.607489,330.515569,377.707736,498,0,1,0,0,0,0,0,2394,27,0,0
a33__fade_recovery,33,split_ae128_uint4_q7000,FADE_RECOVERY,AE128,UINT4,0.7,2897,2896,2895,2787,2682,309408.0,0.902370990237099,0.8679186874419564,0.8848095939406689,0.5292754064286264,0.7701288840132688,0.6955608878224355,0.5989152892561983,0.6436303080766027,0.853308968786101,0.46964381607158956,0.6198863500424292,0.601403581594711,0.7100241728494132,0.49163231316345424,0.5437549392549864,0.5805740819329747,0.9996548153261995,0.9993096306523991,0.9620296858819468,0.9257852951328961,True,131,301.259864576,0.9985434263982772,285.82668765520674,0.011190059501436029,0.09388503619560228,0.31415561588730706,0.6085876366240859,2897,29.83340605001831,60.87253599170685,94.13015797377777,2897,33.899377553308966,65.55270627570343,98.60002856707763,2897,34.76260956987238,68.68870619368744,102.34191661334228,2897,0.8632320165634155,3.135999917984009,3.7418880462646484,2897,1.460236,4.984371,11.501278,1480,69.116578,123.389206,161.347183,2682,0.0,61.270225,88.588368,137,21.248319625854492,24.753183364868164,25.83180809020996,137,46.8398970129109,81.12619470905908,111.52821377566012,3413,3.8683414459228516,9.625911712646484,31.520843505859375,2682,74.946502,165.534628,210.598396,2682,181.46018,272.446575,313.396625,2682,222.337481,312.861148,351.577741,1,0,0,0,0,0,0,0,2787,108,0,1
a34__fade_recovery,34,split_ae128_uint4_q9000,FADE_RECOVERY,AE128,UINT4,0.9,3037,3037,3037,2867,2821,107401.0,0.823503472605005,0.7708182850067072,0.7962903741605372,0.7340943112759528,0.44239841277840375,0.5623451692815855,0.5276342975206612,0.5444370419720187,0.8793883035041014,0.362565132930789,0.4024817728545964,0.40049748980158667,0.8100056315197868,0.444855561002993,0.4220942258619221,0.41217136282933925,1.0,1.0,0.9440237076061904,0.9288771814290419,True,137,311.33967232,0.9991534941370108,257.62654981523553,0.04175596587844446,0.21772024299662499,0.5080896476386451,0.7524786387043114,3037,25.09370599082184,52.95522699278259,74.75650797665024,3037,31.363572579643247,61.165896871475695,97.625223809474,3037,32.00558857323837,64.26244089880419,101.35651987194348,3037,0.6420159935951233,3.096544027328491,3.7312960624694824,3037,1.326873,4.458672,10.99828,1825,46.743127,67.205107,93.234753,2821,0.0,59.857623,84.000423,137,21.248319625854492,24.753183364868164,25.83180809020996,137,46.8398970129109,81.12619470905908,111.52821377566012,3413,3.8683414459228516,9.625911712646484,31.520843505859375,2821,74.686905,179.268067,233.24026,2821,152.799843,257.967421,312.976683,2821,188.450213,299.368386,349.890296,0,0,2,0,0,0,0,0,2867,168,0,0
a35__fade_recovery,35,split_ae128_uint4_q9800,FADE_RECOVERY,AE128,UINT4,0.98,2931,2931,2931,2809,2768,23428.0,0.6213296820325575,0.4214219378805077,0.5022134776192818,1.04782318430425,0.15160955961665873,0.517097966728281,0.2889979338842975,0.3707753479125248,0.9594185032656966,0.1431260557407857,0.1473678076787222,0.14730674893069182,1.0045937711269386,0.36619336291028215,0.232255793835828,0.18500547872500223,1.0,1.0,0.9583759808938929,0.944387581030365,True,213,300.451063808,0.9990056552231383,245.03560380566378,0.06743483126406065,0.2822933625031207,0.5671849083646431,0.7946437637064637,2931,24.4044499981966,53.09519898833847,77.09950099821926,2931,32.52566979657888,62.50903853745031,108.47046680258512,2931,33.32020855063581,65.61198243469762,112.28701085852384,2931,0.7951359748840332,3.1029438972473145,3.8165440559387207,2931,1.451923,4.899843,11.406754,1663,36.171842,46.925952,63.202933,2768,0.0,59.984997,85.632205,137,21.248319625854492,24.753183364868164,25.83180809020996,137,46.8398970129109,81.12619470905908,111.52821377566012,3413,3.8683414459228516,9.625911712646484,31.520843505859375,2768,73.610496,170.098116,214.355441,2768,141.29011,236.682237,275.566294,2768,177.605104,281.52924,322.793191,0,0,0,0,0,0,0,0,2809,122,0,0
a36__fade_recovery,36,split_ae64_uint8_q0000,FADE_RECOVERY,AE64,UINT8,0.0,3054,1410,2,2,2,1222035.0,0.9303818483674599,0.8674027448147766,0.8977891701377764,0.49325590210623077,0.8961738189492368,0.7723322905804657,0.5738636363636364,0.658467921173507,0.842777578367873,0.5214509386599592,0.7088123788045979,0.6836012573814941,0.6904981649368258,0.5013262636826036,0.5854120465209051,0.644164035999644,0.46168958742632615,0.0006548788474132286,0.0006548788474132286,0.0006548788474132286,True,1,309.012537856,0.9988907972848671,154550.6254206268,0.0,0.0,0.0,0.0,3054,23.289247988407134,45.216527020618436,66.41953800452613,3054,28.98506883730936,47.950734555100915,77.75065340880155,3054,29.138828838372707,50.62030261692953,81.05394949797392,3054,0.15376000106334686,2.6695680618286133,3.3032960891723633,3054,1.380716,4.087745,7.185265,0,,,,2,0.0,0.0,0.0,283,21.2508487701416,25.162912368774414,45.729183197021484,283,31.96965777488113,61.4932280378873,200.83095139299377,3413,3.8683414459228516,9.625911712646484,31.520843505859375,2,59.149633,110.708411,110.708411,2,313.789657,345.161253,345.161253,2,342.757546,372.912979,372.912979,1408,0,0,0,0,0,0,0,2,0,0,1644
a37__fade_recovery,37,split_ae64_uint8_q3000,FADE_RECOVERY,AE64,UINT8,0.3,3021,2753,549,549,544,861906.0,0.9282719046568086,0.8680218759673924,0.8971364581666932,0.49778825107948294,0.8859348742520038,0.7459743674005915,0.5862603305785123,0.6565437454808387,0.8386676651110699,0.5114633038970723,0.698699089074538,0.6731442474110338,0.6896218512400923,0.5017657753009004,0.5811718723334247,0.6372317143670013,0.9112876530950017,0.1817279046673287,0.1817279046673287,0.18007282356835486,True,3,307.743871488,0.9986570157124441,630.3328996175927,0.00014698416180081042,0.0059858562872204275,0.0415997571587683,0.10564572795812036,3021,23.523927983528136,49.34004199844026,76.42643895982361,3021,27.858467790575027,48.63292128189134,90.03058602102185,3021,27.982915791959762,51.57698518379259,93.61452199705029,3021,0.12444800138473511,2.944063901901245,3.5839359760284424,3021,1.292064,4.151831,8.852991,205,97.217281,231.04081,281.262565,544,0.0,0.0,8.354266,283,21.2508487701416,25.162912368774414,45.729183197021484,283,31.96965777488113,61.4932280378873,200.83095139299377,3413,3.8683414459228516,9.625911712646484,31.520843505859375,544,58.203022,100.723101,124.253094,544,200.546792,322.39545,375.108219,544,236.2258,348.618049,413.295184,2204,0,0,0,0,0,0,0,549,0,0,268
a38__fade_recovery,38,split_ae64_uint8_q5000,FADE_RECOVERY,AE64,UINT8,0.5,3014,3014,2254,2252,2189,619149.0,0.9135802469135802,0.8704984005778558,0.8915191545574637,0.4992602108715341,0.8517953237661653,0.7443070917371503,0.5909090909090909,0.6587964295997696,0.8350271105575521,0.5014169573053521,0.6766061405357586,0.6535324165561781,0.6879429603991827,0.5026088928184345,0.5731240740941325,0.6227192528105753,1.0,0.747843397478434,0.7471798274717982,0.7262773722627737,True,31,309.007390208,0.9986128384058663,307.5617830224555,0.003415143389579292,0.05686153027011037,0.2374555017943398,0.5005752364332786,3014,26.1061310001111,56.159590995627404,81.90864500227642,3014,29.727160960728646,55.380276291337964,94.72909572380829,3014,29.944312960202218,58.444564192262646,98.35690381783294,3014,0.21715199947357178,3.0642879009246826,3.627808094024658,3014,1.363662,4.540553,13.692208,1217,94.076623,166.983697,204.111728,2189,0.0,23.032301,64.527531,283,21.2508487701416,25.162912368774414,45.729183197021484,283,31.96965777488113,61.4932280378873,200.83095139299377,3413,3.8683414459228516,9.625911712646484,31.520843505859375,2189,59.269607,112.55471,151.889907,2189,189.94973,273.167962,312.427936,2189,222.378171,306.894863,342.058677,760,0,0,0,0,0,0,0,2252,2,0,0
a39__fade_recovery,39,split_ae64_uint8_q7000,FADE_RECOVERY,AE64,UINT8,0.7,2878,2878,2797,2702,2588,374317.0,0.8942062818336163,0.869569703848932,0.8817159298979858,0.5352869410761808,0.766853997434211,0.6934416365824309,0.5952995867768595,0.640633685380767,0.8503608061813861,0.4646101624347283,0.6157320799344697,0.5968987856509925,0.7105088352639084,0.4913940951918243,0.5415833626470334,0.5774688306225385,1.0,0.9718554551772064,0.9388464211257818,0.8992355802640722,True,69,299.402950144,0.9986608470597662,279.5346981374096,0.017817147988803485,0.1364551991500099,0.39278565857964615,0.662334973411664,2878,27.534146971054078,57.17235099878192,94.98841205593872,2878,31.410031586021425,64.90833478623247,126.70060428128673,2878,32.06658586336136,68.03649478607988,130.75369246945812,2878,0.6587520241737366,3.128159999847412,4.053088188171387,2878,1.45074,4.754839,11.33915,1560,71.540609,135.978424,228.694225,2588,0.0,47.695236,87.377349,283,21.2508487701416,25.162912368774414,45.729183197021484,283,31.96965777488113,61.4932280378873,200.83095139299377,3413,3.8683414459228516,9.625911712646484,31.520843505859375,2588,59.551205,151.855177,210.044262,2588,168.439774,267.483804,329.767657,2588,204.160906,308.183319,367.868604,81,0,0,0,0,0,0,0,2702,95,0,0
a40__fade_recovery,40,split_ae64_uint8_q9000,FADE_RECOVERY,AE64,UINT8,0.9,2969,2969,2969,2872,2840,126319.0,0.8172572178477691,0.7711278505830151,0.7935226971064507,0.7240046718022123,0.42860229528678495,0.5614471140568904,0.525051652892562,0.5426397971440011,0.882412433177278,0.3535907018170673,0.39109649855192613,0.3892939588419787,0.8071042271656348,0.44614814110666556,0.416752655758069,0.4037208248644068,1.0,1.0,0.9673290670259347,0.9565510272819131,True,99,302.944597504,0.9983755578806996,235.35694493356038,0.06717029918888492,0.31996379513161693,0.644314388958274,0.8530703850250629,2969,23.979437994010926,51.7971910011909,73.39751489167786,2969,29.726471069766045,51.476027940437795,86.22699280436993,2969,29.942855063391686,54.49717995993853,89.72286482509136,2969,0.21638399362564087,3.0211520195007324,3.4958720207214355,2969,1.262205,3.981879,10.610927,1839,48.998822,70.252961,93.487438,2840,0.0,43.5105,74.348174,283,21.2508487701416,25.162912368774414,45.729183197021484,283,31.96965777488113,61.4932280378873,200.83095139299377,3413,3.8683414459228516,9.625911712646484,31.520843505859375,2840,58.601297,148.1367,197.708963,2840,137.100458,225.376602,287.627955,2840,168.142998,264.514814,322.744487,0,0,3,0,0,0,0,0,2872,94,0,0
a41__fade_recovery,41,split_ae64_uint8_q9800,FADE_RECOVERY,AE64,UINT8,0.98,3531,3531,3530,3406,3375,26252.0,0.6292667993264962,0.4242080280672789,0.5067800788954636,1.0484705181836553,0.1457452781619431,0.4887317719840919,0.2856404958677686,0.36055419722901383,0.9662643151584506,0.1382328081380468,0.14198904314999494,0.14193934998155425,1.0082056224423994,0.3648731126398531,0.2275738395199395,0.17975814785262645,1.0,0.9997167941093175,0.9645992636646842,0.9558198810535259,True,168,359.36005632,0.9987540803210435,225.45336044965202,0.11483715612024535,0.40574166977857623,0.7048072687061849,0.8657080521268993,3531,20.587753981666566,45.49316500282907,62.84152894290161,3531,30.830420789669514,55.394538709118365,104.01059769920444,3531,31.263359309660913,58.459082671597,107.81037377647495,3531,0.4314559996128082,3.0645439624786377,3.799776077270508,3531,1.376286,4.571978,11.019949,2084,37.974364,50.740846,69.871347,3375,0.0,48.866098,85.162552,283,21.2508487701416,25.162912368774414,45.729183197021484,283,31.96965777488113,61.4932280378873,200.83095139299377,3413,3.8683414459228516,9.625911712646484,31.520843505859375,3375,58.354777,155.840484,237.388267,3375,123.603475,222.84753,307.35858,3375,155.114333,262.038245,332.665287,1,1,0,0,0,0,0,0,3406,123,0,0
a42__fade_recovery,42,split_ae64_uint6_q0000,FADE_RECOVERY,AE64,UINT6,0.0,3044,2370,278,278,276,963655.0,0.9292739529229749,0.8677123103910845,0.8974386339381003,0.4926401750737458,0.8961117336388841,0.7674740484429066,0.5728305785123967,0.6560189293108547,0.841280228897261,0.5210304439161021,0.7085710887774931,0.683301905731497,0.689364477482746,0.5018949332640195,0.5856157139082651,0.6441664101838812,0.778580814717477,0.09132720105124836,0.09132720105124836,0.09067017082785808,True,2,310.44174976,0.9988714917814023,1016.2880383101004,0.0,0.0026102800948212255,0.018852706082621455,0.05348749094745471,3044,25.97859800099516,49.554677999095915,67.24340602394867,3044,27.480108068243027,46.627695751805305,86.22699280436993,3044,27.599916071549416,49.033231688160896,89.72286482509136,3044,0.11980800330638885,2.405535936355591,3.4958720207214355,3044,1.304323,3.754585,6.732182,89,106.512131,187.35873,273.486624,276,0.0,0.0,0.0,283,21.2508487701416,25.162912368774414,45.729183197021484,283,31.96965777488113,61.4932280378873,200.83095139299377,3413,3.8683414459228516,9.625911712646484,31.520843505859375,276,59.553718,86.486858,108.367334,276,208.325174,297.551946,331.817703,276,238.747352,319.46901,359.211916,2092,0,0,0,0,0,0,0,278,0,0,674
a43__fade_recovery,43,split_ae64_uint6_q3000,FADE_RECOVERY,AE64,UINT6,0.3,3591,3589,2501,2497,2418,682733.0,0.928082947275535,0.8682282530182643,0.8971583941994988,0.49711989155394737,0.8859167977097602,0.7404129793510325,0.5834194214876033,0.6526072511916798,0.8389798771118521,0.511150597419612,0.6985336975646861,0.6729315718655303,0.6895706710617944,0.5017914564199206,0.5810949264254085,0.6371141087686096,0.999443052074631,0.696463380673907,0.695349484823169,0.6733500417710944,True,31,370.534727936,0.9989462812050712,330.6065928411391,0.0016596972554384177,0.03319734686818513,0.15716502936010512,0.38425901882965363,3591,27.86673199827194,59.12335202394867,81.04247005289459,3591,29.8468476590929,52.77031637576723,94.72909572380829,3591,30.084181832845687,55.80526043323183,98.35690381783294,3591,0.23600000143051147,3.0349440574645996,3.627808094024658,3591,1.359511,4.60589,10.836685,1194,105.193096,199.261676,244.537375,2418,0.0,22.824838,56.420626,283,21.2508487701416,25.162912368774414,45.729183197021484,283,31.96965777488113,61.4932280378873,200.83095139299377,3413,3.8683414459228516,9.625911712646484,31.520843505859375,2418,59.494455,111.337721,160.035242,2418,207.685155,297.350349,336.933075,2418,241.395676,326.797056,363.683302,1088,0,0,0,0,0,0,0,2497,4,0,2
a44__fade_recovery,44,split_ae64_uint6_q5000,FADE_RECOVERY,AE64,UINT6,0.5,3011,3011,2557,2539,2487,490765.0,0.9147505422993493,0.8702920235269838,0.8919676378827136,0.4979807940588803,0.8517413722357858,0.7429037520391517,0.5880681818181818,0.6564797462880206,0.8257537273365861,0.5009929058177888,0.6763671390267874,0.653235321367145,0.6818555893522389,0.5056777909244787,0.5747404581746267,0.6234866152360587,1.0,0.8492195283958818,0.8432414480239123,0.825971438060445,True,61,309.440553216,0.998780232370718,286.66572276314014,0.008610975204468529,0.09230768873419619,0.3273463525069812,0.6203095047694448,3011,28.13244297406006,57.56965495700836,86.40201699060059,3011,31.31753511142826,56.741989981128214,94.72909572380829,3011,31.95062310409641,59.81034196515226,98.35690381783294,3011,0.6330879926681519,3.068351984024048,3.627808094024658,3011,1.450462,5.055543,15.617341,1296,81.086344,117.367531,189.462997,2487,0.0,34.600049,68.366533,283,21.2508487701416,25.162912368774414,45.729183197021484,283,31.96965777488113,61.4932280378873,200.83095139299377,3413,3.8683414459228516,9.625911712646484,31.520843505859375,2487,59.584059,125.884264,180.479479,2487,177.279516,256.138423,304.647731,2487,211.207867,294.608086,342.517298,454,0,0,0,0,0,0,0,2539,18,0,0
a45__fade_recovery,45,split_ae64_uint6_q7000,FADE_RECOVERY,AE64,UINT6,0.7,3471,3471,3471,3396,3295,296418.0,0.8928950159066809,0.8688473841708801,0.8807070759897494,0.5347017026062303,0.7667868916972334,0.6920759264838807,0.5932334710743802,0.6388541232095676,0.847376534496262,0.46421038438201273,0.615498638039623,0.5966158208879995,0.7085029647026526,0.49238075736883097,0.5419982931219064,0.5775804803110418,1.0,1.0,0.9783923941227312,0.9492941515413426,True,100,359.337874944,0.9988939688084315,262.673867874566,0.018190867286168175,0.1672828605734028,0.4718922806715712,0.7521141907295978,3471,27.414238009384157,55.14939499935722,81.29374999807644,3471,32.48092650579453,60.722494055583,97.625223809474,3471,33.27219050334931,63.81702201540661,101.35651987194348,3471,0.791263997554779,3.0945279598236084,3.7312960624694824,3471,1.49802,4.542196,12.20591,2111,67.267843,120.204548,157.511985,3295,0.0,42.939782,73.892278,283,21.2508487701416,25.162912368774414,45.729183197021484,283,31.96965777488113,61.4932280378873,200.83095139299377,3413,3.8683414459228516,9.625911712646484,31.520843505859375,3295,58.739613,135.145371,187.303184,3295,161.211968,243.574324,294.938077,3295,195.870435,288.479697,342.924855,0,0,0,0,0,0,0,0,3396,75,0,0
a46__fade_recovery,46,split_ae64_uint6_q9000,FADE_RECOVERY,AE64,UINT6,0.9,2965,2965,2965,2901,2862,100059.0,0.8177938279711097,0.7711278505830151,0.7937755589781719,0.7242460864456617,0.4285436573194651,0.5577557755775577,0.5237603305785123,0.5402237613212573,0.8758125880907484,0.35317983782873613,0.39086174757410064,0.3890411024488571,0.8036106280998503,0.4477095296803761,0.4173456708817198,0.40388668988135085,1.0,1.0,0.9784148397976391,0.9652613827993255,True,135,303.23262464,0.9984855805256931,230.01088498637313,0.08223972044764741,0.3508676027598031,0.6677808335775252,0.8643650659297344,2965,24.14115300032425,53.94094000787735,80.55477996984864,2965,29.45069761117506,55.380276291337964,95.68319638038827,2965,29.635721604428767,58.444564192262646,99.3345883634205,2965,0.18502399325370789,3.0642879009246826,3.6513919830322266,2965,1.225526,4.18983,11.760367,1913,45.925847,63.660102,76.49248,2862,0.0,41.708605,69.274204,283,21.2508487701416,25.162912368774414,45.729183197021484,283,31.96965777488113,61.4932280378873,200.83095139299377,3413,3.8683414459228516,9.625911712646484,31.520843505859375,2862,58.954717,137.260241,181.306559,2862,133.939013,218.784983,266.028023,2862,164.381769,261.148548,307.30829,0,0,0,0,0,0,0,0,2901,64,0,0
a47__fade_recovery,47,split_ae64_uint6_q9800,FADE_RECOVERY,AE64,UINT6,0.98,3025,3025,3025,2924,2893,20954.0,0.6281269066503966,0.4249303477453307,0.5069243552655875,1.0479992957100632,0.1456768733168753,0.48542402826855124,0.28383264462809915,0.35821382007822683,0.9558911775976032,0.1381498156480138,0.14191334448244453,0.1418634314857264,1.0030031074771706,0.36677631690039425,0.22810556087738446,0.17992004624041613,1.0,1.0,0.9666115702479339,0.9563636363636364,True,165,307.82419584,0.998789124243522,221.0258751152758,0.1266169296297251,0.42486188442112555,0.7205728477539551,0.8786440030191228,3025,20.525214993879317,44.91984300324583,71.6108010013442,3025,30.059632642823217,54.83813334831524,97.625223809474,3025,30.326608641701696,57.89486934074688,101.35651987194348,3025,0.266975998878479,3.0567359924316406,3.7312960624694824,3025,1.323145,4.132426,9.607979,1837,36.099531,48.88684,66.54573,2893,0.0,49.420878,80.802686,283,21.2508487701416,25.162912368774414,45.729183197021484,283,31.96965777488113,61.4932280378873,200.83095139299377,3413,3.8683414459228516,9.625911712646484,31.520843505859375,2893,58.701565,152.529192,207.437505,2893,121.540725,214.255918,267.362572,2893,152.739499,260.03869,311.156604,0,0,0,0,0,0,0,0,2924,101,0,0
a48__fade_recovery,48,split_ae64_uint4_q0000,FADE_RECOVERY,AE64,UINT4,0.0,3483,3482,3045,3011,2909,488481.0,0.9288480690494633,0.8661644825095449,0.8964117898334045,0.49199761738791004,0.8949931705278766,0.7771528998242531,0.5710227272727273,0.6583296114336757,0.8330358251248009,0.520162500852295,0.7075778356900858,0.6823062991263563,0.6841090342396956,0.5045395568473644,0.5867286577246564,0.6443261548083871,0.9997128911857595,0.8742463393626184,0.8644846396784381,0.8351995406258972,True,72,359.692933376,0.9991033955630625,286.2080283111471,0.011024107356746249,0.10650854129500728,0.3447883619563901,0.6176889092195452,3483,26.045266001256227,55.72517097592926,83.19116196820069,3483,30.83329131012392,59.767973419384475,109.12652144939231,3483,31.266068783949375,62.85501336689424,112.98399339229393,3483,0.43564799427986145,3.0870399475097656,3.8574719429016113,3483,1.39149,4.763697,13.451282,1696,80.582145,128.246869,227.303963,2909,0.0,39.101192,76.009381,283,21.2508487701416,25.162912368774414,45.729183197021484,283,31.96965777488113,61.4932280378873,200.83095139299377,3413,3.8683414459228516,9.625911712646484,31.520843505859375,2909,59.016478,133.763719,187.444353,2909,174.441046,265.189621,315.259836,2909,209.091971,314.037678,354.334476,437,0,0,0,0,0,0,0,3011,34,0,1
a49__fade_recovery,49,split_ae64_uint4_q3000,FADE_RECOVERY,AE64,UINT4,0.3,2913,2913,2866,2796,2663,356022.0,0.9269557541652874,0.8668868021875967,0.8959155380185561,0.4960877151271436,0.8850033039022546,0.7459423650215303,0.5816115702479339,0.6536061529531273,0.837100303665708,0.51090932793165,0.6979563159169523,0.6724257901166423,0.6880552083580541,0.502552479162323,0.5813168222886745,0.6369723288064819,1.0,0.9838654308273258,0.9598352214212152,0.9141778235496052,True,75,300.627502848,0.998375509391611,269.38658036433173,0.0162289647879183,0.14572692141593743,0.4240522728003896,0.7084748517426503,2913,28.89648198812103,58.42760098098755,79.57980299961854,2913,30.534453356315137,57.899969343902114,104.01059769920444,2913,30.888725364257336,60.9771533057704,107.81037377647495,2913,0.3542720079421997,3.077183961868286,3.799776077270508,2913,1.319698,4.729215,13.734782,1650,69.320499,147.029357,212.017512,2663,0.0,48.140155,80.52096,283,21.2508487701416,25.162912368774414,45.729183197021484,283,31.96965777488113,61.4932280378873,200.83095139299377,3413,3.8683414459228516,9.625911712646484,31.520843505859375,2663,59.482967,139.120028,197.882184,2663,165.600633,260.145383,315.347501,2663,200.522432,297.758612,352.337096,47,0,0,0,0,0,0,0,2796,70,0,0
a50__fade_recovery,50,split_ae64_uint4_q5000,FADE_RECOVERY,AE64,UINT4,0.5,3458,3458,3457,3389,3318,263043.0,0.9124878154446009,0.86936332679806,0.8904037201437328,0.49775498958523795,0.8504232546512555,0.7398241615109085,0.5867768595041323,0.6544721302030823,0.8314416137538324,0.499804691207308,0.6751139729292818,0.651955161177887,0.6852208354751691,0.503978920860358,0.5732117048523803,0.6220797628861249,1.0,0.9997108155002892,0.9800462695199538,0.9595141700404858,True,117,359.404501504,0.9989193641332406,262.4333225367507,0.0215376496527099,0.16907280112718262,0.4689427747168165,0.7481817533746368,3458,28.572561947158814,59.95448202270508,88.98165703595734,3458,32.9687525554142,69.17389724708224,109.12652144939231,3458,33.794288568063735,72.3717531964841,112.98399339229393,3458,0.8255360126495361,3.1978559494018555,3.8574719429016113,3458,1.443655,5.138462,11.120918,2102,62.435822,103.750357,140.102372,3318,0.0,46.461466,79.134045,283,21.2508487701416,25.162912368774414,45.729183197021484,283,31.96965777488113,61.4932280378873,200.83095139299377,3413,3.8683414459228516,9.625911712646484,31.520843505859375,3318,59.103159,143.375024,192.904833,3318,158.292799,245.003619,294.370013,3318,197.35204,292.686889,343.778212,1,0,1,0,0,0,0,0,3389,67,0,0
a51__fade_recovery,51,split_ae64_uint4_q7000,FADE_RECOVERY,AE64,UINT4,0.7,3023,3023,3022,2974,2920,162231.0,0.8918088375543075,0.8684346300691363,0.8799665411961523,0.5336360440784779,0.7657529696808371,0.6914925825007568,0.5898760330578512,0.6366550522648082,0.845588723892877,0.46316697241348775,0.6144599710471624,0.5955430165686695,0.7070317240104971,0.49310570112772045,0.5419092698384217,0.5770455391518987,1.0,0.9996692027786966,0.9837909361561363,0.9659278862057559,True,110,309.543557632,0.9984899363805991,240.04830502425347,0.04939552990528575,0.2806753343104253,0.6191350280138658,0.8508502406278889,3023,25.48821201053238,55.243299000005244,83.09111500126171,3023,29.42573760068941,56.501872355700016,109.12652144939231,3023,29.609033595686434,59.569104249239444,112.98399339229393,3023,0.18329599499702454,3.0672318935394287,3.8574719429016113,3023,1.27272,4.794879,11.218159,1825,52.933107,81.308132,100.873065,2920,0.0,39.748167,68.112031,283,21.2508487701416,25.162912368774414,45.729183197021484,283,31.96965777488113,61.4932280378873,200.83095139299377,3413,3.8683414459228516,9.625911712646484,31.520843505859375,2920,58.825434,131.596815,176.214811,2920,143.735998,221.057627,260.785629,2920,174.25478,263.437123,305.206839,1,0,1,0,0,0,0,0,2974,47,0,0
a52__fade_recovery,52,split_ae64_uint4_q9000,FADE_RECOVERY,AE64,UINT4,0.9,3007,3007,3007,2910,2856,55897.0,0.8118262005880431,0.7692704571251677,0.789975627847833,0.724689993809808,0.4275062747626521,0.5519392459994575,0.5255681818181818,0.5384310093927768,0.8857474053781771,0.351707864201313,0.38960706948198254,0.38775935685606877,0.8092354580906079,0.4451983089066219,0.41548743655499515,0.40233921330485894,1.0,1.0,0.967741935483871,0.9497838377120054,True,161,308.70777088,0.9986220711393581,231.74695355474975,0.0954753904638735,0.36955195854576084,0.6711273547549773,0.8463962225381347,3007,24.0158350019989,52.05921599867391,75.91701799777746,3007,30.76698997785139,62.079219249822145,108.47046680258512,3007,31.175501974120618,65.17886724863196,112.28701085852384,3007,0.4085119962692261,3.0996479988098145,3.8165440559387207,3007,1.374351,4.486891,12.521498,1894,41.127964,54.180771,73.11918,2856,0.0,46.77718,85.392809,283,21.2508487701416,25.162912368774414,45.729183197021484,283,31.96965777488113,61.4932280378873,200.83095139299377,3413,3.8683414459228516,9.625911712646484,31.520843505859375,2856,58.393125,150.98166,219.7395,2856,128.158403,226.404757,290.798795,2856,161.117624,272.162227,338.947149,0,0,0,0,0,0,0,0,2910,97,0,0
a53__fade_recovery,53,split_ae64_uint4_q9800,FADE_RECOVERY,AE64,UINT4,0.98,2998,2998,2998,2907,2874,12254.0,0.6176782200696231,0.4211123723041998,0.500797643882685,1.0437350226334656,0.14489273029147884,0.48222904782799475,0.28383264462809915,0.35734026987481704,0.9527248122557322,0.1375679844806368,0.14123035738605783,0.1411828632380547,0.9992665723818148,0.3681493530820857,0.22798328835106843,0.17943846101622157,1.0,1.0,0.9696464309539693,0.9586390927284857,True,172,304.008956928,0.998718946030619,216.00544460277783,0.13786053920748775,0.4580267867995019,0.754141212511374,0.8990419236586211,2998,19.62319301669693,45.27618499707651,66.66534500130153,2998,28.155981826812265,53.73294679624748,97.625223809474,2998,28.28638182881498,56.781458778211594,101.35651987194348,2998,0.13040000200271606,3.0485119819641113,3.7312960624694824,2998,1.293476,4.218094,9.383386,1845,36.150307,49.080474,66.264212,2874,0.0,42.878622,81.478763,283,21.2508487701416,25.162912368774414,45.729183197021484,283,31.96965777488113,61.4932280378873,200.83095139299377,3413,3.8683414459228516,9.625911712646484,31.520843505859375,2874,58.470709,146.686415,215.734286,2874,118.394507,206.224251,272.13144,2874,148.49276,247.349462,306.154074,0,0,0,0,0,0,0,0,2907,91,0,0
a54__fade_recovery,54,split_ae32_uint8_q0000,FADE_RECOVERY,AE32,UINT8,0.0,2928,2928,2138,2137,2089,603686.0,0.9307161921708185,0.8635847693736457,0.8958946635979232,0.5109516236161324,0.8893488395128105,0.7284117846258042,0.5555268595041323,0.6303296703296704,0.8499923961789104,0.4802848077132848,0.6848168236130476,0.6535600480257673,0.7012697894669098,0.495955145172292,0.5693298415658796,0.6244090435678085,1.0,0.730191256830601,0.7298497267759563,0.7134562841530054,True,21,299.440641024,0.9990872383285537,302.5556338344305,0.0059213054578583025,0.06992420866251692,0.2604430226281454,0.5268781828093766,2928,22.648528998613596,48.92807602061844,73.22700799414444,2928,31.36087544567728,57.899969343902114,94.72909572380829,2928,32.00285943157816,60.9771533057704,98.35690381783294,2928,0.6419839859008789,3.077183961868286,3.627808094024658,2928,1.481414,4.707677,11.658318,1180,101.061858,164.827908,236.975718,2089,0.0,14.751109,51.064763,297,20.86115264892578,24.514368057250977,36.6319694519043,297,26.491951585558283,42.54674534519594,113.20035942398339,3413,3.8683414459228516,9.625911712646484,31.520843505859375,2089,52.70034,98.248069,134.373407,2089,184.912743,263.019736,304.782009,2089,217.48321,299.326961,338.17211,790,0,0,0,0,0,0,0,2137,1,0,0
a55__fade_recovery,55,split_ae32_uint8_q3000,FADE_RECOVERY,AE32,UINT8,0.3,3015,3015,2772,2752,2670,427802.0,0.9264054891544932,0.8637911464245176,0.8940033107278261,0.5124666913503791,0.8771353300339604,0.699047619047619,0.568698347107438,0.6271717459413273,0.8505507853389016,0.461722327210798,0.6694288286223792,0.6363905765032128,0.7021605045088434,0.4955135871447445,0.5615515803452243,0.6131221873668815,1.0,0.9194029850746268,0.9127694859038142,0.8855721393034826,True,72,311.413334272,0.9985766839398956,268.24203346940646,0.018027157029495124,0.15387463381110747,0.4397688954172491,0.7180101926422368,3015,26.436191991371153,54.85798294715882,88.40492199454212,3015,31.160292373499395,64.78062821358728,109.12652144939231,3015,31.715145483963013,67.90706015557336,112.98399339229393,3015,0.5531200170516968,3.126431941986084,3.8574719429016113,3015,1.396071,4.760491,11.732021,1580,74.980688,110.562707,206.399287,2670,0.0,31.79879,60.025131,297,20.86115264892578,24.514368057250977,36.6319694519043,297,26.491951585558283,42.54674534519594,113.20035942398339,3413,3.8683414459228516,9.625911712646484,31.520843505859375,2670,52.416622,114.037002,152.384548,2670,160.702795,242.116718,287.721256,2670,196.099947,279.104287,326.013036,243,0,0,0,0,0,0,0,2752,20,0,0
a56__fade_recovery,56,split_ae32_uint8_q5000,FADE_RECOVERY,AE32,UINT8,0.5,2939,2939,2938,2882,2790,308335.0,0.9142732811140122,0.8671963677639046,0.8901127998729016,0.5176745708584554,0.8446280605381054,0.6803053435114503,0.5754132231404959,0.6234783825381279,0.8539264007105956,0.45166487647690656,0.648146468507506,0.6176478192561458,0.7061080863239134,0.4935613625373824,0.5521296036623161,0.5982147212934326,1.0,0.9996597482136781,0.9806056481796529,0.9493024838380402,True,96,301.307310848,0.9976005002800455,254.48172913144094,0.03551674088783908,0.21078810800923378,0.5125466337519672,0.7732533864156204,2939,25.408087999349593,53.81914299607086,77.3902579998474,2939,30.76698997785139,61.83652079306745,108.47046680258512,2939,31.175501974120618,64.93517673216962,112.28701085852384,2939,0.4085119962692261,3.098655939102173,3.8165440559387207,2939,1.36037,4.918955,12.661882,1758,66.777809,129.899039,177.194322,2790,0.0,40.72177,74.397802,297,20.86115264892578,24.514368057250977,36.6319694519043,297,26.491951585558283,42.54674534519594,113.20035942398339,3413,3.8683414459228516,9.625911712646484,31.520843505859375,2790,52.163488,133.206983,179.978877,2790,154.864851,243.490478,296.359033,2790,189.396696,285.791461,334.083545,1,0,1,0,0,0,0,0,2882,55,0,0
a57__fade_recovery,57,split_ae32_uint8_q7000,FADE_RECOVERY,AE32,UINT8,0.7,3020,3020,3020,2985,2935,186833.0,0.8859528591058028,0.8649262202043133,0.8753132832080202,0.5511526150644374,0.7633998233285261,0.6268156424581005,0.5795454545454546,0.6022544283413848,0.8700961803647626,0.4283756085652829,0.5958877159469045,0.571858255074618,0.7282982109609075,0.48272979574832053,0.5254074786954991,0.55953897310311,1.0,1.0,0.9884105960264901,0.9718543046357616,True,74,307.323002624,0.9985424633750958,232.38967309670028,0.06198240916351252,0.3182284147557086,0.6578033094364044,0.8694575963059819,3020,24.473358001690865,52.27398800185442,69.29353199928188,3020,30.181216275041102,53.73294679624748,94.72909572380829,3020,30.487424289529322,56.781458778211594,98.35690381783294,3020,0.3062080144882202,3.0485119819641113,3.627808094024658,3020,1.327828,4.144301,10.825722,1918,58.082261,89.391089,107.676582,2935,0.0,35.638801,68.920883,297,20.86115264892578,24.514368057250977,36.6319694519043,297,26.491951585558283,42.54674534519594,113.20035942398339,3413,3.8683414459228516,9.625911712646484,31.520843505859375,2935,52.186245,128.361764,175.364267,2935,139.214417,223.535964,259.305906,2935,169.262675,261.060093,308.796061,0,0,0,0,0,0,0,0,2985,35,0,0
a58__fade_recovery,58,split_ae32_uint8_q9000,FADE_RECOVERY,AE32,UINT8,0.9,3035,3035,3035,2998,2960,63503.0,0.8123362445414847,0.7678258177690641,0.7894541403639065,0.7412648735152856,0.4453784674559099,0.5428416485900217,0.5170454545454546,0.5296296296296296,0.8916575563097631,0.32537014456001256,0.38537430600796124,0.38067421286455205,0.819916706267146,0.44046834123043604,0.40948130493302276,0.3972449794670765,1.0,1.0,0.9878088962108732,0.9752883031301482,True,114,310.221664768,0.9987339677378957,220.1445290317637,0.10470876259171787,0.41077647176672893,0.732586039627374,0.8969143788042145,3035,23.96396798590088,51.806988998274804,76.819991102005,3035,30.148014296603204,53.18314183997965,94.72909572380829,3035,30.438510288310052,56.22669376182413,98.35690381783294,3035,0.29049599170684814,3.0435519218444824,3.627808094024658,3035,1.319306,4.136796,9.361585,1890,42.074857,56.441533,73.873652,2960,0.0,35.761058,68.434954,297,20.86115264892578,24.514368057250977,36.6319694519043,297,26.491951585558283,42.54674534519594,113.20035942398339,3413,3.8683414459228516,9.625911712646484,31.520843505859375,2960,51.607608,132.039507,180.257012,2960,123.855952,208.705584,255.538167,2960,154.789461,250.206595,300.595764,0,0,0,0,0,0,0,0,2998,37,0,0
a59__fade_recovery,59,split_ae32_uint8_q9800,FADE_RECOVERY,AE32,UINT8,0.98,2951,2951,2951,2855,2833,13410.0,0.6092430278884462,0.3944897327417191,0.47889264687460853,1.0456997067641771,0.14245058249990283,0.4537286612758311,0.26084710743801653,0.33125614955723187,0.9347859903595365,0.11958228079834178,0.1310164316491223,0.1305165336514525,0.9917945161421153,0.3709104885862656,0.22002261534952725,0.16978391544902735,1.0,1.0,0.9674686546933243,0.9600135547272111,True,151,299.589986048,0.9991974481050863,213.8363540840294,0.1581566031663304,0.49171357040751607,0.7697749423408659,0.8935618274273995,2951,19.980433928604125,44.018010015060426,66.5874489743309,2951,29.622693744529727,53.73294679624748,94.72909572380829,2951,29.82899774335766,56.781458778211594,98.35690381783294,2951,0.20630399882793427,3.0485119819641113,3.627808094024658,2951,1.329344,4.346589,9.136467,1911,36.452634,49.361694,66.336931,2833,0.0,40.311558,81.674179,297,20.86115264892578,24.514368057250977,36.6319694519043,297,26.491951585558283,42.54674534519594,113.20035942398339,3413,3.8683414459228516,9.625911712646484,31.520843505859375,2833,51.74203,149.194633,238.294701,2833,112.136346,213.78303,301.987462,2833,142.848453,251.071507,324.225491,0,0,0,0,0,0,0,0,2855,96,0,0
a60__fade_recovery,60,split_ae32_uint6_q0000,FADE_RECOVERY,AE32,UINT6,0.0,3027,3027,2688,2668,2584,471907.0,0.9307007786429365,0.8633783923227737,0.8957764573630962,0.5103642483676388,0.8893305723161601,0.7274270196877122,0.5534607438016529,0.6286300968025815,0.8524053580635189,0.47992938214197856,0.6846299772290694,0.653311466370878,0.7025192383370227,0.49533586153871273,0.5688660633646013,0.6240695153648329,1.0,0.88800792864222,0.8814007267922035,0.8536504790221341,True,55,309.848495104,0.9986764686210196,269.662536871426,0.01783395479182582,0.15201206995435218,0.4340977136030751,0.7066001159744655,3027,24.387625001396895,50.91967399628782,75.57576202822877,3027,30.534453356315137,57.403761155222895,95.68319638038827,3027,30.888725364257336,60.47816110334301,99.3345883634205,3027,0.3542720079421997,3.074399948120117,3.6513919830322266,3027,1.397775,4.941169,10.905441,1519,78.117453,122.912717,199.174801,2584,0.0,30.980574,64.65744,297,20.86115264892578,24.514368057250977,36.6319694519043,297,26.491951585558283,42.54674534519594,113.20035942398339,3413,3.8683414459228516,9.625911712646484,31.520843505859375,2584,52.212459,117.89852,167.562751,2584,161.631503,246.052615,301.642103,2584,194.720521,284.820422,339.565439,339,0,0,0,0,0,0,0,2668,19,1,0
a61__fade_recovery,61,split_ae32_uint6_q3000,FADE_RECOVERY,AE32,UINT6,0.3,3517,3517,3490,3443,3280,339250.0,0.9255742049469965,0.8649262202043133,0.8942230756921107,0.5135488366357682,0.8771038708578868,0.6976522842639594,0.5679235537190083,0.6261389521640092,0.8579737126382807,0.4614886266148508,0.6692962487363687,0.6362180921356887,0.7070542055557926,0.4930946154741768,0.5601033078811103,0.6122704001253519,1.0,0.9923230025589992,0.9789593403468866,0.9326130224623258,True,79,359.446808576,0.9989086390402127,255.42363541973504,0.025354943025104156,0.19403282635142247,0.5061838461212267,0.7746979098775972,3517,27.972726045883178,57.02411111262512,79.12035400889587,3517,31.352828924013615,59.767973419384475,97.625223809474,3517,31.99366093094492,62.85501336689424,101.35651987194348,3517,0.6408320069313049,3.0870399475097656,3.7312960624694824,3517,1.426971,4.395998,12.190519,2087,68.428214,144.427564,223.764751,3280,0.0,34.526089,66.275889,297,20.86115264892578,24.514368057250977,36.6319694519043,297,26.491951585558283,42.54674534519594,113.20035942398339,3413,3.8683414459228516,9.625911712646484,31.520843505859375,3280,52.459701,119.570582,170.499062,3280,155.056928,244.368625,287.210627,3280,189.490878,284.807283,326.143515,27,0,1,0,0,0,0,0,3443,46,0,0
a62__fade_recovery,62,split_ae32_uint6_q5000,FADE_RECOVERY,AE32,UINT6,0.5,2918,2918,2917,2882,2813,244686.0,0.9137762313797978,0.8671963677639046,0.8898771706903854,0.5178698994474705,0.8445999532786186,0.6781996325780771,0.5720557851239669,0.6206220229756234,0.8481854366754604,0.45136761879280923,0.6479837860357139,0.6174342635000815,0.7027118071236866,0.49524048449648045,0.5529723716430215,0.5985959663666244,1.0,0.9996572995202193,0.9876627827278959,0.9640164496230295,True,62,298.33685376,0.9991785190300453,241.16528968742585,0.04689939540709863,0.26627478271224897,0.6042413616221143,0.8406786611813064,2918,25.60455999999523,53.50100402428055,77.39029197359085,2918,30.687979986975193,56.36882388729286,96.7571049747653,2918,31.08426799447298,59.43544781345558,100.40923295595121,2918,0.3962880074977875,3.0666239261627197,3.652127981185913,2918,1.417258,4.448038,11.295598,1849,59.35366,104.935992,137.21278,2813,0.0,36.679489,63.624201,297,20.86115264892578,24.514368057250977,36.6319694519043,297,26.491951585558283,42.54674534519594,113.20035942398339,3413,3.8683414459228516,9.625911712646484,31.520843505859375,2813,52.133361,120.353686,168.588562,2813,145.077806,223.895466,273.301054,2813,177.977225,267.626081,326.181461,1,0,0,0,0,0,0,0,2882,35,0,0
a63__fade_recovery,63,split_ae32_uint6_q7000,FADE_RECOVERY,AE32,UINT6,0.7,3553,3553,3552,3497,3450,148471.0,0.8859500634786288,0.8641007120008255,0.8748889933657211,0.5495247247418024,0.7633645260465225,0.6273083379966424,0.5790289256198347,0.6022025248455547,0.8757829986688663,0.4282670179737809,0.5958157720101517,0.5717725502303453,0.7310859333416234,0.4813859530932917,0.5246363255105548,0.5590944439972915,1.0,0.9997185477061638,0.9842386715451731,0.971010413734872,True,136,362.507324928,0.9990649600830347,231.98584965627725,0.07285154628322424,0.3315364922319035,0.660425106545228,0.8686921256075193,3553,24.787723946922302,53.58264808374023,82.09469310926819,3553,30.699107389890194,58.357415263286114,94.72909572380829,3553,31.09571538492346,61.438151185145855,98.35690381783294,3553,0.39660799503326416,3.080735921859741,3.627808094024658,3553,1.369604,4.672791,10.229875,2166,52.217986,75.857979,97.904854,3450,0.0,39.755026,75.036722,297,20.86115264892578,24.514368057250977,36.6319694519043,297,26.491951585558283,42.54674534519594,113.20035942398339,3413,3.8683414459228516,9.625911712646484,31.520843505859375,3450,52.101326,131.505297,190.824394,3450,134.759339,220.848797,275.234765,3450,168.25291,263.843322,321.513455,1,1,0,0,0,0,0,0,3497,54,0,0
a64__fade_recovery,64,split_ae32_uint6_q9000,FADE_RECOVERY,AE32,UINT6,0.9,3492,3492,3492,3417,3364,50434.0,0.8140780413159908,0.7685481374471159,0.7906581740976646,0.7395662228951467,0.44528070648270307,0.5384823116392115,0.5149793388429752,0.5264686468646864,0.8841286462672119,0.32526248402596636,0.38527159525433474,0.3805694531611822,0.8150587896580487,0.44261330551157196,0.4104206423176132,0.3976473507908931,1.0,1.0,0.9785223367697594,0.9633447880870561,True,181,359.215653888,0.9990453495795957,222.670218764839,0.12124014171603695,0.4194289760211175,0.7174432770609536,0.8779744859624997,3492,23.60177199414444,50.806397027130124,70.89985993452454,3492,30.56718131391001,60.844994220149516,119.16002544488907,3492,30.93822130052042,63.940546187770366,123.12517747011185,3492,0.3710399866104126,3.0955519676208496,3.9651520252227783,3492,1.368527,5.00109,13.184684,2166,39.972432,52.005013,70.467144,3364,0.0,38.983096,73.032746,297,20.86115264892578,24.514368057250977,36.6319694519043,297,26.491951585558283,42.54674534519594,113.20035942398339,3413,3.8683414459228516,9.625911712646484,31.520843505859375,3364,51.707544,137.830266,199.1465,3364,120.746579,207.129558,262.368948,3364,153.688149,257.060313,322.141049,0,0,0,0,0,0,0,0,3417,75,0,0
a65__fade_recovery,65,split_ae32_uint6_q9800,FADE_RECOVERY,AE32,UINT6,0.98,3528,3528,3528,3434,3392,10754.0,0.6065573770491803,0.39325147043648745,0.47715036935019406,1.0441383865010903,0.14241345160534002,0.45267857142857143,0.2618801652892562,0.33180628272251306,0.9327381208859074,0.11962766617375355,0.13102055888954678,0.1305242845117169,0.9900064071304977,0.37157431028932325,0.22022595440467185,0.16986502767810668,1.0,1.0,0.9733560090702947,0.9614512471655329,True,165,359.00044416,0.9988235448454995,213.361880888786,0.154891910730387,0.48898519698421977,0.772586075557573,0.902873543001914,3528,20.85728899774456,46.74927100065136,70.79540196984863,3528,30.21134471258497,51.98543382508993,96.7571049747653,3528,30.519984715789317,55.012153872087,100.40923295595121,3528,0.3086400032043457,3.0267200469970703,3.652127981185913,3528,1.332655,3.953779,10.970619,2293,36.399408,47.948316,65.136652,3392,0.0,33.374719,69.290194,297,20.86115264892578,24.514368057250977,36.6319694519043,297,26.491951585558283,42.54674534519594,113.20035942398339,3413,3.8683414459228516,9.625911712646484,31.520843505859375,3392,51.301505,134.325919,209.953464,3392,112.961635,200.784666,272.093714,3392,142.454282,244.406831,315.911246,0,0,1,0,0,0,0,0,3434,93,0,0
a66__fade_recovery,66,split_ae32_uint4_q0000,FADE_RECOVERY,AE32,UINT4,0.0,2922,2922,2922,2863,2800,238813.0,0.9270671691420971,0.8630688267464658,0.8939240100464917,0.5098511586068384,0.8879650634702024,0.7283316204179514,0.5490702479338843,0.6261228096009425,0.8478575758398288,0.4762548861569853,0.6821099748135939,0.6503058512841334,0.6995751113503562,0.4967963420812825,0.5683920901560928,0.6226603522793293,1.0,1.0,0.9798083504449008,0.9582477754962354,True,73,299.02998784,0.9986517041955815,240.65418779916794,0.05168147149599269,0.2868163816295596,0.6164171722156065,0.8341754778402629,2922,23.392475999542235,51.12460699092102,78.20827301604844,2922,30.871783215049746,59.78752351839733,104.01059769920444,2922,31.33299921775246,62.875043402506826,107.81037377647495,2922,0.461216002702713,3.087519884109497,3.799776077270508,2922,1.367846,4.883957,10.914853,1842,60.571399,95.784583,118.633374,2800,0.0,35.566979,72.755504,297,20.86115264892578,24.514368057250977,36.6319694519043,297,26.491951585558283,42.54674534519594,113.20035942398339,3413,3.8683414459228516,9.625911712646484,31.520843505859375,2800,52.233638,135.266487,193.057823,2800,141.376775,227.232878,285.854842,2800,173.321362,276.290052,337.395517,0,0,0,0,0,0,0,0,2863,59,0,0
a67__fade_recovery,67,split_ae32_uint4_q3000,FADE_RECOVERY,AE32,UINT4,0.3,3502,3502,3502,3432,3382,175527.0,0.9223824727512936,0.8645134661025694,0.892510919356557,0.5115185125472255,0.8762725927455164,0.699614890885751,0.5630165289256198,0.6239267315397825,0.8484765885502021,0.4577703472342974,0.6670214699899069,0.6333495157123065,0.7005582452574215,0.49630816476363393,0.560657235570104,0.611531203971186,1.0,1.0,0.9800114220445459,0.9657338663620788,True,118,359.305262336,0.9988995987327615,235.7618205033548,0.06402401419461519,0.31761395180536406,0.6495584765100054,0.8560132502022182,3502,25.40797999897289,55.44158998568344,80.23277595884704,3502,30.28040467742157,56.501872355700016,97.625223809474,3502,30.59502868893814,59.569104249239444,101.35651987194348,3502,0.31462401151657104,3.0672318935394287,3.7312960624694824,3502,1.343121,4.444058,10.209718,2050,56.071756,81.509088,101.920787,3382,0.0,36.045628,70.995591,297,20.86115264892578,24.514368057250977,36.6319694519043,297,26.491951585558283,42.54674534519594,113.20035942398339,3413,3.8683414459228516,9.625911712646484,31.520843505859375,3382,51.63347,132.676673,192.739574,3382,137.710118,221.180962,284.485163,3382,168.705648,267.460419,332.477516,0,0,0,0,0,0,0,0,3432,70,0,0
a68__fade_recovery,68,split_ae32_uint4_q5000,FADE_RECOVERY,AE32,UINT4,0.5,3011,3010,3008,2949,2902,129220.0,0.912656165127648,0.8668868021875967,0.8891828958509738,0.5188515258839395,0.8434524026717173,0.6776987318280235,0.5658574380165289,0.6167487684729064,0.8431747682546517,0.4496779069951219,0.6465651548334196,0.6158586778502229,0.7000537821244086,0.49655859709699934,0.5530008328052676,0.5979557417449454,0.9996678844237795,0.9990036532713384,0.9794088342743275,0.9637994021919628,True,135,308.908454656,0.9981580890343917,231.8481142540983,0.08421606948236598,0.34762907756793,0.6708120583677755,0.8625690595284087,3011,23.946900980934142,51.37462604358673,82.12848200151015,3011,31.09785248562479,57.403761155222895,119.16002544488907,3011,31.633053383861544,60.47816110334301,123.12517747011185,3011,0.5404800176620483,3.074399948120117,3.9651520252227783,3011,1.37356,4.25295,10.989119,1728,48.638627,72.771376,91.107057,2902,0.0,34.660586,72.610164,297,20.86115264892578,24.514368057250977,36.6319694519043,297,26.491951585558283,42.54674534519594,113.20035942398339,3413,3.8683414459228516,9.625911712646484,31.520843505859375,2902,51.359895,129.037867,203.48649,2902,131.235022,217.288617,296.417567,2902,165.492602,258.715478,339.484103,2,1,0,0,0,0,0,0,2949,58,0,1
a69__fade_recovery,69,split_ae32_uint4_q7000,FADE_RECOVERY,AE32,UINT4,0.7,2978,2978,2978,2936,2897,81103.0,0.8854056343994916,0.8626560726447219,0.8738828202581926,0.5525420761902691,0.7618861081012949,0.6275337837837838,0.5756714876033058,0.6004849137931035,0.8690429215087884,0.42441714324506313,0.593151625673179,0.5686453424397767,0.728195834025842,0.48277921867511475,0.5239562521111075,0.5574813922646472,1.0,1.0,0.9858965748824715,0.9728005372733378,True,136,303.502403072,0.9985832655601807,219.29225229414817,0.11309772260306276,0.4197672306857378,0.7371168621486255,0.8981885677502541,2978,23.02977702586365,50.65255500693131,70.99186999936724,2978,29.399973960725784,55.70961465474558,108.47046680258512,2978,29.580037953464508,58.77511872884226,112.28701085852384,2978,0.18006399273872375,3.0655040740966797,3.8165440559387207,2978,1.28851,4.056297,8.774231,1789,43.001642,62.491232,79.270507,2897,0.0,33.473917,67.548986,297,20.86115264892578,24.514368057250977,36.6319694519043,297,26.491951585558283,42.54674534519594,113.20035942398339,3413,3.8683414459228516,9.625911712646484,31.520843505859375,2897,51.496957,126.237849,196.448072,2897,123.466176,202.754804,263.116264,2897,154.384758,247.846242,311.40511,0,0,0,0,0,0,0,0,2936,42,0,0
a70__fade_recovery,70,split_ae32_uint4_q9000,FADE_RECOVERY,AE32,UINT4,0.9,3537,3537,3537,3446,3411,28309.0,0.8112300633602797,0.7662779898875245,0.7881135579729371,0.7404917732410929,0.4442856648179128,0.535203668734826,0.512396694214876,0.5235519197783349,0.8816076426876345,0.32291853510893925,0.38360209996342604,0.3787717994424896,0.8141130455541742,0.44303210244170416,0.40964382901812846,0.3964091737692415,1.0,1.0,0.9742719819055697,0.9643765903307888,True,190,363.336719872,0.9989449565567305,216.53887900178228,0.14332212500664737,0.4623398393374044,0.7468376596276732,0.8918002640529986,3537,23.635994010643007,51.428188992004394,74.44132900624656,3537,29.793945162276746,52.77031637576723,96.7571049747653,3537,30.01842516539526,55.80526043323183,100.40923295595121,3537,0.22448000311851501,3.0349440574645996,3.652127981185913,3537,1.363217,4.504026,11.385198,2299,36.121928,50.375801,62.765589,3411,0.0,38.911947,75.904201,297,20.86115264892578,24.514368057250977,36.6319694519043,297,26.491951585558283,42.54674534519594,113.20035942398339,3413,3.8683414459228516,9.625911712646484,31.520843505859375,3411,51.467734,141.200135,208.238567,3411,115.94859,215.199206,265.673466,3411,147.465872,250.570754,314.780402,0,0,0,0,0,0,0,0,3446,91,0,0
a71__fade_recovery,71,split_ae32_uint4_q9800,FADE_RECOVERY,AE32,UINT4,0.98,3555,3555,3555,3487,3457,6423.0,0.6073756159593069,0.39428335569084716,0.47816293329996246,1.0461678733400313,0.14142208580282767,0.45,0.26265495867768596,0.33170254403131116,0.9269931376270745,0.1187163914403788,0.13006923862160324,0.12957283548832035,0.988378342644276,0.37217974994156455,0.21960051345855852,0.16900672053639715,1.0,1.0,0.980872011251758,0.9724331926863572,True,137,360.091508736,0.9988159632936178,207.62821770076354,0.15769726354928318,0.5076503571013659,0.8018902771814568,0.923703355601361,3555,20.808892057937623,44.106781986553194,60.782592011405946,3555,30.951292859005928,48.587531427338604,90.03058602102185,3555,31.43314884750843,51.53098736186314,93.61452199705029,3555,0.48185598850250244,2.943455934524536,3.5839359760284424,3555,1.40758,4.28468,10.316741,2262,36.19606,49.531311,62.680915,3457,0.0,32.5389,66.721373,297,20.86115264892578,24.514368057250977,36.6319694519043,297,26.491951585558283,42.54674534519594,113.20035942398339,3413,3.8683414459228516,9.625911712646484,31.520843505859375,3457,51.683532,128.845409,182.270418,3457,113.236064,194.753483,248.942274,3457,142.636321,232.625943,291.600269,0,0,0,0,0,0,0,0,3487,68,0,0
