wall_time_iso,elapsed_s,run_id,run_group,stream_id,frame_id,object_index,class_name,score,world_x,world_y,world_z,yaw_deg,length_m,width_m,height_m,distance_m,center_x_px,center_y_px,bbox_x1,bbox_y1,bbox_x2,bbox_y2,parked_score,radar_support_score,radar_support_count
2026-07-14T23:27:50.747,5.828766745049506,20260714_232744_front_fusion_tl_14,fps_5,fusion_tl_14,1006425,0,vehicle,0.12736870348453522,-16.208128694011805,32.58942964340984,-0.43727612264548377,-72.57251320271216,4.707369327545166,1.8391965627670288,1.9365203380584717,13.992987161345907,350.2734375,191.11111111111111,311.88535725325346,172.06401354736752,388.66151774674654,210.1582086748547,0.18829064071178436,0.9979894161224365,
2026-07-14T23:27:50.747,5.828766745049506,20260714_232744_front_fusion_tl_14,fps_5,fusion_tl_14,1006425,1,vehicle,0.09309990704059601,-13.57180738386442,24.76918990767764,2.3450180755123355,-41.78508955719702,4.370096683502197,1.7572386264801025,2.5160248279571533,10.438433485596045,243.52343750000003,136.66666666666669,208.65025474876165,105.97367326418559,278.39662025123835,167.35966006914776,0.6115356087684631,0.9996259212493896,
2026-07-14T23:27:50.937,6.019857925013639,20260714_232744_front_fusion_tl_14,fps_5,fusion_tl_14,1006426,0,vehicle,0.13924694061279297,-14.044619676432575,25.860034467576753,2.0149050704283695,-23.82062249700753,4.6703081130981445,1.945313811302185,2.302046298980713,10.468856818040283,235.73958333333334,136.66666666666669,195.05422519644102,108.8803921143214,276.4249414702257,164.45294121901196,0.05288297310471535,0.9997454285621643,
2026-07-14T23:27:50.937,6.019857925013639,20260714_232744_front_fusion_tl_14,fps_5,fusion_tl_14,1006426,1,vehicle,0.12846577167510986,-16.320737351861464,32.18094992102486,-0.19944629171290806,-91.34575364061183,5.190104007720947,1.9468761682510376,2.1127278804779053,13.525471231200035,350.2734375,191.11111111111111,311.62443172186613,170.7829726404614,388.92244327813387,211.43924958176083,0.04105950519442558,0.9998182654380798,
2026-07-14T23:27:50.937,6.019857925013639,20260714_232744_front_fusion_tl_14,fps_5,fusion_tl_14,1006426,2,vehicle,0.053176287561655045,-10.909752639686392,20.24956271614482,3.0204919392361855,80.69438690789914,4.111494064331055,1.7367562055587769,2.128237009048462,12.616498905952453,93.40625,172.22222222222223,64.27958176285028,144.68157721890344,122.53291823714973,199.76286722554102,0.03312307968735695,0.910790205001831,
2026-07-14T23:27:51.059,6.141198829980567,20260714_232744_front_fusion_tl_14,fps_5,fusion_tl_14,1006427,0,vehicle,0.22786645591259003,-15.84819431063562,30.493171277079927,0.2826610655141115,-105.66658196785109,4.630145072937012,1.8667715787887573,1.810107707977295,12.36607941760193,350.2734375,191.11111111111111,308.34666926413774,171.67696899837918,392.20020573586226,210.54525322384305,0.0802372619509697,0.9997016787528992,
2026-07-14T23:27:51.059,6.141198829980567,20260714_232744_front_fusion_tl_14,fps_5,fusion_tl_14,1006427,1,vehicle,0.07915715128183365,-15.666066949043667,25.120096064543624,2.7544202200663346,-50.144641295638486,4.133711814880371,1.6581780910491943,2.3925116062164307,8.542114244009737,243.52343750000003,136.66666666666669,209.466171965003,107.22498456637065,277.580703034997,166.1083487669627,0.4774564504623413,0.9998595714569092,
2026-07-14T23:27:51.059,6.141198829980567,20260714_232744_front_fusion_tl_14,fps_5,fusion_tl_14,1006427,2,vehicle,0.05960456281900406,-10.709560802737148,20.014712619442587,2.896740791934599,84.04381324750933,4.081912517547607,1.7391225099563599,1.955391764640808,12.878820102050845,93.40625,172.22222222222223,61.437724903225906,143.07464255226984,125.37477509677412,201.36980189217462,0.16337348520755768,0.8612352609634399,
2026-07-14T23:27:51.059,6.141198829980567,20260714_232744_front_fusion_tl_14,fps_5,fusion_tl_14,1006427,3,vehicle,0.05721529573202133,-19.18611993925242,24.793436252505415,4.423422193443372,-71.23736999413842,7.488499164581299,2.6284704208374023,3.3233110904693604,4.856169445967813,84.51041666666667,376.6666666666667,51.562475952009365,338.2455817858378,117.45835738132398,415.08775154749554,0.97603839635849,0.15651533007621765,
2026-07-14T23:27:51.059,6.141198829980567,20260714_232744_front_fusion_tl_14,fps_5,fusion_tl_14,1006427,4,vehicle,0.05612850561738014,-26.112144244544343,30.073398118616407,4.167681278628143,-32.15919722296251,5.091421604156494,1.9069597721099854,2.4693408012390137,8.652740423032393,679.4192708333334,252.22222222222223,637.9853329484662,177.29464186562433,720.8532087182006,327.14980257882013,0.0070648822002112865,0.688376784324646,
2026-07-14T23:27:51.180,6.2629493969725445,20260714_232744_front_fusion_tl_14,fps_5,fusion_tl_14,1006428,0,vehicle,0.21358950436115265,-17.914444412566016,31.440294878395232,0.7856547940501653,-123.94278757259096,4.962687969207764,1.8967370986938477,1.8880267143249512,11.771965634391785,342.48958333333337,191.11111111111111,304.3981493537625,171.87606937355466,380.58101731290424,210.34615284866757,0.007132611237466335,0.9999330043792725,
2026-07-14T23:27:51.180,6.2629493969725445,20260714_232744_front_fusion_tl_14,fps_5,fusion_tl_14,1006428,1,vehicle,0.10661767423152924,-15.34498518318052,26.167880217325425,2.403766300898429,-52.89981610551263,4.499547481536865,1.7993943691253662,2.6063666343688965,9.34434979360976,243.52343750000003,137.77777777777777,203.86493280529976,105.92584477530586,283.18194219470024,169.6297107802497,0.3201640844345093,0.9996203184127808,
2026-07-14T23:27:51.180,6.2629493969725445,20260714_232744_front_fusion_tl_14,fps_5,fusion_tl_14,1006428,2,vehicle,0.08642631769180298,-27.693067309785558,31.223885421536508,4.349565956595481,45.974240094555086,6.160645484924316,2.409780740737915,2.9031243324279785,10.291142425853991,812.8567708333334,253.33333333333334,738.159227569898,177.5461514790853,887.5543140967687,329.1205151875814,0.005650416482239962,0.005715389270335436,
2026-07-14T23:27:51.180,6.2629493969725445,20260714_232744_front_fusion_tl_14,fps_5,fusion_tl_14,1006428,3,vehicle,0.08131956309080124,-26.236039258231756,26.186428777343817,5.65923583648075,-36.527577545080554,6.6140923500061035,2.4711151123046875,2.605771064758301,5.1349371782060675,644.9479166666667,287.77777777777777,578.8003166715305,184.44686995612253,711.095516661803,391.10868559943304,0.2510443925857544,0.00901112798601389,
2026-07-14T23:27:51.180,6.2629493969725445,20260714_232744_front_fusion_tl_14,fps_5,fusion_tl_14,1006428,4,vehicle,0.07154637575149536,-11.677708676421256,20.172806071370985,3.202907301894723,100.00749821853942,4.025330543518066,1.6831337213516235,2.0253069400787354,11.852296279889062,92.29427083333334,172.22222222222223,65.95190955822667,142.88004828823938,118.63663210844001,201.56439615620508,0.27718108892440796,0.9449546337127686,
2026-07-14T23:27:51.180,6.2629493969725445,20260714_232744_front_fusion_tl_14,fps_5,fusion_tl_14,1006428,5,vehicle,0.06393010169267654,-16.711519597873636,25.641698597180884,2.4657154758849087,164.37056539074075,3.5731000900268555,1.41019868850708,1.640135407447815,8.011672561702827,200.15625,172.22222222222223,171.3731886446476,148.6449737681283,228.93931135535243,195.79947067631616,0.33448153734207153,0.9995855689048767,
2026-07-14T23:27:51.180,6.2629493969725445,20260714_232744_front_fusion_tl_14,fps_5,fusion_tl_14,1006428,6,vehicle,0.05282120406627655,-23.698127192394107,25.742598563629237,4.77660443671165,-39.82142924924915,3.1862354278564453,1.4510390758514404,1.5482683181762695,3.8223358439578607,715.0026041666667,342.22222222222223,665.7967370549839,289.64717401398553,764.2084712783496,394.7972704304589,0.07294312864542007,0.9589532017707825,
2026-07-14T23:27:51.302,6.384723086026497,20260714_232744_front_fusion_tl_14,fps_5,fusion_tl_14,1006429,0,vehicle,0.19501587748527527,-16.617055807360682,32.148620488303024,0.018065540418069403,153.31728671477242,5.1064677238464355,1.8938572406768799,2.2547430992126465,13.255597500419626,359.16927083333337,190.0,317.0300902028879,169.0254044532776,401.30845146377885,210.9745955467224,0.0026189249474555254,0.999030351638794,
2026-07-14T23:27:51.302,6.384723086026497,20260714_232744_front_fusion_tl_14,fps_5,fusion_tl_14,1006429,1,vehicle,0.17048580944538116,-25.240261230803107,24.260085269009423,5.773267401179082,-61.96731692364534,5.078220844268799,1.9419333934783936,2.0379767417907715,3.0657913366516594,671.6354166666667,296.6666666666667,618.4647642175357,217.639905611674,724.8060691157978,375.69342772165936,0.01914426125586033,0.1970924586057663,
2026-07-14T23:27:51.302,6.384723086026497,20260714_232744_front_fusion_tl_14,fps_5,fusion_tl_14,1006429,2,vehicle,0.13422457873821259,-25.01982710318126,27.017499323078287,4.665454080073296,-29.2043953213566,4.034272193908691,1.7025630474090576,1.788421630859375,5.396718844471191,769.4895833333334,287.77777777777777,712.8779245366653,232.79987441168893,826.1012421300014,342.75568114386664,0.1315045952796936,0.9092916250228882,
2026-07-14T23:27:51.302,6.384723086026497,20260714_232744_front_fusion_tl_14,fps_5,fusion_tl_14,1006429,3,vehicle,0.13422130048274994,-13.763500338844596,25.102224109705958,2.267628159196537,-24.98959144967647,4.467774391174316,1.8602147102355957,2.2858777046203613,10.381466270894125,235.73958333333334,136.66666666666669,199.97594321270785,110.66793600718181,271.50322345395887,162.66539732615155,0.14970794320106506,0.9996757507324219,
2026-07-14T23:27:51.428,6.509629052015953,20260714_232744_front_fusion_tl_14,fps_5,fusion_tl_14,1006430,0,vehicle,0.11205639690160751,-14.813228002699887,26.600935693047845,1.9538311477284083,-63.244057815045494,4.630166053771973,1.863183617591858,2.4366512298583984,10.142511938130431,243.52343750000003,136.66666666666669,201.6378651857376,109.2886886994044,285.4090098142624,164.04464463392895,0.3528733253479004,0.9999345541000366,
2026-07-14T23:27:51.428,6.509629052015953,20260714_232744_front_fusion_tl_14,fps_5,fusion_tl_14,1006430,1,person,0.08082393556833267,-23.051510137560815,39.145371328428595,-0.9457030476417945,35.87585739806191,0.425955206155777,0.4374925494194031,1.5659128427505493,18.318156153708408,626.0442708333334,225.55555555555557,619.5768722308179,209.14319905969833,632.5116694358488,241.9679120514128,0.9991538524627686,0.27116844058036804,
2026-07-14T23:27:51.428,6.509629052015953,20260714_232744_front_fusion_tl_14,fps_5,fusion_tl_14,1006430,2,vehicle,0.07931231707334518,-17.2019572975288,30.005922535514934,1.0539400000158032,-114.34142869983457,4.75767707824707,1.8511667251586914,2.045236349105835,10.918542763028452,350.2734375,191.11111111111111,312.18583074212074,169.4790185160107,388.36104425787926,212.74320370621152,0.01856210082769394,0.9991724491119385,
2026-07-14T23:27:51.428,6.509629052015953,20260714_232744_front_fusion_tl_14,fps_5,fusion_tl_14,1006430,3,vehicle,0.07006076723337173,-24.7036409001747,23.507022715400158,5.853964543484675,-11.83740355610882,3.70497465133667,1.5925105810165405,1.6022430658340454,2.1806559229017966,634.9401041666667,324.44444444444446,598.8409633661311,252.71520879533557,671.0392449672024,396.17368009355334,0.05361265316605568,0.436279296875,
2026-07-14T23:27:51.428,6.509629052015953,20260714_232744_front_fusion_tl_14,fps_5,fusion_tl_14,1006430,4,vehicle,0.06772872060537338,-23.717081035596703,24.393379594414913,5.454448870514446,-21.05181844936396,3.6709890365600586,1.5898451805114746,1.9804553985595703,2.373172516941831,716.1145833333334,271.11111111111114,662.6654885758957,212.76740378803677,769.5636780907711,329.4548184341855,0.09284202009439468,0.9350427389144897,
2026-07-14T23:27:51.428,6.509629052015953,20260714_232744_front_fusion_tl_14,fps_5,fusion_tl_14,1006430,5,vehicle,0.05950331687927246,-14.151303275116764,20.544388490628545,3.4451045308110455,111.04495846062214,3.215738534927368,1.4355010986328125,1.550891399383545,9.384060961318209,66.71875,182.22222222222223,26.84197595715523,146.9966389073266,106.59552404284477,217.44780553711786,0.9159523844718933,0.97953861951828,
2026-07-14T23:27:51.428,6.509629052015953,20260714_232744_front_fusion_tl_14,fps_5,fusion_tl_14,1006430,6,vehicle,0.05522751063108444,-25.504908069084205,23.580709808650674,6.1449016390291415,-34.858833890459564,4.942624568939209,1.8831232786178589,2.240020990371704,2.8762853866166176,653.84375,288.8888888888889,626.7820985168219,151.0139184527927,680.9054014831781,426.7638593249851,0.063257597386837,0.0009363135322928429,
2026-07-14T23:27:51.545,6.628021765965968,20260714_232744_front_fusion_tl_14,fps_5,fusion_tl_14,1006431,0,vehicle,0.1458340585231781,-15.894611169269696,28.6742468212354,1.4669146767543317,-66.18054699994524,4.8404436111450195,1.9195570945739746,2.2983310222625732,10.631712778060042,243.52343750000003,137.77777777777777,201.16564393043518,112.3611436949836,285.8812310695648,163.19441186057196,0.17108020186424255,0.9999768733978271,
2026-07-14T23:27:51.545,6.628021765965968,20260714_232744_front_fusion_tl_14,fps_5,fusion_tl_14,1006431,1,vehicle,0.07441014051437378,-17.08509525802304,31.47409010729433,0.29262429675249013,-110.69036690899398,4.677553653717041,1.8020634651184082,1.9379892349243164,12.403303597036304,351.3854166666667,191.11111111111111,313.15779022375744,172.12863869137234,389.6130431095759,210.09358353084988,0.0248227808624506,0.9991716146469116,
2026-07-14T23:27:51.545,6.628021765965968,20260714_232744_front_fusion_tl_14,fps_5,fusion_tl_14,1006431,2,vehicle,0.07191213965415955,-11.805521287016612,20.394782529483813,3.2230315898253146,130.37274468066593,4.589862823486328,1.772644281387329,2.315558910369873,11.687527796945664,84.51041666666667,163.33333333333334,62.70358033354084,134.28866823514304,106.3172529997925,192.37799843152365,0.08383458852767944,0.9960825443267822,
2026-07-14T23:27:51.545,6.628021765965968,20260714_232744_front_fusion_tl_14,fps_5,fusion_tl_14,1006431,3,vehicle,0.06500624865293503,-14.284324672640878,20.53812203151565,3.584661737751942,105.36139664051346,3.4210848808288574,1.5307068824768066,1.6844385862350464,9.219546140699808,65.60677083333334,182.22222222222223,25.572654393812023,142.59358180893793,105.64088727285466,221.85086263550653,0.9028750061988831,0.9730298519134521,
2026-07-14T23:27:51.671,6.752237778971903,20260714_232744_front_fusion_tl_14,fps_5,fusion_tl_14,1006432,0,vehicle,0.16316455602645874,-15.376951752861522,28.21457650404718,1.5097154016384025,-74.07972263034583,4.780553817749023,1.901779055595398,2.2087740898132324,10.701917616809583,235.73958333333334,136.66666666666669,197.46195167799792,112.41713146368663,274.0172149886688,160.91620186964673,0.05169501155614853,0.9999775886535645,
2026-07-14T23:27:51.671,6.752237778971903,20260714_232744_front_fusion_tl_14,fps_5,fusion_tl_14,1006432,1,vehicle,0.08709470182657242,-15.516730485565736,30.660996713020204,0.10898993235629106,-89.71435452545101,4.891546726226807,1.879424810409546,2.0729918479919434,12.751743994614769,350.2734375,191.11111111111111,310.4304403588176,170.1364744371838,390.1164346411824,212.08574778503842,0.009008028544485569,0.9996986389160156,
2026-07-14T23:27:51.671,6.752237778971903,20260714_232744_front_fusion_tl_14,fps_5,fusion_tl_14,1006432,2,vehicle,0.082816943526268,-11.541091305677332,21.37662816838877,2.6700237207539708,175.76652898702972,4.26213264465332,1.6771842241287231,2.053852081298828,11.976197130064982,83.3984375,163.33333333333334,59.16887916624547,135.88302870591482,107.62799583375455,190.78363796075186,0.008548532612621784,0.9970951080322266,
2026-07-14T23:27:51.671,6.752237778971903,20260714_232744_front_fusion_tl_14,fps_5,fusion_tl_14,1006432,3,vehicle,0.0757976770401001,-23.054981460524452,21.5683429817555,6.502663583735806,-90.33780341785915,5.4856343269348145,2.170407772064209,2.5236868858337402,0.7844079019605353,128.98958333333334,296.6666666666667,90.67847064634165,201.3963333765666,167.30069602032503,391.9369999567668,0.9178323745727539,0.038525406271219254,
2026-07-14T23:27:51.793,6.8759346479782835,20260714_232744_front_fusion_tl_14,fps_5,fusion_tl_14,1006433,0,vehicle,0.18588729202747345,-15.748975048160316,29.72137641911243,1.0763227992376265,-86.18452675955753,5.244856834411621,2.0091333389282227,2.4037692546844482,11.55153944355925,235.73958333333334,137.77777777777777,196.85916903366646,112.59471224413979,274.61999763300025,162.96084331141577,0.020140133798122406,0.999966025352478,
2026-07-14T23:27:51.793,6.8759346479782835,20260714_232744_front_fusion_tl_14,fps_5,fusion_tl_14,1006433,1,vehicle,0.12272951006889343,-27.64396342358985,25.092775815607933,6.536422535178522,2.964940852839407,5.5702290534973145,2.045881748199463,2.6272003650665283,5.484694590481808,395.86458333333337,430.0,356.9330980529388,319.54095363616943,434.7960686137279,540.4590463638306,0.0020443187095224857,0.9807681441307068,
2026-07-14T23:27:51.793,6.8759346479782835,20260714_232744_front_fusion_tl_14,fps_5,fusion_tl_14,1006433,2,vehicle,0.07246695458889008,-24.36590746469382,23.05197540882316,6.270750649619273,-38.79602627044416,4.7352495193481445,2.00205397605896,2.1776232719421387,1.6193309003538272,591.5729166666667,288.8888888888889,558.9127652073901,217.88924270206027,624.2330681259434,359.8885350757175,0.2184605747461319,0.033672112971544266,
2026-07-14T23:27:51.793,6.8759346479782835,20260714_232744_front_fusion_tl_14,fps_5,fusion_tl_14,1006433,3,vehicle,0.06982628256082535,-16.04114877168454,29.630172069327564,0.8666297430585583,-97.38130903062991,4.639595985412598,1.8192905187606812,2.0090906620025635,11.410398683397874,350.2734375,190.0,311.9662761092186,169.34442281723022,388.5805988907814,210.65557718276978,0.023008782416582108,0.9986644983291626,
2026-07-14T23:27:51.793,6.8759346479782835,20260714_232744_front_fusion_tl_14,fps_5,fusion_tl_14,1006433,4,vehicle,0.053075626492500305,-23.001874144309685,24.917654295424008,5.3238914885784085,133.62351589878824,6.0003509521484375,2.3054158687591553,2.7817928791046143,2.7771454660753103,448.1276041666667,305.55555555555554,399.0488593528668,231.32775280210709,497.20634898046654,379.7833583090041,0.9122251272201538,0.8297467827796936,
2026-07-14T23:27:51.914,6.996536738006398,20260714_232744_front_fusion_tl_14,fps_5,fusion_tl_14,1006434,0,vehicle,0.2416597157716751,-25.909856711306745,23.75674415099142,6.458582878050653,-14.066349191053796,5.03701639175415,1.9848507642745972,2.4598910808563232,3.321554553738481,378.0729166666667,412.22222222222223,302.1717933068673,300.46182526482477,453.97404002646607,523.9826191796197,0.005177845247089863,0.9840862154960632,
2026-07-14T23:27:51.914,6.996536738006398,20260714_232744_front_fusion_tl_14,fps_5,fusion_tl_14,1006434,1,vehicle,0.17692150175571442,-14.362088984977351,28.404040421423606,1.014803802158049,-99.91119328046159,5.042086124420166,1.911036491394043,2.270404815673828,11.752057475223824,235.73958333333334,136.66666666666669,201.1121922036012,113.66517225901286,270.3669744630655,159.6681610743205,0.02533257007598877,0.9999938011169434,
2026-07-14T23:27:51.914,6.996536738006398,20260714_232744_front_fusion_tl_14,fps_5,fusion_tl_14,1006434,2,vehicle,0.13547520339488983,-17.638153152782753,30.266537342355658,1.0413274910849513,-137.7110253022047,4.52738094329834,1.8285506963729858,1.8474961519241333,10.89136400642395,342.48958333333337,191.11111111111111,307.28094444175565,171.55048317379422,377.6982222249111,210.671739048428,0.016669580712914467,0.9992006421089172,
2026-07-14T23:27:51.914,6.996536738006398,20260714_232744_front_fusion_tl_14,fps_5,fusion_tl_14,1006434,3,vehicle,0.06187155470252037,-25.327993876626437,23.702669113422516,6.203796573030784,-17.866898618277506,4.587728977203369,1.9014456272125244,2.234987497329712,2.7768531599123345,369.17708333333337,422.22222222222223,316.0084288020929,312.0371617211236,422.34573786457383,532.4072827233209,0.19244298338890076,0.6836036443710327,
2026-07-14T23:27:52.037,7.11975250497926,20260714_232744_front_fusion_tl_14,fps_5,fusion_tl_14,1006435,0,vehicle,0.2291683852672577,-24.416963509848625,23.84420054860281,5.913777177929183,-8.387497025463409,4.384143829345703,1.8924119472503662,2.0167665481567383,2.1686471224414166,350.2734375,403.33333333333337,297.8743281289935,316.4961083730062,402.6725468710065,490.1705582936605,0.055933307856321335,0.9650326371192932,
2026-07-14T23:27:52.037,7.11975250497926,20260714_232744_front_fusion_tl_14,fps_5,fusion_tl_14,1006435,1,vehicle,0.17777954041957855,-13.959452642980873,28.99519280174092,0.6942291223250727,-72.2787765051587,5.224633693695068,1.9727611541748047,2.395237922668457,12.49796719755916,235.73958333333334,136.66666666666669,201.31180583437285,112.98763195673625,270.16736083229387,160.3457013765971,0.0240225438028574,0.9999932050704956,
2026-07-14T23:27:52.037,7.11975250497926,20260714_232744_front_fusion_tl_14,fps_5,fusion_tl_14,1006435,2,vehicle,0.11280252039432526,-24.50079364465965,24.81109749102791,5.435756360130991,-83.40284782434229,4.066074371337891,1.6863535642623901,1.7700804471969604,3.0709156549301015,394.7526041666667,385.5555555555556,341.3726093719403,340.3501698705885,448.13259896139306,430.76094124052264,0.014989874325692654,0.9981876015663147,
2026-07-14T23:27:52.037,7.11975250497926,20260714_232744_front_fusion_tl_14,fps_5,fusion_tl_14,1006435,3,vehicle,0.08892637491226196,-15.951209361736057,29.10390770203211,0.9206025876797428,-101.57056757608777,4.354841709136963,1.7572112083435059,1.7586725950241089,11.109893206393071,350.2734375,191.11111111111111,311.515926964581,171.26091367668576,389.030948035419,210.96130854553647,0.09490228444337845,0.9995008707046509,
2026-07-14T23:27:52.037,7.11975250497926,20260714_232744_front_fusion_tl_14,fps_5,fusion_tl_14,1006435,4,person,0.07842441648244858,-25.871082371714248,32.49387363675598,2.8902676592484875,-4.096951078992906,1.705541729927063,0.7521824836730957,1.8959026336669922,11.128197231978092,715.0026041666667,261.11111111111114,695.5876795860629,236.67248911327786,734.4175287472706,285.5497331089444,0.816774308681488,0.06682994961738586,
2026-07-14T23:27:52.037,7.11975250497926,20260714_232744_front_fusion_tl_14,fps_5,fusion_tl_14,1006435,5,vehicle,0.07635772973299026,-25.99290770440954,24.57579671349488,6.066115910421081,-10.653266522592766,4.818459510803223,1.9305312633514404,2.0180821418762207,3.8186442298218184,359.16927083333337,386.6666666666667,307.5958996539315,306.15585009257,410.74264201273525,467.17748324076337,0.021188080310821533,0.8189290761947632,
2026-07-14T23:27:52.037,7.11975250497926,20260714_232744_front_fusion_tl_14,fps_5,fusion_tl_14,1006435,6,vehicle,0.0637018010020256,-9.235866882673417,21.183658616458946,2.0552556343110755,116.41845742346585,4.198825836181641,1.6602128744125366,2.1037538051605225,14.367826838750057,75.61458333333334,155.55555555555557,49.21334392701586,130.86540136072372,102.01582273965082,180.24570975038742,0.02453359216451645,0.9962695837020874,
2026-07-14T23:27:52.156,7.237947370042093,20260714_232744_front_fusion_tl_14,fps_5,fusion_tl_14,1006436,0,vehicle,0.2463938295841217,-15.005471934901772,28.913953911080746,0.9435070182353975,-97.40069099725766,5.082581996917725,1.9056859016418457,2.200908660888672,11.607502093576977,235.73958333333334,137.77777777777777,201.32264803846678,114.62262319193947,270.15651862819993,160.9329323636161,0.023696601390838623,0.9999955892562866,
2026-07-14T23:27:52.156,7.237947370042093,20260714_232744_front_fusion_tl_14,fps_5,fusion_tl_14,1006436,1,vehicle,0.20768071711063385,-24.26874601581381,24.61459216585437,5.30955710962014,-73.06464058993133,3.747459888458252,1.564821720123291,1.7537058591842651,2.833860721827122,369.17708333333337,367.77777777777777,321.70130812873447,316.5911446677314,416.6528585379323,418.96441088782416,0.31131890416145325,0.9981635212898254,
2026-07-14T23:27:52.156,7.237947370042093,20260714_232744_front_fusion_tl_14,fps_5,fusion_tl_14,1006436,2,vehicle,0.14701679348945618,-22.631844776734475,27.307005890222705,3.9819256344121676,-8.319531559477255,4.948099136352539,1.9883954524993896,2.2286651134490967,5.504859089972799,600.46875,324.44444444444446,509.5995375812054,249.90505483415393,691.3379624187946,398.983834054735,0.01561981812119484,0.739016056060791,
2026-07-14T23:27:52.156,7.237947370042093,20260714_232744_front_fusion_tl_14,fps_5,fusion_tl_14,1006436,3,vehicle,0.08319076150655746,-24.93522956426493,24.25821566183046,5.778195953305243,-2.3920678958849817,4.022278308868408,1.6658837795257568,1.8572242259979248,2.8409843377307857,332.48177083333337,377.77777777777777,273.0074774672588,297.07643138037787,391.95606419940793,458.4791241751777,0.09622588753700256,0.8974111080169678,
2026-07-14T23:27:52.273,7.3553238309687,20260714_232744_front_fusion_tl_14,fps_5,fusion_tl_14,1006437,0,vehicle,0.17012959718704224,-15.695918026690535,29.444404435940854,0.8773869199054136,-106.26798546863907,4.902193069458008,1.8611360788345337,2.0810904502868652,11.500846462166647,235.73958333333334,137.77777777777777,203.33626930912337,115.52706943617927,268.14289735754335,160.02848611937628,0.022970087826251984,0.9999911785125732,
2026-07-14T23:27:52.273,7.3553238309687,20260714_232744_front_fusion_tl_14,fps_5,fusion_tl_14,1006437,1,vehicle,0.10294946283102036,-24.587749154677056,24.37307272371267,5.613020048034677,7.720155934565278,4.068272113800049,1.6811579465866089,1.8791717290878296,2.7287517367709335,305.79427083333337,360.0,251.78400293489298,301.61009430885315,359.80453873177373,418.38990569114685,0.2896021008491516,0.7962251901626587,
2026-07-14T23:27:52.273,7.3553238309687,20260714_232744_front_fusion_tl_14,fps_5,fusion_tl_14,1006437,2,vehicle,0.0924096405506134,-15.326412394166852,28.10972140430306,1.2074140832038154,-104.26661943188094,4.332573413848877,1.7852756977081299,1.9807499647140503,10.817954288291896,350.2734375,191.11111111111111,314.9472682252526,169.05576950973935,385.5996067747474,213.16645271248288,0.01757698319852352,0.9988002777099609,
2026-07-14T23:27:52.273,7.3553238309687,20260714_232744_front_fusion_tl_14,fps_5,fusion_tl_14,1006437,3,vehicle,0.07780572772026062,-8.554246376503013,19.92540288561855,2.2755586272327193,162.42509582656942,3.8923990726470947,1.5456554889678955,1.9009453058242798,15.105112750652491,65.60677083333334,154.44444444444446,41.850305457909904,129.50817969110278,89.36323620875677,179.38070919778613,0.17419369518756866,0.9981701374053955,
2026-07-14T23:27:52.273,7.3553238309687,20260714_232744_front_fusion_tl_14,fps_5,fusion_tl_14,1006437,4,vehicle,0.0612054318189621,-25.175910271692413,29.782965027815326,4.1071007520809015,68.43380830865439,5.020402908325195,2.1048836708068848,2.5706095695495605,8.100383920996796,547.09375,191.11111111111111,498.54600276798016,120.23978180355496,595.6414972320199,261.9824404186673,0.003866857383400202,0.0022658470552414656,
2026-07-14T23:27:52.389,7.471334489993751,20260714_232744_front_fusion_tl_14,fps_5,fusion_tl_14,1006438,0,vehicle,0.17685452103614807,-14.451513848912159,29.409046105751756,0.5410498304110014,-124.50445387525843,4.865712642669678,1.8747668266296387,2.1164233684539795,12.451927855348961,235.73958333333334,136.66666666666669,203.6969793861111,115.38693229357402,267.7821872805556,157.94640103975934,0.027789205312728882,0.9999786615371704,
2026-07-14T23:27:52.389,7.471334489993751,20260714_232744_front_fusion_tl_14,fps_5,fusion_tl_14,1006438,1,vehicle,0.12348126620054245,-15.843866792754165,26.52953115256799,2.492388866525875,-60.6807353745295,4.386508941650391,1.8085731267929077,2.344970703125,9.069138319673378,172.35677083333334,111.11111111111111,126.22810449202856,76.12686223453946,218.48543717463812,146.09535998768277,0.02948242425918579,0.9964010715484619,
2026-07-14T23:27:52.389,7.471334489993751,20260714_232744_front_fusion_tl_14,fps_5,fusion_tl_14,1006438,2,vehicle,0.10382407158613205,-15.112738925103455,29.029183780422414,0.906963133876598,-80.68061400056085,4.338960647583008,1.8346515893936157,2.0237207412719727,11.617741406864546,350.2734375,191.11111111111111,316.70453245192766,170.76032585567899,383.84234254807234,211.46189636654324,0.01115178782492876,0.9997594952583313,
2026-07-14T23:27:52.389,7.471334489993751,20260714_232744_front_fusion_tl_14,fps_5,fusion_tl_14,1006438,3,vehicle,0.056043434888124466,-9.794478821799611,19.466493423715615,2.762505329008796,90.89121852974979,4.307995319366455,1.7187830209732056,1.985102653503418,13.88510350611033,65.60677083333334,145.55555555555557,39.12236491342386,120.93521389696333,92.09117675324282,170.1758972141478,0.006765193771570921,0.9146234393119812,
2026-07-14T23:27:52.507,7.589759294060059,20260714_232744_front_fusion_tl_14,fps_5,fusion_tl_14,1006439,0,vehicle,0.2591451406478882,-16.38165768180174,30.766598034286197,0.6197367459463479,-124.55699328241667,4.778496742248535,1.8850752115249634,2.049283266067505,12.095034647973055,235.73958333333334,137.77777777777777,201.8793258642157,115.31702564822304,269.599840802451,160.23852990733252,0.024236325174570084,0.9999865293502808,
2026-07-14T23:27:52.507,7.589759294060059,20260714_232744_front_fusion_tl_14,fps_5,fusion_tl_14,1006439,1,vehicle,0.22351129353046417,-16.926926355165445,30.18383758870202,0.8240062971092081,-143.70686248974295,4.709269046783447,1.888909935951233,2.0032858848571777,11.298616826907296,350.2734375,191.11111111111111,308.37637397646904,169.3532211250729,392.17050102353096,212.86900109714932,0.04317210614681244,0.9995635151863098,
2026-07-14T23:27:52.507,7.589759294060059,20260714_232744_front_fusion_tl_14,fps_5,fusion_tl_14,1006439,2,vehicle,0.20320528745651245,-21.292302479065253,25.136995535780724,4.708196071574308,90.45317193012768,5.378952503204346,2.144256114959717,2.5606091022491455,3.621131087423888,368.0651041666667,368.8888888888889,276.23299712936085,253.5772686534458,459.8972112039725,484.20050912433203,0.008071484044194221,0.48318129777908325,
2026-07-14T23:27:52.507,7.589759294060059,20260714_232744_front_fusion_tl_14,fps_5,fusion_tl_14,1006439,3,vehicle,0.19808872044086456,-22.811162351498417,24.955873257813344,5.756216964922192,-111.72590824074253,6.260622501373291,2.4620978832244873,2.924034595489502,2.702902158992404,369.17708333333337,297.77777777777777,313.6857983519634,235.81924306021799,424.66836831470334,359.7363124953376,0.6787986159324646,0.9689708948135376,
2026-07-14T23:27:52.507,7.589759294060059,20260714_232744_front_fusion_tl_14,fps_5,fusion_tl_14,1006439,4,vehicle,0.15054260194301605,-19.632494824230264,27.997953003595462,2.4569729000777683,-77.36333632347494,3.8363044261932373,1.5908503532409668,1.4179242849349976,7.598874227429267,172.35677083333334,146.66666666666669,127.89287275572619,125.71782390276591,216.8206689109405,167.61550943056744,0.01361307967454195,0.9985871315002441,
2026-07-14T23:27:52.507,7.589759294060059,20260714_232744_front_fusion_tl_14,fps_5,fusion_tl_14,1006439,5,vehicle,0.10628864914178848,-15.181296686594383,26.020569335779104,2.5011795228971963,-59.140945963305306,4.7935872077941895,1.9413096904754639,2.494840621948242,9.379185824350792,172.35677083333334,111.11111111111111,122.92133086671433,72.2469539112515,221.79221079995236,149.97526831097073,0.08868376910686493,0.9970144033432007,
2026-07-14T23:27:52.626,7.7087709590559825,20260714_232744_front_fusion_tl_14,fps_5,fusion_tl_14,1006440,0,vehicle,0.25805336236953735,-15.281739982481106,28.43722347991124,1.066261197699161,-108.11883737195559,4.748065948486328,1.8362505435943604,2.0086617469787598,11.093493412504664,235.73958333333334,136.66666666666669,204.44484013815722,114.56137875715892,267.0343265285095,158.77195457617444,0.034754280000925064,0.9999949932098389,
2026-07-14T23:27:52.626,7.7087709590559825,20260714_232744_front_fusion_tl_14,fps_5,fusion_tl_14,1006440,1,vehicle,0.21437937021255493,-20.591807280115034,22.396820946600204,5.165358825360779,105.23457956016509,3.777719020843506,1.5749858617782593,1.8569254875183105,2.5818143782900695,394.7526041666667,385.5555555555556,291.4277480642001,310.72188827726575,498.07746026913327,460.3892228338454,0.5744101405143738,0.9943992495536804,
2026-07-14T23:27:52.626,7.7087709590559825,20260714_232744_front_fusion_tl_14,fps_5,fusion_tl_14,1006440,2,vehicle,0.17214147746562958,-16.67097705017923,29.85527212518235,1.1022491941756059,-34.299999020672274,4.858645439147949,1.9339134693145752,2.0752382278442383,11.080691888334528,342.48958333333337,191.11111111111111,306.76590157051885,169.55143100685544,378.2132650961479,212.6707912153668,0.015361669473350048,0.9998127818107605,
2026-07-14T23:27:52.626,7.7087709590559825,20260714_232744_front_fusion_tl_14,fps_5,fusion_tl_14,1006440,3,vehicle,0.16747485101222992,-18.69368140774609,23.422353600826334,4.45885667442171,76.61931789879449,5.511134624481201,2.0402653217315674,2.7943599224090576,4.736271623093488,296.8984375,305.55555555555554,236.2905675172806,211.69187280866836,357.5063074827194,399.4192383024428,0.24875259399414062,0.8336390256881714,
2026-07-14T23:27:52.626,7.7087709590559825,20260714_232744_front_fusion_tl_14,fps_5,fusion_tl_14,1006440,4,vehicle,0.11447039991617203,-19.88709874792307,23.510500516223487,4.779440860527741,101.33218655270767,5.031795024871826,1.9742474555969238,2.524941921234131,3.5916611707297528,280.21875,314.44444444444446,207.9852375984192,244.92298867967395,352.4522624015808,383.96590020921496,0.13658507168293,0.7818567156791687,
2026-07-14T23:27:52.626,7.7087709590559825,20260714_232744_front_fusion_tl_14,fps_5,fusion_tl_14,1006440,5,vehicle,0.09209613502025604,-10.63272428924983,19.679015902701256,2.8697506965079183,122.80408117599849,4.223334312438965,1.6494569778442383,1.959082007408142,13.022222826941677,65.60677083333334,145.55555555555557,38.57586437960466,116.30912396642897,92.63767728706202,174.80198714468216,0.01990407519042492,0.9941486120223999,
2026-07-14T23:27:52.737,7.820021852036007,20260714_232744_front_fusion_tl_14,fps_5,fusion_tl_14,1006441,0,vehicle,0.22615587711334229,-16.693608794441566,29.21742344056335,1.2222095021990196,-138.58113745889074,4.591412544250488,1.79307222366333,1.922230839729309,10.585287694119087,235.73958333333334,136.66666666666669,201.64149091889462,115.40636936823527,269.8376757477721,157.92696396509808,0.03434832766652107,0.9999734163284302,
2026-07-14T23:27:52.737,7.820021852036007,20260714_232744_front_fusion_tl_14,fps_5,fusion_tl_14,1006441,1,vehicle,0.13069233298301697,-19.322733795439408,27.77861161127551,2.511909377077521,-20.021623635107293,4.39296817779541,1.7346621751785278,1.6582123041152954,7.550987342454765,164.57291666666669,145.55555555555557,120.80966739604871,120.34854683611128,208.33616593728465,170.76256427499985,0.028173143044114113,0.9990743398666382,
2026-07-14T23:27:52.737,7.820021852036007,20260714_232744_front_fusion_tl_14,fps_5,fusion_tl_14,1006441,2,vehicle,0.12245257943868637,-17.859923885898315,23.653209717288586,3.627544229796987,30.595574812026115,4.851577281951904,1.9095455408096313,1.9745047092437744,5.868534546411166,386.96875,385.5555555555556,329.1174785941839,319.6597811910841,444.82002140581614,451.45132992002704,0.0438004769384861,0.9976867437362671,
2026-07-14T23:27:52.737,7.820021852036007,20260714_232744_front_fusion_tl_14,fps_5,fusion_tl_14,1006441,3,vehicle,0.1080910712480545,-18.84747407037906,25.608818923517337,3.624868812331746,62.2725224800504,4.4183430671691895,1.8839093446731567,2.250169038772583,5.875621890353638,305.79427083333337,333.33333333333337,240.20990552504858,279.65626557668054,371.37863614161813,387.0104010899862,0.02609574981033802,0.9840033650398254,
2026-07-14T23:27:52.737,7.820021852036007,20260714_232744_front_fusion_tl_14,fps_5,fusion_tl_14,1006441,4,vehicle,0.09788402915000916,-10.49437180950675,19.863995358025907,2.6671206394639304,105.19953016101029,4.361391067504883,1.6808885335922241,1.8868517875671387,13.171062281668807,65.60677083333334,145.55555555555557,33.11097357173761,115.13669821951125,98.10256809492907,175.97441289159988,0.15225189924240112,0.997884213924408,
2026-07-14T23:27:52.737,7.820021852036007,20260714_232744_front_fusion_tl_14,fps_5,fusion_tl_14,1006441,5,vehicle,0.05803700163960457,-19.671026733918946,24.906139279099985,4.328139588130561,117.10745092290556,4.947638034820557,1.983842372894287,2.5393927097320557,4.5954440600541515,295.78645833333337,324.44444444444446,240.6725062330564,273.71064689424304,350.9004104336103,375.1782419946459,0.00926507543772459,0.905882716178894,
2026-07-14T23:27:52.737,7.820021852036007,20260714_232744_front_fusion_tl_14,fps_5,fusion_tl_14,1006441,6,vehicle,0.057900816202163696,-21.52061202782525,24.30469902629763,4.890535476000405,125.49217783954347,5.030151844024658,2.058040142059326,2.2135188579559326,2.803476282728609,360.28125,360.0,236.11253648996356,261.3439750671387,484.4499635100365,458.6560249328613,0.521379292011261,0.42912423610687256,
2026-07-14T23:27:52.848,7.9299400669988245,20260714_232744_front_fusion_tl_14,fps_5,fusion_tl_14,1006442,0,vehicle,0.2574111819267273,-16.480834120218198,28.976101668869426,1.391881612319395,-91.77203441507304,4.310313701629639,1.7813493013381958,1.9756343364715576,10.478051273226502,235.73958333333334,136.66666666666669,203.83078580101332,112.68924335638683,267.6483808656534,160.64408997694653,0.12235525995492935,0.9999926090240479,
2026-07-14T23:27:52.848,7.9299400669988245,20260714_232744_front_fusion_tl_14,fps_5,fusion_tl_14,1006442,1,vehicle,0.12030500173568726,-20.297030310951335,25.436734599151542,4.2450051175890415,102.96280275341118,4.670727729797363,1.9209741353988647,2.4715981483459473,4.560802129103241,279.10677083333337,306.6666666666667,226.93579632540545,260.97207466761273,331.27774534126127,352.36125866572064,0.011492477729916573,0.8439143896102905,
2026-07-14T23:27:52.848,7.9299400669988245,20260714_232744_front_fusion_tl_14,fps_5,fusion_tl_14,1006442,2,vehicle,0.10530667752027512,-19.16033558018743,24.95562611631246,4.0323295729394015,95.69774148518063,4.608354568481445,1.915480375289917,2.134514570236206,5.1181689670610995,332.48177083333337,342.22222222222223,238.50027318795523,275.4535426033868,426.4632684787115,408.9909018410577,0.33525562286376953,0.969395637512207,
2026-07-14T23:27:52.848,7.9299400669988245,20260714_232744_front_fusion_tl_14,fps_5,fusion_tl_14,1006442,3,vehicle,0.10200409591197968,-20.293118832655487,27.25700896933537,3.0029830101112025,-38.85795105234484,4.292369842529297,1.7364169359207153,1.592646837234497,6.486983739945408,164.57291666666669,146.66666666666669,118.52927318463723,119.88112608591716,210.61656014869612,173.4522072474162,0.01809515431523323,0.9975197911262512,
2026-07-14T23:27:52.848,7.9299400669988245,20260714_232744_front_fusion_tl_14,fps_5,fusion_tl_14,1006442,4,vehicle,0.09712357074022293,-17.647066416550125,28.80266628324562,1.6007194012342554,52.096892072661134,4.421154022216797,1.8146212100982666,1.7915005683898926,9.582952376546336,422.55208333333337,333.33333333333337,390.1891571556529,307.74185498555505,454.91500951101386,358.9248116811117,0.2655636966228485,0.9980301260948181,
2026-07-14T23:27:52.848,7.9299400669988245,20260714_232744_front_fusion_tl_14,fps_5,fusion_tl_14,1006442,5,vehicle,0.09478913247585297,-19.826001599529402,21.676154723057724,4.93765055097831,119.57710089428592,3.8232288360595703,1.6303824186325073,1.792991280555725,3.430026467560817,697.2109375,306.6666666666667,642.2973116636276,245.23587624231976,752.1245633363724,368.0974570910136,0.3291666805744171,0.9958373308181763,
2026-07-14T23:27:52.848,7.9299400669988245,20260714_232744_front_fusion_tl_14,fps_5,fusion_tl_14,1006442,6,vehicle,0.08341556042432785,-22.99317279190772,24.500347850585293,5.561644962898968,-33.81540625492009,5.36182165145874,2.0993664264678955,2.607588052749634,2.3057650018375733,422.55208333333337,208.88888888888889,366.739808027943,138.72184329562717,478.36435863872373,279.05593448215063,0.46809202432632446,0.47189050912857056,
2026-07-14T23:27:52.848,7.9299400669988245,20260714_232744_front_fusion_tl_14,fps_5,fusion_tl_14,1006442,7,person,0.07212689518928528,-21.281864642829518,20.925634082318467,5.367774346149549,-82.94383143406706,1.0328582525253296,0.6980071663856506,1.750558853149414,2.323619156206387,296.8984375,368.8888888888889,246.64889371395114,251.3062530093723,347.1479812860489,486.4715247684055,0.9999291896820068,0.4427683651447296,
2026-07-14T23:27:52.969,8.051391219021752,20260714_232744_front_fusion_tl_14,fps_5,fusion_tl_14,1006443,0,vehicle,0.3468821346759796,-14.83404221130681,26.885731953022386,1.6014085829197349,-89.19831821320099,4.654046058654785,1.8394372463226318,1.901354432106018,10.402796351759974,235.73958333333334,136.66666666666669,201.3029265527924,115.25350133577983,270.1762401138743,158.07983199755353,0.08478162437677383,0.9999967813491821,
2026-07-14T23:27:52.969,8.051391219021752,20260714_232744_front_fusion_tl_14,fps_5,fusion_tl_14,1006443,1,vehicle,0.11859307438135147,-19.425046007512023,22.28892901258054,4.611235539475732,7.797834257133221,4.202685832977295,1.733087420463562,1.8833749294281006,3.871726735178499,697.2109375,306.6666666666667,638.1716875731945,252.31640378634137,756.2501874268055,361.016929546992,0.6988924741744995,0.9523758888244629,
2026-07-14T23:27:52.969,8.051391219021752,20260714_232744_front_fusion_tl_14,fps_5,fusion_tl_14,1006443,2,vehicle,0.06533948332071304,-22.843365611970942,44.05282069143095,-1.8441219478719333,60.627960501937004,6.121053218841553,2.4544553756713867,2.5088610649108887,23.209735093424133,474.8151041666667,261.11111111111114,420.92432321111363,244.11161012119717,528.7058851222198,278.1106121010251,3.249664950999431e-05,0.00011345811799401417,
2026-07-14T23:27:52.969,8.051391219021752,20260714_232744_front_fusion_tl_14,fps_5,fusion_tl_14,1006443,3,vehicle,0.06442157179117203,-19.924679573390698,26.33671810846787,3.3025444210995794,-68.8988462162377,4.371579170227051,1.8065791130065918,1.6287460327148438,5.833434076599266,163.4609375,146.66666666666669,117.14875540137292,117.9656712214152,209.7731195986271,175.36766211191815,0.05742102488875389,0.9310497045516968,
2026-07-14T23:27:52.969,8.051391219021752,20260714_232744_front_fusion_tl_14,fps_5,fusion_tl_14,1006443,4,vehicle,0.054989490658044815,-17.96833394881625,26.74611788594079,3.434288529191999,34.356822152360664,5.649953842163086,2.1396045684814453,3.0652925968170166,7.233900043701141,163.4609375,102.22222222222223,106.81160458922388,57.75681151284112,220.11027041077617,146.68763293160333,0.059174519032239914,0.9989232420921326,
2026-07-14T23:27:53.089,8.171021710964851,20260714_232744_front_fusion_tl_14,fps_5,fusion_tl_14,1006444,0,vehicle,0.2916090786457062,-15.437322907206177,26.031959389831986,2.0268408019221393,-106.49882766039163,4.339755535125732,1.7584359645843506,1.7608399391174316,9.377462242478257,235.73958333333334,136.66666666666669,203.25105238457522,114.59199885527293,268.2281142820915,158.74133447806042,0.19747589528560638,0.9999939203262329,
2026-07-14T23:27:53.089,8.171021710964851,20260714_232744_front_fusion_tl_14,fps_5,fusion_tl_14,1006444,1,vehicle,0.2299841195344925,-19.49841366374841,24.681533926051515,3.832615876484983,-51.57320411059962,3.9618539810180664,1.6555536985397339,1.8738750219345093,4.827867601636964,253.53125000000003,305.55555555555554,156.91190899908543,252.22521517011856,350.1505910009146,358.8858959409926,0.18952812254428864,0.9986525177955627,
2026-07-14T23:27:53.089,8.171021710964851,20260714_232744_front_fusion_tl_14,fps_5,fusion_tl_14,1006444,2,vehicle,0.10325612872838974,-18.197541171910594,26.92207278216607,2.9871331302791866,82.21848883126019,4.555972576141357,1.8690402507781982,2.2882697582244873,7.377244859232811,235.73958333333334,287.77777777777777,199.22809200485548,257.64352785216437,272.25107466181123,317.9120277033912,0.044974736869335175,0.8444361686706543,
2026-07-14T23:27:53.089,8.171021710964851,20260714_232744_front_fusion_tl_14,fps_5,fusion_tl_14,1006444,3,vehicle,0.07418860495090485,-24.756215414371034,25.364072079769414,5.00769135247293,59.00232055089271,4.440149307250977,1.8425171375274658,1.6691333055496216,3.7765746914140608,493.71875000000006,350.0,423.8295015543699,272.493371963501,563.6079984456301,427.506628036499,0.06559372693300247,0.9548739790916443,
2026-07-14T23:27:53.211,8.29352408903651,20260714_232744_front_fusion_tl_14,fps_5,fusion_tl_14,1006445,0,vehicle,0.21676789224147797,-16.97067941208046,27.52674500469027,1.95296187810301,-126.41697352740252,4.2194437980651855,1.7084548473358154,1.7954137325286865,9.017933418590804,235.73958333333334,136.66666666666669,200.85470576335987,113.96633783976237,270.62446090330684,159.36699549357098,0.17867141962051392,0.9999704360961914,
2026-07-14T23:27:53.211,8.29352408903651,20260714_232744_front_fusion_tl_14,fps_5,fusion_tl_14,1006445,1,vehicle,0.20613811910152435,-20.431125870069064,25.570977296134448,3.959986980969246,-56.468813301866774,4.368489742279053,1.7696229219436646,2.105834722518921,4.711558002797364,243.52343750000003,296.6666666666667,129.48122808337212,230.5500928560893,357.5656469166279,362.7832404772441,0.3265599310398102,0.9999529123306274,
2026-07-14T23:27:53.211,8.29352408903651,20260714_232744_front_fusion_tl_14,fps_5,fusion_tl_14,1006445,2,vehicle,0.07419964671134949,-22.98043085059034,24.670396039366373,5.2026810135558765,-4.708707049639598,5.836629867553711,2.273059606552124,2.5779170989990234,2.591873557490696,181.25260416666669,244.44444444444446,139.762056487302,187.4728122022417,222.74315184603137,301.4160766866472,0.03550899401307106,0.9092882871627808,
2026-07-14T23:27:53.211,8.29352408903651,20260714_232744_front_fusion_tl_14,fps_5,fusion_tl_14,1006445,3,vehicle,0.060056161135435104,-17.665563369096894,25.741328621348508,3.719658293130081,2.1947202972456443,5.3615336418151855,2.0383241176605225,2.9651191234588623,6.780608050429207,163.4609375,101.11111111111111,107.48617547750474,59.28284115261502,219.4356995224953,142.9393810696072,0.011906912550330162,0.9996585845947266,
2026-07-14T23:27:53.211,8.29352408903651,20260714_232744_front_fusion_tl_14,fps_5,fusion_tl_14,1006445,4,vehicle,0.05890979617834091,-19.607457716471025,27.34984112539862,3.051014009098134,8.680419150434993,4.343288898468018,1.763253092765808,2.061210870742798,6.840090178687485,233.51562500000003,287.77777777777777,186.0903481245041,257.5578831301795,280.9409018754959,317.99767242537604,0.13026462495326996,0.9846136569976807,
2026-07-14T23:27:53.211,8.29352408903651,20260714_232744_front_fusion_tl_14,fps_5,fusion_tl_14,1006445,5,vehicle,0.05784263461828232,-20.76527828815845,25.649536811686822,3.6779587307205865,-43.882009364187084,4.551240921020508,1.8152186870574951,1.623132348060608,4.746925337794587,146.78125,145.55555555555557,88.93462979793549,105.98942134115431,204.6278702020645,185.12168976995682,0.19552218914031982,0.980560302734375,
2026-07-14T23:27:53.211,8.29352408903651,20260714_232744_front_fusion_tl_14,fps_5,fusion_tl_14,1006445,6,vehicle,0.051820848137140274,-22.024545731983014,22.10498951486194,6.341394975618353,-61.104601393800344,6.460865497589111,2.549062490463257,2.98190975189209,0.9315336588449646,102.30208333333334,261.11111111111114,46.26222990949949,177.7670521206326,158.3419367571672,344.45517010158966,0.7779679298400879,0.8120279312133789,
2026-07-14T23:27:53.332,8.414956119959243,20260714_232744_front_fusion_tl_14,fps_5,fusion_tl_14,1006446,0,vehicle,0.3730422854423523,-19.790475735634747,25.229546027715607,3.8063591796031853,13.72550195061374,4.3928937911987305,1.7135053873062134,2.0569677352905273,4.942155528435787,225.73177083333334,287.77777777777777,147.2171863516172,225.8705054389106,304.2463553150495,349.68505011664496,0.19187568128108978,0.9999707937240601,
2026-07-14T23:27:53.332,8.414956119959243,20260714_232744_front_fusion_tl_14,fps_5,fusion_tl_14,1006446,1,vehicle,0.21546855568885803,-18.800040471145174,31.026159652360313,1.1982265479612302,-145.92400372551677,4.48061990737915,1.8207767009735107,1.8021199703216553,10.896732403807398,235.73958333333334,136.66666666666669,194.92053967465958,114.43402926127116,276.55862699200713,158.8993040720622,0.2441015988588333,0.9999167919158936,
2026-07-14T23:27:53.332,8.414956119959243,20260714_232744_front_fusion_tl_14,fps_5,fusion_tl_14,1006446,2,vehicle,0.1177801787853241,-17.355848090730188,27.791722838680055,2.275440479137494,101.62016863214212,4.706925392150879,1.8330140113830566,2.2493042945861816,8.777762288617275,199.04427083333334,278.8888888888889,161.713502732416,246.5822856956058,236.37503893425068,311.195492082172,0.006097559351474047,0.9981061220169067,
2026-07-14T23:27:53.332,8.414956119959243,20260714_232744_front_fusion_tl_14,fps_5,fusion_tl_14,1006446,3,vehicle,0.09710858017206192,-19.038158033158282,24.573318494602987,3.6792766937759223,-26.841423703390983,4.505824089050293,1.7813754081726074,1.7505004405975342,5.190626114626199,145.66927083333334,137.77777777777777,104.47499401619038,108.92589019404518,186.8635476504763,166.62966536151038,0.22513341903686523,0.9920708537101746,
2026-07-14T23:27:53.453,8.535342565970495,20260714_232744_front_fusion_tl_14,fps_5,fusion_tl_14,1006447,0,vehicle,0.40240681171417236,-20.531291511209844,33.173336010506056,0.9358243991526205,-169.68325557735906,4.522890567779541,1.7873820066452026,1.7890243530273438,12.33817627373576,235.73958333333334,136.66666666666669,194.75629046310982,115.04480759302776,276.7228762035569,158.2885257403056,0.12376287579536438,0.9999827146530151,
2026-07-14T23:27:53.453,8.535342565970495,20260714_232744_front_fusion_tl_14,fps_5,fusion_tl_14,1006447,1,vehicle,0.18576322495937347,-14.315075907620484,27.413006291688106,1.9431875063029658,62.22711808175349,5.510514736175537,2.1936328411102295,2.6916301250457764,10.905943038069825,350.2734375,253.33333333333334,306.58362125605345,224.03168400128683,393.96325374394655,282.6349826653799,0.0036111718509346247,0.8660492300987244,
2026-07-14T23:27:53.453,8.535342565970495,20260714_232744_front_fusion_tl_14,fps_5,fusion_tl_14,1006447,2,vehicle,0.08242607861757278,-15.951689149633483,26.842223758236486,2.554299905624365,75.7926109513979,5.621305465698242,2.138228416442871,2.7511894702911377,9.111108749853079,191.26041666666669,262.22222222222223,145.15276027719182,217.34616173638238,237.36807305614155,307.0982827080621,0.014379631727933884,0.9616069197654724,
2026-07-14T23:27:53.453,8.535342565970495,20260714_232744_front_fusion_tl_14,fps_5,fusion_tl_14,1006447,3,vehicle,0.06616421788930893,-14.244962724821217,19.48092245830949,4.072328017734257,146.8448493698613,4.588151931762695,1.6869841814041138,2.0631370544433594,9.389539421003835,31.135416666666668,146.66666666666669,2.010755891601245,89.96994654337566,60.26007744173209,203.3633867899577,0.38355615735054016,0.33551228046417236,
2026-07-14T23:27:53.453,8.535342565970495,20260714_232744_front_fusion_tl_14,fps_5,fusion_tl_14,1006447,4,vehicle,0.06609083712100983,-17.952073808708345,26.257175692098595,3.531875454263961,31.425286116998926,5.210874080657959,1.986106038093567,2.8605246543884277,6.916883439732973,163.4609375,102.22222222222223,115.17516884207727,69.02150644196405,211.74670615792274,135.4229380024804,0.008182796649634838,0.9969066977500916,
2026-07-14T23:27:53.453,8.535342565970495,20260714_232744_front_fusion_tl_14,fps_5,fusion_tl_14,1006447,5,vehicle,0.05631685256958008,-19.170704500162298,25.42060569258476,3.771389543136541,-40.608459361714004,5.467878818511963,2.0505571365356445,2.445280075073242,5.479895484809012,216.83593750000003,278.8888888888889,133.27556684613228,218.22809272342258,300.3963081538677,339.5496850543552,0.05933909863233566,0.9999961853027344,
2026-07-14T23:27:53.453,8.535342565970495,20260714_232744_front_fusion_tl_14,fps_5,fusion_tl_14,1006447,6,vehicle,0.055737074464559555,-21.534815479280308,25.942663630540288,3.8374099330294653,-42.61389526276579,4.581969738006592,1.791312575340271,1.7635409832000732,4.58746387587959,145.66927083333334,145.55555555555557,88.15520215531191,100.19755575391981,203.18333951135477,190.9135553571913,0.23395168781280518,0.9307626485824585,
2026-07-14T23:27:53.589,8.671987341018394,20260714_232744_front_fusion_tl_14,fps_5,fusion_tl_14,1006448,0,vehicle,0.4685899317264557,-20.88117393594666,31.760149976449547,1.4576851406239504,-121.86038141359268,4.41369104385376,1.7298204898834229,1.7273064851760864,10.801193414200563,235.73958333333334,136.66666666666669,193.73829085131487,113.69117001692454,277.74087581535184,159.6421633164088,0.19746892154216766,0.9999767541885376,
2026-07-14T23:27:53.589,8.671987341018394,20260714_232744_front_fusion_tl_14,fps_5,fusion_tl_14,1006448,1,vehicle,0.19731876254081726,-20.120843675165606,25.090713732974045,4.207634146116477,-0.1062333863181774,3.9285013675689697,1.5986982583999634,1.977427363395691,4.456673777724573,199.04427083333334,261.11111111111114,115.78119545181593,191.24169058269925,282.3073462148508,330.980531639523,0.3252530097961426,0.9999921321868896,
2026-07-14T23:27:53.589,8.671987341018394,20260714_232744_front_fusion_tl_14,fps_5,fusion_tl_14,1006448,2,vehicle,0.1037546768784523,-22.7033981920821,26.474793935976184,4.13733030774498,-91.60391242381814,4.755395412445068,1.925765037536621,1.8869539499282837,4.684627450031227,137.88541666666669,145.55555555555557,65.7639403740565,91.40323612425063,210.00689295927685,199.7078749868605,0.8420250415802002,0.9673726558685303,
2026-07-14T23:27:53.589,8.671987341018394,20260714_232744_front_fusion_tl_14,fps_5,fusion_tl_14,1006448,3,vehicle,0.09641160070896149,-21.14647851304416,25.750699972288302,4.691034763444055,88.20403981278012,4.6514410972595215,1.8816636800765991,2.3739824295043945,4.185867335538419,189.03645833333334,252.22222222222223,134.20733042558035,202.38159312142267,243.86558624108633,302.0628513230218,0.029668129980564117,0.9747864007949829,
2026-07-14T23:27:53.589,8.671987341018394,20260714_232744_front_fusion_tl_14,fps_5,fusion_tl_14,1006448,4,vehicle,0.06503277271986008,-24.84309773017452,29.06275392731986,3.6119428310709303,-51.175639078132065,4.638598442077637,1.7083117961883545,1.9761720895767212,7.5064659313650655,769.4895833333334,360.0,665.0606294473013,266.4150810241699,873.9185372193655,453.5849189758301,0.006166819948703051,0.9657007455825806,
2026-07-14T23:27:53.589,8.671987341018394,20260714_232744_front_fusion_tl_14,fps_5,fusion_tl_14,1006448,5,vehicle,0.06362561881542206,-15.518977403278885,20.176721108340228,4.378017795852978,-170.34707441010147,5.324677467346191,1.8972803354263306,2.0976505279541016,7.935525061051288,31.135416666666668,145.55555555555557,-4.264847365518412,86.4587590429518,66.53568069885175,204.65235206815933,0.8402199149131775,0.9401254653930664,
2026-07-14T23:27:53.707,8.789335228037089,20260714_232744_front_fusion_tl_14,fps_5,fusion_tl_14,1006449,0,vehicle,0.35568466782569885,-18.17202950401049,24.43620337586468,3.4770015277905824,156.0616419420187,4.150782108306885,1.6605501174926758,2.0355262756347656,5.9088449762606485,182.36458333333334,252.22222222222223,128.26057872672877,211.22402800454034,236.46858793993792,293.2204164399041,0.8189743161201477,0.999927282333374,
2026-07-14T23:27:53.707,8.789335228037089,20260714_232744_front_fusion_tl_14,fps_5,fusion_tl_14,1006449,1,vehicle,0.14179456233978271,-19.994759870680575,30.956505600171745,1.488710603323188,-105.9576759261364,3.7485358715057373,1.5801432132720947,1.4787368774414062,10.306906814688961,235.73958333333334,128.88888888888889,198.33979798605046,111.21918075614506,273.13936868061626,146.55859702163272,0.21347282826900482,0.9989816546440125,
2026-07-14T23:27:53.707,8.789335228037089,20260714_232744_front_fusion_tl_14,fps_5,fusion_tl_14,1006449,2,vehicle,0.12960514426231384,-19.02958046922573,24.504423733219074,4.2068548433168385,88.63927425050392,4.020266532897949,1.6591936349868774,2.3086647987365723,4.925704343246397,181.25260416666669,242.22222222222223,139.5069720024864,194.90517987145319,222.99823633084696,289.53926457299127,0.13469719886779785,0.9990981817245483,
2026-07-14T23:27:53.707,8.789335228037089,20260714_232744_front_fusion_tl_14,fps_5,fusion_tl_14,1006449,3,vehicle,0.1179853305220604,-19.80566553688351,26.054703879253744,3.523262980407448,-55.67549243133858,4.905034065246582,1.9764772653579712,2.24162220954895,5.595372875633985,493.71875000000006,287.77777777777777,414.47671343386173,238.1066499816047,572.9607865661383,337.44890557395087,0.23456837236881256,0.9967799782752991,
2026-07-14T23:27:53.707,8.789335228037089,20260714_232744_front_fusion_tl_14,fps_5,fusion_tl_14,1006449,4,vehicle,0.0715441107749939,-19.702890355617786,27.650339098344705,3.3466752974035003,29.29387622771484,5.103615760803223,1.969783067703247,2.5975162982940674,6.890497259657885,155.67708333333334,102.22222222222223,91.33210157354674,69.19611467255487,220.02206509311995,135.2483297718896,0.38473835587501526,0.9945608973503113,
2026-07-14T23:27:53.832,8.914616493973881,20260714_232744_front_fusion_tl_14,fps_5,fusion_tl_14,1006450,0,vehicle,0.19216388463974,-22.19652878867984,26.08600530248406,4.260886940957722,-91.62107088173282,4.373531341552734,1.8325560092926025,1.754171371459961,4.339563362338242,128.98958333333334,136.66666666666669,72.81418963273367,100.3413454691569,185.164977033933,172.99198786417645,0.6636566519737244,0.9597651958465576,
2026-07-14T23:27:53.832,8.914616493973881,20260714_232744_front_fusion_tl_14,fps_5,fusion_tl_14,1006450,1,vehicle,0.13720104098320007,-16.827844174209105,24.500766017496318,3.5479470844870207,-6.453118482723768,6.534426212310791,2.381436347961426,2.9383983612060547,7.0289010422129445,376.9609375,217.7777777777778,307.53745843470097,156.2793027030097,446.3844165652991,279.27625285254584,0.346691757440567,0.8575108051300049,
2026-07-14T23:27:53.832,8.914616493973881,20260714_232744_front_fusion_tl_14,fps_5,fusion_tl_14,1006450,2,vehicle,0.08936203271150589,-20.842776090851917,23.83950358611984,4.599952927520474,-68.30764901207317,4.0275678634643555,1.6084145307540894,1.7950689792633057,3.075840773414579,235.73958333333334,136.66666666666669,186.35932471354803,99.62454477945964,285.1198419531187,173.70878855387372,0.8052998185157776,0.9964964985847473,
2026-07-14T23:27:53.832,8.914616493973881,20260714_232744_front_fusion_tl_14,fps_5,fusion_tl_14,1006450,3,vehicle,0.08743541687726974,-17.97908357351077,28.161883627218145,2.6703774966729235,53.66937199931636,5.276735782623291,2.0495033264160156,2.651247978210449,8.467756446635951,155.67708333333334,102.22222222222223,92.88659622271857,71.33126748932733,218.46757044394812,133.11317695511713,0.8544005751609802,0.9935429096221924,
2026-07-14T23:27:53.953,9.036089165951125,20260714_232744_front_fusion_tl_14,fps_5,fusion_tl_14,1006451,0,vehicle,0.15999938547611237,-22.865044015668357,26.171695299698033,4.426345650072227,-72.7216316880005,4.185049533843994,1.7823865413665771,1.6686162948608398,4.2802474346501285,127.87760416666667,136.66666666666669,72.84129726390044,98.1495730082194,182.9139110694329,175.18376032511395,0.7928798198699951,0.9610176682472229,
2026-07-14T23:27:53.953,9.036089165951125,20260714_232744_front_fusion_tl_14,fps_5,fusion_tl_14,1006451,1,vehicle,0.05367182940244675,-18.251281958075214,24.139794421228785,3.841895629583063,-125.03994396054658,4.345502853393555,1.7765477895736694,2.0887837409973145,5.576325899419298,172.35677083333334,234.44444444444446,131.08139063914618,201.0030844476488,213.6321510275205,267.8858044412401,0.6127724051475525,0.9999336004257202,
2026-07-14T23:27:53.953,9.036089165951125,20260714_232744_front_fusion_tl_14,fps_5,fusion_tl_14,1006451,2,vehicle,0.052858348935842514,-19.403688347443904,32.14481246075381,1.3234573041067996,-78.36447367959741,4.784264087677002,1.8667001724243164,2.3297693729400635,11.560083277544587,155.67708333333334,110.0,108.66706796487173,87.1079683303833,202.68709870179495,132.8920316696167,0.9079031348228455,0.9945053458213806,
2026-07-14T23:27:54.097,9.178400982054882,20260714_232744_front_fusion_tl_14,fps_5,fusion_tl_14,1006452,0,vehicle,0.09097058326005936,-16.338754279663032,28.099402321811578,2.0016014957997115,97.3360655618262,5.100011348724365,1.9940840005874634,2.6768431663513184,9.754543295753983,154.56510416666669,102.22222222222223,95.8884190718333,69.54342140091791,213.24178926150006,134.90102304352655,0.8754221200942993,0.9808376431465149,
2026-07-14T23:27:54.097,9.178400982054882,20260714_232744_front_fusion_tl_14,fps_5,fusion_tl_14,1006452,1,vehicle,0.06670080125331879,-23.23800908069083,25.243194918517837,4.7360438122995685,-102.42204538272561,3.4715375900268555,1.5520110130310059,1.6136947870254517,3.3241909564012717,120.09375000000001,136.66666666666669,63.82274256646634,91.62968436876933,176.36475743353367,181.70364896456402,0.4603635370731354,0.843770444393158,
2026-07-14T23:27:54.097,9.178400982054882,20260714_232744_front_fusion_tl_14,fps_5,fusion_tl_14,1006452,2,vehicle,0.05846797302365303,-7.478951782333695,23.97446863902701,0.39975493755775915,74.09859437790978,4.920709133148193,1.9598509073257446,2.17453670501709,16.60823089286293,190.1484375,234.44444444444446,149.902599029243,216.23272445466785,230.39427597075704,252.65616443422107,0.7110291123390198,0.9379649758338928,
2026-07-14T23:27:54.221,9.303952006041072,20260714_232744_front_fusion_tl_14,fps_5,fusion_tl_14,1006453,0,vehicle,0.21931849420070648,-19.007032409657103,24.588092820072593,4.384566516218577,-63.70246161177432,5.238974094390869,2.0949862003326416,2.571202039718628,4.91105386598207,421.4401041666667,226.66666666666669,352.5674077967803,169.38733498255414,490.3128005365531,283.94599835077923,0.3366159498691559,0.9977580904960632,
2026-07-14T23:27:54.221,9.303952006041072,20260714_232744_front_fusion_tl_14,fps_5,fusion_tl_14,1006453,1,vehicle,0.1498175710439682,-19.58442198550098,22.282478259341445,5.615609543212717,-26.951709287762412,8.007682800292969,2.8159165382385254,3.5527515411376953,3.4068690733948475,200.15625,75.55555555555556,126.6397879868746,-45.51335122850207,273.6727120131254,196.6244623396132,0.2897569239139557,0.2152915894985199,
2026-07-14T23:27:54.221,9.303952006041072,20260714_232744_front_fusion_tl_14,fps_5,fusion_tl_14,1006453,2,vehicle,0.1229717880487442,-22.16103696235985,25.52846876561123,4.296513767158746,-150.6364038345891,3.5242176055908203,1.507007122039795,1.6247587203979492,3.8517237084426013,120.09375000000001,128.88888888888889,76.3618661314249,96.61084943347508,163.8256338685751,161.1669283443027,0.38581162691116333,0.9859915375709534,
2026-07-14T23:27:54.348,9.43121335702017,20260714_232744_front_fusion_tl_14,fps_5,fusion_tl_14,1006454,0,vehicle,0.3651076853275299,-18.10305843391462,22.398649267080863,5.209414859955519,-30.386968746468398,7.653868675231934,2.750030755996704,3.660936117172241,4.940497100248195,200.15625,75.55555555555556,130.32986597716808,-45.76944139268664,269.9826340228319,196.88055250379776,0.4367869198322296,0.31864774227142334,
2026-07-14T23:27:54.348,9.43121335702017,20260714_232744_front_fusion_tl_14,fps_5,fusion_tl_14,1006454,1,vehicle,0.05774156004190445,-20.39252866986582,26.285546801810078,3.937796918832941,112.80689836871879,4.946045875549316,1.9288626909255981,2.291253089904785,5.260993349848705,145.66927083333334,207.7777777777778,105.74632198115191,170.58513747321234,185.59221968551478,244.97041808234323,0.9722095727920532,0.9994900226593018,
2026-07-14T23:27:54.468,9.550444395979866,20260714_232744_front_fusion_tl_14,fps_5,fusion_tl_14,1006455,0,vehicle,0.36203259229660034,-17.425391130380667,22.11350710913201,5.043363139644743,-42.83810910356668,7.3009467124938965,2.7120795249938965,3.4552969932556152,5.640188900341607,200.15625,75.55555555555556,133.43270881474018,-26.36581208970812,266.8797911852598,177.47692320081924,0.44952598214149475,0.11131202429533005,
2026-07-14T23:27:54.468,9.550444395979866,20260714_232744_front_fusion_tl_14,fps_5,fusion_tl_14,1006455,1,vehicle,0.13428868353366852,-9.22531580089181,19.447056569468533,2.544693768798176,105.36532510749487,3.7732088565826416,1.58162260055542,1.6819112300872803,14.482839474588967,31.135416666666668,118.8888888888889,-0.682637852927049,94.1914659076267,62.95347118626039,143.5863118701511,0.3104369640350342,0.9738200902938843,
2026-07-14T23:27:54.582,9.665145023027435,20260714_232744_front_fusion_tl_14,fps_5,fusion_tl_14,1006456,0,vehicle,0.23992405831813812,-15.621494286787946,22.177474886096558,4.296576622663643,-80.97406017444641,6.77059268951416,2.5364511013031006,3.223043203353882,7.567993502860129,200.15625,74.44444444444444,135.17229083180428,-13.306948873731825,265.1402091681957,162.19583776262073,0.5553791522979736,0.03447011113166809,
2026-07-14T23:27:54.582,9.665145023027435,20260714_232744_front_fusion_tl_14,fps_5,fusion_tl_14,1006456,1,vehicle,0.1776476502418518,-11.80116762521902,20.443394570394045,3.0641165412581515,113.36220924682029,3.7284421920776367,1.5355108976364136,1.719835877418518,11.726073727006531,30.023437500000004,118.8888888888889,-0.21855567395687106,94.27880578570897,60.26543067395688,143.49897199206882,0.4776488244533539,0.9647844433784485,
2026-07-14T23:27:54.582,9.665145023027435,20260714_232744_front_fusion_tl_14,fps_5,fusion_tl_14,1006456,2,vehicle,0.11137636750936508,-21.855818958425747,26.15591805723052,4.391170991390117,-126.7923122580321,5.082137107849121,2.06406569480896,2.3000082969665527,4.413595899105605,127.87760416666667,198.88888888888889,88.77214732269447,167.35314899020725,166.9830610106389,230.42462878757053,0.8550949692726135,0.9977282881736755,
2026-07-14T23:27:54.582,9.665145023027435,20260714_232744_front_fusion_tl_14,fps_5,fusion_tl_14,1006456,3,vehicle,0.054626137018203735,-21.537653604056807,26.03372710880455,3.7811159121362437,96.64379881028141,3.7428858280181885,1.555665135383606,1.5990846157073975,4.68866189589032,111.19791666666667,127.77777777777779,73.22901104638974,101.58861385451424,149.1668222869436,153.96694170104132,0.22924990952014923,0.9895904660224915,
2026-07-14T23:27:54.702,9.7850532339653,20260714_232744_front_fusion_tl_14,fps_5,fusion_tl_14,1006457,0,vehicle,0.19627079367637634,-13.488323856164406,21.04819897485229,3.413186631989443,166.4182316608154,3.9194538593292236,1.5777580738067627,1.7420965433120728,9.940053316490731,30.023437500000004,118.8888888888889,1.8676364645361903,93.51504498057896,58.17923853546382,144.26273279719882,0.4390508830547333,0.9429457187652588,
2026-07-14T23:27:54.702,9.7850532339653,20260714_232744_front_fusion_tl_14,fps_5,fusion_tl_14,1006457,1,vehicle,0.1167583093047142,-13.320619839804817,21.849743447306718,3.6636213116405187,-33.43659103745464,6.004154205322266,2.341076612472534,2.806666374206543,9.963543330337073,137.88541666666669,93.33333333333334,64.26886787513892,43.62149318059286,211.50196545819443,143.04517348607382,0.7234599590301514,0.43480077385902405,
2026-07-14T23:27:54.702,9.7850532339653,20260714_232744_front_fusion_tl_14,fps_5,fusion_tl_14,1006457,2,vehicle,0.05732182040810585,-19.72006604150407,23.884621124615375,4.461365318848072,-97.5131025748051,5.437591552734375,1.9692628383636475,2.157991409301758,4.00354456698309,243.52343750000003,172.22222222222223,171.18994012475014,128.5134447945489,315.85693487524986,215.93099964989557,0.017329441383481026,0.9967466592788696,
2026-07-14T23:27:54.828,9.91027534706518,20260714_232744_front_fusion_tl_14,fps_5,fusion_tl_14,1006458,0,vehicle,0.14850160479545593,-25.09982592296292,24.39764538916387,5.337421182006768,-19.905940216617665,3.904156446456909,1.62422776222229,1.251176357269287,3.152305490838743,715.0026041666667,288.8888888888889,654.0477836529415,244.11402993732028,775.957424680392,333.6637478404575,0.02449408732354641,0.9916173815727234,
2026-07-14T23:27:54.828,9.91027534706518,20260714_232744_front_fusion_tl_14,fps_5,fusion_tl_14,1006458,1,vehicle,0.13319668173789978,-9.492108010149698,33.42875623828579,-2.6694556532381064,-29.245328986291234,5.593328952789307,2.0634450912475586,2.393886089324951,19.596886584163236,368.0651041666667,253.33333333333334,345.80195833990973,236.31489594777426,390.32824999342364,270.35177071889245,0.040258847177028656,0.9945819973945618,
2026-07-14T23:27:54.828,9.91027534706518,20260714_232744_front_fusion_tl_14,fps_5,fusion_tl_14,1006458,2,vehicle,0.10662694275379181,-14.246445643437614,22.091974023330863,3.231804131333195,173.2179745948188,4.143129825592041,1.5901626348495483,1.8250676393508911,9.197716805147875,30.023437500000004,118.8888888888889,1.7031931877136233,97.03640633159215,58.343681812286384,140.74137144618564,0.802086591720581,0.9866683483123779,
2026-07-14T23:27:54.828,9.91027534706518,20260714_232744_front_fusion_tl_14,fps_5,fusion_tl_14,1006458,3,vehicle,0.07504577189683914,-17.67404748799645,24.229262789887557,3.300916634139468,-55.84565742878249,3.7153007984161377,1.5267901420593262,1.620387315750122,6.330134735566995,110.08593750000001,118.8888888888889,72.82985907793045,96.60122685962254,147.34201592206955,141.17655091815524,0.4806850552558899,0.9976699948310852,
2026-07-14T23:27:54.828,9.91027534706518,20260714_232744_front_fusion_tl_14,fps_5,fusion_tl_14,1006458,4,vehicle,0.07004634290933609,-14.14305905116047,20.924827827370308,3.944257543591446,70.43864655184495,4.582882404327393,1.9268594980239868,2.2897703647613525,9.190083569698201,120.09375000000001,190.0,84.73846139013767,155.1583695411682,155.44903860986233,224.8416304588318,0.997850775718689,0.9935041069984436,
2026-07-14T23:27:54.949,10.031122963991947,20260714_232744_front_fusion_tl_14,fps_5,fusion_tl_14,1006459,0,vehicle,0.1711343675851822,-17.945358616564473,24.475320828350185,3.4070592022738286,-63.81108326463791,4.023895740509033,1.6255626678466797,1.7718064785003662,6.138818004681673,110.08593750000001,118.8888888888889,69.11973828077316,93.53355579906041,151.05213671922684,144.24422197871738,0.926024854183197,0.9994506239891052,
2026-07-14T23:27:54.949,10.031122963991947,20260714_232744_front_fusion_tl_14,fps_5,fusion_tl_14,1006459,1,vehicle,0.05197080224752426,-17.790226575564272,22.84794819682581,4.331982973555367,32.899561680298305,4.709102630615234,1.84140145778656,2.353808641433716,5.515355338683805,280.21875,173.33333333333334,247.34234301745894,113.9620073636373,313.0951569825411,232.7046593030294,0.15765009820461273,0.984891414642334,
2026-07-14T23:27:55.070,10.152726617990993,20260714_232744_front_fusion_tl_14,fps_5,fusion_tl_14,1006460,0,vehicle,0.21298247575759888,-18.607526496072968,23.64271263916326,4.200800716206379,67.84904130153556,4.2223711013793945,1.6994928121566772,2.1138484477996826,4.9704481924491715,190.1484375,163.33333333333334,140.13285371661186,119.43837483723959,240.16402128338817,207.2282918294271,0.0648161992430687,0.9813282489776611,
2026-07-14T23:27:55.070,10.152726617990993,20260714_232744_front_fusion_tl_14,fps_5,fusion_tl_14,1006460,1,vehicle,0.11975117027759552,-16.8458726311867,22.858001055529975,3.675993371116221,-12.547841644871012,4.912735462188721,1.9467740058898926,2.1238746643066406,6.632001695747932,145.66927083333334,216.66666666666669,95.86006115128598,161.90812865893048,195.4784805153807,271.4252046744029,0.10746248811483383,0.9998846054077148,
2026-07-14T23:27:55.070,10.152726617990993,20260714_232744_front_fusion_tl_14,fps_5,fusion_tl_14,1006460,2,vehicle,0.11157168447971344,-19.629633701666584,22.994347450208778,4.56257254707174,-60.088922648982745,5.340517520904541,2.050205945968628,2.469155788421631,3.7734815093041383,262.42708333333337,172.22222222222223,188.16332367559275,83.53752030266656,336.69084299107396,260.9069241417779,0.2649120092391968,0.9972618818283081,
2026-07-14T23:27:55.221,10.30277272197418,20260714_232744_front_fusion_tl_14,fps_5,fusion_tl_14,1006461,0,vehicle,0.3014979362487793,-18.061147177851065,23.96058295650956,4.225374316423347,-6.361956546382533,5.0309271812438965,2.0044612884521484,2.4159045219421387,5.530038496247499,190.1484375,163.33333333333334,107.61899247765542,104.96270736058554,272.6778825223446,221.70395930608115,0.7270997762680054,0.9984444975852966,
2026-07-14T23:27:55.362,10.444957413012162,20260714_232744_front_fusion_tl_14,fps_5,fusion_tl_14,1006462,0,vehicle,0.159326434135437,-24.591862528860847,24.178432910550015,5.318312616659497,-54.17242029961646,3.770493268966675,1.6345274448394775,1.2662785053253174,2.675103237120768,715.0026041666667,288.8888888888889,666.0718579838674,251.15604811244543,763.9333503494661,326.6217296653324,0.013141068629920483,0.9822065830230713,
2026-07-14T23:27:55.362,10.444957413012162,20260714_232744_front_fusion_tl_14,fps_5,fusion_tl_14,1006462,1,vehicle,0.1435437947511673,-13.46582461720771,27.53169558199466,1.5541719444390374,-59.448265371672534,6.84750509262085,2.4724957942962646,3.4587230682373047,11.790993973311698,350.2734375,198.88888888888889,312.26413130760193,164.70223956637912,388.28274369239807,233.07553821139865,0.021371982991695404,0.999596893787384,
2026-07-14T23:27:55.362,10.444957413012162,20260714_232744_front_fusion_tl_14,fps_5,fusion_tl_14,1006462,2,vehicle,0.07253828644752502,-16.849007474279716,23.17300344227166,3.786926305264692,-89.39399961179026,5.547503471374512,2.0862395763397217,2.5473437309265137,6.620810057936982,182.36458333333334,163.33333333333334,104.23834573229155,92.01826651891074,260.49082093437517,234.64840014775595,0.6190980672836304,0.9831467270851135,
2026-07-14T23:27:55.479,10.561233042972162,20260714_232744_front_fusion_tl_14,fps_5,fusion_tl_14,1006463,0,vehicle,0.15208940207958221,-11.554166918057994,29.047307926280205,0.730103542688525,-59.868100165163845,8.321724891662598,2.985330820083618,3.915517807006836,14.333345758225704,350.2734375,191.11111111111111,303.0195616185665,148.44926065868802,397.5273133814335,233.7729615635342,0.0019896908197551966,0.9999933242797852,
2026-07-14T23:27:55.598,10.680273327976465,20260714_232744_front_fusion_tl_14,fps_5,fusion_tl_14,1006464,0,vehicle,0.1678663194179535,-12.860661298350472,34.0235169681552,-0.8489953230980518,-43.31695422789058,8.012898445129395,2.9668045043945312,3.8156564235687256,17.00763998448788,351.3854166666667,191.11111111111111,297.6775915424029,157.8088468975491,405.09324179093045,224.41337532467313,0.00012036960833938792,0.9999538660049438,
2026-07-14T23:27:55.720,10.802417739992961,20260714_232744_front_fusion_tl_14,fps_5,fusion_tl_14,1006465,0,vehicle,0.18797941505908966,-14.125953118619577,32.544083949769025,-0.06644029591841161,-57.185230680706674,6.948782444000244,2.6214563846588135,3.295398235321045,14.912362217887933,350.2734375,191.11111111111111,306.8575237095356,161.42419821686215,393.6893512904644,220.79802400536008,0.0009405942400917411,0.9999130964279175,
2026-07-14T23:27:55.843,10.925493862014264,20260714_232744_front_fusion_tl_14,fps_5,fusion_tl_14,1006466,0,vehicle,0.19997791945934296,-12.803236395336892,31.514301049641542,-0.24934496353690605,-54.98616609582955,6.583003044128418,2.499493360519409,3.1250174045562744,15.156932156760215,350.2734375,191.11111111111111,304.6351868286729,162.01981491512723,395.9116881713271,220.202407307095,0.005539977923035622,0.9998155236244202,
2026-07-14T23:27:55.970,11.053014329983853,20260714_232744_front_fusion_tl_14,fps_5,fusion_tl_14,1006467,0,vehicle,0.09710757434368134,-25.291623950378472,24.526854761833103,5.394920455775868,-76.83236868815072,4.439201354980469,1.8733413219451904,1.3423678874969482,3.3558851663211793,715.0026041666667,288.8888888888889,664.2625365431111,249.5176904731327,765.7426717902224,328.26008730464514,0.005678705871105194,0.9902216196060181,
2026-07-14T23:27:55.970,11.053014329983853,20260714_232744_front_fusion_tl_14,fps_5,fusion_tl_14,1006467,1,vehicle,0.08623600006103516,-16.80443904678137,30.244081048672882,1.072055081651456,-43.69825058883513,5.43378210067749,2.0760245323181152,2.6409339904785156,11.290059396603718,359.16927083333337,198.88888888888889,323.74743056048953,173.55471127563052,394.5911111061772,224.22306650214725,0.011317231692373753,0.9973553419113159,
2026-07-14T23:27:56.083,11.166138701955788,20260714_232744_front_fusion_tl_14,fps_5,fusion_tl_14,1006468,0,vehicle,0.12479440122842789,-12.930785242508763,32.90664986027696,-1.0859971350111373,-84.9373478565211,5.991530418395996,2.267829656600952,2.7265737056732178,16.31992868489592,350.2734375,191.11111111111111,312.71961522847414,169.16111237472958,387.82725977152586,213.06110984749265,0.002518403809517622,0.999731719493866,
2026-07-14T23:27:56.199,11.282264759996906,20260714_232744_front_fusion_tl_14,fps_5,fusion_tl_14,1006469,0,vehicle,0.07033522427082062,-18.723037211658962,30.161050982415397,1.2954818738050289,115.79201886171569,4.660576343536377,1.7636234760284424,2.13908314704895,10.201005592578616,350.2734375,198.88888888888889,315.8510429263115,174.72414546542697,384.6958320736885,223.0536323123508,0.017429308965802193,0.9920182824134827,
2026-07-14T23:27:56.325,11.407269250950776,20260714_232744_front_fusion_tl_14,fps_5,fusion_tl_14,1006470,0,vehicle,0.11534375697374344,-14.400100259893978,27.73149757250351,1.1704165625198382,-80.3631479842936,5.515318870544434,2.126858949661255,2.3805811405181885,11.318079486871778,350.2734375,191.11111111111111,304.7853838056326,162.97238535351224,395.7614911943674,219.24983686871,0.019487014040350914,0.9994333386421204,
2026-07-14T23:27:56.443,11.525298158056103,20260714_232744_front_fusion_tl_14,fps_5,fusion_tl_14,1006471,0,vehicle,0.3814260959625244,-21.72632320466214,24.396646385623853,4.891387066704384,94.05109782259072,5.38003396987915,2.0311508178710938,2.273192882537842,2.7741710173246887,84.51041666666667,181.11111111111111,49.55900652209918,90.15507168240018,119.46182681123416,272.0671505398221,0.22735615074634552,0.8111617565155029,
2026-07-14T23:27:56.443,11.525298158056103,20260714_232744_front_fusion_tl_14,fps_5,fusion_tl_14,1006471,1,vehicle,0.16763699054718018,-14.756615164450487,29.37385117673977,0.5082564699526557,-86.77724735556107,5.542661666870117,2.1254689693450928,2.3043053150177,12.24117003168981,350.2734375,191.11111111111111,307.2294291257858,164.2436809009976,393.3174458742142,217.97854132122464,0.05299244448542595,0.999698281288147,
2026-07-14T23:27:56.564,11.646794644999318,20260714_232744_front_fusion_tl_14,fps_5,fusion_tl_14,1006472,0,vehicle,0.37988173961639404,-14.051903086084556,29.37425042793152,0.3178465262049137,-80.54112340289768,5.455290794372559,2.073756217956543,2.4931843280792236,12.809914367369405,350.2734375,191.11111111111111,306.26775298267603,162.65091366238065,394.27912201732397,219.57130855984158,0.021788259968161583,0.9999316930770874,
2026-07-14T23:27:56.564,11.646794644999318,20260714_232744_front_fusion_tl_14,fps_5,fusion_tl_14,1006472,1,vehicle,0.05574619024991989,-16.22673203297733,31.127826165541926,0.30543337087400424,-169.01953316519976,4.839020252227783,1.8255888223648071,2.1474156379699707,12.578936557340405,360.28125,200.0,326.937686547637,181.00657522678375,393.624813452363,218.99342477321625,0.008955818600952625,0.9997228980064392,
2026-07-14T23:27:56.680,11.763241957058199,20260714_232744_front_fusion_tl_14,fps_5,fusion_tl_14,1006473,0,vehicle,0.1248399019241333,-18.89655250214168,24.12041367207084,3.7312295084228406,-23.77275637206088,5.129518985748291,1.9858379364013672,2.2071709632873535,5.093912102303165,164.57291666666669,172.22222222222223,105.6168921093146,122.65208853615655,223.52894122401875,221.7923559082879,0.5456370711326599,0.7536172270774841,
2026-07-14T23:27:56.680,11.763241957058199,20260714_232744_front_fusion_tl_14,fps_5,fusion_tl_14,1006473,1,vehicle,0.056159913539886475,-17.6019369164198,22.761460069106203,3.9199342320081527,48.32726120429177,2.9837658405303955,1.390794038772583,1.662103295326233,5.835872187836733,93.40625,128.88888888888889,54.746500641107566,99.44242172771031,132.06599935889244,158.33535605006747,0.4325096607208252,0.9988473653793335,
2026-07-14T23:27:56.680,11.763241957058199,20260714_232744_front_fusion_tl_14,fps_5,fusion_tl_14,1006473,2,vehicle,0.055491041392087936,-14.614006793766654,31.50841772980049,-0.15905367172185336,-93.29995650599238,5.623435974121094,2.0959532260894775,2.390733242034912,13.966363294196253,350.2734375,191.11111111111111,309.30086912214756,167.34356886810727,391.24600587785244,214.87865335411496,0.0036888164468109608,0.999839186668396,
2026-07-14T23:27:56.802,11.884742695023306,20260714_232744_front_fusion_tl_14,fps_5,fusion_tl_14,1006474,0,vehicle,0.12261092662811279,-14.569262836023988,30.401511757703254,0.23560323180811338,-92.74040861409392,5.2349677085876465,2.0140886306762695,2.258563280105591,13.105077344920163,351.3854166666667,191.11111111111111,314.72989391038817,169.2024756140179,388.0409394229452,213.01974660820431,0.015520475804805756,0.9995558857917786,
2026-07-14T23:27:56.802,11.884742695023306,20260714_232744_front_fusion_tl_14,fps_5,fusion_tl_14,1006474,1,vehicle,0.10194073617458344,-7.4079000018812025,24.854479153305746,0.4745324587301809,-99.37549619083319,5.2873735427856445,2.0161118507385254,2.8838205337524414,16.759542388260165,235.73958333333334,137.77777777777777,199.1071352561315,112.21805499659645,272.3720314105352,163.3375005589591,0.2484084963798523,0.99979168176651,
2026-07-14T23:27:56.802,11.884742695023306,20260714_232744_front_fusion_tl_14,fps_5,fusion_tl_14,1006474,2,vehicle,0.08845224976539612,-18.905999077943562,21.61304098297046,5.79209690474309,-46.06342856627602,7.166152000427246,2.9109930992126465,3.1345067024230957,4.10944334279845,110.08593750000001,270.0,42.82483550906181,206.2689185142517,177.3470394909382,333.7310814857483,0.21422292292118073,0.15809212625026703,
2026-07-14T23:27:56.922,12.004785733064637,20260714_232744_front_fusion_tl_14,fps_5,fusion_tl_14,1006475,0,vehicle,0.10132918506860733,-16.1448813083926,21.290530866668817,3.9565325924911896,15.898985496743343,3.972301483154297,1.663044810295105,2.0277316570281982,7.235448934210383,110.08593750000001,127.77777777777779,65.64332933723927,76.32079945670235,154.52854566276073,179.23475609885324,0.9277287721633911,0.9734764099121094,
2026-07-14T23:27:56.922,12.004785733064637,20260714_232744_front_fusion_tl_14,fps_5,fusion_tl_14,1006475,1,vehicle,0.07886453717947006,-9.20089288712984,24.90589308300747,0.9250364152762813,-92.62298299895834,4.691233158111572,1.8639403581619263,2.701561450958252,14.956354312616131,235.73958333333334,137.77777777777777,197.2770042916139,113.18085180388557,274.2021623750528,162.37470375166998,0.15789517760276794,0.9994088411331177,
2026-07-14T23:27:56.922,12.004785733064637,20260714_232744_front_fusion_tl_14,fps_5,fusion_tl_14,1006475,2,vehicle,0.07180403918027878,-15.423315174636844,27.60770119912327,1.3253694071091493,-119.63395203493698,5.2574310302734375,1.9451828002929688,2.209881067276001,10.431099673591735,359.16927083333337,198.88888888888889,321.8783338343104,173.14587467246585,396.46020783235633,224.63190310531192,0.01697518676519394,0.9995577931404114,
2026-07-14T23:27:57.050,12.13319668895565,20260714_232744_front_fusion_tl_14,fps_5,fusion_tl_14,1006476,0,vehicle,0.26313406229019165,-24.224187784820128,23.944124067947527,5.822392771636035,-34.83470407825605,3.8774807453155518,1.636116623878479,2.0104172229766846,2.1344775427148157,652.7317708333334,368.8888888888889,608.7068611284097,290.4616122775608,696.756680538257,447.31616550021704,0.31995657086372375,0.44557324051856995,
2026-07-14T23:27:57.050,12.13319668895565,20260714_232744_front_fusion_tl_14,fps_5,fusion_tl_14,1006476,1,vehicle,0.20747603476047516,-6.901140377172894,24.657177730351847,0.28519144652452155,-106.97804381313566,4.878330230712891,1.8839653730392456,2.5824978351593018,17.26638596123695,235.73958333333334,136.66666666666669,199.49574301143488,115.10837773482005,271.98342365523183,158.2249555985133,0.07591039687395096,0.9999381303787231,
2026-07-14T23:27:57.050,12.13319668895565,20260714_232744_front_fusion_tl_14,fps_5,fusion_tl_14,1006476,2,vehicle,0.14404596388339996,-16.258277675035224,29.96671522177342,0.8430150545225885,-51.59080037138964,5.737104892730713,2.1506731510162354,2.523482084274292,11.513176844652245,342.48958333333337,191.11111111111111,301.4375722681483,166.49286693996854,383.54159439851844,215.7293552822537,0.010631891898810863,0.9994732737541199,
2026-07-14T23:27:57.167,12.24917262303643,20260714_232744_front_fusion_tl_14,fps_5,fusion_tl_14,1006477,0,vehicle,0.2536032199859619,-17.65036055050604,24.27689236605116,3.6804138952483427,-54.98758228465275,4.996652126312256,1.9601900577545166,2.515733003616333,6.197460425871719,164.57291666666669,137.77777777777777,125.70958329240482,90.26186214552986,203.43625004092854,185.29369341002572,0.6234939694404602,0.9914880990982056,
2026-07-14T23:27:57.167,12.24917262303643,20260714_232744_front_fusion_tl_14,fps_5,fusion_tl_14,1006477,1,vehicle,0.13130412995815277,-15.270995927035496,30.11551045581861,0.4652602264002379,-79.19075114566948,5.074599266052246,1.9531176090240479,2.4119255542755127,12.378909801089737,350.2734375,191.11111111111111,311.78783468157053,163.40074843830533,388.75904031842947,218.8214737839169,0.010905609466135502,0.9998517036437988,
2026-07-14T23:27:57.167,12.24917262303643,20260714_232744_front_fusion_tl_14,fps_5,fusion_tl_14,1006477,2,vehicle,0.08849744498729706,-24.71002881306607,23.87882483080935,5.885334765796973,-46.82170299701056,5.328245162963867,2.1852805614471436,1.9247733354568481,2.405858461573407,590.4609375,341.11111111111114,517.7116314172745,262.991988129086,663.2102435827255,419.2302340931363,0.14586928486824036,0.018279211595654488,
2026-07-14T23:27:57.283,12.36544743704144,20260714_232744_front_fusion_tl_14,fps_5,fusion_tl_14,1006478,0,vehicle,0.21889179944992065,-9.074336606954969,26.714692266699156,0.13461552030508273,-101.05439072691765,4.647436141967773,1.8329118490219116,2.3284380435943604,15.777356188514089,235.73958333333334,137.77777777777777,196.8963182171186,117.89610551463234,274.5828484495481,157.65945004092322,0.03756839036941528,0.9999767541885376,
2026-07-14T23:27:57.283,12.36544743704144,20260714_232744_front_fusion_tl_14,fps_5,fusion_tl_14,1006478,1,vehicle,0.11578793823719025,-17.594134883413112,30.422737309764102,0.8752429469223006,156.01419156064847,4.493096351623535,1.699765920639038,1.7882674932479858,11.106817275679203,350.2734375,198.88888888888889,316.27486239373684,181.12617784076267,384.27201260626316,216.6515999370151,0.0019304812885820866,0.9992495179176331,
2026-07-14T23:27:57.283,12.36544743704144,20260714_232744_front_fusion_tl_14,fps_5,fusion_tl_14,1006478,2,vehicle,0.10033834725618362,-24.877388947586876,23.968666395260747,6.0729958565279185,-6.910472637144964,4.475724697113037,1.8216767311096191,2.2615232467651367,2.5690188518744073,590.4609375,287.77777777777777,556.4817498326302,220.84606276618112,624.4401251673698,354.70949278937445,0.1370592564344406,0.6797588467597961,
2026-07-14T23:27:57.411,12.494088320061564,20260714_232744_front_fusion_tl_14,fps_5,fusion_tl_14,1006479,0,vehicle,0.2669542133808136,-10.402019984295627,26.220321361519375,0.6382658091679758,-100.88233698665745,4.528522491455078,1.8093816041946411,2.201521873474121,14.278105560087836,234.62760416666669,136.66666666666669,196.44120227793854,115.20768205324809,272.8140060553948,158.12565128008526,0.14169062674045563,0.9999819993972778,
2026-07-14T23:27:57.411,12.494088320061564,20260714_232744_front_fusion_tl_14,fps_5,fusion_tl_14,1006479,1,vehicle,0.13105987012386322,-19.826609660555818,23.5030120599015,5.122211271159076,-20.002998502897725,6.338799953460693,2.222334384918213,3.146777629852295,3.515724370687105,680.53125,358.8888888888889,609.6915652900934,188.1887870364719,751.3709347099066,529.5889907413059,0.01639719307422638,0.9875701069831848,
2026-07-14T23:27:57.411,12.494088320061564,20260714_232744_front_fusion_tl_14,fps_5,fusion_tl_14,1006479,2,vehicle,0.08055637031793594,-15.74321933637797,30.142285868432474,0.42130872783919315,-48.102151699448356,4.787825584411621,1.8364468812942505,2.275378465652466,12.13078846055176,342.48958333333337,191.11111111111111,305.2895579611262,167.8649455971188,379.68960870554054,214.35727662510342,0.01721247099339962,0.9990615248680115,
2026-07-14T23:27:57.411,12.494088320061564,20260714_232744_front_fusion_tl_14,fps_5,fusion_tl_14,1006479,3,vehicle,0.0697256475687027,-21.635446753761713,27.267931205934303,3.395441084729786,-79.13491642790402,4.796385288238525,1.8348041772842407,1.9960497617721558,5.874677690341107,537.0859375,208.88888888888889,507.2464293390513,165.14674835734897,566.9254456609488,252.63102942042883,0.33240365982055664,0.9230501651763916,
2026-07-14T23:27:57.529,12.611030514002778,20260714_232744_front_fusion_tl_14,fps_5,fusion_tl_14,1006480,0,vehicle,0.37998858094215393,-10.394577703051858,26.360021454954428,0.6898463720738874,-129.6335002385551,4.601866722106934,1.87149977684021,2.2334482669830322,14.303442205432964,234.62760416666669,136.66666666666669,198.8585397625963,113.95318786303203,270.39666857073706,159.38014547030133,0.290209025144577,0.999969482421875,
2026-07-14T23:27:57.529,12.611030514002778,20260714_232744_front_fusion_tl_14,fps_5,fusion_tl_14,1006480,1,vehicle,0.10229242593050003,-17.3550411094089,31.474561738714286,0.5305156068438635,-126.43554614357906,4.9676971435546875,1.9247698783874512,2.3735101222991943,12.165013207152308,350.2734375,191.11111111111111,311.32323287427425,166.1309081978268,389.22364212572575,216.09131402439542,0.011539816856384277,0.9975177049636841,
2026-07-14T23:27:57.529,12.611030514002778,20260714_232744_front_fusion_tl_14,fps_5,fusion_tl_14,1006480,2,vehicle,0.09143174439668655,-22.789428731639433,24.812774981213032,4.723118431332123,-101.94099445214056,3.987431764602661,1.5887657403945923,1.5759742259979248,2.944252435747382,110.08593750000001,146.66666666666669,73.08529987931252,108.46651713053386,147.08657512068748,184.8668162027995,0.10595232993364334,0.9670654535293579,
2026-07-14T23:27:57.644,12.726464702980593,20260714_232744_front_fusion_tl_14,fps_5,fusion_tl_14,1006481,0,vehicle,0.10490681976079941,-18.40625526380763,28.384889369662915,2.0817269252974855,-40.265685732967775,4.402912616729736,1.7493247985839844,2.0629382133483887,8.653555106780148,350.2734375,198.88888888888889,315.1386229470372,174.90158253245883,385.4082520529628,222.87619524531894,0.09621232748031616,0.9990768432617188,
2026-07-14T23:27:57.644,12.726464702980593,20260714_232744_front_fusion_tl_14,fps_5,fusion_tl_14,1006481,1,vehicle,0.103411965072155,-7.221647533379809,23.845025932585287,0.724210187245319,-122.6732481110451,4.814726829528809,1.8921618461608887,2.3861823081970215,16.725465669097556,234.62760416666669,137.77777777777777,195.5372366930048,114.88137947188484,273.7179716403286,160.67417608367072,0.21923872828483582,0.9999319314956665,
2026-07-14T23:27:57.644,12.726464702980593,20260714_232744_front_fusion_tl_14,fps_5,fusion_tl_14,1006481,2,vehicle,0.05269292742013931,-25.412137559662746,42.88188742870272,-1.2793399915227717,89.19623727168678,4.736272811889648,1.8450316190719604,2.0045459270477295,22.055515877856052,716.1145833333334,252.22222222222223,671.2778031503161,233.22499228848352,760.9513635163506,271.21945215596094,0.008652141317725182,0.016820009797811508,
2026-07-14T23:27:57.770,12.852364690974355,20260714_232744_front_fusion_tl_14,fps_5,fusion_tl_14,1006482,0,vehicle,0.2839176058769226,-8.630839050680347,25.251017270396115,0.7263080608840866,-135.2130619319865,5.173947811126709,2.02340030670166,2.655134677886963,15.612341905365803,234.62760416666669,137.77777777777777,198.41849516580504,112.50302718745338,270.83671316752833,163.05252836810217,0.03312968835234642,0.9998133778572083,
2026-07-14T23:27:57.770,12.852364690974355,20260714_232744_front_fusion_tl_14,fps_5,fusion_tl_14,1006482,1,vehicle,0.14595171809196472,-22.801368778286296,22.14533346298661,6.01169279446429,20.240178901019757,4.095344066619873,1.7656850814819336,2.0865845680236816,0.3164282537369786,467.03125000000006,235.55555555555557,421.2817076668143,179.2753467294905,512.7807923331857,291.8357643816206,0.06592302024364471,0.7384764552116394,
2026-07-14T23:27:57.770,12.852364690974355,20260714_232744_front_fusion_tl_14,fps_5,fusion_tl_14,1006482,2,vehicle,0.11405152082443237,-19.565490786614582,32.920550103357705,0.6236509143553981,135.5774958551676,4.173795223236084,1.7217715978622437,1.834238052368164,12.481344742880843,342.48958333333337,191.11111111111111,307.2534094428023,171.8277234501309,377.72575722386443,210.39449877209134,0.08634873479604721,0.9974982142448425,
2026-07-14T23:27:57.770,12.852364690974355,20260714_232744_front_fusion_tl_14,fps_5,fusion_tl_14,1006482,3,vehicle,0.06896692514419556,-14.141101924922904,24.79211165011733,2.3716455109468413,162.67899380346296,4.455480098724365,1.8792041540145874,2.0064685344696045,9.926482402778424,84.51041666666667,111.11111111111111,55.24749870101611,84.85626346535153,113.77333463231723,137.3659587568707,0.40472573041915894,0.9838657975196838,
2026-07-14T23:27:57.898,12.98105892399326,20260714_232744_front_fusion_tl_14,fps_5,fusion_tl_14,1006483,0,vehicle,0.2252185195684433,-10.858467791062317,25.47737815116131,1.135352067481577,-125.47145886437835,5.060799598693848,1.9405254125595093,2.246458053588867,13.4918004360794,234.62760416666669,136.66666666666669,195.47076774636906,112.66125897566478,273.7844405869643,160.67207435766858,0.07633288949728012,0.9999934434890747,
2026-07-14T23:27:57.898,12.98105892399326,20260714_232744_front_fusion_tl_14,fps_5,fusion_tl_14,1006483,1,vehicle,0.12133032828569412,-21.98309301640924,26.465040902258803,4.641029395978869,52.486985336718185,5.132307529449463,2.0103564262390137,2.501431703567505,4.564214658067982,511.5104166666667,261.11111111111114,451.4908316979806,211.4748341507382,571.5300016353528,310.74738807148407,0.0009243459207937121,0.6687705516815186,
2026-07-14T23:27:57.898,12.98105892399326,20260714_232744_front_fusion_tl_14,fps_5,fusion_tl_14,1006483,2,vehicle,0.09474045783281326,-20.542873356597887,28.194228508950065,2.74755367316617,32.19415500467239,3.9228057861328125,1.538330078125,1.7105804681777954,7.260736449959831,342.48958333333337,198.88888888888889,309.1247808684906,171.26212173038058,375.85438579817617,226.5156560473972,0.10953294485807419,0.9999268054962158,
2026-07-14T23:27:57.898,12.98105892399326,20260714_232744_front_fusion_tl_14,fps_5,fusion_tl_14,1006483,3,vehicle,0.0763247087597847,-9.148458468355912,20.212170546554955,2.2047873434015965,-30.73618077157877,3.7927963733673096,1.5743913650512695,1.8513909578323364,14.516176945160836,38.919270833333336,118.8888888888889,8.120498028894266,97.98600488238866,69.71804363777241,139.79177289538913,0.056235916912555695,0.9479836821556091,
2026-07-14T23:27:58.016,13.098413995001465,20260714_232744_front_fusion_tl_14,fps_5,fusion_tl_14,1006484,0,vehicle,0.23006828129291534,-9.001437355764637,25.624287837300045,0.2658994308374645,-135.9691727833428,4.766810417175293,1.9469754695892334,1.9520058631896973,15.521810024828635,226.84375000000003,137.77777777777777,173.29672545194626,118.63470541106331,280.39077454805374,156.92085014449225,0.04123328626155853,0.9998812675476074,
2026-07-14T23:27:58.016,13.098413995001465,20260714_232744_front_fusion_tl_14,fps_5,fusion_tl_14,1006484,1,vehicle,0.08835390210151672,-12.071780304712942,22.032352517541337,2.951350075904024,-1.9733541807693327,5.916070461273193,2.270815134048462,2.7071070671081543,11.353459001172292,199.04427083333334,74.44444444444444,140.75389016171297,35.916643407609726,257.33465150495374,112.97224548127916,0.4851131737232208,0.6339878439903259,
2026-07-14T23:27:58.016,13.098413995001465,20260714_232744_front_fusion_tl_14,fps_5,fusion_tl_14,1006484,2,vehicle,0.07868392020463943,-26.175454147261757,42.5991859087698,-1.043511851001389,85.57788239856315,4.1973137855529785,1.7496601343154907,1.6246179342269897,21.8119869057704,653.84375,243.33333333333334,616.3734966889024,227.99094398816428,691.3140033110976,258.67572267850244,0.09259878844022751,0.23560573160648346,
2026-07-14T23:27:58.016,13.098413995001465,20260714_232744_front_fusion_tl_14,fps_5,fusion_tl_14,1006484,3,vehicle,0.05964834988117218,-23.67652549005396,23.69321610814624,5.4236077733643135,-90.75509163801365,3.486093521118164,1.5107580423355103,1.705074667930603,1.7837169134561774,136.7734375,163.33333333333334,103.95339216291904,102.32704718907675,169.59348283708096,224.33961947758993,0.05961894616484642,0.4237866699695587,
2026-07-14T23:27:58.016,13.098413995001465,20260714_232744_front_fusion_tl_14,fps_5,fusion_tl_14,1006484,4,vehicle,0.05349837243556976,-8.64328034001099,20.169184831418065,2.093124987339227,-37.60533199422294,4.02976655960083,1.6396679878234863,1.9585096836090088,15.033231103599581,38.919270833333336,118.8888888888889,6.871824798484644,97.76099615626866,70.96671686818203,140.01678162150912,0.023684723302721977,0.9239978790283203,
2026-07-14T23:27:58.136,13.218851665966213,20260714_232744_front_fusion_tl_14,fps_5,fusion_tl_14,1006485,0,vehicle,0.1140078455209732,-10.15478711588458,27.097243548743286,0.13860825875060812,-155.9323268249421,4.5030412673950195,1.886318564414978,2.065331220626831,14.954046381788464,226.84375000000003,137.77777777777777,180.33744218200445,118.40706275569069,273.35005781799555,157.14849279986487,0.05215660110116005,0.9983322024345398,
2026-07-14T23:27:58.136,13.218851665966213,20260714_232744_front_fusion_tl_14,fps_5,fusion_tl_14,1006485,1,vehicle,0.07663039118051529,-15.155960263611435,22.88575262718085,3.608205337646755,-23.772918827650972,6.055637359619141,2.327110767364502,2.6246848106384277,8.233538244969616,199.04427083333334,74.44444444444444,137.40786126752695,34.1434207227495,260.68068039913976,114.74546816613939,0.20751865208148956,0.9078857898712158,
2026-07-14T23:27:58.136,13.218851665966213,20260714_232744_front_fusion_tl_14,fps_5,fusion_tl_14,1006485,2,vehicle,0.05070904642343521,-26.063413263796306,43.69104681071485,-1.3128212687730674,94.62995233918417,4.254081726074219,1.7006051540374756,1.916885256767273,22.90343185314363,715.0026041666667,252.22222222222223,674.0002897183101,234.00607301129236,756.0049186150234,270.4383714331521,0.05538978427648544,0.007885065861046314,
2026-07-14T23:27:58.253,13.335770842968486,20260714_232744_front_fusion_tl_14,fps_5,fusion_tl_14,1006486,0,vehicle,0.2351566106081009,-11.486255127262574,28.62269392028079,0.01618593264230128,-149.78279147766028,4.441717147827148,1.8598004579544067,1.9922679662704468,14.48598759866684,226.84375000000003,137.77777777777777,179.24681125581264,118.67084728346931,274.44068874418736,156.88470827208624,0.018133606761693954,0.9998667240142822,
2026-07-14T23:27:58.253,13.335770842968486,20260714_232744_front_fusion_tl_14,fps_5,fusion_tl_14,1006486,1,vehicle,0.1222689151763916,-23.54986847515076,25.53931568432074,4.623661211523601,-63.484649742361306,3.702321767807007,1.585185170173645,1.540665626525879,3.6773054974663104,458.1354166666667,350.0,398.3092606912057,301.04899883270264,517.9615726421277,398.95100116729736,0.17846228182315826,0.9940614104270935,
2026-07-14T23:27:58.253,13.335770842968486,20260714_232744_front_fusion_tl_14,fps_5,fusion_tl_14,1006486,2,vehicle,0.07359682023525238,-15.56648329150757,22.779386021844,3.7777516878155044,-26.075154196841442,6.389176368713379,2.47029972076416,2.6518185138702393,7.784263378577014,199.04427083333334,75.55555555555556,127.65806650122008,31.87915775511,270.43047516544664,119.23195335600111,0.1115737110376358,0.9195986390113831,
2026-07-14T23:27:58.253,13.335770842968486,20260714_232744_front_fusion_tl_14,fps_5,fusion_tl_14,1006486,3,vehicle,0.05275655910372734,-22.531475637825018,22.226188642320164,5.615881087628416,87.38739394352267,3.773376941680908,1.5386985540390015,1.811375617980957,0.7568030872515835,83.3984375,137.77777777777777,55.68904067575932,86.053343878852,111.1078343242407,189.50221167670358,0.2643980383872986,0.8137845396995544,
2026-07-14T23:27:58.253,13.335770842968486,20260714_232744_front_fusion_tl_14,fps_5,fusion_tl_14,1006486,4,vehicle,0.05270526930689812,-11.094693793067815,25.775959088373323,1.5117346659588904,-32.509360867155706,6.098310947418213,2.3402328491210938,3.1309003829956055,13.215694984859825,154.56510416666669,102.22222222222223,94.89772539834182,70.56020749939813,214.23248293499154,133.88423694504633,0.45533472299575806,0.9993575215339661,
2026-07-14T23:27:58.391,13.471816312987357,20260714_232744_front_fusion_tl_14,fps_5,fusion_tl_14,1006487,0,vehicle,0.2494545876979828,-14.030508068271393,29.423050983302055,0.4812664798242672,-150.48743515678575,4.434694290161133,1.8375682830810547,1.907145619392395,12.777065044694886,226.84375000000003,137.77777777777777,174.33303400874138,117.53835426436531,279.3544659912586,158.01720129119025,0.05939412862062454,0.9997699856758118,
2026-07-14T23:27:58.391,13.471816312987357,20260714_232744_front_fusion_tl_14,fps_5,fusion_tl_14,1006487,1,vehicle,0.05490835756063461,-20.6387451347187,23.319514934254716,5.224965339233071,-44.56559269955401,5.2523112297058105,2.0837302207946777,2.5098564624786377,2.710825221513039,440.34375000000006,226.66666666666669,376.68259063363075,166.88046375910443,504.0049093663693,286.45286957422894,0.11840297281742096,0.7542640566825867,
2026-07-14T23:27:58.391,13.471816312987357,20260714_232744_front_fusion_tl_14,fps_5,fusion_tl_14,1006487,2,vehicle,0.052155137062072754,-20.662138628987726,27.220218558070833,3.5760582892466033,-24.361701854527972,5.518008708953857,2.089672803878784,2.5328590869903564,6.04227744033608,341.3776041666667,225.55555555555557,280.2801488588254,180.83590361807083,402.475059474508,270.2752074930403,0.007513104472309351,0.8924977779388428,
2026-07-14T23:27:58.507,13.590008400031365,20260714_232744_front_fusion_tl_14,fps_5,fusion_tl_14,1006488,0,vehicle,0.3356679677963257,-20.92813870308611,22.953133008756854,5.441982408476639,-44.23180596760401,6.134343147277832,2.283773899078369,2.7491202354431152,2.2571302693625013,422.55208333333337,217.7777777777778,347.3034646858772,136.39703141318427,497.80070198078954,299.1585241423713,0.020709235221147537,0.3778623342514038,
2026-07-14T23:27:58.507,13.590008400031365,20260714_232744_front_fusion_tl_14,fps_5,fusion_tl_14,1006488,1,vehicle,0.26486214995384216,-16.114548958345615,29.61860526502644,0.9177126050245867,-150.61859798835454,4.595754623413086,1.8935900926589966,1.7648183107376099,11.334635456097853,225.73177083333334,137.77777777777777,174.78888591130575,118.08398889170753,276.67465575536096,157.47156666384802,0.00969768688082695,0.9998164772987366,
2026-07-14T23:27:58.507,13.590008400031365,20260714_232744_front_fusion_tl_14,fps_5,fusion_tl_14,1006488,2,vehicle,0.18212972581386566,-22.34436645370705,25.50233953030318,4.20000749090884,76.91696777053119,4.455079555511475,1.813154935836792,1.6302303075790405,3.8479061554337783,492.60677083333337,394.44444444444446,418.7527370502552,344.79452040460376,566.4608046164116,444.09436848428516,0.24671737849712372,0.8731038570404053,
2026-07-14T23:27:58.507,13.590008400031365,20260714_232744_front_fusion_tl_14,fps_5,fusion_tl_14,1006488,3,vehicle,0.07826630771160126,-9.892124228974719,24.54224326450031,1.5574274101012335,-41.56269345584892,6.316471099853516,2.2979869842529297,3.1763927936553955,14.038775167071563,146.78125,101.11111111111111,89.2432508468628,61.710937685436676,204.3192491531372,140.51128453678555,0.7439637780189514,0.997205913066864,
2026-07-14T23:27:58.507,13.590008400031365,20260714_232744_front_fusion_tl_14,fps_5,fusion_tl_14,1006488,4,vehicle,0.07192359864711761,-22.98330896980255,23.307681915539334,5.632351396509188,-3.329647079600919,4.591389179229736,1.9162209033966064,2.316746711730957,1.1836449536961469,662.7395833333334,341.11111111111114,591.9180771311125,266.1923713154263,733.5610895355543,416.02985090679596,0.4463281035423279,0.7586784958839417,
2026-07-14T23:27:58.507,13.590008400031365,20260714_232744_front_fusion_tl_14,fps_5,fusion_tl_14,1006488,5,vehicle,0.07078453153371811,-20.667511954434065,22.18375214867963,5.483289661072529,-31.591080970912945,5.952388286590576,2.1913936138153076,2.7068586349487305,2.393952445981365,432.55989583333337,217.7777777777778,382.4589074229201,150.85013972388373,482.66088424374664,284.7054158316718,0.08889742940664291,0.4069129526615143,
2026-07-14T23:27:58.507,13.590008400031365,20260714_232744_front_fusion_tl_14,fps_5,fusion_tl_14,1006488,6,vehicle,0.06617532670497894,-18.38786159963133,20.357783146049393,4.748339916653027,-57.358441997756266,4.660390853881836,1.9091671705245972,1.5854926109313965,5.165869358788512,48.927083333333336,155.55555555555557,16.82321838786205,97.61106464597914,81.03094827880463,213.500046465132,0.07562255859375,0.03443729132413864,
2026-07-14T23:27:58.629,13.711852867039852,20260714_232744_front_fusion_tl_14,fps_5,fusion_tl_14,1006489,0,vehicle,0.15247631072998047,-9.97064824991115,23.493155486426858,2.011362189427331,106.61091173826786,6.430994033813477,2.3995869159698486,3.1233460903167725,13.688961751765323,146.78125,102.22222222222223,85.25516495108604,61.72266138924493,208.30733504891396,142.72178305519952,0.8604530096054077,0.9995197057723999,
2026-07-14T23:27:58.629,13.711852867039852,20260714_232744_front_fusion_tl_14,fps_5,fusion_tl_14,1006489,1,vehicle,0.08244810998439789,-23.1746889287892,23.611187127475045,5.520302405698023,39.101369078612784,3.0228099822998047,1.3881187438964844,1.7663791179656982,1.5206094217879946,617.1484375,235.55555555555557,583.4613148868084,197.18308303091263,650.8355601131916,273.9280280801985,0.08779286593198776,0.28458788990974426,
2026-07-14T23:27:58.629,13.711852867039852,20260714_232744_front_fusion_tl_14,fps_5,fusion_tl_14,1006489,2,vehicle,0.06362030655145645,-21.040798847520218,24.694584724312882,4.517297338408641,9.899298960944538,5.08251953125,1.869012713432312,2.187723159790039,3.509128119492947,467.03125000000006,323.33333333333337,370.28024366497993,242.8384812672933,563.7822563350201,403.8281853993734,0.8737490773200989,0.9909523725509644,
2026-07-14T23:27:58.629,13.711852867039852,20260714_232744_front_fusion_tl_14,fps_5,fusion_tl_14,1006489,3,vehicle,0.06129220500588417,-18.71733417488276,23.17816738197057,4.5306630832364565,88.2287501476512,5.130862236022949,1.9624165296554565,2.4481754302978516,4.635963045166937,554.8776041666667,270.0,525.0103001321356,204.92157697677612,584.7449082011979,335.0784230232239,0.08261071890592575,0.9791772961616516,
2026-07-14T23:27:58.629,13.711852867039852,20260714_232744_front_fusion_tl_14,fps_5,fusion_tl_14,1006489,4,vehicle,0.059442441910505295,-25.291670965011438,30.260943972893248,3.341936857415142,-55.860540119077186,4.506281852722168,1.6583871841430664,2.0910933017730713,8.797768292571247,777.2734375,360.0,682.5858476758003,271.25128269195557,871.9610273241998,448.74871730804443,0.001964735332876444,0.9447118043899536,
2026-07-14T23:27:58.751,13.833527383045293,20260714_232744_front_fusion_tl_14,fps_5,fusion_tl_14,1006490,0,vehicle,0.2277120053768158,-20.93080186076086,22.92663208569497,4.861083683202718,-38.95404349109193,4.504790782928467,1.6874991655349731,2.0861244201660156,2.516208199822172,430.33593750000006,306.6666666666667,357.0133180618286,225.49158493677777,503.65855693817144,387.8417483965556,0.9094988703727722,0.9978232383728027,
2026-07-14T23:27:58.751,13.833527383045293,20260714_232744_front_fusion_tl_14,fps_5,fusion_tl_14,1006490,1,vehicle,0.08585981279611588,-10.053874724254062,22.142402097050056,2.4488471592470162,-173.7030683972129,5.742655277252197,2.200329303741455,2.824551582336426,13.428432888793594,145.66927083333334,102.22222222222223,92.49210606267056,63.5324944390191,198.84643560399613,140.91195000542535,0.7055339217185974,0.999365508556366,
2026-07-14T23:27:58.751,13.833527383045293,20260714_232744_front_fusion_tl_14,fps_5,fusion_tl_14,1006490,2,vehicle,0.06581536680459976,-14.335415749715505,24.532610152614314,2.5864515591565347,-54.5906721169056,4.048058032989502,1.7160850763320923,2.0558269023895264,9.607806224153444,154.56510416666669,112.22222222222223,112.40712465594213,85.71899308098688,196.72308367739123,138.72545136345758,0.2830926179885864,0.9964092373847961,
2026-07-14T23:27:58.870,13.952666057040915,20260714_232744_front_fusion_tl_14,fps_5,fusion_tl_14,1006491,0,vehicle,0.09494968503713608,-13.812834038733921,22.72868871382717,3.213022680092118,13.42914874944672,5.100997447967529,1.9897586107254028,2.522922992706299,9.621290166795605,145.66927083333334,102.22222222222223,91.86043632527193,57.66301645172967,199.47810534139475,146.78142799271478,0.9516667127609253,0.9998307228088379,
2026-07-14T23:27:58.998,14.080467930994928,20260714_232744_front_fusion_tl_14,fps_5,fusion_tl_14,1006492,0,vehicle,0.08997507393360138,-21.232951454737513,22.075280416304846,5.375361702297873,-82.53248037704867,4.5799736976623535,1.834708571434021,2.09242844581604,1.925267265313407,465.91927083333337,190.0,430.94654850413406,146.89473032951355,500.8919931625327,233.10526967048645,0.3063320219516754,0.9976697564125061,
2026-07-14T23:27:59.237,14.319418355007656,20260714_232744_front_fusion_tl_14,fps_5,fusion_tl_14,1006494,0,vehicle,0.07998141646385193,-19.68684345467151,21.862013472171064,4.784281963658895,-103.33870464821403,5.045987606048584,2.031108856201172,1.6340402364730835,3.5885751561560144,48.927083333333336,155.55555555555557,-1.848237360517184,110.4695889684889,99.70240402718386,200.64152214262222,0.10640185326337814,0.16925586760044098,
2026-07-14T23:27:59.237,14.319418355007656,20260714_232744_front_fusion_tl_14,fps_5,fusion_tl_14,1006494,1,vehicle,0.0730222538113594,-15.677291237524026,23.960293474834863,3.6146050361217767,-26.0641742283437,6.354153156280518,2.520954132080078,2.727473258972168,7.895050383961753,395.86458333333337,234.44444444444446,358.4367857774099,171.4598968293932,433.29238088925683,297.4289920594957,0.02037704735994339,0.8521828651428223,
2026-07-14T23:27:59.237,14.319418355007656,20260714_232744_front_fusion_tl_14,fps_5,fusion_tl_14,1006494,2,vehicle,0.06344928592443466,-19.425018315913093,22.93003730142203,4.767897070435742,61.85581868335704,5.130389213562012,1.9336820840835571,2.6289875507354736,3.859343899275298,386.96875,172.22222222222223,345.3747623488307,110.50965680016412,428.56273765116936,233.93478764428033,0.07644765824079514,0.9839005470275879,
2026-07-14T23:27:59.357,14.44021635001991,20260714_232744_front_fusion_tl_14,fps_5,fusion_tl_14,1006495,0,vehicle,0.11087638884782791,-22.923433172668584,25.1384986528982,4.944979992169633,-129.85993456861644,4.020014762878418,1.7524352073669434,1.9411119222640991,3.124143049776095,741.6901041666667,386.6666666666667,691.4341053242485,333.87469212214154,791.9461030090849,439.45864121119183,0.4152839481830597,0.9385732412338257,
2026-07-14T23:27:59.357,14.44021635001991,20260714_232744_front_fusion_tl_14,fps_5,fusion_tl_14,1006495,1,vehicle,0.059452082961797714,-9.629124208205,21.21547687904754,1.8029347408956902,-136.8707114179746,3.6709492206573486,1.5060787200927734,1.687274694442749,14.06877059947368,22.239583333333336,110.0,-4.239970954755942,93.36568892002106,48.71913762142261,126.63431107997894,0.6182632446289062,0.9948146939277649,
2026-07-14T23:27:59.537,14.619584614993073,20260714_232744_front_fusion_tl_14,fps_5,fusion_tl_14,1006496,0,vehicle,0.1548607051372528,-26.9592615475226,23.66400070612579,6.999631552380297,-42.015056490945405,6.298351287841797,2.3793270587921143,2.810979127883911,4.317286083838365,617.1484375,351.11111111111114,571.4839689284563,185.5538410610623,662.8129060715437,516.6683811611599,0.15016818046569824,0.04642308130860329,
2026-07-14T23:27:59.537,14.619584614993073,20260714_232744_front_fusion_tl_14,fps_5,fusion_tl_14,1006496,1,vehicle,0.13260896503925323,-14.40398694740633,25.495127463733787,2.031972737966452,-80.8097366392498,5.473337173461914,2.098336696624756,2.2543935775756836,10.03649690545669,368.0651041666667,198.88888888888889,331.72424075255793,169.14035492473178,404.40596758077544,228.637422853046,0.03861388564109802,0.979607105255127,
2026-07-14T23:27:59.537,14.619584614993073,20260714_232744_front_fusion_tl_14,fps_5,fusion_tl_14,1006496,2,vehicle,0.08865021169185638,-23.281138262084497,24.790785749323092,4.941194393401528,-84.09953045941924,3.778780221939087,1.5988311767578125,1.7782446146011353,2.835691324213772,689.4270833333334,358.8888888888889,623.6397957404455,304.79498081737097,755.2143709262212,412.98279696040686,0.09625421464443207,0.898245632648468,
2026-07-14T23:27:59.537,14.619584614993073,20260714_232744_front_fusion_tl_14,fps_5,fusion_tl_14,1006496,3,vehicle,0.07656409591436386,-14.839464138321796,24.313475157808718,2.5537083274790753,-62.05138532438677,4.546840190887451,1.7518357038497925,1.9942017793655396,9.12198647405429,102.30208333333334,101.11111111111111,59.02897931387027,77.29442007011838,145.5751873527964,124.92780215210385,0.27972087264060974,0.9978234767913818,
2026-07-14T23:27:59.652,14.734591401997022,20260714_232744_front_fusion_tl_14,fps_5,fusion_tl_14,1006497,0,vehicle,0.16768726706504822,-25.24706614395959,25.12023290740671,6.148631601905845,53.771380504009215,7.003941059112549,2.650998830795288,3.5789902210235596,3.64949164568653,769.4895833333334,262.22222222222223,717.9526614298424,102.72954834832086,821.0265052368244,421.7148960961236,0.051180608570575714,0.08225313574075699,
2026-07-14T23:27:59.892,14.974652859964408,20260714_232744_front_fusion_tl_14,fps_5,fusion_tl_14,1006499,0,vehicle,0.07803403586149216,-21.892317317496733,27.725525080714462,3.5538780802388885,7.415515961501201,5.0775017738342285,1.990427017211914,2.171388864517212,6.147010784575126,538.1979166666667,332.22222222222223,480.991667325298,286.05453146828546,595.4041660080354,378.389912976159,0.04996355623006821,0.9577803611755371,
2026-07-14T23:27:59.892,14.974652859964408,20260714_232744_front_fusion_tl_14,fps_5,fusion_tl_14,1006499,1,vehicle,0.0752079039812088,-24.51594532240619,24.26491267578174,6.245188213832284,-0.8002590249716353,5.595441818237305,2.139439821243286,2.897001028060913,2.5230677912898956,689.4270833333334,305.55555555555554,638.5680123393735,201.49561617109512,740.2861543272933,409.61549494001605,0.0015057534910738468,0.9911666512489319,
2026-07-14T23:27:59.892,14.974652859964408,20260714_232744_front_fusion_tl_14,fps_5,fusion_tl_14,1006499,2,vehicle,0.07409829646348953,-20.81882315321568,24.35779280453199,4.690022487023338,55.67921828402816,4.87920618057251,1.9679372310638428,2.110088348388672,3.336754278199552,643.8359375,297.77777777777777,592.4490216895938,254.72671376334299,695.2228533104062,340.8288417922126,0.11422786116600037,0.36887314915657043,
2026-07-14T23:27:59.892,14.974652859964408,20260714_232744_front_fusion_tl_14,fps_5,fusion_tl_14,1006499,3,vehicle,0.05208437144756317,-23.96293613088546,23.782307168918045,5.652037443171963,77.17807646595246,3.9198431968688965,1.728062629699707,1.7168514728546143,1.9024588889329748,590.4609375,235.55555555555557,547.1983448192477,195.69881293508743,633.7235301807523,275.4122981760237,0.08858216553926468,0.4327233135700226,
2026-07-14T23:28:00.122,15.205150700057857,20260714_232744_front_fusion_tl_14,fps_5,fusion_tl_14,1006501,0,vehicle,0.1568918079137802,-20.30070341546334,26.779965063341145,4.044085664024596,31.074795242902873,5.478307247161865,2.092379331588745,2.7398457527160645,5.644031604672162,458.1354166666667,288.8888888888889,417.0739982078473,250.97102218204077,499.1968351254861,326.80675559573706,0.03600325062870979,0.9747045040130615,
2026-07-14T23:28:00.239,15.322201621951535,20260714_232744_front_fusion_tl_14,fps_5,fusion_tl_14,1006502,0,vehicle,0.0797749012708664,-22.118649084628395,24.32107868419339,5.10243555874981,43.786626960536644,6.580605983734131,2.589689016342163,2.220059394836426,2.462361768206319,386.96875,235.55555555555557,300.1576078683138,184.17897555563187,473.77989213168627,286.93213555547925,0.005663994234055281,0.059974998235702515,
2026-07-14T23:28:00.356,15.438784506986849,20260714_232744_front_fusion_tl_14,fps_5,fusion_tl_14,1006503,0,vehicle,0.08685716241598129,-17.392538939214557,25.878243083682197,2.7522942895066413,21.488914708169194,5.287014007568359,1.998786211013794,2.517299175262451,7.465010360978221,190.1484375,216.66666666666669,162.85062766820192,180.58723608652753,217.4462473317981,252.74609724680585,0.6677271127700806,0.997945249080658,
2026-07-14T23:28:00.356,15.438784506986849,20260714_232744_front_fusion_tl_14,fps_5,fusion_tl_14,1006503,1,vehicle,0.055241502821445465,-19.445169349553836,30.796378810518654,1.3555220108440142,-28.88902562404525,3.641798257827759,1.5493836402893066,1.7986314296722412,10.406864079072925,342.48958333333337,190.0,309.5601360847553,170.4638159275055,375.41903058191144,209.5361840724945,0.0726342648267746,0.9779888987541199,
2026-07-14T23:28:00.484,15.56690733099822,20260714_232744_front_fusion_tl_14,fps_5,fusion_tl_14,1006504,0,vehicle,0.05001233518123627,-22.67912014396158,34.341814070333854,1.1496995620248285,-4.319740857264264,3.346754550933838,1.4416627883911133,1.3374429941177368,13.079686758309839,564.8854166666667,164.44444444444446,534.375937918822,149.36652627256183,595.3948954145114,179.5223626163271,0.4000314474105835,0.6139973998069763,
2026-07-14T23:28:00.605,15.687436167965643,20260714_232744_front_fusion_tl_14,fps_5,fusion_tl_14,1006505,0,vehicle,0.07581174373626709,-22.552467767284167,28.815414309899886,3.2810617863294516,-21.529160871313465,3.695650339126587,1.577896237373352,1.564084768295288,7.169956381018713,563.7734375,163.33333333333334,524.6349704712629,139.54354306062064,602.9119045287371,187.12312360604605,0.03365710377693176,0.9871585965156555,
2026-07-14T23:28:00.848,15.931070032063872,20260714_232744_front_fusion_tl_14,fps_5,fusion_tl_14,1006507,0,vehicle,0.053355321288108826,-17.86596819120261,24.228428064741777,4.265439922980079,12.152350301246814,6.275465965270996,2.235347032546997,3.2004473209381104,5.7723156454431175,492.60677083333337,234.44444444444446,423.1863840868076,164.7416999604967,562.0271575798591,304.1471889283922,0.007484397850930691,0.9733428955078125,
2026-07-14T23:28:01.455,16.538021845044568,20260714_232744_front_fusion_tl_14,fps_5,fusion_tl_14,1006512,0,vehicle,0.11507446318864822,-18.23215963319023,25.665838228526944,3.836804930702389,76.60468769314505,5.5071258544921875,2.232819080352783,2.9508535861968994,6.263977009132173,163.4609375,164.44444444444446,110.66729661077262,103.10660150316026,216.25457838922742,225.78228738572864,0.03723312169313431,0.756443440914154,
2026-07-14T23:28:01.572,16.655117960064672,20260714_232744_front_fusion_tl_14,fps_5,fusion_tl_14,1006513,0,vehicle,0.056384094059467316,-24.410090598393232,25.825370788693398,4.978499847932245,-41.04992518546168,4.284104347229004,1.721196174621582,1.8995623588562012,4.028676835378787,716.1145833333334,288.8888888888889,658.5466217746338,218.70956950717502,773.682544892033,359.0682082706028,0.34467607736587524,0.9845596551895142,
2026-07-14T23:28:01.690,16.773095809970982,20260714_232744_front_fusion_tl_14,fps_5,fusion_tl_14,1006514,0,vehicle,0.062212586402893066,-20.936981079700594,21.28247985000039,5.841893962272074,-54.3132350504139,7.464814186096191,2.532792329788208,2.972395896911621,2.2770219616493845,200.15625,75.55555555555556,89.53968077898026,-33.45284488466051,310.77281922101974,184.56395599577164,0.00922121200710535,0.5941898226737976,
2026-07-14T23:28:01.807,16.88974967005197,20260714_232744_front_fusion_tl_14,fps_5,fusion_tl_14,1006515,0,vehicle,0.45496830344200134,-20.12134948119948,21.476595897677697,5.593241761579835,-77.73592563956676,7.41573429107666,2.5412890911102295,3.218200206756592,3.001895898670083,200.15625,75.55555555555556,100.81688377261162,-37.203753259446884,299.4956162273884,188.314864370558,0.018288781866431236,0.878472089767456,
2026-07-14T23:28:01.807,16.88974967005197,20260714_232744_front_fusion_tl_14,fps_5,fusion_tl_14,1006515,1,vehicle,0.05321236699819565,-12.895104198078876,25.00786225868236,2.389933181600142,2.2598714986597574,5.306619644165039,2.0952234268188477,2.817199945449829,11.0892260541755,306.90625,181.11111111111111,261.3531844392419,150.2522177166409,352.4593155607581,211.97000450558133,0.5847136974334717,0.9707594513893127,
2026-07-14T23:28:01.807,16.88974967005197,20260714_232744_front_fusion_tl_14,fps_5,fusion_tl_14,1006515,2,vehicle,0.05237139016389847,-15.61351469153266,20.743372513062805,4.707803472818673,-86.68428790791003,7.434758186340332,2.597740411758423,2.9738028049468994,7.63962793236549,84.51041666666667,376.6666666666667,44.880608181158706,315.8505455652873,124.14022515217464,437.4827877680461,0.9396944046020508,0.0930468961596489,
2026-07-14T23:28:01.928,17.010911902063526,20260714_232744_front_fusion_tl_14,fps_5,fusion_tl_14,1006516,0,vehicle,0.29717952013015747,-19.902199586460927,22.009473364255836,5.25549592092986,-114.36494105150993,6.763394832611084,2.3029603958129883,2.9771568775177,3.2024552750330413,199.04427083333334,75.55555555555556,128.40662397940955,-22.74431493547228,269.68191768725717,173.8554260465834,0.03387892246246338,0.7679749727249146,
2026-07-14T23:28:01.928,17.010911902063526,20260714_232744_front_fusion_tl_14,fps_5,fusion_tl_14,1006516,1,vehicle,0.12423709779977798,-17.83018990078793,23.86358648344144,3.8882387169886714,-156.89738017497743,6.146676063537598,2.227738380432129,2.578976631164551,5.835526486594553,110.08593750000001,154.44444444444446,59.99531090259553,70.46618964936998,160.17656409740448,238.42269923951892,0.5706297755241394,0.9999392032623291,
2026-07-14T23:28:01.928,17.010911902063526,20260714_232744_front_fusion_tl_14,fps_5,fusion_tl_14,1006516,2,vehicle,0.07819018512964249,-24.99833942334945,24.764222397612393,5.346424177715118,24.59791177153295,4.023974895477295,1.644704818725586,1.6434097290039062,3.340883659545004,716.1145833333334,288.8888888888889,664.7428046142062,230.85282378726535,767.4863620524605,346.92495399051245,0.3041282892227173,0.9059565663337708,
2026-07-14T23:28:02.049,17.132112257066183,20260714_232744_front_fusion_tl_14,fps_5,fusion_tl_14,1006517,0,vehicle,0.2558949589729309,-11.858323868180001,23.524687101413306,1.5986376692488555,158.45435700472945,4.785977840423584,1.8302382230758667,1.7347854375839233,12.073543962447706,120.09375000000001,172.22222222222223,51.147525161504745,149.23894895447626,189.03997483849525,195.2054954899682,0.05378665030002594,0.9999110698699951,
2026-07-14T23:28:02.049,17.132112257066183,20260714_232744_front_fusion_tl_14,fps_5,fusion_tl_14,1006517,1,vehicle,0.14600789546966553,-19.570278592070665,21.179801107716727,5.33517677160663,149.9088093690245,5.842492580413818,2.0691747665405273,2.7755675315856934,3.660230641444163,199.04427083333334,75.55555555555556,137.70276412864527,-30.458312299516468,260.38577753802144,181.5694234106276,0.037720926105976105,0.32850661873817444,
2026-07-14T23:28:02.049,17.132112257066183,20260714_232744_front_fusion_tl_14,fps_5,fusion_tl_14,1006517,2,vehicle,0.06066930666565895,-24.609094907077267,25.80667037563536,5.019556723770895,-39.936763122235185,4.041817665100098,1.7234708070755005,1.841552495956421,4.077265504032405,715.0026041666667,296.6666666666667,666.3048572043579,241.16611520449322,763.7003511289756,352.16721812884015,0.14764370024204254,0.9284660220146179,
2026-07-14T23:28:02.049,17.132112257066183,20260714_232744_front_fusion_tl_14,fps_5,fusion_tl_14,1006517,3,vehicle,0.051855456084012985,-15.589576499534648,23.726021486253988,3.5573525824410197,42.41068565341213,5.969503879547119,2.0828371047973633,2.978064775466919,7.94955389429572,262.42708333333337,163.33333333333334,211.49804067363343,113.31278165181479,313.3561259930333,213.3538850148519,0.40994349122047424,0.9946125745773315,
2026-07-14T23:28:02.167,17.250146663049236,20260714_232744_front_fusion_tl_14,fps_5,fusion_tl_14,1006518,0,vehicle,0.06205290928483009,-13.110724501011134,21.11197937046132,3.1579286396828117,123.95515609408717,3.6400346755981445,1.5099514722824097,1.8777791261672974,10.365226622198307,57.82291666666667,102.22222222222223,27.650580200056236,77.90881825817956,87.9952531332771,126.53562618626489,0.978650689125061,0.7521389126777649,
2026-07-14T23:28:02.167,17.250146663049236,20260714_232744_front_fusion_tl_14,fps_5,fusion_tl_14,1006518,1,vehicle,0.05983773618936539,-24.425798607807046,25.032629756934305,5.117113940930963,23.517644104643203,3.7573325634002686,1.6467883586883545,1.5151700973510742,3.314303880017329,715.0026041666667,288.8888888888889,663.1595745186012,239.4857531123691,766.8456338147323,338.2920246654087,0.18287551403045654,0.8653029203414917,
2026-07-14T23:28:02.167,17.250146663049236,20260714_232744_front_fusion_tl_14,fps_5,fusion_tl_14,1006518,2,vehicle,0.050728920847177505,-18.646215562688987,21.605690285424444,4.928879492679753,165.57908388101816,5.579421043395996,2.0508573055267334,2.59913969039917,4.538655832283118,191.26041666666669,75.55555555555556,127.3326688806216,-9.983079698350695,255.18816445271176,161.09419080946182,0.17917129397392273,0.48546186089515686,
2026-07-14T23:28:02.284,17.366432445007376,20260714_232744_front_fusion_tl_14,fps_5,fusion_tl_14,1006519,0,vehicle,0.3860357701778412,-13.033200974225778,24.1414660938958,2.7674542772007555,27.469155129476952,6.4157185554504395,2.3751933574676514,3.2998299598693848,10.6538656032329,244.63541666666669,154.44444444444446,183.3211109141509,100.62952902581956,305.9497224191825,208.25935986306934,0.18578384816646576,0.9998028874397278,
2026-07-14T23:28:02.284,17.366432445007376,20260714_232744_front_fusion_tl_14,fps_5,fusion_tl_14,1006519,1,vehicle,0.08059810101985931,-11.502587224758127,28.944291487661314,0.36539435166505285,-65.74331676851344,6.1640520095825195,2.2630972862243652,2.9624972343444824,14.470810201812979,360.28125,190.0,324.26738975197077,166.24866366386414,396.29511024802923,213.75133633613586,0.13630877435207367,0.9998682737350464,
2026-07-14T23:28:02.284,17.366432445007376,20260714_232744_front_fusion_tl_14,fps_5,fusion_tl_14,1006519,2,vehicle,0.07306233048439026,-24.710391478789557,24.442670333614224,5.304513533483913,-15.16110966413875,3.7191762924194336,1.587029218673706,1.4743914604187012,2.9413435739132945,715.0026041666667,288.8888888888889,658.5163688013952,236.68436461024814,771.4888395319383,341.09341316752966,0.04339383915066719,0.8850365281105042,
2026-07-14T23:28:02.284,17.366432445007376,20260714_232744_front_fusion_tl_14,fps_5,fusion_tl_14,1006519,3,vehicle,0.05659483000636101,-15.12577025414005,22.938102272537215,3.029005071700846,135.2821695233271,3.114288806915283,1.3572642803192139,1.8359664678573608,8.4691222832646,56.71093750000001,110.0,24.663975037634373,82.79885292053223,88.75789996236563,137.20114707946777,0.955430805683136,0.24186654388904572,
2026-07-14T23:28:02.400,17.482163046021014,20260714_232744_front_fusion_tl_14,fps_5,fusion_tl_14,1006520,0,vehicle,0.13051266968250275,-13.866875536239263,31.56274641636911,0.2020443682580293,-73.64561209199007,7.164411544799805,2.6608426570892334,3.32319974899292,14.301995303452681,351.3854166666667,191.11111111111111,305.63188167909783,161.03766507572598,397.13895165423554,221.18455714649625,0.4137941598892212,0.9993327260017395,
2026-07-14T23:28:02.400,17.482163046021014,20260714_232744_front_fusion_tl_14,fps_5,fusion_tl_14,1006520,1,vehicle,0.12167192995548248,-12.154904035311635,31.481352690405263,-0.5608475417912402,-54.72639740910176,5.886613368988037,2.1929757595062256,2.9742372035980225,15.710756351063825,368.0651041666667,191.11111111111111,337.5428266550104,167.64651185936398,398.58738167832297,214.57571036285825,0.8716799020767212,0.9973177313804626,
2026-07-14T23:28:02.400,17.482163046021014,20260714_232744_front_fusion_tl_14,fps_5,fusion_tl_14,1006520,2,vehicle,0.0921507477760315,-13.45692657608547,23.921668231379634,2.849545306021735,33.52102357524965,5.766312122344971,2.1870012283325195,2.9255950450897217,10.196595776657142,226.84375000000003,145.55555555555557,167.92127646505833,104.47283956739638,285.7662235349417,186.63827154371475,0.07491746544837952,0.984870970249176,
2026-07-14T23:28:02.400,17.482163046021014,20260714_232744_front_fusion_tl_14,fps_5,fusion_tl_14,1006520,3,vehicle,0.06674789637327194,-15.70491096291339,21.008971518405417,4.729126936162974,-90.61453313211501,7.423002243041992,2.672471284866333,2.9859964847564697,7.497456191084059,84.51041666666667,376.6666666666667,43.35930505643289,328.8046924273173,125.66152827690046,424.52864090601605,0.9824460744857788,0.05439602583646774,
2026-07-14T23:28:02.514,17.596743423957378,20260714_232744_front_fusion_tl_14,fps_5,fusion_tl_14,1006521,0,vehicle,0.3106555640697479,-16.031074214878092,31.85198485246043,0.6395173747785776,-63.13847169270084,6.543192386627197,2.5276644229888916,3.0135483741760254,13.051253885200932,350.2734375,191.11111111111111,297.10970140993595,162.4613834089703,403.43717359006405,219.76083881325192,0.008965685032308102,0.9995880722999573,
2026-07-14T23:28:02.514,17.596743423957378,20260714_232744_front_fusion_tl_14,fps_5,fusion_tl_14,1006521,1,vehicle,0.13158729672431946,-11.70187656559023,23.72759762919802,2.4741959692188473,7.158752815016781,5.658543109893799,2.1894588470458984,2.9787137508392334,11.933605128622455,225.73177083333334,145.55555555555557,180.4736431290706,108.40590927335951,270.9898985375961,182.70520183775162,0.9429099559783936,0.9998291730880737,
2026-07-14T23:28:02.514,17.596743423957378,20260714_232744_front_fusion_tl_14,fps_5,fusion_tl_14,1006521,2,vehicle,0.0956343486905098,-17.66760562551499,20.64016096802388,4.85802529427554,-44.34838402276505,4.801331996917725,1.9363831281661987,2.637256145477295,5.693208723737131,30.023437500000004,118.8888888888889,-26.374946743249893,45.577714973025856,86.4218217432499,192.20006280475192,0.7612109184265137,0.9975405931472778,
2026-07-14T23:28:02.634,17.716720025986433,20260714_232744_front_fusion_tl_14,fps_5,fusion_tl_14,1006522,0,vehicle,0.24280928075313568,-15.743812465227366,29.46064741634632,1.104986484754182,-121.8584600152937,5.312987804412842,1.9760761260986328,2.4310903549194336,11.376084033726853,350.2734375,198.88888888888889,308.9843550249934,176.18619435363345,391.5625199750066,221.59158342414432,0.09384527802467346,0.9999393224716187,
2026-07-14T23:28:02.634,17.716720025986433,20260714_232744_front_fusion_tl_14,fps_5,fusion_tl_14,1006522,1,vehicle,0.17777085304260254,-13.57123660401919,24.308883598787972,2.84452378062198,-0.25660047178617257,5.510087013244629,2.1777427196502686,2.964174747467041,10.16150682276025,209.05208333333334,137.77777777777777,157.50657801826796,93.44111310111153,260.59758864839876,182.11444245444406,0.1184912621974945,0.9997676014900208,
2026-07-14T23:28:02.745,17.82801753806416,20260714_232744_front_fusion_tl_14,fps_5,fusion_tl_14,1006523,0,vehicle,0.32051950693130493,-15.691344888547572,27.55695271271244,1.9182025140572634,-82.49538175386193,5.849676609039307,2.2119531631469727,2.5617852210998535,9.941161786315664,350.2734375,198.88888888888889,301.755633585155,167.9678934150272,398.791241414845,229.80988436275058,0.060007493942976,0.9999645948410034,
2026-07-14T23:28:02.745,17.82801753806416,20260714_232744_front_fusion_tl_14,fps_5,fusion_tl_14,1006523,1,vehicle,0.21973055601119995,-12.779286061266266,23.42249835961336,2.7097448033195874,-7.237660239853749,5.561983585357666,2.110675811767578,2.7793376445770264,10.81079190778706,207.94010416666669,137.77777777777777,161.02170033256215,94.6698902712928,254.85850800077122,180.88566528426279,0.9539516568183899,0.9999973773956299,
2026-07-14T23:28:02.745,17.82801753806416,20260714_232744_front_fusion_tl_14,fps_5,fusion_tl_14,1006523,2,vehicle,0.09732864797115326,-24.693085526974734,24.236706821352872,5.270915203540731,5.585573447279584,3.8153581619262695,1.6149972677230835,1.3755505084991455,2.7956673319739043,715.0026041666667,288.8888888888889,661.3046922783058,244.58448939853244,768.7005160550277,333.19328837924536,0.11637169122695923,0.9756981730461121,
2026-07-14T23:28:02.864,17.9463113140082,20260714_232744_front_fusion_tl_14,fps_5,fusion_tl_14,1006524,0,vehicle,0.24038302898406982,-13.242095197524929,29.07142409149493,0.3664176381988611,-78.70639011992299,5.860927581787109,2.2339377403259277,2.600900888442993,13.204703325472499,350.2734375,191.11111111111111,308.53336960077286,165.24391419357724,392.01350539922714,216.978308028645,0.007233691401779652,0.9997870326042175,
2026-07-14T23:28:02.864,17.9463113140082,20260714_232744_front_fusion_tl_14,fps_5,fusion_tl_14,1006524,1,vehicle,0.1496618092060089,-13.931946497388282,22.335754019546307,3.3218545073747965,-15.761416607846648,4.829176425933838,1.92604398727417,2.4238510131835938,9.464681216242644,200.15625,136.66666666666669,156.9883675351739,96.35820070902507,243.32413246482614,176.9751326243083,0.5799570679664612,0.9997199177742004,
2026-07-14T23:28:02.864,17.9463113140082,20260714_232744_front_fusion_tl_14,fps_5,fusion_tl_14,1006524,2,vehicle,0.07340379804372787,-23.07578389094057,26.522757676372592,4.13937189039655,-46.44637916240098,3.845703601837158,1.5799719095230103,1.6825170516967773,4.72323672438225,671.6354166666667,252.22222222222223,599.6431751201551,199.29042948616876,743.6276582131784,305.1540149582757,0.032071858644485474,0.9531930685043335,
2026-07-14T23:28:02.977,18.060004611033946,20260714_232744_front_fusion_tl_14,fps_5,fusion_tl_14,1006525,0,vehicle,0.16768909990787506,-16.28824456392648,23.408587327858516,3.7911087556778202,-21.97785417822412,4.176681995391846,1.7809029817581177,2.343743324279785,7.170481459435741,190.1484375,128.88888888888889,150.899477340281,95.83957486682469,229.39739765971902,161.9382029109531,0.7998061180114746,0.999543309211731,
2026-07-14T23:28:02.977,18.060004611033946,20260714_232744_front_fusion_tl_14,fps_5,fusion_tl_14,1006525,1,vehicle,0.1251295804977417,-14.824055390265862,27.49695350491818,1.353278495941309,-73.19628375093544,5.241806983947754,2.0166635513305664,2.3539788722991943,10.80405437838953,350.2734375,191.11111111111111,307.1178606823087,164.85840386814542,393.4290143176913,217.3638183540768,0.026556972414255142,0.9997112154960632,
2026-07-14T23:28:02.977,18.060004611033946,20260714_232744_front_fusion_tl_14,fps_5,fusion_tl_14,1006525,2,vehicle,0.0615587942302227,-16.526226671996678,22.401348824966604,3.8227393475939864,-34.26359545776334,4.329291343688965,1.8159064054489136,2.446007013320923,6.8513657161025305,22.239583333333336,118.8888888888889,-13.606407272319,75.51560216479831,58.08557393898567,162.26217561297946,0.5299947261810303,0.9912348985671997,
2026-07-14T23:28:02.977,18.060004611033946,20260714_232744_front_fusion_tl_14,fps_5,fusion_tl_14,1006525,3,vehicle,0.059710726141929626,-15.37083230157261,21.162854544935392,4.527079066498299,-94.6379754269979,7.515915870666504,2.6798295974731445,2.974963665008545,7.838008771136606,84.51041666666667,376.6666666666667,49.17972344408433,331.20346705118817,119.84110988924901,422.1298662821452,0.9908445477485657,0.050800520926713943,
2026-07-14T23:28:03.094,18.17699219402857,20260714_232744_front_fusion_tl_14,fps_5,fusion_tl_14,1006526,0,vehicle,0.1538534164428711,-15.229764344125789,26.11280779846512,2.159965533690876,-74.52387287058973,5.030289649963379,1.9157346487045288,2.3394646644592285,9.518004468166358,350.2734375,198.88888888888889,310.53045078366995,172.50316196017795,390.01642421633005,225.27461581759982,0.024947090074419975,0.9995940327644348,
2026-07-14T23:28:03.094,18.17699219402857,20260714_232744_front_fusion_tl_14,fps_5,fusion_tl_14,1006526,1,vehicle,0.10964298993349075,-24.90316144874192,24.45952234903813,5.336056167930693,10.673853747175905,3.906395196914673,1.6355984210968018,1.40519380569458,3.064027731916508,715.0026041666667,288.8888888888889,661.6765467921894,243.98248725467258,768.3286615411441,333.7952905231052,0.0704399049282074,0.867044985294342,
2026-07-14T23:28:03.094,18.17699219402857,20260714_232744_front_fusion_tl_14,fps_5,fusion_tl_14,1006526,2,vehicle,0.09581656008958817,-15.073608102560915,22.92803202535453,3.609579844859873,-21.817818037121953,4.594435214996338,1.9299911260604858,2.401960849761963,8.313986492604162,182.36458333333334,127.77777777777779,140.40089815606675,92.12895976172554,224.32826851059994,163.42659579383002,0.7228789329528809,0.996658205986023,
2026-07-14T23:28:03.094,18.17699219402857,20260714_232744_front_fusion_tl_14,fps_5,fusion_tl_14,1006526,3,vehicle,0.053059324622154236,-12.302722371933466,20.39784552162526,3.728199922616545,75.68866630552462,5.4371185302734375,2.1148200035095215,3.00461745262146,11.088888115599357,13.34375,110.0,-8.068583447486162,32.08001136779785,34.75608344748616,187.91998863220215,0.43354687094688416,0.9771260023117065,
2026-07-14T23:28:03.213,18.296129925060086,20260714_232744_front_fusion_tl_14,fps_5,fusion_tl_14,1006527,0,vehicle,0.2762952148914337,-14.56637739105576,26.201174116323216,1.7789817559217358,-78.0373697606569,5.308315277099609,2.0783891677856445,2.2740578651428223,10.256522462663952,350.2734375,191.11111111111111,305.45484855026007,162.79551333851285,395.09202644973993,219.42670888370938,0.0369827076792717,0.999911904335022,
2026-07-14T23:28:03.213,18.296129925060086,20260714_232744_front_fusion_tl_14,fps_5,fusion_tl_14,1006527,1,vehicle,0.14917966723442078,-16.9541711674603,24.424372949465,3.650263789508509,75.20298948551705,4.338916301727295,1.7993037700653076,2.411832332611084,6.8560934313271495,173.46875,120.0,131.65707201510668,77.81571507453918,215.28042798489335,162.18428492546082,0.49390459060668945,0.9998918771743774,
2026-07-14T23:28:03.213,18.296129925060086,20260714_232744_front_fusion_tl_14,fps_5,fusion_tl_14,1006527,2,vehicle,0.07236289232969284,-26.03731899698203,32.63670566806849,2.9473915639540365,117.66520054242514,4.154260158538818,1.7434751987457275,2.0129153728485107,11.286840273567433,733.90625,324.44444444444446,678.0067853033543,292.34350588586597,789.8057146966457,356.54538300302295,0.957490861415863,0.8716590404510498,
2026-07-14T23:28:03.335,18.417890819022432,20260714_232744_front_fusion_tl_14,fps_5,fusion_tl_14,1006528,0,vehicle,0.12800593674182892,-15.426299912252183,27.355789907608884,1.5209685616639836,-47.51869233774915,5.423549175262451,2.003304958343506,2.4406118392944336,10.210946198155526,342.48958333333337,191.11111111111111,298.5956708689531,162.81907207436032,386.38349579771364,219.4031501478619,0.02514096163213253,0.9993084669113159,
2026-07-14T23:28:03.335,18.417890819022432,20260714_232744_front_fusion_tl_14,fps_5,fusion_tl_14,1006528,1,vehicle,0.077291339635849,-16.577139839177192,24.216547283046893,3.549984527458296,94.19152755574123,4.741811752319336,1.8940086364746094,2.4500772953033447,7.165770286742331,164.57291666666669,120.0,122.72618603954713,82.56153702735901,206.41964729378623,157.438462972641,0.22552208602428436,0.9996082186698914,
2026-07-14T23:28:03.455,18.53827793803066,20260714_232744_front_fusion_tl_14,fps_5,fusion_tl_14,1006529,0,vehicle,0.14112861454486847,-14.873724727533167,31.07083394389278,0.1611920603101531,-61.53603832877339,5.6892852783203125,2.2137575149536133,2.6894726753234863,13.376690924396561,351.3854166666667,191.11111111111111,307.5485434855024,164.18507821030087,395.22228984783095,218.03714401192136,0.005892889574170113,0.998714804649353,
2026-07-14T23:28:03.455,18.53827793803066,20260714_232744_front_fusion_tl_14,fps_5,fusion_tl_14,1006529,1,vehicle,0.08864312618970871,-24.864452768854434,24.66030800499024,5.1024162997749976,16.760466865206247,3.8567163944244385,1.5930976867675781,1.4024173021316528,3.2599769586097525,715.0026041666667,288.8888888888889,664.4444679642718,237.72564821773105,765.5607403690617,340.05212956004675,0.09233960509300232,0.8870086073875427,
2026-07-14T23:28:03.455,18.53827793803066,20260714_232744_front_fusion_tl_14,fps_5,fusion_tl_14,1006529,2,vehicle,0.0871010348200798,-15.951377889008445,23.13017838981774,3.7713833168489455,29.0355768427805,4.506499767303467,1.8875781297683716,2.3571572303771973,7.454092781992186,164.57291666666669,120.0,125.56953815619151,82.45634078979492,203.57629517714184,157.54365921020508,0.2487943172454834,0.9986255168914795,
2026-07-14T23:28:03.583,18.66579169605393,20260714_232744_front_fusion_tl_14,fps_5,fusion_tl_14,1006530,0,vehicle,0.2131083607673645,-24.809526826942268,24.4327650765076,5.305837462504552,23.5104425877122,3.9085004329681396,1.605650544166565,1.4235150814056396,2.9948854992627676,715.0026041666667,288.8888888888889,660.0983316401641,241.52648501925998,769.9068766931694,336.2512927585178,0.1925368458032608,0.9909900426864624,
2026-07-14T23:28:03.583,18.66579169605393,20260714_232744_front_fusion_tl_14,fps_5,fusion_tl_14,1006530,1,vehicle,0.14769130945205688,-15.987956278444509,25.877008487389666,2.348524532293073,113.73404808877055,4.946815490722656,1.894534945487976,2.2678985595703125,8.731518027302712,350.2734375,198.88888888888889,313.84465297311544,168.27068977885776,386.70222202688456,229.50708799892,0.036466795951128006,0.9997853636741638,
2026-07-14T23:28:03.583,18.66579169605393,20260714_232744_front_fusion_tl_14,fps_5,fusion_tl_14,1006530,2,vehicle,0.09550066292285919,-14.126189140939069,22.982413080066863,3.2302378779772862,23.17709818401815,4.703482627868652,1.9538204669952393,2.372337818145752,9.334322620546345,163.4609375,118.8888888888889,125.59152691811325,87.12686710887485,201.33034808188677,150.65091066890292,0.09459760040044785,0.9923256635665894,
2026-07-14T23:28:03.583,18.66579169605393,20260714_232744_front_fusion_tl_14,fps_5,fusion_tl_14,1006530,3,vehicle,0.08131332695484161,-19.025988199051387,21.545186614004713,4.86382041025426,-172.451057391801,3.7001867294311523,1.5744495391845703,1.8675907850265503,4.2135328349069905,75.61458333333334,110.0,40.49487405767044,69.51724410057068,110.73429260899624,150.48275589942932,0.9672231078147888,0.9713953733444214,
2026-07-14T23:28:03.699,18.7817796820309,20260714_232744_front_fusion_tl_14,fps_5,fusion_tl_14,1006531,0,vehicle,0.2659755051136017,-16.257268690048377,26.790922094590865,2.034107203358011,177.31518382520358,5.100505352020264,1.9090404510498047,2.3537707328796387,9.082789944585622,350.2734375,198.88888888888889,310.45351503789425,168.8175778918796,390.09335996210575,228.96019988589816,0.007064735051244497,0.9999277591705322,
2026-07-14T23:28:03.699,18.7817796820309,20260714_232744_front_fusion_tl_14,fps_5,fusion_tl_14,1006531,1,vehicle,0.10053398460149765,-12.883236414845365,22.66062969761392,3.111866192333469,45.55478612907706,5.425165176391602,2.1727542877197266,2.7328522205352783,10.533640781686193,154.56510416666669,118.8888888888889,111.55534354100625,82.52466135554843,197.5748647923271,155.25311642222934,0.3167361617088318,0.9915128350257874,
2026-07-14T23:28:03.699,18.7817796820309,20260714_232744_front_fusion_tl_14,fps_5,fusion_tl_14,1006531,2,vehicle,0.055864714086055756,-25.073635160134987,24.66888328810271,5.150698194874003,19.77668684656939,3.8523402214050293,1.6087658405303955,1.2975881099700928,3.378133931806002,715.0026041666667,288.8888888888889,661.9713860253494,245.89023166232639,768.0338223079841,331.8875461154514,0.07098517566919327,0.9748976230621338,
2026-07-14T23:28:03.825,18.907746167038567,20260714_232744_front_fusion_tl_14,fps_5,fusion_tl_14,1006532,0,vehicle,0.1161511093378067,-16.210982016930906,26.618424856537295,1.9910757959048233,-84.82346510798418,4.841121673583984,1.8722461462020874,2.2352042198181152,9.053349878981866,350.2734375,191.11111111111111,304.0854189991951,161.38056582874722,396.4614560008049,220.841656393475,0.05867519602179527,0.9997521042823792,
2026-07-14T23:28:03.825,18.907746167038567,20260714_232744_front_fusion_tl_14,fps_5,fusion_tl_14,1006532,1,vehicle,0.10499046742916107,-13.476410893503825,23.456223493357086,2.7013089599007287,78.82522583835204,4.636511325836182,1.924517273902893,2.2902638912200928,10.165726512010925,146.78125,111.11111111111111,104.87697424739599,79.91396612591214,188.685525752604,142.3082560963101,0.6139064431190491,0.9923964142799377,
2026-07-14T23:28:03.945,19.027970826020464,20260714_232744_front_fusion_tl_14,fps_5,fusion_tl_14,1006533,0,vehicle,0.21789312362670898,-11.959561327637246,23.259896527406127,2.416710356545451,45.75214995595722,5.116189479827881,2.0635595321655273,2.7255799770355225,11.662476521961043,145.66927083333334,111.11111111111111,103.83510354657969,77.4756235546536,187.503438120087,144.74659866756863,0.8739999532699585,0.9980471134185791,
2026-07-14T23:28:03.945,19.027970826020464,20260714_232744_front_fusion_tl_14,fps_5,fusion_tl_14,1006533,1,vehicle,0.1855383962392807,-16.775170988361932,27.179485793164183,1.9806742373434778,1.937824142980703,4.806280612945557,1.8569313287734985,2.144444704055786,8.941258936489284,342.48958333333337,198.88888888888889,308.5779494692882,172.39979320102267,376.4012171973785,225.3779845767551,0.005580594763159752,0.9999586343765259,
2026-07-14T23:28:03.945,19.027970826020464,20260714_232744_front_fusion_tl_14,fps_5,fusion_tl_14,1006533,2,vehicle,0.06786227226257324,-16.28846746546668,21.67982971145146,3.8549287188040218,177.86669619437248,4.044848442077637,1.6358743906021118,1.9095101356506348,7.089774536994147,74.50260416666667,111.11111111111111,30.817095535496872,71.60152859157986,118.18811279783647,150.62069363064236,0.9534160494804382,0.9924794435501099,
2026-07-14T23:28:03.945,19.027970826020464,20260714_232744_front_fusion_tl_14,fps_5,fusion_tl_14,1006533,3,vehicle,0.059242118149995804,-13.425010850332317,32.64464130231384,-0.6125603324150077,-147.74157572786615,4.84889554977417,1.9122310876846313,2.1746444702148438,15.636023166194747,235.73958333333334,136.66666666666669,182.50553198655447,118.98440043131511,288.97363468011224,154.34893290201825,0.9238947033882141,0.9986222982406616,
2026-07-14T23:28:04.061,19.143973293015733,20260714_232744_front_fusion_tl_14,fps_5,fusion_tl_14,1006534,0,vehicle,0.19324637949466705,-15.739612521614605,27.012788162009883,1.7026915438993298,-70.51595719789876,5.104556083679199,2.0113725662231445,2.2847788333892822,9.727408698837648,351.3854166666667,191.11111111111111,307.0473269696037,161.64397842354245,395.72350636372965,220.57824379867978,0.0317695327103138,0.999864935874939,
2026-07-14T23:28:04.061,19.143973293015733,20260714_232744_front_fusion_tl_14,fps_5,fusion_tl_14,1006534,1,vehicle,0.09266562014818192,-11.342708130497883,21.944100736586947,2.5792176785778054,83.07016028821926,5.105851173400879,2.074174642562866,2.4282381534576416,12.162185048053663,137.88541666666669,111.11111111111111,92.75220337013404,83.39547879166074,183.01862996319932,138.8267434305615,0.9632489681243896,0.9899307489395142,
2026-07-14T23:28:04.061,19.143973293015733,20260714_232744_front_fusion_tl_14,fps_5,fusion_tl_14,1006534,2,vehicle,0.0824156180024147,-15.652344919032506,21.722499467551103,3.6513581342481727,164.79509679331517,3.772106885910034,1.5826970338821411,1.8155819177627563,7.751600815455805,74.50260416666667,111.11111111111111,28.95179421703021,75.44151491589017,120.05341411630313,146.78070730633206,0.9567139148712158,0.9866468906402588,
2026-07-14T23:28:04.179,19.26221172802616,20260714_232744_front_fusion_tl_14,fps_5,fusion_tl_14,1006535,0,vehicle,0.13009127974510193,-11.640397986574811,21.900962024970575,2.742373192884843,49.32737489507455,4.82016134262085,1.9809521436691284,2.354990005493164,11.83081466264584,136.7734375,111.11111111111111,94.57885282486677,80.8228165573544,178.96802217513323,141.39940566486783,0.8326752185821533,0.9794106483459473,
2026-07-14T23:28:04.179,19.26221172802616,20260714_232744_front_fusion_tl_14,fps_5,fusion_tl_14,1006535,1,vehicle,0.1190899983048439,-17.392339403952477,26.96512347258092,2.23230636403221,77.77320321260704,4.575296401977539,1.7761666774749756,2.129145622253418,8.28228524572478,350.2734375,198.88888888888889,313.63784302026033,173.38144414954715,386.90903197973967,224.39633362823062,0.015904564410448074,0.9989940524101257,
2026-07-14T23:28:04.179,19.26221172802616,20260714_232744_front_fusion_tl_14,fps_5,fusion_tl_14,1006535,2,vehicle,0.11663994938135147,-15.88989977119679,21.61425253677549,3.757324929217692,160.2648690928589,3.425105571746826,1.4410252571105957,1.793861985206604,7.502160778282714,66.71875,111.11111111111111,27.706829436123375,79.55631679958768,105.73067056387663,142.66590542263455,0.958496630191803,0.9941469430923462,
2026-07-14T23:28:04.179,19.26221172802616,20260714_232744_front_fusion_tl_14,fps_5,fusion_tl_14,1006535,3,vehicle,0.08990544080734253,-12.046037052956935,28.993246751030668,0.3146841570137191,-122.94296567491827,4.930494785308838,1.9384195804595947,2.124373197555542,14.090099189616488,235.73958333333334,136.66666666666669,183.7197156821688,116.6026113430659,287.7594509844979,156.73072199026745,0.12225813418626785,0.9996261596679688,
2026-07-14T23:28:04.179,19.26221172802616,20260714_232744_front_fusion_tl_14,fps_5,fusion_tl_14,1006535,4,vehicle,0.06168365478515625,-14.970602013243816,25.914666054234857,1.9695316611578173,-79.66183493375311,4.658194065093994,1.7671258449554443,2.3070285320281982,9.73529447874205,360.28125,190.0,321.51402665674686,159.02268528938293,399.04847334325314,220.97731471061707,0.23395735025405884,0.99904865026474,
2026-07-14T23:28:04.179,19.26221172802616,20260714_232744_front_fusion_tl_14,fps_5,fusion_tl_14,1006535,5,vehicle,0.050256796181201935,-25.788367270993593,32.06868001991103,3.015227076714311,114.88788455651161,3.9312825202941895,1.6659200191497803,1.8933181762695312,10.679223192599496,733.90625,324.44444444444446,680.3962823748589,296.05852093961505,787.4162176251411,352.83036794927386,0.9445868134498596,0.6516478061676025,
2026-07-14T23:28:04.293,19.37616095703561,20260714_232744_front_fusion_tl_14,fps_5,fusion_tl_14,1006536,0,vehicle,0.1065831407904625,-14.917216000408509,27.003945999461365,1.5121367955485976,-71.24923825759781,5.265681743621826,2.0047965049743652,2.2856199741363525,10.431424732957055,350.2734375,191.11111111111111,308.91178733855486,163.124108976788,391.63508766144514,219.09811324543423,0.038541700690984726,0.9994788765907288,
2026-07-14T23:28:04.293,19.37616095703561,20260714_232744_front_fusion_tl_14,fps_5,fusion_tl_14,1006536,1,vehicle,0.10490337014198303,-12.495817485307615,21.80685034102385,2.9125542667761763,56.26559961807767,4.465989589691162,1.8882396221160889,2.2138419151306152,10.968216422602513,128.98958333333334,110.0,85.76277501632771,81.38255894184113,172.21639165033898,138.61744105815887,0.6883146166801453,0.8984183073043823,
2026-07-14T23:28:04.293,19.37616095703561,20260714_232744_front_fusion_tl_14,fps_5,fusion_tl_14,1006536,2,vehicle,0.0596441775560379,-11.890780493488794,29.242705832041704,-0.3887485227499301,-114.05170717973273,4.148925304412842,1.7421478033065796,1.6437350511550903,14.635112115732712,226.84375000000003,137.77777777777777,166.80654644966125,121.94557593928444,286.88095355033875,153.60997961627112,0.05914008989930153,0.9713573455810547,
2026-07-14T23:28:04.293,19.37616095703561,20260714_232744_front_fusion_tl_14,fps_5,fusion_tl_14,1006536,3,vehicle,0.05750812590122223,-19.10309524596056,33.000325386526896,1.1105636207658733,-59.804545186485214,5.291781425476074,1.9727522134780884,2.2521047592163086,12.472547804126927,243.52343750000003,136.66666666666669,194.00828124582767,117.0176903406779,293.0385937541723,156.31564299265546,0.623805582523346,0.9999241828918457,
2026-07-14T23:28:04.404,19.487058070953935,20260714_232744_front_fusion_tl_14,fps_5,fusion_tl_14,1006537,0,vehicle,0.16443857550621033,-14.855242142365345,26.897314148540293,1.4244760376645402,-88.82394520679814,4.556365489959717,1.8301054239273071,2.0532150268554688,10.471839266614142,351.3854166666667,191.11111111111111,307.80404155204695,165.598194665379,394.9667917812864,216.62402755684323,0.12694090604782104,0.9996576309204102,
2026-07-14T23:28:04.404,19.487058070953935,20260714_232744_front_fusion_tl_14,fps_5,fusion_tl_14,1006537,1,vehicle,0.10650792717933655,-10.027358380508428,28.042617285022953,-0.4134469245903247,-129.08038242866004,4.310733795166016,1.785099744796753,1.7100780010223389,15.617725518334337,226.84375000000003,137.77777777777777,169.80310514569283,121.85767100916969,283.8843948543072,153.69788454638586,0.025229334831237793,0.9951894283294678,
2026-07-14T23:28:04.404,19.487058070953935,20260714_232744_front_fusion_tl_14,fps_5,fusion_tl_14,1006537,2,vehicle,0.1014123484492302,-12.416610304265959,22.063073641071988,2.818671207304492,58.14083099709932,3.846595525741577,1.6946922540664673,2.052253007888794,11.063874262814602,127.87760416666667,110.0,90.92277549455564,82.40452170372009,164.83243283877772,137.5954782962799,0.8348830938339233,0.9070407748222351,
2026-07-14T23:28:04.519,19.601642717956565,20260714_232744_front_fusion_tl_14,fps_5,fusion_tl_14,1006538,0,vehicle,0.1496136486530304,-15.20687708720323,26.937826474833017,1.503040840991221,-82.07238974247942,4.57472038269043,1.8461241722106934,2.0652124881744385,10.184546646145824,351.3854166666667,191.11111111111111,307.86857939014834,163.42618472046323,394.90225394318503,218.796037501759,0.03962515667080879,0.9998546838760376,
2026-07-14T23:28:04.519,19.601642717956565,20260714_232744_front_fusion_tl_14,fps_5,fusion_tl_14,1006538,1,vehicle,0.11774106323719025,-14.303839398843788,28.843810050716737,0.9841110373313811,-150.44117743037813,4.340826511383057,1.7643680572509766,1.9285303354263306,12.04140754648585,234.62760416666669,136.66666666666669,189.77338674167794,118.24940900007884,279.48182159165543,155.08392433325452,0.16510824859142303,0.9990035891532898,
2026-07-14T23:28:04.519,19.601642717956565,20260714_232744_front_fusion_tl_14,fps_5,fusion_tl_14,1006538,2,vehicle,0.10001413524150848,-13.18967858693083,21.831952645102476,3.0907700236134046,42.080309670177854,3.848210096359253,1.6935850381851196,1.9853118658065796,10.252743518428161,127.87760416666667,110.0,90.8815223077933,83.69878232479095,164.87368602554005,136.30121767520905,0.8765615224838257,0.9858222603797913,
2026-07-14T23:28:04.519,19.601642717956565,20260714_232744_front_fusion_tl_14,fps_5,fusion_tl_14,1006538,3,vehicle,0.08685510605573654,-15.907112013580461,21.726026008047718,3.7405051151400643,150.2292214191662,3.6016907691955566,1.4782599210739136,1.8548274040222168,7.482203651703127,56.71093750000001,110.0,11.20987506955862,72.47474789619446,102.21199993044138,147.52525210380554,0.9443987607955933,0.9742267727851868,
2026-07-14T23:28:04.644,19.726479536038823,20260714_232744_front_fusion_tl_14,fps_5,fusion_tl_14,1006539,0,vehicle,0.11835005134344101,-11.380017793035908,21.678375251732607,2.5780060030211374,15.139758949006536,3.870872735977173,1.6795592308044434,2.0794260501861572,12.13775657051978,127.87760416666667,110.0,93.2045345256726,85.56130290031433,162.55067380766076,134.43869709968567,0.8207923769950867,0.9680923223495483,
2026-07-14T23:28:04.644,19.726479536038823,20260714_232744_front_fusion_tl_14,fps_5,fusion_tl_14,1006539,1,vehicle,0.10135667771100998,-20.072026076418076,33.48554848180489,1.1652382636780665,-168.79422266610388,4.559453964233398,1.8597718477249146,2.0336544513702393,12.615221274568627,235.73958333333334,136.66666666666669,193.55527139206728,116.13228599230449,277.92389527459943,157.20104734102887,0.5683525800704956,0.9991979002952576,
2026-07-14T23:28:04.644,19.726479536038823,20260714_232744_front_fusion_tl_14,fps_5,fusion_tl_14,1006539,2,vehicle,0.09466025978326797,-15.916044777162305,26.84157027067998,1.9472775154106028,-37.55596788816916,5.003851890563965,1.9447145462036133,2.2246804237365723,9.400295766896466,342.48958333333337,191.11111111111111,301.45836588492,165.65001315540738,383.52080078174674,216.57220906681485,0.0418161042034626,0.998503565788269,
2026-07-14T23:28:04.761,19.844117730972357,20260714_232744_front_fusion_tl_14,fps_5,fusion_tl_14,1006540,0,vehicle,0.17780031263828278,-17.64624829936254,30.881931568898267,1.1395757721791853,169.16194181220817,4.332626819610596,1.776503086090088,1.8380573987960815,11.300573008219507,234.62760416666669,136.66666666666669,190.33310280243558,117.47555951277415,278.9221055308978,155.8577738205592,0.08598557859659195,0.999467670917511,
2026-07-14T23:28:04.761,19.844117730972357,20260714_232744_front_fusion_tl_14,fps_5,fusion_tl_14,1006540,1,vehicle,0.16832874715328217,-16.317043899066395,29.38721644737949,1.1078831145962074,1.8506420800350167,5.479002475738525,2.0450992584228516,2.5541605949401855,10.97398975069102,350.2734375,198.88888888888889,311.7726116925478,173.468948536449,388.7742633074522,224.30882924132877,0.0009964567143470049,0.9995251893997192,
2026-07-14T23:28:04.761,19.844117730972357,20260714_232744_front_fusion_tl_14,fps_5,fusion_tl_14,1006540,2,vehicle,0.1141590029001236,-12.094229876144848,21.39630942126956,2.9280806628684033,32.70122099640988,3.8786778450012207,1.7259607315063477,2.000931739807129,11.37170734044825,120.09375000000001,110.0,83.9802229180932,81.57259345054626,156.2072770819068,138.42740654945374,0.41511988639831543,0.7923437356948853,
2026-07-14T23:28:04.761,19.844117730972357,20260714_232744_front_fusion_tl_14,fps_5,fusion_tl_14,1006540,3,vehicle,0.07423542439937592,-25.64043342712067,31.900406589983813,3.085771376863078,144.1866840614682,4.103025913238525,1.730444312095642,1.9594027996063232,10.464778161197442,733.90625,324.44444444444446,675.4696204662323,293.4770503309038,792.3428795337677,355.4118385579851,0.9087775945663452,0.8681565523147583,
2026-07-14T23:28:04.761,19.844117730972357,20260714_232744_front_fusion_tl_14,fps_5,fusion_tl_14,1006540,4,vehicle,0.07068700343370438,-21.777044458044326,22.427128875775107,5.344509084003688,-45.070743607128506,3.90592098236084,1.6090819835662842,1.813570261001587,1.474635167146125,127.87760416666667,182.22222222222223,89.07467599461476,126.25272048844232,166.6805323387186,238.19172395600214,0.9640902280807495,0.988247811794281,
2026-07-14T23:28:04.880,19.962312201969326,20260714_232744_front_fusion_tl_14,fps_5,fusion_tl_14,1006541,0,vehicle,0.14239275455474854,-19.085869220753096,31.735658394844307,1.323419002171761,176.26948237218815,4.631222248077393,1.849679946899414,1.9621509313583374,11.317765485853535,235.73958333333334,136.66666666666669,187.490916137894,116.68535033861797,283.9882505287727,156.6479829947154,0.11740681529045105,0.9993618130683899,
2026-07-14T23:28:04.880,19.962312201969326,20260714_232744_front_fusion_tl_14,fps_5,fusion_tl_14,1006541,1,vehicle,0.13499175012111664,-15.909055077473749,28.901237893945254,0.9946435524974735,-103.8327665953149,4.4767045974731445,1.8026727437973022,2.190427303314209,10.978141136962387,350.2734375,191.11111111111111,307.3919699266553,165.3292442030377,393.1549050733447,216.89297801918454,0.1436275690793991,0.9980429410934448,
2026-07-14T23:28:04.880,19.962312201969326,20260714_232744_front_fusion_tl_14,fps_5,fusion_tl_14,1006541,2,vehicle,0.07893680781126022,-12.201701117394329,21.54875198925957,2.918135527541752,77.00434301278099,3.732987880706787,1.667075753211975,1.9674136638641357,11.261057239582017,120.09375000000001,110.0,82.05199354887009,83.58705222606659,158.1355064511299,136.4129477739334,0.30545172095298767,0.8018622398376465,
2026-07-14T23:28:05.000,20.082762388978153,20260714_232744_front_fusion_tl_14,fps_5,fusion_tl_14,1006542,0,vehicle,0.25900161266326904,-20.035825381830893,31.761443900864744,1.4983114047466533,177.71673410436287,4.500790119171143,1.814247965812683,1.866990566253662,10.976436239988118,235.73958333333334,136.66666666666669,188.36666272332272,116.30554596583049,283.112503943344,157.02778736750287,0.1511429101228714,0.9997219443321228,
2026-07-14T23:28:05.000,20.082762388978153,20260714_232744_front_fusion_tl_14,fps_5,fusion_tl_14,1006542,1,vehicle,0.12907648086547852,-21.68711515024409,22.1485498968564,5.351434563748132,-76.60924320971776,4.505334854125977,1.8485660552978516,1.7592899799346924,1.5444948427832879,128.98958333333334,190.0,93.36236791809401,139.72458124160767,164.61679874857268,240.27541875839233,0.09861201792955399,0.992559552192688,
2026-07-14T23:28:05.000,20.082762388978153,20260714_232744_front_fusion_tl_14,fps_5,fusion_tl_14,1006542,2,vehicle,0.06481839716434479,-16.299139504439164,25.816030151438007,2.3514566850289813,-89.0327830188572,4.47288703918457,1.7748847007751465,2.068803071975708,8.459317010971175,350.2734375,191.11111111111111,309.96550768613815,162.21763498253293,390.58136731386185,220.0045872396893,0.07469704002141953,0.9992467164993286,
2026-07-14T23:28:05.112,20.194828666048124,20260714_232744_front_fusion_tl_14,fps_5,fusion_tl_14,1006543,0,vehicle,0.1790575385093689,-22.323372397045375,34.08270051759261,1.4309541843531086,-166.1662234819304,4.62675666809082,1.852809190750122,1.9300932884216309,12.744385408409931,235.73958333333334,136.66666666666669,189.6746531178554,117.2696856657664,281.8045135488113,156.06364766756695,0.2479085922241211,0.9994441866874695,
2026-07-14T23:28:05.112,20.194828666048124,20260714_232744_front_fusion_tl_14,fps_5,fusion_tl_14,1006543,1,vehicle,0.1045726090669632,-17.27217329281359,26.719236141582204,2.192092542004157,35.16447028948743,4.497417449951172,1.7155473232269287,2.0321407318115234,8.24827806634777,342.48958333333337,198.88888888888889,304.56781966735923,171.34125941329532,380.4113469993075,226.43651836448245,0.014042551629245281,0.9995598196983337,
2026-07-14T23:28:05.234,20.31717885704711,20260714_232744_front_fusion_tl_14,fps_5,fusion_tl_14,1006544,0,vehicle,0.24975311756134033,-21.96387036682872,32.48186052507958,1.8433739351319165,-171.4764460117141,4.191154956817627,1.7157005071640015,1.8282862901687622,11.136494230621562,235.73958333333334,136.66666666666669,195.8865361561378,114.81592575709026,275.5926305105289,158.5174075762431,0.3257809281349182,0.9996880292892456,
2026-07-14T23:28:05.234,20.31717885704711,20260714_232744_front_fusion_tl_14,fps_5,fusion_tl_14,1006544,1,vehicle,0.1562119573354721,-16.378167530630478,29.654207364929,0.8827528381686527,125.03485690703735,4.809360504150391,1.803690791130066,2.2494850158691406,11.218121444424304,350.2734375,198.88888888888889,312.7110381796956,176.36223488383823,387.8358368203044,221.41554289393954,0.0036184859927743673,0.9996531009674072,
2026-07-14T23:28:05.349,20.43221806595102,20260714_232744_front_fusion_tl_14,fps_5,fusion_tl_14,1006545,0,vehicle,0.2137773483991623,-21.76163586892167,32.925788718856666,1.5922231908776254,-177.9799603239967,4.232933044433594,1.7394955158233643,1.8453431129455566,11.660512527144418,235.73958333333334,136.66666666666669,194.2397491534551,115.94679156939189,277.2394175132116,157.38654176394147,0.4711322784423828,0.9995827078819275,
2026-07-14T23:28:05.349,20.43221806595102,20260714_232744_front_fusion_tl_14,fps_5,fusion_tl_14,1006545,1,vehicle,0.15875062346458435,-15.588456354025029,27.06649976785871,1.7088895331716687,-83.64157326378881,4.891716480255127,1.932985782623291,2.2894017696380615,9.862650799022935,350.2734375,191.11111111111111,311.271436534822,162.56102568573422,389.275438465178,219.661196536488,0.050437405705451965,0.9993568062782288,
2026-07-14T23:28:05.349,20.43221806595102,20260714_232744_front_fusion_tl_14,fps_5,fusion_tl_14,1006545,2,vehicle,0.06771055608987808,-13.456587591868574,20.983108642414436,3.4435781519151503,139.18542094852938,4.025089740753174,1.631711483001709,2.0886876583099365,9.969989627353995,118.98177083333334,102.22222222222223,77.09788465996584,68.57973588837518,160.86565700670084,135.86470855606927,0.9380214810371399,0.9798229336738586,
2026-07-14T23:28:05.476,20.55829705297947,20260714_232744_front_fusion_tl_14,fps_5,fusion_tl_14,1006546,0,vehicle,0.1924155056476593,-21.181001644221233,32.314864419918486,1.5096364558755369,-77.1599975144003,4.533324718475342,1.7556148767471313,1.858290433883667,11.21747814742146,243.52343750000003,136.66666666666669,198.61585212498903,115.38006762663524,288.43102287501097,157.95326570669812,0.5572084188461304,0.9999849796295166,
2026-07-14T23:28:05.476,20.55829705297947,20260714_232744_front_fusion_tl_14,fps_5,fusion_tl_14,1006546,1,vehicle,0.14290380477905273,-15.954724124565407,26.442455552064793,2.0075237759968063,-73.16656949291782,4.609358310699463,1.8664778470993042,2.1169257164001465,9.156675439178613,350.2734375,191.11111111111111,307.3808127641678,162.9861182636685,393.1660622358322,219.23610395855374,0.09429920464754105,0.9994101524353027,
2026-07-14T23:28:05.476,20.55829705297947,20260714_232744_front_fusion_tl_14,fps_5,fusion_tl_14,1006546,2,vehicle,0.11568451672792435,-9.973677733375409,23.634705696376287,1.4541695725079329,48.63501149363502,5.25895357131958,2.0261645317077637,2.544895648956299,13.881826422386093,145.66927083333334,92.22222222222223,88.30977991720042,55.2051485909356,203.02876174946627,129.23929585350885,0.20702090859413147,0.9734319448471069,
2026-07-14T23:28:05.603,20.684137520031072,20260714_232744_front_fusion_tl_14,fps_5,fusion_tl_14,1006547,0,vehicle,0.20839360356330872,-18.576439084544873,28.453611018166505,2.248301846701491,-160.85820651579098,3.962158203125,1.640271544456482,1.857196569442749,8.535303684290986,235.73958333333334,136.66666666666669,194.6507125919064,114.08509174982707,276.8284540747603,159.24824158350629,0.28647205233573914,0.9997506737709045,
2026-07-14T23:28:05.603,20.684137520031072,20260714_232744_front_fusion_tl_14,fps_5,fusion_tl_14,1006547,1,vehicle,0.1839468777179718,-11.33217910587977,24.015476022453367,1.7974864608457537,58.05542900079237,4.89406156539917,1.9460949897766113,2.5400028228759766,12.54304131917109,145.66927083333334,92.22222222222223,89.46397199233374,56.667889489067925,201.87456967433295,127.77655495537653,0.30434393882751465,0.9770441651344299,
2026-07-14T23:28:05.603,20.684137520031072,20260714_232744_front_fusion_tl_14,fps_5,fusion_tl_14,1006547,2,vehicle,0.17284174263477325,-17.64788842766563,26.61248991658761,2.288402794597241,84.13275819025503,4.837464332580566,1.8400790691375732,2.14870548248291,7.887858822532185,342.48958333333337,198.88888888888889,303.8380069856843,165.87744408183627,381.14115968098247,231.9003336959415,0.006434458773583174,0.9997914433479309,
2026-07-14T23:28:05.603,20.684137520031072,20260714_232744_front_fusion_tl_14,fps_5,fusion_tl_14,1006547,3,vehicle,0.07041414827108383,-12.128466518255452,20.0869771765352,3.248304937637739,118.41574852568762,4.396271228790283,1.7865281105041504,2.0231106281280518,11.429483746074048,120.09375000000001,102.22222222222223,71.6917107924819,68.70778454674615,168.4957892075181,135.7366598976983,0.9926992058753967,0.9765750765800476,
2026-07-14T23:28:05.737,20.819761713966727,20260714_232744_front_fusion_tl_14,fps_5,fusion_tl_14,1006548,0,vehicle,0.38519716262817383,-18.35414391521521,29.43042491157265,1.79717908504119,173.1202835513225,4.357259750366211,1.7395533323287964,1.9058738946914673,9.572190832924601,235.73958333333334,136.66666666666669,194.4661724244555,114.52905456225078,277.0129942422112,158.80427877108258,0.10605666786432266,0.9999544620513916,
2026-07-14T23:28:05.737,20.819761713966727,20260714_232744_front_fusion_tl_14,fps_5,fusion_tl_14,1006548,1,vehicle,0.13462288677692413,-12.368453542926279,24.027822036134342,2.142809955213444,58.81756528154792,4.650848388671875,1.8733769655227661,2.5248453617095947,11.465017061362229,145.66927083333334,92.22222222222223,98.49090225001177,57.26598991288079,192.8476394166549,127.17845453156366,0.3921332359313965,0.973605215549469,
2026-07-14T23:28:05.737,20.819761713966727,20260714_232744_front_fusion_tl_14,fps_5,fusion_tl_14,1006548,2,vehicle,0.12337390333414078,-16.870360202319155,27.830626728086855,1.7149145919723185,-97.86692113977547,4.122234344482422,1.7287614345550537,1.9339778423309326,9.375569161891086,350.2734375,191.11111111111111,311.52886889129877,167.7158362335629,389.01800610870123,214.50638598865933,0.20783895254135132,0.9965929388999939,
2026-07-14T23:28:05.737,20.819761713966727,20260714_232744_front_fusion_tl_14,fps_5,fusion_tl_14,1006548,3,vehicle,0.06590148061513901,-25.912974770131456,32.95900282687503,2.839133988058377,142.25508420765607,4.240423679351807,1.7868380546569824,2.0002598762512207,11.581406917926401,733.90625,324.44444444444446,673.158194899559,297.6192018058565,794.654305100441,351.2696870830324,0.8928689360618591,0.8913891911506653,
2026-07-14T23:28:05.861,20.944187646964565,20260714_232744_front_fusion_tl_14,fps_5,fusion_tl_14,1006549,0,vehicle,0.21281035244464874,-20.298719434681317,30.173585760265482,2.1266294323723933,-155.50574109647488,4.0958075523376465,1.6414450407028198,1.874517798423767,9.269736529332848,235.73958333333334,136.66666666666669,200.78272663553557,113.99240175882976,270.69644003113115,159.3409315745036,0.09927083551883698,0.9999675750732422,
2026-07-14T23:28:05.861,20.944187646964565,20260714_232744_front_fusion_tl_14,fps_5,fusion_tl_14,1006549,1,vehicle,0.11113372445106506,-16.51377395576523,28.650297273324533,1.4181842914106806,-38.43315778557113,4.675453186035156,1.8719305992126465,2.2160611152648926,10.24049977951446,341.3776041666667,191.11111111111111,304.8692242453496,168.03659088081784,377.8859840879838,214.1856313414044,0.04595588147640228,0.9984353184700012,
