wall_time_iso,elapsed_s,run_id,run_group,stream_id,frame_id,object_index,class_name,score,world_x,world_y,world_z,yaw_deg,length_m,width_m,height_m,distance_m,center_x_px,center_y_px,bbox_x1,bbox_y1,bbox_x2,bbox_y2,parked_score,radar_support_score,radar_support_count
2026-07-16T21:03:27.018,6.21093928697519,experiment3_centered_200k_15m_v1,experiment3_vehicle_lateral,fusion_ego_33,56543,0,vehicle,0.20197592675685883,-69.11080707982482,22.417802423273173,0.8054042628443092,86.36032086770128,4.819080829620361,1.8249237537384033,1.6132094860076904,16.50570567077117,633.3333333333334,353.33333333333337,603.834830125173,334.9049091835817,662.8318365414938,371.76175748308503,0.9029308557510376,0.9999992847442627,
2026-07-16T21:03:27.018,6.21093928697519,experiment3_centered_200k_15m_v1,experiment3_vehicle_lateral,fusion_ego_33,56543,1,vehicle,0.20115844905376434,-71.05592319506299,23.160926463016807,0.7876001581353727,-51.63968235873419,4.620946407318115,1.7746555805206299,1.4753241539001465,14.495669341624792,633.3333333333334,361.6666666666667,600.1066025098165,338.8390455643336,666.5600641568502,384.49428776899975,0.04894392564892769,0.9999991655349731,
2026-07-16T21:03:27.018,6.21093928697519,experiment3_centered_200k_15m_v1,experiment3_vehicle_lateral,fusion_ego_33,56543,2,vehicle,0.17167074978351593,-70.09017290542458,23.61345798983067,0.8492149214030851,-32.011101693325244,4.341896057128906,1.7100247144699097,1.593752384185791,15.422297873059387,641.6666666666667,353.33333333333337,613.9124218622844,331.311624844869,669.4209114710491,375.3550418217977,0.99298495054245,0.9999997615814209,
2026-07-16T21:03:27.018,6.21093928697519,experiment3_centered_200k_15m_v1,experiment3_vehicle_lateral,fusion_ego_33,56543,3,vehicle,0.12509192526340485,-72.54655506479577,24.05579644466707,0.8214970394494692,-45.13189416436882,4.520853519439697,1.7487099170684814,1.5541337728500366,12.953867910582781,641.6666666666667,361.6666666666667,608.3896676699321,336.9942356149356,674.9436656634014,386.3390977183978,0.4365968704223633,0.9999988079071045,
2026-07-16T21:03:27.283,6.472387372981757,experiment3_centered_200k_15m_v1,experiment3_vehicle_lateral,fusion_ego_33,56544,0,vehicle,0.2038751095533371,-69.39966411525972,22.715434698031093,0.8060131999400331,104.97037780514404,4.7991533279418945,1.8237500190734863,1.6032772064208984,16.184729424293366,633.3333333333334,353.33333333333337,602.7464969952902,334.6585643788179,663.9201696713766,372.0081022878488,0.9565163254737854,0.9999994039535522,
2026-07-16T21:03:27.283,6.472387372981757,experiment3_centered_200k_15m_v1,experiment3_vehicle_lateral,fusion_ego_33,56544,1,vehicle,0.19908124208450317,-71.29580118417036,23.116560747532006,0.7855198199658044,-45.83920653147555,4.5788350105285645,1.7735662460327148,1.4678535461425781,14.261316035958608,633.3333333333334,361.6666666666667,598.8303979237875,338.22091440359753,667.8362687428793,385.11241892973584,0.06615825742483139,0.9999991655349731,
2026-07-16T21:03:27.283,6.472387372981757,experiment3_centered_200k_15m_v1,experiment3_vehicle_lateral,fusion_ego_33,56544,2,vehicle,0.17868149280548096,-70.35046614302462,23.760376169615437,0.8387104219435095,-21.136816526920185,4.428053379058838,1.7408430576324463,1.5960314273834229,15.155760800547714,641.6666666666667,353.33333333333337,611.7880431811016,330.46561320622766,671.5452901522319,376.2010534604391,0.9954054355621338,0.9999997615814209,
2026-07-16T21:03:27.283,6.472387372981757,experiment3_centered_200k_15m_v1,experiment3_vehicle_lateral,fusion_ego_33,56544,3,vehicle,0.13226744532585144,-72.6632271968049,24.039535623760298,0.8248083887619952,-30.829831891779403,4.612478733062744,1.7893661260604858,1.565570592880249,12.83776693707516,641.6666666666667,361.6666666666667,606.0188619295757,335.64451853434247,677.3144714037578,387.6888147989909,0.3632911741733551,0.999998927116394,
2026-07-16T21:03:27.560,6.753414046950638,experiment3_centered_200k_15m_v1,experiment3_vehicle_lateral,fusion_ego_33,56545,0,vehicle,0.2678660452365875,-71.03522784067167,24.337791083464445,0.8951084510653424,-5.083837690323872,4.336862087249756,1.7173006534576416,1.6216474771499634,14.453736625864446,645.0,353.33333333333337,614.9621057510376,328.3077411850294,675.0378942489624,378.35892548163736,0.9990170001983643,1.0,
2026-07-16T21:03:27.560,6.753414046950638,experiment3_centered_200k_15m_v1,experiment3_vehicle_lateral,fusion_ego_33,56545,1,vehicle,0.22709526121616364,-69.36700690033848,23.266619877662187,0.8012129731542341,-46.657961161094526,4.817390441894531,1.8542048931121826,1.6157695055007935,16.167633173451385,636.6666666666667,353.33333333333337,606.1379424730937,331.17983450492227,667.1953908602397,375.4868321617445,0.998777449131012,0.9999996423721313,
2026-07-16T21:03:27.560,6.753414046950638,experiment3_centered_200k_15m_v1,experiment3_vehicle_lateral,fusion_ego_33,56545,2,vehicle,0.1784459948539734,-74.0469591894141,24.381298745270485,0.8965298784016846,-2.488679039667202,4.565025806427002,1.7973566055297852,1.6423754692077637,11.445777417427282,645.0,361.6666666666667,608.8911247253418,332.88049946228665,681.1088752746582,390.4528338710467,0.5703496336936951,0.9999986886978149,
2026-07-16T21:03:27.560,6.753414046950638,experiment3_centered_200k_15m_v1,experiment3_vehicle_lateral,fusion_ego_33,56545,3,vehicle,0.13046009838581085,-72.32582564636098,23.69099605407984,0.8013517196504583,-59.17164829381014,4.5158820152282715,1.7596601247787476,1.5143343210220337,13.19131986235215,636.6666666666667,361.6666666666667,603.6054340998332,336.26277844111127,669.7278992335002,387.0705548922221,0.3913431465625763,0.9999969005584717,
2026-07-16T21:03:27.820,7.013607652042992,experiment3_centered_200k_15m_v1,experiment3_vehicle_lateral,fusion_ego_33,56546,0,vehicle,0.2613002359867096,-70.88319301527366,24.401670610095078,0.8916625429080292,-4.961871406845588,4.3649067878723145,1.7312051057815552,1.6284898519515991,14.605400580734702,645.0,353.33333333333337,614.911961555481,329.1902550061544,675.088038444519,377.4764116605123,0.9982843995094299,0.9999998807907104,
2026-07-16T21:03:27.820,7.013607652042992,experiment3_centered_200k_15m_v1,experiment3_vehicle_lateral,fusion_ego_33,56546,1,vehicle,0.19953207671642303,-69.31062432736624,23.294113932469102,0.8196628690891767,-47.62025741069876,4.835485458374023,1.8706518411636353,1.6207000017166138,16.220956224282,636.6666666666667,353.33333333333337,605.9140936533611,331.55832236011827,667.4192396799724,375.1083443065485,0.9982118606567383,0.9999995231628418,
2026-07-16T21:03:27.820,7.013607652042992,experiment3_centered_200k_15m_v1,experiment3_vehicle_lateral,fusion_ego_33,56546,2,vehicle,0.18404148519039154,-73.92181596024862,24.493518838029825,0.8903253886129843,-6.0855112075926625,4.553537845611572,1.800069808959961,1.607132911682129,11.570918770992478,645.0,361.6666666666667,608.138415813446,334.10394618908566,681.861584186554,389.2293871442477,0.5397881269454956,0.9999985694885254,
2026-07-16T21:03:27.820,7.013607652042992,experiment3_centered_200k_15m_v1,experiment3_vehicle_lateral,fusion_ego_33,56546,3,vehicle,0.14805133640766144,-72.23569806530833,23.830167413216092,0.809929052580838,-55.0920850585248,4.539253234863281,1.7759392261505127,1.5113582611083984,13.273402339611396,636.6666666666667,361.6666666666667,603.4960905710857,336.7595503727595,669.8372427622478,386.57378296057385,0.42356956005096436,0.9999972581863403,
2026-07-16T21:03:28.109,7.305933124036528,experiment3_centered_200k_15m_v1,experiment3_vehicle_lateral,fusion_ego_33,56547,0,vehicle,0.2945852279663086,-70.98934305097704,24.3116853922705,0.8782914523521272,-8.207130597297615,4.299962043762207,1.711214542388916,1.617181420326233,14.50058799704957,645.0,353.33333333333337,614.9943113327026,329.0446164210638,675.0056886672974,377.62205024560296,0.9982908368110657,0.9999998807907104,
2026-07-16T21:03:28.109,7.305933124036528,experiment3_centered_200k_15m_v1,experiment3_vehicle_lateral,fusion_ego_33,56547,1,vehicle,0.20512057840824127,-69.31370736672116,23.22340561884023,0.8108378420038467,-45.0755151977658,4.864270210266113,1.8721823692321777,1.64194655418396,16.22349684089498,636.6666666666667,353.33333333333337,606.2029472986858,331.4911504586538,667.1303860346477,375.17551620801294,0.9979115128517151,0.9999996423721313,
2026-07-16T21:03:28.109,7.305933124036528,experiment3_centered_200k_15m_v1,experiment3_vehicle_lateral,fusion_ego_33,56547,2,vehicle,0.19086185097694397,-74.01264812489916,24.34664758896465,0.8973251284193144,-0.4417620918327007,4.54526424407959,1.7948155403137207,1.62336266040802,11.48025091281171,645.0,361.6666666666667,609.1721868515015,333.59457860390347,680.8278131484985,389.7387547294299,0.566784143447876,0.9999986886978149,
2026-07-16T21:03:28.109,7.305933124036528,experiment3_centered_200k_15m_v1,experiment3_vehicle_lateral,fusion_ego_33,56547,3,vehicle,0.1389940083026886,-72.21306754690686,23.611404567679934,0.8101293501361975,-55.7290651545407,4.539734840393066,1.7695178985595703,1.5303562879562378,13.307996894805024,636.6666666666667,361.6666666666667,604.5617977778118,336.5666566292445,668.7715355555217,386.76667670408887,0.3729003965854645,0.9999972581863403,
2026-07-16T21:03:28.381,7.577592859975994,experiment3_centered_200k_15m_v1,experiment3_vehicle_lateral,fusion_ego_33,56548,0,vehicle,0.31670305132865906,-70.8615564310285,24.313029774431612,0.8591846403243861,-4.327537545995376,4.307006359100342,1.7110868692398071,1.6207115650177002,14.629123114524777,645.0,353.33333333333337,614.7025084495544,328.9720921715101,675.2974915504456,377.69457449515664,0.9985945820808411,0.9999998807907104,
2026-07-16T21:03:28.381,7.577592859975994,experiment3_centered_200k_15m_v1,experiment3_vehicle_lateral,fusion_ego_33,56548,1,vehicle,0.2067321389913559,-69.25946262160736,23.191131282836476,0.8094238883152647,-36.40616922529544,4.832220554351807,1.8642810583114624,1.6358247995376587,16.28006228854027,636.6666666666667,353.33333333333337,606.0446039835613,331.43824656804406,667.2887293497722,375.2284200986227,0.9985935091972351,0.9999996423721313,
2026-07-16T21:03:28.381,7.577592859975994,experiment3_centered_200k_15m_v1,experiment3_vehicle_lateral,fusion_ego_33,56548,2,vehicle,0.19903291761875153,-73.96617534166703,24.365452150356546,0.9021843302221155,9.385078665449315,4.6015520095825195,1.816636562347412,1.6276934146881104,11.526205174697482,645.0,361.6666666666667,608.6543774604797,333.2954264680545,681.3456225395203,390.0379068652789,0.5363223552703857,0.9999988079071045,
2026-07-16T21:03:28.381,7.577592859975994,experiment3_centered_200k_15m_v1,experiment3_vehicle_lateral,fusion_ego_33,56548,3,vehicle,0.14679153263568878,-72.29475246844484,23.656488392199716,0.8256279846466072,-51.63257692706693,4.557968616485596,1.7781792879104614,1.5280319452285767,13.222942124578237,636.6666666666667,361.6666666666667,604.0769044558208,335.9052051107089,669.2564288775127,387.4281282226245,0.35443952679634094,0.999997615814209,
2026-07-16T21:03:28.609,7.80554223805666,experiment3_centered_200k_15m_v1,experiment3_vehicle_lateral,fusion_ego_33,56549,0,vehicle,0.32011598348617554,-70.93563425874453,24.24371522394987,0.8389070153461253,-7.141841897526228,4.333860397338867,1.7238726615905762,1.6173095703125,14.556963078218553,645.0,353.33333333333337,613.9302015304565,329.15166606505716,676.0697984695435,377.5150006016096,0.9987377524375916,0.9999998807907104,
2026-07-16T21:03:28.609,7.80554223805666,experiment3_centered_200k_15m_v1,experiment3_vehicle_lateral,fusion_ego_33,56549,1,vehicle,0.2169971764087677,-73.96181365214747,24.329882530496274,0.8818836057903012,-0.521358932437369,4.626956462860107,1.824212908744812,1.6181355714797974,11.532068456658271,645.0,361.6666666666667,608.3736991882324,333.61274788777035,681.6263008117676,389.720585445563,0.5192883014678955,0.9999986886978149,
2026-07-16T21:03:28.609,7.80554223805666,experiment3_centered_200k_15m_v1,experiment3_vehicle_lateral,fusion_ego_33,56549,2,vehicle,0.19409380853176117,-69.28052618274839,23.152573190624075,0.7865874047232146,-57.865531529778785,4.844096660614014,1.8632562160491943,1.6206340789794922,16.26319936740234,636.6666666666667,353.33333333333337,605.6601397196453,331.35890816648805,667.6731936136882,375.3077585001787,0.9986066222190857,0.9999995231628418,
2026-07-16T21:03:28.609,7.80554223805666,experiment3_centered_200k_15m_v1,experiment3_vehicle_lateral,fusion_ego_33,56549,3,vehicle,0.15834477543830872,-72.29275853294912,23.618051050931577,0.8085941331852347,-60.9443977540048,4.594999313354492,1.7863646745681763,1.5107800960540771,13.2282623230781,636.6666666666667,361.6666666666667,603.6915985743206,336.2891928354899,669.6417347590129,387.04414049784344,0.3588405251502991,0.9999980926513672,
2026-07-16T21:03:28.832,8.026073878980242,experiment3_centered_200k_15m_v1,experiment3_vehicle_lateral,fusion_ego_33,56550,0,vehicle,0.29510989785194397,-70.94647107326888,24.26331948268202,0.8495923648358339,0.06315624998473308,4.362995147705078,1.7316794395446777,1.6098251342773438,14.54534288481683,645.0,353.33333333333337,613.4760546684265,329.00539179643,676.5239453315735,377.66127487023675,0.99806147813797,0.9999998807907104,
2026-07-16T21:03:28.832,8.026073878980242,experiment3_centered_200k_15m_v1,experiment3_vehicle_lateral,fusion_ego_33,56550,1,vehicle,0.20914293825626373,-73.98853960914104,24.345482665368298,0.8859472306602112,5.342985428553529,4.646065711975098,1.8279725313186646,1.6180577278137207,11.504994527017656,645.0,361.6666666666667,608.0111527442932,333.33679149548215,681.9888472557068,389.9965418378512,0.46655943989753723,0.9999988079071045,
2026-07-16T21:03:28.832,8.026073878980242,experiment3_centered_200k_15m_v1,experiment3_vehicle_lateral,fusion_ego_33,56550,2,vehicle,0.20260654389858246,-69.27056660394217,23.144683319671174,0.8165180394943587,-41.16258039719021,4.88863468170166,1.8769241571426392,1.634185552597046,16.272343479205134,636.6666666666667,353.33333333333337,605.3612271944683,331.32209618886316,667.9721061388652,375.3445704778036,0.9981845021247864,0.9999996423721313,
2026-07-16T21:03:28.832,8.026073878980242,experiment3_centered_200k_15m_v1,experiment3_vehicle_lateral,fusion_ego_33,56550,3,vehicle,0.1471489518880844,-72.28142935585163,23.59088745733015,0.8118041105956078,-55.60678305154181,4.597506523132324,1.7861496210098267,1.5037968158721924,13.241107564203903,636.6666666666667,361.6666666666667,603.3605329195659,336.22237900892895,669.9728004137676,387.1109543244044,0.31695041060447693,0.9999982118606567,
2026-07-16T21:03:29.062,8.258814819040708,experiment3_centered_200k_15m_v1,experiment3_vehicle_lateral,fusion_ego_33,56551,0,vehicle,0.311074823141098,-70.87596431651589,24.251855907076582,0.8384813538938662,-3.9248930118219825,4.382006645202637,1.7379494905471802,1.6083776950836182,14.616459923726472,645.0,353.33333333333337,613.4840369224548,328.9476733406385,676.5159630775452,377.7189933260282,0.9983358979225159,1.0,
2026-07-16T21:03:29.062,8.258814819040708,experiment3_centered_200k_15m_v1,experiment3_vehicle_lateral,fusion_ego_33,56551,1,vehicle,0.2141854166984558,-73.9085286396228,24.34527742359455,0.8827377075213341,2.6881968494207134,4.693371295928955,1.8411067724227905,1.6193894147872925,11.58505397409776,645.0,361.6666666666667,608.3885836601257,333.294079999129,681.6114163398743,390.0392533342044,0.47501978278160095,0.999998927116394,
2026-07-16T21:03:29.062,8.258814819040708,experiment3_centered_200k_15m_v1,experiment3_vehicle_lateral,fusion_ego_33,56551,2,vehicle,0.2072903960943222,-69.17580940535319,23.082020540936938,0.81697141476416,-49.13244222174683,4.918585777282715,1.8829643726348877,1.6376750469207764,16.3718021412069,636.6666666666667,353.33333333333337,605.3325239817302,331.276591171821,668.0008093516033,375.39007549484575,0.998594343662262,0.9999996423721313,
2026-07-16T21:03:29.062,8.258814819040708,experiment3_centered_200k_15m_v1,experiment3_vehicle_lateral,fusion_ego_33,56551,3,vehicle,0.15131939947605133,-72.18057360537553,23.533783268405415,0.8100911455387876,-57.25961507030497,4.6308770179748535,1.7933655977249146,1.5030155181884766,13.345495764037247,636.6666666666667,361.6666666666667,603.4764377276103,336.12461785475415,669.8568956057231,387.2087154785792,0.34613940119743347,0.9999985694885254,
2026-07-16T21:03:29.321,8.516986430971883,experiment3_centered_200k_15m_v1,experiment3_vehicle_lateral,fusion_ego_33,56552,0,vehicle,0.30912768840789795,-70.92150073470376,24.25040136101391,0.8232450268803464,0.46849047101349095,4.392314910888672,1.7393349409103394,1.6013296842575073,14.57177219085346,645.0,353.33333333333337,613.1393909454346,329.29509719212854,676.8606090545654,377.3715694745382,0.9965935349464417,0.9999998807907104,
2026-07-16T21:03:29.321,8.516986430971883,experiment3_centered_200k_15m_v1,experiment3_vehicle_lateral,fusion_ego_33,56552,1,vehicle,0.21622473001480103,-73.94973815321595,24.325371907327753,0.8811347064469195,8.450320896796745,4.6783318519592285,1.8402321338653564,1.6169068813323975,11.544215295926257,645.0,361.6666666666667,607.9743075370789,333.2988731066386,682.0256924629211,390.03446022669476,0.3655600845813751,0.9999988079071045,
2026-07-16T21:03:29.321,8.516986430971883,experiment3_centered_200k_15m_v1,experiment3_vehicle_lateral,fusion_ego_33,56552,2,vehicle,0.1970934122800827,-69.16970523855397,23.116975689937316,0.8136844411013984,-54.65893010905886,4.923019886016846,1.8822481632232666,1.6489431858062744,16.3751406230949,636.6666666666667,353.33333333333337,605.0538937250774,331.1740570267042,668.2794396082561,375.49260963996255,0.9975637197494507,0.9999996423721313,
2026-07-16T21:03:29.321,8.516986430971883,experiment3_centered_200k_15m_v1,experiment3_vehicle_lateral,fusion_ego_33,56552,3,vehicle,0.14929045736789703,-72.22919437797025,23.52666030892936,0.8165279272768553,-61.646462950039535,4.611566543579102,1.7885288000106812,1.5082803964614868,13.297199367504701,636.6666666666667,361.6666666666667,603.3157936731975,335.93860397736233,670.017539660136,387.39472935597104,0.3052257001399994,0.9999984502792358,
2026-07-16T21:03:29.594,8.790182141005062,experiment3_centered_200k_15m_v1,experiment3_vehicle_lateral,fusion_ego_33,56553,0,vehicle,0.29104357957839966,-70.91819735171654,24.158868528149746,0.8375599231372886,2.2961950380512723,4.367466926574707,1.7311639785766602,1.6115202903747559,14.575907189895121,645.0,353.33333333333337,613.3611750602722,329.14069583018625,676.6388249397278,377.5259708364805,0.995629072189331,0.9999998807907104,
2026-07-16T21:03:29.594,8.790182141005062,experiment3_centered_200k_15m_v1,experiment3_vehicle_lateral,fusion_ego_33,56553,1,vehicle,0.20770597457885742,-73.96617174724773,24.300947571142427,0.886743941594887,12.40318820759354,4.658106327056885,1.8334482908248901,1.6202625036239624,11.52777580330169,645.0,361.6666666666667,608.2755827903748,333.5601122180621,681.7244172096252,389.77322111527127,0.34284645318984985,0.9999985694885254,
2026-07-16T21:03:29.594,8.790182141005062,experiment3_centered_200k_15m_v1,experiment3_vehicle_lateral,fusion_ego_33,56553,2,vehicle,0.20692069828510284,-69.11355472017509,23.058050691123473,0.8267952174758249,-45.42089032054962,4.924794673919678,1.8851796388626099,1.6543588638305664,16.435346410486282,636.6666666666667,353.33333333333337,605.002628962199,331.0155679782232,668.3307043711345,375.65109868844354,0.9973505735397339,0.9999996423721313,
2026-07-16T21:03:29.594,8.790182141005062,experiment3_centered_200k_15m_v1,experiment3_vehicle_lateral,fusion_ego_33,56553,3,vehicle,0.1464143842458725,-72.20601115015953,23.470063590305774,0.8231327884186643,-57.45083001765255,4.600705146789551,1.7867240905761719,1.512571096420288,13.323974431240973,636.6666666666667,361.6666666666667,603.4506408373516,335.92340389887494,669.8826924959819,387.40992943445843,0.30015572905540466,0.9999982118606567,
2026-07-16T21:03:29.828,9.024081091047265,experiment3_centered_200k_15m_v1,experiment3_vehicle_lateral,fusion_ego_33,56554,0,vehicle,0.27725228667259216,-70.81098850314534,24.26045220161296,0.8438712304683504,5.2973280151022974,4.410909652709961,1.7464357614517212,1.6166061162948608,14.680968773722903,645.0,353.33333333333337,612.8262400627136,329.03189470370614,677.1737599372864,377.6347719629606,0.9949533343315125,0.9999998807907104,
2026-07-16T21:03:29.828,9.024081091047265,experiment3_centered_200k_15m_v1,experiment3_vehicle_lateral,fusion_ego_33,56554,1,vehicle,0.20817486941814423,-69.09365000713645,23.083983736208175,0.8384439566856139,-44.33533556479572,4.913992404937744,1.8875925540924072,1.6512207984924316,16.452463007606152,636.6666666666667,353.33333333333337,604.6114150683086,330.8985230823358,668.7219182650249,375.7681435843309,0.9959037899971008,0.9999994039535522,
2026-07-16T21:03:29.828,9.024081091047265,experiment3_centered_200k_15m_v1,experiment3_vehicle_lateral,fusion_ego_33,56554,2,vehicle,0.19433167576789856,-73.86926088510687,24.34092629122844,0.8892683927653895,18.57427299207188,4.679194450378418,1.8372175693511963,1.6393693685531616,11.623911574165442,645.0,361.6666666666667,608.0488038063049,333.3957142631213,681.9511961936951,389.93761907021207,0.3014482259750366,0.9999984502792358,
2026-07-16T21:03:29.828,9.024081091047265,experiment3_centered_200k_15m_v1,experiment3_vehicle_lateral,fusion_ego_33,56554,3,vehicle,0.15046997368335724,-72.18596608186107,23.481555411707838,0.8311838145841004,-55.843268536585114,4.60475492477417,1.7917122840881348,1.5271894931793213,13.342647244282402,636.6666666666667,361.6666666666667,603.3684770266216,335.7067913810412,669.9648563067119,387.62654195229214,0.26243239641189575,0.9999979734420776,
2026-07-16T21:03:30.057,9.251837710966356,experiment3_centered_200k_15m_v1,experiment3_vehicle_lateral,fusion_ego_33,56555,0,vehicle,0.29836368560791016,-70.814625916499,24.26389901824946,0.8384631256284696,6.582656883408223,4.4561309814453125,1.757190465927124,1.6259193420410156,14.67755807572062,645.0,353.33333333333337,612.5382471084595,328.6816572149595,677.4617528915405,377.98500945170724,0.9961645603179932,0.9999998807907104,
2026-07-16T21:03:30.057,9.251837710966356,experiment3_centered_200k_15m_v1,experiment3_vehicle_lateral,fusion_ego_33,56555,1,vehicle,0.21899168193340302,-69.15964992243467,23.106945907295938,0.8381510364353231,-39.52489740372488,4.943899631500244,1.895129680633545,1.6516519784927368,16.384868733795717,636.6666666666667,353.33333333333337,604.2623225847881,330.81299682458246,669.0710107485454,375.8536698420843,0.9970715045928955,0.9999996423721313,
2026-07-16T21:03:30.057,9.251837710966356,experiment3_centered_200k_15m_v1,experiment3_vehicle_lateral,fusion_ego_33,56555,2,vehicle,0.1992027908563614,-73.86428265514232,24.337292749870315,0.8903458397397126,17.718262462121427,4.70587158203125,1.8459101915359497,1.6484884023666382,11.628854076661817,645.0,361.6666666666667,607.8177428245544,333.0530647436778,682.1822571754456,390.2802685896556,0.31296205520629883,0.9999985694885254,
2026-07-16T21:03:30.057,9.251837710966356,experiment3_centered_200k_15m_v1,experiment3_vehicle_lateral,fusion_ego_33,56555,3,vehicle,0.15591606497764587,-72.21060557292824,23.453456328714314,0.8288703080639555,-53.84271541043846,4.622130870819092,1.8004872798919678,1.530574917793274,13.320316803566836,636.6666666666667,361.6666666666667,603.1365935007732,335.3660140434901,670.1967398325603,387.96731928984326,0.28668487071990967,0.9999983310699463,
2026-07-16T21:03:30.275,9.471653408952989,experiment3_centered_200k_15m_v1,experiment3_vehicle_lateral,fusion_ego_33,56556,0,vehicle,0.3142506182193756,-70.80357267889804,24.190915296117524,0.8366756077868407,4.962427817012054,4.473261833190918,1.7578766345977783,1.625797152519226,14.689804743377232,645.0,353.33333333333337,612.8513097763062,328.59593381484353,677.1486902236938,378.0707328518232,0.9956389665603638,1.0,
2026-07-16T21:03:30.275,9.471653408952989,experiment3_centered_200k_15m_v1,experiment3_vehicle_lateral,fusion_ego_33,56556,1,vehicle,0.22815477848052979,-69.13464544961536,23.03948899098753,0.8270726558629562,-40.55257315285104,4.950462818145752,1.8879356384277344,1.6589223146438599,16.415928282157413,636.6666666666667,353.33333333333337,604.6370760599773,330.7262461384138,668.6962572733562,375.94042052825296,0.9973299503326416,0.9999997615814209,
2026-07-16T21:03:30.275,9.471653408952989,experiment3_centered_200k_15m_v1,experiment3_vehicle_lateral,fusion_ego_33,56556,2,vehicle,0.2077481746673584,-73.85218266172122,24.28082796018865,0.8872348060315063,12.04891195639687,4.720265865325928,1.8453776836395264,1.650649070739746,11.641810533455885,645.0,361.6666666666667,608.0252432823181,332.8421599666278,681.9747567176819,390.4911733667056,0.2775445282459259,0.9999988079071045,
2026-07-16T21:03:30.275,9.471653408952989,experiment3_centered_200k_15m_v1,experiment3_vehicle_lateral,fusion_ego_33,56556,3,vehicle,0.15497730672359467,-72.20381283604901,23.43866516849211,0.8259334878776614,-55.30904309228937,4.627956390380859,1.7971991300582886,1.5285567045211792,13.32835973015528,636.6666666666667,361.6666666666667,603.1001035372417,335.39780626694363,670.2332297960918,387.93552706638974,0.2791089713573456,0.9999984502792358,
2026-07-16T21:03:30.502,9.696251609013416,experiment3_centered_200k_15m_v1,experiment3_vehicle_lateral,fusion_ego_33,56557,0,vehicle,0.2926574945449829,-70.81494097630852,24.124721546812673,0.8412123432605023,5.998038684632448,4.426316261291504,1.7466621398925781,1.618540644645691,14.679557542058012,645.0,353.33333333333337,612.888388633728,328.7164213260015,677.111611366272,377.9502453406652,0.9963380098342896,0.9999998807907104,
2026-07-16T21:03:30.502,9.696251609013416,experiment3_centered_200k_15m_v1,experiment3_vehicle_lateral,fusion_ego_33,56557,1,vehicle,0.22114084661006927,-69.15622488579294,22.99054956071272,0.8250671383101191,-41.53745863773573,4.9390082359313965,1.8872706890106201,1.6502583026885986,16.398832455485778,636.6666666666667,353.33333333333337,604.4557897249858,330.7836668690046,668.8775436083477,375.88299979766214,0.9977032542228699,0.9999997615814209,
2026-07-16T21:03:30.502,9.696251609013416,experiment3_centered_200k_15m_v1,experiment3_vehicle_lateral,fusion_ego_33,56557,2,vehicle,0.203670933842659,-73.8249333813245,24.214195920946683,0.8877023511790627,24.81059412387521,4.695037364959717,1.8402540683746338,1.6493653059005737,11.67015514729168,645.0,361.6666666666667,608.0724835395813,332.78225282828015,681.9275164604187,390.5510805050532,0.28147974610328674,0.9999985694885254,
2026-07-16T21:03:30.502,9.696251609013416,experiment3_centered_200k_15m_v1,experiment3_vehicle_lateral,fusion_ego_33,56557,3,vehicle,0.15545189380645752,-72.194296812799,23.395940423316155,0.8287039421201812,-52.2127041446418,4.614654064178467,1.7963472604751587,1.5283793210983276,13.340996536049547,636.6666666666667,361.6666666666667,603.1781832377117,335.27322838703793,670.1551500956218,388.06010494629544,0.2881469428539276,0.9999984502792358,
2026-07-16T21:03:30.721,9.915728327003308,experiment3_centered_200k_15m_v1,experiment3_vehicle_lateral,fusion_ego_33,56558,0,vehicle,0.30986541509628296,-70.69502499721257,24.085675518553494,0.8245054139177534,1.3192390401847474,4.466757297515869,1.7575674057006836,1.6195273399353027,14.801042454405332,645.0,353.33333333333337,612.5333309173584,328.912635644277,677.4666690826416,377.75403102238977,0.9963751435279846,1.0,
2026-07-16T21:03:30.721,9.915728327003308,experiment3_centered_200k_15m_v1,experiment3_vehicle_lateral,fusion_ego_33,56558,1,vehicle,0.21290861070156097,-73.75616013343588,24.198627794423913,0.8889618819130518,12.243437777832458,4.73873233795166,1.8521556854248047,1.652475357055664,11.739052813985303,645.0,361.6666666666667,607.9262971878052,332.94097522894543,682.0737028121948,390.39235810438794,0.31112363934516907,0.9999988079071045,
2026-07-16T21:03:30.721,9.915728327003308,experiment3_centered_200k_15m_v1,experiment3_vehicle_lateral,fusion_ego_33,56558,2,vehicle,0.21271120011806488,-69.11196637297326,23.034351560478076,0.8278987918355758,-50.034095350815015,4.96642541885376,1.8964810371398926,1.6624077558517456,16.43890568280264,636.6666666666667,353.33333333333337,604.2578927675884,330.70554753144586,669.0754405657451,375.9611191352209,0.9970117807388306,0.9999996423721313,
2026-07-16T21:03:30.721,9.915728327003308,experiment3_centered_200k_15m_v1,experiment3_vehicle_lateral,fusion_ego_33,56558,3,vehicle,0.16099156439304352,-72.18300371596288,23.36373736646058,0.8374811582403869,-55.30726956895251,4.635105133056641,1.8039966821670532,1.5355730056762695,13.3543430752923,636.6666666666667,361.6666666666667,603.0929915110271,335.04880795876187,670.2403418223064,388.2845253745715,0.2957818806171417,0.9999984502792358,
2026-07-16T21:03:30.947,10.140843056025915,experiment3_centered_200k_15m_v1,experiment3_vehicle_lateral,fusion_ego_33,56559,0,vehicle,0.31139642000198364,-70.71783057278525,24.019727682229387,0.8250089943008756,2.4673734686167954,4.466646194458008,1.7575106620788574,1.6209555864334106,14.780032158580884,645.0,353.33333333333337,612.4367046356201,328.806916375955,677.5632953643799,377.85975029071176,0.9955180287361145,1.0,
2026-07-16T21:03:30.947,10.140843056025915,experiment3_centered_200k_15m_v1,experiment3_vehicle_lateral,fusion_ego_33,56559,1,vehicle,0.21747829020023346,-69.1064290547966,22.993263930862522,0.8173610929664923,-49.63836181539793,4.956637859344482,1.892741322517395,1.6469072103500366,16.448487231538266,636.6666666666667,353.33333333333337,604.1910163561504,330.847947349151,669.1423169771831,375.81871931751573,0.9974013566970825,0.9999996423721313,
2026-07-16T21:03:30.947,10.140843056025915,experiment3_centered_200k_15m_v1,experiment3_vehicle_lateral,fusion_ego_33,56559,2,vehicle,0.21311229467391968,-73.8264749459756,24.1371040740831,0.8974975702312085,7.03614667622915,4.735527515411377,1.8533955812454224,1.6557414531707764,11.669882265318655,645.0,361.6666666666667,607.9165554046631,332.6794920365016,682.0834445953369,390.6538412968318,0.2847711741924286,0.9999986886978149,
2026-07-16T21:03:30.947,10.140843056025915,experiment3_centered_200k_15m_v1,experiment3_vehicle_lateral,fusion_ego_33,56559,3,vehicle,0.15823623538017273,-72.25551028358386,23.32171475230683,0.836193841818426,-56.934974978273495,4.633330345153809,1.8036842346191406,1.5312864780426025,13.285769803973503,636.6666666666667,361.6666666666667,603.1105677286785,334.9236936370532,670.222765604655,388.4096396962802,0.30676665902137756,0.9999984502792358,
2026-07-16T21:03:31.185,10.381811585044488,experiment3_centered_200k_15m_v1,experiment3_vehicle_lateral,fusion_ego_33,56560,0,vehicle,0.33968237042427063,-70.7337334782323,23.9079338136037,0.81689019165161,0.5660679286805467,4.440201282501221,1.7555630207061768,1.6157023906707764,14.768266390388689,645.0,353.33333333333337,612.1858811378479,328.9918305476507,677.8141188621521,377.67483611901605,0.9967294931411743,1.0,
2026-07-16T21:03:31.185,10.381811585044488,experiment3_centered_200k_15m_v1,experiment3_vehicle_lateral,fusion_ego_33,56560,1,vehicle,0.24241779744625092,-73.79787916382185,24.014160177275333,0.8843082441575356,22.693827470802216,4.745609283447266,1.8650394678115845,1.633204698562622,11.70314280113515,645.0,361.6666666666667,607.5362372398376,332.9348624746005,682.4637627601624,390.3984708587329,0.2754547894001007,0.9999986886978149,
2026-07-16T21:03:31.185,10.381811585044488,experiment3_centered_200k_15m_v1,experiment3_vehicle_lateral,fusion_ego_33,56560,2,vehicle,0.20126469433307648,-69.0992071781311,22.88257984141869,0.7989308033843479,-52.01726634589592,4.99395751953125,1.8971827030181885,1.6514618396759033,16.46670592450411,636.6666666666667,353.33333333333337,604.1169325510662,330.831648906072,669.2164007822673,375.8350177605947,0.997855007648468,0.9999996423721313,
2026-07-16T21:03:31.185,10.381811585044488,experiment3_centered_200k_15m_v1,experiment3_vehicle_lateral,fusion_ego_33,56560,3,vehicle,0.16207551956176758,-72.19550783430651,23.130615252570426,0.8195906371133694,-58.056182122871554,4.648906230926514,1.804984211921692,1.514959692955017,13.363932771128187,636.6666666666667,361.6666666666667,602.6239887873332,335.3851381937663,670.7093445460002,387.9481951395671,0.29334285855293274,0.9999986886978149,
2026-07-16T21:03:31.416,10.610494349035434,experiment3_centered_200k_15m_v1,experiment3_vehicle_lateral,fusion_ego_33,56561,0,vehicle,0.32321250438690186,-70.71026705474075,24.119239253958852,0.8210769524813637,5.062802266827412,4.4665703773498535,1.7622706890106201,1.6052531003952026,14.785201282793142,645.0,353.33333333333337,612.1842908859253,329.1757040222486,677.8157091140747,377.4909626444181,0.9949185252189636,1.0,
2026-07-16T21:03:31.416,10.610494349035434,experiment3_centered_200k_15m_v1,experiment3_vehicle_lateral,fusion_ego_33,56561,1,vehicle,0.22679409384727478,-73.78309562757129,24.173587608739915,0.8816725298022094,15.689452159610525,4.748809814453125,1.8611798286437988,1.6387238502502441,11.713161481712536,645.0,361.6666666666667,607.9530024528503,333.0601967374484,682.0469975471497,390.273136595885,0.2515583634376526,0.9999986886978149,
2026-07-16T21:03:31.416,10.610494349035434,experiment3_centered_200k_15m_v1,experiment3_vehicle_lateral,fusion_ego_33,56561,2,vehicle,0.20481769740581512,-69.0337355137773,23.046916325498223,0.8130789199113289,-52.171294941174956,5.0144219398498535,1.9047611951828003,1.6519817113876343,16.51636149743367,636.6666666666667,353.33333333333337,604.1843501726787,331.0241242249807,669.1489831606548,375.64254244168603,0.9969024062156677,0.9999996423721313,
2026-07-16T21:03:31.416,10.610494349035434,experiment3_centered_200k_15m_v1,experiment3_vehicle_lateral,fusion_ego_33,56561,3,vehicle,0.15285874903202057,-72.15294977322229,23.3476943713615,0.8244377003582004,-60.67534155840537,4.668333053588867,1.8067948818206787,1.5210225582122803,13.386282669143963,636.6666666666667,361.6666666666667,603.0118076006572,335.4555193583171,670.3215257326763,387.8778139750163,0.2811070680618286,0.9999985694885254,
2026-07-16T21:03:31.665,10.861707482952625,experiment3_centered_200k_15m_v1,experiment3_vehicle_lateral,fusion_ego_33,56562,0,vehicle,0.3138353228569031,-70.6685834957946,23.99484585703877,0.8149593092030911,4.506941821078404,4.4438090324401855,1.7508211135864258,1.6024316549301147,14.83044884084197,645.0,353.33333333333337,612.566192150116,329.1695537169775,677.433807849884,377.49711294968927,0.99577796459198,1.0,
2026-07-16T21:03:31.665,10.861707482952625,experiment3_centered_200k_15m_v1,experiment3_vehicle_lateral,fusion_ego_33,56562,1,vehicle,0.22265274822711945,-73.74868187479431,24.099410158299776,0.8794068944593425,18.95929401289648,4.759223937988281,1.8612746000289917,1.6374303102493286,11.749635418590257,645.0,361.6666666666667,608.1329011917114,332.83659170071286,681.8670988082886,390.4967416326205,0.2746899425983429,0.9999986886978149,
2026-07-16T21:03:31.665,10.861707482952625,experiment3_centered_200k_15m_v1,experiment3_vehicle_lateral,fusion_ego_33,56562,2,vehicle,0.21808503568172455,-69.00276118266464,22.961701194492743,0.8095176211793493,-50.875977994086064,5.009605884552002,1.9030135869979858,1.6517447233200073,16.554810880565974,636.6666666666667,353.33333333333337,604.1064445177715,331.0107788940271,669.226888815562,375.65588777263963,0.9973594546318054,0.9999997615814209,
2026-07-16T21:03:31.665,10.861707482952625,experiment3_centered_200k_15m_v1,experiment3_vehicle_lateral,fusion_ego_33,56562,3,vehicle,0.1548067182302475,-72.13259367442421,23.28719278728864,0.8191157737560446,-59.375679698004326,4.667559623718262,1.8065145015716553,1.5195392370224,13.411955358691005,636.6666666666667,361.6666666666667,602.9791895548503,335.3298980991046,670.3541437784831,388.0034352342288,0.295911967754364,0.9999985694885254,
2026-07-16T21:03:31.958,11.154161695041694,experiment3_centered_200k_15m_v1,experiment3_vehicle_lateral,fusion_ego_33,56563,0,vehicle,0.31363844871520996,-70.69400491436255,23.969332269788083,0.818235119332893,6.926793069175178,4.4698638916015625,1.7565916776657104,1.6094049215316772,14.805717536006812,645.0,353.33333333333337,612.3933267593384,328.81614853938424,677.6066732406616,377.8505181272825,0.994750440120697,1.0,
2026-07-16T21:03:31.958,11.154161695041694,experiment3_centered_200k_15m_v1,experiment3_vehicle_lateral,fusion_ego_33,56563,1,vehicle,0.227350115776062,-69.08847355755064,22.9926516860676,0.8180781471269889,-54.476932803076394,5.017096042633057,1.9064147472381592,1.650719404220581,16.466375100137615,636.6666666666667,353.33333333333337,603.8990871111553,330.88601325949037,669.4342462221782,375.7806534071764,0.9972379207611084,0.9999997615814209,
2026-07-16T21:03:31.958,11.154161695041694,experiment3_centered_200k_15m_v1,experiment3_vehicle_lateral,fusion_ego_33,56563,2,vehicle,0.21478168666362762,-73.79537279699724,24.106181580152068,0.8822547593387577,26.27197512059149,4.770540714263916,1.8641321659088135,1.6469331979751587,11.702676647715094,645.0,361.6666666666667,608.1346487998962,332.468308309714,681.8653512001038,390.86502502361935,0.25436973571777344,0.9999986886978149,
2026-07-16T21:03:31.958,11.154161695041694,experiment3_centered_200k_15m_v1,experiment3_vehicle_lateral,fusion_ego_33,56563,3,vehicle,0.14911983907222748,-72.1938291382367,23.30527302928747,0.8206132632074934,-61.28401875383716,4.666084289550781,1.804429531097412,1.5186467170715332,13.349398406273373,636.6666666666667,361.6666666666667,603.0253330866497,335.2200053135554,670.3080002466838,388.11332801977795,0.2939283847808838,0.9999986886978149,
2026-07-16T21:03:32.184,11.380279746023007,experiment3_centered_200k_15m_v1,experiment3_vehicle_lateral,fusion_ego_33,56564,0,vehicle,0.31879013776779175,-70.74041111889179,24.04280223825189,0.8221490073745388,8.58611765050861,4.450202465057373,1.7518625259399414,1.6159956455230713,14.756974460738117,645.0,353.33333333333337,612.8352952003479,328.75253995259607,677.1647047996521,377.9141267140707,0.9923364520072937,1.0,
2026-07-16T21:03:32.184,11.380279746023007,experiment3_centered_200k_15m_v1,experiment3_vehicle_lateral,fusion_ego_33,56564,1,vehicle,0.21700671315193176,-73.81822238452617,24.138666277987568,0.886944115056572,10.262360891788303,4.764842510223389,1.864829659461975,1.6498230695724487,11.678684270456788,645.0,361.6666666666667,608.4055685997009,332.8935698668162,681.5944314002991,390.43976346651715,0.23546922206878662,0.9999985694885254,
2026-07-16T21:03:32.184,11.380279746023007,experiment3_centered_200k_15m_v1,experiment3_vehicle_lateral,fusion_ego_33,56564,2,vehicle,0.2144286036491394,-69.09906424194068,23.026435475522753,0.8134663355051011,-58.85251561948965,5.005510330200195,1.905667781829834,1.646108627319336,16.453084101560055,636.6666666666667,353.33333333333337,604.0117232004802,330.9266715248426,669.3216101328533,375.7399951418241,0.9973437190055847,0.9999997615814209,
2026-07-16T21:03:32.184,11.380279746023007,experiment3_centered_200k_15m_v1,experiment3_vehicle_lateral,fusion_ego_33,56564,3,vehicle,0.1392854005098343,-72.20193279084305,23.329525156830446,0.8279626378983329,-65.22447639999369,4.669081687927246,1.8044477701187134,1.5178247690200806,13.338865331419898,636.6666666666667,361.6666666666667,603.3724252382915,335.4293356339137,669.960908095042,387.9039976994197,0.298065185546875,0.9999985694885254,
2026-07-16T21:03:32.415,11.611003090045415,experiment3_centered_200k_15m_v1,experiment3_vehicle_lateral,fusion_ego_33,56565,0,vehicle,0.3141598105430603,-70.67523657327673,24.052426924042607,0.8229679341123535,7.4682981834741025,4.457474708557129,1.7544916868209839,1.6192466020584106,14.821737577331541,645.0,353.33333333333337,612.9939389228821,328.835371931394,677.0060610771179,377.83129473527276,0.9936283230781555,0.9999998807907104,
2026-07-16T21:03:32.415,11.611003090045415,experiment3_centered_200k_15m_v1,experiment3_vehicle_lateral,fusion_ego_33,56565,1,vehicle,0.22211958467960358,-73.76466317702922,24.139866180721626,0.8861026042781224,17.042211113550227,4.769160270690918,1.866825819015503,1.6469160318374634,11.732150819501744,645.0,361.6666666666667,608.4605193138123,332.9619018236796,681.5394806861877,390.37143150965375,0.24865591526031494,0.9999983310699463,
2026-07-16T21:03:32.415,11.611003090045415,experiment3_centered_200k_15m_v1,experiment3_vehicle_lateral,fusion_ego_33,56565,2,vehicle,0.20603419840335846,-69.12003144417972,23.00003599792932,0.8101257749379784,-54.281483772846286,4.991530895233154,1.9020813703536987,1.6384977102279663,16.434683482123752,636.6666666666667,353.33333333333337,604.0420858065288,330.8632506926855,669.2912475268047,375.80341597398126,0.9974802136421204,0.9999996423721313,
2026-07-16T21:03:32.415,11.611003090045415,experiment3_centered_200k_15m_v1,experiment3_vehicle_lateral,fusion_ego_33,56565,3,vehicle,0.14454154670238495,-72.22602084098004,23.320991239921515,0.8259548358287674,-63.55246657246292,4.660600662231445,1.802507996559143,1.5147573947906494,13.315733883398067,636.6666666666667,361.6666666666667,603.3477870623271,335.36494115988415,669.9855462710063,387.9683921734492,0.3196258246898651,0.9999984502792358,
2026-07-16T21:03:32.666,11.861256344942376,experiment3_centered_200k_15m_v1,experiment3_vehicle_lateral,fusion_ego_33,56566,0,vehicle,0.3277975618839264,-70.71956086719403,24.02709719044876,0.8173203588773033,3.28188707900595,4.47289514541626,1.762826681137085,1.6199556589126587,14.778477761735452,645.0,353.33333333333337,612.7223443984985,328.75932862361276,677.2776556015015,377.907338043054,0.9958488941192627,0.9999998807907104,
2026-07-16T21:03:32.666,11.861256344942376,experiment3_centered_200k_15m_v1,experiment3_vehicle_lateral,fusion_ego_33,56566,1,vehicle,0.2366030514240265,-73.734172599863,24.07886858745141,0.8808528877523067,14.465237371688557,4.787834167480469,1.8748984336853027,1.6423230171203613,11.76466403562713,645.0,361.6666666666667,608.2068204879761,332.9324833552043,681.7931795120239,390.4008499781291,0.2876942455768585,0.9999984502792358,
2026-07-16T21:03:32.666,11.861256344942376,experiment3_centered_200k_15m_v1,experiment3_vehicle_lateral,fusion_ego_33,56566,2,vehicle,0.20590654015541077,-69.13812639305397,22.983240799279148,0.8052416232499384,-57.34005217377225,4.999630451202393,1.9030007123947144,1.6431844234466553,16.418398637241797,636.6666666666667,353.33333333333337,604.1617957750957,330.7485487063726,669.1715375582378,375.9181179602941,0.9982491731643677,0.9999996423721313,
2026-07-16T21:03:32.666,11.861256344942376,experiment3_centered_200k_15m_v1,experiment3_vehicle_lateral,fusion_ego_33,56566,3,vehicle,0.1534736305475235,-72.19782830978849,23.290812767783784,0.8196828165521701,-61.83858074809202,4.6727752685546875,1.8076872825622559,1.5157665014266968,13.346723274580173,636.6666666666667,361.6666666666667,603.2001344362895,335.2931035558383,670.1331988970439,388.0402297774951,0.3596368134021759,0.9999985694885254,
2026-07-16T21:03:32.910,12.10584154294338,experiment3_centered_200k_15m_v1,experiment3_vehicle_lateral,fusion_ego_33,56567,0,vehicle,0.3239412009716034,-70.74816754200974,24.016232782922575,0.8227882879932591,3.6738000202330965,4.514793395996094,1.7697205543518066,1.637624979019165,14.749960989448375,645.0,353.33333333333337,612.1207284927368,327.99453695615136,677.8792715072632,378.6721297105154,0.9966539144515991,1.0,
2026-07-16T21:03:32.910,12.10584154294338,experiment3_centered_200k_15m_v1,experiment3_vehicle_lateral,fusion_ego_33,56567,1,vehicle,0.23158109188079834,-69.12460748746807,22.92160504032953,0.8016249718000457,-55.08024595675793,5.023695945739746,1.9038134813308716,1.6515344381332397,16.43764294072827,636.6666666666667,353.33333333333337,603.9388910929363,330.5004577835401,669.3944422403972,376.1662088831266,0.9986109733581543,0.9999997615814209,
2026-07-16T21:03:32.910,12.10584154294338,experiment3_centered_200k_15m_v1,experiment3_vehicle_lateral,fusion_ego_33,56567,2,vehicle,0.22146853804588318,-73.752430197389,24.07434903493977,0.8932341950931906,21.51316396746252,4.813290119171143,1.8782017230987549,1.6698925495147705,11.745876605782145,645.0,361.6666666666667,608.1785154342651,332.3106051484744,681.8214845657349,391.022728184859,0.27808061242103577,0.9999986886978149,
2026-07-16T21:03:32.910,12.10584154294338,experiment3_centered_200k_15m_v1,experiment3_vehicle_lateral,fusion_ego_33,56567,3,vehicle,0.1578514724969864,-72.1396380837085,23.254298462777374,0.8256517427936925,-60.660752680483164,4.703616142272949,1.8166080713272095,1.530146837234497,13.407486562128838,636.6666666666667,361.6666666666667,603.2206837336223,334.9742854634921,670.1126495997112,388.3590478698413,0.35398128628730774,0.9999988079071045,
2026-07-16T21:03:33.130,12.326460127020255,experiment3_centered_200k_15m_v1,experiment3_vehicle_lateral,fusion_ego_33,56568,0,vehicle,0.3017917275428772,-70.71997675569561,23.93907387023005,0.8277733981720994,6.05963426990996,4.495984077453613,1.760024905204773,1.6383668184280396,14.780334318533276,645.0,353.33333333333337,612.7697396278381,328.17979713281,677.2302603721619,378.48686953385675,0.995647132396698,1.0,
2026-07-16T21:03:33.130,12.326460127020255,experiment3_centered_200k_15m_v1,experiment3_vehicle_lateral,fusion_ego_33,56568,1,vehicle,0.23237256705760956,-69.2160864513738,22.83097100810686,0.8163567660855193,-53.62555657567704,4.998817443847656,1.8996632099151611,1.6564604043960571,16.35472058555879,636.6666666666667,353.33333333333337,603.9568535486858,330.35812367995584,669.3764797846477,376.3085429867109,0.9979800581932068,0.9999997615814209,
2026-07-16T21:03:33.130,12.326460127020255,experiment3_centered_200k_15m_v1,experiment3_vehicle_lateral,fusion_ego_33,56568,2,vehicle,0.21213118731975555,-73.78999130209895,24.037559116262457,0.886329542551191,27.853627960159415,4.765383720397949,1.8577563762664795,1.668304204940796,11.710041564355523,645.0,361.6666666666667,608.4907531738281,332.3710299531619,681.5092468261719,390.9623033801715,0.256957471370697,0.9999985694885254,
2026-07-16T21:03:33.130,12.326460127020255,experiment3_centered_200k_15m_v1,experiment3_vehicle_lateral,fusion_ego_33,56568,3,vehicle,0.16514167189598083,-72.17866934749522,23.241143621631323,0.8264489941929893,-58.14268353928623,4.683823585510254,1.810835599899292,1.5364654064178467,13.369813381048928,636.6666666666667,361.6666666666667,603.1595770517986,334.965439538161,670.1737562815349,388.3678937951724,0.3148457407951355,0.9999988079071045,
2026-07-16T21:03:33.369,12.565745527041145,experiment3_centered_200k_15m_v1,experiment3_vehicle_lateral,fusion_ego_33,56569,0,vehicle,0.30432388186454773,-70.76484211150023,23.878347038157216,0.8263312675995524,6.570013071112458,4.509697437286377,1.7612287998199463,1.6489014625549316,14.73786608438384,645.0,353.33333333333337,612.5604033470154,327.98876752456033,677.4395966529846,378.6778991421064,0.9965415596961975,1.0,
2026-07-16T21:03:33.369,12.565745527041145,experiment3_centered_200k_15m_v1,experiment3_vehicle_lateral,fusion_ego_33,56569,1,vehicle,0.23555022478103638,-69.2311891293481,22.739219516074233,0.8144682502121672,-50.39218377147925,5.015685081481934,1.902235984802246,1.6631046533584595,16.349156246149548,636.6666666666667,353.33333333333337,603.7054483095806,330.2305819590887,669.6278850237529,376.43608470757806,0.9980942606925964,0.9999997615814209,
2026-07-16T21:03:33.369,12.565745527041145,experiment3_centered_200k_15m_v1,experiment3_vehicle_lateral,fusion_ego_33,56569,2,vehicle,0.22072607278823853,-73.74632489558876,23.992702226257286,0.8883819878571828,19.60015164842761,4.808984756469727,1.872031807899475,1.6610695123672485,11.755158911051007,645.0,361.6666666666667,608.1621599197388,332.50156501928967,681.8378400802612,390.8317683140437,0.30915799736976624,0.999998927116394,
2026-07-16T21:03:33.369,12.565745527041145,experiment3_centered_200k_15m_v1,experiment3_vehicle_lateral,fusion_ego_33,56569,3,vehicle,0.1755269467830658,-72.15391268948524,23.13688013459614,0.8265874409950635,-57.868563253188675,4.713300704956055,1.8228400945663452,1.5330780744552612,13.404255866338236,636.6666666666667,361.6666666666667,602.8411428133647,334.8660046855609,670.4921905199687,388.4673286477725,0.33217012882232666,0.9999988079071045,
2026-07-16T21:03:33.598,12.792696809978224,experiment3_centered_200k_15m_v1,experiment3_vehicle_lateral,fusion_ego_33,56570,0,vehicle,0.31083494424819946,-70.64994384725613,23.917582967172503,0.8180769532710894,6.239130708235033,4.491320610046387,1.7547814846038818,1.6378724575042725,14.851481703680383,645.0,353.33333333333337,612.9899334907532,328.34450890620553,677.0100665092468,378.3221577604612,0.996345579624176,1.0,
2026-07-16T21:03:33.598,12.792696809978224,experiment3_centered_200k_15m_v1,experiment3_vehicle_lateral,fusion_ego_33,56570,1,vehicle,0.22425197064876556,-73.6988298744886,24.01837227868864,0.8906868151785172,18.470386179875113,4.808991432189941,1.8736907243728638,1.658737063407898,11.801434653371558,645.0,361.6666666666667,608.4103488922119,332.6500091950099,681.5896511077881,390.6833241383235,0.2915217876434326,0.999998927116394,
2026-07-16T21:03:33.598,12.792696809978224,experiment3_centered_200k_15m_v1,experiment3_vehicle_lateral,fusion_ego_33,56570,2,vehicle,0.21914570033550262,-69.16754367607678,22.790593002204165,0.8059178045141113,-50.08986720700253,5.012403964996338,1.8991811275482178,1.6585787534713745,16.407494823023697,636.6666666666667,353.33333333333337,603.8624326388042,330.4871942599615,669.4709006945293,376.17947240670526,0.9980498552322388,0.9999997615814209,
2026-07-16T21:03:33.598,12.792696809978224,experiment3_centered_200k_15m_v1,experiment3_vehicle_lateral,fusion_ego_33,56570,3,vehicle,0.17626141011714935,-72.15089054717372,23.186822727517225,0.8310149065734067,-58.482051832965944,4.7191243171691895,1.8237329721450806,1.5327523946762085,13.402206248130295,636.6666666666667,361.6666666666667,602.759455839793,334.8148093620936,670.5738774935405,388.51852397123974,0.32527685165405273,0.999998927116394,
2026-07-16T21:03:33.854,13.049584059044719,experiment3_centered_200k_15m_v1,experiment3_vehicle_lateral,fusion_ego_33,56571,0,vehicle,0.32007625699043274,-70.61353587473675,23.903678494400907,0.8127237446693587,1.9063635963826586,4.490449905395508,1.7614779472351074,1.6371636390686035,14.888595906568442,645.0,353.33333333333337,612.4753141403198,328.62233748038614,677.5246858596802,378.0443291862806,0.9961739182472229,1.0,
2026-07-16T21:03:33.854,13.049584059044719,experiment3_centered_200k_15m_v1,experiment3_vehicle_lateral,fusion_ego_33,56571,1,vehicle,0.24167369306087494,-73.68957847601328,23.99152918770864,0.879518112555493,17.87970859816394,4.788179874420166,1.8745043277740479,1.634655237197876,11.812325240510209,645.0,361.6666666666667,607.7947163581848,333.12522153059643,682.2052836418152,390.20811180273694,0.2836230397224426,0.9999988079071045,
2026-07-16T21:03:33.854,13.049584059044719,experiment3_centered_200k_15m_v1,experiment3_vehicle_lateral,fusion_ego_33,56571,2,vehicle,0.21745365858078003,-69.15217566875668,22.77346702935339,0.7926567598254477,-52.333579676776345,4.996159076690674,1.896020531654358,1.645498514175415,16.425127745687846,636.6666666666667,353.33333333333337,603.8037220637004,330.699086089929,669.529611269633,375.96758057673776,0.9981791973114014,0.9999997615814209,
2026-07-16T21:03:33.854,13.049584059044719,experiment3_centered_200k_15m_v1,experiment3_vehicle_lateral,fusion_ego_33,56571,3,vehicle,0.18226437270641327,-72.15544159083991,23.16700535317458,0.8154051921122067,-59.21786565715702,4.699154853820801,1.8191163539886475,1.5157476663589478,13.400433637468778,636.6666666666667,361.6666666666667,602.6627246538799,335.1227269570033,670.6706086794536,388.2106063763301,0.34345772862434387,0.999998927116394,
2026-07-16T21:03:34.077,13.273496330017224,experiment3_centered_200k_15m_v1,experiment3_vehicle_lateral,fusion_ego_33,56572,0,vehicle,0.3082357347011566,-70.64828497641716,24.005942869872527,0.8207879463445109,7.445882981028418,4.481735706329346,1.7550472021102905,1.629855751991272,14.850080465064103,645.0,353.33333333333337,612.5050330162048,328.3664225538572,677.4949669837952,378.30024411280954,0.9961372017860413,1.0,
2026-07-16T21:03:34.077,13.273496330017224,experiment3_centered_200k_15m_v1,experiment3_vehicle_lateral,fusion_ego_33,56572,1,vehicle,0.23381951451301575,-69.11215484512155,22.81627736541668,0.8049801138827579,-43.78704810259421,5.045086860656738,1.9074922800064087,1.6661547422409058,16.460010192057755,636.6666666666667,353.33333333333337,603.7031642595928,330.6343938906988,669.6301690737407,376.03227277596795,0.9982627034187317,0.9999998807907104,
2026-07-16T21:03:34.077,13.273496330017224,experiment3_centered_200k_15m_v1,experiment3_vehicle_lateral,fusion_ego_33,56572,2,vehicle,0.2328978031873703,-73.7799374184635,24.07746856193199,0.876550802406072,26.60881009588794,4.794674873352051,1.8745360374450684,1.6351444721221924,11.719296959890897,645.0,361.6666666666667,608.0472588539124,332.7300463120143,681.9527411460876,390.6032870213191,0.3078335225582123,0.9999990463256836,
2026-07-16T21:03:34.077,13.273496330017224,experiment3_centered_200k_15m_v1,experiment3_vehicle_lateral,fusion_ego_33,56572,3,vehicle,0.18292979896068573,-72.12549061128782,23.244884181113743,0.8161982294559385,-56.673864601524976,4.708817005157471,1.819934368133545,1.5167893171310425,13.422923870570271,636.6666666666667,361.6666666666667,602.6460925738018,334.9657828609149,670.6872407595317,388.3675504724185,0.33853691816329956,0.9999991655349731,
2026-07-16T21:03:34.337,13.53404390194919,experiment3_centered_200k_15m_v1,experiment3_vehicle_lateral,fusion_ego_33,56573,0,vehicle,0.32746484875679016,-70.59542694011921,23.880144067650356,0.8124708374237999,9.045256120423117,4.504512310028076,1.7588064670562744,1.6331781148910522,14.907567513238122,645.0,353.33333333333337,612.6834630966187,328.2855566342672,677.3165369033813,378.38111003239953,0.9970341920852661,1.0,
2026-07-16T21:03:34.337,13.53404390194919,experiment3_centered_200k_15m_v1,experiment3_vehicle_lateral,fusion_ego_33,56573,1,vehicle,0.2365519255399704,-69.00077573302895,22.69279013083744,0.7936782367368349,-44.87546443002801,5.071174621582031,1.9105863571166992,1.665360927581787,16.58389457971989,636.6666666666667,353.33333333333337,603.6842457453411,330.65693785746896,669.6490875879924,376.0097288091978,0.9987125396728516,0.9999998807907104,
2026-07-16T21:03:34.337,13.53404390194919,experiment3_centered_200k_15m_v1,experiment3_vehicle_lateral,fusion_ego_33,56573,2,vehicle,0.23198650777339935,-73.6848802816495,23.972580301438956,0.8742499618930712,29.78113078011134,4.810662269592285,1.880847454071045,1.6314663887023926,11.818073392905577,645.0,361.6666666666667,608.1968188285828,332.8242615858714,681.8031811714172,390.509071747462,0.3226076662540436,0.9999990463256836,
2026-07-16T21:03:34.337,13.53404390194919,experiment3_centered_200k_15m_v1,experiment3_vehicle_lateral,fusion_ego_33,56573,3,vehicle,0.1783246099948883,-71.97929122935523,23.044430926398388,0.8097459735494226,-57.365093460929295,4.722179889678955,1.8226044178009033,1.5155725479125977,13.587978256935868,636.6666666666667,361.6666666666667,602.9924647013347,335.0620848933856,670.3408686319988,388.2712484399478,0.3758901357650757,0.9999991655349731,
2026-07-16T21:03:34.567,13.76283256302122,experiment3_centered_200k_15m_v1,experiment3_vehicle_lateral,fusion_ego_33,56574,0,vehicle,0.3055420517921448,-70.58934299708972,24.00628840325091,0.8113462064714354,12.480694196747105,4.498922348022461,1.754544734954834,1.6220556497573853,14.909386058843529,645.0,353.33333333333337,612.9942607879639,328.645906051,677.0057392120361,378.02076061566675,0.9934223294258118,1.0,
2026-07-16T21:03:34.567,13.76283256302122,experiment3_centered_200k_15m_v1,experiment3_vehicle_lateral,fusion_ego_33,56574,1,vehicle,0.23768292367458344,-69.04584837697129,22.867851721504554,0.8028938931574094,-47.3095649038971,5.052212238311768,1.9128050804138184,1.65740168094635,16.52098753780271,636.6666666666667,353.33333333333337,603.6347357432048,330.8184122045835,669.6985975901287,375.8482544620832,0.9976034760475159,0.9999998807907104,
2026-07-16T21:03:34.567,13.76283256302122,experiment3_centered_200k_15m_v1,experiment3_vehicle_lateral,fusion_ego_33,56574,2,vehicle,0.2153821587562561,-73.72241492378703,24.076155345598085,0.8782790555913056,20.255308730127723,4.790434837341309,1.8719419240951538,1.6428639888763428,11.776632158733163,645.0,361.6666666666667,608.3186411857605,332.54893014828366,681.6813588142395,390.7844031850497,0.264541357755661,0.9999988079071045,
2026-07-16T21:03:34.567,13.76283256302122,experiment3_centered_200k_15m_v1,experiment3_vehicle_lateral,fusion_ego_33,56574,3,vehicle,0.1759958267211914,-72.07309892005811,23.295247770624055,0.8138833418646723,-58.62023589080944,4.698637962341309,1.8176252841949463,1.5159401893615723,13.470730264343398,636.6666666666667,361.6666666666667,602.8119627634685,335.0559587279956,670.521370569865,388.2773746053378,0.3223610520362854,0.999998927116394,
2026-07-16T21:03:34.793,13.989635732024908,experiment3_centered_200k_15m_v1,experiment3_vehicle_lateral,fusion_ego_33,56575,0,vehicle,0.3099481463432312,-70.65371628612785,23.97986178177551,0.8199395033828261,8.191696633357257,4.48151159286499,1.7525728940963745,1.6306976079940796,14.845508816217022,645.0,353.33333333333337,612.843804359436,328.19545855124795,677.156195640564,378.4712081154188,0.9921397566795349,1.0,
2026-07-16T21:03:34.793,13.989635732024908,experiment3_centered_200k_15m_v1,experiment3_vehicle_lateral,fusion_ego_33,56575,1,vehicle,0.2405695766210556,-69.06803673798228,22.80584548507796,0.80927280143603,-49.574060720322485,5.057999610900879,1.9143632650375366,1.6685733795166016,16.504703611298467,636.6666666666667,353.33333333333337,603.4753958384197,330.6404637296995,669.8579374949138,376.02620293696725,0.9974679946899414,0.9999998807907104,
2026-07-16T21:03:34.793,13.989635732024908,experiment3_centered_200k_15m_v1,experiment3_vehicle_lateral,fusion_ego_33,56575,2,vehicle,0.2197006791830063,-73.77640302094522,24.06003776347971,0.8793300896894414,9.319493709111647,4.786988258361816,1.8704960346221924,1.646904706954956,11.723231400888828,645.0,361.6666666666667,608.5202026367188,332.8634298841159,681.4797973632812,390.4699034492175,0.27663636207580566,0.9999988079071045,
2026-07-16T21:03:34.793,13.989635732024908,experiment3_centered_200k_15m_v1,experiment3_vehicle_lateral,fusion_ego_33,56575,3,vehicle,0.17432168126106262,-72.08508299855862,23.237281030772046,0.8147404823323958,-60.01190304714292,4.714946269989014,1.8223376274108887,1.5202734470367432,13.463870442953878,636.6666666666667,361.6666666666667,602.8866402308147,335.1268387834231,670.4466931025188,388.20649454991025,0.31640714406967163,0.9999990463256836,
2026-07-16T21:03:35.019,14.213615715038031,experiment3_centered_200k_15m_v1,experiment3_vehicle_lateral,fusion_ego_33,56576,0,vehicle,0.3024064600467682,-70.6113342217302,23.9497219308627,0.8244494580189432,9.33493645965816,4.479220390319824,1.7572842836380005,1.637001633644104,14.888578808200872,645.0,353.33333333333337,612.4777603149414,328.16694398721063,677.5222396850586,378.4997226794561,0.99294114112854,1.0,
2026-07-16T21:03:35.019,14.213615715038031,experiment3_centered_200k_15m_v1,experiment3_vehicle_lateral,fusion_ego_33,56576,1,vehicle,0.23565714061260223,-68.9951524977514,22.82626134277763,0.8090364697825738,-48.83537361737013,5.034849166870117,1.9134397506713867,1.6589967012405396,16.57514422166307,636.6666666666667,353.33333333333337,603.4053031603496,330.5508457620939,669.9280301729839,376.11582090457284,0.9977744221687317,0.9999997615814209,
2026-07-16T21:03:35.019,14.213615715038031,experiment3_centered_200k_15m_v1,experiment3_vehicle_lateral,fusion_ego_33,56576,2,vehicle,0.2307332158088684,-73.6769860887438,24.00654709237616,0.8850304492995844,22.75765719293363,4.805083751678467,1.880612850189209,1.6530768871307373,11.823992305944698,645.0,361.6666666666667,608.2553339004517,332.5945920745532,681.7446660995483,390.7387412587802,0.25016844272613525,0.9999988079071045,
2026-07-16T21:03:35.019,14.213615715038031,experiment3_centered_200k_15m_v1,experiment3_vehicle_lateral,fusion_ego_33,56576,3,vehicle,0.1742134839296341,-72.07292141894361,23.237775134666197,0.8215542389497017,-57.7648962935287,4.713072299957275,1.8244420289993286,1.5224322080612183,13.475541200984205,636.6666666666667,361.6666666666667,602.8045741717021,334.8057783643405,670.5287591616313,388.5275549689929,0.32935041189193726,0.999998927116394,
2026-07-16T21:03:35.243,14.439553681993857,experiment3_centered_200k_15m_v1,experiment3_vehicle_lateral,fusion_ego_33,56577,0,vehicle,0.3121945261955261,-70.70676555543287,23.90484493395568,0.8153174251661739,8.24870995000782,4.496951580047607,1.7612076997756958,1.643385648727417,14.795375075651663,645.0,353.33333333333337,612.3922777175903,328.0703683694204,677.6077222824097,378.59629829724634,0.9947957396507263,1.0,
2026-07-16T21:03:35.243,14.439553681993857,experiment3_centered_200k_15m_v1,experiment3_vehicle_lateral,fusion_ego_33,56577,1,vehicle,0.23553867638111115,-73.7114854036843,23.97700809549622,0.8858178534658556,19.347350097146908,4.816389083862305,1.884397268295288,1.6595863103866577,11.79068434348658,645.0,361.6666666666667,607.8579449653625,332.46779332558316,682.1420550346375,390.8655400077502,0.26747235655784607,0.9999988079071045,
2026-07-16T21:03:35.243,14.439553681993857,experiment3_centered_200k_15m_v1,experiment3_vehicle_lateral,fusion_ego_33,56577,2,vehicle,0.22865132987499237,-69.10424881553524,22.77311572231903,0.7950984142245909,-54.05141049594312,5.004975318908691,1.9000478982925415,1.6541762351989746,16.472672545841366,636.6666666666667,353.33333333333337,603.5597316424053,330.57378401358926,669.7736016909282,376.0928826530775,0.9981936812400818,0.9999997615814209,
2026-07-16T21:03:35.243,14.439553681993857,experiment3_centered_200k_15m_v1,experiment3_vehicle_lateral,fusion_ego_33,56577,3,vehicle,0.17070366442203522,-72.1270378063474,23.220396527733097,0.819666442207964,-60.516619701607176,4.702901363372803,1.8201866149902344,1.524726390838623,13.423418159751071,636.6666666666667,361.6666666666667,602.6855675379436,334.7273639837901,670.6477657953899,388.6059693495433,0.3512536287307739,0.999998927116394,
2026-07-16T21:03:35.471,14.666382889030501,experiment3_centered_200k_15m_v1,experiment3_vehicle_lateral,fusion_ego_33,56578,0,vehicle,0.29557883739471436,-70.72197758547908,23.942351195650865,0.8163031214360066,6.085797659470447,4.4912309646606445,1.7553682327270508,1.652094841003418,14.77880039113258,645.0,353.33333333333337,612.6419901847839,327.73504128058755,677.3580098152161,378.9316253860792,0.9950725436210632,1.0,
2026-07-16T21:03:35.471,14.666382889030501,experiment3_centered_200k_15m_v1,experiment3_vehicle_lateral,fusion_ego_33,56578,1,vehicle,0.2388061285018921,-69.12668151604696,22.728933787696263,0.8035622511505385,-54.45667272722561,5.006422519683838,1.8976287841796875,1.6595618724822998,16.45455736190785,636.6666666666667,353.33333333333337,603.5748497645061,330.4418112834295,669.7584835688274,376.22485538323724,0.998217761516571,0.9999998807907104,
2026-07-16T21:03:35.471,14.666382889030501,experiment3_centered_200k_15m_v1,experiment3_vehicle_lateral,fusion_ego_33,56578,2,vehicle,0.22297902405261993,-73.77131430617337,24.00825899129105,0.8830407050860971,16.644845119471643,4.795107364654541,1.8738431930541992,1.6619399785995483,11.72993987429308,645.0,361.6666666666667,608.0840802192688,332.5023106733958,681.9159197807312,390.83102265993756,0.28196561336517334,0.999998927116394,
2026-07-16T21:03:35.471,14.666382889030501,experiment3_centered_200k_15m_v1,experiment3_vehicle_lateral,fusion_ego_33,56578,3,vehicle,0.17931292951107025,-72.11269845402339,23.143885355569118,0.8216612367456502,-56.64539735543386,4.716476917266846,1.825584053993225,1.531147837638855,13.444796687559625,636.6666666666667,361.6666666666667,602.8259531656902,334.7151545683543,670.5073801676433,388.61817876497906,0.34102606773376465,0.9999991655349731,
2026-07-16T21:03:35.688,14.884433523984626,experiment3_centered_200k_15m_v1,experiment3_vehicle_lateral,fusion_ego_33,56579,0,vehicle,0.2784893810749054,-70.7169454067305,23.86245384168872,0.8193329524128465,7.500180807187252,4.4953179359436035,1.7593038082122803,1.6517724990844727,14.78664367394814,645.0,353.33333333333337,612.2643136978149,327.696396013101,677.7356863021851,378.97027065356576,0.9955976605415344,1.0,
2026-07-16T21:03:35.688,14.884433523984626,experiment3_centered_200k_15m_v1,experiment3_vehicle_lateral,fusion_ego_33,56579,1,vehicle,0.2421049177646637,-69.15773732748079,22.73231172250454,0.808641476668382,-50.603080072838715,5.020773887634277,1.9061470031738281,1.6661176681518555,16.42311734638669,636.6666666666667,353.33333333333337,603.3274523417156,330.2022015055021,670.0058809916179,376.46446516116464,0.9976928234100342,0.9999998807907104,
2026-07-16T21:03:35.688,14.884433523984626,experiment3_centered_200k_15m_v1,experiment3_vehicle_lateral,fusion_ego_33,56579,2,vehicle,0.22334714233875275,-73.749295071212,23.912663391251943,0.880792520667466,24.67084616928816,4.789906024932861,1.873708963394165,1.6569604873657227,11.75604015739478,645.0,361.6666666666667,608.1255888938904,332.5229154030482,681.8744111061096,390.81041793028515,0.313495010137558,0.9999988079071045,
2026-07-16T21:03:35.688,14.884433523984626,experiment3_centered_200k_15m_v1,experiment3_vehicle_lateral,fusion_ego_33,56579,3,vehicle,0.1913408637046814,-72.10048280866923,23.143619139119533,0.8193145795280499,-52.065819780023574,4.714779853820801,1.827346682548523,1.5301847457885742,13.457091349523004,636.6666666666667,361.6666666666667,602.7753392855327,334.7312934199969,670.5579940478008,388.60203991333645,0.3399108946323395,0.9999991655349731,
2026-07-16T21:03:35.910,15.104575498960912,experiment3_centered_200k_15m_v1,experiment3_vehicle_lateral,fusion_ego_33,56580,0,vehicle,0.2976846396923065,-70.72590348273792,23.82235528248272,0.8178459581630879,6.666631016067677,4.537100791931152,1.7716790437698364,1.6654506921768188,14.779435171852828,645.0,353.33333333333337,611.9238066673279,327.51612742741906,678.0761933326721,379.1505392392477,0.9959348440170288,1.0,
2026-07-16T21:03:35.910,15.104575498960912,experiment3_centered_200k_15m_v1,experiment3_vehicle_lateral,fusion_ego_33,56580,1,vehicle,0.24011044204235077,-69.24264908209392,22.711032220065682,0.8095254395955425,-51.329493309990276,5.010880947113037,1.9014638662338257,1.674715280532837,16.340979694828025,636.6666666666667,353.33333333333337,603.1304160753887,330.07543762524926,670.2029172579448,376.5912290414175,0.998318076133728,0.9999998807907104,
2026-07-16T21:03:35.910,15.104575498960912,experiment3_centered_200k_15m_v1,experiment3_vehicle_lateral,fusion_ego_33,56580,2,vehicle,0.23498277366161346,-73.66941794934145,23.902314732783353,0.8866565790767793,25.34959543176195,4.815633773803711,1.883727788925171,1.6593087911605835,11.835837955142528,645.0,361.6666666666667,607.7877402305603,332.46928463379544,682.2122597694397,390.86404869953793,0.30194091796875,0.9999988079071045,
2026-07-16T21:03:35.910,15.104575498960912,experiment3_centered_200k_15m_v1,experiment3_vehicle_lateral,fusion_ego_33,56580,3,vehicle,0.1964975744485855,-72.09574943181048,23.093718027463456,0.8193847248158226,-51.24033284698489,4.705459117889404,1.8286298513412476,1.5303139686584473,13.46673525049766,636.6666666666667,361.6666666666667,602.3935429255168,334.5940152804057,670.9397904078166,388.7393180529277,0.36612221598625183,0.9999990463256836,
2026-07-16T21:03:36.153,15.347729836008511,experiment3_centered_200k_15m_v1,experiment3_vehicle_lateral,fusion_ego_33,56581,0,vehicle,0.3026973605155945,-70.68729892007059,23.858328223753418,0.8134405520755161,5.662183637252675,4.531861305236816,1.7754287719726562,1.6577816009521484,14.816691586058566,645.0,353.33333333333337,611.6410398483276,327.73604979117715,678.3589601516724,378.9306168754896,0.9967569708824158,1.0,
2026-07-16T21:03:36.153,15.347729836008511,experiment3_centered_200k_15m_v1,experiment3_vehicle_lateral,fusion_ego_33,56581,1,vehicle,0.24278448522090912,-73.66372767531189,23.916185218043676,0.8919152529685328,29.06895885082939,4.832809925079346,1.8936681747436523,1.6521087884902954,11.840575984449796,645.0,361.6666666666667,607.5123810768127,332.4397374192874,682.4876189231873,390.893595914046,0.3187706470489502,0.999998927116394,
2026-07-16T21:03:36.153,15.347729836008511,experiment3_centered_200k_15m_v1,experiment3_vehicle_lateral,fusion_ego_33,56581,2,vehicle,0.23509159684181213,-69.10933723559745,22.700645445569997,0.7913532271062989,-48.656619432830006,5.022923469543457,1.9056479930877686,1.6618307828903198,16.475340902865103,636.6666666666667,353.33333333333337,603.0754677454631,330.3480117519697,670.2578655878704,376.31865491469705,0.9989182949066162,0.9999998807907104,
2026-07-16T21:03:36.153,15.347729836008511,experiment3_centered_200k_15m_v1,experiment3_vehicle_lateral,fusion_ego_33,56581,3,vehicle,0.19999359548091888,-72.07098369573743,23.076244306645208,0.8227809487451032,-49.95199274544244,4.7267255783081055,1.837871789932251,1.522472620010376,13.492920712140803,636.6666666666667,361.6666666666667,602.1560184160869,334.47551260391873,671.1773149172466,388.85782072941464,0.40519773960113525,0.9999990463256836,
2026-07-16T21:03:36.385,15.57879016699735,experiment3_centered_200k_15m_v1,experiment3_vehicle_lateral,fusion_ego_33,56582,0,vehicle,0.31056517362594604,-70.55667869172358,23.883044699517935,0.8192438773459814,4.32747338529032,4.530056476593018,1.775038719177246,1.6548571586608887,14.945787544439973,645.0,353.33333333333337,611.541759967804,328.02270283301675,678.458240032196,378.64396383365,0.9972202777862549,1.0,
2026-07-16T21:03:36.385,15.57879016699735,experiment3_centered_200k_15m_v1,experiment3_vehicle_lateral,fusion_ego_33,56582,1,vehicle,0.2582348585128784,-73.58990234876565,23.911724404614844,0.8833519827442018,20.677381780570254,4.865379333496094,1.9013736248016357,1.6380829811096191,11.914895785838725,645.0,361.6666666666667,607.1839761734009,333.06519369284314,682.8160238265991,390.26813964049023,0.3713064193725586,0.9999992847442627,
2026-07-16T21:03:36.385,15.57879016699735,experiment3_centered_200k_15m_v1,experiment3_vehicle_lateral,fusion_ego_33,56582,2,vehicle,0.24125738441944122,-69.1358100003597,22.687470057382203,0.7953045773045395,-45.85726641353703,5.0512166023254395,1.9137773513793945,1.657515287399292,16.45027111367651,636.6666666666667,353.33333333333337,602.6386825243633,330.6145321329435,670.6946508089702,376.05213453372323,0.9987244009971619,0.9999998807907104,
2026-07-16T21:03:36.385,15.57879016699735,experiment3_centered_200k_15m_v1,experiment3_vehicle_lateral,fusion_ego_33,56582,3,vehicle,0.20911921560764313,-72.04758272224389,23.109656809916075,0.8164192480789685,-52.92197051959121,4.767989158630371,1.8462810516357422,1.5195990800857544,13.513153464997412,636.6666666666667,361.6666666666667,601.6910902659099,334.75661883751553,671.6422430674236,388.57671449581784,0.3846544325351715,0.9999992847442627,
2026-07-16T21:03:36.648,15.844398427056149,experiment3_centered_200k_15m_v1,experiment3_vehicle_lateral,fusion_ego_33,56583,0,vehicle,0.29672950506210327,-70.56146169930012,23.84600212751249,0.8161947040942676,9.542697997497994,4.525010585784912,1.7683643102645874,1.6482625007629395,14.942624652307355,645.0,353.33333333333337,611.8178033828735,328.1595196326574,678.1821966171265,378.50714703400934,0.9956503510475159,1.0,
2026-07-16T21:03:36.648,15.844398427056149,experiment3_centered_200k_15m_v1,experiment3_vehicle_lateral,fusion_ego_33,56583,1,vehicle,0.24465644359588623,-73.58466741224045,23.896134920615605,0.8792283147291573,29.748065971833885,4.857800483703613,1.8955081701278687,1.6427704095840454,11.921070965112843,645.0,361.6666666666667,607.4103116989136,332.95465181271237,682.5896883010864,390.378681520621,0.3088851273059845,0.9999991655349731,
2026-07-16T21:03:36.648,15.844398427056149,experiment3_centered_200k_15m_v1,experiment3_vehicle_lateral,fusion_ego_33,56583,2,vehicle,0.2390749454498291,-69.0539377407762,22.650194808817766,0.801813023684363,-46.301473257942476,5.049773216247559,1.9116052389144897,1.6723233461380005,16.53530322667044,636.6666666666667,353.33333333333337,602.8426257769268,330.48183788855874,670.4907075564067,376.184828778108,0.9983924031257629,0.9999998807907104,
2026-07-16T21:03:36.648,15.844398427056149,experiment3_centered_200k_15m_v1,experiment3_vehicle_lateral,fusion_ego_33,56583,3,vehicle,0.19728757441043854,-71.98219882713512,23.096524379790903,0.8167141188701303,-54.54507729100582,4.761136531829834,1.8410016298294067,1.5235588550567627,13.579403725787165,636.6666666666667,361.6666666666667,601.841200987498,334.8077471057574,671.4921323458354,388.52558622757596,0.35514765977859497,0.9999991655349731,
2026-07-16T21:03:36.875,16.071664253016934,experiment3_centered_200k_15m_v1,experiment3_vehicle_lateral,fusion_ego_33,56584,0,vehicle,0.3236773908138275,-70.62175577260824,23.808447788136753,0.8183342699337284,6.911975143459924,4.490261554718018,1.7587366104125977,1.6454089879989624,14.883927367205747,645.0,353.33333333333337,612.2840356826782,327.92276104291284,677.7159643173218,378.7439056237539,0.9972715973854065,1.0,
2026-07-16T21:03:36.875,16.071664253016934,experiment3_centered_200k_15m_v1,experiment3_vehicle_lateral,fusion_ego_33,56584,1,vehicle,0.2390453964471817,-69.10028890309187,22.651974525370605,0.7986817008948326,-49.66854574387254,5.050900936126709,1.9104729890823364,1.6719944477081299,16.489229703448988,636.6666666666667,353.33333333333337,603.0936590830486,330.4317637284597,670.2396742502849,376.23490293820703,0.9985864162445068,0.9999998807907104,
2026-07-16T21:03:36.875,16.071664253016934,experiment3_centered_200k_15m_v1,experiment3_vehicle_lateral,fusion_ego_33,56584,2,vehicle,0.23699545860290527,-73.61978036812188,23.89107263292638,0.8758522221989198,19.889482893906177,4.832549095153809,1.8890827894210815,1.6338480710983276,11.88648822259185,645.0,361.6666666666667,607.9357385635376,333.04392913977307,682.0642614364624,390.2894041935603,0.3634660840034485,0.9999990463256836,
2026-07-16T21:03:36.875,16.071664253016934,experiment3_centered_200k_15m_v1,experiment3_vehicle_lateral,fusion_ego_33,56584,3,vehicle,0.18795573711395264,-71.9666723559446,23.050354099619106,0.8138141524271019,-56.247217503441206,4.755699157714844,1.8383328914642334,1.5211738348007202,13.599672246569263,636.6666666666667,361.6666666666667,602.3353425661724,334.9949947992961,670.9979907671611,388.3383385340373,0.3767787516117096,0.9999991655349731,
2026-07-16T21:03:37.103,16.29774226003792,experiment3_centered_200k_15m_v1,experiment3_vehicle_lateral,fusion_ego_33,56585,0,vehicle,0.32200804352760315,-70.64005000992995,23.85412046656631,0.8086613918784571,6.52713161486383,4.480618000030518,1.755729079246521,1.6367806196212769,14.864253191747876,645.0,353.33333333333337,612.5055074691772,328.45579912265146,677.4944925308228,378.2108675440153,0.996187150478363,1.0,
2026-07-16T21:03:37.103,16.29774226003792,experiment3_centered_200k_15m_v1,experiment3_vehicle_lateral,fusion_ego_33,56585,1,vehicle,0.24015887081623077,-73.57704850809728,23.91246000844298,0.8796244757694518,27.31245455888895,4.820985317230225,1.8859589099884033,1.6343097686767578,11.927895626451583,645.0,361.6666666666667,607.9422807693481,332.9890565077464,682.0577192306519,390.344276825587,0.3110029101371765,0.999998927116394,
2026-07-16T21:03:37.103,16.29774226003792,experiment3_centered_200k_15m_v1,experiment3_vehicle_lateral,fusion_ego_33,56585,2,vehicle,0.22455909848213196,-69.08596620144463,22.73454487995009,0.8004462512865,-51.54937664545962,5.027809143066406,1.9068067073822021,1.6684283018112183,16.49456416857431,636.6666666666667,353.33333333333337,603.4345237414043,330.528714855512,669.8988095919292,376.1379518111547,0.9981841444969177,0.9999997615814209,
2026-07-16T21:03:37.103,16.29774226003792,experiment3_centered_200k_15m_v1,experiment3_vehicle_lateral,fusion_ego_33,56585,3,vehicle,0.18750666081905365,-71.96978374061538,23.137522906031034,0.8207096502915676,-56.876753712199836,4.732640743255615,1.832197666168213,1.5171520709991455,13.58748880594877,636.6666666666667,361.6666666666667,602.2570697466533,334.9914489189784,671.0762635866802,388.341884414355,0.3479888141155243,0.999998927116394,
2026-07-16T21:03:37.341,16.536049199989066,experiment3_centered_200k_15m_v1,experiment3_vehicle_lateral,fusion_ego_33,56586,0,vehicle,0.3265915811061859,-70.72224623090224,23.850789932399966,0.8222293682257615,6.198673078649159,4.482724189758301,1.7543830871582031,1.6506025791168213,14.781678332385313,645.0,353.33333333333337,612.4957156181335,327.8657560547193,677.5042843818665,378.8009106119474,0.9968697428703308,1.0,
2026-07-16T21:03:37.341,16.536049199989066,experiment3_centered_200k_15m_v1,experiment3_vehicle_lateral,fusion_ego_33,56586,1,vehicle,0.24278216063976288,-73.6695677663793,23.94799838433574,0.8799524853398353,17.86098074740614,4.821524620056152,1.8830657005310059,1.6387486457824707,11.834038426088386,645.0,361.6666666666667,607.9730606079102,333.10046205917996,682.0269393920898,390.2328712741534,0.3429638147354126,0.9999990463256836,
2026-07-16T21:03:37.341,16.536049199989066,experiment3_centered_200k_15m_v1,experiment3_vehicle_lateral,fusion_ego_33,56586,2,vehicle,0.23141595721244812,-69.13854650454022,22.723119787640634,0.8062774223123372,-47.72654974077516,5.050474643707275,1.9093496799468994,1.6858643293380737,16.443255494577745,636.6666666666667,353.33333333333337,603.307961622874,330.29476453860605,670.0253717104595,376.3719021280607,0.9986068606376648,0.9999998807907104,
2026-07-16T21:03:37.341,16.536049199989066,experiment3_centered_200k_15m_v1,experiment3_vehicle_lateral,fusion_ego_33,56586,3,vehicle,0.18625353276729584,-72.00433409895776,23.140634639851942,0.8171557940176202,-56.866926202468655,4.748993396759033,1.834808349609375,1.5218971967697144,13.55304742116776,636.6666666666667,361.6666666666667,602.3743049303691,334.93218819300336,670.9590284029643,388.40114514033,0.37032875418663025,0.9999991655349731,
2026-07-16T21:03:37.563,16.759694045991637,experiment3_centered_200k_15m_v1,experiment3_vehicle_lateral,fusion_ego_33,56587,0,vehicle,0.3173547685146332,-70.55713414203149,23.83803388399599,0.8239978434598754,7.005574878606712,4.484856128692627,1.7605348825454712,1.6553189754486084,14.94687980867591,645.0,353.33333333333337,612.4959444999695,327.92839904626214,677.5040555000305,378.7382676204046,0.9964286684989929,1.0,
2026-07-16T21:03:37.563,16.759694045991637,experiment3_centered_200k_15m_v1,experiment3_vehicle_lateral,fusion_ego_33,56587,1,vehicle,0.2545757293701172,-73.54436895808048,23.95540287795441,0.8793301747358473,28.198905319296536,4.836067199707031,1.8933181762695312,1.6342319250106812,11.958641972610183,645.0,361.6666666666667,607.8297924995422,333.3276532093684,682.1702075004578,390.00568012396496,0.31357213854789734,0.9999988079071045,
2026-07-16T21:03:37.563,16.759694045991637,experiment3_centered_200k_15m_v1,experiment3_vehicle_lateral,fusion_ego_33,56587,2,vehicle,0.2302716225385666,-69.06380745597276,22.72505941760736,0.8002806067165278,-48.59432594152486,5.033415794372559,1.9104543924331665,1.6804053783416748,16.51757570742369,636.6666666666667,353.33333333333337,603.2854048411052,330.211728711923,670.0479284922283,376.45493795474374,0.998467743396759,0.9999997615814209,
2026-07-16T21:03:37.563,16.759694045991637,experiment3_centered_200k_15m_v1,experiment3_vehicle_lateral,fusion_ego_33,56587,3,vehicle,0.18436449766159058,-71.96994804389867,23.198813791556553,0.8178090870494348,-53.81458376706828,4.738527774810791,1.8339334726333618,1.5212258100509644,13.581689218181365,636.6666666666667,361.6666666666667,602.1965758005779,334.9901507298152,671.1367575327556,388.3431826035182,0.36637383699417114,0.999998927116394,
2026-07-16T21:03:37.788,16.984814004972577,experiment3_centered_200k_15m_v1,experiment3_vehicle_lateral,fusion_ego_33,56588,0,vehicle,0.3287854790687561,-70.62145438157569,23.789462537053705,0.8117595930149628,3.04646810716896,4.5117340087890625,1.7704740762710571,1.6445930004119873,14.885393238950467,645.0,353.33333333333337,612.1002221107483,328.07548870642984,677.8997778892517,378.5911779602369,0.9975699782371521,1.0,
2026-07-16T21:03:37.788,16.984814004972577,experiment3_centered_200k_15m_v1,experiment3_vehicle_lateral,fusion_ego_33,56588,1,vehicle,0.2629874050617218,-73.53535460574778,23.84396628365632,0.8697739419813992,26.86770980083206,4.865405082702637,1.898167610168457,1.6494193077087402,11.973333128201677,645.0,361.6666666666667,607.6767253875732,332.76699910561246,682.3232746124268,390.5663342277209,0.34461960196495056,0.999998927116394,
2026-07-16T21:03:37.788,16.984814004972577,experiment3_centered_200k_15m_v1,experiment3_vehicle_lateral,fusion_ego_33,56588,2,vehicle,0.22039738297462463,-69.18446797391101,22.721491066227195,0.7880270704966563,-51.135240953947786,5.061023235321045,1.9139686822891235,1.685387372970581,16.39866539375685,636.6666666666667,353.33333333333337,603.4361402193706,330.0804533561071,669.8971931139629,376.58621331055963,0.998590886592865,0.9999997615814209,
2026-07-16T21:03:37.788,16.984814004972577,experiment3_centered_200k_15m_v1,experiment3_vehicle_lateral,fusion_ego_33,56588,3,vehicle,0.18344610929489136,-72.02115636319807,23.13385036224922,0.8079421327887362,-55.234614031116216,4.755184173583984,1.8360726833343506,1.5275620222091675,13.537501549741142,636.6666666666667,361.6666666666667,601.9170252482097,334.63715861241025,671.4163080851238,388.6961747209231,0.36865583062171936,0.9999990463256836,
2026-07-16T21:03:38.015,17.211763786966912,experiment3_centered_200k_15m_v1,experiment3_vehicle_lateral,fusion_ego_33,56589,0,vehicle,0.3050886392593384,-70.648634731008,23.782802864318732,0.8181684055873206,4.188833919324988,4.481518745422363,1.7582590579986572,1.6491804122924805,14.858250059631597,645.0,353.33333333333337,612.4692678451538,327.8677703936895,677.5307321548462,378.79889627297723,0.9962517619132996,1.0,
2026-07-16T21:03:38.015,17.211763786966912,experiment3_centered_200k_15m_v1,experiment3_vehicle_lateral,fusion_ego_33,56589,1,vehicle,0.2460508644580841,-73.6078667617966,23.85287254952187,0.8769667915570454,23.71462779646859,4.828759670257568,1.886796474456787,1.6525936126708984,11.900168266927908,645.0,361.6666666666667,607.9059672355652,332.84954140583676,682.0940327644348,390.4837919274966,0.29386982321739197,0.999998927116394,
2026-07-16T21:03:38.015,17.211763786966912,experiment3_centered_200k_15m_v1,experiment3_vehicle_lateral,fusion_ego_33,56589,2,vehicle,0.22400391101837158,-69.22097765570149,22.67901585930882,0.7920781014394118,-52.52155812890294,5.020638465881348,1.9012371301651,1.6781563758850098,16.366758221238317,636.6666666666667,353.33333333333337,603.6423174540203,330.1604690154394,669.6910158793132,376.50619765122735,0.9983606934547424,0.9999998807907104,
2026-07-16T21:03:38.015,17.211763786966912,experiment3_centered_200k_15m_v1,experiment3_vehicle_lateral,fusion_ego_33,56589,3,vehicle,0.17895551025867462,-72.02648212383025,23.08433282849507,0.814168302565716,-53.390941391832015,4.751018524169922,1.8358482122421265,1.5326859951019287,13.536778359261255,636.6666666666667,361.6666666666667,602.34965244929,334.7451953093211,670.9836808840435,388.58813802401227,0.3434829115867615,0.9999990463256836,
2026-07-16T21:03:38.236,17.43233517301269,experiment3_centered_200k_15m_v1,experiment3_vehicle_lateral,fusion_ego_33,56590,0,vehicle,0.29935866594314575,-70.72892004244392,23.82576418673415,0.8243444362456422,6.2066688974682975,4.519274711608887,1.773758888244629,1.6562867164611816,14.77595297364111,645.0,353.33333333333337,611.5152430534363,327.83558924992883,678.4847569465637,378.8310774167379,0.9966546297073364,0.9999998807907104,
2026-07-16T21:03:38.236,17.43233517301269,experiment3_centered_200k_15m_v1,experiment3_vehicle_lateral,fusion_ego_33,56590,1,vehicle,0.24115149676799774,-73.6343591480013,23.884588996257786,0.8846989423696718,29.27817539026277,4.829020977020264,1.8916680812835693,1.6540621519088745,11.871748489579721,645.0,361.6666666666667,607.0792150497437,332.5685102740924,682.9207849502563,390.764823059241,0.27923494577407837,0.9999985694885254,
2026-07-16T21:03:38.236,17.43233517301269,experiment3_centered_200k_15m_v1,experiment3_vehicle_lateral,fusion_ego_33,56590,2,vehicle,0.22466060519218445,-69.18506057361273,22.64637994440696,0.7931600952627529,-57.27849190765403,5.0070481300354,1.9001789093017578,1.6758755445480347,16.405934223463262,636.6666666666667,353.33333333333337,603.1185332934062,330.1170252760252,670.2148000399272,376.54964139064157,0.9985925555229187,0.9999997615814209,
2026-07-16T21:03:38.236,17.43233517301269,experiment3_centered_200k_15m_v1,experiment3_vehicle_lateral,fusion_ego_33,56590,3,vehicle,0.18142305314540863,-72.05801023052233,23.0920538115566,0.8205666391728976,-56.133525167598755,4.729358673095703,1.833882212638855,1.527424693107605,13.504326654986567,636.6666666666667,361.6666666666667,601.9469515482585,334.62095002333325,671.386381785075,388.7123833100001,0.35317912697792053,0.999998927116394,
2026-07-16T21:03:38.474,17.67011003603693,experiment3_centered_200k_15m_v1,experiment3_vehicle_lateral,fusion_ego_33,56591,0,vehicle,0.3190906345844269,-70.77323730320255,23.78984492206566,0.8208146159992147,8.504871241092644,4.5315022468566895,1.7752457857131958,1.6675435304641724,14.733481891272117,645.0,353.33333333333337,611.8909025192261,327.622380455335,678.1090974807739,379.0442862113317,0.995711088180542,1.0,
2026-07-16T21:03:38.474,17.67011003603693,experiment3_centered_200k_15m_v1,experiment3_vehicle_lateral,fusion_ego_33,56591,1,vehicle,0.249515101313591,-73.66106371086843,23.87798737723554,0.8803578008319071,34.84361281659224,4.814135551452637,1.8860907554626465,1.6582834720611572,11.845687249160068,645.0,361.6666666666667,607.2897362709045,332.6718021432559,682.7102637290955,390.6615311900775,0.25983142852783203,0.9999986886978149,
2026-07-16T21:03:38.474,17.67011003603693,experiment3_centered_200k_15m_v1,experiment3_vehicle_lateral,fusion_ego_33,56591,2,vehicle,0.22761860489845276,-69.2926544509724,22.636981165511937,0.8009815745213036,-53.547481788993196,5.0223708152771,1.905832290649414,1.6956192255020142,16.29979520252035,636.6666666666667,353.33333333333337,602.9887501398723,329.770652850469,670.3445831934612,376.89601381619775,0.9981303811073303,0.9999997615814209,
2026-07-16T21:03:38.474,17.67011003603693,experiment3_centered_200k_15m_v1,experiment3_vehicle_lateral,fusion_ego_33,56591,3,vehicle,0.18807338178157806,-72.05314716358558,23.075054920366433,0.8173696833332029,-49.99398930995433,4.724689483642578,1.8356901407241821,1.5354410409927368,13.51105681901425,636.6666666666667,361.6666666666667,601.7745272318523,334.5994548002879,671.5588061014812,388.73387853304547,0.328874409198761,0.999998927116394,
2026-07-16T21:03:38.711,17.907876649987884,experiment3_centered_200k_15m_v1,experiment3_vehicle_lateral,fusion_ego_33,56592,0,vehicle,0.32708680629730225,-70.63368231755135,23.77229444766399,0.8277216681212245,9.273821771647214,4.505461692810059,1.7668853998184204,1.6696885824203491,14.873168680931455,645.0,353.33333333333337,612.2195386886597,327.7726002534231,677.7804613113403,378.89406641324365,0.9954395890235901,1.0,
2026-07-16T21:03:38.711,17.907876649987884,experiment3_centered_200k_15m_v1,experiment3_vehicle_lateral,fusion_ego_33,56592,1,vehicle,0.25351426005363464,-73.55523889443648,23.909306855395652,0.8788436365143135,31.47177573848843,4.816920280456543,1.887054443359375,1.6532591581344604,11.949834668019435,645.0,361.6666666666667,607.7124619483948,332.9502047101657,682.2875380516052,390.3831286231677,0.24831029772758484,0.9999986886978149,
2026-07-16T21:03:38.711,17.907876649987884,experiment3_centered_200k_15m_v1,experiment3_vehicle_lateral,fusion_ego_33,56592,2,vehicle,0.22083936631679535,-69.25978767727719,22.684443649959647,0.8027060176522927,-49.85838401640619,5.008777618408203,1.9011496305465698,1.6902750730514526,16.327132539038875,636.6666666666667,353.33333333333337,603.015996615092,330.01783450444543,670.3173367182414,376.6488321622213,0.9988259673118591,0.9999997615814209,
2026-07-16T21:03:38.711,17.907876649987884,experiment3_centered_200k_15m_v1,experiment3_vehicle_lateral,fusion_ego_33,56592,3,vehicle,0.1827467381954193,-72.03953937033405,23.159650347395257,0.8180368349700742,-51.8984620789813,4.72195291519165,1.832659363746643,1.5276817083358765,13.516180848071496,636.6666666666667,361.6666666666667,601.8278853098552,334.75118468205136,671.5054480234783,388.582148651282,0.3517524003982544,0.9999988079071045,
2026-07-16T21:03:38.980,18.17515975702554,experiment3_centered_200k_15m_v1,experiment3_vehicle_lateral,fusion_ego_33,56593,0,vehicle,0.32910171151161194,-70.57860780181946,23.786896068109936,0.8111530602139776,6.941756216011617,4.5409064292907715,1.783751368522644,1.6470874547958374,14.928287448671163,645.0,353.33333333333337,611.6848587989807,328.4797941644987,678.3151412010193,378.18687250216806,0.9961736798286438,1.0,
2026-07-16T21:03:38.980,18.17515975702554,experiment3_centered_200k_15m_v1,experiment3_vehicle_lateral,fusion_ego_33,56593,1,vehicle,0.269787073135376,-73.44940357087515,23.794299401548656,0.8642683173299366,24.70431915985229,4.857074737548828,1.9011973142623901,1.630842924118042,12.061957373219174,645.0,361.6666666666667,607.1574926376343,333.5125271479289,682.8425073623657,389.8208061854045,0.2947547733783722,0.9999990463256836,
2026-07-16T21:03:38.980,18.17515975702554,experiment3_centered_200k_15m_v1,experiment3_vehicle_lateral,fusion_ego_33,56593,2,vehicle,0.2174811214208603,-69.0834466605674,22.62294478135633,0.7882490257232595,-58.88003244717903,5.045111656188965,1.9077550172805786,1.6722288131713867,16.50963287849856,636.6666666666667,353.33333333333337,603.0900661150615,330.64843793710077,670.243267218272,376.018228729566,0.998393714427948,0.9999997615814209,
2026-07-16T21:03:38.980,18.17515975702554,experiment3_centered_200k_15m_v1,experiment3_vehicle_lateral,fusion_ego_33,56593,3,vehicle,0.19622792303562164,-71.8951696435749,23.0132278765751,0.7972088580786834,-57.993014687194034,4.770151138305664,1.8430836200714111,1.515752911567688,13.675467247083763,636.6666666666667,361.6666666666667,601.594528357188,335.4170350233714,671.7388049761455,387.916298309962,0.3390652537345886,0.9999990463256836,
2026-07-16T21:03:39.216,18.41218383598607,experiment3_centered_200k_15m_v1,experiment3_vehicle_lateral,fusion_ego_33,56594,0,vehicle,0.3255408704280853,-70.6050558870575,23.914219387039612,0.8131276909155221,9.64767694470426,4.519169330596924,1.77207612991333,1.636059284210205,14.896654146516873,645.0,353.33333333333337,612.039942741394,328.5033198197683,677.960057258606,378.16334684689843,0.9941723942756653,1.0,
2026-07-16T21:03:39.216,18.41218383598607,experiment3_centered_200k_15m_v1,experiment3_vehicle_lateral,fusion_ego_33,56594,1,vehicle,0.24532736837863922,-73.57467191412807,23.94353635961462,0.8701242406270118,23.823089749645344,4.836117744445801,1.8938658237457275,1.629820466041565,11.929448726842333,645.0,361.6666666666667,607.5197839736938,333.09916387001675,682.4802160263062,390.2341694633166,0.2524833083152771,0.999998927116394,
2026-07-16T21:03:39.216,18.41218383598607,experiment3_centered_200k_15m_v1,experiment3_vehicle_lateral,fusion_ego_33,56594,2,vehicle,0.22564321756362915,-69.07502705635738,22.74024209027466,0.8039058722066774,-52.19538048734838,5.0491251945495605,1.9109669923782349,1.6815227270126343,16.504680018366336,636.6666666666667,353.33333333333337,603.071476618449,330.5128281315168,670.2618567148845,376.15383853514993,0.9976269602775574,0.9999998807907104,
2026-07-16T21:03:39.216,18.41218383598607,experiment3_centered_200k_15m_v1,experiment3_vehicle_lateral,fusion_ego_33,56594,3,vehicle,0.18561197817325592,-71.9514535258611,23.132066856117262,0.806607555343613,-56.2005294677923,4.751165390014648,1.838221788406372,1.5145421028137207,13.607012755767633,636.6666666666667,361.6666666666667,601.753265062968,335.07711331049603,671.5800682703655,388.25622002283734,0.3009408116340637,0.9999990463256836,
2026-07-16T21:03:39.445,18.641442255000584,experiment3_centered_200k_15m_v1,experiment3_vehicle_lateral,fusion_ego_33,56595,0,vehicle,0.3424282670021057,-70.62112015252355,23.873912972406558,0.8119000395498162,8.56096590638519,4.515109062194824,1.7701833248138428,1.631774663925171,14.882196047453403,645.0,353.33333333333337,612.3582744598389,328.59308799107873,677.6417255401611,378.073578675588,0.9940277338027954,1.0,
2026-07-16T21:03:39.445,18.641442255000584,experiment3_centered_200k_15m_v1,experiment3_vehicle_lateral,fusion_ego_33,56595,1,vehicle,0.2481408566236496,-73.59914925810243,23.942198334252847,0.8625453621673214,13.353010781943256,4.806138038635254,1.8854445219039917,1.614347219467163,11.905537576850115,645.0,361.6666666666667,607.8015995025635,333.34168920914334,682.1984004974365,389.99164412419003,0.2643020749092102,0.9999986886978149,
2026-07-16T21:03:39.445,18.641442255000584,experiment3_centered_200k_15m_v1,experiment3_vehicle_lateral,fusion_ego_33,56595,2,vehicle,0.22072100639343262,-69.10318795248413,22.714870654782306,0.7988473999597119,-58.42791069783161,5.039521217346191,1.9082151651382446,1.6704267263412476,16.479592207602913,636.6666666666667,353.33333333333337,603.1136624018352,330.63075145085656,670.2196709314983,376.0359152158102,0.9981436729431152,0.9999997615814209,
2026-07-16T21:03:39.445,18.641442255000584,experiment3_centered_200k_15m_v1,experiment3_vehicle_lateral,fusion_ego_33,56595,3,vehicle,0.17525756359100342,-71.99326137463015,23.139121396735593,0.8034378514985989,-60.536366920479836,4.71714973449707,1.8265653848648071,1.4961189031600952,13.564961058249974,636.6666666666667,361.6666666666667,602.0530573527019,335.4377524058024,671.2802759806316,387.89558092753094,0.32832640409469604,0.999998927116394,
2026-07-16T21:03:39.692,18.886800157953985,experiment3_centered_200k_15m_v1,experiment3_vehicle_lateral,fusion_ego_33,56596,0,vehicle,0.3395034074783325,-70.70048137626175,23.844780944835232,0.8157111303974629,10.76513493731007,4.4985222816467285,1.7636197805404663,1.6330866813659668,14.8039717551575,645.0,353.33333333333337,612.3371601104736,328.5665904482206,677.6628398895264,378.10007621844613,0.9918754696846008,1.0,
2026-07-16T21:03:39.692,18.886800157953985,experiment3_centered_200k_15m_v1,experiment3_vehicle_lateral,fusion_ego_33,56596,1,vehicle,0.24078327417373657,-73.61538914705083,23.93695344223806,0.8710368041414835,18.678031310330105,4.7988176345825195,1.8834384679794312,1.6255133152008057,11.889068614548146,645.0,361.6666666666667,607.9728507995605,333.0272431174914,682.0271492004395,390.30609021584195,0.24435871839523315,0.9999985694885254,
2026-07-16T21:03:39.692,18.886800157953985,experiment3_centered_200k_15m_v1,experiment3_vehicle_lateral,fusion_ego_33,56596,2,vehicle,0.22337892651557922,-69.12714546021957,22.734975505268004,0.7996741515164154,-54.53977060652979,5.034871578216553,1.9051367044448853,1.6739455461502075,16.45364504765417,636.6666666666667,353.33333333333337,603.1733004252117,330.73022117217386,670.1600329081218,375.9364454944929,0.997510552406311,0.9999997615814209,
2026-07-16T21:03:39.692,18.886800157953985,experiment3_centered_200k_15m_v1,experiment3_vehicle_lateral,fusion_ego_33,56596,3,vehicle,0.16900141537189484,-71.95620760677666,23.14369260315751,0.8063990580541811,-60.02193735972028,4.705239295959473,1.8225736618041992,1.5051491260528564,13.601176378220892,636.6666666666667,361.6666666666667,602.204229036967,335.36592821280163,671.1291042963664,387.96740512053174,0.30733710527420044,0.9999986886978149,
2026-07-16T21:03:39.926,19.1226715099765,experiment3_centered_200k_15m_v1,experiment3_vehicle_lateral,fusion_ego_33,56597,0,vehicle,0.35509687662124634,-70.684973380342,23.878100286516723,0.8200456286395705,9.026929912376225,4.512178897857666,1.7709174156188965,1.6428766250610352,14.817898814468883,645.0,353.33333333333337,612.2162222862244,328.13597251971566,677.7837777137756,378.5306941469511,0.9913226366043091,1.0,
2026-07-16T21:03:39.926,19.1226715099765,experiment3_centered_200k_15m_v1,experiment3_vehicle_lateral,fusion_ego_33,56597,1,vehicle,0.2471238076686859,-73.63865101062952,23.96722966450345,0.8754385148339239,14.686698616726968,4.825649261474609,1.892198920249939,1.6454026699066162,11.864334411609674,645.0,361.6666666666667,608.2174825668335,332.799153427283,681.7825174331665,390.5341799060504,0.2283823937177658,0.9999985694885254,
2026-07-16T21:03:39.926,19.1226715099765,experiment3_centered_200k_15m_v1,experiment3_vehicle_lateral,fusion_ego_33,56597,2,vehicle,0.21985259652137756,-69.14068820721614,22.778378467269057,0.8018961428306446,-56.57074242534427,5.070969104766846,1.917264699935913,1.6867804527282715,16.435609597333112,636.6666666666667,353.33333333333337,603.250326315562,330.5650587876638,670.0830070177715,376.1016078790029,0.9977604150772095,0.9999998807907104,
2026-07-16T21:03:39.926,19.1226715099765,experiment3_centered_200k_15m_v1,experiment3_vehicle_lateral,fusion_ego_33,56597,3,vehicle,0.16304020583629608,-71.96997844906831,23.16123691597851,0.8102607947967315,-60.270042362842304,4.747402667999268,1.8324108123779297,1.5217370986938477,13.585596995318902,636.6666666666667,361.6666666666667,602.5450650850933,335.0598372022311,670.7882682482402,388.27349613110226,0.2982797920703888,0.999998927116394,
2026-07-16T21:03:40.161,19.357097625965253,experiment3_centered_200k_15m_v1,experiment3_vehicle_lateral,fusion_ego_33,56598,0,vehicle,0.3312244117259979,-70.63151742999443,23.83455448214157,0.8259839024189712,9.383560657506331,4.50497579574585,1.7678990364074707,1.661137342453003,14.872697153851005,645.0,353.33333333333337,612.6433539390564,327.96053191026056,677.3566460609436,378.7061347564062,0.9907824397087097,1.0,
2026-07-16T21:03:40.161,19.357097625965253,experiment3_centered_200k_15m_v1,experiment3_vehicle_lateral,fusion_ego_33,56598,1,vehicle,0.24420323967933655,-73.60877573602195,23.959400763203476,0.8724360004819514,22.545737568988297,4.8003034591674805,1.8803759813308716,1.654758334159851,11.894630881584613,645.0,361.6666666666667,608.4391403198242,333.02928427855176,681.5608596801758,390.3040490547816,0.22939828038215637,0.9999984502792358,
2026-07-16T21:03:40.161,19.357097625965253,experiment3_centered_200k_15m_v1,experiment3_vehicle_lateral,fusion_ego_33,56598,2,vehicle,0.22351783514022827,-69.09074840054221,22.730719843062637,0.8060869299415121,-59.8795344200903,5.036194324493408,1.9136297702789307,1.675073266029358,16.48995154635072,636.6666666666667,353.33333333333337,603.0302731196086,330.52133609851205,670.3030602137248,376.1453305681547,0.9976429343223572,0.9999997615814209,
2026-07-16T21:03:40.161,19.357097625965253,experiment3_centered_200k_15m_v1,experiment3_vehicle_lateral,fusion_ego_33,56598,3,vehicle,0.15856410562992096,-71.96825118963048,23.14733324624824,0.8122401066584832,-60.66608446500247,4.714844703674316,1.8219785690307617,1.5262901782989502,13.588532521868585,636.6666666666667,361.6666666666667,602.8042260805767,335.33603231112164,670.5291072527568,387.99730102221173,0.30257827043533325,0.9999986886978149,
2026-07-16T21:03:40.394,19.586517874966376,experiment3_centered_200k_15m_v1,experiment3_vehicle_lateral,fusion_ego_33,56599,0,vehicle,0.3294278681278229,-70.59956340982552,23.766704292421934,0.8189688165681732,6.487014229646136,4.49979305267334,1.7685701847076416,1.657548189163208,14.907901761965567,645.0,353.33333333333337,612.0527648925781,327.7289285262426,677.9472351074219,378.93773814042413,0.9945722222328186,1.0,
2026-07-16T21:03:40.394,19.586517874966376,experiment3_centered_200k_15m_v1,experiment3_vehicle_lateral,fusion_ego_33,56599,1,vehicle,0.25181296467781067,-73.52192786424642,23.840516718160067,0.8770603903189926,26.746353230817565,4.831679344177246,1.8942936658859253,1.6624749898910522,11.986475064665607,645.0,361.6666666666667,608.0599546432495,332.528641919295,681.9400453567505,390.80469141403836,0.24910707771778107,0.9999986886978149,
2026-07-16T21:03:40.394,19.586517874966376,experiment3_centered_200k_15m_v1,experiment3_vehicle_lateral,fusion_ego_33,56599,2,vehicle,0.23153045773506165,-69.21171688736679,22.71500185100182,0.8049157808600871,-52.50269158693555,5.046886920928955,1.9162931442260742,1.6827529668807983,16.37149439232155,636.6666666666667,353.33333333333337,602.8543917338054,330.24334659179056,670.4789415995281,376.4233200748762,0.9982689619064331,0.9999997615814209,
2026-07-16T21:03:40.394,19.586517874966376,experiment3_centered_200k_15m_v1,experiment3_vehicle_lateral,fusion_ego_33,56599,3,vehicle,0.17213355004787445,-72.00633663915836,23.087652633295495,0.8110902176090959,-53.52797020342808,4.743396282196045,1.8358124494552612,1.5350335836410522,13.556625845115953,636.6666666666667,361.6666666666667,602.3654834429424,334.6998096505801,670.9678498903911,388.63352368275326,0.3128432035446167,0.999998927116394,
2026-07-16T21:03:40.626,19.82300926395692,experiment3_centered_200k_15m_v1,experiment3_vehicle_lateral,fusion_ego_33,56600,0,vehicle,0.34551021456718445,-70.75026285335737,23.809598437627617,0.8240767735111227,5.199366268478459,4.481168746948242,1.763893723487854,1.6492737531661987,14.755365480655483,645.0,353.33333333333337,612.1653914451599,327.70031740268075,677.8346085548401,378.966349263986,0.9946972131729126,1.0,
2026-07-16T21:03:40.626,19.82300926395692,experiment3_centered_200k_15m_v1,experiment3_vehicle_lateral,fusion_ego_33,56600,1,vehicle,0.2395080327987671,-73.57788674883905,23.886131926577747,0.8813916699892967,12.89651193166719,4.80894660949707,1.8854867219924927,1.6634067296981812,11.928179731686702,645.0,361.6666666666667,608.2206702232361,332.40430543820065,681.7793297767639,390.9290278951327,0.27570074796676636,0.9999988079071045,
2026-07-16T21:03:40.626,19.82300926395692,experiment3_centered_200k_15m_v1,experiment3_vehicle_lateral,fusion_ego_33,56600,2,vehicle,0.23080764710903168,-69.28251700736547,22.65214607192124,0.8026526435060308,-50.612569746810664,5.040684700012207,1.9062280654907227,1.691352128982544,16.308098880399235,636.6666666666667,353.33333333333337,603.1741515795391,330.29128571351373,670.1591817537944,376.375380953153,0.9984102249145508,0.9999998807907104,
2026-07-16T21:03:40.626,19.82300926395692,experiment3_centered_200k_15m_v1,experiment3_vehicle_lateral,fusion_ego_33,56600,3,vehicle,0.16436202824115753,-72.00499214686268,23.096773526806363,0.8102174413802548,-54.69208876358619,4.741868019104004,1.8341253995895386,1.535975694656372,13.557094711112589,636.6666666666667,361.6666666666667,602.3273650805156,334.65163717667264,671.0059682528179,388.68169615666073,0.3238680064678192,0.999998927116394,
2026-07-16T21:03:40.854,20.04883788805455,experiment3_centered_200k_15m_v1,experiment3_vehicle_lateral,fusion_ego_33,56601,0,vehicle,0.3058396577835083,-70.79835153486047,23.77618191506127,0.8292449126594263,12.100050447115418,4.5092692375183105,1.77143132686615,1.6594042778015137,14.70862317653331,645.0,353.33333333333337,611.8969893455505,327.8434749444326,678.1030106544495,378.8231917222341,0.9938374161720276,0.9999998807907104,
2026-07-16T21:03:40.854,20.04883788805455,experiment3_centered_200k_15m_v1,experiment3_vehicle_lateral,fusion_ego_33,56601,1,vehicle,0.22842106223106384,-73.57787019771102,23.84686203124634,0.8900845224297012,22.594317531541474,4.790502548217773,1.8860081434249878,1.6617588996887207,11.929630917750975,645.0,361.6666666666667,607.6479458808899,332.4697996179263,682.3520541191101,390.8635337154071,0.24728378653526306,0.9999984502792358,
2026-07-16T21:03:40.854,20.04883788805455,experiment3_centered_200k_15m_v1,experiment3_vehicle_lateral,fusion_ego_33,56601,2,vehicle,0.21922513842582703,-69.28821266931718,22.69963550101814,0.8115190243914967,-51.0125610645427,5.031417369842529,1.9053806066513062,1.696496605873108,16.29685521298259,636.6666666666667,353.33333333333337,603.0461208025615,330.2156179149946,670.287212530772,376.45104875167215,0.9979356527328491,0.9999997615814209,
2026-07-16T21:03:40.854,20.04883788805455,experiment3_centered_200k_15m_v1,experiment3_vehicle_lateral,fusion_ego_33,56601,3,vehicle,0.1662939488887787,-72.051246938784,23.080582566456872,0.814627931670131,-53.22322363093425,4.701631546020508,1.8267494440078735,1.5359249114990234,13.51253379230019,636.6666666666667,361.6666666666667,602.1681014696758,334.72769925991696,671.1652318636577,388.6056340734164,0.3152685761451721,0.9999985694885254,
2026-07-16T21:03:41.101,20.297727140947245,experiment3_centered_200k_15m_v1,experiment3_vehicle_lateral,fusion_ego_33,56602,0,vehicle,0.3373028337955475,-70.79687182203894,23.768329890520345,0.8335753425030827,11.520088435529269,4.521397113800049,1.7744277715682983,1.6537861824035645,14.710246682695496,645.0,353.33333333333337,612.032961845398,327.98286130030954,677.967038154602,378.6838053663572,0.9942008256912231,1.0,
2026-07-16T21:03:41.101,20.297727140947245,experiment3_centered_200k_15m_v1,experiment3_vehicle_lateral,fusion_ego_33,56602,1,vehicle,0.23551633954048157,-73.62204188730696,23.888444785914253,0.8927293577989441,20.185109178161603,4.778584957122803,1.8797125816345215,1.6580772399902344,11.883390619128155,645.0,361.6666666666667,607.5953531265259,332.5576580564181,682.4046468734741,390.77567527691525,0.2509290874004364,0.9999983310699463,
2026-07-16T21:03:41.101,20.297727140947245,experiment3_centered_200k_15m_v1,experiment3_vehicle_lateral,fusion_ego_33,56602,2,vehicle,0.21970583498477936,-69.3067248566129,22.724193262732374,0.80514144027598,-53.816166766447694,5.027798652648926,1.9036540985107422,1.6921048164367676,16.27614068607426,636.6666666666667,353.33333333333337,603.2375041643779,330.19648035367334,670.0958291689556,376.4701863129934,0.9983465671539307,0.9999997615814209,
2026-07-16T21:03:41.101,20.297727140947245,experiment3_centered_200k_15m_v1,experiment3_vehicle_lateral,fusion_ego_33,56602,3,vehicle,0.16371452808380127,-72.06775605639254,23.13452035335693,0.8114956652972563,-56.214437055148764,4.693227767944336,1.82208251953125,1.537530779838562,13.49093338185278,636.6666666666667,361.6666666666667,602.2616807619731,334.6490515271823,671.0716525713603,388.6842818061511,0.3446863889694214,0.9999984502792358,
