wall_time_iso,elapsed_s,run_id,run_group,stream_id,frame_id,object_index,class_name,score,world_x,world_y,world_z,yaw_deg,length_m,width_m,height_m,distance_m,center_x_px,center_y_px,bbox_x1,bbox_y1,bbox_x2,bbox_y2,parked_score,radar_support_score,radar_support_count
2026-07-15T23:43:32.763,5.934960504993796,20260715_234326_front_fusion_ego_2615,egofpsfast_10,fusion_ego_2615,6722143,0,person,0.23411357402801514,-111.4896441525186,-46.821280868357405,1.1357293073007284,-122.00634641478713,0.39883899688720703,0.44733357429504395,1.8077919483184814,31.202912399651265,430.33593750000006,226.66666666666669,427.86739302985376,218.5048834482829,432.80448197014636,234.82844988505047,0.9999974966049194,0.9994879961013794,
2026-07-15T23:43:32.763,5.934960504993796,20260715_234326_front_fusion_ego_2615,egofpsfast_10,fusion_ego_2615,6722143,1,person,0.1421675831079483,-113.6703713375632,-32.07185101258409,0.8217215780780904,-95.86530167300504,0.533035933971405,0.5528509616851807,1.5294853448867798,18.58991568448888,564.8854166666667,234.44444444444446,558.556881708714,220.37953135040073,571.2139516246195,248.5093575384882,0.9989713430404663,0.8673587441444397,
2026-07-15T23:43:32.900,6.071525385021232,20260715_234326_front_fusion_ego_2615,egofpsfast_10,fusion_ego_2615,6722144,0,person,0.33308058977127075,-113.3138096740721,-31.191150883046962,0.9762929713863855,-140.47889030601996,0.47616973519325256,0.4641984701156616,1.8284183740615845,17.463798862138795,572.6692708333334,234.44444444444446,566.3470950921377,218.20072737005023,578.991446574529,250.68816151883868,0.9999949932098389,0.9978296160697937,
2026-07-15T23:43:33.035,6.207527327002026,20260715_234326_front_fusion_ego_2615,egofpsfast_10,fusion_ego_2615,6722145,0,person,0.2588241994380951,-113.68075451657381,-32.290682339201155,0.9631387254951731,175.99926786826887,0.321001797914505,0.37763217091560364,1.7626259326934814,18.342470227265174,573.78125,234.44444444444446,567.020303811878,217.9471853044298,580.542196188122,250.9417035844591,0.999962568283081,0.9935616254806519,
2026-07-15T23:43:33.035,6.207527327002026,20260715_234326_front_fusion_ego_2615,egofpsfast_10,fusion_ego_2615,6722145,1,vehicle,0.10023093968629837,-102.97837712760874,-18.337723561667005,1.3482758701823103,-22.625899130288133,4.875457286834717,1.9214463233947754,2.3665599822998047,1.0850351040066373,92.29427083333334,262.22222222222223,22.465462585290275,191.07578410042657,162.1230790813764,333.3686603440179,0.9994569420814514,0.9477538466453552,
2026-07-15T23:43:33.218,6.390850357944146,20260715_234326_front_fusion_ego_2615,egofpsfast_10,fusion_ego_2615,6722146,0,person,0.19962944090366364,-114.05993660816894,-31.021232125637,1.015473008130197,-129.02390604705232,0.3314821124076843,0.4169042408466339,1.8235052824020386,17.29904913179082,582.6770833333334,234.44444444444446,575.9212878284355,217.39742007520465,589.4328788382312,251.49146881368426,0.9999736547470093,0.9971131086349487,
2026-07-15T23:43:33.218,6.390850357944146,20260715_234326_front_fusion_ego_2615,egofpsfast_10,fusion_ego_2615,6722146,1,person,0.07306360453367233,-110.14178709460276,-43.66555270267515,1.386450928017947,-113.48416342657221,0.480702668428421,0.5116596817970276,1.636268973350525,26.981804677366778,102.30208333333334,217.7777777777778,94.70869018075368,207.21460388766397,109.89547648591301,228.34095166789163,0.9747710824012756,0.9093732237815857,
2026-07-15T23:43:33.366,6.5386940989410505,20260715_234326_front_fusion_ego_2615,egofpsfast_10,fusion_ego_2615,6722147,0,person,0.2115052491426468,-116.63277851638229,-31.839422513893542,0.8880389643079365,-92.92369242244347,0.6316978931427002,0.5076999068260193,1.7133840322494507,19.35626944746602,590.4609375,234.44444444444446,582.1989274453372,218.12205460336475,598.7229475546628,250.76683428552417,0.9994271993637085,0.9846127033233643,
2026-07-15T23:43:33.502,6.675101657980122,20260715_234326_front_fusion_ego_2615,egofpsfast_10,fusion_ego_2615,6722148,0,person,0.16570235788822174,-108.49130961646256,-29.841771351636268,1.0484892047743286,-7.429033017173975,0.4413139820098877,0.43111228942871094,1.7583866119384766,12.66037411032735,591.5729166666667,235.55555555555557,583.4178954331826,214.44519374105667,599.7279379001509,256.66591737005444,0.9999589920043945,0.9694408774375916,
2026-07-15T23:43:33.502,6.675101657980122,20260715_234326_front_fusion_ego_2615,egofpsfast_10,fusion_ego_2615,6722148,1,person,0.11058823764324188,-116.28981724847834,-29.159413047834015,1.0064176080292286,-90.30431324580316,0.6779646277427673,0.4722946286201477,1.7961946725845337,17.014634866206098,93.40625,226.66666666666669,84.57137278094888,205.37983159224194,102.24112721905112,247.95350174109143,0.9860201478004456,0.7457302808761597,
2026-07-15T23:43:33.502,6.675101657980122,20260715_234326_front_fusion_ego_2615,egofpsfast_10,fusion_ego_2615,6722148,2,vehicle,0.08124565333127975,-99.69643483591824,-21.21142116401935,1.1673061284662376,-23.455110661264904,4.90605354309082,1.9069814682006836,2.134381055831909,4.46771982936372,92.29427083333334,278.8888888888889,38.73086208601793,201.5302758746677,145.85767958064875,356.2475019031101,0.03142164647579193,0.8714589476585388,
2026-07-15T23:43:33.643,6.815765616018325,20260715_234326_front_fusion_ego_2615,egofpsfast_10,fusion_ego_2615,6722149,0,person,0.14253266155719757,-111.37179091181237,-32.12243016737929,1.020925132630543,-55.74724410040258,0.634236216545105,0.5373995304107666,1.6907708644866943,15.647504691792168,600.46875,235.55555555555557,592.9109288528562,220.09188565942978,608.0265711471438,251.01922545168136,0.999126136302948,0.9798257946968079,
2026-07-15T23:43:33.643,6.815765616018325,20260715_234326_front_fusion_ego_2615,egofpsfast_10,fusion_ego_2615,6722149,1,person,0.09041262418031693,-111.22760143046852,-27.57347702894628,0.7825706036942375,177.51495640783605,0.6889914870262146,0.5643001198768616,1.5288945436477661,11.939404225060226,84.51041666666667,234.44444444444446,71.49488910349707,214.1458746459749,97.52594422983627,254.743014242914,0.930678129196167,0.4462820291519165,
2026-07-15T23:43:33.774,6.9464632829185575,20260715_234326_front_fusion_ego_2615,egofpsfast_10,fusion_ego_2615,6722150,0,person,0.16338993608951569,-111.01460025725574,-31.01585055528402,1.2171972072274126,-19.90971782217211,0.262562096118927,0.4242181181907654,1.7754061222076416,14.102134257835301,617.1484375,235.55555555555557,608.3470222242177,216.7954668733809,625.9498527757823,254.31564423773025,0.9999428987503052,0.8019169569015503,
2026-07-15T23:43:33.774,6.9464632829185575,20260715_234326_front_fusion_ego_2615,egofpsfast_10,fusion_ego_2615,6722150,1,vehicle,0.05529136210680008,-113.61560949758496,-26.770401311655803,0.9391187096987919,78.34219075084229,3.432849884033203,1.4454210996627808,1.6660501956939697,12.875796350034662,66.71875,234.44444444444446,37.159914307296276,207.0913913514879,96.27758569270372,261.797497537401,0.09394822269678116,0.5112760663032532,
2026-07-15T23:43:33.913,7.086271209991537,20260715_234326_front_fusion_ego_2615,egofpsfast_10,fusion_ego_2615,6722151,0,person,0.5266339182853699,-105.54411670796554,-28.176311390525974,1.0466039217022427,42.255329446205934,0.32630228996276855,0.36125051975250244,1.9112086296081543,8.647125251653469,627.15625,243.33333333333334,616.8592945598066,209.7353752454122,637.4532054401934,276.9312914212545,0.9999963045120239,0.9996719360351562,
2026-07-15T23:43:34.056,7.228530408930965,20260715_234326_front_fusion_ego_2615,egofpsfast_10,fusion_ego_2615,6722152,0,person,0.2207927256822586,-109.48756621816696,-28.190791782542263,1.0891367678709354,16.542306964534244,0.5877708792686462,0.5321987271308899,1.72488272190094,10.005768004663286,644.9479166666667,243.33333333333334,632.9098378221195,215.6647433837255,656.985995511214,271.0019232829412,0.999650239944458,0.9784397482872009,
2026-07-15T23:43:34.345,7.517973716952838,20260715_234326_front_fusion_ego_2615,egofpsfast_10,fusion_ego_2615,6722154,0,person,0.16569852828979492,-118.71209661762987,-51.634056156218904,1.3100303238103619,-54.224878043087635,0.5981079339981079,0.46035993099212646,1.6754882335662842,33.56960226326854,573.78125,226.66666666666669,570.912401762791,217.88105080525082,576.650098237209,235.45228252808255,0.996362030506134,0.999505877494812,
2026-07-15T23:43:34.501,7.67357791098766,20260715_234326_front_fusion_ego_2615,egofpsfast_10,fusion_ego_2615,6722155,0,vehicle,0.09415848553180695,-99.04837971372412,-21.28490469774065,1.6551107844586146,23.232111670733943,6.533536911010742,2.476090908050537,3.0680975914001465,4.239522054543991,805.0729166666667,270.0,745.6452371428411,141.75028324127197,864.5005961904924,398.249716758728,0.01198615599423647,0.02023306116461754,
2026-07-15T23:43:34.998,8.170722233946435,20260715_234326_front_fusion_ego_2615,egofpsfast_10,fusion_ego_2615,6722158,0,person,0.06488347798585892,-120.29482917374511,-41.84328821789528,0.40860344624109146,29.94115204458698,0.5078615546226501,0.4508427679538727,1.5024393796920776,23.841965798023736,741.6901041666667,234.44444444444446,733.3525176184874,222.87486192252902,750.0276907148461,246.0140269663599,0.9912335276603699,0.4849531054496765,
2026-07-15T23:43:35.308,8.480381535016932,20260715_234326_front_fusion_ego_2615,egofpsfast_10,fusion_ego_2615,6722160,0,person,0.060571134090423584,-116.43726858115282,-53.21932019864554,0.7861434398521787,-39.409692972135524,1.071873426437378,0.6921428442001343,1.7990856170654297,28.86978117000083,608.2526041666667,226.66666666666669,602.7403013833489,215.73279360930127,613.7649069499846,237.6005397240321,0.9952351450920105,0.9801961779594421,
2026-07-15T23:43:35.635,8.807876545004547,20260715_234326_front_fusion_ego_2615,egofpsfast_10,fusion_ego_2615,6722162,0,person,0.22137941420078278,-104.00976024262683,-48.2189521427959,0.8823589423997458,-138.52393178804473,0.4858151078224182,0.4688708484172821,1.7295717000961304,17.89925242604253,590.4609375,235.55555555555557,585.6635874863714,222.12963673803543,595.2582875136286,248.9814743730757,0.9998506307601929,0.9979758858680725,
2026-07-15T23:43:35.798,8.971005531959236,20260715_234326_front_fusion_ego_2615,egofpsfast_10,fusion_ego_2615,6722163,0,person,0.27302080392837524,-105.57718235991567,-53.38831277147945,0.7686825828580339,-114.74849798900117,0.42882806062698364,0.4458985924720764,1.6561545133590698,22.026921489304947,599.3567708333334,235.55555555555557,595.3423867070427,224.38346478674148,603.371154959624,246.72764632436966,0.9998005032539368,0.9984281063079834,
2026-07-15T23:43:35.959,9.131773539003916,20260715_234326_front_fusion_ego_2615,egofpsfast_10,fusion_ego_2615,6722164,0,person,0.21843008697032928,-118.38314889949159,-59.80806834266038,0.8204718704609917,-7.0566964617235985,0.3036651015281677,0.39657747745513916,1.826124668121338,31.740671993035452,190.1484375,225.55555555555557,185.23717912472785,215.27972671720718,195.05969587527215,235.83138439390396,0.9973147511482239,0.9923211932182312,
2026-07-15T23:43:35.959,9.131773539003916,20260715_234326_front_fusion_ego_2615,egofpsfast_10,fusion_ego_2615,6722164,1,person,0.15719416737556458,-104.92392915359348,-45.81044245921211,0.8226149686742019,-38.752561424253855,0.6905428171157837,0.5568562746047974,1.7088541984558105,13.322255758373911,599.3567708333334,243.33333333333334,592.1006169946244,226.24655683835348,606.6129246720424,260.42010982831323,0.9964094758033752,0.9884907007217407,
2026-07-15T23:43:36.449,9.62147312797606,20260715_234326_front_fusion_ego_2615,egofpsfast_10,fusion_ego_2615,6722167,0,person,0.11622753739356995,-103.10035255895365,-72.8553231086568,0.7969492157365163,-33.011592405067006,0.7567574977874756,0.5568196773529053,1.7215155363082886,36.31896934821331,449.23958333333337,226.66666666666669,446.587748587442,219.38539947072667,451.89141807922476,233.9479338626067,0.9999518394470215,0.9995521903038025,
2026-07-15T23:43:36.976,10.148750526015647,20260715_234326_front_fusion_ego_2615,egofpsfast_10,fusion_ego_2615,6722170,0,vehicle,0.0662572905421257,-95.92894991103343,-38.74058209367016,1.165180914257778,-41.102226946161515,5.079957008361816,1.925700068473816,2.0876259803771973,3.0161094089252973,805.0729166666667,332.22222222222223,757.1552166591089,233.89421357048883,852.9906166742246,430.5502308739556,0.2325195074081421,0.26363250613212585,
2026-07-15T23:43:37.613,10.786119356984273,20260715_234326_front_fusion_ego_2615,egofpsfast_10,fusion_ego_2615,6722174,0,vehicle,0.16593283414840698,-93.49182759252575,-56.129935004055675,1.4929330893286101,131.72211210405192,6.142540454864502,2.3580286502838135,2.539928436279297,12.196949170014879,830.6484375,234.44444444444446,797.2582506611943,208.00532367494372,864.0386243388058,260.8835652139452,0.7325118184089661,0.9970404505729675,
2026-07-15T23:43:37.613,10.786119356984273,20260715_234326_front_fusion_ego_2615,egofpsfast_10,fusion_ego_2615,6722174,1,person,0.13571545481681824,-93.12133874905382,-63.770832488457756,0.681192950942207,120.7591394800672,1.044852614402771,0.6907637119293213,1.4860005378723145,19.79585223097225,591.5729166666667,234.44444444444446,586.562934344324,223.39400079515246,596.5828989890094,245.49488809373645,0.8901723027229309,0.6890382766723633,
2026-07-15T23:43:37.613,10.786119356984273,20260715_234326_front_fusion_ego_2615,egofpsfast_10,fusion_ego_2615,6722174,2,person,0.10216126590967178,-92.18658790248085,-75.30255953386545,0.8505102298627065,-80.67989697424058,0.8382548689842224,0.6044884920120239,1.8140164613723755,31.33510301174567,386.96875,226.66666666666669,383.5958840260282,217.32033858696622,390.3416159739718,236.01299474636716,0.9997180104255676,0.9984753727912903,
2026-07-15T23:43:37.740,10.912918347981758,20260715_234326_front_fusion_ego_2615,egofpsfast_10,fusion_ego_2615,6722175,0,person,0.28226783871650696,-99.25216869314801,-74.78663132588862,1.1104653202370187,-10.335803149597808,0.7596415877342224,0.5417951345443726,1.8591039180755615,29.899183724997794,280.21875,226.66666666666669,275.8865195661783,216.72144959370297,284.5509804338217,236.6118837396304,0.9984583854675293,0.9955209493637085,
2026-07-15T23:43:37.864,11.03638267191127,20260715_234326_front_fusion_ego_2615,egofpsfast_10,fusion_ego_2615,6722176,0,person,0.229726642370224,-98.67129853618125,-75.06916021273858,0.8394639907576789,-84.49775742223676,0.6225404739379883,0.48063161969184875,1.8830814361572266,29.33513006290756,262.42708333333337,226.66666666666669,257.8610631016394,215.7466785113017,266.99310356502735,237.58665482203168,0.9977260231971741,0.9965366125106812,
2026-07-15T23:43:38.131,11.304075795924291,20260715_234326_front_fusion_ego_2615,egofpsfast_10,fusion_ego_2615,6722178,0,person,0.11482122540473938,-97.43741829384797,-74.55424667403831,0.9692166370480546,-82.831846903053,0.8271037936210632,0.5636245012283325,1.9977632761001587,27.22698074497057,216.83593750000003,226.66666666666669,211.3646640125662,214.24054394165677,222.30721098743382,239.0927893916766,0.9916055202484131,0.8772668242454529,
2026-07-15T23:43:38.257,11.429603024967946,20260715_234326_front_fusion_ego_2615,egofpsfast_10,fusion_ego_2615,6722179,0,person,0.27528372406959534,-98.11619312202785,-74.9028398894276,0.9500666851970045,122.83152978266348,0.6418092250823975,0.524553120136261,1.8216705322265625,27.048777067947647,191.26041666666669,234.44444444444446,184.2532612985621,222.8525933292177,198.26757203477126,246.0362955596712,0.9659882187843323,0.7554450631141663,
2026-07-15T23:43:38.257,11.429603024967946,20260715_234326_front_fusion_ego_2615,egofpsfast_10,fusion_ego_2615,6722179,1,vehicle,0.07926666736602783,-56.648463952617874,-54.85305043413555,2.0969976327046815,175.70677983832795,8.095166206359863,2.7720656394958496,3.8886537551879883,36.78310891710102,716.1145833333334,217.7777777777778,671.1134871294101,199.6986179219352,761.1156795372566,235.8569376336204,0.009179032407701015,0.9790152311325073,
2026-07-15T23:43:38.379,11.5520453969948,20260715_234326_front_fusion_ego_2615,egofpsfast_10,fusion_ego_2615,6722180,0,vehicle,0.1404367834329605,-58.669933463125716,-58.206972313572784,2.0308394968711205,-163.7593423304732,7.767692565917969,2.6912834644317627,3.7177963256835938,34.6970176916529,697.2109375,217.7777777777778,656.0332866683602,200.1247279511558,738.3885883316398,235.4308276043998,0.01329019758850336,0.8530998826026917,
2026-07-15T23:43:38.629,11.801691215950996,20260715_234326_front_fusion_ego_2615,egofpsfast_10,fusion_ego_2615,6722182,0,vehicle,0.20291361212730408,-59.80815750918002,-67.56206478308508,1.0407301824451114,-142.9359515754787,5.492638111114502,2.0318994522094727,1.9079465866088867,35.335175132862155,617.1484375,225.55555555555557,593.794072188437,218.6651599738333,640.502802811563,232.44595113727783,0.1562962383031845,0.9999614953994751,
2026-07-15T23:43:38.629,11.801691215950996,20260715_234326_front_fusion_ego_2615,egofpsfast_10,fusion_ego_2615,6722182,1,vehicle,0.09496503323316574,-97.95004798645188,-73.7112698443906,0.6797144475192436,58.37279812835733,3.486862897872925,1.5341503620147705,1.811265468597412,24.383201198902185,13.34375,234.44444444444446,-11.286716964095831,211.62064101960925,37.97421696409583,257.26824786927966,0.32709741592407227,0.19564925134181976,
2026-07-15T23:43:38.750,11.923028877936304,20260715_234326_front_fusion_ego_2615,egofpsfast_10,fusion_ego_2615,6722183,0,vehicle,0.4027566909790039,-58.500162788455604,-61.125293545611044,1.776307163511998,-140.37524093324444,7.853338718414307,2.882180690765381,3.433222532272339,33.06192895703804,661.6276041666667,217.7777777777778,615.4157824466627,202.15932654009927,707.8394258866708,233.39622901545633,0.00399770075455308,0.9704397320747375,
2026-07-15T23:43:38.750,11.923028877936304,20260715_234326_front_fusion_ego_2615,egofpsfast_10,fusion_ego_2615,6722183,1,vehicle,0.29876455664634705,-61.9752302136642,-68.73330591539451,0.9804031852906245,-126.46710796599304,4.894280433654785,1.9245922565460205,1.658942461013794,33.12892724843244,600.46875,225.55555555555557,579.1053941734135,219.21946037146782,621.8321058265865,231.89165073964332,0.3245593011379242,0.9999731779098511,
2026-07-15T23:43:38.875,12.048070400953293,20260715_234326_front_fusion_ego_2615,egofpsfast_10,fusion_ego_2615,6722184,0,vehicle,0.24374666810035706,-61.1038213434815,-71.97038307482774,0.907350413990627,-95.90099588022791,5.20341682434082,2.0297951698303223,1.9127850532531738,34.73525962120701,591.5729166666667,225.55555555555557,568.5372542540233,218.8477173778746,614.6085790793102,232.26339373323654,0.016370514407753944,0.9998369216918945,
2026-07-15T23:43:38.875,12.048070400953293,20260715_234326_front_fusion_ego_2615,egofpsfast_10,fusion_ego_2615,6722184,1,person,0.17639443278312683,-87.4039183607375,-82.86195375138405,1.216776817846571,-66.35500016725224,0.45276886224746704,0.4270709455013275,1.8639484643936157,31.238985143545875,253.53125000000003,226.66666666666669,249.55177972745153,215.89502076307934,257.5107202725485,237.43831257025403,0.985781729221344,0.9876250624656677,
2026-07-15T23:43:38.875,12.048070400953293,20260715_234326_front_fusion_ego_2615,egofpsfast_10,fusion_ego_2615,6722184,2,vehicle,0.1318364143371582,-54.45279859601705,-63.544975045240335,2.0351871532071906,-157.9409708072779,8.43725299835205,3.0392653942108154,3.9391703605651855,36.80568636317334,644.9479166666667,217.7777777777778,613.7560885126393,203.73697237835992,676.1397448206942,231.81858317719568,0.008036717772483826,0.9991605281829834,
2026-07-15T23:43:38.875,12.048070400953293,20260715_234326_front_fusion_ego_2615,egofpsfast_10,fusion_ego_2615,6722184,3,person,0.06174240633845329,-87.220827403654,-82.38029180876622,1.1885402958734188,-85.15904900569853,0.5355315208435059,0.45057350397109985,1.934849500656128,30.770331753538393,263.5390625,226.66666666666669,259.27674328535795,215.84315578142804,267.80138171464205,237.49017755190533,0.9915854930877686,0.9970135688781738,
2026-07-15T23:43:39.004,12.177111521945335,20260715_234326_front_fusion_ego_2615,egofpsfast_10,fusion_ego_2615,6722185,0,vehicle,0.25093477964401245,-63.36518122321691,-74.49207508947187,0.9100383995849688,-106.6294656621176,5.158627033233643,2.0281035900115967,1.781254768371582,33.61990015251017,581.5651041666667,225.55555555555557,559.7553759428363,219.20642394158577,603.3748323904972,231.90468716952537,0.08667914569377899,0.9999085664749146,
2026-07-15T23:43:39.004,12.177111521945335,20260715_234326_front_fusion_ego_2615,egofpsfast_10,fusion_ego_2615,6722185,1,person,0.08128631860017776,-72.88140527176964,-82.49306742099631,0.6357313354090257,-17.604188072989388,0.6390931606292725,0.5601466298103333,1.5841071605682373,34.0840516450989,430.33593750000006,226.66666666666669,427.56826805602765,219.50862551728886,433.10360694397247,233.8247078160445,0.9984947443008423,0.9982909560203552,
2026-07-15T23:43:39.128,12.300773245980963,20260715_234326_front_fusion_ego_2615,egofpsfast_10,fusion_ego_2615,6722186,0,vehicle,0.21814711391925812,-61.63811461479679,-74.88082614032595,0.8225843548643066,-113.16458614491643,5.225096702575684,2.048590898513794,1.8303444385528564,34.28258755077094,564.8854166666667,225.55555555555557,544.4232395204406,219.16727754804825,585.3475938128929,231.9438335630629,0.04965265840291977,0.9984604120254517,
2026-07-15T23:43:39.128,12.300773245980963,20260715_234326_front_fusion_ego_2615,egofpsfast_10,fusion_ego_2615,6722186,1,vehicle,0.17324604094028473,-54.67928898570477,-65.80779912184136,1.6841343891391651,-98.06743324235966,8.119430541992188,2.980320453643799,3.5684995651245117,35.62312752048219,626.0442708333334,217.7777777777778,585.1698104043802,202.97917591200937,666.9187312622865,232.57637964354623,9.64677456067875e-05,0.9960605502128601,
2026-07-15T23:43:39.128,12.300773245980963,20260715_234326_front_fusion_ego_2615,egofpsfast_10,fusion_ego_2615,6722186,2,vehicle,0.08386453986167908,-96.03205278745828,-84.62929841679741,1.1365935692849845,-2.5972277951572242,3.912346839904785,1.6380200386047363,2.2210569381713867,32.89370401507436,30.023437500000004,226.66666666666669,6.368613015860319,211.4043430487315,53.67826198413969,241.92899028460187,0.46732375025749207,0.2833501100540161,
2026-07-15T23:43:39.260,12.432900453917682,20260715_234326_front_fusion_ego_2615,egofpsfast_10,fusion_ego_2615,6722187,0,vehicle,0.4433581829071045,-63.894499052274675,-76.22566854844472,0.9247220704292891,-121.86451101939996,5.019891738891602,1.9680790901184082,1.7306690216064453,32.647027709396625,547.09375,225.55555555555557,527.6104842200875,219.07311591837143,566.5770157799125,232.03799519273971,0.007138563320040703,0.9997801184654236,
2026-07-15T23:43:39.260,12.432900453917682,20260715_234326_front_fusion_ego_2615,egofpsfast_10,fusion_ego_2615,6722187,1,vehicle,0.21636201441287994,-52.399700843687825,-64.58958391669293,1.9934216130875857,-115.1418829883929,8.653938293457031,3.008452892303467,3.8500967025756836,36.4978875642914,608.2526041666667,217.7777777777778,577.720477047066,202.48553501235116,638.7847312862675,233.07002054320444,0.0021824142895638943,0.998814582824707,
2026-07-15T23:43:39.260,12.432900453917682,20260715_234326_front_fusion_ego_2615,egofpsfast_10,fusion_ego_2615,6722187,2,vehicle,0.12315547466278076,-62.71414922902529,-47.59354511387448,1.2120187074957425,130.46777711393503,5.020262241363525,1.8301446437835693,2.1228511333465576,25.03106309805253,777.2734375,234.44444444444446,729.8012604564428,217.26512995031146,824.7456145435572,251.62375893857745,0.49335977435112,0.9999277591705322,
2026-07-15T23:43:39.381,12.55323723400943,20260715_234326_front_fusion_ego_2615,egofpsfast_10,fusion_ego_2615,6722188,0,vehicle,0.504966139793396,-64.21446594076981,-76.12658919358597,0.9570461040993461,-120.07284517674158,4.965121746063232,1.9522833824157715,1.7228738069534302,31.503612155948336,538.1979166666667,225.55555555555557,518.6497996809583,218.23897618386482,557.7460336523752,232.87213492724632,0.002463261131197214,0.9997032284736633,
2026-07-15T23:43:39.381,12.55323723400943,20260715_234326_front_fusion_ego_2615,egofpsfast_10,fusion_ego_2615,6722188,1,vehicle,0.10267022997140884,-50.977549291233984,-63.0301943324295,2.1410133975070913,-93.590023298003,8.879722595214844,3.125243902206421,4.105688095092773,36.58962887856014,600.46875,217.7777777777778,568.1645492464304,202.7694289551841,632.7729507535696,232.7861266003715,6.823735748184845e-05,0.9995115995407104,
2026-07-15T23:43:39.509,12.681390000972897,20260715_234326_front_fusion_ego_2615,egofpsfast_10,fusion_ego_2615,6722189,0,vehicle,0.5856683254241943,-62.53918041107981,-75.03973070220039,0.9616668751856459,-113.32603984146103,5.28774881362915,2.0018270015716553,1.7933526039123535,31.135752027032982,520.40625,225.55555555555557,496.8182539604605,218.5739903483126,543.9942460395396,232.53712076279854,0.0001600656978553161,0.9999159574508667,
2026-07-15T23:43:39.509,12.681390000972897,20260715_234326_front_fusion_ego_2615,egofpsfast_10,fusion_ego_2615,6722189,1,vehicle,0.4871751070022583,-49.02836451438333,-62.80971195224218,2.174750315865018,-103.7814007070635,8.920126914978027,3.1581618785858154,4.149681091308594,37.60210617388006,590.4609375,217.7777777777778,562.6995184570551,202.52474712000955,618.2223565429449,233.03080843554605,0.00022259562683757395,0.9994392991065979,
2026-07-15T23:43:39.509,12.681390000972897,20260715_234326_front_fusion_ego_2615,egofpsfast_10,fusion_ego_2615,6722189,2,vehicle,0.06270328909158707,-53.38961008640023,-42.72919530242028,1.655067932463135,115.08611496379106,7.269215106964111,2.528743028640747,3.000617504119873,34.184409212881974,812.8567708333334,225.55555555555557,783.0516822164258,205.6504014465544,842.661859450241,245.46070966455673,0.9758251905441284,0.978501558303833,
2026-07-15T23:43:39.638,12.811035270919092,20260715_234326_front_fusion_ego_2615,egofpsfast_10,fusion_ego_2615,6722190,0,vehicle,0.27546557784080505,-59.652080911319615,-74.38798205967589,0.8681572440391525,-109.11672212348837,4.949186325073242,1.9022587537765503,1.6663531064987183,32.09985129288372,510.39843750000006,225.55555555555557,490.5404157713056,219.39123887154793,530.2564592286944,231.71987223956322,0.0029510706663131714,0.9998026490211487,
2026-07-15T23:43:39.777,12.949848206015304,20260715_234326_front_fusion_ego_2615,egofpsfast_10,fusion_ego_2615,6722191,0,vehicle,0.34130120277404785,-60.00829270081452,-75.88894658313997,0.7584684728308968,-131.2491219937069,4.894120216369629,1.8707327842712402,1.597424030303955,31.967245145473765,501.5026041666667,225.55555555555557,480.8570082957546,219.30350426170563,522.1482000375788,231.80760684940552,0.0007618512609042227,0.9997974038124084,
2026-07-15T23:43:39.777,12.949848206015304,20260715_234326_front_fusion_ego_2615,egofpsfast_10,fusion_ego_2615,6722191,1,vehicle,0.05822325497865677,-52.45231925728323,-46.13045782748196,1.4847287329718544,-83.97390264078236,7.687328338623047,2.8523104190826416,3.4774818420410156,32.93528863059531,787.28125,217.7777777777778,734.733877941966,196.30098866091836,839.828622058034,239.25456689463724,0.009864060208201408,0.9954647421836853,
2026-07-15T23:43:39.777,12.949848206015304,20260715_234326_front_fusion_ego_2615,egofpsfast_10,fusion_ego_2615,6722191,2,person,0.05701535567641258,-86.90347116949644,-74.92496121402236,1.0385156299932294,85.4667117468245,0.7774143815040588,0.565568208694458,1.7685589790344238,20.137019407093455,1.1119791666666667,234.44444444444446,-3.312330467005571,210.5580159690645,5.536288800338904,258.3308729198244,0.9918157458305359,0.14730355143547058,
2026-07-15T23:43:39.903,13.075686187017709,20260715_234326_front_fusion_ego_2615,egofpsfast_10,fusion_ego_2615,6722192,0,vehicle,0.2890128493309021,-60.30172715033439,-75.18952919222967,0.8548664163818018,-179.75019328317376,4.468665599822998,1.793981671333313,1.7451071739196777,30.49607850351325,484.8229166666667,225.55555555555557,467.3213468293349,218.18795788619255,502.32448650399846,232.9231532249186,0.002552690217271447,0.9995594620704651,
2026-07-15T23:43:39.903,13.075686187017709,20260715_234326_front_fusion_ego_2615,egofpsfast_10,fusion_ego_2615,6722192,1,vehicle,0.10729792714118958,-45.930602282045584,-62.81843771883307,1.8345430242503165,-141.00169165635296,8.178299903869629,2.846428155899048,3.934401750564575,38.28373094737407,582.6770833333334,217.7777777777778,560.3480332580706,204.0914540158378,605.0061334085962,231.4641015397178,0.0005683390772901475,0.9984991550445557,
2026-07-15T23:43:40.031,13.20345023192931,20260715_234326_front_fusion_ego_2615,egofpsfast_10,fusion_ego_2615,6722193,0,vehicle,0.5640896558761597,-60.27704505362652,-74.63473422763985,0.9829913145088511,122.99816617918182,5.148707866668701,1.9889390468597412,1.937926173210144,29.385365246103316,475.92708333333337,225.55555555555557,458.10926822697127,216.9499382707808,493.7448984396955,234.16117284033035,0.0008304825169034302,0.9994521737098694,
2026-07-15T23:43:40.031,13.20345023192931,20260715_234326_front_fusion_ego_2615,egofpsfast_10,fusion_ego_2615,6722193,1,vehicle,0.1813032478094101,-46.05653870596946,-62.705338915254075,1.9423110385365172,-145.35377988063587,7.942953586578369,2.8171656131744385,3.8944849967956543,37.38545018585994,573.78125,217.7777777777778,552.859798297286,204.68929337130655,594.702701702714,230.86626218424905,0.07424086332321167,0.9992461204528809,
2026-07-15T23:43:40.031,13.20345023192931,20260715_234326_front_fusion_ego_2615,egofpsfast_10,fusion_ego_2615,6722193,2,vehicle,0.07526148110628128,-56.009197481253814,-46.16874434106194,1.7061577791736724,130.3892007805678,7.047996520996094,2.419755697250366,3.1164777278900146,28.443766902896233,768.3776041666667,225.55555555555557,716.0460517803829,205.03809425565933,820.7091565529506,246.0730168554518,0.9627459645271301,0.9970199465751648,
2026-07-15T23:43:40.031,13.20345023192931,20260715_234326_front_fusion_ego_2615,egofpsfast_10,fusion_ego_2615,6722193,3,vehicle,0.063172347843647,-58.21029702282975,-62.42877151856305,1.1601645142184687,-159.5118885211519,5.599118232727051,2.0983548164367676,2.148554563522339,25.47075269497279,707.21875,226.66666666666669,670.4635126888752,215.14568666617077,743.9739873111248,238.1876466671626,0.8732981085777283,0.9987335801124573,
2026-07-15T23:43:40.156,13.328545614960603,20260715_234326_front_fusion_ego_2615,egofpsfast_10,fusion_ego_2615,6722194,0,vehicle,0.3386354446411133,-58.406297049327335,-74.54952738282745,0.8775967494008103,114.49116187528621,5.349095344543457,1.9829076528549194,1.9132188558578491,30.044704992609468,465.91927083333337,226.66666666666669,448.1625353855392,217.94203887383145,483.67600628112757,235.39129445950192,0.0007299333810806274,0.9999405145645142,
2026-07-15T23:43:40.156,13.328545614960603,20260715_234326_front_fusion_ego_2615,egofpsfast_10,fusion_ego_2615,6722194,1,vehicle,0.13228951394557953,-54.716952891511724,-47.14435791215343,2.0950841344672266,140.28445192129797,8.058107376098633,2.9185049533843994,3.5073792934417725,28.77574599754412,750.5859375,226.66666666666669,693.1834404468536,205.2665815750758,807.9884345531464,248.06675175825757,0.05238066613674164,0.9959968328475952,
2026-07-15T23:43:40.156,13.328545614960603,20260715_234326_front_fusion_ego_2615,egofpsfast_10,fusion_ego_2615,6722194,2,vehicle,0.10536348074674606,-46.85405633434202,-63.222445088302514,2.183810306555822,161.90574825780558,8.714072227478027,2.9188084602355957,4.233234405517578,35.94705526020351,564.8854166666667,217.7777777777778,545.0583531210821,202.1770094500648,584.7124802122514,233.3785461054908,0.01282806508243084,0.9997809529304504,
2026-07-15T23:43:40.156,13.328545614960603,20260715_234326_front_fusion_ego_2615,egofpsfast_10,fusion_ego_2615,6722194,3,vehicle,0.06006956472992897,-62.93720100308749,-67.59536416735101,0.9069069463469519,174.87878972181167,4.528987884521484,1.7862448692321777,1.6600528955459595,22.356692054503988,689.4270833333334,234.44444444444446,657.6512046058973,225.01784768369464,721.2029620607694,243.87104120519427,0.785759687423706,0.9987175464630127,
2026-07-15T23:43:40.278,13.450678020948544,20260715_234326_front_fusion_ego_2615,egofpsfast_10,fusion_ego_2615,6722195,0,vehicle,0.4782131314277649,-57.77894257332455,-72.65636071686751,1.041967176983486,96.02296641762554,5.118549823760986,1.932342767715454,1.9980155229568481,28.686481579126664,449.23958333333337,226.66666666666669,433.4638518740734,217.48497078816098,465.01531479259336,235.8483625451724,0.002475220011547208,0.9997870326042175,
2026-07-15T23:43:40.278,13.450678020948544,20260715_234326_front_fusion_ego_2615,egofpsfast_10,fusion_ego_2615,6722195,1,person,0.3892056345939636,-62.038627500394725,-78.70594420818281,0.9984279671184397,-106.69670610007263,0.26770636439323425,0.34857818484306335,1.8516305685043335,29.567163609512175,359.16927083333337,226.66666666666669,356.3870697578726,217.60043809811276,361.95147190879413,235.7328952352206,0.9999973773956299,0.999824583530426,
2026-07-15T23:43:40.278,13.450678020948544,20260715_234326_front_fusion_ego_2615,egofpsfast_10,fusion_ego_2615,6722195,2,vehicle,0.1359923928976059,-46.60729427030539,-64.70057557033564,2.0019739666563536,-175.5430298575957,8.234556198120117,2.795524835586548,4.168027400970459,35.752968947627785,555.9895833333334,217.7777777777778,536.3004556571444,201.8795113431083,575.6787110095223,233.6760442124473,0.08926873654127121,0.999583899974823,
2026-07-15T23:43:40.278,13.450678020948544,20260715_234326_front_fusion_ego_2615,egofpsfast_10,fusion_ego_2615,6722195,3,vehicle,0.059007298201322556,-82.684266808772,-55.50470281680883,1.165629325238103,-0.9212695462089049,5.795339584350586,2.1621153354644775,2.1745567321777344,1.607448346421448,839.5442708333334,280.0,807.5306526025137,121.02557182312012,871.5578890641531,438.9744281768799,0.012501085177063942,0.0008092792122624815,
2026-07-15T23:43:40.419,13.591692383983172,20260715_234326_front_fusion_ego_2615,egofpsfast_10,fusion_ego_2615,6722196,0,vehicle,0.42514851689338684,-58.24043258406003,-72.2295486221508,0.9985727085546263,102.93819103169635,5.384695053100586,2.081930160522461,2.0229313373565674,27.331590933684474,439.23177083333337,226.66666666666669,421.1168911059698,216.74514154593152,457.34665056069696,236.58819178740185,0.008005363866686821,0.9981984496116638,
2026-07-15T23:43:40.419,13.591692383983172,20260715_234326_front_fusion_ego_2615,egofpsfast_10,fusion_ego_2615,6722196,1,vehicle,0.23017433285713196,-48.891797789840396,-44.159778284797554,1.8201100650868745,-144.90187338794254,8.044672012329102,2.7970805168151855,3.526564598083496,34.14040214620871,725.0104166666667,217.7777777777778,653.6481046328943,198.39059041606058,796.3727287004392,237.16496513949502,0.2490866333246231,0.9821684956550598,
2026-07-15T23:43:40.419,13.591692383983172,20260715_234326_front_fusion_ego_2615,egofpsfast_10,fusion_ego_2615,6722196,2,vehicle,0.06788818538188934,-44.5580961386884,-62.14327236097779,1.987547869026399,173.85545438426135,8.466081619262695,2.938288927078247,3.945194959640503,36.53697884405114,555.9895833333334,217.7777777777778,534.2120158610245,203.32745270596612,577.7671508056422,232.22810284958948,0.04068148136138916,0.9937002658843994,
2026-07-15T23:43:40.550,13.722577546956018,20260715_234326_front_fusion_ego_2615,egofpsfast_10,fusion_ego_2615,6722197,0,vehicle,0.34135332703590393,-59.098748492978046,-73.45882751991722,0.8476224516687876,110.55665605854867,4.9844207763671875,1.9334601163864136,1.8810694217681885,26.68296796838024,413.65625,226.66666666666669,394.07890551164746,217.37977991501492,433.2335944883526,235.95355341831845,0.04275260120630264,0.9987282156944275,
2026-07-15T23:43:40.550,13.722577546956018,20260715_234326_front_fusion_ego_2615,egofpsfast_10,fusion_ego_2615,6722197,1,vehicle,0.12851232290267944,-53.783116714274264,-51.25814605591158,0.8317465236789161,-128.14905315218175,4.688743591308594,1.784411907196045,1.4344085454940796,26.79522321903562,698.3229166666667,234.44444444444446,648.6694618637364,225.0182401802805,747.9763714695971,243.87064870860843,0.004499613773077726,0.9973217844963074,
2026-07-15T23:43:40.682,13.8552341950126,20260715_234326_front_fusion_ego_2615,egofpsfast_10,fusion_ego_2615,6722198,0,person,0.5272288918495178,-63.45592563527151,-76.73600737517782,1.0463333219200122,-43.610576349986836,0.25850531458854675,0.36570364236831665,1.7975324392318726,25.251145418927415,324.6979166666667,226.66666666666669,321.6874333896364,216.65418247381848,327.708399943697,236.6791508595149,0.9999357461929321,0.9960446357727051,
2026-07-15T23:43:40.682,13.8552341950126,20260715_234326_front_fusion_ego_2615,egofpsfast_10,fusion_ego_2615,6722198,1,vehicle,0.38619258999824524,-48.43824792883495,-45.50742809508523,1.8261730367325095,-153.5269006332018,8.266257286071777,2.8216347694396973,3.7348854541778564,32.94439890320148,697.2109375,217.7777777777778,627.9588148891926,198.44698296652902,766.4630601108074,237.10857258902658,0.7968807816505432,0.9977045655250549,
2026-07-15T23:43:40.682,13.8552341950126,20260715_234326_front_fusion_ego_2615,egofpsfast_10,fusion_ego_2615,6722198,2,vehicle,0.3404482901096344,-59.29700705994712,-72.3716739833419,0.9810308357548085,129.8500980605636,5.144498825073242,2.02215313911438,2.052380084991455,25.180209141942754,395.86458333333337,226.66666666666669,368.55592493464553,215.69935361544293,423.1732417320212,237.63397971789044,0.06790654361248016,0.9994587302207947,
2026-07-15T23:43:40.682,13.8552341950126,20260715_234326_front_fusion_ego_2615,egofpsfast_10,fusion_ego_2615,6722198,3,person,0.30063870549201965,-64.6229265256293,-54.23126046760544,0.829276640233161,-159.8429792906576,0.6946333050727844,0.5387537479400635,1.5486559867858887,14.952655015251851,626.0442708333334,234.44444444444446,619.286065419515,218.81629612710742,632.8024762471517,250.0725927617815,0.9999998807907104,0.9993724226951599,
2026-07-15T23:43:40.805,13.978122013970278,20260715_234326_front_fusion_ego_2615,egofpsfast_10,fusion_ego_2615,6722199,0,vehicle,0.4639989733695984,-62.15057505919572,-69.49696220922385,0.9279501353007704,59.08925253900469,5.118004322052002,2.034428596496582,2.0073676109313965,20.503876928925564,386.96875,226.66666666666669,357.13800022751093,214.10505841175717,416.79949977248907,239.2282749215762,0.027461469173431396,0.9999195337295532,
2026-07-15T23:43:40.805,13.978122013970278,20260715_234326_front_fusion_ego_2615,egofpsfast_10,fusion_ego_2615,6722199,1,person,0.3616507649421692,-64.46311649338134,-55.062192211175265,0.6210233015092173,-178.60468042575658,0.7262704372406006,0.5486735701560974,1.4238474369049072,14.352675054429037,627.15625,234.44444444444446,618.7699769288301,220.29534575011996,635.5425230711699,248.59354313876895,0.9999972581863403,0.9990369081497192,
2026-07-15T23:43:40.805,13.978122013970278,20260715_234326_front_fusion_ego_2615,egofpsfast_10,fusion_ego_2615,6722199,2,person,0.2721109390258789,-68.03960313461783,-83.16275550605519,1.1218894966018258,131.61569145052093,1.7077088356018066,0.8758448362350464,1.9207733869552612,27.95430773205758,226.84375000000003,226.66666666666669,220.25265228375795,214.49680934349698,233.4348477162421,238.8365239898364,0.9872220158576965,0.960018515586853,
2026-07-15T23:43:40.805,13.978122013970278,20260715_234326_front_fusion_ego_2615,egofpsfast_10,fusion_ego_2615,6722199,3,vehicle,0.09672225266695023,-49.61632834862386,-47.30996159181185,1.716746938327935,-175.2286196479255,8.16500186920166,2.815938711166382,3.61897349357605,30.664833826625564,688.3151041666667,217.7777777777778,627.2376598517101,200.70033000575174,749.3925484816234,234.85522554980386,0.8552212715148926,0.998318076133728,
2026-07-15T23:43:40.926,14.099182648933493,20260715_234326_front_fusion_ego_2615,egofpsfast_10,fusion_ego_2615,6722200,0,vehicle,0.49953609704971313,-59.91134318063315,-69.82283273937024,0.9202721935123619,64.87888263391041,5.274279594421387,2.066084623336792,1.977423071861267,21.872006037840563,360.28125,226.66666666666669,321.57127591222525,214.54784641663235,398.99122408777475,238.78548691670102,0.00040417120908387005,0.9999905824661255,
2026-07-15T23:43:40.926,14.099182648933493,20260715_234326_front_fusion_ego_2615,egofpsfast_10,fusion_ego_2615,6722200,1,vehicle,0.3534029424190521,-52.732467195134376,-50.3280133500408,1.9879008308031914,-98.36840079109697,8.771689414978027,3.133091926574707,3.8534975051879883,26.194511268250096,670.5234375,217.7777777777778,598.8917310535908,193.03316579924692,742.1551439464092,242.52238975630868,0.11855410784482956,0.9995970129966736,
2026-07-15T23:43:40.926,14.099182648933493,20260715_234326_front_fusion_ego_2615,egofpsfast_10,fusion_ego_2615,6722200,2,person,0.17220225930213928,-69.64123009124192,-80.85500293400052,0.6885856258235918,169.60691153771987,0.9888864755630493,0.6511265635490417,1.7709771394729614,24.84653565816317,199.04427083333334,226.66666666666669,190.61781272975108,212.9828981558482,207.4707289369156,240.35043517748517,0.9076606631278992,0.986639142036438,
2026-07-15T23:43:40.926,14.099182648933493,20260715_234326_front_fusion_ego_2615,egofpsfast_10,fusion_ego_2615,6722200,3,vehicle,0.07819656282663345,-39.610681995092484,-63.399448389876255,1.7882317228321876,174.94491253748558,8.5148344039917,2.965419292449951,3.969418525695801,38.78556002482775,520.40625,217.7777777777778,501.8596832081676,204.76349131928552,538.9528167918324,230.79206423627008,0.03126651793718338,0.9973867535591125,
2026-07-15T23:43:41.052,14.224400745006278,20260715_234326_front_fusion_ego_2615,egofpsfast_10,fusion_ego_2615,6722201,0,vehicle,0.42730215191841125,-62.374804086459946,-73.3940344551015,0.8409331882759603,13.715172190327428,5.122791290283203,2.062063455581665,1.9587372541427612,21.72341728293156,333.59375,226.66666666666669,289.4898111894727,213.11960856119794,377.6976888105273,240.21372477213544,0.024100173264741898,0.9993796348571777,
2026-07-15T23:43:41.052,14.224400745006278,20260715_234326_front_fusion_ego_2615,egofpsfast_10,fusion_ego_2615,6722201,1,vehicle,0.33096691966056824,-57.645313876393,-41.91324386167745,1.3980614249496917,-154.22258620945837,6.459436416625977,2.4775571823120117,3.1160178184509277,25.12398303993439,821.7526041666667,217.7777777777778,785.7590062419574,179.63994132147897,857.7462020913761,255.91561423407663,0.40955087542533875,0.9874851107597351,
2026-07-15T23:43:41.052,14.224400745006278,20260715_234326_front_fusion_ego_2615,egofpsfast_10,fusion_ego_2615,6722201,2,vehicle,0.17164269089698792,-50.915505930629095,-53.13206822907148,1.9742654444497676,-133.77783551841952,8.417919158935547,3.0240211486816406,3.8279175758361816,26.73511090842198,662.7395833333334,217.7777777777778,603.8687057097753,198.614476190673,721.6104609568914,236.9410793648826,0.030484512448310852,0.9950796365737915,
2026-07-15T23:43:41.052,14.224400745006278,20260715_234326_front_fusion_ego_2615,egofpsfast_10,fusion_ego_2615,6722201,3,vehicle,0.12654106318950653,-60.54338265680266,-70.17154178209664,0.9138289537885416,75.28150237920072,4.765004634857178,1.7997684478759766,2.057424783706665,20.935804785653577,350.2734375,226.66666666666669,322.59264780581,212.52412776152295,377.95422719419,240.80920557181042,0.0006230435101315379,0.9998196959495544,
2026-07-15T23:43:41.180,14.353185976971872,20260715_234326_front_fusion_ego_2615,egofpsfast_10,fusion_ego_2615,6722202,0,vehicle,0.2452084869146347,-65.81015993274151,-69.19154548622912,0.7216813253711427,137.6876430113508,4.991618633270264,1.9641917943954468,1.6641087532043457,15.760453896645192,306.90625,234.44444444444446,268.37788919359446,218.46159723069934,345.43461080640554,250.42729165818957,0.002927676774561405,0.9997088313102722,
2026-07-15T23:43:41.180,14.353185976971872,20260715_234326_front_fusion_ego_2615,egofpsfast_10,fusion_ego_2615,6722202,1,vehicle,0.23485538363456726,-41.996372569856675,-50.62510966730116,0.7151897682667587,120.46679650508752,5.3729352951049805,1.9501742124557495,1.5278832912445068,35.36332860489978,599.3567708333334,225.55555555555557,577.2653266427418,219.152972880337,621.448215023925,231.95813823077415,0.17722243070602417,0.9986549615859985,
2026-07-15T23:43:41.180,14.353185976971872,20260715_234326_front_fusion_ego_2615,egofpsfast_10,fusion_ego_2615,6722202,2,person,0.14392700791358948,-68.48221263475733,-82.21443677449824,0.9682898004218883,-162.11548822771348,0.9900335073471069,0.6629227995872498,1.783568024635315,25.785120559632343,154.56510416666669,226.66666666666669,144.6033638759206,212.70072529713315,164.52684445741278,240.63260803620022,0.9557709693908691,0.9232434034347534,
2026-07-15T23:43:41.316,14.48834728996735,20260715_234326_front_fusion_ego_2615,egofpsfast_10,fusion_ego_2615,6722203,0,vehicle,0.24457038938999176,-66.53633202864044,-70.12113380756875,0.6294914596898935,-122.18429454513327,4.481765270233154,1.8455089330673218,1.4324438571929932,15.504171836509125,253.53125000000003,234.44444444444446,201.23193153738976,220.14656719234256,305.83056846261024,248.74232169654636,0.011682874523103237,0.9999532699584961,
2026-07-15T23:43:41.316,14.48834728996735,20260715_234326_front_fusion_ego_2615,egofpsfast_10,fusion_ego_2615,6722203,1,vehicle,0.21642065048217773,-51.255082179950435,-56.624235891222185,2.366205555962285,-144.80245746212785,8.828378677368164,3.1983792781829834,4.354982376098633,24.77085124319272,644.9479166666667,217.7777777777778,583.6372758845489,192.47089432345498,706.2585574487846,243.08466123210061,0.0012151753762736917,0.9994706511497498,
2026-07-15T23:43:41.316,14.48834728996735,20260715_234326_front_fusion_ego_2615,egofpsfast_10,fusion_ego_2615,6722203,2,vehicle,0.1856948584318161,-62.006153935736876,-71.0765219729945,0.9032583964693219,100.904865976154,5.388931751251221,2.021068572998047,2.1605935096740723,19.24572151078808,289.11458333333337,226.66666666666669,240.89594853421053,210.76572696367901,337.3332181324562,242.56760636965436,0.0027760867960751057,0.9995879530906677,
2026-07-15T23:43:41.316,14.48834728996735,20260715_234326_front_fusion_ego_2615,egofpsfast_10,fusion_ego_2615,6722203,3,vehicle,0.13030508160591125,-40.652285345207545,-48.33485049716025,0.8572556072510356,-153.79531592814348,5.353682041168213,1.9038822650909424,1.6863642930984497,36.59637054530571,590.4609375,226.66666666666669,562.0911651849747,219.8301812509696,618.8307098150253,233.50315208236378,0.6662570238113403,0.9816758036613464,
2026-07-15T23:43:41.444,14.616447723004967,20260715_234326_front_fusion_ego_2615,egofpsfast_10,fusion_ego_2615,6722204,0,vehicle,0.34352537989616394,-69.77794799196744,-66.56193212755892,0.95957362766654,-93.51253668397396,4.779524803161621,1.9518184661865234,1.6447659730911255,10.268709138411506,190.1484375,243.33333333333334,122.32219834625722,220.1467110713323,257.9746766537428,266.5199555953344,0.27359598875045776,0.9999330043792725,
2026-07-15T23:43:41.444,14.616447723004967,20260715_234326_front_fusion_ego_2615,egofpsfast_10,fusion_ego_2615,6722204,1,vehicle,0.26404231786727905,-46.859318121612816,-51.82263495599611,1.9446753972315167,-103.37576720474227,8.392280578613281,3.071129322052002,3.8170976638793945,29.145665375764874,634.9401041666667,217.7777777777778,578.0961778710287,199.5789127217399,691.7840304623048,235.9766428338157,0.08650313317775726,0.9973134398460388,
2026-07-15T23:43:41.444,14.616447723004967,20260715_234326_front_fusion_ego_2615,egofpsfast_10,fusion_ego_2615,6722204,2,vehicle,0.14266441762447357,-40.918452852601554,-50.31888392302774,0.8559548270331023,-102.6090631406999,5.321474552154541,1.9199546575546265,1.7906205654144287,35.27423703600104,581.5651041666667,225.55555555555557,551.6876037518184,218.23993239137863,611.4426045815151,232.8711787197325,0.9695534110069275,0.9867584109306335,
2026-07-15T23:43:41.444,14.616447723004967,20260715_234326_front_fusion_ego_2615,egofpsfast_10,fusion_ego_2615,6722204,3,vehicle,0.10950791090726852,-62.95727195447026,-76.11707700970429,1.160094194994879,94.86377052683697,4.560041427612305,1.8603647947311401,2.0234458446502686,21.989960284596258,235.73958333333334,226.66666666666669,191.6283527587851,212.01201270023984,279.8508139078816,241.32132063309353,0.21303704380989075,0.9680044054985046,
2026-07-15T23:43:41.567,14.739915882935748,20260715_234326_front_fusion_ego_2615,egofpsfast_10,fusion_ego_2615,6722205,0,vehicle,0.247534841299057,-43.65849386141998,-58.92671040266267,0.6380773718226893,-81.59704381897922,5.126191139221191,1.8546056747436523,1.501473307609558,31.099094382731273,555.9895833333334,226.66666666666669,534.5326355521878,219.8574226597945,577.446531114479,233.47591067353886,0.017911087721586227,0.9656437635421753,
2026-07-15T23:43:41.567,14.739915882935748,20260715_234326_front_fusion_ego_2615,egofpsfast_10,fusion_ego_2615,6722205,1,vehicle,0.20681221783161163,-68.47455661985195,-66.41785026174801,1.0484150395186878,178.1226546921359,4.730501651763916,1.8883187770843506,2.0208005905151367,10.451678645727615,154.56510416666669,243.33333333333334,87.07322993377845,206.60792668660483,222.0569783995549,280.0587399800619,0.6012657880783081,0.999755322933197,
2026-07-15T23:43:41.567,14.739915882935748,20260715_234326_front_fusion_ego_2615,egofpsfast_10,fusion_ego_2615,6722205,2,vehicle,0.1934262365102768,-45.893027070017126,-46.309597464327666,1.9157291639988943,155.18438799165716,8.134017944335938,2.9798991680145264,3.9170420169830322,31.14423322052202,626.0442708333334,217.7777777777778,567.2776794334253,197.73406790362466,684.8108622332414,237.82148765193094,0.02194327861070633,0.9927980899810791,
2026-07-15T23:43:41.567,14.739915882935748,20260715_234326_front_fusion_ego_2615,egofpsfast_10,fusion_ego_2615,6722205,3,vehicle,0.061935245990753174,-40.072948675270865,-50.94718503498319,0.8069219910892558,-105.74400777340897,5.408187389373779,1.973487138748169,1.7147789001464844,35.38963939198049,572.6692708333334,225.55555555555557,545.0582460140189,219.1194197866652,600.2802956526479,231.99169132444595,0.506683886051178,0.9952110648155212,
2026-07-15T23:43:41.691,14.863704157993197,20260715_234326_front_fusion_ego_2615,egofpsfast_10,fusion_ego_2615,6722206,0,vehicle,0.6446318030357361,-46.5228112289744,-49.17887784390575,1.968018236137727,-93.61892127021774,8.468656539916992,3.0064165592193604,4.0397114753723145,29.033237679494942,617.1484375,217.7777777777778,560.9048664420843,195.44942842589487,673.3920085579157,240.10612712966073,0.018417654559016228,0.9996254444122314,
2026-07-15T23:43:41.691,14.863704157993197,20260715_234326_front_fusion_ego_2615,egofpsfast_10,fusion_ego_2615,6722206,1,vehicle,0.1066703051328659,-41.18246218393067,-51.229399670931016,0.7319195342855498,-121.97656434383875,4.900519371032715,1.7357233762741089,1.6277008056640625,33.67651548405494,555.9895833333334,226.66666666666669,534.029365443935,220.190221319596,577.9498012227317,233.14311201373738,0.11255832016468048,0.9436736106872559,
2026-07-15T23:43:41.811,14.98413727094885,20260715_234326_front_fusion_ego_2615,egofpsfast_10,fusion_ego_2615,6722207,0,vehicle,0.33160457015037537,-46.299853461958094,-48.5071723296748,1.9405301005340725,-127.20056576393365,8.506659507751465,3.027975559234619,3.762664556503296,28.906587548542763,600.46875,217.7777777777778,540.1543448865414,197.04185770617593,660.7831551134586,238.51369784937967,0.01074352115392685,0.9994680285453796,
2026-07-15T23:43:41.811,14.98413727094885,20260715_234326_front_fusion_ego_2615,egofpsfast_10,fusion_ego_2615,6722207,1,vehicle,0.22599638998508453,-72.11014410021107,-59.256321494129885,0.9545062206884687,-82.69317220754562,4.360764026641846,1.731071949005127,1.6646593809127808,1.854032483986184,93.40625,278.8888888888889,64.41885063797235,178.07275586658054,122.39364936202766,379.70502191119726,0.03361023962497711,0.2805592715740204,
2026-07-15T23:43:41.811,14.98413727094885,20260715_234326_front_fusion_ego_2615,egofpsfast_10,fusion_ego_2615,6722207,2,vehicle,0.19698378443717957,-39.75839966081307,-49.434919130397255,0.6839102808547572,-143.95597035416495,4.911020278930664,1.7546744346618652,1.5008360147476196,34.89984132060367,538.1979166666667,226.66666666666669,515.4662415968876,220.6679768363635,560.9295917364459,232.66535649696988,0.14777877926826477,0.6479387879371643,
2026-07-15T23:43:41.811,14.98413727094885,20260715_234326_front_fusion_ego_2615,egofpsfast_10,fusion_ego_2615,6722207,3,person,0.10101953148841858,-58.31736895365316,-63.552345758247164,0.9401353797016143,142.58979267859382,0.6556111574172974,0.5271971821784973,1.8801110982894897,16.132302990251233,199.04427083333334,226.66666666666669,192.33829442908367,213.53930095831555,205.750247237583,239.79403237501782,0.9969998002052307,0.9959553480148315,
2026-07-15T23:43:41.930,15.102815893944353,20260715_234326_front_fusion_ego_2615,egofpsfast_10,fusion_ego_2615,6722208,0,vehicle,0.626835286617279,-47.18469309764089,-49.64655337180419,1.9288903727228202,-89.21121936428597,8.672369003295898,3.073997735977173,3.7766826152801514,27.144093435614597,590.4609375,217.7777777777778,530.7047786414623,198.11440156565774,650.2170963585377,237.44115398989786,0.005918128415942192,0.9997071623802185,
2026-07-15T23:43:41.930,15.102815893944353,20260715_234326_front_fusion_ego_2615,egofpsfast_10,fusion_ego_2615,6722208,1,person,0.08976608514785767,-60.57393827973081,-63.37324760527568,0.9878041971671832,-124.79986013337901,1.0248998403549194,0.6065460443496704,1.8578002452850342,13.397936891725356,172.35677083333334,234.44444444444446,163.51971674275896,218.79555728700427,181.19382492390773,250.09333160188464,0.9984789490699768,0.9963094592094421,
2026-07-15T23:43:42.055,15.227510800934397,20260715_234326_front_fusion_ego_2615,egofpsfast_10,fusion_ego_2615,6722209,0,vehicle,0.8134059309959412,-44.78220336019234,-46.37690884011096,1.778364018386565,170.26018302337,8.464128494262695,2.9998347759246826,3.799762010574341,30.022450276701534,581.5651041666667,217.7777777777778,527.6629910717409,198.41147945986856,635.4672172615926,237.14407609568704,0.008839630521833897,0.9999061822891235,
2026-07-15T23:43:42.055,15.227510800934397,20260715_234326_front_fusion_ego_2615,egofpsfast_10,fusion_ego_2615,6722209,1,person,0.16875164210796356,-60.47081059469107,-51.0236180159075,1.1483106261702152,10.441653824029151,0.5780662894248962,0.4751083552837372,1.8776369094848633,13.915804569626577,146.78125,234.44444444444446,136.43830109015107,211.8939456012514,157.12419890984893,256.9949432876375,0.9999597072601318,0.9968159794807434,
2026-07-15T23:43:42.055,15.227510800934397,20260715_234326_front_fusion_ego_2615,egofpsfast_10,fusion_ego_2615,6722209,2,vehicle,0.11731874942779541,-63.25952227175135,-45.53248541423436,1.133956422697648,-34.08469638076348,4.286429405212402,1.770467758178711,1.8429739475250244,15.645081365428133,849.5520833333334,253.33333333333334,841.0779917494705,213.7748952706655,858.0261749171963,292.8917713960012,0.24852725863456726,0.3320175111293793,
2026-07-15T23:43:42.190,15.362795804976486,20260715_234326_front_fusion_ego_2615,egofpsfast_10,fusion_ego_2615,6722210,0,vehicle,0.8064346313476562,-43.776344278564146,-48.59325432602497,1.9159604287926233,-179.76355688835375,8.768451690673828,3.112989664077759,3.971043825149536,29.643608982893472,572.6692708333334,217.7777777777778,522.3296871234974,200.57700382338632,623.0088545431694,234.97855173216928,0.004671344067901373,0.9999899864196777,
2026-07-15T23:43:42.190,15.362795804976486,20260715_234326_front_fusion_ego_2615,egofpsfast_10,fusion_ego_2615,6722210,1,person,0.2127266824245453,-57.75709878043691,-44.3272510195661,0.9246831991260085,-133.74972479682575,0.5765513777732849,0.49526792764663696,1.7749316692352295,19.802932424438318,127.87760416666667,226.66666666666669,117.90649784045915,207.93147424856824,137.8487104928742,245.40185908476514,0.9976043105125427,0.9904502034187317,
2026-07-15T23:43:42.308,15.480971502955072,20260715_234326_front_fusion_ego_2615,egofpsfast_10,fusion_ego_2615,6722211,0,vehicle,0.7680023908615112,-42.48784423847841,-49.80128179006952,2.159678311326566,-178.35080724670664,9.743699073791504,3.466141700744629,4.329892158508301,29.9857885048355,564.8854166666667,216.66666666666669,503.0458493928115,195.46535829703015,626.724983940522,237.86797503630322,0.005942911375313997,0.9999995231628418,
2026-07-15T23:43:42.308,15.480971502955072,20260715_234326_front_fusion_ego_2615,egofpsfast_10,fusion_ego_2615,6722211,1,person,0.14950622618198395,-58.91764880624031,-45.92557891205333,1.0394975174316787,170.79713797855197,0.71182781457901,0.5301417708396912,1.838099718093872,17.478851811879945,102.30208333333334,226.66666666666669,90.95730426659188,205.97218314806622,113.64686240007481,247.36115018526715,0.9958333969116211,0.970852255821228,
2026-07-15T23:43:42.433,15.605922860908322,20260715_234326_front_fusion_ego_2615,egofpsfast_10,fusion_ego_2615,6722212,0,vehicle,0.5681185722351074,-42.45896717202559,-48.630925780140295,1.801504533180072,165.6555395828883,8.897809982299805,3.1499223709106445,3.935380458831787,29.85396107893771,555.9895833333334,217.7777777777778,501.81209479769075,199.375533329116,610.167071868976,236.1800222264396,0.013803566806018353,0.9999945163726807,
2026-07-15T23:43:42.433,15.605922860908322,20260715_234326_front_fusion_ego_2615,egofpsfast_10,fusion_ego_2615,6722212,1,person,0.3270813524723053,-60.79833654605082,-46.08490774059251,0.9118855428010362,-137.6856017564002,0.54493248462677,0.4295443892478943,1.7274783849716187,15.764634951277046,75.61458333333334,234.44444444444446,60.415795204540096,211.23290446069507,90.81337146212658,257.65598442819385,0.9988763928413391,0.9977195858955383,
2026-07-15T23:43:42.433,15.605922860908322,20260715_234326_front_fusion_ego_2615,egofpsfast_10,fusion_ego_2615,6722212,2,person,0.153558611869812,-56.24037666174705,-59.12826412259583,0.6838503248898338,133.19515560033048,0.5890069603919983,0.46141675114631653,1.6254277229309082,14.489682845005408,146.78125,226.66666666666669,136.24290758371353,212.96954343716305,157.31959241628647,240.36378989617032,0.9986311793327332,0.7707505226135254,
2026-07-15T23:43:42.554,15.726404850021936,20260715_234326_front_fusion_ego_2615,egofpsfast_10,fusion_ego_2615,6722213,0,vehicle,0.9229312539100647,-44.08827466930357,-48.326307274526016,1.808136515788831,-167.1654028383569,8.894328117370605,3.1138508319854736,4.0924835205078125,27.933774967616575,554.8776041666667,216.66666666666669,503.14802316824597,195.6997565428416,606.6071851650875,237.63357679049176,0.027071524411439896,0.9999980926513672,
2026-07-15T23:43:42.554,15.726404850021936,20260715_234326_front_fusion_ego_2615,egofpsfast_10,fusion_ego_2615,6722213,1,person,0.4681606888771057,-61.06587542685266,-47.21410410998061,1.0191981856767915,-173.95847178900965,0.4127539396286011,0.4563756585121155,1.6546489000320435,14.396740835224486,56.71093750000001,234.44444444444446,38.62825829163194,210.98782029416827,74.79361670836806,257.90106859472064,0.999620795249939,0.9989233613014221,
2026-07-15T23:43:42.554,15.726404850021936,20260715_234326_front_fusion_ego_2615,egofpsfast_10,fusion_ego_2615,6722213,2,vehicle,0.2973952293395996,-46.38535360170472,-42.37836200349979,1.6109541435087786,-109.2028514549158,7.730479717254639,2.788550615310669,3.645904064178467,28.646429461894627,662.7395833333334,217.7777777777778,615.3978022461137,195.3987436162101,710.0813644205531,240.1568119393455,0.04183207452297211,0.9990645051002502,
2026-07-15T23:43:42.672,15.84491496393457,20260715_234326_front_fusion_ego_2615,egofpsfast_10,fusion_ego_2615,6722214,0,vehicle,0.9103695750236511,-42.88324865417199,-48.082014294984425,1.7071139758403078,-159.45991723973006,8.552373886108398,3.0073540210723877,3.8446922302246094,28.658873428583842,545.9817708333334,217.7777777777778,496.1012214844426,199.59426210986246,595.8623201822242,235.96129344569314,0.09945467859506607,0.999994158744812,
2026-07-15T23:43:42.672,15.84491496393457,20260715_234326_front_fusion_ego_2615,egofpsfast_10,fusion_ego_2615,6722214,1,person,0.452951043844223,-64.1578467537927,-56.05885746281646,1.0937353458058379,-10.925519075280981,1.040614366531372,0.6221758723258972,1.5638885498046875,5.955627537932359,21.127604166666668,235.55555555555557,-5.075712521870932,213.10060057375168,47.33092085520427,258.01051053735944,0.9991673231124878,0.999687910079956,
2026-07-15T23:43:42.672,15.84491496393457,20260715_234326_front_fusion_ego_2615,egofpsfast_10,fusion_ego_2615,6722214,2,vehicle,0.25174278020858765,-45.832717846292994,-42.24085172386777,1.6794954977460135,-128.08399428589075,7.480704307556152,2.743675708770752,3.5227060317993164,28.751027785395316,652.7317708333334,217.7777777777778,607.1887648527821,195.8247052298652,698.2747768138846,239.7308503256904,0.8251464366912842,0.9752393364906311,
2026-07-15T23:43:42.672,15.84491496393457,20260715_234326_front_fusion_ego_2615,egofpsfast_10,fusion_ego_2615,6722214,3,vehicle,0.07543808966875076,-45.40223767143161,-42.113299965492786,1.9626351436562617,-131.07503662852173,8.528273582458496,2.9943878650665283,4.026663303375244,29.182284333072687,680.53125,217.7777777777778,620.9583205729723,193.00601111518014,740.1041794270277,242.54954444037546,0.0001870083506219089,0.9999828338623047,
2026-07-15T23:43:42.806,15.978383812936954,20260715_234326_front_fusion_ego_2615,egofpsfast_10,fusion_ego_2615,6722215,0,vehicle,0.8233539462089539,-42.62433078566859,-51.16306317426673,1.5422745507400322,167.18096034382717,8.454105377197266,2.984325647354126,3.7364606857299805,27.45656844847359,538.1979166666667,217.7777777777778,488.78662032882374,199.7401367293464,587.6092130045097,235.8154188262092,0.011043673381209373,0.9999983310699463,
2026-07-15T23:43:42.806,15.978383812936954,20260715_234326_front_fusion_ego_2615,egofpsfast_10,fusion_ego_2615,6722215,1,vehicle,0.09625431895256042,-47.62248375342958,-44.25095469146301,1.8095592613201532,-131.24556329821382,7.115081310272217,2.6516687870025635,3.4548442363739014,25.722463626387803,652.7317708333334,217.7777777777778,601.8654112567505,195.7284282313453,703.5981304099163,239.8271273242103,0.07039732486009598,0.9984720349311829,
2026-07-15T23:43:42.806,15.978383812936954,20260715_234326_front_fusion_ego_2615,egofpsfast_10,fusion_ego_2615,6722215,2,vehicle,0.0728805884718895,-33.0704751465098,-60.39524011290382,0.6577377902929917,111.28522136165564,5.160630702972412,1.9499138593673706,1.806682825088501,36.111612433085874,458.1354166666667,225.55555555555557,445.29935891802114,219.25662103626465,470.97147441531223,231.8544900748465,0.04621651768684387,0.9990248680114746,
2026-07-15T23:43:42.938,16.110877904924564,20260715_234326_front_fusion_ego_2615,egofpsfast_10,fusion_ego_2615,6722216,0,vehicle,0.7494640350341797,-44.12768211564634,-54.0055818950308,1.5120594378932655,158.06184121403024,8.245428085327148,2.942227602005005,3.6959025859832764,24.87357619481023,529.3020833333334,217.7777777777778,478.43796664228046,199.25117181407083,580.1662000243863,236.30438374148477,0.031100226566195488,0.9999909400939941,
2026-07-15T23:43:42.938,16.110877904924564,20260715_234326_front_fusion_ego_2615,egofpsfast_10,fusion_ego_2615,6722216,1,vehicle,0.1672346293926239,-43.485246510888174,-43.3282849125086,1.9711573202786425,-109.84016052155916,7.18357515335083,2.676823139190674,3.844390630722046,29.296516381717588,636.0520833333334,217.7777777777778,601.6362488021454,192.91527734862436,670.4679178645214,242.64027820693124,0.18956518173217773,0.9958122372627258,
2026-07-15T23:43:42.938,16.110877904924564,20260715_234326_front_fusion_ego_2615,egofpsfast_10,fusion_ego_2615,6722216,2,vehicle,0.15162670612335205,-33.75654690099592,-60.91803786350441,0.6131544816647727,127.71209444246061,5.185312747955322,1.9568085670471191,1.8063476085662842,34.9596503890807,449.23958333333337,225.55555555555557,433.2549740125736,218.52580893370842,465.22419265409314,232.58530217740272,0.005198580212891102,0.9922766089439392,
2026-07-15T23:43:43.072,16.244718995993026,20260715_234326_front_fusion_ego_2615,egofpsfast_10,fusion_ego_2615,6722217,0,vehicle,0.604024350643158,-43.225128823803736,-54.645512959233216,1.513797828127366,139.31009649788433,8.155412673950195,2.933575391769409,3.77415132522583,25.174876478091587,520.40625,217.7777777777778,462.47621990740305,200.67011223898996,578.336280092597,234.88544331656564,0.02444046176970005,0.999970555305481,
2026-07-15T23:43:43.072,16.244718995993026,20260715_234326_front_fusion_ego_2615,egofpsfast_10,fusion_ego_2615,6722217,1,vehicle,0.10745146870613098,-45.07439148420822,-43.94983637355107,1.939905454417314,-122.13314815905689,7.663650989532471,2.7818679809570312,3.7241411209106445,27.198445620297523,652.7317708333334,217.7777777777778,599.5637303118905,193.71067391501535,705.8998113547763,241.84488164054025,0.030668703839182854,0.9633591771125793,
2026-07-15T23:43:43.072,16.244718995993026,20260715_234326_front_fusion_ego_2615,egofpsfast_10,fusion_ego_2615,6722217,2,vehicle,0.06564084440469742,-49.78878379668391,-41.80818892109555,0.7954378510420064,128.25468559447367,4.421002388000488,1.7314434051513672,1.434918761253357,24.726671874758345,716.1145833333334,234.44444444444446,677.2785718043646,225.38805690076617,754.9505948623022,243.50083198812274,0.7034991383552551,0.9997783303260803,
2026-07-15T23:43:43.201,16.373651808942668,20260715_234326_front_fusion_ego_2615,egofpsfast_10,fusion_ego_2615,6722218,0,vehicle,0.6886265873908997,-43.07108574332966,-53.2046471782717,1.474476260617813,142.50036002339445,8.183355331420898,2.938262701034546,3.6063411235809326,25.107816312319432,511.5104166666667,217.7777777777778,453.64519801239175,200.65839456187356,569.3756353209417,234.89716099368204,0.016524968668818474,0.999957799911499,
2026-07-15T23:43:43.201,16.373651808942668,20260715_234326_front_fusion_ego_2615,egofpsfast_10,fusion_ego_2615,6722218,1,vehicle,0.25260990858078003,-48.65152168912196,-40.1490718593856,0.678051732260216,174.39086245033374,4.856881618499756,1.8178290128707886,1.3686853647232056,26.34101547777084,716.1145833333334,234.44444444444446,678.3285730977854,223.98856249120502,753.9005935688814,244.9003263976839,0.5593939423561096,0.9999911785125732,
2026-07-15T23:43:43.201,16.373651808942668,20260715_234326_front_fusion_ego_2615,egofpsfast_10,fusion_ego_2615,6722218,2,vehicle,0.168756902217865,-44.239538122992755,-47.191571668702096,0.47175997156870286,142.8364786303476,4.870388507843018,1.924665927886963,1.3308370113372803,25.959793142574128,688.3151041666667,234.44444444444446,653.1206352214019,225.52799668576984,723.5095731119316,243.36089220311908,0.79231196641922,0.9956638216972351,
2026-07-15T23:43:43.201,16.373651808942668,20260715_234326_front_fusion_ego_2615,egofpsfast_10,fusion_ego_2615,6722218,3,vehicle,0.0813247412443161,-41.04961237304216,-43.434345516530065,2.136586653612051,-125.73787557908712,7.670638561248779,2.844916343688965,3.8046770095825195,30.512183851715896,652.7317708333334,217.7777777777778,607.5752188016971,197.85760329829324,697.8883228649696,237.69795225726236,0.03906694054603577,0.9405328631401062,
2026-07-15T23:43:43.330,16.503128284937702,20260715_234326_front_fusion_ego_2615,egofpsfast_10,fusion_ego_2615,6722219,0,vehicle,0.6101610660552979,-43.75013167748671,-57.59559500354356,1.4646557641084494,136.7651651036021,8.128548622131348,2.908205032348633,3.666578531265259,23.428040394413113,502.61458333333337,216.66666666666669,444.753156905373,197.59029547373456,560.4760097612938,235.74303785959881,0.002406182698905468,0.9999412298202515,
2026-07-15T23:43:43.330,16.503128284937702,20260715_234326_front_fusion_ego_2615,egofpsfast_10,fusion_ego_2615,6722219,1,vehicle,0.2837769389152527,-38.4567910009045,-43.13956983667913,2.1157390499214728,-118.2210503041222,9.518433570861816,3.351353406906128,4.3101420402526855,32.513157551978715,634.9401041666667,217.7777777777778,595.9572329471509,195.00004576312173,673.9229753861825,240.55550979243387,0.002757543697953224,0.9997031092643738,
2026-07-15T23:43:43.330,16.503128284937702,20260715_234326_front_fusion_ego_2615,egofpsfast_10,fusion_ego_2615,6722219,2,vehicle,0.10546304285526276,-48.7156067414562,-56.075661160080706,0.6489450738625369,-11.378230667412403,4.633879661560059,1.822090744972229,1.386704921722412,18.61272967148053,680.53125,234.44444444444446,642.5617399141192,224.4628280070093,718.5007600858808,244.4260608818796,0.04167715460062027,0.9995243549346924,
2026-07-15T23:43:43.330,16.503128284937702,20260715_234326_front_fusion_ego_2615,egofpsfast_10,fusion_ego_2615,6722219,3,vehicle,0.09689889848232269,-48.43435151431942,-42.05839243550273,0.7677737679142798,141.9398338860112,4.718723773956299,1.7310106754302979,1.5204674005508423,24.860943192704003,715.0026041666667,234.44444444444446,680.927875938515,223.94859400060443,749.0773323948185,244.94029488828448,0.4028640687465668,0.9999803304672241,
2026-07-15T23:43:43.330,16.503128284937702,20260715_234326_front_fusion_ego_2615,egofpsfast_10,fusion_ego_2615,6722219,4,vehicle,0.05870075896382332,-41.194062330451345,-44.99292167499546,1.9469446086011395,-170.91906597728345,7.579662799835205,2.817432403564453,3.7820885181427,29.226009723181306,662.7395833333334,217.7777777777778,614.3164546390375,199.6125994788276,711.1627120276293,235.942956076728,0.016285106539726257,0.8890143632888794,
2026-07-15T23:43:43.330,16.503128284937702,20260715_234326_front_fusion_ego_2615,egofpsfast_10,fusion_ego_2615,6722219,5,vehicle,0.05627667158842087,-35.43535319087035,-58.31806842582926,0.7104208522078452,-152.37986445093804,4.785040378570557,1.8100502490997314,1.7635645866394043,31.739023103602026,431.4479166666667,225.55555555555557,412.40619233126444,218.18145352933143,450.48964100206894,232.9296575817797,0.00936868879944086,0.9992170333862305,
2026-07-15T23:43:43.458,16.62976775493007,20260715_234326_front_fusion_ego_2615,egofpsfast_10,fusion_ego_2615,6722220,0,vehicle,0.6212527751922607,-43.22357501165385,-55.3631950609049,1.5297783307654167,132.27975553914376,8.474581718444824,2.9973256587982178,3.678161382675171,23.67150733631288,493.71875000000006,216.66666666666669,433.0816811472178,197.1307061115901,554.3558188527822,236.20262722174328,0.0032612637151032686,0.9999861717224121,
2026-07-15T23:43:43.458,16.62976775493007,20260715_234326_front_fusion_ego_2615,egofpsfast_10,fusion_ego_2615,6722220,1,vehicle,0.29989752173423767,-39.87441764938984,-44.19680844506837,2.1608215909264072,-173.9863139853187,10.419539451599121,3.5546860694885254,4.575592994689941,30.356525571409072,627.15625,217.7777777777778,571.2352026998997,194.30480466948617,683.0772973001003,241.25075088606943,0.0005801732768304646,0.9999964237213135,
2026-07-15T23:43:43.458,16.62976775493007,20260715_234326_front_fusion_ego_2615,egofpsfast_10,fusion_ego_2615,6722220,2,vehicle,0.15997551381587982,-49.04321098566026,-59.16898588661884,0.7845537969407268,129.6427916496325,5.333626747131348,1.9436447620391846,1.7241171598434448,17.688982674572237,707.21875,234.44444444444446,664.2335497662425,224.05403431918887,750.2039502337575,244.83485456970004,0.04797995463013649,0.9999748468399048,
2026-07-15T23:43:43.458,16.62976775493007,20260715_234326_front_fusion_ego_2615,egofpsfast_10,fusion_ego_2615,6722220,3,vehicle,0.052638981491327286,-37.95411602513494,-49.35838874033445,1.8090518060736152,-91.82994576281645,8.864376068115234,3.0571885108947754,4.1479997634887695,30.133458367470045,599.3567708333334,217.7777777777778,560.27057099094,200.8510165082084,638.4429706757268,234.7045390473472,0.4647451937198639,0.9996999502182007,
2026-07-15T23:43:43.582,16.754323891014792,20260715_234326_front_fusion_ego_2615,egofpsfast_10,fusion_ego_2615,6722221,0,vehicle,0.7953976392745972,-44.72522364193442,-54.066281950580844,1.5082939278952487,125.48488378545917,8.247806549072266,2.905628204345703,3.885286331176758,21.95041352153165,492.60677083333337,216.66666666666669,435.7868004639944,192.21264878908795,549.4267412026724,241.12068454424542,0.016674717888236046,0.9999910593032837,
2026-07-15T23:43:43.582,16.754323891014792,20260715_234326_front_fusion_ego_2615,egofpsfast_10,fusion_ego_2615,6722221,1,vehicle,0.2884104251861572,-40.57584987901794,-44.27815407591715,2.030058754634827,-175.39868148989117,9.958015441894531,3.4607229232788086,4.3516764640808105,29.29651775612608,627.15625,217.7777777777778,563.0370202362537,193.8379948006736,691.2754797637463,241.717560754882,0.0012844415614381433,0.9999731779098511,
2026-07-15T23:43:43.582,16.754323891014792,20260715_234326_front_fusion_ego_2615,egofpsfast_10,fusion_ego_2615,6722221,2,vehicle,0.2324596643447876,-50.991530511905836,-58.82604934891531,0.7987434899765642,25.144099214396185,4.795708179473877,1.8580083847045898,1.353974461555481,15.276941556172842,707.21875,234.44444444444446,671.0138531699777,224.78997972276477,743.4236468300223,244.09890916612414,0.006061378866434097,0.999995231628418,
2026-07-15T23:43:43.582,16.754323891014792,20260715_234326_front_fusion_ego_2615,egofpsfast_10,fusion_ego_2615,6722221,3,vehicle,0.07406561821699142,-50.66976247033638,-52.21034943668084,0.48137531900437214,9.634896904596882,4.180720329284668,1.6842807531356812,1.5756665468215942,16.786215524971954,679.4192708333334,234.44444444444446,640.3052560289701,217.79367532995013,718.5332856376966,251.09521355893878,0.945186972618103,0.9864811897277832,
2026-07-15T23:43:43.701,16.874111117911525,20260715_234326_front_fusion_ego_2615,egofpsfast_10,fusion_ego_2615,6722222,0,vehicle,0.6531041860580444,-44.690387788211844,-55.38926098179215,1.4718772418127428,139.12491949318115,7.85784387588501,2.7931439876556396,3.682914972305298,21.32190792203838,483.71093750000006,216.66666666666669,427.10322363674646,195.35404483477276,540.3186513632536,237.9792884985606,0.008341226726770401,0.9999406337738037,
2026-07-15T23:43:43.701,16.874111117911525,20260715_234326_front_fusion_ego_2615,egofpsfast_10,fusion_ego_2615,6722222,1,vehicle,0.34952670335769653,-41.07887982031917,-45.63871580099398,2.313720440671016,174.25578200639407,10.421365737915039,3.624473810195923,4.633539199829102,27.82488766966377,626.0442708333334,217.7777777777778,565.2924362321695,190.85921751128305,686.7961054344972,244.69633804427255,0.0008267384255304933,0.9999761581420898,
2026-07-15T23:43:43.834,17.006693654926494,20260715_234326_front_fusion_ego_2615,egofpsfast_10,fusion_ego_2615,6722223,0,vehicle,0.7497460842132568,-44.45371348278267,-54.321040932274116,1.5579528666163844,118.65839669028557,8.014717102050781,2.861182928085327,3.8017373085021973,21.3009962150805,475.92708333333337,216.66666666666669,413.8451317151388,195.14771858851117,538.009034951528,238.1856147448222,0.00820610299706459,0.9999895095825195,
2026-07-15T23:43:43.834,17.006693654926494,20260715_234326_front_fusion_ego_2615,egofpsfast_10,fusion_ego_2615,6722223,1,vehicle,0.3095320165157318,-40.778269718089206,-51.10912753878052,2.2335690412900693,150.4942518879793,10.227144241333008,3.5359621047973633,4.489326477050781,25.64854382521884,626.0442708333334,217.7777777777778,567.519115721186,192.80879186259378,684.5694259454807,242.74676369296182,0.003989329095929861,0.9999570846557617,
2026-07-15T23:43:43.834,17.006693654926494,20260715_234326_front_fusion_ego_2615,egofpsfast_10,fusion_ego_2615,6722223,2,vehicle,0.15832896530628204,-31.267662849272675,-65.33942739555351,1.8898633266720652,-112.13737961434046,8.383162498474121,3.0701584815979004,3.8121838569641113,34.805591763454956,350.2734375,216.66666666666669,318.8608585074544,200.06306151549023,381.6860164925456,233.27027181784314,0.012338750064373016,0.9998708963394165,
2026-07-15T23:43:43.834,17.006693654926494,20260715_234326_front_fusion_ego_2615,egofpsfast_10,fusion_ego_2615,6722223,3,vehicle,0.12557126581668854,-43.31757780380794,-64.97540807811505,1.0295651453791506,48.88796821534247,7.114015102386475,2.7989044189453125,2.6427664756774902,23.02107975350586,840.65625,225.55555555555557,808.9534384384751,204.3692747089598,872.359061561525,246.74183640215134,0.022916678339242935,0.9189887046813965,
2026-07-15T23:43:43.834,17.006693654926494,20260715_234326_front_fusion_ego_2615,egofpsfast_10,fusion_ego_2615,6722223,4,vehicle,0.09240167587995529,-50.81618176323566,-56.084136489964294,0.8331710228009936,-54.76292802668214,4.332943439483643,1.7734707593917847,1.518500566482544,14.743026148768886,697.2109375,234.44444444444446,665.6960224807262,221.03154685762195,728.7258525192738,247.85734203126697,0.9880179166793823,0.9906936287879944,
2026-07-15T23:43:43.957,17.12966910097748,20260715_234326_front_fusion_ego_2615,egofpsfast_10,fusion_ego_2615,6722224,0,vehicle,0.5212963819503784,-44.68888736024547,-54.71794952754711,1.5436266766503866,130.5799844622582,7.882732391357422,2.7799506187438965,3.78594970703125,20.573282719542284,465.91927083333337,216.66666666666669,413.8847114865979,192.4174515406291,517.9538301800688,240.91588179270428,0.011201830580830574,0.9999874830245972,
2026-07-15T23:43:43.957,17.12966910097748,20260715_234326_front_fusion_ego_2615,egofpsfast_10,fusion_ego_2615,6722224,1,vehicle,0.15775762498378754,-32.20929705987597,-66.74284717170312,1.8649817733988632,-114.79209469205873,7.789769649505615,2.7163572311401367,3.735177516937256,33.78595598855381,342.48958333333337,216.66666666666669,315.06314958383643,201.21179978052777,369.9160170828303,232.1215335528056,0.0013507091207429767,0.999988317489624,
2026-07-15T23:43:43.957,17.12966910097748,20260715_234326_front_fusion_ego_2615,egofpsfast_10,fusion_ego_2615,6722224,2,vehicle,0.15278638899326324,-48.806976317481954,-44.38022777342843,0.8565975744393923,-148.86277053591473,5.0432448387146,1.8940352201461792,1.6132973432540894,21.355196210657173,697.2109375,235.55555555555557,660.401358731091,223.39353743526672,734.020516268909,247.71757367584442,0.9844560623168945,0.999980092048645,
2026-07-15T23:43:43.957,17.12966910097748,20260715_234326_front_fusion_ego_2615,egofpsfast_10,fusion_ego_2615,6722224,3,vehicle,0.11787964403629303,-38.062978071268006,-49.528566293176226,2.395056256255903,148.44711471404554,11.025490760803223,3.74008846282959,4.785616397857666,28.302761607693313,618.2604166666667,217.7777777777778,547.9136386613052,191.653348075019,688.6071946720283,243.9022074805366,2.728816070884932e-05,0.9966322779655457,
2026-07-15T23:43:44.072,17.244680283009075,20260715_234326_front_fusion_ego_2615,egofpsfast_10,fusion_ego_2615,6722225,0,vehicle,0.509817361831665,-44.11136527629682,-53.71009210582791,1.4399054087684755,122.53154370933342,7.641392707824707,2.717118740081787,3.501629590988159,20.903227273088344,449.23958333333337,217.7777777777778,403.7248504360517,196.4181904660331,494.754316230615,239.1373650895225,0.0263686440885067,0.9998986721038818,
2026-07-15T23:43:44.072,17.244680283009075,20260715_234326_front_fusion_ego_2615,egofpsfast_10,fusion_ego_2615,6722225,1,vehicle,0.2900927662849426,-40.44337508790241,-42.93294566337831,2.3946925692468124,-171.55773964364423,10.065354347229004,3.549593925476074,4.454578399658203,28.57688458508985,626.0442708333334,217.7777777777778,568.1412253578504,195.5160509215461,683.9473163088163,240.0395046340095,5.5174656154122204e-05,0.9998775720596313,
2026-07-15T23:43:44.072,17.244680283009075,20260715_234326_front_fusion_ego_2615,egofpsfast_10,fusion_ego_2615,6722225,2,vehicle,0.24211536347866058,-29.900559813836963,-64.166123384364,1.9879828351809525,-122.97036776860328,8.437074661254883,2.933950185775757,4.120701313018799,35.08641501850762,342.48958333333337,217.7777777777778,319.60523138691985,199.85866175757516,365.3739352797469,235.69689379798044,0.020218482241034508,0.9999691247940063,
2026-07-15T23:43:44.072,17.244680283009075,20260715_234326_front_fusion_ego_2615,egofpsfast_10,fusion_ego_2615,6722225,3,vehicle,0.18122564256191254,-47.97665478227607,-46.71907673414952,1.1854545072347697,-74.38887097435708,5.450236797332764,1.922153353691101,1.764857292175293,20.198197200676173,688.3151041666667,235.55555555555557,648.865862282614,221.66814658376907,727.7643460507195,249.44296452734207,0.9710730910301208,0.9999951124191284,
2026-07-15T23:43:44.195,17.36727704992518,20260715_234326_front_fusion_ego_2615,egofpsfast_10,fusion_ego_2615,6722226,0,vehicle,0.6510908007621765,-45.4323507796728,-55.160607992120084,1.605816650563482,112.63604122013439,7.581862926483154,2.680466651916504,3.5474581718444824,18.84496089174909,440.34375000000006,217.7777777777778,390.2436046600342,190.3581307993995,490.4438953399659,245.1974247561561,0.0026285944040864706,0.9999706745147705,
2026-07-15T23:43:44.195,17.36727704992518,20260715_234326_front_fusion_ego_2615,egofpsfast_10,fusion_ego_2615,6722226,1,vehicle,0.25902488827705383,-38.367917353925485,-46.055777101334286,1.8911071241440247,137.9405671287398,7.728570938110352,2.8112897872924805,3.181884765625,28.42304722744702,618.2604166666667,225.55555555555557,574.0940810988347,207.90641817781662,662.4267522344987,243.20469293329452,0.2205004245042801,0.9787451028823853,
2026-07-15T23:43:44.195,17.36727704992518,20260715_234326_front_fusion_ego_2615,egofpsfast_10,fusion_ego_2615,6722226,2,person,0.1696346402168274,-40.99280775768992,-84.58132556676773,0.8938412960624333,-141.06784843879464,0.9458584189414978,0.5909079909324646,1.9041560888290405,34.938367850960255,182.36458333333334,226.66666666666669,176.13259545092782,216.1305598417918,188.59657121573886,237.20277349154156,0.9996743202209473,0.9798975586891174,
2026-07-15T23:43:44.195,17.36727704992518,20260715_234326_front_fusion_ego_2615,egofpsfast_10,fusion_ego_2615,6722226,3,vehicle,0.1266692876815796,-47.047176758793704,-54.76763277233816,1.2885723258855268,-107.99065731531361,5.43924617767334,1.9477648735046387,2.0001466274261475,17.331807955139524,679.4192708333334,235.55555555555557,641.7416762759289,221.9505536887381,717.0968653907379,249.16055742237305,0.9392934441566467,0.9999667406082153,
2026-07-15T23:43:44.195,17.36727704992518,20260715_234326_front_fusion_ego_2615,egofpsfast_10,fusion_ego_2615,6722226,4,vehicle,0.12637971341609955,-33.94255153353227,-65.45390475077392,1.2264639014503498,-74.29141015409117,5.855608940124512,2.265188455581665,2.3985345363616943,30.909302371371624,333.59375,225.55555555555557,311.0684617571533,214.02224007580017,356.1190382428467,237.08887103531097,0.003683356335386634,0.9996163845062256,
2026-07-15T23:43:44.331,17.503225174965337,20260715_234326_front_fusion_ego_2615,egofpsfast_10,fusion_ego_2615,6722227,0,vehicle,0.5816663503646851,-45.87936254572623,-55.80024033407588,1.8442095507367853,114.46869832268301,8.232316970825195,2.8497509956359863,3.737175941467285,17.765890838298507,422.55208333333337,217.7777777777778,381.59375489254796,189.23919366465677,463.5104117741188,246.31636189089883,0.012180555611848831,0.9999774694442749,
2026-07-15T23:43:44.331,17.503225174965337,20260715_234326_front_fusion_ego_2615,egofpsfast_10,fusion_ego_2615,6722227,1,vehicle,0.180771142244339,-45.47120562094837,-29.967400674223587,1.297708088346475,77.9490976889302,5.188477516174316,1.9670238494873047,1.8349334001541138,33.54014277671371,840.65625,234.44444444444446,813.5212450250983,219.79030903842715,867.7912549749018,249.09857985046176,0.19562365114688873,0.9972289204597473,
2026-07-15T23:43:44.331,17.503225174965337,20260715_234326_front_fusion_ego_2615,egofpsfast_10,fusion_ego_2615,6722227,2,vehicle,0.08100080490112305,-46.430707107833165,-44.49225376906822,1.322767531494243,-155.6724169005247,5.045356750488281,1.8342760801315308,1.8439017534255981,21.912229653894542,671.6354166666667,235.55555555555557,634.584662484626,222.02963504526352,708.6861708487074,249.08147606584762,0.8937965631484985,0.9990901947021484,
2026-07-15T23:43:44.331,17.503225174965337,20260715_234326_front_fusion_ego_2615,egofpsfast_10,fusion_ego_2615,6722227,3,vehicle,0.07684575021266937,-38.945813713365176,-50.511565362151934,2.2052147303708622,165.2640308923409,10.07668685913086,3.4846043586730957,4.531372547149658,25.730918162247942,618.2604166666667,217.7777777777778,559.6200949500005,192.12106989489664,676.900738383333,243.43448566065896,4.0765030462353025e-06,0.999711811542511,
2026-07-15T23:43:44.331,17.503225174965337,20260715_234326_front_fusion_ego_2615,egofpsfast_10,fusion_ego_2615,6722227,4,vehicle,0.0697324350476265,-37.80228328345858,-46.66526252299886,1.1713510294968543,128.94797681709628,4.78466796875,1.8915905952453613,1.6026183366775513,28.17026018065812,554.8776041666667,235.55555555555557,535.4979358377557,227.11420122120117,574.2572724955778,243.99690988990997,0.95013028383255,0.5870839357376099,
2026-07-15T23:43:44.458,17.63122741598636,20260715_234326_front_fusion_ego_2615,egofpsfast_10,fusion_ego_2615,6722228,0,vehicle,0.554746150970459,-46.28042839452546,-56.74036028970921,1.7647856894347713,111.65296691793937,7.409726619720459,2.6301002502441406,3.5689852237701416,16.651418220625864,413.65625,217.7777777777778,371.2430428415537,187.44628893004526,456.06945715844637,248.10926662551034,0.0012425488093867898,0.9999299049377441,
2026-07-15T23:43:44.458,17.63122741598636,20260715_234326_front_fusion_ego_2615,egofpsfast_10,fusion_ego_2615,6722228,1,vehicle,0.21953922510147095,-40.18706926166644,-59.49694329505593,2.28102851309417,-127.72309046559198,10.105224609375,3.6162431240081787,4.473971366882324,22.725421276539024,618.2604166666667,217.7777777777778,553.3975987682741,190.84701703654397,683.1232345650594,244.70853851901163,5.675085958500858e-06,0.9990430474281311,
2026-07-15T23:43:44.458,17.63122741598636,20260715_234326_front_fusion_ego_2615,egofpsfast_10,fusion_ego_2615,6722228,2,vehicle,0.20392394065856934,-33.669535525538194,-67.2434018422327,1.3573265939303596,-72.64472567485171,5.3990478515625,2.019049644470215,2.290006637573242,30.55609506599883,323.5859375,226.66666666666669,297.0304718762636,215.27970145146054,350.1414031237364,238.05363188187283,0.0008367685368284583,0.9988045692443848,
2026-07-15T23:43:44.458,17.63122741598636,20260715_234326_front_fusion_ego_2615,egofpsfast_10,fusion_ego_2615,6722228,3,person,0.19154872000217438,-39.57304757871005,-50.168317763042445,1.0180302336035978,134.6942104237944,0.22813652455806732,0.4157000184059143,1.5011905431747437,24.649239218945205,564.8854166666667,235.55555555555557,561.5409506342064,227.45866033766006,568.2298826991271,243.65245077345108,0.999431312084198,0.8879483342170715,
2026-07-15T23:43:44.588,17.759835011907853,20260715_234326_front_fusion_ego_2615,egofpsfast_10,fusion_ego_2615,6722229,0,vehicle,0.42514657974243164,-46.06383009867579,-57.88907658224724,1.798814669329826,102.13314557363586,7.564070224761963,2.6570897102355957,3.659210205078125,16.133750712011384,394.7526041666667,217.7777777777778,352.87879984329146,187.64706121550668,436.6264084900419,247.90849434004892,0.000662746955640614,0.9999250173568726,
2026-07-15T23:43:44.588,17.759835011907853,20260715_234326_front_fusion_ego_2615,egofpsfast_10,fusion_ego_2615,6722229,1,person,0.2936857342720032,-42.86199621967587,-81.38071865628741,1.0028221701137916,-80.33690243111607,0.20315873622894287,0.3578914403915405,1.9446839094161987,30.212216933323138,803.9609375,235.55555555555557,796.999194201082,222.4873298737738,810.922680798918,248.62378123733734,0.997239351272583,0.7109382748603821,
2026-07-15T23:43:44.588,17.759835011907853,20260715_234326_front_fusion_ego_2615,egofpsfast_10,fusion_ego_2615,6722229,2,vehicle,0.20654506981372833,-44.66361638828704,-77.27729388437932,1.1162001371186463,63.70510465467534,6.1668195724487305,2.2618770599365234,2.056121349334717,25.93454204427501,840.65625,234.44444444444446,815.2243570871651,220.25692131784228,866.088142912835,248.63196757104663,0.18235966563224792,0.9995869994163513,
2026-07-15T23:43:44.588,17.759835011907853,20260715_234326_front_fusion_ego_2615,egofpsfast_10,fusion_ego_2615,6722229,3,vehicle,0.1402510106563568,-32.47326788129878,-65.66149296138906,1.2753443081807774,-112.94899416427819,5.084874153137207,1.934982180595398,2.071928024291992,30.650465467267587,315.80208333333337,225.55555555555557,289.6475629260143,216.5779847237799,341.95660374065244,234.53312638733124,0.0011778785847127438,0.998100221157074,
2026-07-15T23:43:44.588,17.759835011907853,20260715_234326_front_fusion_ego_2615,egofpsfast_10,fusion_ego_2615,6722229,4,person,0.11889322847127914,-39.22247653974024,-51.79790668453401,1.0982917178558864,142.79077345656526,0.8302474617958069,0.5894395709037781,1.5270369052886963,23.840455426774998,563.7734375,235.55555555555557,559.9174567665905,227.58395168516373,567.6294182334095,243.52715942594742,0.9998408555984497,0.8410794734954834,
2026-07-15T23:43:44.588,17.759835011907853,20260715_234326_front_fusion_ego_2615,egofpsfast_10,fusion_ego_2615,6722229,5,vehicle,0.10585329681634903,-31.205071629708414,-70.48395623089127,1.2121346190920477,-130.91744868174317,4.821322441101074,1.8072808980941772,1.9711802005767822,33.34677196538325,289.11458333333337,226.66666666666669,267.9818963532647,217.30273077885312,310.24727031340205,236.03060255448025,0.0814540907740593,0.997593343257904,
2026-07-15T23:43:44.588,17.759835011907853,20260715_234326_front_fusion_ego_2615,egofpsfast_10,fusion_ego_2615,6722229,6,vehicle,0.0874677449464798,-39.70971519281101,-59.388706916798526,1.0384475718656727,-94.87911985960154,4.998600482940674,1.9735403060913086,1.778484582901001,22.520926604448057,342.48958333333337,234.44444444444446,308.6990939204892,223.6808702018526,376.28007274617755,245.20801868703631,0.45454511046409607,0.9999139308929443,
2026-07-15T23:43:44.588,17.759835011907853,20260715_234326_front_fusion_ego_2615,egofpsfast_10,fusion_ego_2615,6722229,7,vehicle,0.058753758668899536,-35.411133131040074,-48.89689436557262,1.3328007422687733,133.86000447351168,4.727550029754639,1.8333148956298828,1.7496542930603027,28.341181657530985,545.9817708333334,234.44444444444446,525.2280376565953,225.17481591966418,566.7355040100714,243.71407296922473,0.5758016705513,0.7212119698524475,
2026-07-15T23:43:44.714,17.886202874942683,20260715_234326_front_fusion_ego_2615,egofpsfast_10,fusion_ego_2615,6722230,0,vehicle,0.2826831340789795,-45.10164771148732,-45.961626656868596,1.226685245948893,-158.66681644084275,4.551924228668213,1.7714232206344604,1.5097861289978027,20.348953235146862,653.84375,243.33333333333334,615.3777414113283,231.41945083936056,692.3097585886717,255.24721582730612,0.1775256097316742,0.9994809031486511,
2026-07-15T23:43:44.714,17.886202874942683,20260715_234326_front_fusion_ego_2615,egofpsfast_10,fusion_ego_2615,6722230,1,vehicle,0.1910741776227951,-47.72667690601,-58.398148191871854,1.9746099264321364,79.50690260862338,7.245234489440918,2.5685572624206543,3.5327484607696533,13.751220241148445,385.85677083333337,216.66666666666669,341.38937958081567,184.7632960478465,430.32416208585107,248.57003728548688,0.012057914398610592,0.9999282360076904,
2026-07-15T23:43:44.714,17.886202874942683,20260715_234326_front_fusion_ego_2615,egofpsfast_10,fusion_ego_2615,6722230,2,vehicle,0.15803824365139008,-44.53709641758802,-73.8145372176995,0.5156653506782476,81.90777357744017,4.147246360778809,1.7688738107681274,1.3547533750534058,23.15096407635809,830.6484375,243.33333333333334,798.7547134310007,229.35689379771551,862.5421615689994,257.3097728689512,0.4984279274940491,0.9741815328598022,
2026-07-15T23:43:44.714,17.886202874942683,20260715_234326_front_fusion_ego_2615,egofpsfast_10,fusion_ego_2615,6722230,3,person,0.12565505504608154,-41.21555757444989,-76.8449598917913,0.953759780312808,-113.90790777370158,0.6335026025772095,0.5181213617324829,2.116459608078003,27.631266430240736,787.28125,235.55555555555557,779.9622126501054,223.33088371488785,794.6002873498946,247.7802273962233,0.9963489770889282,0.8560221791267395,
2026-07-15T23:43:44.714,17.886202874942683,20260715_234326_front_fusion_ego_2615,egofpsfast_10,fusion_ego_2615,6722230,4,vehicle,0.1254665106534958,-44.29347639936449,-61.669220061996086,0.9418181215258983,154.64990749438488,5.457098960876465,2.0745019912719727,1.7920527458190918,17.55785306437472,306.90625,234.44444444444446,260.63087349385023,219.68100633886127,353.18162650614977,249.20788255002765,0.010587313212454319,0.9998533725738525,
2026-07-15T23:43:44.856,18.02878500695806,20260715_234326_front_fusion_ego_2615,egofpsfast_10,fusion_ego_2615,6722231,0,vehicle,0.1318204551935196,-48.089151987440204,-55.700202729602445,1.8214324049775392,79.35894112698233,6.593862533569336,2.396899938583374,3.3043510913848877,12.790219201022252,332.48177083333337,208.88888888888889,290.24790543814504,173.53072219424777,374.7156362285217,244.24705558353,0.0032340488396584988,0.9999377727508545,
2026-07-15T23:43:44.856,18.02878500695806,20260715_234326_front_fusion_ego_2615,egofpsfast_10,fusion_ego_2615,6722231,1,vehicle,0.09635221213102341,-43.89902126323081,-44.9998364696658,1.538563944893923,-160.51872743276772,4.689235210418701,1.8204426765441895,1.7520570755004883,21.135881103903397,636.0520833333334,244.44444444444446,602.4605076437196,232.58649941947726,669.6436590229472,256.30238946941165,0.1854141652584076,0.9993230104446411,
2026-07-15T23:43:44.856,18.02878500695806,20260715_234326_front_fusion_ego_2615,egofpsfast_10,fusion_ego_2615,6722231,2,vehicle,0.073249951004982,-42.373789037760176,-64.28578838556406,0.8068993966118683,97.8630536733503,5.1143598556518555,1.9835047721862793,2.087661027908325,19.44111528203869,805.0729166666667,243.33333333333334,755.6590052197378,227.12770899136862,854.4868281135957,259.5389576752981,0.8242761492729187,0.9862565398216248,
2026-07-15T23:43:44.856,18.02878500695806,20260715_234326_front_fusion_ego_2615,egofpsfast_10,fusion_ego_2615,6722231,3,vehicle,0.07174793630838394,-48.220817045348525,-58.335815766350535,1.6601302006179122,39.701996725935246,7.242997646331787,2.468873977661133,3.409656524658203,12.48784330130807,351.3854166666667,216.66666666666669,304.79494814823073,186.13732377688092,397.97588518510264,247.19600955645245,0.02324891835451126,0.9996583461761475,
2026-07-15T23:43:44.979,18.15148080093786,20260715_234326_front_fusion_ego_2615,egofpsfast_10,fusion_ego_2615,6722232,0,vehicle,0.17218120396137238,-42.20595215648517,-56.0842970013352,0.7294167850221589,-107.70431054000363,4.7482194900512695,1.8300127983093262,1.2648954391479492,17.776767345421355,626.0442708333334,243.33333333333334,592.2282411580285,233.280601700147,659.8603005086383,253.38606496651968,0.132502481341362,0.9996274709701538,
2026-07-15T23:43:44.979,18.15148080093786,20260715_234326_front_fusion_ego_2615,egofpsfast_10,fusion_ego_2615,6722232,1,vehicle,0.079316146671772,-40.12287111499235,-77.54326064813293,0.7784804341105449,15.37533289419175,5.173480987548828,1.9350920915603638,2.112156629562378,28.12240797460465,795.0651041666667,235.55555555555557,748.1174950997035,219.96214005682205,842.0127132336299,251.1489710542891,0.2946532368659973,0.9998664855957031,
2026-07-15T23:43:44.979,18.15148080093786,20260715_234326_front_fusion_ego_2615,egofpsfast_10,fusion_ego_2615,6722232,2,vehicle,0.06980594992637634,-38.706948343703104,-54.55826292676882,2.3330133051332966,101.47662863224484,10.083160400390625,3.427757978439331,4.550445556640625,21.425602135557867,547.09375,217.7777777777778,483.2580973207951,189.175240861045,610.9294026792049,246.3803146945106,5.9418900491436943e-05,0.9998360872268677,
2026-07-15T23:43:44.979,18.15148080093786,20260715_234326_front_fusion_ego_2615,egofpsfast_10,fusion_ego_2615,6722232,3,vehicle,0.06409113854169846,-44.64407789607347,-63.86820142020109,1.2756785882292707,19.799612714883942,6.652361869812012,2.4099156856536865,3.104936122894287,16.511254979812193,298.0104166666667,216.66666666666669,251.0229287768404,185.12479702631634,344.997904556493,248.20853630701703,0.01844361051917076,0.8580973744392395,
2026-07-15T23:43:45.108,18.28027900692541,20260715_234326_front_fusion_ego_2615,egofpsfast_10,fusion_ego_2615,6722233,0,vehicle,0.1725417822599411,-45.5200920347563,-60.69984049526236,1.5880884091334986,32.444309355038,6.875470161437988,2.55073881149292,3.4764342308044434,14.02806291741834,296.8984375,207.7777777777778,251.26637782901528,166.53291331397162,342.53049717098475,249.02264224158395,0.010370113886892796,0.9999779462814331,
2026-07-15T23:43:45.108,18.28027900692541,20260715_234326_front_fusion_ego_2615,egofpsfast_10,fusion_ego_2615,6722233,1,vehicle,0.09744464606046677,-34.6293902892933,-57.92797673052705,1.8770189049596677,-32.97374505202991,9.343156814575195,3.3418967723846436,4.308973789215088,24.504252274314325,554.8776041666667,217.7777777777778,500.9639553229014,191.60982655154336,608.791253010432,243.94572900401224,1.9999482901766896e-05,0.9997178912162781,
2026-07-15T23:43:45.108,18.28027900692541,20260715_234326_front_fusion_ego_2615,egofpsfast_10,fusion_ego_2615,6722233,2,vehicle,0.09420774132013321,-41.51428960922958,-53.06457951849605,0.5955236641787331,-88.48307577459894,4.842259407043457,1.823868751525879,1.3601598739624023,18.124466372328786,608.2526041666667,243.33333333333334,575.6660288969676,232.83414175113043,640.8391794363658,253.83252491553625,0.018065495416522026,0.9989544153213501,
2026-07-15T23:43:45.108,18.28027900692541,20260715_234326_front_fusion_ego_2615,egofpsfast_10,fusion_ego_2615,6722233,3,vehicle,0.08600038290023804,-43.06631902720274,-57.7183286204997,0.717226544202846,6.958337493381054,4.718790054321289,1.926001787185669,1.975192904472351,16.08027567812607,333.59375,234.44444444444446,301.5581578537822,218.02799847390918,365.6293421462178,250.86089041497974,0.6010056138038635,0.06942156702280045,
2026-07-15T23:43:45.108,18.28027900692541,20260715_234326_front_fusion_ego_2615,egofpsfast_10,fusion_ego_2615,6722233,4,vehicle,0.06761456280946732,-35.325404493385484,-77.16705777665372,0.3412191892896388,154.13500540189315,5.4216437339782715,2.0332558155059814,2.1312105655670166,31.040768517401297,759.4817708333334,234.44444444444446,721.9294819956025,221.53575834300784,797.0340596710643,247.35313054588107,0.38286373019218445,0.9998008608818054,
2026-07-15T23:43:45.229,18.402058010920882,20260715_234326_front_fusion_ego_2615,egofpsfast_10,fusion_ego_2615,6722234,0,vehicle,0.40375930070877075,-33.07222839922852,-70.02271381348771,0.1297773034980878,160.40935469241765,5.647016525268555,2.131709575653076,2.2850356101989746,28.560424263285547,707.21875,235.55555555555557,656.9953923001885,221.5784338447783,757.4421076998115,249.53267726633285,0.0024229921400547028,0.9999200105667114,
2026-07-15T23:43:45.229,18.402058010920882,20260715_234326_front_fusion_ego_2615,egofpsfast_10,fusion_ego_2615,6722234,1,vehicle,0.3297249376773834,-46.541666571064404,-61.017025521753546,1.5289354243261286,42.08798048840291,7.653965473175049,2.800532817840576,3.4767508506774902,12.547913569900947,225.73177083333334,200.0,150.7284316023191,145.94995856285095,300.7351100643476,254.05004143714905,0.011598465964198112,0.9820855259895325,
2026-07-15T23:43:45.229,18.402058010920882,20260715_234326_front_fusion_ego_2615,egofpsfast_10,fusion_ego_2615,6722234,2,vehicle,0.14533960819244385,-37.93015360354235,-66.32234579475468,0.902016418937734,36.37897334918847,5.88967227935791,2.2616660594940186,2.9670205116271973,22.54217684409138,216.83593750000003,216.66666666666669,181.34529631584883,191.89942578474682,252.3265786841512,241.43390754858655,0.12008940428495407,0.0027983631007373333,
2026-07-15T23:43:45.229,18.402058010920882,20260715_234326_front_fusion_ego_2615,egofpsfast_10,fusion_ego_2615,6722234,3,vehicle,0.14117391407489777,-41.438399891096395,-54.47592189359057,0.4327107149584499,-62.96668060414027,4.570369243621826,1.7884571552276611,1.2053499221801758,17.136689183612557,573.78125,243.33333333333334,542.6632398217916,233.17922671635947,604.8992601782084,253.48743995030722,0.04114338010549545,0.999183714389801,
2026-07-15T23:43:45.229,18.402058010920882,20260715_234326_front_fusion_ego_2615,egofpsfast_10,fusion_ego_2615,6722234,4,vehicle,0.1330597847700119,-38.178117105709596,-47.181788022192755,2.443216135828518,63.537911204101434,9.838695526123047,3.5008671283721924,4.683045864105225,22.414504993645554,510.39843750000006,216.66666666666669,441.1694245636464,183.67441574732464,579.6274504363537,249.65891758600873,0.00018885145254898816,0.9990216493606567,
2026-07-15T23:43:45.229,18.402058010920882,20260715_234326_front_fusion_ego_2615,egofpsfast_10,fusion_ego_2615,6722234,5,vehicle,0.12561000883579254,-48.49254320118676,-64.54271458763857,1.476897440020835,-10.666179939552261,7.4160332679748535,2.716855764389038,3.6520981788635254,12.52546298132624,172.35677083333334,225.55555555555557,82.95303755005202,109.58517763349745,261.7605041166147,341.52593347761365,0.5817552208900452,0.8861061334609985,
2026-07-15T23:43:45.364,18.536758439964615,20260715_234326_front_fusion_ego_2615,egofpsfast_10,fusion_ego_2615,6722235,0,vehicle,0.7901853919029236,-48.763649305957244,-61.23454395580886,1.6121675391420602,7.823210142239743,7.069080352783203,2.6142280101776123,3.3460986614227295,10.1281518759929,172.35677083333334,198.88888888888889,102.10401586194834,131.23875670962863,242.60952580471834,266.53902106814917,0.22971908748149872,0.9996477365493774,
2026-07-15T23:43:45.364,18.536758439964615,20260715_234326_front_fusion_ego_2615,egofpsfast_10,fusion_ego_2615,6722235,1,vehicle,0.4256082773208618,-40.333026022810714,-45.47747009748909,2.465452272097309,116.37202435409762,9.356022834777832,3.3832778930664062,4.2318925857543945,20.453606799021635,475.92708333333337,216.66666666666669,397.6621367832025,186.2779251734416,554.1920298834642,247.05540815989178,0.00027692067669704556,0.9999734163284302,
2026-07-15T23:43:45.364,18.536758439964615,20260715_234326_front_fusion_ego_2615,egofpsfast_10,fusion_ego_2615,6722235,2,vehicle,0.3847445845603943,-29.148574247415013,-66.72485123873588,0.35197073724800987,-60.573744876935024,5.405162334442139,2.0700113773345947,2.224500894546509,30.337763408613643,671.6354166666667,234.44444444444446,637.5684733192127,222.2257271077898,705.7023600141208,246.66316178109912,0.11124192923307419,0.999882698059082,
2026-07-15T23:43:45.364,18.536758439964615,20260715_234326_front_fusion_ego_2615,egofpsfast_10,fusion_ego_2615,6722235,3,vehicle,0.30895644426345825,-47.30620947502155,-62.47327075587292,1.42054374401458,58.69063166607547,6.852180480957031,2.4412918090820312,3.5823373794555664,12.008039706002457,83.3984375,208.88888888888889,7.648564159870149,116.4841561847263,159.14831084012985,301.2936215930515,0.882082462310791,0.6522368788719177,
2026-07-15T23:43:45.364,18.536758439964615,20260715_234326_front_fusion_ego_2615,egofpsfast_10,fusion_ego_2615,6722235,4,vehicle,0.12597505748271942,-36.927174515081106,-52.03692116302117,0.7276694902811016,-101.07249767167464,4.863646984100342,1.8410954475402832,1.855501413345337,21.16298063687313,554.8776041666667,235.55555555555557,528.0835209737222,224.10992327663635,581.6716873596113,247.0011878344748,0.969811201095581,0.9996190071105957,
2026-07-15T23:43:45.497,18.669320681947283,20260715_234326_front_fusion_ego_2615,egofpsfast_10,fusion_ego_2615,6722236,0,vehicle,0.40867576003074646,-27.44835419829269,-65.00382800179622,0.8819001854276323,114.67870765211966,5.733939170837402,2.1208958625793457,2.642648220062256,30.791170605788487,653.84375,226.66666666666669,609.6647779196501,212.64989922444028,698.0227220803499,240.6834341088931,0.03504882752895355,0.9997476935386658,
2026-07-15T23:43:45.497,18.669320681947283,20260715_234326_front_fusion_ego_2615,egofpsfast_10,fusion_ego_2615,6722236,1,vehicle,0.15012526512145996,-36.779327705845105,-46.724182040825525,0.8132104720265605,-62.37711095653062,5.11566162109375,1.9027152061462402,1.771242380142212,22.063686483172084,545.9817708333334,235.55555555555557,518.6480207492908,224.6215144130919,573.3155209173759,246.48959669801926,0.9747514724731445,0.9992215633392334,
2026-07-15T23:43:45.497,18.669320681947283,20260715_234326_front_fusion_ego_2615,egofpsfast_10,fusion_ego_2615,6722236,2,vehicle,0.12947261333465576,-32.03614951699669,-60.05442677693739,1.4101632055506048,-70.34451994948212,7.009450912475586,2.5612926483154297,3.283818244934082,25.16140352830726,199.04427083333334,216.66666666666669,159.25102439274391,196.98857585589093,238.83751727392277,236.34475747744244,0.09131240844726562,0.9862589836120605,
2026-07-15T23:43:45.497,18.669320681947283,20260715_234326_front_fusion_ego_2615,egofpsfast_10,fusion_ego_2615,6722236,3,vehicle,0.12297957390546799,-49.59995941536312,-61.98081287332034,1.751802817942547,14.675161781625041,8.218571662902832,2.8851876258850098,3.870138168334961,9.483368949873688,83.3984375,200.0,17.939177483320236,119.75456476211548,148.85769751667976,280.2454352378845,0.9582211375236511,0.8881966471672058,
2026-07-15T23:43:45.631,18.804105981020257,20260715_234326_front_fusion_ego_2615,egofpsfast_10,fusion_ego_2615,6722237,0,vehicle,0.20698171854019165,-30.989674138974237,-58.6896674458067,0.7472576623771161,-176.17834172640485,5.741100311279297,2.1071348190307617,2.1480371952056885,25.323863905253354,634.9401041666667,234.44444444444446,596.9052481676142,222.16435548332004,672.9749601657193,246.72453340556888,0.007465153466910124,0.9999634027481079,
2026-07-15T23:43:45.631,18.804105981020257,20260715_234326_front_fusion_ego_2615,egofpsfast_10,fusion_ego_2615,6722237,1,vehicle,0.13850431144237518,-40.22509668390806,-50.89905437827117,0.6880242453269787,-2.2825930757661226,4.811155319213867,1.9089555740356445,1.490663766860962,16.4924482278324,520.40625,243.33333333333334,488.2466596886516,230.0842141111692,552.5658403113484,256.5824525554975,0.4174375534057617,0.9991022348403931,
2026-07-15T23:43:45.631,18.804105981020257,20260715_234326_front_fusion_ego_2615,egofpsfast_10,fusion_ego_2615,6722237,2,vehicle,0.09329943358898163,-32.13962068946934,-62.032365575398295,1.190915628793288,-95.98701275529807,7.424907207489014,2.675692558288574,3.4727299213409424,24.8572177839708,155.67708333333334,208.88888888888889,108.8449971874555,186.71865575843387,202.50916947921118,231.0591220193439,0.037870559841394424,0.997710108757019,
2026-07-15T23:43:45.761,18.933364035910927,20260715_234326_front_fusion_ego_2615,egofpsfast_10,fusion_ego_2615,6722238,0,vehicle,0.3457609713077545,-32.36418533545786,-42.231217461806125,1.3578784495397493,-21.81491410054319,6.821259021759033,2.5030882358551025,3.0602664947509766,26.2068300900249,190.1484375,207.7777777777778,154.17227045446634,192.31462644206155,226.12460454553369,223.24092911349405,0.9299057126045227,0.9965304732322693,
2026-07-15T23:43:45.761,18.933364035910927,20260715_234326_front_fusion_ego_2615,egofpsfast_10,fusion_ego_2615,6722238,1,vehicle,0.24530893564224243,-36.21385801802447,-41.999416231395955,0.8638366943017894,161.47265334188464,5.137192726135254,1.9193378686904907,2.0300991535186768,23.031844610927138,600.46875,234.44444444444446,569.5608552470803,223.15929498937396,631.3766447529197,245.72959389951495,0.0004532155580818653,0.9998888969421387,
2026-07-15T23:43:45.761,18.933364035910927,20260715_234326_front_fusion_ego_2615,egofpsfast_10,fusion_ego_2615,6722238,2,vehicle,0.11875476688146591,-33.433083724537376,-53.511688124380804,0.3221024582470058,-54.19489123559331,5.4531755447387695,1.9845476150512695,1.90985107421875,22.03163512865601,501.5026041666667,235.55555555555557,471.5712395037214,222.58783760997986,531.433968829612,248.52327350113129,0.9908238649368286,0.9998319149017334,
2026-07-15T23:43:45.761,18.933364035910927,20260715_234326_front_fusion_ego_2615,egofpsfast_10,fusion_ego_2615,6722238,3,vehicle,0.1007697731256485,-24.464219478379217,-61.607775190750885,0.6522705656624268,-93.45838961778237,7.245598793029785,2.6283814907073975,3.6665101051330566,31.703592611089093,110.08593750000001,200.0,66.379504814744,177.27136313915253,153.792370185256,222.72863686084747,0.6190898418426514,0.9957915544509888,
2026-07-15T23:43:45.889,19.061072719981894,20260715_234326_front_fusion_ego_2615,egofpsfast_10,fusion_ego_2615,6722239,0,person,0.30035847425460815,-58.70245045288367,-23.61566316431451,2.078701981849772,-143.0046102388525,0.4422761797904968,0.4157184362411499,1.7633363008499146,30.626066040307887,821.7526041666667,244.44444444444446,809.7438458806525,229.82864495780734,833.7613624526809,259.0602439310816,0.996724545955658,0.904960572719574,
2026-07-15T23:43:45.889,19.061072719981894,20260715_234326_front_fusion_ego_2615,egofpsfast_10,fusion_ego_2615,6722239,1,vehicle,0.2301841378211975,-36.38004224796404,-49.41246088748209,0.35585987872339153,-38.9648887423081,5.357175350189209,1.9356818199157715,1.8426790237426758,19.003017310906714,474.8151041666667,235.55555555555557,444.82210946331423,221.1688605282042,504.80809887001914,249.94225058290695,0.9981563687324524,0.9999879598617554,
2026-07-15T23:43:45.889,19.061072719981894,20260715_234326_front_fusion_ego_2615,egofpsfast_10,fusion_ego_2615,6722239,2,vehicle,0.22673143446445465,-28.925063910092423,-46.093558968798746,0.7555249456270481,-136.34493509511225,5.786919593811035,2.178893804550171,2.637479782104492,27.052127471371588,564.8854166666667,226.66666666666669,532.0742569739621,214.29556498924893,597.6965763593714,239.03776834408444,0.0006288904114626348,0.9939038157463074,
2026-07-15T23:43:45.889,19.061072719981894,20260715_234326_front_fusion_ego_2615,egofpsfast_10,fusion_ego_2615,6722239,3,vehicle,0.1173529401421547,-39.37774145575575,-45.56324117186272,0.7375721539678031,129.0745099432253,3.8837974071502686,1.7180445194244385,1.3905978202819824,17.579197626293954,430.33593750000006,243.33333333333334,406.7865843102336,232.6878004272779,453.88529068976646,253.9788662393888,0.9984717965126038,0.9821304678916931,
2026-07-15T23:43:45.889,19.061072719981894,20260715_234326_front_fusion_ego_2615,egofpsfast_10,fusion_ego_2615,6722239,4,vehicle,0.09523123502731323,-44.64098031810205,-23.451918572710937,1.9427868925817364,-42.21004511513328,5.570563793182373,2.0955629348754883,2.4951529502868652,32.17906704053651,225.73177083333334,208.88888888888889,202.13067856927714,198.02813195519977,249.33286309738955,219.749645822578,0.18214304745197296,0.9541650414466858,
2026-07-15T23:43:46.024,19.19692130491603,20260715_234326_front_fusion_ego_2615,egofpsfast_10,fusion_ego_2615,6722240,0,vehicle,0.2099745124578476,-38.39063617585613,-46.67667842801815,0.5387761929714756,53.23087129361504,4.635283470153809,1.823364019393921,1.6155139207839966,17.105874628840073,440.34375000000006,243.33333333333334,411.7402276545763,229.20861234267554,468.94727234542376,257.4580543239912,0.0246072206646204,0.9997301697731018,
2026-07-15T23:43:46.024,19.19692130491603,20260715_234326_front_fusion_ego_2615,egofpsfast_10,fusion_ego_2615,6722240,1,vehicle,0.18217583000659943,-29.11273955707356,-42.66070622347013,0.9044755659274344,-50.725438548363016,5.999557018280029,2.2511143684387207,2.814525604248047,27.194583967656932,537.0859375,226.66666666666669,510.68684871867305,212.79901663462323,563.485026281327,240.53431669871014,0.0003368923789821565,0.9997751116752625,
2026-07-15T23:43:46.024,19.19692130491603,20260715_234326_front_fusion_ego_2615,egofpsfast_10,fusion_ego_2615,6722240,2,vehicle,0.1427377164363861,-34.052162450269165,-52.79777005488878,1.1715167085146945,-137.36782734621877,8.06128215789795,2.7725179195404053,3.4218504428863525,20.133124180263792,48.927083333333336,198.88888888888889,-7.111077586809794,175.13423734241061,104.96524425347647,222.64354043536716,0.9922565221786499,0.9999563694000244,
2026-07-15T23:43:46.149,19.32173965999391,20260715_234326_front_fusion_ego_2615,egofpsfast_10,fusion_ego_2615,6722241,0,vehicle,0.3072361350059509,-29.91894688513117,-39.330810154283256,0.8204974322110274,-28.30952945571272,5.900546550750732,2.1983113288879395,2.79020357131958,27.02842756243725,510.39843750000006,226.66666666666669,483.4175903424621,212.69944320122403,537.3792846575379,240.63389013210934,0.00024025475431699306,0.9997568726539612,
2026-07-15T23:43:46.149,19.32173965999391,20260715_234326_front_fusion_ego_2615,egofpsfast_10,fusion_ego_2615,6722241,1,vehicle,0.14719825983047485,-55.963727257193874,-33.37968062970867,2.51746222449988,28.355084580218413,7.13561487197876,2.7563767433166504,3.3311047554016113,19.099416284073158,136.7734375,181.11111111111111,71.02235421538353,142.56074017948575,202.52452078461647,219.66148204273648,0.045349255204200745,0.055132653564214706,
2026-07-15T23:43:46.149,19.32173965999391,20260715_234326_front_fusion_ego_2615,egofpsfast_10,fusion_ego_2615,6722241,2,vehicle,0.13658936321735382,-40.79440636890501,-46.051763346503,0.7565171823742425,49.77542713325294,4.76975679397583,1.8859103918075562,1.8680012226104736,14.287803317541483,412.54427083333337,243.33333333333334,380.06253216912353,227.25275178750357,445.0260094975432,259.41391487916314,0.26023271679878235,0.998362123966217,
2026-07-15T23:43:46.149,19.32173965999391,20260715_234326_front_fusion_ego_2615,egofpsfast_10,fusion_ego_2615,6722241,3,vehicle,0.0899016410112381,-22.676642121108785,-58.07598586590777,-0.5557693398825805,1.1841384660221779,4.7399444580078125,1.8178452253341675,1.2940609455108643,31.54237994584842,38.919270833333336,216.66666666666669,5.987991099556288,205.2214179436366,71.85055056711039,228.11191538969678,0.0035568245220929384,0.9988512992858887,
2026-07-15T23:43:46.285,19.457551048020832,20260715_234326_front_fusion_ego_2615,egofpsfast_10,fusion_ego_2615,6722242,0,vehicle,0.5657722353935242,-33.88579304882607,-35.50118372968365,0.7323988970465916,15.533230083639786,6.260922431945801,2.2882134914398193,2.854480743408203,24.96980135162171,474.8151041666667,226.66666666666669,448.8270344982545,211.30806068579358,500.8031738350789,242.0252726475398,0.0002741055504884571,0.9998723268508911,
2026-07-15T23:43:46.285,19.457551048020832,20260715_234326_front_fusion_ego_2615,egofpsfast_10,fusion_ego_2615,6722242,1,vehicle,0.22213301062583923,-37.55530617173699,-44.84326356719324,0.29014502406568,-49.827035019874245,4.810501575469971,1.8638159036636353,2.036756753921509,16.963009366640932,369.17708333333337,235.55555555555557,333.16450518866384,217.6582745048735,405.1896614780029,253.45283660623764,0.08633382618427277,0.9999613761901855,
2026-07-15T23:43:46.285,19.457551048020832,20260715_234326_front_fusion_ego_2615,egofpsfast_10,fusion_ego_2615,6722242,2,vehicle,0.21538962423801422,-42.2655715457379,-45.81079179803895,1.5607962525927483,9.138598368661471,6.869376182556152,2.4951493740081787,3.408695936203003,12.234928524484934,244.63541666666669,190.0,167.5119111488263,139.41612362861633,321.75892218450707,240.58387637138367,0.0007195977959781885,0.9773993492126465,
2026-07-15T23:43:46.285,19.457551048020832,20260715_234326_front_fusion_ego_2615,egofpsfast_10,fusion_ego_2615,6722242,3,vehicle,0.14766694605350494,-34.5829836563687,-45.15416225622016,1.0185702568557744,-18.081388614027077,7.598960876464844,2.76596736907959,3.660743474960327,19.605605459223835,270.2109375,216.66666666666669,221.741913959384,185.26947895685834,318.67996104061604,248.06385437647504,0.2683406472206116,0.9991669654846191,
2026-07-15T23:43:46.285,19.457551048020832,20260715_234326_front_fusion_ego_2615,egofpsfast_10,fusion_ego_2615,6722242,4,vehicle,0.10715215653181076,-40.633866011836105,-46.90603177399045,0.5718730548330786,149.10131658638434,4.8187947273254395,1.852818250656128,2.005620002746582,13.338057543101593,314.6901041666667,244.44444444444446,276.09303470949334,221.83148410585193,353.28717362384003,267.057404783037,0.976611316204071,0.9998795986175537,
2026-07-15T23:43:46.431,19.60410958097782,20260715_234326_front_fusion_ego_2615,egofpsfast_10,fusion_ego_2615,6722243,0,vehicle,0.34462857246398926,-36.045304400163026,-31.533873942477413,0.5455218240871318,-164.64815179092446,6.426743030548096,2.3204660415649414,2.730276107788086,25.20891048436817,431.4479166666667,225.55555555555557,404.43697666625184,211.211632821295,458.45885666708153,239.89947828981613,0.0004594749480020255,0.9997144341468811,
2026-07-15T23:43:46.431,19.60410958097782,20260715_234326_front_fusion_ego_2615,egofpsfast_10,fusion_ego_2615,6722243,1,vehicle,0.3092799782752991,-37.45927367816479,-46.199838096761795,0.1590701194081845,1.0760022422845368,4.081966400146484,1.7555874586105347,1.8432897329330444,16.01757506739546,225.73177083333334,244.44444444444446,189.84088752170405,225.5647757318285,261.62265414496267,263.3241131570604,0.8882757425308228,0.9987603425979614,
2026-07-15T23:43:46.431,19.60410958097782,20260715_234326_front_fusion_ego_2615,egofpsfast_10,fusion_ego_2615,6722243,2,vehicle,0.1488640010356903,-38.28421979328888,-42.56632879772806,0.0993312383595395,-29.20303645098225,4.641769886016846,1.841928243637085,1.9098113775253296,16.571653522634012,306.90625,235.55555555555557,275.3502726778388,218.5744831297133,338.4622273221612,252.53662798139786,0.854221761226654,0.9991806149482727,
2026-07-15T23:43:46.431,19.60410958097782,20260715_234326_front_fusion_ego_2615,egofpsfast_10,fusion_ego_2615,6722243,3,vehicle,0.06484837085008621,-41.41561339642643,-50.14749762571667,0.29300215081804026,126.74738665505576,5.936439037322998,2.107560634613037,2.493276596069336,11.543642764663069,66.71875,225.55555555555557,24.77898257225752,176.92244980070328,108.6585174277425,274.18866131040784,0.9905761480331421,0.8791260123252869,
2026-07-15T23:43:46.561,19.73327537300065,20260715_234326_front_fusion_ego_2615,egofpsfast_10,fusion_ego_2615,6722244,0,vehicle,0.40029463171958923,-39.0203948516432,-29.500211582500317,0.9845363376066008,91.02389251654634,6.517951011657715,2.2705323696136475,2.910977363586426,23.922813156450744,403.6484375,225.55555555555557,374.86594243347645,208.41548893186783,432.4309325665236,242.69562217924332,0.00015624838124495,0.9999916553497314,
2026-07-15T23:43:46.561,19.73327537300065,20260715_234326_front_fusion_ego_2615,egofpsfast_10,fusion_ego_2615,6722244,1,person,0.18427421152591705,-35.335305906023244,-31.097105247006844,0.31644900157180444,149.72380573063663,0.607184886932373,0.4585556089878082,1.740369200706482,25.0525957800622,332.48177083333337,226.66666666666669,328.1008232555663,216.0798955957095,336.86271841110045,237.25343773762387,0.9998884201049805,0.968479573726654,
2026-07-15T23:43:46.561,19.73327537300065,20260715_234326_front_fusion_ego_2615,egofpsfast_10,fusion_ego_2615,6722244,2,vehicle,0.17489007115364075,-42.27712212031096,-46.15829872716852,0.6090635798427808,147.37408881738483,4.652463436126709,1.8103586435317993,1.974776268005371,10.865123405186335,244.63541666666669,252.22222222222223,201.92003397146863,215.31240834130182,287.35079936186474,289.13203610314264,0.0577152818441391,0.9994152784347534,
2026-07-15T23:43:46.561,19.73327537300065,20260715_234326_front_fusion_ego_2615,egofpsfast_10,fusion_ego_2615,6722244,3,vehicle,0.13244572281837463,-37.505569306369274,-42.44816614738975,0.3669028565409782,119.68276646885803,5.593785285949707,2.130765199661255,1.9564275741577148,16.62756107009288,252.41927083333334,242.22222222222223,207.16990788032612,223.56753183735742,297.6686337863406,260.87691260708704,0.0844888761639595,0.999884843826294,
2026-07-15T23:43:46.698,19.870362196001224,20260715_234326_front_fusion_ego_2615,egofpsfast_10,fusion_ego_2615,6722245,0,vehicle,0.5933318138122559,-44.32409487293385,-30.79830065558826,1.0923809563758562,162.19005309932186,6.53148078918457,2.286240577697754,2.7416269779205322,19.021090750796695,359.16927083333337,225.55555555555557,311.2565497135123,206.5308240387175,407.08199195315444,244.58028707239365,0.0001620657421881333,0.9999949932098389,
2026-07-15T23:43:46.698,19.870362196001224,20260715_234326_front_fusion_ego_2615,egofpsfast_10,fusion_ego_2615,6722245,1,person,0.17063991725444794,-56.84129463018837,-24.555306872443424,1.790927794259904,-51.944853020840895,0.3289721608161926,0.39965349435806274,1.7819184064865112,23.782364722674036,563.7734375,235.55555555555557,559.7661840794608,224.6832749578688,567.7806909205392,246.42783615324234,0.9999970197677612,0.9989805817604065,
2026-07-15T23:43:46.698,19.870362196001224,20260715_234326_front_fusion_ego_2615,egofpsfast_10,fusion_ego_2615,6722245,2,vehicle,0.08268602192401886,-55.017116366314454,-46.762341830723045,1.1891569720727801,-32.66149113413649,4.001148700714111,1.5865322351455688,1.6563817262649536,2.7516475521791963,830.6484375,341.11111111111114,795.216960772872,257.4698991245694,866.0799142271281,424.7523230976529,0.006570001132786274,0.025544630363583565,
2026-07-15T23:43:46.698,19.870362196001224,20260715_234326_front_fusion_ego_2615,egofpsfast_10,fusion_ego_2615,6722245,3,vehicle,0.07658039033412933,-39.69248188164724,-44.12049821507274,0.06686907640333573,-14.510735445105768,4.680796146392822,1.789992094039917,1.9109740257263184,13.48684847366769,154.56510416666669,252.22222222222223,92.45509261886279,223.94438279999628,216.67511571447056,280.5000616444482,0.9989460110664368,0.9995965361595154,
2026-07-15T23:43:46.698,19.870362196001224,20260715_234326_front_fusion_ego_2615,egofpsfast_10,fusion_ego_2615,6722245,4,person,0.0730675756931305,-43.833050542244465,-15.555219927412832,1.2697836237038342,-75.38662915559394,1.1912039518356323,0.7169950008392334,1.8732328414916992,33.54257248762942,501.5026041666667,226.66666666666669,498.68542282578227,218.2782895366351,504.3197855075511,235.05504379669827,0.9951385259628296,0.992089033126831,
2026-07-15T23:43:46.838,20.011188926990144,20260715_234326_front_fusion_ego_2615,egofpsfast_10,fusion_ego_2615,6722246,0,vehicle,0.29989349842071533,-43.30325650308617,-29.086340196434215,1.0168959247446523,-137.35616524773476,6.502305507659912,2.356112241744995,2.6363871097564697,19.869288675569905,314.6901041666667,225.55555555555557,265.6267573187749,206.74908075067734,363.7534510145585,244.3620303604338,0.0004945044638589025,0.99998939037323,
2026-07-15T23:43:46.838,20.011188926990144,20260715_234326_front_fusion_ego_2615,egofpsfast_10,fusion_ego_2615,6722246,1,person,0.16752752661705017,-56.6019702224835,-23.03962963088939,1.51051015783068,41.58389578747259,0.27086129784584045,0.38939064741134644,1.5666499137878418,24.029631885451156,538.1979166666667,234.44444444444446,534.4880973069619,224.38042965200214,541.9077360263716,244.50845923688678,0.9999982118606567,0.9975825548171997,
2026-07-15T23:43:46.838,20.011188926990144,20260715_234326_front_fusion_ego_2615,egofpsfast_10,fusion_ego_2615,6722246,2,person,0.12543322145938873,-46.05523370915313,-10.281524998240656,1.076863118243398,-100.40961089345899,0.6408515572547913,0.4694586992263794,1.8703813552856445,36.991129168412044,467.03125000000006,226.66666666666669,464.55002169404185,219.78366951147717,469.51247830595827,233.5496638218562,0.9999963045120239,0.9998900890350342,
2026-07-15T23:43:46.838,20.011188926990144,20260715_234326_front_fusion_ego_2615,egofpsfast_10,fusion_ego_2615,6722246,3,person,0.10271479189395905,-27.664335342718122,-40.175616186396525,-0.1909759500002437,-28.61578572022292,1.0606663227081299,0.6758149266242981,1.6966745853424072,25.702466406087527,3.3359375,217.7777777777778,0.5903441738337278,200.56671665774454,6.081530826166272,234.98883889781106,0.9984920024871826,0.13304609060287476,
2026-07-15T23:43:46.975,20.147297565010376,20260715_234326_front_fusion_ego_2615,egofpsfast_10,fusion_ego_2615,6722247,0,person,0.6078723669052124,-48.310851710167675,-10.20203564010717,1.0687109909956103,-99.08869909682741,0.14763066172599792,0.3334331810474396,1.9478434324264526,35.45490968673526,465.91927083333337,226.66666666666669,464.23126285554224,220.08627007404965,467.6072788111245,233.24706325928372,0.9999998807907104,0.9996305704116821,
2026-07-15T23:43:46.975,20.147297565010376,20260715_234326_front_fusion_ego_2615,egofpsfast_10,fusion_ego_2615,6722247,1,person,0.20158368349075317,-57.752021017164864,-22.10129571014195,1.1845241120060344,69.59095563282975,0.2618841528892517,0.40262824296951294,1.4374136924743652,23.927762928582556,520.40625,234.44444444444446,516.8708722554147,225.812532570627,523.9416277445853,243.0763563182619,0.9999994039535522,0.9997972846031189,
2026-07-15T23:43:46.975,20.147297565010376,20260715_234326_front_fusion_ego_2615,egofpsfast_10,fusion_ego_2615,6722247,2,vehicle,0.15142939984798431,-41.28967515159273,-30.539511397895097,0.8248866990528825,-80.90226173317721,6.099747180938721,2.315241575241089,2.737138509750366,18.57567506020153,253.53125000000003,225.55555555555557,184.5847133845091,198.54919407102798,322.4777866154909,252.56191704008316,0.029115768149495125,0.9999405145645142,
2026-07-15T23:43:46.975,20.147297565010376,20260715_234326_front_fusion_ego_2615,egofpsfast_10,fusion_ego_2615,6722247,3,person,0.05919705331325531,-47.04220618071069,-10.850797397485096,0.8220372900501691,-122.71905391953001,0.4870622456073761,0.4809931814670563,1.6881338357925415,34.985629491243316,455.91145833333337,226.66666666666669,453.4278433824269,220.05406702558201,458.39507328423986,233.27926630775136,0.9999998807907104,0.9999675750732422,
2026-07-15T23:43:47.103,20.27544581494294,20260715_234326_front_fusion_ego_2615,egofpsfast_10,fusion_ego_2615,6722248,0,vehicle,0.11220782995223999,-36.19671655124931,-26.889763849998232,1.0423091522415078,144.46178866048913,7.289630889892578,2.756324052810669,3.3754611015319824,23.5765584962114,243.52343750000003,217.7777777777778,207.88585390895605,196.8966321812736,279.16102109104395,238.658923374282,0.08795004338026047,0.9718152284622192,
2026-07-15T23:43:47.103,20.27544581494294,20260715_234326_front_fusion_ego_2615,egofpsfast_10,fusion_ego_2615,6722248,1,person,0.08916301280260086,-58.66410011320741,-21.12642759167938,1.2891525540438593,-148.45010527665906,0.5409057140350342,0.4304135739803314,1.9238437414169312,23.844564996719114,519.2942708333334,226.66666666666669,515.8977074216431,215.37210086981457,522.6908342450237,237.9612324635188,0.9999997615814209,0.9976797699928284,
2026-07-15T23:43:47.229,20.40171794500202,20260715_234326_front_fusion_ego_2615,egofpsfast_10,fusion_ego_2615,6722249,0,person,0.3042682707309723,-59.43525545745413,-17.704384826433724,1.0816014206629774,176.82628883923576,0.34856921434402466,0.31476902961730957,1.9086618423461914,26.123306001341653,511.5104166666667,226.66666666666669,508.5633949210557,216.59680197636288,514.4574384122777,236.7365313569705,1.0,0.9996696710586548,
2026-07-15T23:43:47.229,20.40171794500202,20260715_234326_front_fusion_ego_2615,egofpsfast_10,fusion_ego_2615,6722249,1,person,0.30323004722595215,-37.91368762114442,-15.518190247479875,0.1295584024358476,-129.202853618006,0.5078076124191284,0.44881391525268555,1.7573888301849365,30.834362385496313,315.80208333333337,225.55555555555557,312.7764148463806,216.9289419386122,318.82775182028615,234.18216917249893,0.9999938011169434,0.9983616471290588,
2026-07-15T23:43:47.364,20.536773771978915,20260715_234326_front_fusion_ego_2615,egofpsfast_10,fusion_ego_2615,6722250,0,person,0.44322746992111206,-58.442294915153425,-16.53975497429128,1.1078105056887075,138.0816877841425,0.3365199565887451,0.3581700325012207,1.8873084783554077,25.776693955232453,511.5104166666667,226.66666666666669,508.75437881114584,216.88208798567456,514.2664545221876,236.4512453476588,0.9999998807907104,0.998722493648529,
2026-07-15T23:43:47.364,20.536773771978915,20260715_234326_front_fusion_ego_2615,egofpsfast_10,fusion_ego_2615,6722250,1,person,0.19195204973220825,-32.57812427738901,-11.243644426067846,0.27832938089346015,-158.39298483671374,0.5882330536842346,0.5341068506240845,1.7388678789138794,36.07374008561309,306.90625,217.7777777777778,303.8639137716964,209.671163128482,309.9485862283036,225.8843924270736,0.9999892711639404,0.9983561635017395,
2026-07-15T23:43:47.497,20.66988380101975,20260715_234326_front_fusion_ego_2615,egofpsfast_10,fusion_ego_2615,6722251,0,person,0.27079635858535767,-59.74132391382881,-15.128002698352773,1.0799415866867932,173.44771551470203,0.322515070438385,0.33045047521591187,1.8213558197021484,26.295051104984296,511.5104166666667,226.66666666666669,508.7312436855088,216.41340057055157,514.2895896478246,236.9199327627818,0.9999997615814209,0.9980949759483337,
2026-07-15T23:43:47.497,20.66988380101975,20260715_234326_front_fusion_ego_2615,egofpsfast_10,fusion_ego_2615,6722251,1,person,0.206940159201622,-34.64047824513686,-12.702729229262232,0.43361562525667097,177.1945273791843,0.6074145436286926,0.4824431240558624,1.860090970993042,32.64572453981372,296.8984375,217.7777777777778,293.8148174639791,208.91362057791818,299.9820575360209,226.64193497763742,0.999981164932251,0.9979040622711182,
2026-07-15T23:43:47.636,20.809055037912913,20260715_234326_front_fusion_ego_2615,egofpsfast_10,fusion_ego_2615,6722252,0,person,0.14047051966190338,-55.67137976382773,-5.523631812537886,1.1610060516520306,147.07983438287758,0.44408950209617615,0.49121055006980896,1.932662010192871,33.725934048007225,483.71093750000006,225.55555555555557,481.7225093217567,217.76742104027008,485.6993656782434,233.34369007084106,0.9999994039535522,0.9806995987892151,
2026-07-15T23:43:47.774,20.94694080296904,20260715_234326_front_fusion_ego_2615,egofpsfast_10,fusion_ego_2615,6722253,0,vehicle,0.0918654054403305,-55.548490638474235,-38.51819167339253,0.8313618263959408,-48.47794869372289,4.986786365509033,1.7261741161346436,1.8012332916259766,3.657798938997164,796.1770833333334,350.0,776.1503504825135,176.39231204986572,816.2038161841532,523.6076879501343,0.0026822048239409924,3.2394943900726503e-06,
2026-07-15T23:43:47.774,20.94694080296904,20260715_234326_front_fusion_ego_2615,egofpsfast_10,fusion_ego_2615,6722253,1,person,0.05388060584664345,-32.71668848836865,-9.418197731003595,0.4204055992528737,151.05497967215584,1.2366918325424194,0.6502200961112976,1.9599510431289673,34.367859453391766,271.3229166666667,217.7777777777778,267.10019034675014,208.85521637068857,275.54564298658323,226.70033918486703,0.9999092817306519,0.9985952973365784,
2026-07-15T23:43:48.196,21.368811658932827,20260715_234326_front_fusion_ego_2615,egofpsfast_10,fusion_ego_2615,6722256,0,person,0.11208526045084,-58.272972562307366,-19.389990800420605,0.6917324820530801,64.73740200767473,0.943203330039978,0.5834522843360901,1.435195803642273,16.289401888426475,529.3020833333334,234.44444444444446,523.5897107863178,222.80147489574222,535.0144558803489,246.0874139931467,0.9999998807907104,0.9999395608901978,
2026-07-15T23:43:48.323,21.495735259959474,20260715_234326_front_fusion_ego_2615,egofpsfast_10,fusion_ego_2615,6722257,0,person,0.19892153143882751,-61.587933313761305,-6.826640328135795,1.177593955210959,140.44670886269978,0.1811317801475525,0.37400636076927185,1.7442138195037842,28.155115172010916,528.1901041666667,226.66666666666669,525.0969039473373,217.53537038962048,531.2833043859962,235.7979629437129,0.9999991655349731,0.9877639412879944,
2026-07-15T23:43:48.450,21.622654499020427,20260715_234326_front_fusion_ego_2615,egofpsfast_10,fusion_ego_2615,6722258,0,person,0.13841933012008667,-59.03431493911219,0.15126239455849344,1.073083311357264,135.30407090572092,0.47116991877555847,0.4426997900009155,1.8498677015304565,33.11264566836169,475.92708333333337,226.66666666666669,473.93852392242604,219.1540853182475,477.9156427442407,234.17924801508588,0.9999997615814209,0.9792709350585938,
2026-07-15T23:43:48.590,21.762678882922046,20260715_234326_front_fusion_ego_2615,egofpsfast_10,fusion_ego_2615,6722259,0,person,0.08835990726947784,-31.51089197532439,-11.006594137150167,0.7232319216470167,-118.43399901058604,0.504537045955658,0.4633677303791046,1.7292349338531494,28.659083008605375,154.56510416666669,225.55555555555557,148.78715783885372,214.74679950210785,160.34305049447966,236.3643116090033,0.9998254179954529,0.8408671021461487,
2026-07-15T23:43:48.858,22.03069617401343,20260715_234326_front_fusion_ego_2615,egofpsfast_10,fusion_ego_2615,6722261,0,person,0.17844225466251373,-32.48515407723761,-4.153453204654589,0.9690198723120886,-161.83990979073715,0.7074614763259888,0.5299904346466064,1.8234422206878662,31.592333197379105,200.15625,226.66666666666669,195.91578659135848,217.31257895628613,204.39671340864152,236.02075437704724,0.9975295662879944,0.9931641221046448,
2026-07-15T23:43:48.858,22.03069617401343,20260715_234326_front_fusion_ego_2615,egofpsfast_10,fusion_ego_2615,6722261,1,vehicle,0.16105683147907257,-59.622315010337864,7.08241556003809,1.2344773743187876,160.09878311221652,5.030348300933838,1.8991427421569824,2.0092432498931885,36.95977983152456,474.8151041666667,226.66666666666669,462.59313813659054,219.13430670897168,487.03707019674283,234.1990266243617,0.021566258743405342,0.9447708129882812,
2026-07-15T23:43:48.858,22.03069617401343,20260715_234326_front_fusion_ego_2615,egofpsfast_10,fusion_ego_2615,6722261,2,vehicle,0.15453359484672546,-29.613228313367106,4.8818161401194935,2.411395938142327,-87.68578976507523,8.58255672454834,3.0438385009765625,4.13421630859375,40.62311657766029,253.53125000000003,217.7777777777778,225.51223316788676,199.92310451136697,281.55026683211327,235.63245104418863,0.017639437690377235,0.9999881982803345,
2026-07-15T23:43:48.858,22.03069617401343,20260715_234326_front_fusion_ego_2615,egofpsfast_10,fusion_ego_2615,6722261,3,person,0.12685361504554749,-26.724832927858593,-9.166628278651004,0.8876272726368555,-162.77137846379838,0.7309010028839111,0.5363980531692505,1.7882237434387207,32.10166343721304,111.19791666666667,226.66666666666669,104.70365115876,215.59870819250744,117.69218217457335,237.73462514082593,0.9994623064994812,0.9678843021392822,
2026-07-15T23:43:48.858,22.03069617401343,20260715_234326_front_fusion_ego_2615,egofpsfast_10,fusion_ego_2615,6722261,4,person,0.1019548624753952,-59.18918015421227,-0.8589420515331021,1.0286588828612473,-26.992095025671414,1.3476479053497314,0.7308080196380615,1.3333377838134766,29.131762175573574,483.71093750000006,234.44444444444446,479.7271190518514,227.88823109534053,487.6947559481487,241.00065779354838,0.9720742702484131,0.9986818432807922,
2026-07-15T23:43:48.995,22.16748194291722,20260715_234326_front_fusion_ego_2615,egofpsfast_10,fusion_ego_2615,6722262,0,vehicle,0.16480500996112823,-61.12465088983839,6.919169978217425,1.4437361530185377,142.60408264685796,5.2134480476379395,1.9680123329162598,2.114351272583008,36.17458328166422,475.92708333333337,226.66666666666669,462.9371365954479,218.53358397881192,488.91703007121885,234.79974935452145,0.0055612558498978615,0.9828214645385742,
2026-07-15T23:43:48.995,22.16748194291722,20260715_234326_front_fusion_ego_2615,egofpsfast_10,fusion_ego_2615,6722262,1,person,0.1325659602880478,-33.6305604973607,3.297938085927818,1.3753949053421586,-53.12293073692527,0.7411774396896362,0.49912479519844055,1.9340648651123047,36.30330206778496,288.0026041666667,226.66666666666669,285.02877138896537,218.87325088183087,290.976436944368,234.4600824515025,0.9980370402336121,0.9994707703590393,
2026-07-15T23:43:48.995,22.16748194291722,20260715_234326_front_fusion_ego_2615,egofpsfast_10,fusion_ego_2615,6722262,2,person,0.11959920823574066,-30.030270392411957,-3.762386641967737,1.2401830711719946,-143.72984542019373,0.8578543066978455,0.5338843464851379,1.9999580383300781,32.70495764763467,182.36458333333334,226.66666666666669,178.0378555248802,216.23010019461316,186.69131114178649,237.1032331387202,0.9757388234138489,0.9848490953445435,
2026-07-15T23:43:49.125,22.297635847935453,20260715_234326_front_fusion_ego_2615,egofpsfast_10,fusion_ego_2615,6722263,0,person,0.18234027922153473,-30.833482264627197,-3.8626237562352514,1.1884785246669107,-126.52318605451916,0.7633861303329468,0.578703761100769,1.9427261352539062,31.378082674075195,172.35677083333334,226.66666666666669,167.4681632158657,216.30555878082913,177.24537845080098,237.02777455250424,0.9917393922805786,0.996152937412262,
2026-07-15T23:43:49.255,22.42806041194126,20260715_234326_front_fusion_ego_2615,egofpsfast_10,fusion_ego_2615,6722264,0,person,0.06690958142280579,-67.43673795025886,0.13717522284306227,1.3475545417404842,-94.35184946554617,0.6372045278549194,0.44840261340141296,1.803792953491211,30.481097592009956,563.7734375,234.44444444444446,559.3383162831888,225.63181695010928,568.2085587168112,243.25707193877963,0.9999903440475464,0.9987057447433472,
2026-07-15T23:43:49.376,22.548397164908238,20260715_234326_front_fusion_ego_2615,egofpsfast_10,fusion_ego_2615,6722265,0,person,0.40740281343460083,-65.14590584843714,-1.5646049643999795,1.2468295144492534,-133.94250855576297,0.41912275552749634,0.40290459990501404,1.6989376544952393,27.03602968129429,564.8854166666667,234.44444444444446,561.0803713068988,225.8094444539812,568.6904620264347,243.0794444349077,0.9999873638153076,0.9959357976913452,
2026-07-15T23:43:49.376,22.548397164908238,20260715_234326_front_fusion_ego_2615,egofpsfast_10,fusion_ego_2615,6722265,1,person,0.06456072628498077,-54.88122789817117,13.353857608221574,1.4269452292978309,-78.61994362728123,1.3876417875289917,0.7403214573860168,1.8952908515930176,38.644273359933294,422.55208333333337,226.66666666666669,419.49994939363876,220.34841040770215,425.604217273028,232.98492292563122,0.9952966570854187,0.9922851324081421,
2026-07-15T23:43:49.376,22.548397164908238,20260715_234326_front_fusion_ego_2615,egofpsfast_10,fusion_ego_2615,6722265,2,person,0.06193605810403824,-32.180654988001045,-4.704528039246309,1.365374280395653,-120.0623243386627,0.771015465259552,0.5772161483764648,1.8912150859832764,28.491659309858004,146.78125,226.66666666666669,140.887151629664,214.57433501879376,152.675348370336,238.7589983145396,0.9940475225448608,0.8564250469207764,
2026-07-15T23:43:49.505,22.6775403060019,20260715_234326_front_fusion_ego_2615,egofpsfast_10,fusion_ego_2615,6722266,0,vehicle,0.1488163322210312,-64.41476171604921,9.776272480902144,1.2995951410402915,-76.04007631379439,5.068089485168457,1.9333404302597046,1.8349097967147827,36.223153141725746,501.5026041666667,226.66666666666669,483.81727042297524,219.1587782899539,519.1879379103582,234.17455504337948,0.0014470118330791593,0.99156254529953,
2026-07-15T23:43:49.505,22.6775403060019,20260715_234326_front_fusion_ego_2615,egofpsfast_10,fusion_ego_2615,6722266,1,person,0.08609602600336075,-61.95369463484004,-2.6867307639590265,0.9235635766870824,-139.63828877051463,0.39554041624069214,0.31631046533584595,1.6040757894515991,23.75930348939777,545.9817708333334,234.44444444444446,542.1245346407717,225.0318005349901,549.8390070258951,243.8570883538988,0.9999852180480957,0.9804694056510925,
2026-07-15T23:43:49.653,22.825533182010986,20260715_234326_front_fusion_ego_2615,egofpsfast_10,fusion_ego_2615,6722267,0,vehicle,0.2205304503440857,-30.21457294834907,7.5059613331979165,2.94652305297474,-69.83033204512869,9.58098030090332,3.348881483078003,4.691581726074219,37.81159099509552,252.41927083333334,217.7777777777778,209.6520249893268,195.15401528941263,295.1865166773399,240.40154026614297,0.09285923093557358,0.9999666213989258,
2026-07-15T23:43:49.653,22.825533182010986,20260715_234326_front_fusion_ego_2615,egofpsfast_10,fusion_ego_2615,6722267,1,vehicle,0.143731951713562,-63.74458149329459,10.103818327754361,1.3291339498783952,-108.78319609018051,4.857891082763672,1.8859670162200928,1.700851559638977,35.44447473163604,510.39843750000006,226.66666666666669,495.6449003256858,219.76058284441632,525.1519746743143,233.57275048891705,0.024765852838754654,0.9982553124427795,
2026-07-15T23:43:49.653,22.825533182010986,20260715_234326_front_fusion_ego_2615,egofpsfast_10,fusion_ego_2615,6722267,2,person,0.12904800474643707,-36.91734923879748,-2.662217964584123,0.9349144593319751,71.76236734999473,0.39458054304122925,0.38774579763412476,1.7398309707641602,25.625335185556796,252.41927083333334,234.44444444444446,246.03503039324036,225.77846404578952,258.80351127342635,243.1104248430994,0.5428776144981384,0.21422672271728516,
2026-07-15T23:43:49.653,22.825533182010986,20260715_234326_front_fusion_ego_2615,egofpsfast_10,fusion_ego_2615,6722267,3,person,0.10866137593984604,-61.30840839003574,-3.7428587997750746,0.8566502234912639,-111.09726121203808,0.6566941738128662,0.40401288866996765,1.4816006422042847,21.701657052629553,547.09375,234.44444444444446,542.4072029059753,225.36974456575183,551.7802970940247,243.51914432313708,0.9999219179153442,0.9991483688354492,
2026-07-15T23:43:49.653,22.825533182010986,20260715_234326_front_fusion_ego_2615,egofpsfast_10,fusion_ego_2615,6722267,4,person,0.09700946509838104,-53.16335631229613,14.130797727420912,1.0939415544989983,-55.226728918696935,0.6518329977989197,0.4674645960330963,1.8962632417678833,37.498641282031286,421.4401041666667,226.66666666666669,418.57058385914814,220.3643364707629,424.3096244741852,232.96899686257046,0.9984760880470276,0.984459638595581,
2026-07-15T23:43:49.785,22.957810153020546,20260715_234326_front_fusion_ego_2615,egofpsfast_10,fusion_ego_2615,6722268,0,vehicle,0.05794283747673035,-30.385233326329594,7.706214542028384,2.7659130931669464,-86.16612314788827,9.252202033996582,3.2379708290100098,4.497615814208984,37.159511408114064,244.63541666666669,217.7777777777778,197.01218048731488,197.27708207236398,292.2586528460185,238.27847348319162,0.010945005342364311,0.9999465942382812,
2026-07-15T23:43:49.941,23.113389350939542,20260715_234326_front_fusion_ego_2615,egofpsfast_10,fusion_ego_2615,6722269,0,vehicle,0.2572649419307709,-32.953555651836275,7.724881393541956,2.793851369512531,-93.15330930468022,9.090624809265137,3.2290961742401123,4.519941329956055,35.02292983912554,243.52343750000003,217.7777777777778,197.02550312131643,197.52215372191537,290.02137187868357,238.03340183364023,0.07016494125127792,0.9999897480010986,
2026-07-15T23:43:49.941,23.113389350939542,20260715_234326_front_fusion_ego_2615,egofpsfast_10,fusion_ego_2615,6722269,1,person,0.19005480408668518,-35.5429833064079,-1.6975225937852798,1.216926679646523,98.09601726851004,0.700004518032074,0.5539653301239014,1.6052277088165283,25.870560402539702,199.04427083333334,234.44444444444446,191.9267249343296,223.4732046392229,206.1618167323371,245.41568424966601,0.9999587535858154,0.9702778458595276,
2026-07-15T23:43:49.941,23.113389350939542,20260715_234326_front_fusion_ego_2615,egofpsfast_10,fusion_ego_2615,6722269,2,person,0.07694874703884125,-53.52437896488864,16.225311999267255,1.0219047446777239,-62.16731038716344,0.6354258060455322,0.4902800917625427,1.8499557971954346,37.8456923873269,421.4401041666667,226.66666666666669,418.9030123028594,220.32756606737775,423.977196030474,233.00576726595563,0.9954551458358765,0.9724338054656982,
2026-07-15T23:43:50.087,23.259812960983254,20260715_234326_front_fusion_ego_2615,egofpsfast_10,fusion_ego_2615,6722270,0,vehicle,0.374347984790802,-33.570954741877095,7.413317587163071,2.595704323560354,-80.97145520922068,8.457735061645508,3.016164779663086,4.2133989334106445,33.71973300927172,243.52343750000003,217.7777777777778,205.12939531356096,199.4398687945472,281.91747968643904,236.1156867610084,0.040031589567661285,0.9999775886535645,
2026-07-15T23:43:50.087,23.259812960983254,20260715_234326_front_fusion_ego_2615,egofpsfast_10,fusion_ego_2615,6722270,1,person,0.20141279697418213,-54.12905714226473,17.65338880619492,1.0169336684812562,-69.74209529348401,0.5334843397140503,0.4581630825996399,1.8410804271697998,38.44644227948082,421.4401041666667,226.66666666666669,419.13738668259856,220.62219778696698,423.7428216507348,232.7111355463664,0.9973906874656677,0.9923833012580872,
2026-07-15T23:43:50.087,23.259812960983254,20260715_234326_front_fusion_ego_2615,egofpsfast_10,fusion_ego_2615,6722270,2,vehicle,0.07906137406826019,-51.90112957890335,15.884251422296373,1.060393208573435,-54.14932356485389,4.469061851501465,1.7525739669799805,1.9791147708892822,36.62429511331653,395.86458333333337,226.66666666666669,383.7693379496535,219.0575588742892,407.95982871701324,234.27577445904416,0.004096143878996372,0.9931480288505554,
2026-07-15T23:43:50.216,23.3886127040023,20260715_234326_front_fusion_ego_2615,egofpsfast_10,fusion_ego_2615,6722271,0,vehicle,0.18431779742240906,-31.47127194223931,8.140703932953393,2.7345645346973164,-99.13264847237687,8.978157043457031,3.1708903312683105,4.504616737365723,34.8486747038919,235.73958333333334,217.7777777777778,190.43710376073918,197.10846589671243,281.04206290592754,238.44708965884317,0.01047325599938631,0.9999983310699463,
2026-07-15T23:43:50.341,23.51339532097336,20260715_234326_front_fusion_ego_2615,egofpsfast_10,fusion_ego_2615,6722272,0,vehicle,0.42116138339042664,-30.835811624798385,8.189262731857127,2.5975103650941733,-96.57103324059325,8.702646255493164,3.135026454925537,4.329057693481445,34.62585448535679,234.62760416666669,217.7777777777778,189.75694845865172,198.05144296752084,279.49825987468165,237.50411258803476,0.024873098358511925,0.9999699592590332,
2026-07-15T23:43:50.341,23.51339532097336,20260715_234326_front_fusion_ego_2615,egofpsfast_10,fusion_ego_2615,6722272,1,person,0.10672833770513535,-53.89584398710325,19.675335746502856,0.9057119788120624,-74.79677810744987,0.7069784998893738,0.4955611824989319,1.959036946296692,38.79962877404846,422.55208333333337,226.66666666666669,420.47792363942915,220.80201799670857,424.6262430272376,232.5313153366248,0.9997740387916565,0.9888589382171631,
2026-07-15T23:43:50.482,23.653821910964325,20260715_234326_front_fusion_ego_2615,egofpsfast_10,fusion_ego_2615,6722273,0,person,0.27215495705604553,-63.04089781931421,5.571024806292193,0.940708756240106,167.16127390922676,0.2525506615638733,0.34981945157051086,1.875192642211914,26.213838201598545,510.39843750000006,226.66666666666669,507.46910035004845,217.23199824492139,513.3277746499516,236.101335088412,0.9999997615814209,0.9981220364570618,
2026-07-15T23:43:50.482,23.653821910964325,20260715_234326_front_fusion_ego_2615,egofpsfast_10,fusion_ego_2615,6722273,1,vehicle,0.22676391899585724,-31.229957073543222,8.516795694133833,2.288594818820009,-99.0125864701059,8.333447456359863,3.010450839996338,4.055525302886963,34.010786686155,235.73958333333334,217.7777777777778,187.9222500671943,197.0760755406486,283.5569165994724,238.479480014907,0.016229260712862015,0.9999094009399414,
2026-07-15T23:43:50.482,23.653821910964325,20260715_234326_front_fusion_ego_2615,egofpsfast_10,fusion_ego_2615,6722273,2,person,0.10528424382209778,-53.732024191701285,19.86128909636176,0.6766550352971838,-73.66297597837286,0.7449089288711548,0.4812624454498291,1.911547303199768,38.177908793405756,422.55208333333337,226.66666666666669,420.1620307102179,220.74064681927365,424.94213595644885,232.59268651405972,0.9994220733642578,0.9939999580383301,
2026-07-15T23:43:50.623,23.79593629797455,20260715_234326_front_fusion_ego_2615,egofpsfast_10,fusion_ego_2615,6722274,0,vehicle,0.17364613711833954,-29.214470797684676,9.792678279749879,2.225837604823214,-104.21329795405835,8.471258163452148,3.0081627368927,4.0656867027282715,35.66828949391303,234.62760416666669,216.66666666666669,181.11470965544385,196.71761731306714,288.1404986778895,236.61571602026623,0.010884185321629047,0.9999834299087524,
2026-07-15T23:43:50.750,23.922820174950175,20260715_234326_front_fusion_ego_2615,egofpsfast_10,fusion_ego_2615,6722275,0,vehicle,0.33493536710739136,-29.390017073420836,8.754357006774189,2.229558472996506,-107.9075476718107,8.28965950012207,2.979468822479248,4.060339450836182,34.19891614768964,234.62760416666669,216.66666666666669,183.71800621102255,196.12615803877515,285.5372021223108,237.20717529455823,0.029913069680333138,0.999904990196228,
2026-07-15T23:43:50.750,23.922820174950175,20260715_234326_front_fusion_ego_2615,egofpsfast_10,fusion_ego_2615,6722275,1,person,0.22450727224349976,-65.71053906952841,9.342972289428367,0.8799428338100075,173.8449178079797,0.3769686222076416,0.3771188259124756,1.8754396438598633,29.35758796998931,545.9817708333334,225.55555555555557,543.2929722204184,217.16581496927475,548.6705694462484,233.9452961418364,0.9999998807907104,0.9985539317131042,
2026-07-15T23:43:50.750,23.922820174950175,20260715_234326_front_fusion_ego_2615,egofpsfast_10,fusion_ego_2615,6722275,2,vehicle,0.06820452213287354,-68.81083062154742,8.950841611287434,1.0411960568504375,138.007244190206,4.698896408081055,1.8198918104171753,1.8519043922424316,30.5735770119703,582.6770833333334,225.55555555555557,559.0523628269633,217.03231874439453,606.3018038397034,234.0787923667166,0.0013597982469946146,0.9994181394577026,
2026-07-15T23:43:50.884,24.056886178907007,20260715_234326_front_fusion_ego_2615,egofpsfast_10,fusion_ego_2615,6722276,0,vehicle,0.13466641306877136,-30.54316676708966,9.813664832652826,2.177960609322061,-99.65091928913266,8.345905303955078,3.0073599815368652,4.050903797149658,33.68473411373032,234.62760416666669,217.7777777777778,178.0220727423827,198.75130640135873,291.23313559095067,236.80424915419687,0.006567745469510555,0.9999436140060425,
2026-07-15T23:43:50.884,24.056886178907007,20260715_234326_front_fusion_ego_2615,egofpsfast_10,fusion_ego_2615,6722276,1,vehicle,0.12457181513309479,-70.11955319627484,8.246865048515133,1.0936386640526363,161.36049440034807,4.744564056396484,1.8324871063232422,1.9966448545455933,30.109201023187484,590.4609375,225.55555555555557,565.7301562875509,216.12668696377014,615.1917187124491,234.984424147341,0.018078165128827095,0.9967414736747742,
2026-07-15T23:43:50.884,24.056886178907007,20260715_234326_front_fusion_ego_2615,egofpsfast_10,fusion_ego_2615,6722276,2,person,0.11481691151857376,-63.78937304409722,9.211284207854309,1.000701122998696,-64.12331457540913,0.49839717149734497,0.44595614075660706,1.723463773727417,27.708676069446035,511.5104166666667,226.66666666666669,508.5729178392018,218.46892038981122,514.4479154941316,234.86441294352215,0.9999722242355347,0.999818742275238,
2026-07-15T23:43:51.029,24.201903481967747,20260715_234326_front_fusion_ego_2615,egofpsfast_10,fusion_ego_2615,6722277,0,vehicle,0.4049922525882721,-30.068643871580786,10.590764177656002,2.0670164408981435,-82.19413326474223,8.021480560302734,2.89874005317688,3.9023845195770264,34.03020114716636,234.62760416666669,217.7777777777778,181.0735614548127,198.86917518244852,288.18164687852067,236.68638037310708,0.2782015800476074,0.9999359846115112,
2026-07-15T23:43:51.165,24.338181908940896,20260715_234326_front_fusion_ego_2615,egofpsfast_10,fusion_ego_2615,6722278,0,vehicle,0.06983112543821335,-34.94467597427859,17.707588849738514,1.2741355852155154,-9.53702069087037,4.429886817932129,1.746863842010498,1.7868820428848267,36.56509263137669,315.80208333333337,226.66666666666669,298.5583896574875,219.56752995649975,333.04577700917923,233.76580337683362,0.7291627526283264,0.9986215829849243,
2026-07-15T23:43:51.165,24.338181908940896,20260715_234326_front_fusion_ego_2615,egofpsfast_10,fusion_ego_2615,6722278,1,vehicle,0.061077795922756195,-54.728592746945715,20.722151179248016,2.279606784739128,-134.19487828698047,8.77347183227539,3.03354811668396,4.280535697937012,35.31498555161026,403.6484375,217.7777777777778,380.562147911638,200.6423996554481,426.734727088362,234.9131559001075,0.028108004480600357,0.9997848868370056,
2026-07-15T23:43:51.291,24.4639712999342,20260715_234326_front_fusion_ego_2615,egofpsfast_10,fusion_ego_2615,6722279,0,vehicle,0.09850849211215973,-30.659019229933705,9.622026683340877,2.4329179680569624,-89.34171794427513,8.805648803710938,3.1751627922058105,4.380125045776367,31.87375173788722,226.84375000000003,216.66666666666669,165.39510017633438,191.3265774647395,288.2923998236656,242.00675586859387,0.22530204057693481,0.9999401569366455,
2026-07-15T23:43:51.291,24.4639712999342,20260715_234326_front_fusion_ego_2615,egofpsfast_10,fusion_ego_2615,6722279,1,vehicle,0.05502007529139519,-33.21428169227142,19.416606607630147,1.4624075208936924,-6.315835707611952,4.560234069824219,1.7770317792892456,1.8341666460037231,38.28685564896931,315.80208333333337,226.66666666666669,298.96182749917114,219.67716212073964,332.6423391674956,233.65617121259373,0.7600801587104797,0.9992403984069824,
2026-07-15T23:43:51.430,24.602152650943026,20260715_234326_front_fusion_ego_2615,egofpsfast_10,fusion_ego_2615,6722280,0,vehicle,0.1464671492576599,-31.372480109317447,10.280174657212584,2.3716626026710195,-80.50363575263124,8.775254249572754,3.1378588676452637,4.400057315826416,31.376060156935996,226.84375000000003,216.66666666666669,165.7658730149269,192.52158562342328,287.9216269850731,240.8117477099101,0.18755841255187988,0.999975323677063,
2026-07-15T23:43:51.569,24.74162378697656,20260715_234326_front_fusion_ego_2615,egofpsfast_10,fusion_ego_2615,6722281,0,vehicle,0.3308417797088623,-32.69914823765638,10.787921877669227,2.35354711953911,-89.9884641965404,8.857233047485352,3.134650468826294,4.533802032470703,30.383839905178064,226.84375000000003,216.66666666666669,174.1409316584468,192.20067183176678,279.5465683415532,241.1326615015666,0.08116934448480606,0.9999648332595825,
2026-07-15T23:43:51.569,24.74162378697656,20260715_234326_front_fusion_ego_2615,egofpsfast_10,fusion_ego_2615,6722281,1,person,0.17473511397838593,-59.52922753246017,16.45597040819421,1.2615516817864751,-167.67168309716976,0.43650248646736145,0.4580692648887634,1.8928860425949097,29.762179632608696,528.1901041666667,226.66666666666669,525.4818163101252,219.36524982253712,530.8983920232083,233.96808351079625,1.0,0.9994489550590515,
2026-07-15T23:43:51.569,24.74162378697656,20260715_234326_front_fusion_ego_2615,egofpsfast_10,fusion_ego_2615,6722281,2,vehicle,0.15952220559120178,-71.36569634196684,8.258001887519072,1.0249583829743543,142.21222621759503,4.947790145874023,1.8910834789276123,1.778995394706726,28.12543258484229,644.9479166666667,234.44444444444446,615.3726108769577,224.1720559861925,674.5232224563758,244.7168329026964,0.026922419667243958,0.9997549653053284,
2026-07-15T23:43:51.569,24.74162378697656,20260715_234326_front_fusion_ego_2615,egofpsfast_10,fusion_ego_2615,6722281,3,vehicle,0.0940842479467392,-51.28872773695436,20.938093897607498,1.1277982849059018,-67.72993738770538,4.684172630310059,1.8683007955551147,1.9948257207870483,33.37046029961264,394.7526041666667,226.66666666666669,379.7549010651807,218.45106850067776,409.75030726815265,234.8822648326556,0.0735694169998169,0.9364933371543884,
2026-07-15T23:43:51.569,24.74162378697656,20260715_234326_front_fusion_ego_2615,egofpsfast_10,fusion_ego_2615,6722281,4,person,0.09049932658672333,-53.39262437901822,23.32468676505544,1.054859680035694,-82.07012014708972,0.8257696032524109,0.5628398656845093,1.8357179164886475,35.759067586331135,422.55208333333337,226.66666666666669,419.8259036925932,219.7137067715327,425.2782629740735,233.61962656180066,0.9995442032814026,0.9997580647468567,
2026-07-15T23:43:51.569,24.74162378697656,20260715_234326_front_fusion_ego_2615,egofpsfast_10,fusion_ego_2615,6722281,5,person,0.07508107274770737,-61.90823287841565,4.215894945315348,0.794274576990551,153.6604837798949,1.007538914680481,0.5708664655685425,1.7943181991577148,19.221248716561437,698.3229166666667,235.55555555555557,689.3800628023844,221.65478381845688,707.2657705309491,249.45632729265427,0.9988683462142944,0.7962378859519958,
2026-07-15T23:43:51.692,24.864497107919306,20260715_234326_front_fusion_ego_2615,egofpsfast_10,fusion_ego_2615,6722282,0,vehicle,0.6305073499679565,-33.94909524791099,10.104969906625012,2.220191858853582,-87.52811604562241,8.656373977661133,3.109260082244873,4.328037261962891,28.550988598416932,226.84375000000003,216.66666666666669,176.22270165383816,189.97440973917645,277.46479834616184,243.35892359415692,0.16675271093845367,0.9999523162841797,
2026-07-15T23:43:51.692,24.864497107919306,20260715_234326_front_fusion_ego_2615,egofpsfast_10,fusion_ego_2615,6722282,1,vehicle,0.22854362428188324,-68.16777993386125,6.753897018536318,1.0217135930351162,170.82685933021372,4.687578201293945,1.7121363878250122,1.730010986328125,24.367777856450342,653.84375,234.44444444444446,625.0251174345613,223.7912788656023,682.6623825654387,245.09761002328662,0.008540485985577106,0.9999629259109497,
2026-07-15T23:43:51.692,24.864497107919306,20260715_234326_front_fusion_ego_2615,egofpsfast_10,fusion_ego_2615,6722282,2,vehicle,0.11822205781936646,-50.298584446383366,22.62213567698511,1.1832999213988913,-74.65974985176959,4.835374355316162,1.9229000806808472,2.055569648742676,34.428598217280175,394.7526041666667,226.66666666666669,379.6180739129583,218.55656156937283,409.88713442037505,234.77677176396054,0.08177877962589264,0.9288080334663391,
2026-07-15T23:43:51.692,24.864497107919306,20260715_234326_front_fusion_ego_2615,egofpsfast_10,fusion_ego_2615,6722282,3,person,0.09736315906047821,-54.16671846397605,24.096718890571548,1.0316033165347633,-83.0898681519064,0.7721263766288757,0.5519800186157227,1.8063217401504517,35.89367297177703,422.55208333333337,226.66666666666669,420.05996152323985,220.0598896543185,425.0442051434269,233.27344367901486,0.9995362758636475,0.9967086315155029,
2026-07-15T23:43:51.692,24.864497107919306,20260715_234326_front_fusion_ego_2615,egofpsfast_10,fusion_ego_2615,6722282,4,person,0.09661338478326797,-60.145396116004605,18.02669725620399,1.2653997799770877,-177.24116811512553,0.644414484500885,0.5294450521469116,1.9781979322433472,30.78530352753795,528.1901041666667,225.55555555555557,525.5140142442349,217.8157526585791,530.8661940890986,233.29535845253204,1.0,0.9987269043922424,
2026-07-15T23:43:51.828,25.001092356978916,20260715_234326_front_fusion_ego_2615,egofpsfast_10,fusion_ego_2615,6722283,0,vehicle,0.6835030913352966,-34.6409782291615,9.88809065772249,2.0842600960794346,-81.63429756194499,8.066755294799805,2.905367851257324,4.035590171813965,27.4439126041299,226.84375000000003,216.66666666666669,179.93943339586258,193.36155513922375,273.7480666041374,239.97177819410962,0.09478555619716644,0.9998877048492432,
2026-07-15T23:43:51.828,25.001092356978916,20260715_234326_front_fusion_ego_2615,egofpsfast_10,fusion_ego_2615,6722283,1,vehicle,0.26160362362861633,-68.86183315818982,6.885663464539512,1.0317898639011194,-158.7702141572255,4.745640277862549,1.8012608289718628,1.871216893196106,24.427619022276495,670.5234375,234.44444444444446,639.7925175502896,221.68645020988254,701.2543574497104,247.20243867900638,0.21795956790447235,0.9999650716781616,
2026-07-15T23:43:51.828,25.001092356978916,20260715_234326_front_fusion_ego_2615,egofpsfast_10,fusion_ego_2615,6722283,2,vehicle,0.22174932062625885,-36.68707053396927,19.990868557976253,1.3597708842480394,-20.188153408993664,4.338149547576904,1.7761485576629639,1.6143782138824463,34.79539499831815,314.6901041666667,226.66666666666669,296.20890396709245,219.9936632315318,333.1713043662409,233.33967010180157,0.28914791345596313,0.9984645843505859,
2026-07-15T23:43:51.828,25.001092356978916,20260715_234326_front_fusion_ego_2615,egofpsfast_10,fusion_ego_2615,6722283,3,person,0.12793400883674622,-53.83736515415526,24.913612942553165,0.9930929230089418,-73.51405815492565,0.6983964443206787,0.5376473665237427,1.792399525642395,36.03924165368204,422.55208333333337,226.66666666666669,419.97312626133987,220.23274461428326,425.13104040532687,233.1005887190501,0.9991751313209534,0.996887743473053,
2026-07-15T23:43:51.828,25.001092356978916,20260715_234326_front_fusion_ego_2615,egofpsfast_10,fusion_ego_2615,6722283,4,vehicle,0.1257852017879486,-52.01577465764447,23.453694653505796,1.1055780725413116,-77.30593945998208,4.667351722717285,1.847571611404419,2.0558202266693115,34.547629497770544,394.7526041666667,226.66666666666669,382.36718586521846,218.66003225247067,407.1380224681149,234.6733010808627,0.5810604095458984,0.9878944754600525,
2026-07-15T23:43:51.960,25.132600100012496,20260715_234326_front_fusion_ego_2615,egofpsfast_10,fusion_ego_2615,6722284,0,vehicle,0.6522817611694336,-34.239962453376386,9.66672877659915,2.117050445591752,-68.32562571264629,7.839993000030518,2.891057014465332,4.031713008880615,27.064404767148293,225.73177083333334,216.66666666666669,170.86040668686232,191.9790444771449,280.6031349798044,241.35428885618848,0.12144475430250168,0.9998694658279419,
2026-07-15T23:43:51.960,25.132600100012496,20260715_234326_front_fusion_ego_2615,egofpsfast_10,fusion_ego_2615,6722284,1,person,0.29929909110069275,-54.43985180408351,26.412076694127535,0.9947258951007603,-74.9886300824714,0.7311724424362183,0.5391343235969543,1.814778208732605,36.922573562378595,422.55208333333337,226.66666666666669,420.3273025423599,220.2291392783324,424.7768641243068,233.10419405500096,0.9987413287162781,0.9988569021224976,
2026-07-15T23:43:51.960,25.132600100012496,20260715_234326_front_fusion_ego_2615,egofpsfast_10,fusion_ego_2615,6722284,2,vehicle,0.28147369623184204,-69.81055793356471,6.966492398290832,1.0142795315193105,167.72629546711553,4.8332929611206055,1.7647688388824463,1.8365283012390137,24.671098818798374,680.53125,234.44444444444446,647.4336595088243,221.24688711431293,713.6288404911757,247.642001774576,0.008670545183122158,0.9999957084655762,
2026-07-15T23:43:51.960,25.132600100012496,20260715_234326_front_fusion_ego_2615,egofpsfast_10,fusion_ego_2615,6722284,3,person,0.12101875990629196,-56.582906742977414,21.48203533193372,1.015460625984828,-176.44479381749008,0.6260149478912354,0.5231729745864868,1.788445234298706,32.21360139628043,528.1901041666667,225.55555555555557,525.4371548520091,218.5031670663092,530.9430534813243,232.60794404480194,0.9999998807907104,0.9988988637924194,
2026-07-15T23:43:51.960,25.132600100012496,20260715_234326_front_fusion_ego_2615,egofpsfast_10,fusion_ego_2615,6722284,4,vehicle,0.09059887379407883,-36.47702106614993,22.058166898786773,1.4449481228257905,-8.884450889493824,4.639255046844482,1.865055799484253,1.8134825229644775,36.16982731613521,314.6901041666667,226.66666666666669,292.9692848796646,219.09733335177106,336.4109234536688,234.23599998156232,0.7031980156898499,0.9776347875595093,
2026-07-15T23:43:51.960,25.132600100012496,20260715_234326_front_fusion_ego_2615,egofpsfast_10,fusion_ego_2615,6722284,5,person,0.08491360396146774,-65.91707377891753,4.934016155903606,0.7741424095172413,54.11747051926512,0.4831838011741638,0.42577916383743286,1.6517136096954346,20.530397973460285,715.0026041666667,235.55555555555557,707.8304026468347,223.37375524971222,722.1748056864988,247.73735586139892,0.9999369382858276,0.8822600245475769,
2026-07-15T23:43:52.105,25.278179273940623,20260715_234326_front_fusion_ego_2615,egofpsfast_10,fusion_ego_2615,6722285,0,vehicle,0.23554645478725433,-34.32238024543709,10.226439822777596,2.0032451016417,-102.25706051486263,7.750631332397461,2.7730307579040527,3.9637131690979004,26.96277829863388,216.83593750000003,216.66666666666669,164.82677843421698,189.08331910769147,268.845096565783,244.2500142256419,0.32462626695632935,0.9993770718574524,
2026-07-15T23:43:52.105,25.278179273940623,20260715_234326_front_fusion_ego_2615,egofpsfast_10,fusion_ego_2615,6722285,1,person,0.20836466550827026,-54.912480952548314,27.162763184574974,0.9769829829443695,-87.24672048610014,0.7864391803741455,0.553419291973114,1.8960185050964355,37.07204074162564,422.55208333333337,226.66666666666669,419.94111921110505,220.13760800162953,425.1630474555617,233.19572533170384,0.9999082088470459,0.9990418553352356,
2026-07-15T23:43:52.105,25.278179273940623,20260715_234326_front_fusion_ego_2615,egofpsfast_10,fusion_ego_2615,6722285,2,vehicle,0.093780517578125,-36.04405611145085,20.410856599410273,1.4009028276388888,-32.96403875505517,4.350602149963379,1.759814739227295,1.8181793689727783,34.346898086288824,306.90625,226.66666666666669,288.6566078476608,218.04331640402478,325.1558921523392,235.2900169293086,0.5823860764503479,0.9920259118080139,
2026-07-15T23:43:52.105,25.278179273940623,20260715_234326_front_fusion_ego_2615,egofpsfast_10,fusion_ego_2615,6722285,3,vehicle,0.06073115020990372,-71.1548673083203,8.729105900302372,0.912443963460746,134.59943321226328,4.708221912384033,1.6858727931976318,1.6114683151245117,26.416687410625553,698.3229166666667,234.44444444444446,662.3287429089348,224.12535425689487,734.3170904243987,244.76353463199405,0.017340537160634995,0.9999942779541016,
2026-07-15T23:43:52.230,25.402810366940685,20260715_234326_front_fusion_ego_2615,egofpsfast_10,fusion_ego_2615,6722286,0,vehicle,0.19897086918354034,-32.79984602564324,9.709206690294401,2.1001902100183223,-58.943805143618626,8.13615894317627,2.7865161895751953,4.17623233795166,27.212727118337774,209.05208333333334,216.66666666666669,164.1553624322017,186.49866382280987,253.94880423446497,246.8346695105235,0.5140437483787537,0.9998257756233215,
2026-07-15T23:43:52.230,25.402810366940685,20260715_234326_front_fusion_ego_2615,egofpsfast_10,fusion_ego_2615,6722286,1,person,0.11605358123779297,-54.988245429518166,10.104775976389538,1.1991727665584735,173.50582187548247,0.6154537796974182,0.48664233088493347,1.8253209590911865,19.484917833773242,591.5729166666667,226.66666666666669,585.4837345785152,214.51981643835705,597.6620987548183,238.81351689497632,0.9999979734420776,0.990734338760376,
2026-07-15T23:43:52.230,25.402810366940685,20260715_234326_front_fusion_ego_2615,egofpsfast_10,fusion_ego_2615,6722286,2,person,0.0745544284582138,-54.28644215884035,28.30412147983929,1.0118396609578086,-85.46864417464376,0.6912204027175903,0.5385141968727112,1.8326776027679443,37.556446607135534,422.55208333333337,226.66666666666669,419.8732772924317,220.360690454642,425.23088937423506,232.97264287869137,0.9997256398200989,0.9984928369522095,
2026-07-15T23:43:52.370,25.5428500889102,20260715_234326_front_fusion_ego_2615,egofpsfast_10,fusion_ego_2615,6722287,0,vehicle,0.157851442694664,-33.5082166908129,9.994102159937825,2.0597649212041014,115.11476984053344,7.407328128814697,2.600614070892334,3.933162212371826,26.488857098144535,200.15625,216.66666666666669,148.49565443396568,184.83800450960797,251.81684556603435,248.4953288237254,0.30624639987945557,0.9973499774932861,
2026-07-15T23:43:52.370,25.5428500889102,20260715_234326_front_fusion_ego_2615,egofpsfast_10,fusion_ego_2615,6722287,1,person,0.11236832290887833,-38.36739953077772,13.293879537243928,0.9637644297813166,31.784183913830535,0.449493408203125,0.4554443061351776,1.3508007526397705,25.994334879850012,280.21875,234.44444444444446,275.60235511604697,226.23659339216022,284.83514488395303,242.6522954967287,0.5340398550033569,0.9814378023147583,
2026-07-15T23:43:52.370,25.5428500889102,20260715_234326_front_fusion_ego_2615,egofpsfast_10,fusion_ego_2615,6722287,2,person,0.09977199882268906,-54.96367977120555,29.15413771507206,1.0288169275932846,-85.3457612386779,0.6845797300338745,0.5121694803237915,1.9358634948730469,37.84103856373584,422.55208333333337,226.66666666666669,420.07767733636626,220.13228739301366,425.0264893303005,233.20104594031972,0.9996387958526611,0.9995787739753723,
2026-07-15T23:43:52.370,25.5428500889102,20260715_234326_front_fusion_ego_2615,egofpsfast_10,fusion_ego_2615,6722287,3,vehicle,0.0855288952589035,-35.655347778575944,21.401867073278154,1.2393954906568942,-39.17571690697105,4.463243007659912,1.752785086631775,1.823510766029358,34.34273466850259,306.90625,226.66666666666669,287.945552688092,217.7297232548396,325.866947311908,235.60361007849377,0.8273282647132874,0.9937340617179871,
2026-07-15T23:43:52.503,25.676119099953212,20260715_234326_front_fusion_ego_2615,egofpsfast_10,fusion_ego_2615,6722288,0,vehicle,0.4032987058162689,-33.82909211886693,11.386037988622824,2.042864863738102,43.52018360280904,8.2032470703125,2.951411247253418,4.099969387054443,26.83878685071767,216.83593750000003,216.66666666666669,163.4613669887185,188.51259867350262,270.2105080112815,244.82073465983075,0.44743451476097107,0.9981671571731567,
2026-07-15T23:43:52.503,25.676119099953212,20260715_234326_front_fusion_ego_2615,egofpsfast_10,fusion_ego_2615,6722288,1,vehicle,0.2526402473449707,-35.98030149804601,21.560345187215738,1.311243624482434,-25.591796126485004,4.382575511932373,1.7664754390716553,1.8053333759307861,33.80898980294808,306.90625,226.66666666666669,289.04980317875743,218.70004455248517,324.76269682124257,234.6332887808482,0.8477935791015625,0.9970420002937317,
2026-07-15T23:43:52.503,25.676119099953212,20260715_234326_front_fusion_ego_2615,egofpsfast_10,fusion_ego_2615,6722288,2,person,0.22386696934700012,-54.66886845966302,11.69834587707,1.496500357361584,-116.96242031626046,0.671735405921936,0.512886106967926,1.9638348817825317,19.83182208473086,600.46875,226.66666666666669,596.2636231733486,215.69120417038602,604.6738768266514,237.64212916294736,0.9999957084655762,0.9962399005889893,
2026-07-15T23:43:52.503,25.676119099953212,20260715_234326_front_fusion_ego_2615,egofpsfast_10,fusion_ego_2615,6722288,3,vehicle,0.07657605409622192,-35.911628223693,12.982584873366712,1.958799809305718,21.240584148789942,7.590869903564453,2.8680901527404785,3.4885499477386475,26.678916280197495,244.63541666666669,217.7777777777778,202.98186052093905,196.9135587082969,286.2889728123943,238.6419968472587,0.9862539768218994,0.9324753284454346,
2026-07-15T23:43:52.638,25.810433081001975,20260715_234326_front_fusion_ego_2615,egofpsfast_10,fusion_ego_2615,6722289,0,person,0.41358184814453125,-54.82310001195897,15.681690105225274,1.4599364524468161,-145.69517015761684,0.36929598450660706,0.4303777515888214,1.9151345491409302,23.23020310139946,600.46875,226.66666666666669,596.4655111059546,216.89288655916852,604.4719888940454,236.44044677416485,0.9999091625213623,0.8946739435195923,
2026-07-15T23:43:52.638,25.810433081001975,20260715_234326_front_fusion_ego_2615,egofpsfast_10,fusion_ego_2615,6722289,1,vehicle,0.2899947464466095,-36.308923683688576,22.731120997808105,1.1690067000434683,-11.541141929224427,4.760035991668701,1.8787691593170166,1.8222408294677734,34.1758136000575,314.6901041666667,226.66666666666669,292.54321457321447,219.29239476720494,336.8369937601189,234.04093856612843,0.36194711923599243,0.9975742697715759,
2026-07-15T23:43:52.638,25.810433081001975,20260715_234326_front_fusion_ego_2615,egofpsfast_10,fusion_ego_2615,6722289,2,vehicle,0.27918577194213867,-33.98072863988388,10.750205886796316,2.403254821256868,18.52663132698234,7.948965072631836,2.9206061363220215,4.287210464477539,25.8797714194511,207.94010416666669,216.66666666666669,159.4134973237912,183.8177529970805,256.46671100954217,249.51558033625287,0.9170389175415039,0.998005211353302,
2026-07-15T23:43:52.638,25.810433081001975,20260715_234326_front_fusion_ego_2615,egofpsfast_10,fusion_ego_2615,6722289,3,person,0.12349066138267517,-56.077729337469,29.01566998034866,0.9816310471210621,-76.02037040254292,0.5964236259460449,0.4459707736968994,1.909446120262146,36.62757565,422.55208333333337,226.66666666666669,419.9253683088658,220.11316905419034,425.17879835780093,233.22016427914303,0.9999432563781738,0.999915599822998,
2026-07-15T23:43:52.772,25.944254915928468,20260715_234326_front_fusion_ego_2615,egofpsfast_10,fusion_ego_2615,6722290,0,vehicle,0.3268849551677704,-33.85775560335966,23.200017514988442,1.2959358583851754,-30.405879284863634,4.661412715911865,1.9088551998138428,1.7794160842895508,35.312974578884216,306.90625,226.66666666666669,287.06042575091124,219.19871772329014,326.75207424908876,234.13461561004323,0.5120156407356262,0.9956907629966736,
2026-07-15T23:43:52.772,25.944254915928468,20260715_234326_front_fusion_ego_2615,egofpsfast_10,fusion_ego_2615,6722290,1,person,0.24692612886428833,-54.71991003493962,29.313074792409154,0.9332391673812024,-81.59426114254525,0.7039174437522888,0.5349569916725159,1.8280218839645386,36.2454591584471,422.55208333333337,226.66666666666669,420.0590134666612,220.06912271181744,425.04515320000553,233.26421062151593,0.9998076558113098,0.9997231364250183,
2026-07-15T23:43:52.772,25.944254915928468,20260715_234326_front_fusion_ego_2615,egofpsfast_10,fusion_ego_2615,6722290,2,vehicle,0.24442937970161438,-39.72731191978848,5.764669622721561,2.3284471289278184,-100.56858413285369,7.810131549835205,2.8758320808410645,4.180394172668457,17.89575057805456,191.26041666666669,208.88888888888889,135.8804742495219,164.4054787688785,246.64035908381146,253.3722990088993,0.9930815100669861,0.9999861717224121,
2026-07-15T23:43:52.906,26.0783830009168,20260715_234326_front_fusion_ego_2615,egofpsfast_10,fusion_ego_2615,6722291,0,vehicle,0.3604845702648163,-40.5403570367694,5.615082823779012,2.2597892251012084,92.77377129233764,7.906190395355225,2.8851256370544434,4.065899848937988,16.82401041730894,173.46875,208.88888888888889,119.3903620094061,163.24241214328342,227.54713799059394,254.53536563449438,0.7945989370346069,0.9999243021011353,
2026-07-15T23:43:52.906,26.0783830009168,20260715_234326_front_fusion_ego_2615,egofpsfast_10,fusion_ego_2615,6722291,1,vehicle,0.20710885524749756,-34.098287377561164,22.21466621831324,1.3621831508031261,-37.50645821945443,4.570409297943115,1.8494946956634521,1.8142763376235962,33.882334240780516,306.90625,226.66666666666669,286.27689357474446,219.12876794735593,327.53560642525554,234.20456538597745,0.4677802622318268,0.9995643496513367,
2026-07-15T23:43:53.038,26.210361911915243,20260715_234326_front_fusion_ego_2615,egofpsfast_10,fusion_ego_2615,6722292,0,vehicle,0.5137089490890503,-40.98146737300493,5.1324174734274095,2.1852705935764867,31.030192653503047,7.657188892364502,2.8080978393554688,3.837749719619751,15.792966222446397,145.66927083333334,207.7777777777778,80.74292041858038,164.37491880522833,210.5956212480863,251.18063675032724,0.11120450496673584,0.999936580657959,
2026-07-15T23:43:53.038,26.210361911915243,20260715_234326_front_fusion_ego_2615,egofpsfast_10,fusion_ego_2615,6722292,1,person,0.32978954911231995,-51.933329554923226,14.481740840276712,1.5270313694383155,-95.69672853850011,0.7137168645858765,0.5466453433036804,2.0460615158081055,20.232677269805496,617.1484375,226.66666666666669,612.5187757890671,216.27738396326703,621.7780992109329,237.05594937006634,0.9999076128005981,0.9981386661529541,
2026-07-15T23:43:53.038,26.210361911915243,20260715_234326_front_fusion_ego_2615,egofpsfast_10,fusion_ego_2615,6722292,2,vehicle,0.18821072578430176,-33.66216199279293,21.733119537809742,1.2646888423136078,-17.181867403323853,4.520839691162109,1.8251382112503052,1.7228384017944336,33.27058013096734,306.90625,226.66666666666669,286.80017149448395,219.1678150991599,327.01232850551605,234.16551823417348,0.20472507178783417,0.9992049336433411,
2026-07-15T23:43:53.038,26.210361911915243,20260715_234326_front_fusion_ego_2615,egofpsfast_10,fusion_ego_2615,6722292,3,person,0.1314486563205719,-53.38100127495204,30.232036355335836,0.8225155193058626,-80.11308635789676,0.6468865871429443,0.4847935140132904,1.7819901704788208,35.99871022285065,422.55208333333337,226.66666666666669,419.7678199166743,220.0177078942458,425.33634674999246,233.31562543908757,0.9999842643737793,0.9995797276496887,
2026-07-15T23:43:53.180,26.35231221502181,20260715_234326_front_fusion_ego_2615,egofpsfast_10,fusion_ego_2615,6722293,0,vehicle,0.7558341026306152,-41.36337713798639,5.18058592953064,2.1971598394672673,-13.179670042582158,8.426454544067383,2.966013193130493,3.785517454147339,15.184903567617331,111.19791666666667,207.7777777777778,23.77993560830752,145.01055346594916,198.61589772502583,270.5450020896064,0.019342657178640366,0.9999973773956299,
2026-07-15T23:43:53.180,26.35231221502181,20260715_234326_front_fusion_ego_2615,egofpsfast_10,fusion_ego_2615,6722293,1,vehicle,0.19745266437530518,-32.39881820691599,22.821166494554674,1.237527431062622,-31.501042396533183,4.340354919433594,1.7734638452529907,1.7152339220046997,34.449488862628755,306.90625,226.66666666666669,285.67751502618194,219.32608197132748,328.13498497381806,234.0072513620059,0.21236242353916168,0.9981811046600342,
2026-07-15T23:43:53.323,26.4955998089863,20260715_234326_front_fusion_ego_2615,egofpsfast_10,fusion_ego_2615,6722294,0,vehicle,0.4775247275829315,-41.215809861066504,5.638724948779501,1.9081274413472031,43.75603872382783,7.791593074798584,2.7089600563049316,3.823762893676758,15.24173278154121,84.51041666666667,200.0,-32.474662174781166,115.92618703842163,201.49549550811452,284.07381296157837,0.13806334137916565,0.9917974472045898,
2026-07-15T23:43:53.323,26.4955998089863,20260715_234326_front_fusion_ego_2615,egofpsfast_10,fusion_ego_2615,6722294,1,vehicle,0.19847124814987183,-32.57749593838719,22.61976939218834,1.2658266029605634,-29.890408287728334,4.278226852416992,1.7833741903305054,1.6801882982254028,33.75745406637376,306.90625,226.66666666666669,284.81086882948875,218.9970750610034,329.00163117051125,234.33625827232999,0.15743140876293182,0.9986081719398499,
2026-07-15T23:43:53.323,26.4955998089863,20260715_234326_front_fusion_ego_2615,egofpsfast_10,fusion_ego_2615,6722294,2,vehicle,0.1612260788679123,-71.43116175585375,8.631058273376112,0.7659184578592302,-117.42387133345748,4.071688652038574,1.58745276927948,1.4213265180587769,23.219458587748836,830.6484375,234.44444444444446,794.4284322112799,220.78348186280994,866.8684427887202,248.10540702607898,0.8966585993766785,0.9998038411140442,
2026-07-15T23:43:53.323,26.4955998089863,20260715_234326_front_fusion_ego_2615,egofpsfast_10,fusion_ego_2615,6722294,3,vehicle,0.12392038106918335,-38.00296584141687,3.665716239641835,1.9824232129257404,21.517346579197138,7.849359035491943,2.840108871459961,3.702105760574341,16.6698914675821,118.98177083333334,207.7777777777778,40.83401425679525,136.15719662772284,197.12952740987143,279.3983589278327,0.4712587296962738,0.9738056063652039,
2026-07-15T23:43:53.484,26.656494530965574,20260715_234326_front_fusion_ego_2615,egofpsfast_10,fusion_ego_2615,6722295,0,vehicle,0.1869804561138153,-34.66073088812915,21.744350365142935,1.2887032378421668,-24.03164808941685,4.243465423583984,1.802666187286377,1.7817116975784302,31.421584626863986,314.6901041666667,226.66666666666669,292.4767885754506,218.07365755240124,336.9034197578828,235.25967578093213,0.526948094367981,0.9880240559577942,
2026-07-15T23:43:53.648,26.820487370016053,20260715_234326_front_fusion_ego_2615,egofpsfast_10,fusion_ego_2615,6722296,0,vehicle,0.2202414870262146,-43.35172636106533,4.51947561392234,2.2883259545949004,41.57158169401171,8.335822105407715,2.8911378383636475,4.409641742706299,12.241263196119544,66.71875,191.11111111111111,-48.975432097911835,55.931367344326446,182.41293209791183,326.2908548778958,0.6962406039237976,0.9805313944816589,
2026-07-15T23:43:53.648,26.820487370016053,20260715_234326_front_fusion_ego_2615,egofpsfast_10,fusion_ego_2615,6722296,1,vehicle,0.16442909836769104,-37.89043334300202,17.52186357916211,0.40433812806510416,54.301798468724236,4.796424865722656,1.844811201095581,1.1236317157745361,25.724697464067074,306.90625,234.44444444444446,282.74538918212056,226.3500401046541,331.06711081787944,242.5388487842348,0.0013648128369823098,0.9990668892860413,
2026-07-15T23:43:53.648,26.820487370016053,20260715_234326_front_fusion_ego_2615,egofpsfast_10,fusion_ego_2615,6722296,2,person,0.11588533967733383,-59.511187601866624,21.813773428482776,1.2934115041339591,-144.88365736451337,0.642778217792511,0.4773212969303131,1.9457850456237793,26.444391116568973,627.15625,225.55555555555557,622.1067260829732,215.54838571283554,632.2057739170268,235.5627253982756,0.9999963045120239,0.9996097683906555,
2026-07-15T23:43:53.812,26.98507493501529,20260715_234326_front_fusion_ego_2615,egofpsfast_10,fusion_ego_2615,6722297,0,vehicle,0.15906791388988495,-38.82203343762062,17.548204909463536,0.5065640102289319,74.74314536928473,4.782476425170898,1.801796317100525,1.1806941032409668,24.81536037389846,314.6901041666667,234.44444444444446,284.65847774843377,226.77673664357928,344.7217305848996,242.11215224530963,0.00024299108190461993,0.9998950958251953,
2026-07-15T23:43:53.949,27.12151675997302,20260715_234326_front_fusion_ego_2615,egofpsfast_10,fusion_ego_2615,6722298,0,vehicle,0.2355063408613205,-38.35655996713881,17.873322812327725,0.6576053568678244,68.09204320857175,4.689195156097412,1.7890939712524414,1.2888768911361694,24.937204270089985,314.6901041666667,234.44444444444446,284.83957246194285,226.06020864513187,344.5406358713905,242.82868024375705,0.0013852688716724515,0.9998691082000732,
2026-07-15T23:43:53.949,27.12151675997302,20260715_234326_front_fusion_ego_2615,egofpsfast_10,fusion_ego_2615,6722298,1,vehicle,0.13726748526096344,-45.14582073089788,31.388902295925696,2.6051669737463556,-87.73578190406722,8.58780574798584,3.0514724254608154,4.253437042236328,34.85939036526581,376.9609375,217.7777777777778,354.13999876752496,200.62654601203073,399.78187623247504,234.92900954352487,0.8397303223609924,0.9988080263137817,
2026-07-15T23:43:53.949,27.12151675997302,20260715_234326_front_fusion_ego_2615,egofpsfast_10,fusion_ego_2615,6722298,2,vehicle,0.13644953072071075,-25.35231994834492,24.592466785022157,1.5909291027018337,-3.1555881575388263,5.053798675537109,1.9111288785934448,2.134521245956421,38.44036517120716,225.73177083333334,226.66666666666669,198.6657385652264,216.33196423451108,252.79780310144028,237.0013690988223,0.8665373921394348,0.999161958694458,
2026-07-15T23:43:53.949,27.12151675997302,20260715_234326_front_fusion_ego_2615,egofpsfast_10,fusion_ego_2615,6722298,3,vehicle,0.10209836810827255,-41.58401861858336,4.470975765533332,1.9598409080517065,59.31146384568773,7.494462013244629,2.5733325481414795,3.681029796600342,13.004184353387044,57.82291666666667,207.7777777777778,-5.246031840642294,153.5800646411048,120.89186517397563,261.97549091445075,0.8413535356521606,0.9753893613815308,
2026-07-15T23:43:53.949,27.12151675997302,20260715_234326_front_fusion_ego_2615,egofpsfast_10,fusion_ego_2615,6722298,4,vehicle,0.06220468133687973,-43.209912156341595,3.531151181827777,2.211543487983425,58.726629456119134,7.644382953643799,2.7967915534973145,3.656330108642578,11.141033813038412,102.30208333333334,200.0,36.50583692391714,133.47368478775024,168.09832974274954,266.52631521224976,0.9441466331481934,0.8232884407043457,
2026-07-15T23:43:54.073,27.245305888005532,20260715_234326_front_fusion_ego_2615,egofpsfast_10,fusion_ego_2615,6722299,0,person,0.23465575277805328,-39.97880074714628,21.797002561582197,1.320413125136239,-98.81600492554044,0.6189368963241577,0.5600575804710388,1.7931076288223267,27.049195983969366,563.7734375,226.66666666666669,559.9833749337122,217.1736718217532,567.5635000662878,236.15966151158017,0.999994158744812,0.9851964712142944,
2026-07-15T23:43:54.073,27.245305888005532,20260715_234326_front_fusion_ego_2615,egofpsfast_10,fusion_ego_2615,6722299,1,vehicle,0.189826101064682,-38.50043649703094,18.312177280173675,0.6783709971986331,52.83635063219922,4.679649353027344,1.8107033967971802,1.3359346389770508,24.825715883315258,314.6901041666667,234.44444444444446,284.96329384545487,225.61897185113696,344.4169144878785,243.26991703775195,0.004078978206962347,0.999578058719635,
2026-07-15T23:43:54.073,27.245305888005532,20260715_234326_front_fusion_ego_2615,egofpsfast_10,fusion_ego_2615,6722299,2,vehicle,0.10754987597465515,-46.234252221003224,31.61606641038808,2.576299286056857,70.50126561315834,8.559107780456543,3.053220272064209,4.3231520652771,34.403221226541575,376.9609375,217.7777777777778,351.06044694408774,199.82992099391092,402.86142805591226,235.72563456164468,0.19006353616714478,0.999139666557312,
2026-07-15T23:43:54.204,27.376430218922906,20260715_234326_front_fusion_ego_2615,egofpsfast_10,fusion_ego_2615,6722300,0,vehicle,0.09992809593677521,-42.821098423621066,29.101865854724927,2.291108643997063,-41.34229048827244,7.702915191650391,2.759817600250244,3.9524595737457275,32.31681331933645,369.17708333333337,217.7777777777778,337.4628219207128,195.23402200804819,400.8913447459539,240.3215335475074,0.5894221663475037,0.9994438290596008,
2026-07-15T23:43:54.204,27.376430218922906,20260715_234326_front_fusion_ego_2615,egofpsfast_10,fusion_ego_2615,6722300,1,vehicle,0.061222050338983536,-37.09206389949457,19.7052460736471,0.6386647745689302,-11.930189520336612,4.6943254470825195,1.8095148801803589,1.3875824213027954,26.392521051695276,314.6901041666667,234.44444444444446,289.27713739002746,224.70678206947116,340.1030709433059,244.18210681941775,0.002589315176010132,0.9920950531959534,
2026-07-15T23:43:54.204,27.376430218922906,20260715_234326_front_fusion_ego_2615,egofpsfast_10,fusion_ego_2615,6722300,2,vehicle,0.05554010719060898,-23.90097205763076,25.728186921291424,1.6102029152424677,-65.70464561309157,4.644140720367432,1.821131944656372,2.1552722454071045,39.612102390108134,217.94791666666669,226.66666666666669,189.12398071090382,216.12485835949582,246.77185262242955,237.20847497383755,0.7037440538406372,0.999170184135437,
2026-07-15T23:43:54.330,27.502666923915967,20260715_234326_front_fusion_ego_2615,egofpsfast_10,fusion_ego_2615,6722301,0,vehicle,0.10672098398208618,-49.12137305451545,32.399371132325996,2.486681650830045,2.7649723853498203,8.308537483215332,3.030635356903076,4.171180248260498,33.85948824962485,376.9609375,217.7777777777778,351.15778658539057,200.95488058196176,402.76408841460943,234.60067497359384,0.48746591806411743,0.9971439242362976,
2026-07-15T23:43:54.330,27.502666923915967,20260715_234326_front_fusion_ego_2615,egofpsfast_10,fusion_ego_2615,6722301,1,vehicle,0.07566151767969131,-63.45100316456517,22.224448576744585,1.3744429209475708,-121.07226877153695,4.96718168258667,1.9030324220657349,2.056278944015503,25.962835125971925,661.6276041666667,225.55555555555557,641.918621386091,214.10822543832992,681.3365869472425,237.00288567278122,0.8121241927146912,0.9999803304672241,
2026-07-15T23:43:54.456,27.628484142012894,20260715_234326_front_fusion_ego_2615,egofpsfast_10,fusion_ego_2615,6722302,0,vehicle,0.1811937689781189,-39.394253803641845,20.378333503540038,0.8074886590357182,-128.93335184073996,4.884571075439453,1.875923752784729,1.5124322175979614,24.920292581728635,324.6979166666667,234.44444444444446,296.01554973671836,224.5971378352907,353.380283596615,244.2917510535982,0.0011400263756513596,0.996931791305542,
2026-07-15T23:43:54.456,27.628484142012894,20260715_234326_front_fusion_ego_2615,egofpsfast_10,fusion_ego_2615,6722302,1,vehicle,0.11864209175109863,-42.323925365935516,30.55354258446925,2.5575080064340594,-25.867979432928284,8.669084548950195,3.1031923294067383,4.241728782653809,32.99453663346481,369.17708333333337,217.7777777777778,327.52182195832336,198.0741988288032,410.8323447083434,237.4813567267524,0.7187243700027466,0.9998260140419006,
2026-07-15T23:43:54.456,27.628484142012894,20260715_234326_front_fusion_ego_2615,egofpsfast_10,fusion_ego_2615,6722302,2,person,0.0639495924115181,-28.73713119015456,20.132339596330795,1.2785315500855896,18.84383142262856,0.9476935267448425,0.6435452699661255,1.661733865737915,31.649882770753056,173.46875,234.44444444444446,167.0599392261356,223.8608526852396,179.8775607738644,245.02803620364932,0.9991602897644043,0.9900577664375305,
2026-07-15T23:43:54.597,27.770276788971387,20260715_234326_front_fusion_ego_2615,egofpsfast_10,fusion_ego_2615,6722303,0,vehicle,0.35057002305984497,-43.66216405906266,31.34123868024767,2.579084755867715,-2.7324174834725943,8.752038955688477,3.1107704639434814,4.322933197021484,32.94521027632614,369.17708333333337,217.7777777777778,341.93429895987117,197.2961078749763,396.41986770679557,238.2594476805793,0.27926012873649597,0.9998375177383423,
2026-07-15T23:43:54.597,27.770276788971387,20260715_234326_front_fusion_ego_2615,egofpsfast_10,fusion_ego_2615,6722303,1,vehicle,0.1617347151041031,-39.05971953078502,20.79706967097498,0.6992920119571551,-10.124021884744181,4.779562473297119,1.8742066621780396,1.3765525817871094,25.08319718353995,324.6979166666667,234.44444444444446,296.2326228792469,225.8097153570917,353.1632104540865,243.0791735317972,0.00451961625367403,0.996950089931488,
2026-07-15T23:43:54.597,27.770276788971387,20260715_234326_front_fusion_ego_2615,egofpsfast_10,fusion_ego_2615,6722303,2,person,0.10241172462701797,-30.23819734429141,28.844392773417457,1.4407144136591903,-60.49213138619265,0.8746717572212219,0.5534884333610535,1.8969182968139648,36.71651045335127,279.10677083333337,226.66666666666669,274.9066411874568,217.56478706995648,283.30690047920996,235.7685462633769,0.9971444010734558,0.9881362915039062,
2026-07-15T23:43:54.748,27.920646967017092,20260715_234326_front_fusion_ego_2615,egofpsfast_10,fusion_ego_2615,6722304,0,vehicle,0.2520434260368347,-45.954333917255454,31.351933272051635,2.7611908379672476,7.543149280387622,9.279178619384766,3.294131278991699,4.6572265625,32.00513048674299,369.17708333333337,217.7777777777778,337.5603572179874,194.6911089287864,400.7938094486793,240.8644466267692,0.018967119976878166,0.999813973903656,
2026-07-15T23:43:54.748,27.920646967017092,20260715_234326_front_fusion_ego_2615,egofpsfast_10,fusion_ego_2615,6722304,1,vehicle,0.1921693980693817,-39.656972149056045,22.264514635070178,0.852633868697767,51.438641122582986,4.889484882354736,1.8799351453781128,1.4587575197219849,25.656888888179168,332.48177083333337,234.44444444444446,305.6424354364475,225.57141002681522,359.32110623021924,243.3174788620737,0.001593879540450871,0.997901201248169,
2026-07-15T23:43:54.898,28.071027645957656,20260715_234326_front_fusion_ego_2615,egofpsfast_10,fusion_ego_2615,6722305,0,vehicle,0.17142266035079956,-39.656952739115795,22.984606537700362,0.8598975233991182,67.8885037292699,4.80111837387085,1.8414359092712402,1.609668254852295,25.91531434795416,333.59375,234.44444444444446,308.3632968403399,225.670489039686,358.8242031596601,243.2183998492029,0.003244137391448021,0.9958935976028442,
2026-07-15T23:43:54.898,28.071027645957656,20260715_234326_front_fusion_ego_2615,egofpsfast_10,fusion_ego_2615,6722305,1,vehicle,0.07376915216445923,-45.55620643584358,31.259353682753904,2.769120859299031,-7.339996116558562,9.5617094039917,3.37465763092041,4.8262248039245605,31.58733667641511,369.17708333333337,217.7777777777778,332.00827065606916,191.8257390128242,406.3458960105976,243.7298165427314,0.002668772591277957,0.9998972415924072,
2026-07-15T23:43:55.038,28.210796449915506,20260715_234326_front_fusion_ego_2615,egofpsfast_10,fusion_ego_2615,6722306,0,vehicle,0.21223627030849457,-42.39238355473342,24.687310681032734,1.159330683912211,37.97756013978075,4.935437202453613,1.8998674154281616,1.648591160774231,25.8398547729393,341.3776041666667,234.44444444444446,314.44360309342545,226.15092095401553,368.3116052399079,242.73796793487338,0.004589528776705265,0.9948391318321228,
2026-07-15T23:43:55.166,28.339164252975024,20260715_234326_front_fusion_ego_2615,egofpsfast_10,fusion_ego_2615,6722307,0,vehicle,0.26183199882507324,-42.704738272095405,26.241756786475072,1.2447416246493077,-24.667926092100405,4.719844818115234,1.8498735427856445,1.6574323177337646,26.72233999444959,342.48958333333337,234.44444444444446,317.81716327493393,225.82001861598758,367.1620033917328,243.06887027290134,0.0020900904200971127,0.9935768246650696,
2026-07-15T23:43:55.166,28.339164252975024,20260715_234326_front_fusion_ego_2615,egofpsfast_10,fusion_ego_2615,6722307,1,person,0.22053566575050354,-33.84527937281261,25.22335118513402,1.2917558832065943,-83.66904824090578,0.6269035339355469,0.49819231033325195,1.7479658126831055,30.25468051456745,270.2109375,234.44444444444446,265.7117194663733,224.1999885108736,274.7101555336267,244.68890037801532,0.9959797859191895,0.9755555391311646,
2026-07-15T23:43:55.296,28.46901215298567,20260715_234326_front_fusion_ego_2615,egofpsfast_10,fusion_ego_2615,6722308,0,vehicle,0.19521987438201904,-49.22785625287412,28.700886056015552,2.7956729506595552,6.271743989687625,9.972280502319336,3.4704244136810303,4.820460796356201,27.02537820419986,368.0651041666667,217.7777777777778,341.03078725437325,189.0415273772346,395.0994210789601,246.514028178321,0.00010947236296487972,0.9999974966049194,
2026-07-15T23:43:55.296,28.46901215298567,20260715_234326_front_fusion_ego_2615,egofpsfast_10,fusion_ego_2615,6722308,1,vehicle,0.16961944103240967,-36.41516875385034,28.277411488554225,1.4730699330840231,-64.81781384111756,5.000073432922363,1.9536346197128296,1.7959480285644531,30.87302939786563,323.5859375,234.44444444444446,297.0227919816971,225.06042596366672,350.1490830183029,243.8284629252222,0.30540385842323303,0.9829257726669312,
2026-07-15T23:43:55.296,28.46901215298567,20260715_234326_front_fusion_ego_2615,egofpsfast_10,fusion_ego_2615,6722308,2,vehicle,0.11345955729484558,-42.62706832694261,28.010268593271142,1.3569288269617772,-75.09040328790155,4.410339832305908,1.7347856760025024,1.6530295610427856,27.904120157329103,342.48958333333337,234.44444444444446,321.70278906946385,226.0054021742609,363.2763775972029,242.88348671462802,0.02088792994618416,0.98550945520401,
2026-07-15T23:43:55.432,28.604521027999,20260715_234326_front_fusion_ego_2615,egofpsfast_10,fusion_ego_2615,6722309,0,vehicle,0.11518578976392746,-47.64067663216879,26.85965595148397,2.684383076819497,-64.83634062079065,10.134268760681152,3.4938759803771973,4.820801734924316,24.865679270922307,360.28125,217.7777777777778,326.9488468915224,188.66194652186502,393.6136531084776,246.89360903369058,0.0003260199446231127,0.9999988079071045,
2026-07-15T23:43:55.432,28.604521027999,20260715_234326_front_fusion_ego_2615,egofpsfast_10,fusion_ego_2615,6722309,1,vehicle,0.08912565559148788,-35.07996780928334,29.08513558051567,1.5247702783745898,-46.4679045291623,4.437409400939941,1.7737529277801514,1.6043338775634766,31.770165813053506,315.80208333333337,234.44444444444446,292.76965003957355,225.84275480773715,338.8345166270932,243.04613408115176,0.8347787261009216,0.9952763319015503,
2026-07-15T23:43:55.559,28.731606215937063,20260715_234326_front_fusion_ego_2615,egofpsfast_10,fusion_ego_2615,6722310,0,vehicle,0.26831841468811035,-36.119680463751024,26.973921838610366,1.253926724223609,-74.58673552763125,4.962818145751953,1.9103455543518066,1.6207361221313477,28.913534011856772,306.90625,234.44444444444446,279.2818855792284,225.2145152952936,334.5306144207716,243.6743735935953,0.020216800272464752,0.9960483908653259,
2026-07-15T23:43:55.559,28.731606215937063,20260715_234326_front_fusion_ego_2615,egofpsfast_10,fusion_ego_2615,6722310,1,vehicle,0.07429251819849014,-49.086911206865,30.285988891539397,1.4362375563966365,-88.72000284390396,4.863061904907227,1.8419030904769897,1.596465826034546,27.35655470945273,342.48958333333337,234.44444444444446,320.6652031814059,226.60826798942355,364.31396348526084,242.28062089946536,0.014071252197027206,0.9974748492240906,
2026-07-15T23:43:55.692,28.86462359991856,20260715_234326_front_fusion_ego_2615,egofpsfast_10,fusion_ego_2615,6722311,0,vehicle,0.2592884302139282,-50.02463975928254,28.902085906222624,2.5452466457192253,-63.75716748452645,9.03874397277832,3.1730780601501465,4.3492865562438965,25.1941941714672,350.2734375,217.7777777777778,322.24722434580326,195.5274503098594,378.29965065419674,240.0281052456962,0.1269710510969162,0.9999955892562866,
2026-07-15T23:43:55.823,28.995431412942708,20260715_234326_front_fusion_ego_2615,egofpsfast_10,fusion_ego_2615,6722312,0,person,0.17351341247558594,-69.46719841043553,18.82334986239784,1.8921995330012251,151.77038039144898,0.27021324634552,0.3874891400337219,1.7108560800552368,21.89801696870842,697.2109375,243.33333333333334,691.287515389733,230.91326793034872,703.134359610267,255.75339873631796,0.9996907711029053,0.9577210545539856,
2026-07-15T23:43:55.823,28.995431412942708,20260715_234326_front_fusion_ego_2615,egofpsfast_10,fusion_ego_2615,6722312,1,vehicle,0.07455740123987198,-49.21343373427,29.4258847487064,2.4762214783183705,-82.70048464519554,8.7865571975708,3.061412811279297,4.248533725738525,25.084711805804638,332.48177083333337,217.7777777777778,301.11831580599153,197.334660159217,363.8452258606752,238.2208953963386,0.04169957712292671,0.9999945163726807,
2026-07-15T23:43:55.961,29.133755801944062,20260715_234326_front_fusion_ego_2615,egofpsfast_10,fusion_ego_2615,6722313,0,vehicle,0.4000014364719391,-50.02605120922118,30.2190454779504,2.177934538938997,24.963295674226696,8.09060001373291,2.879647731781006,3.9446184635162354,25.034693411263575,305.79427083333337,216.66666666666669,273.4638999005159,196.1418543259303,338.12464176615083,237.19147900740307,0.15656612813472748,0.9993340373039246,
2026-07-15T23:43:55.961,29.133755801944062,20260715_234326_front_fusion_ego_2615,egofpsfast_10,fusion_ego_2615,6722313,1,person,0.10694672167301178,-73.12059713826713,12.427932436708414,1.790674243520765,140.00034410764587,1.3368887901306152,0.7317239046096802,1.629493236541748,21.186141437238888,849.5520833333334,253.33333333333334,842.9862216583764,233.72308810551962,856.1179450082903,272.9435785611471,0.9781305193901062,0.8284815549850464,
2026-07-15T23:43:55.961,29.133755801944062,20260715_234326_front_fusion_ego_2615,egofpsfast_10,fusion_ego_2615,6722313,2,vehicle,0.09389007836580276,-33.39643484801895,34.12698545184552,0.5286356179424914,-77.6185774136755,5.047028064727783,1.9837921857833862,1.823627233505249,34.89021028400338,200.15625,226.66666666666669,168.8865571320057,217.30450014273327,231.42594286799434,236.0288331906001,0.45220884680747986,0.9990308284759521,
2026-07-15T23:43:56.092,29.264219517004676,20260715_234326_front_fusion_ego_2615,egofpsfast_10,fusion_ego_2615,6722314,0,vehicle,0.5975407958030701,-46.23958266645596,31.496777900638783,1.8864377670518238,26.02137367426119,8.332850456237793,3.0221593379974365,4.031085014343262,26.380027925403375,270.2109375,216.66666666666669,227.52551402896646,193.93550137678784,312.8963609710336,239.39783195654553,0.8987563252449036,0.9997269511222839,
2026-07-15T23:43:56.092,29.264219517004676,20260715_234326_front_fusion_ego_2615,egofpsfast_10,fusion_ego_2615,6722314,1,person,0.3222386837005615,-70.42198046636368,19.86032850555151,1.488939698176452,158.5319877143604,0.5146270394325256,0.4257594347000122,1.8465046882629395,21.736174872213386,634.9401041666667,235.55555555555557,630.0491176589082,221.98554399940704,639.8310906744252,249.1255671117041,0.999946117401123,0.9986621141433716,
2026-07-15T23:43:56.092,29.264219517004676,20260715_234326_front_fusion_ego_2615,egofpsfast_10,fusion_ego_2615,6722314,2,vehicle,0.08533728122711182,-34.65633962299055,32.723001613104564,0.8025470391848302,58.595479585454655,4.315013885498047,1.7706586122512817,1.8494157791137695,32.61819056267131,127.87760416666667,226.66666666666669,88.23193959395091,215.85033069054288,167.52326873938244,237.4830026427905,0.25397467613220215,0.9944196343421936,
2026-07-15T23:43:56.092,29.264219517004676,20260715_234326_front_fusion_ego_2615,egofpsfast_10,fusion_ego_2615,6722314,3,vehicle,0.06499454379081726,-32.20008715846557,23.839570861563054,0.6531967193145007,12.059540050805845,2.0831477642059326,1.0224595069885254,1.7119828462600708,27.74774452432632,3.3359375,226.66666666666669,-0.11970805004239084,208.18247000376385,6.791583050042392,245.15086332956952,0.9779978394508362,0.6788032054901123,
2026-07-15T23:43:56.232,29.405065718921833,20260715_234326_front_fusion_ego_2615,egofpsfast_10,fusion_ego_2615,6722315,0,vehicle,0.5249097347259521,-45.3717492086509,30.157853208884063,1.9573464233040407,47.70808201710755,8.056303024291992,2.884101390838623,3.9166197776794434,24.75060732782263,252.41927083333334,216.66666666666669,213.93013666321835,192.57953206698102,290.90840500344837,240.75380126635235,0.023382067680358887,0.9999454021453857,
2026-07-15T23:43:56.232,29.405065718921833,20260715_234326_front_fusion_ego_2615,egofpsfast_10,fusion_ego_2615,6722315,1,person,0.08168576657772064,-35.5679380249785,25.35488356313169,0.9911214879817782,40.25120304275424,1.650004267692566,0.8270365595817566,1.863181710243225,26.018686180423266,1.1119791666666667,235.55555555555557,-2.43927534421285,221.88561114999985,4.663233677546184,249.2254999611113,0.9314237236976624,0.6175040006637573,
2026-07-15T23:43:56.232,29.405065718921833,20260715_234326_front_fusion_ego_2615,egofpsfast_10,fusion_ego_2615,6722315,2,vehicle,0.05385686457157135,-69.75001366488864,9.189412056224285,1.909133199854871,-171.91866639988933,6.853174686431885,2.4318666458129883,3.378690242767334,15.978925014677346,850.6640625,182.22222222222223,846.1070185825229,135.1605154408349,855.2211064174772,229.28392900360956,0.1864691972732544,0.9066348075866699,
2026-07-15T23:43:56.367,29.539514304022305,20260715_234326_front_fusion_ego_2615,egofpsfast_10,fusion_ego_2615,6722316,0,vehicle,0.7926828861236572,-43.791464538698314,34.167486322411065,1.6803249215831144,13.90390571832354,7.72607946395874,2.8626205921173096,3.6209328174591064,28.471916814492594,216.83593750000003,216.66666666666669,173.10143215954304,194.9371025959651,260.57044284045696,238.39623073736828,0.6665481925010681,0.9966223239898682,
2026-07-15T23:43:56.367,29.539514304022305,20260715_234326_front_fusion_ego_2615,egofpsfast_10,fusion_ego_2615,6722316,1,person,0.16246947646141052,-72.0598524119653,22.73109121997615,1.3232582842796923,172.25540817016423,0.5125197768211365,0.5012306571006775,1.8399831056594849,23.223453473118543,609.3645833333334,234.44444444444446,604.6831228968998,222.40549680259494,614.0460437697669,246.48339208629397,0.9999984502792358,0.9990065693855286,
2026-07-15T23:43:56.367,29.539514304022305,20260715_234326_front_fusion_ego_2615,egofpsfast_10,fusion_ego_2615,6722316,2,person,0.11412496864795685,-76.99740798516176,15.487065228842471,1.258216242637312,-85.66588404367509,0.961520791053772,0.5368001461029053,1.5644614696502686,23.953239253909327,751.6979166666667,234.44444444444446,743.2051009653758,220.58959838416843,760.1907323679577,248.2992905047205,0.9998058676719666,0.9974552989006042,
2026-07-15T23:43:56.367,29.539514304022305,20260715_234326_front_fusion_ego_2615,egofpsfast_10,fusion_ego_2615,6722316,3,vehicle,0.06994936615228653,-39.42839533561422,25.15814478190198,0.5795798508565104,56.92833818928439,4.88659143447876,1.876564621925354,1.591544270515442,22.970126775738454,38.919270833333336,234.44444444444446,6.4106493567427005,217.60419693258075,71.42789230992398,251.28469195630817,0.10286889970302582,0.8800178170204163,
2026-07-15T23:43:56.497,29.669408179936,20260715_234326_front_fusion_ego_2615,egofpsfast_10,fusion_ego_2615,6722317,0,person,0.22438158094882965,-73.7112366757179,20.0594836109043,1.6900025018098006,-164.57288315706472,0.5176990628242493,0.4371858537197113,1.8699074983596802,22.10536120919831,582.6770833333334,235.55555555555557,577.8086915112411,222.51467052433227,587.5454751554256,248.59644058677887,0.9999939203262329,0.9984530210494995,
2026-07-15T23:43:56.497,29.669408179936,20260715_234326_front_fusion_ego_2615,egofpsfast_10,fusion_ego_2615,6722317,1,vehicle,0.14763370156288147,-44.22840318332213,30.86633148374348,1.3141590166868227,18.628487457932174,8.00956916809082,2.859471321105957,3.8528316020965576,24.809681783322922,163.4609375,207.7777777777778,97.29107408225536,173.63578187094794,229.63080091774466,241.91977368460763,0.9999617338180542,0.9993796348571777,
2026-07-15T23:43:56.622,29.794365349924192,20260715_234326_front_fusion_ego_2615,egofpsfast_10,fusion_ego_2615,6722318,0,vehicle,0.3677157461643219,-47.76467674063468,29.295632203038952,1.3649246744226886,-22.19576146175401,8.118987083435059,2.872142791748047,3.786374807357788,21.58970462648711,93.40625,200.0,37.380878299474716,166.5613615512848,149.43162170052528,233.4386384487152,0.9299060702323914,0.9999914169311523,
2026-07-15T23:43:56.622,29.794365349924192,20260715_234326_front_fusion_ego_2615,egofpsfast_10,fusion_ego_2615,6722318,1,person,0.23710696399211884,-73.06658875392228,21.96305113317959,1.6110418870829655,175.46496628137527,0.4902283251285553,0.43740177154541016,1.841172218322754,21.68265639438205,555.9895833333334,235.55555555555557,552.0807460596164,223.91972872946,559.8984206070503,247.19138238165115,0.9999969005584717,0.998770534992218,
2026-07-15T23:43:56.622,29.794365349924192,20260715_234326_front_fusion_ego_2615,egofpsfast_10,fusion_ego_2615,6722318,2,vehicle,0.23619703948497772,-39.55706267483573,36.501908666686134,0.35002527632740055,-34.83159964377251,4.679144382476807,1.872336745262146,1.6052628755569458,31.705406930747145,831.7604166666667,244.44444444444446,796.4327998558681,229.59305670526294,867.0880334774654,259.295832183626,0.7786548733711243,0.9995707869529724,
2026-07-15T23:43:56.622,29.794365349924192,20260715_234326_front_fusion_ego_2615,egofpsfast_10,fusion_ego_2615,6722318,3,person,0.23073050379753113,-78.87198370237165,24.429355646637163,1.8027813762706089,-157.35907611270648,0.49935200810432434,0.5023255944252014,1.7620227336883545,27.86179984217768,662.7395833333334,235.55555555555557,658.6542019381499,225.93857202265,666.8249647285169,245.17253908846115,0.9974888563156128,0.9789153933525085,
2026-07-15T23:43:56.738,29.911201252951287,20260715_234326_front_fusion_ego_2615,egofpsfast_10,fusion_ego_2615,6722319,0,person,0.2840457558631897,-75.55140804725751,22.41172286272231,1.3707633613177173,164.3100073702814,0.5202221870422363,0.4186798930168152,1.8534380197525024,22.978990297476756,529.3020833333334,235.55555555555557,525.8047161356857,224.9983200762007,532.7994505309811,246.11279103491043,0.9999995231628418,0.9998993873596191,
2026-07-15T23:43:56.738,29.911201252951287,20260715_234326_front_fusion_ego_2615,egofpsfast_10,fusion_ego_2615,6722319,1,person,0.26028746366500854,-82.81628280322838,25.55986679806219,1.8200418748835219,-119.56017717407573,0.32653823494911194,0.44964858889579773,1.8300914764404297,30.808129932203595,626.0442708333334,235.55555555555557,622.9894340972727,227.62878212663864,629.099107569394,243.4823289844725,0.9999505281448364,0.9970235228538513,
2026-07-15T23:43:56.738,29.911201252951287,20260715_234326_front_fusion_ego_2615,egofpsfast_10,fusion_ego_2615,6722319,2,vehicle,0.22866597771644592,-49.42415109575025,36.2564310276094,0.26329320386954436,-56.70706225721888,4.861630916595459,1.8953264951705933,1.3715845346450806,27.373626417828074,102.30208333333334,225.55555555555557,54.284815115233265,213.18800065252518,150.3193515514334,237.92311045858597,0.0041109053418040276,0.9999639987945557,
2026-07-15T23:43:56.738,29.911201252951287,20260715_234326_front_fusion_ego_2615,egofpsfast_10,fusion_ego_2615,6722319,3,vehicle,0.15538594126701355,-61.49068588081478,44.98984317165179,1.5698778987853643,63.41672179491006,7.117457866668701,2.5451691150665283,3.645599842071533,35.556336309754656,235.73958333333334,216.66666666666669,208.60326762249073,201.57454709211987,262.875899044176,231.7587862412135,0.33772262930870056,0.9988067150115967,
2026-07-15T23:43:56.738,29.911201252951287,20260715_234326_front_fusion_ego_2615,egofpsfast_10,fusion_ego_2615,6722319,4,vehicle,0.11816626787185669,-54.5517742961387,27.648447002881774,1.7364439069970246,20.36219037793385,6.985631942749023,2.554442882537842,3.4342236518859863,17.929031481202756,38.919270833333336,198.88888888888889,-0.4259170691172282,169.44356077247195,78.2644587357839,228.33421700530582,0.9973694086074829,0.9881237149238586,
2026-07-15T23:43:56.738,29.911201252951287,20260715_234326_front_fusion_ego_2615,egofpsfast_10,fusion_ego_2615,6722319,5,vehicle,0.06962019950151443,-47.37369843926039,40.128816844549064,0.3392269228945253,-99.67710382662672,4.80042839050293,1.8321738243103027,1.7907484769821167,31.64639566749851,777.2734375,244.44444444444446,743.6419257223606,232.29232099321155,810.9049492776394,256.59656789567737,0.3229089379310608,0.9997168183326721,
2026-07-15T23:43:56.868,30.04078425001353,20260715_234326_front_fusion_ego_2615,egofpsfast_10,fusion_ego_2615,6722320,0,person,0.6091225743293762,-76.99436678803657,20.669266097786668,1.3771597416481622,124.85100665342361,0.33236902952194214,0.2922029495239258,1.9090468883514404,22.293664989865032,502.61458333333337,234.44444444444446,499.1491883893808,223.28704949882297,506.07997827728593,245.60183939006595,1.0,0.9999558925628662,
2026-07-15T23:43:56.868,30.04078425001353,20260715_234326_front_fusion_ego_2615,egofpsfast_10,fusion_ego_2615,6722320,1,person,0.5282469987869263,-75.19368051593776,24.838981491683555,1.0755434968038808,-129.46043667847766,0.3529307544231415,0.3799135088920593,1.6401379108428955,23.06633156581683,591.5729166666667,234.44444444444446,587.5451221528153,224.74075224664477,595.6007111805181,244.14813664224414,0.9998180270195007,0.9973254203796387,
2026-07-15T23:43:56.868,30.04078425001353,20260715_234326_front_fusion_ego_2615,egofpsfast_10,fusion_ego_2615,6722320,2,vehicle,0.23615007102489471,-47.30673302187497,40.49324029748721,0.3658928668105865,39.40629136992063,4.267982482910156,1.7476155757904053,1.4257285594940186,31.681870901167436,38.919270833333336,225.55555555555557,-0.1874108488361041,211.9380858871672,78.02595251550278,239.17302522394394,0.397204726934433,0.9985005855560303,
2026-07-15T23:43:56.868,30.04078425001353,20260715_234326_front_fusion_ego_2615,egofpsfast_10,fusion_ego_2615,6722320,3,vehicle,0.10423542559146881,-60.407644724480214,31.58621044509522,1.1038998630750925,177.89571566412647,4.847484111785889,1.8416081666946411,1.7565052509307861,21.412857565247368,741.6901041666667,235.55555555555557,710.9917299176257,222.12667289707397,772.3884784157078,248.98443821403717,0.07478617876768112,0.999605119228363,
2026-07-15T23:43:56.997,30.16945050796494,20260715_234326_front_fusion_ego_2615,egofpsfast_10,fusion_ego_2615,6722321,0,person,0.33093950152397156,-76.43383325751738,19.522354429700858,1.278323901463132,178.46863648785697,0.2571450471878052,0.32371190190315247,1.8892027139663696,20.21400661774071,475.92708333333337,234.44444444444446,472.02746018332743,221.46725472476749,479.8267064833393,247.42163416412143,0.9999998807907104,0.9997082352638245,
2026-07-15T23:43:57.124,30.297195444931276,20260715_234326_front_fusion_ego_2615,egofpsfast_10,fusion_ego_2615,6722322,0,person,0.23485444486141205,-73.52093477962424,17.529606022449197,1.1884269764754567,116.18255974984619,0.4901702404022217,0.39039433002471924,1.8892375230789185,15.680064387320424,457.02343750000006,234.44444444444446,452.6645024120808,220.72227295902042,461.3823725879193,248.1666159298685,1.0,0.9999536275863647,
2026-07-15T23:43:57.124,30.297195444931276,20260715_234326_front_fusion_ego_2615,egofpsfast_10,fusion_ego_2615,6722322,1,vehicle,0.16110360622406006,-56.53550640504675,42.610589603471844,0.3726909784682704,75.42281863004234,5.452275276184082,2.1252200603485107,2.396636962890625,31.286855095321425,57.82291666666667,208.88888888888889,6.562121013800303,193.59688036971622,109.08371231953303,224.18089740806155,0.000396729854401201,0.9942771792411804,
2026-07-15T23:43:57.245,30.418188160983846,20260715_234326_front_fusion_ego_2615,egofpsfast_10,fusion_ego_2615,6722323,0,person,0.44616732001304626,-86.4278332834783,26.740325376166894,0.8392204091478552,150.15708502019206,0.45895636081695557,0.44095560908317566,1.7654470205307007,30.308617429176117,510.39843750000006,226.66666666666669,508.0308314287104,218.80753944317502,512.7660435712896,234.52579389015835,0.9999971389770508,0.9901505708694458,
2026-07-15T23:43:57.245,30.418188160983846,20260715_234326_front_fusion_ego_2615,egofpsfast_10,fusion_ego_2615,6722323,1,person,0.4167574942111969,-74.20289353782924,16.52362088748731,1.157121562145834,135.54742508489372,0.2873370051383972,0.29277825355529785,1.9296778440475464,14.915592034228736,430.33593750000006,234.44444444444446,425.77737406734377,217.14625265863208,434.8945009326563,251.74263623025684,1.0,0.9999946355819702,
2026-07-15T23:43:57.245,30.418188160983846,20260715_234326_front_fusion_ego_2615,egofpsfast_10,fusion_ego_2615,6722323,2,person,0.20517562329769135,-85.58358914621515,10.416204107477725,1.6334254546213387,-133.50473085646527,1.1579651832580566,0.7394210696220398,1.7268123626708984,25.567985248381373,636.0520833333334,234.44444444444446,630.123095765089,223.52619972493915,641.9810709015777,245.36268916394977,0.985045850276947,0.9695308804512024,
2026-07-15T23:43:57.365,30.537938227993436,20260715_234326_front_fusion_ego_2615,egofpsfast_10,fusion_ego_2615,6722324,0,person,0.24208171665668488,-73.969303288139,16.40925016398736,1.1629257588991129,141.87807241463062,0.4056832790374756,0.3804888129234314,1.8843894004821777,13.624279329729006,404.7604166666667,234.44444444444446,398.6395128599058,214.78139367368487,410.8813204734276,254.10749521520404,0.9999998807907104,0.999924898147583,
2026-07-15T23:43:57.365,30.537938227993436,20260715_234326_front_fusion_ego_2615,egofpsfast_10,fusion_ego_2615,6722324,1,vehicle,0.0957769900560379,-85.35566021561718,11.435800843820022,1.343446097182067,-179.2633389314887,4.628959655761719,1.739081859588623,1.6262385845184326,24.32081080226873,626.0442708333334,234.44444444444446,599.6406278808912,224.6548714902666,652.4479137857755,244.2340173986223,0.6263163685798645,0.9995348453521729,
2026-07-15T23:43:57.365,30.537938227993436,20260715_234326_front_fusion_ego_2615,egofpsfast_10,fusion_ego_2615,6722324,2,person,0.07667945325374603,-77.033716828617,12.941090706547804,1.6830924745026614,-20.1539663674921,0.6402671337127686,0.5529645681381226,1.8370133638381958,16.008315419101763,723.8984375,235.55555555555557,716.9367005638778,223.49726650449966,730.8601744361222,247.61384460661148,0.9999713897705078,0.9814976453781128,
2026-07-15T23:43:57.490,30.662586528924294,20260715_234326_front_fusion_ego_2615,egofpsfast_10,fusion_ego_2615,6722325,0,person,0.3336699903011322,-76.55933894587443,14.654755639651203,1.0152953585324953,139.23464056538785,0.2904907464981079,0.2642550766468048,1.867072343826294,14.715179046875496,376.9609375,234.44444444444446,372.5208258628845,216.3334020641115,381.4010491371155,252.5554868247774,0.9999998807907104,0.9999862909317017,
2026-07-15T23:43:57.490,30.662586528924294,20260715_234326_front_fusion_ego_2615,egofpsfast_10,fusion_ego_2615,6722325,1,vehicle,0.18759287893772125,-86.52405938887128,13.583639660584078,1.3456794935418692,139.39949809945648,4.607715129852295,1.7975355386734009,1.6255128383636475,24.514308133933067,599.3567708333334,234.44444444444446,576.0998819631835,224.56550654437808,622.6136597034832,244.32338234451083,0.4412669837474823,0.99852055311203,
2026-07-15T23:43:57.490,30.662586528924294,20260715_234326_front_fusion_ego_2615,egofpsfast_10,fusion_ego_2615,6722325,2,person,0.13351398706436157,-83.68830120628014,10.499285780842417,1.6263285224250374,92.967970152089,0.5784885883331299,0.42555904388427734,1.8196682929992676,21.72080627633479,680.53125,235.55555555555557,675.0071096327156,225.50052258703445,686.0553903672844,245.6105885240767,0.9999992847442627,0.9981240630149841,
2026-07-15T23:43:57.621,30.793764126021415,20260715_234326_front_fusion_ego_2615,egofpsfast_10,fusion_ego_2615,6722326,0,person,0.32061728835105896,-78.1196966709915,24.43459802643814,0.8021634560054149,164.08414095371845,0.47917723655700684,0.5201683640480042,1.6960779428482056,19.28998690977805,350.2734375,226.66666666666669,344.9347125822678,213.25569132963818,355.6121624177322,240.0776420036952,0.9998160004615784,0.9898086190223694,
2026-07-15T23:43:57.621,30.793764126021415,20260715_234326_front_fusion_ego_2615,egofpsfast_10,fusion_ego_2615,6722326,1,person,0.24100230634212494,-81.68471184015885,11.249122350461743,1.374206093325479,57.88092611172932,0.7301421165466309,0.5248243808746338,1.8748602867126465,18.686599068336523,652.7317708333334,234.44444444444446,646.4037842688462,222.74609532621173,659.0597573978206,246.14279356267718,0.9999921321868896,0.9886287450790405,
2026-07-15T23:43:57.621,30.793764126021415,20260715_234326_front_fusion_ego_2615,egofpsfast_10,fusion_ego_2615,6722326,2,vehicle,0.13889412581920624,-88.39327931589611,19.110765892813227,1.2058569017960903,-112.31501993058241,4.861583232879639,1.9498387575149536,1.945510983467102,26.222466758493827,582.6770833333334,226.66666666666669,556.1319588435193,216.7032677928607,609.2222078231474,236.63006554047269,0.05618599057197571,0.9891713261604309,
2026-07-15T23:43:57.761,30.934029020019807,20260715_234326_front_fusion_ego_2615,egofpsfast_10,fusion_ego_2615,6722327,0,person,0.08880672603845596,-92.45102028063027,20.427277972716503,0.9179742048844548,-147.06356910487324,0.6948009133338928,0.5546327233314514,1.5960553884506226,29.52312684347005,563.7734375,226.66666666666669,560.3030907101929,219.11448429028195,567.2437842898071,234.21884904305142,0.9969878792762756,0.9993818998336792,
2026-07-15T23:43:57.888,31.06059359794017,20260715_234326_front_fusion_ego_2615,egofpsfast_10,fusion_ego_2615,6722328,0,vehicle,0.12405481189489365,-97.69700900267134,26.769333285856277,0.9617734288540163,-20.96935762860047,4.9412641525268555,1.9034336805343628,1.8604532480239868,35.65004933598195,395.86458333333337,225.55555555555557,376.1231343870362,218.73062196705078,415.60603227963054,232.38048914406036,0.024726808071136475,0.9981667995452881,
2026-07-15T23:43:58.020,31.19249205396045,20260715_234326_front_fusion_ego_2615,egofpsfast_10,fusion_ego_2615,6722329,0,person,0.05388154461979866,-97.37951155073956,24.852407657416315,0.7678965193787324,-10.24251849097674,1.0062026977539062,0.6710339188575745,1.7828950881958008,33.75539659833951,413.65625,225.55555555555557,410.48602873366326,218.32103300425743,416.82647126633674,232.7900781068537,0.9999990463256836,0.9998961687088013,
2026-07-15T23:43:58.155,31.327504862914793,20260715_234326_front_fusion_ego_2615,egofpsfast_10,fusion_ego_2615,6722330,0,vehicle,0.16674762964248657,-98.82999291680689,31.60440838721132,0.9603277815236169,-42.033365489758644,5.477139949798584,2.0645837783813477,1.9991753101348877,37.14848694776688,369.17708333333337,225.55555555555557,349.93005384628975,217.9713735315535,388.424112820377,233.13973757955765,0.24427281320095062,0.9994397759437561,
2026-07-15T23:43:58.283,31.455410072929226,20260715_234326_front_fusion_ego_2615,egofpsfast_10,fusion_ego_2615,6722331,0,vehicle,0.27883875370025635,-99.55807609886385,29.19199113093312,0.9546922043726598,24.95294150005524,5.428845405578613,2.049344062805176,1.757761836051941,35.81755476003429,368.0651041666667,225.55555555555557,351.16686735550564,219.01668536994194,384.9633409778277,232.0944257411692,0.8731702566146851,0.9940147995948792,
2026-07-15T23:43:58.283,31.455410072929226,20260715_234326_front_fusion_ego_2615,egofpsfast_10,fusion_ego_2615,6722331,1,person,0.06825405359268188,-77.22586932347498,37.0132290866576,0.6634699456784583,63.734665399996764,0.9166259169578552,0.6090013980865479,1.4468294382095337,25.932880234882774,47.81510416666667,226.66666666666669,34.634984596321985,213.79192928473157,60.99522373701136,239.5414040486018,0.8851355314254761,0.9376755952835083,
2026-07-15T23:43:58.410,31.58279211295303,20260715_234326_front_fusion_ego_2615,egofpsfast_10,fusion_ego_2615,6722332,0,vehicle,0.5589901804924011,-99.58377087616171,27.820113024871286,0.7954652639620772,-4.2317791827713584,5.453047275543213,2.0418057441711426,1.957580327987671,34.42637869986093,359.16927083333337,225.55555555555557,341.8825105739137,218.39059564802383,376.45603109275305,232.7205154630873,0.3352190852165222,0.9936215281486511,
2026-07-15T23:43:58.536,31.70893267192878,20260715_234326_front_fusion_ego_2615,egofpsfast_10,fusion_ego_2615,6722333,0,person,0.1744919717311859,-96.71763041970829,24.288716359770028,0.6344759296197946,-143.5045745799708,0.5880259275436401,0.5089110732078552,1.7242836952209473,29.57596159011041,385.85677083333337,225.55555555555557,383.087343667013,217.54132244322037,388.62619799965375,233.56978866789078,0.9999990463256836,0.9997155070304871,
2026-07-15T23:43:58.536,31.70893267192878,20260715_234326_front_fusion_ego_2615,egofpsfast_10,fusion_ego_2615,6722333,1,vehicle,0.1491074562072754,-99.04397247687191,29.564972387802158,0.37855267336712695,111.75659054094945,4.697072982788086,1.8148201704025269,1.6321598291397095,33.974310678923196,342.48958333333337,226.66666666666669,326.66370668013894,219.81792757908505,358.3154599865278,233.51540575424832,0.002626510104164481,0.9929660558700562,
2026-07-15T23:43:58.663,31.83558179694228,20260715_234326_front_fusion_ego_2615,egofpsfast_10,fusion_ego_2615,6722334,0,person,0.3487165570259094,-96.6216517803094,23.699582332952062,0.5922640388343967,-172.24295131707805,0.4971882998943329,0.4632369577884674,1.7452419996261597,28.47498401155007,378.0729166666667,225.55555555555557,375.19839659348753,217.01775166723465,380.94743673984584,234.0933594438765,0.9999688863754272,0.9975376129150391,
2026-07-15T23:43:58.663,31.83558179694228,20260715_234326_front_fusion_ego_2615,egofpsfast_10,fusion_ego_2615,6722334,1,vehicle,0.2811705768108368,-98.3039644219898,30.364158083088743,0.5433341043474522,-123.21560828147983,5.048065662384033,1.960695505142212,1.7072334289550781,32.98736635075725,333.59375,225.55555555555557,313.17300578951836,217.71136734220718,354.01449421048164,233.39974376890396,0.006429610773921013,0.9986562728881836,
2026-07-15T23:43:58.783,31.955333950929344,20260715_234326_front_fusion_ego_2615,egofpsfast_10,fusion_ego_2615,6722335,0,vehicle,0.30238398909568787,-96.80259118726336,28.532174414622386,0.6064994330374613,-10.805070966024983,5.132481575012207,1.965023398399353,1.964418888092041,30.038140180761975,323.5859375,226.66666666666669,300.9271259866655,217.09751049677533,346.2447490133345,236.23582283655804,0.06473342329263687,0.9987908005714417,
2026-07-15T23:43:58.783,31.955333950929344,20260715_234326_front_fusion_ego_2615,egofpsfast_10,fusion_ego_2615,6722335,1,person,0.23824971914291382,-97.83597626628043,24.46071312596104,0.6000660412975742,-172.74101515173942,0.6382296085357666,0.5725243091583252,1.6962063312530518,29.11904418435165,376.9609375,225.55555555555557,373.62813506880775,217.25095990631317,380.29373993119225,233.86015120479797,0.9999991655349731,0.9968421459197998,
2026-07-15T23:43:58.921,32.09347222093493,20260715_234326_front_fusion_ego_2615,egofpsfast_10,fusion_ego_2615,6722336,0,person,0.23309189081192017,-96.6682549900616,25.541394398682527,0.6581453130386454,169.53610585646294,0.7181318998336792,0.5848097801208496,1.7050650119781494,27.77065913901187,369.17708333333337,226.66666666666669,365.722043441919,217.24488894144696,372.6321232247477,236.0884443918864,0.9999914169311523,0.9893883466720581,
2026-07-15T23:43:58.921,32.09347222093493,20260715_234326_front_fusion_ego_2615,egofpsfast_10,fusion_ego_2615,6722336,1,vehicle,0.12179816514253616,-96.35216677433397,30.529953653465995,0.7605706865301469,-94.78345372871284,4.617282390594482,1.7748640775680542,1.767014741897583,30.063205760946737,306.90625,226.66666666666669,277.9068090468645,217.69140074650448,335.9056909531355,235.6419325868289,0.005817807745188475,0.9999486207962036,
2026-07-15T23:43:58.921,32.09347222093493,20260715_234326_front_fusion_ego_2615,egofpsfast_10,fusion_ego_2615,6722336,2,vehicle,0.1217871606349945,-103.35734514399756,1.9494588706583102,1.3487840973504466,156.59532378393607,7.4929399490356445,2.6896474361419678,3.1350245475769043,33.468202368396966,590.4609375,216.66666666666669,554.6028066799045,203.5930810372035,626.3190683200955,229.74025229612988,0.0021206168457865715,0.9993100166320801,
2026-07-15T23:43:59.041,32.2142621059902,20260715_234326_front_fusion_ego_2615,egofpsfast_10,fusion_ego_2615,6722337,0,vehicle,0.373576819896698,-93.48678769864976,27.073915706781456,0.14328089825186763,64.12649594152583,4.9257917404174805,1.8604143857955933,1.247168779373169,25.11546900294765,289.11458333333337,234.44444444444446,268.1535486777624,226.57997694280414,310.07561798890436,242.30891194608478,0.00010792167449835688,0.9999489784240723,
2026-07-15T23:43:59.172,32.34386378293857,20260715_234326_front_fusion_ego_2615,egofpsfast_10,fusion_ego_2615,6722338,0,vehicle,0.3341163992881775,-91.70253454328811,28.22163382517637,0.3439545639895456,-4.151671148856131,4.76252555847168,1.829919457435608,1.3301113843917847,23.722097355384854,271.3229166666667,234.44444444444446,244.4020929435889,225.41939314868716,298.24374038974446,243.46949574020175,0.0006539346068166196,0.999953031539917,
2026-07-15T23:43:59.302,32.47465598897543,20260715_234326_front_fusion_ego_2615,egofpsfast_10,fusion_ego_2615,6722339,0,vehicle,0.27159038186073303,-90.87232953352587,29.242513239773594,0.7370594594196702,-4.9178364276403554,4.401496410369873,1.7057164907455444,1.8128324747085571,23.189096699752774,261.3151041666667,226.66666666666669,225.2043353567521,210.78103701273602,297.4258729765813,242.55229632059735,0.06734517216682434,0.999975323677063,
2026-07-15T23:43:59.302,32.47465598897543,20260715_234326_front_fusion_ego_2615,egofpsfast_10,fusion_ego_2615,6722339,1,vehicle,0.07922183722257614,-87.82764956247604,25.35924382317486,0.7618735644579882,-16.00144976992575,4.605774402618408,1.8447338342666626,1.4759926795959473,18.32050593005118,251.30729166666669,234.44444444444446,218.89808887491625,220.49209472205905,283.7164944584171,248.39679416682986,0.05453791096806526,0.999956488609314,
2026-07-15T23:43:59.436,32.609011392924,20260715_234326_front_fusion_ego_2615,egofpsfast_10,fusion_ego_2615,6722340,0,vehicle,0.306916743516922,-88.99415506885681,26.73881093606578,0.9131104560720138,-36.8756207202826,5.204026699066162,2.0162692070007324,1.864675760269165,19.563618802159404,234.62760416666669,234.44444444444446,192.7356022472183,218.4215929773119,276.51960608611506,250.46729591157703,0.9647206664085388,0.9999889135360718,
2026-07-15T23:43:59.436,32.609011392924,20260715_234326_front_fusion_ego_2615,egofpsfast_10,fusion_ego_2615,6722340,1,vehicle,0.16735151410102844,-105.62098767363253,4.368603108343598,1.638718174021464,-142.67217538066302,7.300254821777344,2.655752658843994,3.232664108276367,32.0004541035298,573.78125,216.66666666666669,540.6150367558002,202.79724369446438,606.9474632441998,230.536089638869,0.0041785454377532005,0.9999139308929443,
2026-07-15T23:43:59.436,32.609011392924,20260715_234326_front_fusion_ego_2615,egofpsfast_10,fusion_ego_2615,6722340,2,person,0.09242447465658188,-92.76477984522734,-0.5130558550376013,1.1579922525304363,-85.28301013696125,0.6397572755813599,0.5168398022651672,1.9747257232666016,22.560671898952307,670.5234375,226.66666666666669,664.9221816379577,214.9433846275012,676.1246933620423,238.38994870583218,0.9999966621398926,0.9983925223350525,
2026-07-15T23:43:59.436,32.609011392924,20260715_234326_front_fusion_ego_2615,egofpsfast_10,fusion_ego_2615,6722340,3,person,0.06825921684503555,-88.3428048146605,2.307226550317481,0.6947295803155258,-49.787863616465984,0.22831958532333374,0.4453608989715576,1.7958890199661255,17.359397037719795,636.0520833333334,234.44444444444446,628.7338031561425,215.69097187783984,643.3703635105243,253.19791701104907,0.9999991655349731,0.9800523519515991,
2026-07-15T23:43:59.569,32.741225498961285,20260715_234326_front_fusion_ego_2615,egofpsfast_10,fusion_ego_2615,6722341,0,vehicle,0.2632067799568176,-90.5538410127017,25.837126752110546,0.9893521232486371,-87.54753846709681,5.145036220550537,1.9852516651153564,1.861151933670044,19.57793387470854,200.15625,235.55555555555557,154.22347823530436,220.56054267618393,246.08902176469567,250.55056843492721,0.041080500930547714,0.9999496936798096,
2026-07-15T23:43:59.569,32.741225498961285,20260715_234326_front_fusion_ego_2615,egofpsfast_10,fusion_ego_2615,6722341,1,vehicle,0.14118614792823792,-96.30109240472137,31.258518066094716,1.2895475552895341,-72.86067967750073,5.834646224975586,2.222526788711548,2.6110646724700928,27.462912107175452,234.62760416666669,226.66666666666669,195.1864112193386,210.3766457239787,274.0687971139948,242.95668760935467,0.013753972016274929,0.9591484665870667,
2026-07-15T23:43:59.569,32.741225498961285,20260715_234326_front_fusion_ego_2615,egofpsfast_10,fusion_ego_2615,6722341,2,vehicle,0.07711363583803177,-106.10147226489971,9.44165352257938,1.6822399092535982,-141.65732794759782,7.233928680419922,2.6917884349823,3.4014477729797363,30.74661195296589,573.78125,216.66666666666669,534.8118838146329,202.1765027443568,612.7506161853671,231.15683058897656,0.005352602805942297,0.9936988353729248,
2026-07-15T23:43:59.569,32.741225498961285,20260715_234326_front_fusion_ego_2615,egofpsfast_10,fusion_ego_2615,6722341,3,person,0.054841868579387665,-99.89562344945182,24.08715049510765,0.8686419717796372,147.22018836709537,1.034466028213501,0.7104759812355042,1.6713205575942993,26.631564098454696,342.48958333333337,226.66666666666669,338.33374431387836,216.94186727205914,346.6454223527884,236.39146606127423,0.9998817443847656,0.990180253982544,
2026-07-15T23:43:59.695,32.86780639691278,20260715_234326_front_fusion_ego_2615,egofpsfast_10,fusion_ego_2615,6722342,0,vehicle,0.29444825649261475,-90.10284745470956,23.02167427232762,1.0286935552142227,-75.40108088285186,4.8544206619262695,1.9803436994552612,2.0709002017974854,16.930963805164932,164.57291666666669,235.55555555555557,110.28443552056949,216.83394763204788,218.86139781276387,254.27716347906326,0.05948619544506073,0.9993535876274109,
2026-07-15T23:43:59.695,32.86780639691278,20260715_234326_front_fusion_ego_2615,egofpsfast_10,fusion_ego_2615,6722342,1,vehicle,0.21157489717006683,-86.06924521037286,17.15425986582904,1.129895205523027,-36.86932739438479,5.302073001861572,2.063690423965454,2.0399701595306396,10.5388776567086,154.56510416666669,243.33333333333334,95.19369720915954,217.04988261063895,213.93651112417382,269.61678405602777,0.007252258714288473,0.9999936819076538,
2026-07-15T23:43:59.695,32.86780639691278,20260715_234326_front_fusion_ego_2615,egofpsfast_10,fusion_ego_2615,6722342,2,vehicle,0.07656393200159073,-106.56567550391728,5.185149002656629,1.5918796762695908,158.47370339865847,7.324499130249023,2.5663392543792725,3.3352408409118652,31.32498283911812,572.6692708333334,217.7777777777778,532.7590984751781,204.39412520991434,612.5794431914886,231.16143034564126,0.010009326972067356,0.99355149269104,
2026-07-15T23:43:59.835,33.008099991013296,20260715_234326_front_fusion_ego_2615,egofpsfast_10,fusion_ego_2615,6722343,0,vehicle,0.3517687916755676,-87.44035096062858,13.407574485743954,1.0758290779841952,-152.33763716146566,4.836614608764648,1.8942679166793823,1.7784044742584229,10.466525882996608,110.08593750000001,244.44444444444446,53.117593094706535,221.8484463956621,167.05428190529346,267.0404424932268,0.06792706996202469,0.999980092048645,
2026-07-15T23:43:59.835,33.008099991013296,20260715_234326_front_fusion_ego_2615,egofpsfast_10,fusion_ego_2615,6722343,1,vehicle,0.09524255245923996,-101.30188354917688,27.28321355657245,1.5651777587000926,-112.71499737573751,5.796290397644043,2.199643611907959,2.473381280899048,28.076224035074677,234.62760416666669,226.66666666666669,208.37421227494877,214.2135305205981,260.8809960583846,239.11980281273526,0.9737643599510193,0.9895390868186951,
2026-07-15T23:43:59.835,33.008099991013296,20260715_234326_front_fusion_ego_2615,egofpsfast_10,fusion_ego_2615,6722343,2,vehicle,0.0941566675901413,-91.77356382497767,-1.652574620395235,0.864965032117643,-88.49579112011658,4.021942615509033,1.5500450134277344,1.1737931966781616,21.002858869498134,679.4192708333334,234.44444444444446,655.0960426007708,223.12371101644305,703.7424990658959,245.76517787244586,0.010741413570940495,0.9993484616279602,
2026-07-15T23:43:59.835,33.008099991013296,20260715_234326_front_fusion_ego_2615,egofpsfast_10,fusion_ego_2615,6722343,3,vehicle,0.0701056718826294,-85.63907651420223,20.22337387270862,1.2585582068393566,-57.27647523652199,4.900100231170654,1.8300822973251343,2.1035428047180176,11.119438296156924,163.4609375,243.33333333333334,109.96379727125169,214.85592861970267,216.95807772874835,271.81073804696405,0.10133587568998337,0.99988853931427,
2026-07-15T23:43:59.987,33.159791655954905,20260715_234326_front_fusion_ego_2615,egofpsfast_10,fusion_ego_2615,6722344,0,vehicle,0.4118579030036926,-102.63429389924296,29.402634483839147,1.4700766079923333,-97.34905193775431,5.212307929992676,2.10210919380188,2.323361873626709,29.736675243222017,216.83593750000003,226.66666666666669,190.99743171036243,212.9065142075221,242.6744432896376,240.42681912581128,0.6444939374923706,0.9689164161682129,
2026-07-15T23:43:59.987,33.159791655954905,20260715_234326_front_fusion_ego_2615,egofpsfast_10,fusion_ego_2615,6722344,1,vehicle,0.37730565667152405,-85.87865969052385,18.710264542492688,1.152323188420685,148.91289029594083,5.078456878662109,1.863947868347168,2.212953805923462,9.869755875973183,102.30208333333334,243.33333333333334,47.890526627500854,208.55799277623495,156.71364003916582,278.10867389043176,0.12387121468782425,0.9997639060020447,
2026-07-15T23:43:59.987,33.159791655954905,20260715_234326_front_fusion_ego_2615,egofpsfast_10,fusion_ego_2615,6722344,2,vehicle,0.18019446730613708,-108.03330863213938,3.5933700632322396,1.9424866214116858,159.0694067192482,7.6700568199157715,2.7646217346191406,3.5334808826446533,31.865379259614965,563.7734375,217.7777777777778,524.3033033758402,203.29099075661767,603.2435716241598,232.26456479893793,0.0005417267675511539,0.9924486875534058,
2026-07-15T23:43:59.987,33.159791655954905,20260715_234326_front_fusion_ego_2615,egofpsfast_10,fusion_ego_2615,6722344,3,vehicle,0.10104867070913315,-84.9272226684925,23.10779390541704,1.1730545310785878,76.4254378623115,5.443456172943115,1.9984327554702759,2.1533069610595703,12.249577108072081,146.78125,243.33333333333334,79.90341737866402,200.67825277646384,213.659082621336,285.9884138902029,0.8808937072753906,0.9997701048851013,
2026-07-15T23:43:59.987,33.159791655954905,20260715_234326_front_fusion_ego_2615,egofpsfast_10,fusion_ego_2615,6722344,4,vehicle,0.08602062612771988,-101.32280375706578,-7.762233160337645,1.4663880065185189,-18.50547431455347,4.999904632568359,1.983939528465271,2.412186861038208,31.638568921428412,689.4270833333334,225.55555555555557,668.6076845129331,212.6108903023932,710.2464821537336,238.50022080871796,0.011987680569291115,0.9820799827575684,
2026-07-15T23:44:00.111,33.28392032592092,20260715_234326_front_fusion_ego_2615,egofpsfast_10,fusion_ego_2615,6722345,0,vehicle,0.48658931255340576,-86.98841545351347,26.127255031803298,1.146583410872437,-174.19677542013775,5.704730987548828,2.0523934364318848,2.3753108978271484,15.52038514416404,75.61458333333334,243.33333333333334,8.696760540207228,202.87565072377524,142.53240612645945,283.7910159428915,0.669884979724884,0.9999915361404419,
2026-07-15T23:44:00.111,33.28392032592092,20260715_234326_front_fusion_ego_2615,egofpsfast_10,fusion_ego_2615,6722345,1,vehicle,0.4644906222820282,-98.79999508612713,28.87943573626257,1.2577244271795098,-57.300608616691804,5.633067607879639,2.1953012943267822,2.6438889503479004,25.751676458007644,200.15625,226.66666666666669,168.57256588339806,210.8393947283427,231.73993411660197,242.49393860499066,0.32543236017227173,0.9999256134033203,
2026-07-15T23:44:00.111,33.28392032592092,20260715_234326_front_fusion_ego_2615,egofpsfast_10,fusion_ego_2615,6722345,2,vehicle,0.320956826210022,-108.14298143136645,13.309101744214136,1.9894821868339831,-151.85018579483594,7.573436737060547,2.7807247638702393,3.522059440612793,29.80888472084969,555.9895833333334,217.7777777777778,516.1482850586375,202.24142895804513,595.8308816080292,233.31412659751047,9.628687985241413e-05,0.999784529209137,
2026-07-15T23:44:00.246,33.419220073963515,20260715_234326_front_fusion_ego_2615,egofpsfast_10,fusion_ego_2615,6722346,0,vehicle,0.6691598892211914,-96.36959827063893,28.046688733114177,1.3119101014495351,-32.16538186869932,6.109428882598877,2.2831292152404785,2.592639446258545,22.82680188834679,190.1484375,226.66666666666669,146.82204188406467,203.81329814593,233.47483311593535,249.52003518740338,0.07790706306695938,1.0,
2026-07-15T23:44:00.246,33.419220073963515,20260715_234326_front_fusion_ego_2615,egofpsfast_10,fusion_ego_2615,6722346,1,vehicle,0.2912728786468506,-108.20022600138788,11.477448218289526,2.0135264748047392,-157.76005901925853,7.6510772705078125,2.8648459911346436,3.6858623027801514,29.26396154095232,554.8776041666667,217.7777777777778,513.2184264908235,201.45613716708291,596.53678184251,234.09941838847269,0.0003750654577743262,0.9993966817855835,
2026-07-15T23:44:00.246,33.419220073963515,20260715_234326_front_fusion_ego_2615,egofpsfast_10,fusion_ego_2615,6722346,2,vehicle,0.19102182984352112,-87.7440489831375,26.47771102475153,1.2067718445118487,146.5883297736455,4.96513557434082,1.8381050825119019,2.4947450160980225,15.867667559558003,40.03125,235.55555555555557,-20.134042993187904,204.635961982939,100.1965429931879,266.4751491281721,0.9896638989448547,0.9998854398727417,
2026-07-15T23:44:00.246,33.419220073963515,20260715_234326_front_fusion_ego_2615,egofpsfast_10,fusion_ego_2615,6722346,3,vehicle,0.07914844155311584,-82.95851650787884,16.605693087518958,0.8601566009668389,48.470313214449945,4.2290754318237305,1.7307084798812866,1.3782422542572021,5.244358855101589,40.03125,297.77777777777777,-1.727667681872845,189.53377114401925,81.79016768187284,406.0217844115363,0.38636162877082825,0.9929869771003723,
2026-07-15T23:44:00.246,33.419220073963515,20260715_234326_front_fusion_ego_2615,egofpsfast_10,fusion_ego_2615,6722346,4,vehicle,0.050122857093811035,-84.38182167252378,20.942530222700796,1.077075563545738,122.37905610045317,4.045164108276367,1.6538468599319458,1.9365798234939575,9.407938348898222,56.71093750000001,252.22222222222223,10.924640476703644,213.8956548107995,102.49723452329636,290.54878963364496,0.81678307056427,0.840164303779602,
2026-07-15T23:44:00.379,33.55209144693799,20260715_234326_front_fusion_ego_2615,egofpsfast_10,fusion_ego_2615,6722347,0,vehicle,0.9044830203056335,-95.27003124637355,28.05825363329697,1.3650931660431433,-40.277592527779966,5.940106391906738,2.218019723892212,2.6102442741394043,21.541055492299687,163.4609375,226.66666666666669,122.43625464290382,204.1778979698817,204.4856203570962,249.15543536345166,0.004969339352101088,0.9999995231628418,
2026-07-15T23:44:00.379,33.55209144693799,20260715_234326_front_fusion_ego_2615,egofpsfast_10,fusion_ego_2615,6722347,1,vehicle,0.2116001695394516,-109.6112084171346,3.748097172250556,1.9494282315682034,164.80036456461988,7.464345455169678,2.7794322967529297,3.631862163543701,31.444973083499082,554.8776041666667,217.7777777777778,521.5380110989015,203.47329960929025,588.217197234432,232.08225594626535,0.0003380662528797984,0.9929889440536499,
2026-07-15T23:44:00.379,33.55209144693799,20260715_234326_front_fusion_ego_2615,egofpsfast_10,fusion_ego_2615,6722347,2,vehicle,0.06760487705469131,-88.62823890030069,33.382628064866395,0.9804896885315864,44.78048322106856,4.696037292480469,1.8586208820343018,1.7992554903030396,22.0654673037208,12.231770833333334,235.55555555555557,-7.073879091689984,210.8170196745131,31.537420758356653,260.294091436598,0.5662667155265808,0.7755739688873291,
2026-07-15T23:44:00.518,33.691277622943744,20260715_234326_front_fusion_ego_2615,egofpsfast_10,fusion_ego_2615,6722348,0,vehicle,0.9456522464752197,-93.84438024743532,29.46667278796543,1.3740193557612996,-37.44700707287313,6.559512615203857,2.384723663330078,2.728391647338867,21.16486539943208,136.7734375,226.66666666666669,68.33240592479706,196.19730869928998,205.21446907520294,257.1360246340434,0.8964884281158447,1.0,
2026-07-15T23:44:00.518,33.691277622943744,20260715_234326_front_fusion_ego_2615,egofpsfast_10,fusion_ego_2615,6722348,1,vehicle,0.3270998001098633,-109.73027539888594,5.096929766777721,1.9006299756093947,162.42708989606345,8.054837226867676,2.8954570293426514,3.6901984214782715,30.569427033574765,554.8776041666667,217.7777777777778,510.99049034963053,203.26008366213907,598.7647179837029,232.29547189341653,0.002357780234888196,0.9989618062973022,
2026-07-15T23:44:00.649,33.82155962800607,20260715_234326_front_fusion_ego_2615,egofpsfast_10,fusion_ego_2615,6722349,0,vehicle,0.48505735397338867,-94.01934039341825,28.96515931260348,1.5459069781552244,-66.95916597211712,6.132040023803711,2.3284835815429688,2.9457004070281982,20.50437741161601,92.29427083333334,226.66666666666669,22.053827871878944,199.24814263979596,162.53471379478773,254.0851906935374,0.002785387681797147,0.9999009370803833,
2026-07-15T23:44:00.649,33.82155962800607,20260715_234326_front_fusion_ego_2615,egofpsfast_10,fusion_ego_2615,6722349,1,vehicle,0.42369967699050903,-111.03851458198582,6.517881221157598,1.8865889923742123,-160.78731761213598,8.074073791503906,2.9262890815734863,3.595980644226074,30.89407986651496,547.09375,217.7777777777778,506.5965365543962,202.54633890257944,587.5909634456038,233.00921665297616,0.0020543672144412994,0.9991058707237244,
2026-07-15T23:44:00.787,33.95964910101611,20260715_234326_front_fusion_ego_2615,egofpsfast_10,fusion_ego_2615,6722350,0,vehicle,0.2747940421104431,-90.55831712875924,28.951032523671614,1.271097410558509,90.05795634393975,5.396320819854736,2.0441412925720215,2.428321361541748,18.163974836342426,40.03125,226.66666666666669,-5.532715030014515,194.65083996454877,85.59521503001451,258.6824933687846,0.9680068492889404,0.9999327659606934,
2026-07-15T23:44:00.787,33.95964910101611,20260715_234326_front_fusion_ego_2615,egofpsfast_10,fusion_ego_2615,6722350,1,vehicle,0.1533261090517044,-109.64863133871945,14.19609498584022,1.9902909460937652,-122.20471559636016,7.838656902313232,2.863494634628296,3.6861374378204346,28.182150472061384,547.09375,217.7777777777778,504.03099364787346,202.89694206582178,590.1565063521266,232.65861348973382,0.001780450576916337,0.9997568726539612,
2026-07-15T23:44:00.928,34.10080607398413,20260715_234326_front_fusion_ego_2615,egofpsfast_10,fusion_ego_2615,6722351,0,vehicle,0.3573012948036194,-111.8811230635726,2.040095238668548,1.8162080126828926,-121.68648341331509,7.921241760253906,2.8245577812194824,3.4616153240203857,31.829386210084603,545.9817708333334,217.7777777777778,507.812869814535,204.22600792513956,584.1506718521317,231.32954763041604,0.014762724749743938,0.9997510313987732,
2026-07-15T23:44:00.928,34.10080607398413,20260715_234326_front_fusion_ego_2615,egofpsfast_10,fusion_ego_2615,6722351,1,vehicle,0.20121704041957855,-91.42141433965554,28.64780396555342,1.0613173569222534,144.74832327607078,5.323602199554443,2.017155170440674,2.2601253986358643,18.04744576409132,66.71875,225.55555555555557,11.638024419546127,193.2376441690657,121.79947558045389,257.8734669420454,0.6768230199813843,0.9984934329986572,
2026-07-15T23:44:01.057,34.23010165791493,20260715_234326_front_fusion_ego_2615,egofpsfast_10,fusion_ego_2615,6722352,0,vehicle,0.4051637649536133,-112.94602276412827,5.653445529720982,1.6998082461684225,-142.98310878720392,7.965964317321777,2.8010902404785156,3.502537250518799,31.215914475523174,545.9817708333334,217.7777777777778,504.36123441656434,204.3829824195968,587.6023072501024,231.1725731359588,0.052014436572790146,0.9997513890266418,
2026-07-15T23:44:01.057,34.23010165791493,20260715_234326_front_fusion_ego_2615,egofpsfast_10,fusion_ego_2615,6722352,1,vehicle,0.11742935329675674,-92.58864184198657,31.93209236316043,1.2639334991996893,99.01560842321688,6.009757995605469,2.250290870666504,2.8400161266326904,21.19394495339064,40.03125,217.7777777777778,10.19555315375328,191.66938410864938,69.86694684624672,243.88617144690622,0.9966439008712769,0.9868701100349426,
2026-07-15T23:44:01.057,34.23010165791493,20260715_234326_front_fusion_ego_2615,egofpsfast_10,fusion_ego_2615,6722352,2,vehicle,0.0902794674038887,-104.30606688029229,-3.192213124277277,0.46624415747280246,-22.315273116459345,3.6719765663146973,1.4404391050338745,1.2638670206069946,27.181133948404096,644.9479166666667,234.44444444444446,619.0241032826405,226.09137412574557,670.871730050693,242.79751476314334,0.16259333491325378,0.9988566637039185,
2026-07-15T23:44:01.057,34.23010165791493,20260715_234326_front_fusion_ego_2615,egofpsfast_10,fusion_ego_2615,6722352,3,person,0.0612812414765358,-90.78848341964715,11.093457396916104,1.0294620420098315,86.75073150217474,0.7761152386665344,0.597864031791687,1.5359394550323486,8.416688436625035,831.7604166666667,243.33333333333334,819.5766043464344,226.87467475732169,843.9442289868991,259.79199190934503,0.9232075214385986,0.06612099707126617,
2026-07-15T23:44:01.057,34.23010165791493,20260715_234326_front_fusion_ego_2615,egofpsfast_10,fusion_ego_2615,6722352,4,vehicle,0.05042043700814247,-105.30296381019866,-10.089587633768923,1.811634784077249,116.44762964496574,7.317087650299072,2.6471238136291504,3.505098581314087,32.49161203323792,706.1067708333334,217.7777777777778,645.1860485424598,194.73374711142648,767.0274931242069,240.82180844412912,0.14438843727111816,0.9397063255310059,
2026-07-15T23:44:01.188,34.36117797694169,20260715_234326_front_fusion_ego_2615,egofpsfast_10,fusion_ego_2615,6722353,0,vehicle,0.29649874567985535,-113.08586397634181,6.05698817672017,1.7477930228729925,-165.7740651576235,7.981525897979736,2.800039768218994,3.652740955352783,30.702666739857925,545.9817708333334,217.7777777777778,509.6617010359963,202.7928991781341,582.3018406306704,232.7626563774215,0.04750095307826996,0.999004065990448,
2026-07-15T23:44:01.188,34.36117797694169,20260715_234326_front_fusion_ego_2615,egofpsfast_10,fusion_ego_2615,6722353,1,vehicle,0.1078428104519844,-92.3602741816396,29.26238076884942,1.069671014344864,171.36701467161174,5.752886772155762,2.039580821990967,2.402095317840576,18.479572572833472,48.927083333333336,234.44444444444446,8.524150614937147,204.56247058179645,89.33001605172953,264.32641830709247,0.9792378544807434,0.9519906044006348,
2026-07-15T23:44:01.317,34.48964166699443,20260715_234326_front_fusion_ego_2615,egofpsfast_10,fusion_ego_2615,6722354,0,vehicle,0.4618903696537018,-112.79009740839706,3.226718539427604,1.7466948106971003,-134.5895854371417,7.868602275848389,2.832292318344116,3.510568141937256,30.67257299477666,538.1979166666667,217.7777777777778,502.3567204276721,202.37554298506845,574.0391129056613,233.18001257048715,0.004150987137109041,0.9998629093170166,
2026-07-15T23:44:01.317,34.48964166699443,20260715_234326_front_fusion_ego_2615,egofpsfast_10,fusion_ego_2615,6722354,1,vehicle,0.11664341390132904,-100.11545331422064,-2.726571946812815,0.7599672306112382,50.95245445128545,3.6377668380737305,1.4686884880065918,1.3452332019805908,22.823550098554602,644.9479166666667,234.44444444444446,618.0799168745677,223.38146862056522,671.8159164587657,245.5074202683237,0.6762693524360657,0.9996106028556824,
2026-07-15T23:44:01.453,34.625530809978954,20260715_234326_front_fusion_ego_2615,egofpsfast_10,fusion_ego_2615,6722355,0,vehicle,0.530434787273407,-113.53431689753407,4.534259744663199,1.78862005774095,-130.9474144079682,8.033010482788086,2.866852283477783,3.5298683643341064,30.461842185296078,538.1979166666667,217.7777777777778,500.5993384892742,202.4594639407264,575.7964948440592,233.0960916148292,0.0016505473759025335,0.9999574422836304,
2026-07-15T23:44:01.453,34.625530809978954,20260715_234326_front_fusion_ego_2615,egofpsfast_10,fusion_ego_2615,6722355,1,vehicle,0.06348246335983276,-86.50605853917058,0.8021814774140068,1.9807124118280577,3.66382650722554,9.852066040039062,3.4002342224121094,4.236574172973633,12.585217197609554,822.8645833333334,182.22222222222223,791.8470576082667,11.39779461754693,853.8821090584,353.0466498268975,0.0019554845057427883,0.998704195022583,
2026-07-15T23:44:01.580,34.752433668938465,20260715_234326_front_fusion_ego_2615,egofpsfast_10,fusion_ego_2615,6722356,0,vehicle,0.6605221629142761,-111.8350092717768,4.23899182152465,1.9183147539808445,-126.32797816765714,8.274447441101074,2.908080816268921,3.6779894828796387,28.41894027216368,538.1979166666667,217.7777777777778,493.84713637332123,201.29779921637643,582.5486969600122,234.25775633917917,0.012501832097768784,0.9999892711639404,
2026-07-15T23:44:01.580,34.752433668938465,20260715_234326_front_fusion_ego_2615,egofpsfast_10,fusion_ego_2615,6722356,1,person,0.3493351340293884,-114.49441938387452,27.241588183835916,1.0607010834012627,150.72208615660446,0.7473459243774414,0.5731750130653381,1.919080376625061,32.80083678492425,332.48177083333337,226.66666666666669,329.2331601212112,218.3532465497653,335.73038154545554,234.98008678356808,0.9996929168701172,0.9777542352676392,
2026-07-15T23:44:01.580,34.752433668938465,20260715_234326_front_fusion_ego_2615,egofpsfast_10,fusion_ego_2615,6722356,2,vehicle,0.11463379859924316,-105.54373109895135,1.1670202121917788,0.9516977276179048,-140.78457720759792,4.364476680755615,1.6762851476669312,1.3510011434555054,23.926308395443737,634.9401041666667,234.44444444444446,602.7803229714434,225.4440274503496,667.0998853618901,243.4448614385393,0.6765109300613403,0.9996693134307861,
2026-07-15T23:44:01.715,34.88748722197488,20260715_234326_front_fusion_ego_2615,egofpsfast_10,fusion_ego_2615,6722357,0,vehicle,0.5648889541625977,-112.80761090138989,8.450905769795586,1.928086625136303,-139.75596695337,8.180923461914062,2.9692108631134033,3.6798243522644043,27.82697156665229,537.0859375,217.7777777777778,491.693857036531,201.6295992003547,582.478017963469,233.9259563552009,0.012307647615671158,0.9998335838317871,
2026-07-15T23:44:01.715,34.88748722197488,20260715_234326_front_fusion_ego_2615,egofpsfast_10,fusion_ego_2615,6722357,1,vehicle,0.18038395047187805,-106.33800644870523,0.15248070645779144,0.853944346255763,-162.60550492042472,4.266502380371094,1.6530009508132935,1.317620038986206,24.67826608633238,634.9401041666667,234.44444444444446,607.749221118788,225.87371554639606,662.1309872145455,243.01517334249286,0.44247204065322876,0.9993346333503723,
2026-07-15T23:44:01.715,34.88748722197488,20260715_234326_front_fusion_ego_2615,egofpsfast_10,fusion_ego_2615,6722357,2,vehicle,0.10101732611656189,-103.81381078676935,44.648663858338104,1.1654312738934411,10.04238798760241,6.584985733032227,2.3825411796569824,3.044861316680908,36.473644989910206,22.239583333333336,217.7777777777778,-10.963346424202125,198.75511513815988,55.44251309086879,236.80044041739572,0.9705899357795715,0.9822638630867004,
2026-07-15T23:44:01.843,35.01566801301669,20260715_234326_front_fusion_ego_2615,egofpsfast_10,fusion_ego_2615,6722358,0,vehicle,0.4515117406845093,-113.45267769851998,8.787001020315897,1.8249124826474272,-158.05467321325168,8.081562042236328,2.883523464202881,3.727224349975586,27.897638666943173,537.0859375,217.7777777777778,494.4883365184069,200.72251902686227,579.6835384815931,234.83303652869333,0.011880137026309967,0.9997512698173523,
2026-07-15T23:44:01.843,35.01566801301669,20260715_234326_front_fusion_ego_2615,egofpsfast_10,fusion_ego_2615,6722358,1,person,0.22148504853248596,-116.2634899084692,28.42332384163843,1.1098824993096534,-100.94743898907092,0.6853359937667847,0.4964161217212677,1.829430103302002,33.985253147124666,323.5859375,226.66666666666669,321.0323337833397,217.86245326201123,326.1395412166603,235.47088007132214,0.9955403208732605,0.9901162981987,
2026-07-15T23:44:01.843,35.01566801301669,20260715_234326_front_fusion_ego_2615,egofpsfast_10,fusion_ego_2615,6722358,2,vehicle,0.2032974809408188,-108.28863491541705,-0.5095886174767646,0.7703290069807944,111.35890181854059,4.527062892913818,1.6942325830459595,1.3962936401367188,26.243073701957975,634.9401041666667,234.44444444444446,604.4143080289166,226.17094453838138,665.4659003044169,242.71794435050754,0.29328057169914246,0.9995984435081482,
2026-07-15T23:44:01.843,35.01566801301669,20260715_234326_front_fusion_ego_2615,egofpsfast_10,fusion_ego_2615,6722358,3,vehicle,0.06210650876164436,-106.26213991943717,-8.505856637360807,1.837591594531708,170.99302212416313,6.643105983734131,2.437018871307373,3.252565860748291,29.733722438997464,707.21875,216.66666666666669,667.2744698747993,198.4994552532832,747.1630301252007,234.83387808005017,0.009668727405369282,0.9984020590782166,
2026-07-15T23:44:01.970,35.14262207993306,20260715_234326_front_fusion_ego_2615,egofpsfast_10,fusion_ego_2615,6722359,0,vehicle,0.36001521348953247,-112.67110759110047,14.443515527888515,2.025021743663154,-144.06718539630248,7.8808794021606445,2.8911638259887695,3.715216875076294,26.301690734978767,529.3020833333334,217.7777777777778,486.8237084199985,201.6330342160331,571.7804582466682,233.9225213395225,0.004709047265350819,0.9995937943458557,
2026-07-15T23:44:01.970,35.14262207993306,20260715_234326_front_fusion_ego_2615,egofpsfast_10,fusion_ego_2615,6722359,1,vehicle,0.13425074517726898,-108.13129205506037,5.472358339342178,0.6257023663123931,31.574670626660186,4.1483659744262695,1.5733921527862549,1.4228476285934448,23.061999727559517,634.9401041666667,234.44444444444446,608.3721865514915,225.74293192889957,661.508021781842,243.14595695998935,0.10925081372261047,0.9998376369476318,
2026-07-15T23:44:01.970,35.14262207993306,20260715_234326_front_fusion_ego_2615,egofpsfast_10,fusion_ego_2615,6722359,2,person,0.0725005492568016,-117.60807371431468,28.96366345618156,1.2049904609594342,-96.63618934488875,2.026615619659424,0.954574704170227,1.9885025024414062,34.98251866836721,324.6979166666667,226.66666666666669,320.4678063221897,217.70554492870968,328.9280270111437,235.6277884046237,0.996285080909729,0.9985607266426086,
2026-07-15T23:44:02.100,35.273059346014634,20260715_234326_front_fusion_ego_2615,egofpsfast_10,fusion_ego_2615,6722360,0,vehicle,0.34093204140663147,-112.35199450690634,17.243595264682003,2.0556729790808337,-122.93332381826076,8.01522445678711,2.8896727561950684,3.6997275352478027,25.78594947246197,520.40625,217.7777777777778,478.04586995393043,200.2988515959846,562.7666300460696,235.256703959571,0.0003488730581011623,0.9999361038208008,
2026-07-15T23:44:02.100,35.273059346014634,20260715_234326_front_fusion_ego_2615,egofpsfast_10,fusion_ego_2615,6722360,1,vehicle,0.11185289174318314,-108.53268575463997,0.7851153968353852,0.6961379558744647,161.6329756576376,3.9966702461242676,1.5766361951828003,1.2593733072280884,24.92980765274385,626.0442708333334,234.44444444444446,601.2643242975076,226.41819145944385,650.8242173691591,242.47069742944507,0.28773343563079834,0.996776282787323,
2026-07-15T23:44:02.233,35.405455596977845,20260715_234326_front_fusion_ego_2615,egofpsfast_10,fusion_ego_2615,6722361,0,vehicle,0.368259996175766,-112.5216767754742,18.142652965331774,2.1173543796489893,-141.34449757744707,8.171504020690918,2.9156687259674072,3.833090305328369,25.637439238293805,520.40625,217.7777777777778,478.50462117046123,200.3008686171638,562.3078788295388,235.2546869383918,0.0023777210153639317,0.9998682737350464,
2026-07-15T23:44:02.233,35.405455596977845,20260715_234326_front_fusion_ego_2615,egofpsfast_10,fusion_ego_2615,6722361,1,vehicle,0.15239375829696655,-109.50581075905336,3.6144417230264008,0.794207352175641,-109.96855444202507,4.207902908325195,1.670680046081543,1.4218512773513794,24.097055827390715,626.0442708333334,234.44444444444446,595.9547652428349,225.41174885299472,656.1337764238318,243.4771400358942,0.07611436396837234,0.9991249442100525,
2026-07-15T23:44:02.233,35.405455596977845,20260715_234326_front_fusion_ego_2615,egofpsfast_10,fusion_ego_2615,6722361,2,person,0.11894483119249344,-117.37027588853817,28.212455136276787,1.2701356663401424,-106.01293656323608,1.336296796798706,0.7930440306663513,1.9653151035308838,33.56410619021748,323.5859375,226.66666666666669,319.1998078227043,217.0034597317378,327.9720671772957,236.32987360159558,0.9999351501464844,0.9969527721405029,
2026-07-15T23:44:02.364,35.53676090191584,20260715_234326_front_fusion_ego_2615,egofpsfast_10,fusion_ego_2615,6722362,0,vehicle,0.5602715015411377,-111.80417287783047,18.304090059791115,2.0809953170056055,-113.85115379954323,8.162520408630371,2.9607906341552734,3.8649840354919434,24.502505268436362,519.2942708333334,217.7777777777778,469.25451796998584,199.50188683138956,569.3340236966809,236.05366872416604,0.0065554180182516575,0.9999665021896362,
2026-07-15T23:44:02.364,35.53676090191584,20260715_234326_front_fusion_ego_2615,egofpsfast_10,fusion_ego_2615,6722362,1,vehicle,0.0954061970114708,-110.45594724579999,2.4626248603026135,0.7570300068954072,18.24142150534023,4.1853251457214355,1.6553192138671875,1.2625858783721924,25.001489079529378,618.2604166666667,234.44444444444446,592.0683653081458,226.53748091724185,644.4524680251877,242.35140797164706,0.03344530239701271,0.9887336492538452,
2026-07-15T23:44:02.495,35.667680613929406,20260715_234326_front_fusion_ego_2615,egofpsfast_10,fusion_ego_2615,6722363,0,vehicle,0.4172219932079315,-113.57175247240212,18.941551635964444,2.0950883353534557,-132.75518740887162,8.558920860290527,3.0494368076324463,3.878490924835205,25.91438283160478,511.5104166666667,217.7777777777778,459.48101754734915,199.46770475970376,563.5398157859843,236.08785079585184,0.007616955786943436,0.9999947547912598,
2026-07-15T23:44:02.495,35.667680613929406,20260715_234326_front_fusion_ego_2615,egofpsfast_10,fusion_ego_2615,6722363,1,person,0.3051633834838867,-116.66467192098379,27.33580994324301,1.2394725757502412,-113.76935112989658,0.5215585231781006,0.5119571089744568,1.8992537260055542,31.706464851426883,314.6901041666667,226.66666666666669,311.848810812148,217.1364177266757,317.5313975211854,236.19691560665768,0.9999738931655884,0.9992092251777649,
2026-07-15T23:44:02.495,35.667680613929406,20260715_234326_front_fusion_ego_2615,egofpsfast_10,fusion_ego_2615,6722363,2,vehicle,0.11827010661363602,-110.6241110766451,2.834027049821168,0.705876646946789,-33.707043705393225,4.243096828460693,1.677485466003418,1.2616750001907349,24.57303446053156,617.1484375,234.44444444444446,591.4487106502056,226.53091039922504,642.8481643497944,242.35797848966388,0.07130493223667145,0.9972137808799744,
2026-07-15T23:44:02.631,35.80364628799725,20260715_234326_front_fusion_ego_2615,egofpsfast_10,fusion_ego_2615,6722364,0,vehicle,0.46438026428222656,-113.94257377039023,19.604636803609896,1.8915877338834557,-156.47290636973457,8.360702514648438,2.9715490341186523,3.824518918991089,25.988128148690688,511.5104166666667,217.7777777777778,464.94049043456715,200.4132656918632,558.0803428987663,235.1422898636924,0.003923218697309494,0.9999878406524658,
2026-07-15T23:44:02.764,35.93691061192658,20260715_234326_front_fusion_ego_2615,egofpsfast_10,fusion_ego_2615,6722365,0,vehicle,0.42037686705589294,-114.57853187052801,20.57487112960341,1.9157417501895004,-151.0856307644305,8.254544258117676,2.934598207473755,3.6616413593292236,26.430637121614986,502.61458333333337,217.7777777777778,455.80613815536105,200.7626502381431,549.4230285113057,234.7929053174125,0.003974719438701868,0.9999451637268066,
2026-07-15T23:44:02.764,35.93691061192658,20260715_234326_front_fusion_ego_2615,egofpsfast_10,fusion_ego_2615,6722365,1,vehicle,0.21355247497558594,-111.20737387507415,-2.2158122892001306,0.7590790827513665,120.256839806149,4.5240159034729,1.7341803312301636,1.3872756958007812,26.80094286295628,609.3645833333334,234.44444444444446,587.2363096897801,226.20514359739093,631.4928569768866,242.68374529149798,0.02764071337878704,0.99720299243927,
2026-07-15T23:44:02.764,35.93691061192658,20260715_234326_front_fusion_ego_2615,egofpsfast_10,fusion_ego_2615,6722365,2,vehicle,0.07513751089572906,-113.39519642037875,20.516577901893434,0.6352240489479284,42.05642090451181,4.219252109527588,1.651565670967102,1.378232479095459,25.295678961920725,475.92708333333337,234.44444444444446,458.91613913824165,226.4698409703043,492.9380275284251,242.41904791858462,0.005423662252724171,0.9173919558525085,
2026-07-15T23:44:02.902,36.074237548979,20260715_234326_front_fusion_ego_2615,egofpsfast_10,fusion_ego_2615,6722366,0,vehicle,0.6100398302078247,-114.6722754683365,18.059283911749688,1.8908040566725883,-127.43332562128752,8.38537311553955,2.9663138389587402,3.798143148422241,25.493867037512224,501.5026041666667,217.7777777777778,450.32714633146924,198.21053908930887,552.6780620018642,237.34501646624673,0.0008581798756495118,0.9999895095825195,
2026-07-15T23:44:02.902,36.074237548979,20260715_234326_front_fusion_ego_2615,egofpsfast_10,fusion_ego_2615,6722366,1,vehicle,0.10076166689395905,-109.89145794406127,-0.135855424614911,0.7065781430431239,121.21215204144467,4.0679521560668945,1.6252282857894897,1.3562229871749878,24.17952005215225,617.1484375,234.44444444444446,589.2995077446103,225.24201151397494,644.9973672553897,243.64687737491397,0.08559288084506989,0.9981483221054077,
2026-07-15T23:44:02.902,36.074237548979,20260715_234326_front_fusion_ego_2615,egofpsfast_10,fusion_ego_2615,6722366,2,vehicle,0.06367426365613937,-104.2040179091462,-5.352386101150575,1.738525024180527,139.91176360310854,6.740838050842285,2.6785874366760254,3.25681209564209,23.48333265230337,750.5859375,208.88888888888889,686.2554756402969,180.41925721698337,814.9163993597031,237.3585205607944,0.00021405136794783175,0.1711457073688507,
2026-07-15T23:44:02.902,36.074237548979,20260715_234326_front_fusion_ego_2615,egofpsfast_10,fusion_ego_2615,6722366,3,vehicle,0.053998202085494995,-112.75720362028437,18.102602472647146,0.7500330719413761,18.416198962404618,4.3056111335754395,1.676512598991394,1.5375484228134155,23.639816266756227,474.8151041666667,234.44444444444446,454.4831575440864,225.66605087783603,495.147050789247,243.2228380110529,0.14905178546905518,0.9948849081993103,
2026-07-15T23:44:03.032,36.20431896299124,20260715_234326_front_fusion_ego_2615,egofpsfast_10,fusion_ego_2615,6722367,0,vehicle,0.6685463786125183,-116.04108844703131,21.906833333675912,1.9853791048259453,-128.9946748919365,8.82797622680664,3.108119487762451,4.011175155639648,27.403119095335605,492.60677083333337,217.7777777777778,445.39182889958226,198.19758759604562,539.8217127670845,237.35796795950998,0.006407812237739563,0.9999778270721436,
2026-07-15T23:44:03.032,36.20431896299124,20260715_234326_front_fusion_ego_2615,egofpsfast_10,fusion_ego_2615,6722367,1,person,0.1919349730014801,-120.38625183144099,28.34118728747696,1.4610557869810812,-126.35177786204052,0.6860082745552063,0.5273079872131348,2.0410170555114746,33.912129136969554,306.90625,226.66666666666669,304.333176326938,217.51363823811215,309.479323673062,235.81969509522122,0.9998890161514282,0.9988957643508911,
2026-07-15T23:44:03.032,36.20431896299124,20260715_234326_front_fusion_ego_2615,egofpsfast_10,fusion_ego_2615,6722367,2,vehicle,0.0854666531085968,-112.75285108860777,18.59987321531893,0.7209318902950432,40.24875720426673,4.517002105712891,1.7271143198013306,1.5681710243225098,23.329601900890935,465.91927083333337,234.44444444444446,445.59296164785826,225.9739935066965,486.2455800188085,242.9148953821924,0.07076040655374527,0.9660201668739319,
2026-07-15T23:44:03.032,36.20431896299124,20260715_234326_front_fusion_ego_2615,egofpsfast_10,fusion_ego_2615,6722367,3,vehicle,0.0792299211025238,-110.98982179833084,0.6819526392819664,0.5480015224393853,62.73914288092171,3.925457000732422,1.5504064559936523,1.356762170791626,24.314136257509716,617.1484375,234.44444444444446,589.3504196554422,225.88582929637698,644.9464553445578,243.00305959251193,0.02366393618285656,0.998204231262207,
2026-07-15T23:44:03.178,36.350973443943076,20260715_234326_front_fusion_ego_2615,egofpsfast_10,fusion_ego_2615,6722368,0,vehicle,0.5357099175453186,-115.2650186130767,21.824641208310766,2.0210344583076676,-140.24954577656843,8.732320785522461,3.1016998291015625,3.993079662322998,26.246877435000897,484.8229166666667,217.7777777777778,434.1588176439206,196.78402589427102,535.4870156894128,238.77152966128457,0.01057690940797329,0.9999605417251587,
2026-07-15T23:44:03.178,36.350973443943076,20260715_234326_front_fusion_ego_2615,egofpsfast_10,fusion_ego_2615,6722368,1,person,0.36921894550323486,-120.16452354740957,28.647271889713224,1.391586448164503,174.64076325064633,0.678476095199585,0.49665123224258423,1.9536327123641968,33.48319365589542,306.90625,226.66666666666669,304.2036860748194,217.56445358196896,309.6088139251806,235.7688797513644,0.9997701048851013,0.9980010390281677,
2026-07-15T23:44:03.178,36.350973443943076,20260715_234326_front_fusion_ego_2615,egofpsfast_10,fusion_ego_2615,6722368,2,vehicle,0.08586245775222778,-111.45459534879073,-0.6957637365862591,0.6437806991938686,151.4789730107237,4.097275733947754,1.6329429149627686,1.4569151401519775,25.070803034856244,609.3645833333334,234.44444444444446,585.8581090246638,225.50941434171466,632.8710576420029,243.37947454717425,0.7062782049179077,0.9881221652030945,
2026-07-15T23:44:03.314,36.486250729998574,20260715_234326_front_fusion_ego_2615,egofpsfast_10,fusion_ego_2615,6722369,0,vehicle,0.7137826085090637,-113.98341364485157,19.671157261354885,1.8566874036655183,-123.6378160697246,8.454687118530273,2.986950397491455,3.939643144607544,23.959442588221055,483.71093750000006,217.7777777777778,433.05390754342085,193.05250810252298,534.3679674565792,242.50304745303262,0.017771156504750252,0.9999945163726807,
2026-07-15T23:44:03.314,36.486250729998574,20260715_234326_front_fusion_ego_2615,egofpsfast_10,fusion_ego_2615,6722369,1,person,0.3140653073787689,-115.01917361467213,24.136778111960002,1.2139075687324965,-93.01471332881736,0.4016931653022766,0.47708195447921753,1.594996452331543,26.49232692322075,305.79427083333337,234.44444444444446,302.39308604349696,225.4217874672678,309.1954556231698,243.46710142162112,0.9999796152114868,0.9962731599807739,
2026-07-15T23:44:03.453,36.625102074001916,20260715_234326_front_fusion_ego_2615,egofpsfast_10,fusion_ego_2615,6722370,0,vehicle,0.6307331919670105,-113.73605429255818,20.47259722870756,2.060795843598479,-147.55002394857559,8.828502655029297,3.1605122089385986,4.070069789886475,23.51350026580056,474.8151041666667,217.7777777777778,426.0064186776678,191.41817735301126,523.6237896556656,244.13737820254434,0.001473441836424172,0.9999816417694092,
2026-07-15T23:44:03.453,36.625102074001916,20260715_234326_front_fusion_ego_2615,egofpsfast_10,fusion_ego_2615,6722370,1,vehicle,0.2972263991832733,-117.71336359807927,23.660399676639138,1.0856460603318645,45.364071893030854,4.8336076736450195,1.8421971797943115,1.5927414894104004,28.348506232452756,448.1276041666667,234.44444444444446,425.9635238895814,226.30037632253436,470.291684443752,242.58851256635455,0.21601904928684235,0.9969543218612671,
2026-07-15T23:44:03.453,36.625102074001916,20260715_234326_front_fusion_ego_2615,egofpsfast_10,fusion_ego_2615,6722370,2,vehicle,0.12014108151197433,-111.16065706842204,4.230177166127139,0.8887293438808719,-126.18233466353185,4.123530387878418,1.6381057500839233,1.5047788619995117,21.623626228305223,609.3645833333334,234.44444444444446,579.8659046938022,224.47564628389148,638.8632619728645,244.41324260499744,0.6200422048568726,0.9990087747573853,
2026-07-15T23:44:03.599,36.77180178894196,20260715_234326_front_fusion_ego_2615,egofpsfast_10,fusion_ego_2615,6722371,0,vehicle,0.36499103903770447,-112.93965697946861,19.48051308086735,2.0923108842734166,-136.66891790100837,8.409875869750977,3.003244161605835,4.049855709075928,21.953453921114047,467.03125000000006,217.7777777777778,424.6275743097067,191.15881489382852,509.43492569029337,244.39674066172708,0.009889797307550907,0.9999754428863525,
2026-07-15T23:44:03.599,36.77180178894196,20260715_234326_front_fusion_ego_2615,egofpsfast_10,fusion_ego_2615,6722371,1,vehicle,0.2088904231786728,-112.43171995157321,5.637967451704331,0.9613634487450984,-144.25579262347318,4.567684173583984,1.7720667123794556,1.605960488319397,21.765498890109058,608.2526041666667,234.44444444444446,577.0508245999615,224.4872146513727,639.454383733372,244.4016742375162,0.6519345045089722,0.9993031024932861,
2026-07-15T23:44:03.599,36.77180178894196,20260715_234326_front_fusion_ego_2615,egofpsfast_10,fusion_ego_2615,6722371,2,vehicle,0.09296799451112747,-116.60108133497727,24.365882290990097,1.1061842215300022,0.32351680055491605,4.919785499572754,1.9106425046920776,1.6006532907485962,27.127910057220912,439.23177083333337,234.44444444444446,414.34209629272425,225.88299062516955,464.1214453739425,243.00589826371936,0.007658837828785181,0.9931802749633789,
2026-07-15T23:44:03.599,36.77180178894196,20260715_234326_front_fusion_ego_2615,egofpsfast_10,fusion_ego_2615,6722371,3,person,0.07653467357158661,-118.5785400360125,28.606283450502666,1.3730824795300016,-151.65524220074303,1.2086771726608276,0.7051692605018616,1.904008150100708,30.843188388818533,296.8984375,234.44444444444446,292.0080236438662,224.7490340140131,301.7888513561338,244.13985487487582,0.9993851184844971,0.9846619367599487,
2026-07-15T23:44:03.733,36.90567856293637,20260715_234326_front_fusion_ego_2615,egofpsfast_10,fusion_ego_2615,6722372,0,vehicle,0.3552936911582947,-113.31921085363446,19.287521800212406,2.110122097395501,-118.71648124686895,8.415098190307617,3.031095027923584,4.008991241455078,21.70216833233384,458.1354166666667,217.7777777777778,413.5903833980362,189.4814972745048,502.6804499352972,246.0740582810508,0.004926592577248812,0.9999862909317017,
2026-07-15T23:44:03.733,36.90567856293637,20260715_234326_front_fusion_ego_2615,egofpsfast_10,fusion_ego_2615,6722372,1,vehicle,0.1139129027724266,-111.1290431053479,9.063931018027803,0.9939595295112174,-147.091218559009,4.512377738952637,1.7758640050888062,1.6878827810287476,18.982983101683825,608.2526041666667,234.44444444444446,573.3142250279586,222.50370320346622,643.1909833053749,246.3851856854227,0.8968615531921387,0.9996860027313232,
2026-07-15T23:44:03.733,36.90567856293637,20260715_234326_front_fusion_ego_2615,egofpsfast_10,fusion_ego_2615,6722372,2,vehicle,0.11014511436223984,-108.39878250038441,31.293355129190463,1.2364493167824184,-65.39204762672482,4.797049522399902,1.7065635919570923,1.8231536149978638,24.21764517275242,22.239583333333336,234.44444444444446,-2.661871923754613,219.85759761598376,47.14103859042128,249.03129127290515,0.0004602225380949676,0.9990959167480469,
2026-07-15T23:44:03.733,36.90567856293637,20260715_234326_front_fusion_ego_2615,egofpsfast_10,fusion_ego_2615,6722372,3,vehicle,0.06646184623241425,-108.57605371553555,-4.361329044132503,1.6836744284360243,143.13866260847212,6.1867241859436035,2.277498245239258,2.789738893508911,23.600298087328827,671.6354166666667,216.66666666666669,629.0739690909784,195.5093930164973,714.1968642423551,237.82394031683606,0.5182262063026428,0.9985729455947876,
2026-07-15T23:44:03.870,37.04236065596342,20260715_234326_front_fusion_ego_2615,egofpsfast_10,fusion_ego_2615,6722373,0,vehicle,0.3275584876537323,-113.31955876938238,18.568029596895713,1.9779482529436994,-177.50234669646233,8.298248291015625,2.9819812774658203,3.855161190032959,20.878765296561923,449.23958333333337,217.7777777777778,398.85832331081235,190.1750628815757,499.6208433558544,245.3804926739799,0.0009647746337577701,0.9999523162841797,
2026-07-15T23:44:03.870,37.04236065596342,20260715_234326_front_fusion_ego_2615,egofpsfast_10,fusion_ego_2615,6722373,1,vehicle,0.09207012504339218,-118.00846478138217,23.32664153463832,1.1908355361518161,61.124252517545436,4.8983845710754395,1.8978471755981445,1.6105479001998901,26.88371803992473,412.54427083333337,234.44444444444446,384.4270983313521,225.09889956977634,440.66144333531463,243.78998931911258,0.04181128740310669,0.965056836605072,
2026-07-15T23:44:03.870,37.04236065596342,20260715_234326_front_fusion_ego_2615,egofpsfast_10,fusion_ego_2615,6722373,2,vehicle,0.07263076305389404,-112.35157768801172,8.61869851314323,0.9634316944550916,-155.000471248948,4.591578960418701,1.7879011631011963,1.6583499908447266,19.617185132114095,599.3567708333334,234.44444444444446,565.4656569858392,222.9598977830675,633.2478846808275,245.9289911058214,0.9080192446708679,0.9979051351547241,
2026-07-15T23:44:04.001,37.1738776069833,20260715_234326_front_fusion_ego_2615,egofpsfast_10,fusion_ego_2615,6722374,0,vehicle,0.6226251125335693,-113.7006515059703,20.55571718941779,1.776157805021691,102.36993320583348,7.936806678771973,2.8298439979553223,3.7869584560394287,21.210427038177205,431.4479166666667,217.7777777777778,390.6514195750157,189.41819356547464,472.24441375831765,246.13736199008096,0.010588312521576881,0.9999505281448364,
2026-07-15T23:44:04.001,37.1738776069833,20260715_234326_front_fusion_ego_2615,egofpsfast_10,fusion_ego_2615,6722374,1,vehicle,0.14721710979938507,-113.82620063305465,3.2235855385990186,0.7234109094465309,-156.4667186708406,4.664921283721924,1.741441249847412,1.4359092712402344,22.097861741394638,581.5651041666667,235.55555555555557,550.8581274176638,225.9715971681807,612.2720809156697,245.13951394293045,0.6325225830078125,0.997674286365509,
2026-07-15T23:44:04.131,37.3041514569195,20260715_234326_front_fusion_ego_2615,egofpsfast_10,fusion_ego_2615,6722375,0,vehicle,0.5386775732040405,-114.22662299119023,19.830867289270117,1.8666221511842824,148.69998039403825,8.2239990234375,2.9280173778533936,3.7724719047546387,20.746339451854027,413.65625,217.7777777777778,373.16375456750393,191.23301373587717,454.1487454324961,244.32254181967843,0.01072928961366415,0.9998588562011719,
2026-07-15T23:44:04.131,37.3041514569195,20260715_234326_front_fusion_ego_2615,egofpsfast_10,fusion_ego_2615,6722375,1,vehicle,0.09616465866565704,-115.67265506388301,-2.4054156210475206,0.7783956279286954,-172.7200396461312,4.842001914978027,1.7976990938186646,1.6599537134170532,25.846928707232465,581.5651041666667,235.55555555555557,552.1119704196851,224.83449253771042,611.0182379136484,246.27661857340073,0.9549704194068909,0.9786301255226135,
2026-07-15T23:44:04.275,37.44774382200558,20260715_234326_front_fusion_ego_2615,egofpsfast_10,fusion_ego_2615,6722376,0,vehicle,0.7419730424880981,-113.26890149121482,19.921577894350474,1.6843517483674262,83.0860579591098,7.696342468261719,2.76362943649292,3.648984432220459,19.149641689947252,403.6484375,216.66666666666669,362.13556277006865,186.21329466501874,445.1613122299314,247.12003866831463,0.009395908564329147,0.9999865293502808,
2026-07-15T23:44:04.275,37.44774382200558,20260715_234326_front_fusion_ego_2615,egofpsfast_10,fusion_ego_2615,6722376,1,vehicle,0.16030395030975342,-110.84005503670743,-5.608059083458783,1.682821307491663,-170.357457701393,7.711980819702148,2.74497652053833,3.2620112895965576,23.783967865286435,652.7317708333334,208.88888888888889,601.8985359718403,183.5699784093433,703.5650056948265,234.20779936843448,0.0104898139834404,0.9927536845207214,
2026-07-15T23:44:04.275,37.44774382200558,20260715_234326_front_fusion_ego_2615,egofpsfast_10,fusion_ego_2615,6722376,2,vehicle,0.11002751439809799,-116.29000729470417,0.7944764272315741,0.6220854548072605,178.91492229288565,4.8563947677612305,1.8026727437973022,1.733300805091858,23.880551368708904,573.78125,235.55555555555557,545.5654923394322,225.7309851381514,601.9970076605678,245.38012597295975,0.9472099542617798,0.9963562488555908,
2026-07-15T23:44:04.275,37.44774382200558,20260715_234326_front_fusion_ego_2615,egofpsfast_10,fusion_ego_2615,6722376,3,person,0.05702589079737663,-119.87239300767035,25.221419201359986,1.1874844908796547,-52.779760349886864,1.0046802759170532,0.7015966773033142,1.625283122062683,27.38070471776725,253.53125000000003,234.44444444444446,247.75763395242396,223.90220519569186,259.30486604757607,244.98668369319705,0.9705406427383423,0.963817834854126,
2026-07-15T23:44:04.412,37.5845297370106,20260715_234326_front_fusion_ego_2615,egofpsfast_10,fusion_ego_2615,6722377,0,vehicle,0.5910548567771912,-114.03008745362101,18.701645133519595,1.5681550447903976,96.74403476355315,7.931058406829834,2.8763463497161865,3.6765692234039307,18.684923157658794,386.96875,216.66666666666669,335.729358792305,182.7849630514781,438.20814120769506,250.54837028185528,0.011416008695960045,0.9996178150177002,
2026-07-15T23:44:04.412,37.5845297370106,20260715_234326_front_fusion_ego_2615,egofpsfast_10,fusion_ego_2615,6722377,1,vehicle,0.08056318014860153,-115.29347228254588,4.480880713630414,0.5440994008897477,-141.25953963959333,4.890861988067627,1.8030751943588257,1.8005751371383667,20.550930197451184,564.8854166666667,234.44444444444446,531.1633432159822,222.46808346774844,598.6074901173513,246.42080542114047,0.1829991489648819,0.9993396401405334,
2026-07-15T23:44:04.412,37.5845297370106,20260715_234326_front_fusion_ego_2615,egofpsfast_10,fusion_ego_2615,6722377,2,vehicle,0.062071092426776886,-109.28500459118779,-3.581662102779944,1.6122563801554675,166.25701223293,7.508813858032227,2.652000904083252,3.2447614669799805,20.612862506148012,653.84375,208.88888888888889,606.1380710750818,177.44570665889316,701.5494289249182,240.3320711188846,0.14033889770507812,0.9916907548904419,
2026-07-15T23:44:04.545,37.717342763906345,20260715_234326_front_fusion_ego_2615,egofpsfast_10,fusion_ego_2615,6722378,0,vehicle,0.18012741208076477,-116.14382690712617,2.2181724407017263,0.44746855739252567,-145.10764703541594,4.588116645812988,1.710529088973999,1.6080594062805176,21.48324841440062,554.8776041666667,235.55555555555557,524.1900053123634,224.8974109027121,585.5652030209701,246.21370020839905,0.5394347310066223,0.9983590245246887,
2026-07-15T23:44:04.545,37.717342763906345,20260715_234326_front_fusion_ego_2615,egofpsfast_10,fusion_ego_2615,6722378,1,vehicle,0.10011300444602966,-110.37124269822937,-5.198831780496876,1.8065202379792566,138.7318487119292,7.952510833740234,2.852137565612793,3.3984174728393555,21.92112034962498,644.9479166666667,208.88888888888889,597.1883894006412,179.46424060397678,692.7074439326923,238.313537173801,0.006201441865414381,0.9756327271461487,
2026-07-15T23:44:04.545,37.717342763906345,20260715_234326_front_fusion_ego_2615,egofpsfast_10,fusion_ego_2615,6722378,2,vehicle,0.09283900260925293,-114.07266295657601,16.180198855454538,1.5293542193290062,114.04502271055178,8.167067527770996,2.8826067447662354,3.90014386177063,17.279241535060372,369.17708333333337,208.88888888888889,322.4815332417687,172.77620249324374,415.872633424898,245.00157528453403,0.016330251470208168,0.9998214840888977,
2026-07-15T23:44:04.686,37.85854031192139,20260715_234326_front_fusion_ego_2615,egofpsfast_10,fusion_ego_2615,6722379,0,vehicle,0.18953977525234222,-115.71438552829122,6.113171689954161,0.5907719179381765,-152.1078858591206,4.738925933837891,1.770831823348999,1.7030144929885864,18.698429490100384,528.1901041666667,235.55555555555557,496.5066927696268,223.26921794149612,559.8735155637066,247.84189316961502,0.4275829493999481,0.9997134804725647,
2026-07-15T23:44:04.818,37.991253777989186,20260715_234326_front_fusion_ego_2615,egofpsfast_10,fusion_ego_2615,6722380,0,vehicle,0.1777157038450241,-116.91741025626888,6.937290829693865,0.658783543599271,-126.68116418967452,4.673641681671143,1.7884913682937622,1.7569856643676758,18.768248193571917,511.5104166666667,235.55555555555557,484.20898322264355,223.2762462231848,538.8118501106899,247.83486488792633,0.04948800057172775,0.9999175071716309,
2026-07-15T23:44:04.818,37.991253777989186,20260715_234326_front_fusion_ego_2615,egofpsfast_10,fusion_ego_2615,6722380,1,vehicle,0.05500243976712227,-114.93314272731054,1.4644193619504096,0.7894509989082472,144.48251334748159,4.737184524536133,1.785384178161621,2.0032289028167725,19.201796901422433,547.09375,234.44444444444446,512.7688430026174,222.11494740512637,581.4186569973826,246.77394148376254,0.9946374297142029,0.9474945664405823,
2026-07-15T23:44:04.818,37.991253777989186,20260715_234326_front_fusion_ego_2615,egofpsfast_10,fusion_ego_2615,6722380,2,vehicle,0.05271214246749878,-111.06684974656704,-7.028677926735267,1.740368706797753,153.4232558498165,6.643794536590576,2.4918618202209473,2.9774694442749023,22.549283302105614,643.8359375,208.88888888888889,601.9917678982019,184.07576613956027,685.6801071017981,233.7020116382175,0.5916683077812195,0.9988491535186768,
2026-07-15T23:44:04.967,38.139597175992094,20260715_234326_front_fusion_ego_2615,egofpsfast_10,fusion_ego_2615,6722381,0,vehicle,0.09590500593185425,-113.98154253781868,4.938421717856829,0.9497969388680261,-103.30146989934337,5.213123321533203,1.984677791595459,2.125185966491699,15.846615159807609,520.40625,234.44444444444446,489.3738671466709,219.3007191684511,551.4386328533292,249.5881697204378,0.03358116373419762,0.9999330043792725,
2026-07-15T23:44:04.967,38.139597175992094,20260715_234326_front_fusion_ego_2615,egofpsfast_10,fusion_ego_2615,6722381,1,vehicle,0.05352846160531044,-115.9343630450928,15.89461652109495,1.543574605585178,78.17320663288316,6.4482269287109375,2.382253646850586,3.202425479888916,16.87868684217635,298.0104166666667,207.7777777777778,256.3068648527066,180.97519801722635,339.71396848062676,234.58035753832925,0.15743008255958557,0.9996015429496765,
2026-07-15T23:44:05.113,38.28565370000433,20260715_234326_front_fusion_ego_2615,egofpsfast_10,fusion_ego_2615,6722382,0,vehicle,0.1607193648815155,-114.50841278098758,9.683608513448851,0.4343486156461145,-28.99217478809475,4.666665554046631,1.8763056993484497,1.7421104907989502,14.253537178628756,457.02343750000006,235.55555555555557,425.907282076776,220.0372240278456,488.13959292322403,251.07388708326553,0.9865526556968689,0.9999600648880005,
2026-07-15T23:44:05.113,38.28565370000433,20260715_234326_front_fusion_ego_2615,egofpsfast_10,fusion_ego_2615,6722382,1,vehicle,0.11752618104219437,-120.92342269355399,12.544312572394691,1.396981335979799,-13.076278526006378,5.6482086181640625,2.2760140895843506,2.896449327468872,20.590992020732127,306.90625,217.7777777777778,278.15279473364353,196.20256231890787,335.65970526635647,239.35299323664773,0.03551516309380531,0.9797296524047852,
2026-07-15T23:44:05.113,38.28565370000433,20260715_234326_front_fusion_ego_2615,egofpsfast_10,fusion_ego_2615,6722382,2,vehicle,0.1007998138666153,-112.96652101308914,4.993568968430659,0.886012332779984,-75.28562309870684,5.174777984619141,1.9785144329071045,2.111743688583374,14.05514313063513,484.8229166666667,235.55555555555557,451.9876737917463,217.6314899656508,517.6581595415871,253.47962114546036,0.012490706518292427,0.9998587369918823,
2026-07-15T23:44:05.113,38.28565370000433,20260715_234326_front_fusion_ego_2615,egofpsfast_10,fusion_ego_2615,6722382,3,vehicle,0.07912618666887283,-114.85059400598705,16.66329145045195,1.4752282294762082,60.41156155526742,6.258087158203125,2.3320717811584473,3.375648260116577,15.46739144270725,243.52343750000003,200.0,204.58627024292946,166.69366240501404,282.46060475707054,233.30633759498596,0.021608421579003334,0.9981008172035217,
2026-07-15T23:44:05.244,38.41727031697519,20260715_234326_front_fusion_ego_2615,egofpsfast_10,fusion_ego_2615,6722383,0,vehicle,0.1925877332687378,-112.73375109007308,15.873119830390037,1.6524713688496977,95.85294542518018,6.160424709320068,2.2774088382720947,3.176917314529419,12.61651583940246,216.83593750000003,200.0,177.3243465796113,158.92103552818298,256.3475284203887,241.07896447181702,0.06584098935127258,0.9972367286682129,
2026-07-15T23:44:05.244,38.41727031697519,20260715_234326_front_fusion_ego_2615,egofpsfast_10,fusion_ego_2615,6722383,1,vehicle,0.0715034082531929,-111.54013512453795,6.5621364300831315,0.9020200769225191,-1.1403831484979075,4.68142032623291,1.8267369270324707,1.8151878118515015,11.226034772526301,457.02343750000006,243.33333333333334,418.0261036455631,222.55682249863943,496.02077135443693,264.1098441680273,0.09697499871253967,0.9999927282333374,
2026-07-15T23:44:05.374,38.547070291941054,20260715_234326_front_fusion_ego_2615,egofpsfast_10,fusion_ego_2615,6722384,0,vehicle,0.07960980385541916,-111.86739181264339,7.679287451381596,0.8759103477846322,45.43312684958551,4.866998195648193,1.8646661043167114,1.8392879962921143,10.28901870213708,421.4401041666667,243.33333333333334,375.4649911771218,220.8300950129827,467.41521715621155,265.836571653684,0.03880709409713745,0.9999974966049194,
2026-07-15T23:44:05.374,38.547070291941054,20260715_234326_front_fusion_ego_2615,egofpsfast_10,fusion_ego_2615,6722384,1,vehicle,0.07946841418743134,-113.00498386228018,9.233099172126257,0.5756944387396674,86.59166768364638,4.518223285675049,1.8031730651855469,1.6206241846084595,11.139240743454371,394.7526041666667,244.44444444444446,351.18683062742156,222.13133182790546,438.3183777059118,266.75755706098346,0.17454658448696136,0.9999175071716309,
2026-07-15T23:44:05.374,38.547070291941054,20260715_234326_front_fusion_ego_2615,egofpsfast_10,fusion_ego_2615,6722384,2,vehicle,0.06898327171802521,-108.912043301909,12.806550246372785,1.4119179724306052,17.09632337741307,5.41989278793335,2.0611226558685303,2.6906795501708984,7.351108338899088,127.87760416666667,200.0,68.95056850711505,142.28065729141235,186.8046398262183,257.71934270858765,0.8023931384086609,0.9991439580917358,
2026-07-15T23:44:05.374,38.547070291941054,20260715_234326_front_fusion_ego_2615,egofpsfast_10,fusion_ego_2615,6722384,3,vehicle,0.05932161584496498,-116.78806386919547,1.2255858248516347,1.7135829613427362,85.33245272521624,8.05734634399414,2.8933334350585938,3.401644229888916,17.437562988646267,501.5026041666667,216.66666666666669,461.2974875892202,195.37594775358838,541.7077207441132,237.957385579745,0.0001143451445386745,0.5460348725318909,
2026-07-15T23:44:05.513,38.68622671090998,20260715_234326_front_fusion_ego_2615,egofpsfast_10,fusion_ego_2615,6722385,0,person,0.21729883551597595,-111.29288958076432,-11.549679365935189,1.4220086094111402,40.63289169062351,0.41484782099723816,0.41801589727401733,1.6386997699737549,23.07212442112235,688.3151041666667,243.33333333333334,682.3972383678581,231.5025027592977,694.2329699654754,255.164163907369,0.9999839067459106,0.9986385703086853,
2026-07-15T23:44:05.513,38.68622671090998,20260715_234326_front_fusion_ego_2615,egofpsfast_10,fusion_ego_2615,6722385,1,vehicle,0.09868216514587402,-111.10022022286108,6.770920031116592,0.6807697568162978,-88.38303868399151,5.220668315887451,2.024531364440918,1.8996498584747314,8.995626161074563,351.3854166666667,244.44444444444446,296.0967930952708,218.51244893338946,406.67404023806256,270.37643995549945,0.05271068587899208,0.9999600648880005,
2026-07-15T23:44:05.513,38.68622671090998,20260715_234326_front_fusion_ego_2615,egofpsfast_10,fusion_ego_2615,6722385,2,vehicle,0.08500298857688904,-110.9724665578162,15.175963171282485,1.4395223621208224,39.83857894502449,5.486456871032715,2.1948726177215576,2.9374423027038574,9.84516274880526,65.60677083333334,190.0,26.608829331894718,141.3599991798401,104.60471233477196,238.6400008201599,0.864493191242218,0.7313786745071411,
2026-07-15T23:44:05.513,38.68622671090998,20260715_234326_front_fusion_ego_2615,egofpsfast_10,fusion_ego_2615,6722385,3,person,0.06857675313949585,-117.98446080720586,-6.213834999196468,1.015417858576635,144.23046603582506,0.8948550224304199,0.5439834594726562,1.719536304473877,22.19212611250754,572.6692708333334,235.55555555555557,566.454331664679,224.59244284364914,578.8842100019878,246.518668267462,0.9999973773956299,0.9672989249229431,
2026-07-15T23:44:05.643,38.81599827401806,20260715_234326_front_fusion_ego_2615,egofpsfast_10,fusion_ego_2615,6722386,0,vehicle,0.1506146937608719,-121.63883883406439,-6.212165877545578,1.2893353474324378,163.40979686172815,4.924924373626709,1.979116439819336,2.413323163986206,23.920241442124993,305.79427083333337,226.66666666666669,280.4822354962429,212.05921421448392,331.10630617042386,241.27411911884946,0.24791407585144043,0.004008556716144085,
2026-07-15T23:44:05.643,38.81599827401806,20260715_234326_front_fusion_ego_2615,egofpsfast_10,fusion_ego_2615,6722386,1,vehicle,0.07544507086277008,-121.1518644904381,-5.555308818221922,1.3244345565278657,139.75896274511786,5.676753044128418,2.216897964477539,2.3844618797302246,23.125100735649355,289.11458333333337,225.55555555555557,252.39851857473454,210.1399490568373,325.8306480919322,240.97116205427383,0.006453413981944323,0.003466124879196286,
2026-07-15T23:44:05.780,38.952652247971855,20260715_234326_front_fusion_ego_2615,egofpsfast_10,fusion_ego_2615,6722387,0,person,0.06944526731967926,-114.37453473382766,-1.5878941672838423,1.0406445732277838,122.81602930896689,0.6784212589263916,0.5939734578132629,1.508588194847107,14.474639850961436,439.23177083333337,244.44444444444446,431.65371281405294,232.21389141347674,446.8098288526138,256.67499747541217,0.9996594190597534,0.8242446184158325,
2026-07-15T23:44:05.912,39.085036951932125,20260715_234326_front_fusion_ego_2615,egofpsfast_10,fusion_ego_2615,6722388,0,person,0.22054311633110046,-116.99560387863787,-6.691958996371888,1.0283109216720412,158.64461849342572,0.47036972641944885,0.5180756449699402,1.5514764785766602,18.979440303786873,483.71093750000006,243.33333333333334,478.17216150928294,232.56605943044028,489.24971349071717,254.1006072362264,0.9999936819076538,0.9741275906562805,
2026-07-15T23:44:06.055,39.22824625694193,20260715_234326_front_fusion_ego_2615,egofpsfast_10,fusion_ego_2615,6722389,0,person,0.17455019056797028,-135.42527585572398,8.672116220856601,0.03369425070167509,-94.36678253799622,0.4383178651332855,0.3734112083911896,1.8787928819656372,30.408782668198963,786.1692708333334,244.44444444444446,779.8954535334682,232.3567816283968,792.4430881331986,256.5321072604921,0.9950280785560608,0.9969226717948914,
2026-07-15T23:44:06.055,39.22824625694193,20260715_234326_front_fusion_ego_2615,egofpsfast_10,fusion_ego_2615,6722389,1,person,0.13428208231925964,-115.90848323441219,-8.867504319918295,1.0863472263017044,117.7060663847918,0.40973058342933655,0.5185371041297913,1.3878815174102783,18.982001171104727,449.23958333333337,243.33333333333334,442.5381515560051,232.5473134716352,455.9410151106616,254.1193531950315,0.9998193383216858,0.9480680823326111,
2026-07-15T23:44:06.189,39.3614809649298,20260715_234326_front_fusion_ego_2615,egofpsfast_10,fusion_ego_2615,6722390,0,vehicle,0.07312041521072388,-134.43988156544282,8.493508956520222,0.08601886328873576,-59.0816242245926,1.809556484222412,0.9773616194725037,1.6992592811584473,28.996984841605084,830.6484375,244.44444444444446,817.7554231844842,231.11016866233615,843.5414518155158,257.77872022655276,0.6636831164360046,0.41893571615219116,
2026-07-15T23:44:06.320,39.49319636193104,20260715_234326_front_fusion_ego_2615,egofpsfast_10,fusion_ego_2615,6722391,0,person,0.28334155678749084,-133.65451634722228,2.4769897045203066,0.37677718930232373,-47.169201600424316,0.5695189237594604,0.5014956593513489,1.96529221534729,27.747461130247924,787.28125,244.44444444444446,779.9814704470336,229.6306058433321,794.5810295529664,259.2582830455568,0.9928593635559082,0.7241004109382629,
2026-07-15T23:44:06.320,39.49319636193104,20260715_234326_front_fusion_ego_2615,egofpsfast_10,fusion_ego_2615,6722391,1,vehicle,0.143400177359581,-112.00898793140223,1.2226020063413818,1.781929341552643,-7.114862699900404,5.718563079833984,2.276571750640869,2.6666934490203857,6.922544460289226,234.62760416666669,226.66666666666669,186.78594275067252,178.4996537367503,282.46926558266085,274.83367959658307,0.6875553727149963,0.8170946836471558,
2026-07-15T23:44:06.320,39.49319636193104,20260715_234326_front_fusion_ego_2615,egofpsfast_10,fusion_ego_2615,6722391,2,vehicle,0.11226966232061386,-111.69258760614642,1.6757429384650973,1.1652344357405156,-94.20087273719095,4.207107067108154,1.6718536615371704,2.077422618865967,6.430758972531885,182.36458333333334,261.11111111111114,140.30103725691637,223.84203142589993,224.4281294097503,298.3801907963223,0.6104583740234375,0.9671515226364136,
2026-07-15T23:44:06.457,39.63010431197472,20260715_234326_front_fusion_ego_2615,egofpsfast_10,fusion_ego_2615,6722392,0,person,0.3889539837837219,-123.4803284737015,-0.9451211654787972,0.2588054139307019,81.05454565961105,0.46065661311149597,0.4556368291378021,1.7386009693145752,17.83181864494134,725.0104166666667,252.22222222222223,715.4411821390192,235.15704823864831,734.5796511943142,269.28739620579614,0.9994639754295349,0.9688202738761902,
2026-07-15T23:44:06.457,39.63010431197472,20260715_234326_front_fusion_ego_2615,egofpsfast_10,fusion_ego_2615,6722392,1,person,0.19164898991584778,-116.46904030522931,-21.50813232105504,1.3145074819866736,-121.7238721806199,0.6644877195358276,0.5853057503700256,1.6040122509002686,27.05504375007808,636.0520833333334,243.33333333333334,632.1969810634231,234.04258151849112,639.9071856032436,252.62408514817557,0.999972939491272,0.9981392621994019,
2026-07-15T23:44:06.457,39.63010431197472,20260715_234326_front_fusion_ego_2615,egofpsfast_10,fusion_ego_2615,6722392,2,vehicle,0.06855124980211258,-121.61912437583663,-18.915214619439908,0.978622635512739,125.4341844317046,4.460402488708496,1.7497806549072266,1.327985167503357,27.213395084071127,449.23958333333337,235.55555555555557,434.65862745170796,227.97959718439316,463.8205392149588,243.131513926718,0.015613292343914509,0.9998325109481812,
2026-07-15T23:44:06.581,39.75385733600706,20260715_234326_front_fusion_ego_2615,egofpsfast_10,fusion_ego_2615,6722393,0,person,0.40771472454071045,-120.98015947828858,-5.216229948150172,0.3016918950496432,146.61336261765206,0.6541352868080139,0.5494645833969116,1.5416983366012573,16.530234262227523,670.5234375,252.22222222222223,661.1396052986383,237.30792505873575,679.9072697013617,267.1365193857087,0.9995765089988708,0.8869327306747437,
2026-07-15T23:44:06.581,39.75385733600706,20260715_234326_front_fusion_ego_2615,egofpsfast_10,fusion_ego_2615,6722393,1,vehicle,0.2882368266582489,-117.153339344797,-17.934720659215046,0.666524575943356,110.67723530712179,4.406981468200684,1.6918758153915405,1.44411039352417,23.02464873432112,413.65625,234.44444444444446,395.2128638960421,225.07681873109607,432.09963610395795,243.81207015779285,0.001035183435305953,0.9997372031211853,
2026-07-15T23:44:06.581,39.75385733600706,20260715_234326_front_fusion_ego_2615,egofpsfast_10,fusion_ego_2615,6722393,2,person,0.09577988088130951,-109.57758727976699,-24.669557375219398,1.2905885746239676,-86.05683372440117,0.29057028889656067,0.40735840797424316,1.4821170568466187,27.242220253991917,599.3567708333334,243.33333333333334,596.48764322962,235.12247105439505,602.2258984370468,251.54419561227164,0.9999861717224121,0.9883984923362732,
2026-07-15T23:44:06.581,39.75385733600706,20260715_234326_front_fusion_ego_2615,egofpsfast_10,fusion_ego_2615,6722393,3,vehicle,0.08545763045549393,-116.82947962832195,-25.331338412870835,2.344724716324758,71.06386633523398,8.848539352416992,3.1812949180603027,4.451210975646973,29.637581745301304,519.2942708333334,217.7777777777778,495.1272890058657,195.91542111502756,543.461252660801,239.64013444052804,5.726276413042797e-06,0.9998177886009216,
2026-07-15T23:44:06.722,39.895253486931324,20260715_234326_front_fusion_ego_2615,egofpsfast_10,fusion_ego_2615,6722394,0,person,0.24823930859565735,-108.39244896689708,-25.41969742480412,1.1737809935108032,83.45510785761758,0.3849172294139862,0.38014790415763855,1.6864014863967896,26.676686704315134,563.7734375,235.55555555555557,560.7640854087658,227.32258650991653,566.7827895912342,243.7885246011946,0.9999874830245972,0.9991311430931091,
2026-07-15T23:44:06.722,39.895253486931324,20260715_234326_front_fusion_ego_2615,egofpsfast_10,fusion_ego_2615,6722394,1,vehicle,0.21588951349258423,-113.53620919228351,-17.499352414520157,0.7114440564538747,131.33754628082448,4.379133224487305,1.6770691871643066,1.4265395402908325,20.03195364128353,378.0729166666667,234.44444444444446,358.0712850453953,223.92943766382007,398.07454828793806,244.95945122506885,0.001683999551460147,0.9993863105773926,
2026-07-15T23:44:06.722,39.895253486931324,20260715_234326_front_fusion_ego_2615,egofpsfast_10,fusion_ego_2615,6722394,2,person,0.08013423532247543,-126.54059293100381,-13.61923536822139,0.41457907761735413,-18.496610023271597,1.3585220575332642,0.8554590940475464,1.422655701637268,25.068097508432697,634.9401041666667,243.33333333333334,626.5291808291029,232.20118780930838,643.3510275042306,254.4654788573583,0.9036440253257751,0.630852460861206,
2026-07-15T23:44:06.864,40.0371231099125,20260715_234326_front_fusion_ego_2615,egofpsfast_10,fusion_ego_2615,6722395,0,person,0.4245600998401642,-124.24785391821149,-13.413480814453706,0.7627726626229254,-29.509115173885398,0.2883223593235016,0.44518083333969116,1.5576821565628052,22.344534034079654,627.15625,235.55555555555557,619.801752788946,220.83078864547943,634.510747211054,250.2803224656317,0.9878118634223938,0.5138965249061584,
2026-07-15T23:44:06.864,40.0371231099125,20260715_234326_front_fusion_ego_2615,egofpsfast_10,fusion_ego_2615,6722395,1,vehicle,0.3430234491825104,-112.0171080367884,-18.098500296195112,0.8021006552407632,161.86175971437473,4.632248401641846,1.789249300956726,1.5334625244140625,18.912787076744827,360.28125,234.44444444444446,335.3600462153554,222.98389818933276,385.2024537846446,245.90499069955615,0.0018191308481618762,0.9999524354934692,
2026-07-15T23:44:06.864,40.0371231099125,20260715_234326_front_fusion_ego_2615,egofpsfast_10,fusion_ego_2615,6722395,2,person,0.1367383450269699,-104.42832928642606,-25.034565453573038,0.717725657690405,118.91507573938105,0.4037671387195587,0.3793086111545563,1.4462450742721558,25.047983576920977,547.09375,234.44444444444446,543.7702346658334,225.3991058137682,550.4172653341666,243.48978307512073,0.999957799911499,0.9789875745773315,
2026-07-15T23:44:06.864,40.0371231099125,20260715_234326_front_fusion_ego_2615,egofpsfast_10,fusion_ego_2615,6722395,3,vehicle,0.12785561382770538,-111.24616259233005,-30.899508280383998,2.258006132393474,-23.356268815695362,7.893911361694336,2.7768142223358154,3.9433233737945557,31.222580098924006,465.91927083333337,217.7777777777778,451.23165222381556,199.62514864073862,480.6068894428512,235.93040691481698,0.023757420480251312,0.9999356269836426,
2026-07-15T23:44:06.864,40.0371231099125,20260715_234326_front_fusion_ego_2615,egofpsfast_10,fusion_ego_2615,6722395,4,person,0.0969940572977066,-122.53747076875717,-27.374071602749694,1.2186376631287352,-22.255136287951416,1.3460408449172974,0.7459695935249329,1.9114675521850586,31.746110608155398,564.8854166666667,226.66666666666669,561.1132991729926,216.91510419050854,568.6575341603409,236.41822914282483,0.9779096841812134,0.9942255616188049,
2026-07-15T23:44:07.007,40.179713352932595,20260715_234326_front_fusion_ego_2615,egofpsfast_10,fusion_ego_2615,6722396,0,vehicle,0.3652934730052948,-111.13948720015937,-16.82550202706915,0.7157626856080244,163.9823829214841,4.6396002769470215,1.8027369976043701,1.5542347431182861,16.186854936361314,342.48958333333337,234.44444444444446,312.52104403575265,220.91934111383227,372.4581226309141,247.96954777505664,0.001129275537095964,0.9999939203262329,
2026-07-15T23:44:07.007,40.179713352932595,20260715_234326_front_fusion_ego_2615,egofpsfast_10,fusion_ego_2615,6722396,1,person,0.26266878843307495,-113.65666019376285,-27.10149625538623,0.9595053695822511,2.748707796208362,0.43320432305336,0.4391624331474304,1.6828995943069458,26.742047898235256,545.9817708333334,226.66666666666669,542.9439659098474,218.57936034599942,549.0195757568193,234.75397298733395,0.9933992624282837,0.99822598695755,
2026-07-15T23:44:07.007,40.179713352932595,20260715_234326_front_fusion_ego_2615,egofpsfast_10,fusion_ego_2615,6722396,2,person,0.23338225483894348,-117.17883044040106,-9.311399680321058,0.8455053123416274,168.98793384830535,0.407291978597641,0.42761772871017456,1.7263524532318115,13.404209844366738,636.0520833333334,235.55555555555557,624.9730758623531,211.26944217416977,647.1310908043137,259.84166893694135,0.9952893257141113,0.9648191928863525,
2026-07-15T23:44:07.007,40.179713352932595,20260715_234326_front_fusion_ego_2615,egofpsfast_10,fusion_ego_2615,6722396,3,vehicle,0.143297016620636,-111.13403227799635,-33.16693871664572,1.6792121611233806,48.48731872380208,7.149491786956787,2.5412838459014893,3.3711674213409424,32.14917559842739,457.02343750000006,217.7777777777778,438.6582756079734,203.43982027636636,475.3885993920267,232.11573527918924,4.551395613816567e-05,0.9971519708633423,
2026-07-15T23:44:07.007,40.179713352932595,20260715_234326_front_fusion_ego_2615,egofpsfast_10,fusion_ego_2615,6722396,4,person,0.10696296393871307,-96.76671443084793,-14.701471901857547,1.1614076902908517,136.32507000646558,0.5464720129966736,0.493093341588974,1.6259328126907349,16.454892645782763,164.57291666666669,226.66666666666669,155.46726828503114,211.87990764776868,173.67856504830223,241.4534256855647,0.99774569272995,0.9678089618682861,
2026-07-15T23:44:07.139,40.31125988892745,20260715_234326_front_fusion_ego_2615,egofpsfast_10,fusion_ego_2615,6722397,0,vehicle,0.21187783777713776,-110.45641785139301,-16.57758761486771,0.5382988309630661,132.0085466363079,4.598775386810303,1.7849757671356201,1.5045831203460693,14.487393431030206,332.48177083333337,234.44444444444446,301.99944849809015,221.05458792712955,362.9640931685766,247.83430096175937,0.0003176304744556546,0.9999397993087769,
2026-07-15T23:44:07.139,40.31125988892745,20260715_234326_front_fusion_ego_2615,egofpsfast_10,fusion_ego_2615,6722397,1,person,0.174880251288414,-109.94433542888007,-29.173505187654552,0.6519208114706294,12.299120734487618,0.4425266981124878,0.46099597215652466,1.63508141040802,26.734653440125474,547.09375,225.55555555555557,543.8399098650552,216.73270616266464,550.3475901349448,234.3784049484465,0.9998866319656372,0.9903414249420166,
2026-07-15T23:44:07.275,40.44767660496291,20260715_234326_front_fusion_ego_2615,egofpsfast_10,fusion_ego_2615,6722398,0,vehicle,0.24963052570819855,-111.12430046698161,-16.38482663011034,0.5316246805739864,138.37281124944877,4.7293596267700195,1.9270389080047607,1.5802745819091797,13.246487638913056,315.80208333333337,234.44444444444446,279.9520237197479,218.22936263349322,351.65214294691884,250.6595262553957,0.0027159007731825113,0.9991052746772766,
2026-07-15T23:44:07.275,40.44767660496291,20260715_234326_front_fusion_ego_2615,egofpsfast_10,fusion_ego_2615,6722398,1,person,0.12323092669248581,-107.90068336865592,-29.29084986183168,0.6646326339724258,60.82870595521595,0.4260086715221405,0.41294947266578674,1.8033329248428345,25.3590485581188,554.8776041666667,225.55555555555557,551.82937181384,217.2836435172293,557.9258365194935,233.82746759388183,0.9999916553497314,0.9349526166915894,
2026-07-15T23:44:07.275,40.44767660496291,20260715_234326_front_fusion_ego_2615,egofpsfast_10,fusion_ego_2615,6722398,2,vehicle,0.06783586740493774,-111.24091892467666,-21.3255354525094,0.5348169345860572,-154.98971497545685,4.565223693847656,1.804211974143982,1.7802003622055054,17.98707056827193,332.48177083333337,226.66666666666669,303.91402330746257,213.5063786307971,361.04951835920417,239.82695470253628,0.9322645664215088,0.999901294708252,
2026-07-15T23:44:07.405,40.57808429992292,20260715_234326_front_fusion_ego_2615,egofpsfast_10,fusion_ego_2615,6722399,0,person,0.4391360282897949,-106.56918305364823,-29.451580787910878,0.8069232461381746,68.18834723378733,0.27438363432884216,0.38326582312583923,1.7749665975570679,24.18080219322859,554.8776041666667,225.55555555555557,551.6886345247428,216.24133351776337,558.0665738085906,234.86977759334778,0.9999920129776001,0.9965188503265381,
2026-07-15T23:44:07.405,40.57808429992292,20260715_234326_front_fusion_ego_2615,egofpsfast_10,fusion_ego_2615,6722399,1,vehicle,0.26202791929244995,-110.5763803963129,-16.223585329824292,0.6267576882232584,-120.3400807952071,4.3780694007873535,1.8057403564453125,1.4671696424484253,11.656966490571188,296.8984375,234.44444444444446,258.6077334806323,217.3870470788744,335.1891415193677,251.50184181001453,0.022107060998678207,0.9999735355377197,
2026-07-15T23:44:07.405,40.57808429992292,20260715_234326_front_fusion_ego_2615,egofpsfast_10,fusion_ego_2615,6722399,2,vehicle,0.14720124006271362,-112.24455301715602,-34.435551145489114,1.342728981946022,-3.3094751347165077,5.91834831237793,2.308727741241455,3.0417604446411133,29.688486485194087,430.33593750000006,216.66666666666669,410.0514318831265,201.41510764757794,450.62044311687356,231.91822568575543,0.0023876111954450607,0.9969518184661865,
2026-07-15T23:44:07.539,40.71163193101529,20260715_234326_front_fusion_ego_2615,egofpsfast_10,fusion_ego_2615,6722400,0,vehicle,0.24514588713645935,-112.4363447624795,-34.48047541134863,1.7539387097849994,-2.902204555835214,7.052978515625,2.6454341411590576,3.549344301223755,28.48221570131317,421.4401041666667,216.66666666666669,399.77357861648005,198.68520716826123,443.1066297168533,234.64812616507214,0.017172636464238167,0.9985974431037903,
2026-07-15T23:44:07.539,40.71163193101529,20260715_234326_front_fusion_ego_2615,egofpsfast_10,fusion_ego_2615,6722400,1,person,0.14115487039089203,-110.898774984362,-27.805110319009877,0.8808418634241568,37.02856754616893,0.4633970260620117,0.4472661018371582,1.766011357307434,21.640329117294616,563.7734375,225.55555555555557,559.4888616232201,214.90487191412186,568.0580133767799,236.2062391969893,0.9999402761459351,0.9876410365104675,
2026-07-15T23:44:07.539,40.71163193101529,20260715_234326_front_fusion_ego_2615,egofpsfast_10,fusion_ego_2615,6722400,2,vehicle,0.13819831609725952,-112.2900691296362,-17.344195365283667,0.5336532688436666,-60.752524572521004,4.30095911026001,1.7761595249176025,1.5323948860168457,12.15922849122253,271.3229166666667,235.55555555555557,231.23196773479384,219.34850427839493,311.41386559853953,251.76260683271622,0.5374953150749207,0.9999464750289917,
2026-07-15T23:44:07.670,40.84294673695695,20260715_234326_front_fusion_ego_2615,egofpsfast_10,fusion_ego_2615,6722401,0,vehicle,0.32943597435951233,-112.11562907525209,-15.878259750869374,0.7628785338198418,-9.019827378904889,4.841665744781494,1.9240751266479492,1.6249839067459106,9.650270394649018,234.62760416666669,244.44444444444446,190.73834290603799,220.97046640184192,278.5168654272954,267.918422487047,0.3660607635974884,0.9999936819076538,
2026-07-15T23:44:07.670,40.84294673695695,20260715_234326_front_fusion_ego_2615,egofpsfast_10,fusion_ego_2615,6722401,1,vehicle,0.305914044380188,-112.2366638709744,-36.079921253060874,1.712696727154338,-62.86155827271866,7.257222652435303,2.66719651222229,3.6290407180786133,28.72226200395718,412.54427083333337,216.66666666666669,389.65660387029254,199.56091801325482,435.4319377963742,233.77241532007855,0.00019351867376826704,0.9997977614402771,
2026-07-15T23:44:07.670,40.84294673695695,20260715_234326_front_fusion_ego_2615,egofpsfast_10,fusion_ego_2615,6722401,2,vehicle,0.20131824910640717,-110.5669988263878,-20.73044645058304,0.7374077454357706,-97.16910852439916,4.092971324920654,1.6723780632019043,1.6727172136306763,13.416905927559784,279.10677083333337,235.55555555555557,243.42385550340018,219.24369249078964,314.78968616326654,251.8674186203215,0.6560124158859253,0.999969482421875,
2026-07-15T23:44:07.670,40.84294673695695,20260715_234326_front_fusion_ego_2615,egofpsfast_10,fusion_ego_2615,6722401,3,person,0.19593407213687897,-110.38484575346341,-25.846315619561164,0.8827591388021898,-69.75280504736169,0.6334648728370667,0.5530696511268616,1.7285411357879639,18.331344279381394,563.7734375,226.66666666666669,559.1080828905106,214.8591936628024,568.4387921094894,238.47413967053097,0.9981301426887512,0.994788646697998,
2026-07-15T23:44:07.807,40.979844335932285,20260715_234326_front_fusion_ego_2615,egofpsfast_10,fusion_ego_2615,6722402,0,vehicle,0.42588987946510315,-113.75534671250223,-34.23028317091621,1.9068587807041422,-72.7158752216127,7.400312423706055,2.7061562538146973,3.677002429962158,25.9930873271862,404.7604166666667,216.66666666666669,380.56723443667096,196.61623517672223,428.9535988966624,236.71709815661114,0.001006872858852148,0.9999221563339233,
2026-07-15T23:44:07.807,40.979844335932285,20260715_234326_front_fusion_ego_2615,egofpsfast_10,fusion_ego_2615,6722402,1,person,0.2774018943309784,-109.9148365138166,-32.619814833722714,0.9592158971508984,52.36361587987614,0.1545068472623825,0.3577795624732971,1.6350445747375488,23.639425004976996,555.9895833333334,226.66666666666669,552.3759952954327,216.94260845581692,559.603171371234,236.39072487751645,0.9942599534988403,0.9914963245391846,
2026-07-15T23:44:07.807,40.979844335932285,20260715_234326_front_fusion_ego_2615,egofpsfast_10,fusion_ego_2615,6722402,2,person,0.10822447389364243,-110.10263592980716,-28.090147044861695,0.9712933036814451,-112.09769497987948,0.6719173192977905,0.6058830618858337,1.712634563446045,19.191651824836942,565.9973958333334,226.66666666666669,560.2490277572846,213.46039126316708,571.7457639093822,239.8729420701663,0.998058021068573,0.9876109957695007,
2026-07-15T23:44:07.807,40.979844335932285,20260715_234326_front_fusion_ego_2615,egofpsfast_10,fusion_ego_2615,6722402,3,vehicle,0.09267556667327881,-109.24921447998474,-15.544300584854978,0.9804834613815145,-59.98560466807623,3.9366095066070557,1.6194937229156494,1.658917784690857,6.829115799128424,182.36458333333334,253.33333333333334,136.94303994377455,228.56013437112173,227.78612672289213,278.106532295545,0.04560600221157074,0.9998084902763367,
2026-07-15T23:44:07.935,41.10792358091567,20260715_234326_front_fusion_ego_2615,egofpsfast_10,fusion_ego_2615,6722403,0,person,0.27398326992988586,-111.96857543393037,-24.073337462772216,0.7531260482909534,20.69555784512597,0.6405101418495178,0.5208633542060852,1.4986776113510132,14.536595868722772,563.7734375,234.44444444444446,558.0954033713788,221.5540635254648,569.4514716286212,247.3348253634241,0.9895884990692139,0.9563550353050232,
2026-07-15T23:44:07.935,41.10792358091567,20260715_234326_front_fusion_ego_2615,egofpsfast_10,fusion_ego_2615,6722403,1,vehicle,0.2673512399196625,-114.30303401271132,-34.997871566840836,2.0355174496168127,-98.14211595855186,7.799313068389893,2.7954466342926025,3.810206890106201,25.623118110014786,395.86458333333337,216.66666666666669,369.34758876388275,195.32923261324567,422.381577902784,238.0041007200877,0.00011710455873981118,0.9999047517776489,
2026-07-15T23:44:08.065,41.23743115190882,20260715_234326_front_fusion_ego_2615,egofpsfast_10,fusion_ego_2615,6722404,0,vehicle,0.5113327503204346,-113.51903255318095,-35.87724482174002,1.9471259006768666,-130.35933480983272,7.784420490264893,2.8320515155792236,3.641475200653076,24.980591670895528,378.0729166666667,216.66666666666669,346.9447960058848,195.66678146521252,409.20103732744855,237.66655186812085,0.005258028395473957,0.9999817609786987,
2026-07-15T23:44:08.065,41.23743115190882,20260715_234326_front_fusion_ego_2615,egofpsfast_10,fusion_ego_2615,6722404,1,person,0.48274824023246765,-114.64044177863346,-39.094117491123626,1.0535488645580866,32.38276041967903,0.6527285575866699,0.45789146423339844,1.7260184288024902,28.379670386467268,555.9895833333334,226.66666666666669,553.1150439729294,218.9766652385394,558.8641226937374,234.35666809479397,0.9999994039535522,0.9980973601341248,
2026-07-15T23:44:08.201,41.37388938199729,20260715_234326_front_fusion_ego_2615,egofpsfast_10,fusion_ego_2615,6722405,0,vehicle,0.5133522748947144,-113.34109762568922,-35.704253755755815,1.923294059544664,148.36132160375826,7.967308044433594,2.8857929706573486,3.665207862854004,23.49837151018134,368.0651041666667,216.66666666666669,335.3107642407219,192.73498753706616,400.8194440926115,240.5983457962672,5.9509176935534924e-05,0.9999759197235107,
2026-07-15T23:44:08.201,41.37388938199729,20260715_234326_front_fusion_ego_2615,egofpsfast_10,fusion_ego_2615,6722405,1,vehicle,0.3157719075679779,-112.93158331177237,-15.962899507870809,0.9784726327640842,58.427732067333,3.7311532497406006,1.6234439611434937,1.7658683061599731,6.735241140326613,120.09375000000001,261.11111111111114,61.97069813311101,212.21687263912625,178.216801866889,310.005349583096,0.9851607084274292,0.9991852641105652,
2026-07-15T23:44:08.339,41.511704834993,20260715_234326_front_fusion_ego_2615,egofpsfast_10,fusion_ego_2615,6722406,0,vehicle,0.31273895502090454,-113.30192688567841,-35.11522289945259,1.8224314636409582,95.68036724384935,7.6017255783081055,2.7798867225646973,3.287357807159424,21.662466720127814,351.3854166666667,216.66666666666669,312.4880773300926,194.28720871607464,390.28275600324076,239.04612461725873,0.0004057607729919255,0.9994586110115051,
2026-07-15T23:44:08.339,41.511704834993,20260715_234326_front_fusion_ego_2615,egofpsfast_10,fusion_ego_2615,6722406,1,vehicle,0.09838775545358658,-112.37801183881292,-16.00416242690796,1.0431870945997184,-154.95697397701142,3.885972261428833,1.4393880367279053,1.8028746843338013,5.763196869647056,38.919270833333336,305.55555555555554,-1.2264331380526226,248.51907822820877,79.0649748047193,362.5920328829024,0.3864082992076874,0.9723391532897949,
2026-07-15T23:44:08.474,41.64641369599849,20260715_234326_front_fusion_ego_2615,egofpsfast_10,fusion_ego_2615,6722407,0,vehicle,0.13004611432552338,-113.85568751173233,-34.224147275903555,1.855868099132865,109.68363642961255,7.142947673797607,2.565312623977661,3.3219361305236816,19.763481820425962,324.6979166666667,216.66666666666669,288.8714439372222,190.69441656271619,360.5243893961112,242.6389167706172,0.004822690971195698,0.9871314764022827,
2026-07-15T23:44:08.474,41.64641369599849,20260715_234326_front_fusion_ego_2615,egofpsfast_10,fusion_ego_2615,6722407,1,person,0.12218212336301804,-112.90067550021392,-34.07244574844761,0.948062407571036,-60.38096867431596,0.22117535769939423,0.37296271324157715,1.560230016708374,19.305547331260442,217.94791666666669,226.66666666666669,212.5414872268836,212.7241964141528,223.35434610644978,240.60913691918057,0.999954104423523,0.9985485672950745,
2026-07-15T23:44:08.603,41.77525697497185,20260715_234326_front_fusion_ego_2615,egofpsfast_10,fusion_ego_2615,6722408,0,person,0.2024051696062088,-115.33174070399379,-42.740599438530545,1.347153041608372,-108.91613325777473,0.25319159030914307,0.467007577419281,1.7501933574676514,27.05151252915541,581.5651041666667,226.66666666666669,577.6629124355193,216.99850122133893,585.4672958978142,236.33483211199444,0.9998824596405029,0.9973358511924744,
2026-07-15T23:44:08.603,41.77525697497185,20260715_234326_front_fusion_ego_2615,egofpsfast_10,fusion_ego_2615,6722408,1,vehicle,0.08593087643384933,-112.31177851245413,-29.488274489851563,1.8682783472464881,-78.73993894423485,7.205730438232422,2.5401313304901123,3.3443703651428223,13.587600706681245,305.79427083333337,216.66666666666669,258.2036153500279,180.8428219954173,353.3849263166388,252.49051133791608,0.004884369671344757,0.9996558427810669,
2026-07-15T23:44:08.603,41.77525697497185,20260715_234326_front_fusion_ego_2615,egofpsfast_10,fusion_ego_2615,6722408,2,person,0.0846986323595047,-130.02117765776535,-36.361484635483905,1.5867069198989157,65.1951543311902,1.800682783126831,0.8884291648864746,2.174093246459961,30.169862542771288,671.6354166666667,226.66666666666669,662.9917764576774,212.45218376318616,680.2790568756561,240.88114957014722,0.9997451901435852,0.6264658570289612,
2026-07-15T23:44:08.603,41.77525697497185,20260715_234326_front_fusion_ego_2615,egofpsfast_10,fusion_ego_2615,6722408,3,person,0.05183165892958641,-110.28486303353851,-33.43005759805187,1.1891673267338696,-81.23032742830272,0.5212921500205994,0.47237154841423035,1.7603055238723755,16.7339477199193,146.78125,226.66666666666669,140.1958887418732,212.61967430512112,153.3666112581268,240.71365902821225,0.9999948740005493,0.9998592138290405,
2026-07-15T23:44:08.730,41.903181788977236,20260715_234326_front_fusion_ego_2615,egofpsfast_10,fusion_ego_2615,6722409,0,vehicle,0.1259966492652893,-110.69985596778842,-28.744569385823873,1.7699430618601304,-15.279900021483146,6.26248025894165,2.3633506298065186,3.071143865585327,11.07996347696458,261.3151041666667,207.7777777777778,211.6751257653038,167.73020492659674,310.9550825680296,247.82535062895883,0.05196104198694229,0.9755374193191528,
2026-07-15T23:44:08.876,42.048282175906934,20260715_234326_front_fusion_ego_2615,egofpsfast_10,fusion_ego_2615,6722410,0,vehicle,0.06473928689956665,-110.46046734157353,-25.188169481134572,1.5535121505432192,-27.841307376210626,6.485057830810547,2.14095401763916,3.0179498195648193,6.616600821050148,216.83593750000003,200.0,95.1973388493061,114.84262466430664,338.4745361506939,285.15737533569336,0.22742420434951782,0.8033781051635742,
2026-07-15T23:44:09.003,42.17557137901895,20260715_234326_front_fusion_ego_2615,egofpsfast_10,fusion_ego_2615,6722411,0,vehicle,0.9396191835403442,-111.73137253332155,-26.19252215628375,1.3041261071909362,-29.473458077289216,7.839069366455078,2.484215259552002,3.174281120300293,7.215670705723823,199.04427083333334,190.0,-60.04658655325572,-137.51511573791504,458.1351282199224,517.515115737915,0.21640264987945557,0.9999843835830688,
2026-07-15T23:44:09.003,42.17557137901895,20260715_234326_front_fusion_ego_2615,egofpsfast_10,fusion_ego_2615,6722411,1,vehicle,0.41521868109703064,-113.570063008141,-26.450590641252195,1.149390463838842,-50.01367649976983,7.473416328430176,2.3470916748046875,3.0363290309906006,8.756656494947489,189.03645833333334,190.0,-76.0908852616946,-102.37706184387207,454.1638019283613,482.37706184387207,0.48248106241226196,0.9995825886726379,
2026-07-15T23:44:09.130,42.30274544493295,20260715_234326_front_fusion_ego_2615,egofpsfast_10,fusion_ego_2615,6722412,0,vehicle,0.16406258940696716,-104.02077757151855,-24.497107166362,1.4333937335556688,44.68889571159051,5.341891765594482,1.9823567867279053,2.444993495941162,3.4195841848568995,74.50260416666667,252.22222222222223,-5.512219404180845,127.90483845604791,154.5174277375142,376.53960598839654,0.10089652985334396,0.9916515946388245,
2026-07-15T23:44:09.249,42.4218459429685,20260715_234326_front_fusion_ego_2615,egofpsfast_10,fusion_ego_2615,6722413,0,person,0.2860109508037567,-115.7779184632617,-44.192297148468384,0.8685722625611714,-51.793397567098474,0.5766674876213074,0.5294253826141357,1.6102467775344849,22.54042432402677,618.2604166666667,226.66666666666669,613.5301134210702,216.27283136049908,622.9907199122633,237.0605019728343,0.9938713312149048,0.995293915271759,
2026-07-15T23:44:09.249,42.4218459429685,20260715_234326_front_fusion_ego_2615,egofpsfast_10,fusion_ego_2615,6722413,1,person,0.19923393428325653,-107.6641279088437,-55.85563441803828,0.5510062035348575,46.251747167460074,0.6866627335548401,0.5277421474456787,1.7145652770996094,32.25557061769916,421.4401041666667,225.55555555555557,418.53101064932224,218.66178933117126,424.34919768401113,232.44932177993988,0.9999809265136719,0.9972092509269714,
2026-07-15T23:44:09.249,42.4218459429685,20260715_234326_front_fusion_ego_2615,egofpsfast_10,fusion_ego_2615,6722413,2,vehicle,0.07673277705907822,-107.24951952274264,-26.597264154746885,1.652651685576643,-22.305883407258303,5.910251617431641,2.204761028289795,2.7415852546691895,3.0475778555805366,235.73958333333334,190.0,163.88436459501585,134.09947752952576,307.59480207165086,245.90052247047424,0.006660407409071922,0.6079076528549194,
2026-07-15T23:44:09.380,42.5526600839803,20260715_234326_front_fusion_ego_2615,egofpsfast_10,fusion_ego_2615,6722414,0,person,0.13973097503185272,-115.51756861031387,-44.752171302049845,0.7855304602357607,-77.15163436703979,0.3593791127204895,0.48255208134651184,1.678465485572815,21.786211162371867,617.1484375,226.66666666666669,612.4338149670511,214.6784959236781,621.8630600329489,238.65483740965527,0.9996753931045532,0.9987919926643372,
2026-07-15T23:44:09.380,42.5526600839803,20260715_234326_front_fusion_ego_2615,egofpsfast_10,fusion_ego_2615,6722414,1,vehicle,0.0994897112250328,-111.10772474481192,-62.91167404599756,1.3191124017065712,-165.23779308025257,6.692811489105225,2.466078042984009,3.0710196495056152,38.24565727849784,537.0859375,217.7777777777778,511.9181928746403,207.25293354855646,562.2536821253598,228.30262200699914,0.02086563967168331,0.99858558177948,
2026-07-15T23:44:09.509,42.681460089981556,20260715_234326_front_fusion_ego_2615,egofpsfast_10,fusion_ego_2615,6722415,0,person,0.4309336543083191,-116.55192634426693,-45.434072476854,0.7473910174845244,-102.28188522802158,0.4376133382320404,0.4564134180545807,1.7794535160064697,21.74583813202209,626.0442708333334,226.66666666666669,620.8631384496888,214.04712359110516,631.225403216978,239.2862097422282,0.9980588555335999,0.9935922026634216,
2026-07-15T23:44:09.509,42.681460089981556,20260715_234326_front_fusion_ego_2615,egofpsfast_10,fusion_ego_2615,6722415,1,vehicle,0.1649140864610672,-104.9000497732223,-59.577837292011154,0.6337879668704129,-140.80190811415102,4.959489822387695,1.8375695943832397,1.7277727127075195,33.36275733546624,520.40625,225.55555555555557,491.67778779566294,219.7571923169825,549.1347122043371,231.35391879412865,1.5173695828707423e-05,0.9999436140060425,
2026-07-15T23:44:09.509,42.681460089981556,20260715_234326_front_fusion_ego_2615,egofpsfast_10,fusion_ego_2615,6722415,2,vehicle,0.07673662155866623,-108.89098604371897,-24.86435489443802,1.618976623069766,-39.453244171343,7.020081996917725,2.6395130157470703,3.2194950580596924,2.922480842473054,111.19791666666667,200.0,54.986255029837295,62.87487506866455,167.40957830349606,337.12512493133545,0.058423880487680435,0.12715446949005127,
2026-07-15T23:44:09.651,42.82340417790692,20260715_234326_front_fusion_ego_2615,egofpsfast_10,fusion_ego_2615,6722416,0,person,0.6970131993293762,-116.69953330139245,-47.20711295441641,0.9965881876678395,-57.25072553960445,0.2654121518135071,0.4070636034011841,1.8283705711364746,22.300358655789122,627.15625,226.66666666666669,622.7027768893167,213.96529922882718,631.6097231106833,239.3680341045062,0.9995195865631104,0.9984183311462402,
2026-07-15T23:44:09.651,42.82340417790692,20260715_234326_front_fusion_ego_2615,egofpsfast_10,fusion_ego_2615,6722416,1,person,0.5747141242027283,-96.23550931308229,-38.86880398194656,0.7173719307316526,-149.73207040696352,0.3631885349750519,0.34929847717285156,1.8111894130706787,15.06740357533832,164.57291666666669,226.66666666666669,156.9388413882504,208.12809983889264,172.20699194508296,245.20523349444073,0.9999462366104126,0.9959608912467957,
2026-07-15T23:44:09.651,42.82340417790692,20260715_234326_front_fusion_ego_2615,egofpsfast_10,fusion_ego_2615,6722416,2,vehicle,0.230459526181221,-102.90209496622286,-59.59976271865627,0.8128892350812398,-127.46568994674978,5.032497406005859,1.8663045167922974,2.0178823471069336,32.213569381654,511.5104166666667,225.55555555555557,487.8240979338686,218.0656849179003,535.1967353994648,233.04542619321083,0.0008388502174057066,0.9999366998672485,
2026-07-15T23:44:09.783,42.955806337995455,20260715_234326_front_fusion_ego_2615,egofpsfast_10,fusion_ego_2615,6722417,0,person,0.5045674443244934,-116.61052207611455,-47.874387372362236,0.9158699027697281,-80.90309917366382,0.2722916007041931,0.4042229652404785,1.8583570718765259,21.804981373910547,636.0520833333334,226.66666666666669,630.9727938597401,213.0418924490611,641.1313728069266,240.29144088427228,0.9998499155044556,0.9966349005699158,
2026-07-15T23:44:09.783,42.955806337995455,20260715_234326_front_fusion_ego_2615,egofpsfast_10,fusion_ego_2615,6722417,1,person,0.2222146838903427,-107.58360860787907,-61.965382160683625,0.6432253095655707,48.13609538878367,0.29072892665863037,0.439187228679657,1.7042208909988403,33.16004809893914,421.4401041666667,225.55555555555557,419.13416810209554,218.07267967197632,423.7460402312378,233.03843143913483,0.9999986886978149,0.995110809803009,
2026-07-15T23:44:09.783,42.955806337995455,20260715_234326_front_fusion_ego_2615,egofpsfast_10,fusion_ego_2615,6722417,2,vehicle,0.13598071038722992,-106.25054703195121,-60.061863034727985,0.9523663246581373,-85.63021205331923,5.346190452575684,1.9557480812072754,2.2107818126678467,31.21232402322124,502.61458333333337,225.55555555555557,478.4697631237408,217.48557719919418,526.759403542926,233.62553391191696,0.000311900774249807,0.9999514818191528,
2026-07-15T23:44:09.916,43.089160805917345,20260715_234326_front_fusion_ego_2615,egofpsfast_10,fusion_ego_2615,6722418,0,person,0.329281210899353,-98.45290087638594,-42.41550365172935,1.1026890438607868,116.89775068558257,0.24054346978664398,0.3611268997192383,1.8062993288040161,14.258834843156944,92.29427083333334,217.7777777777778,84.37986190554997,202.57460759745706,100.20867976111671,232.98094795809854,0.9989120960235596,0.7094100713729858,
2026-07-15T23:44:09.916,43.089160805917345,20260715_234326_front_fusion_ego_2615,egofpsfast_10,fusion_ego_2615,6722418,1,person,0.32897961139678955,-113.15030975602522,-43.83583092642835,0.6041635574307662,146.41123084210457,0.4672343134880066,0.428815633058548,1.7349345684051514,15.617851088306832,634.9401041666667,234.44444444444446,627.8308903488021,217.6888867881563,642.0493179845314,251.2000021007326,0.998388409614563,0.982642650604248,
2026-07-15T23:44:10.055,43.22725858492777,20260715_234326_front_fusion_ego_2615,egofpsfast_10,fusion_ego_2615,6722419,0,person,0.3859027028083801,-106.61172491617056,-62.10681712239353,0.9405061038932376,-73.21438202612957,0.35786932706832886,0.41989561915397644,1.6769022941589355,30.719998811807187,404.7604166666667,226.66666666666669,402.0264429987098,218.59431634346646,407.4943903346236,234.7390169898669,0.9999899864196777,0.9997808337211609,
2026-07-15T23:44:10.055,43.22725858492777,20260715_234326_front_fusion_ego_2615,egofpsfast_10,fusion_ego_2615,6722419,1,person,0.255696177482605,-114.42798626206589,-46.27553840696581,0.8501612392516009,-159.587611637192,0.3951095938682556,0.4248664975166321,1.7479122877120972,17.39552763926341,643.8359375,234.44444444444446,636.7592192757875,217.5230458047655,650.9126557242125,251.3658430841234,0.9997259974479675,0.9748561382293701,
2026-07-15T23:44:10.055,43.22725858492777,20260715_234326_front_fusion_ego_2615,egofpsfast_10,fusion_ego_2615,6722419,2,person,0.13624589145183563,-119.0377777337169,-43.433678139497594,0.7262323567374225,-30.932964243714594,0.686572253704071,0.54241943359375,1.4619985818862915,18.188211176183597,38.919270833333336,217.7777777777778,24.84071017553409,200.70365415679086,52.99783149113258,234.85190139876474,0.9756165742874146,0.9933263063430786,
2026-07-15T23:44:10.191,43.36424479994457,20260715_234326_front_fusion_ego_2615,egofpsfast_10,fusion_ego_2615,6722420,0,vehicle,0.2333386391401291,-105.27521815324337,-63.99906948555945,1.344420040141888,-94.16313845544545,5.601093769073486,2.093594551086426,2.459789752960205,31.312661677437628,458.1354166666667,225.55555555555557,434.9710508013765,215.35640839073395,481.29978253195685,235.7547027203772,0.0037067881785333157,0.9993919134140015,
2026-07-15T23:44:10.191,43.36424479994457,20260715_234326_front_fusion_ego_2615,egofpsfast_10,fusion_ego_2615,6722420,1,person,0.17006583511829376,-114.07937163453843,-48.88426605330022,0.8447589436314864,-134.90583197878104,0.5099921226501465,0.463444322347641,1.7213350534439087,18.538463393213256,653.84375,234.44444444444446,646.594251645729,218.27166822221545,661.093248354271,250.61722066667346,0.9972195625305176,0.9603537321090698,
2026-07-15T23:44:10.191,43.36424479994457,20260715_234326_front_fusion_ego_2615,egofpsfast_10,fusion_ego_2615,6722420,2,person,0.07076189666986465,-107.0454916752006,-63.61868857877454,1.1719126704674618,-23.51814892467225,0.6031229496002197,0.5476616024971008,1.7249422073364258,30.995073781653325,395.86458333333337,226.66666666666669,392.9461408805413,218.39198301235837,398.78302578612545,234.941350320975,0.9996860027313232,0.9988530874252319,
2026-07-15T23:44:10.320,43.49275965592824,20260715_234326_front_fusion_ego_2615,egofpsfast_10,fusion_ego_2615,6722421,0,vehicle,0.17305907607078552,-104.6121745595084,-64.27664955979719,1.352909103553582,-76.665782193031,5.382752895355225,2.029327630996704,2.4035873413085938,30.323518949057434,449.23958333333337,225.55555555555557,425.6669009526571,214.1211724612448,472.81226571400964,236.98993864986633,0.004780733957886696,0.9997348189353943,
2026-07-15T23:44:10.445,43.61784341291059,20260715_234326_front_fusion_ego_2615,egofpsfast_10,fusion_ego_2615,6722422,0,vehicle,0.2327822893857956,-106.77170605539204,-63.713687322571474,1.2574751751311073,-90.50704668922764,5.477945327758789,2.021195411682129,2.467132091522217,28.61133986409335,439.23177083333337,225.55555555555557,415.46209947516525,212.55922738048767,463.0014421915015,238.55188373062347,0.003927350044250488,0.9995710253715515,
2026-07-15T23:44:10.445,43.61784341291059,20260715_234326_front_fusion_ego_2615,egofpsfast_10,fusion_ego_2615,6722422,1,person,0.1611001342535019,-100.5190919346525,-55.468549963428046,0.8556400642353619,-114.47079905548719,0.5590211153030396,0.41234540939331055,1.590872883796692,20.62925948977657,636.0520833333334,234.44444444444446,631.957472305124,224.22887321975497,640.1466943615427,244.66001566913394,0.9997556805610657,0.9291142225265503,
2026-07-15T23:44:10.574,43.74659380991943,20260715_234326_front_fusion_ego_2615,egofpsfast_10,fusion_ego_2615,6722423,0,vehicle,0.4135057032108307,-106.06553084913655,-64.25892782222023,1.233854830265404,-145.7620838393536,5.85788106918335,2.135960102081299,2.552733898162842,27.891345637417555,422.55208333333337,226.66666666666669,396.20455069591605,213.50863973299664,448.8996159707507,239.82469360033673,0.001368227181956172,0.9995328187942505,
2026-07-15T23:44:10.574,43.74659380991943,20260715_234326_front_fusion_ego_2615,egofpsfast_10,fusion_ego_2615,6722423,1,person,0.11226579546928406,-106.15963062734843,-59.64586869636077,0.7596040435980527,-123.49002830694161,0.8066173791885376,0.6104282140731812,1.4574135541915894,23.31359725795132,643.8359375,234.44444444444446,638.4040906792507,225.04017886188296,649.2677843207493,243.84871002700595,0.9984845519065857,0.9760253429412842,
2026-07-15T23:44:10.700,43.8722597239539,20260715_234326_front_fusion_ego_2615,egofpsfast_10,fusion_ego_2615,6722424,0,vehicle,0.4204183518886566,-103.15786004486334,-61.32679748719602,1.4163780648166426,173.86715274564764,6.428745269775391,2.317737102508545,3.0031464099884033,23.646411013862163,404.7604166666667,225.55555555555557,374.7689108575384,207.32058975431656,434.75192247579497,243.79052135679459,0.0011769846314564347,0.9997691512107849,
2026-07-15T23:44:10.700,43.8722597239539,20260715_234326_front_fusion_ego_2615,egofpsfast_10,fusion_ego_2615,6722424,1,vehicle,0.0720101073384285,-107.98687141439439,-39.50301063859332,0.6902751560986102,-102.42346081502043,4.867108345031738,1.7821688652038574,1.7392578125,4.93701808685414,22.239583333333336,341.11111111111114,4.881572486211857,220.9921497768826,39.59759418045481,461.23007244533966,0.04074742645025253,0.00012190263078082353,
2026-07-15T23:44:10.823,43.99571994598955,20260715_234326_front_fusion_ego_2615,egofpsfast_10,fusion_ego_2615,6722425,0,vehicle,0.18752186000347137,-102.54484829884524,-58.33182783268424,0.9150039959947938,155.82470704151342,4.995123863220215,1.9936453104019165,1.7938213348388672,19.442821509393706,376.9609375,234.44444444444446,352.4010991603136,222.4851476815012,401.5207758396864,246.40374120738772,0.0032234385143965483,0.9863424897193909,
2026-07-15T23:44:10.823,43.99571994598955,20260715_234326_front_fusion_ego_2615,egofpsfast_10,fusion_ego_2615,6722425,1,vehicle,0.06700228154659271,-103.1662945204296,-60.6701620900937,1.2635911295168731,113.28916203536697,5.688640594482422,2.051924467086792,2.819916248321533,21.769636913611222,386.96875,225.55555555555557,357.0700169354677,207.08814773294662,416.8674830645323,244.02296337816452,0.000842039124108851,0.9997105002403259,
2026-07-15T23:44:10.946,44.11843248596415,20260715_234326_front_fusion_ego_2615,egofpsfast_10,fusion_ego_2615,6722426,0,vehicle,0.5973343253135681,-103.40916952045399,-55.87079857242974,0.7110107386115541,125.87443634641468,5.279685020446777,2.037550687789917,1.9541261196136475,15.815677037960382,341.3776041666667,234.44444444444446,305.60203380386037,214.66897156503467,377.153174529473,254.21991732385425,0.007560024503618479,0.999997615814209,
2026-07-15T23:44:11.081,44.254086358938366,20260715_234326_front_fusion_ego_2615,egofpsfast_10,fusion_ego_2615,6722427,0,vehicle,0.48336097598075867,-103.58957737363478,-56.29802013678952,1.0323668394571817,-36.60823186052096,5.961853981018066,2.2157938480377197,2.580840826034546,15.10779271653615,298.0104166666667,234.44444444444446,247.98574362943572,209.0986153152254,348.03508970389765,259.7902735736635,0.014825086109340191,0.9999818801879883,
2026-07-15T23:44:11.081,44.254086358938366,20260715_234326_front_fusion_ego_2615,egofpsfast_10,fusion_ego_2615,6722427,1,vehicle,0.11802365630865097,-104.10698509305116,-53.80366693778247,1.0456718964519522,174.616564850611,5.280943870544434,2.0182085037231445,2.1253368854522705,12.712967579547096,288.0026041666667,243.33333333333334,239.13208502779406,214.6515174706777,336.8731233055393,272.015149195989,0.01545669510960579,0.9999949932098389,
2026-07-15T23:44:11.202,44.37475571595132,20260715_234326_front_fusion_ego_2615,egofpsfast_10,fusion_ego_2615,6722428,0,vehicle,0.4078798294067383,-105.97082531162167,-56.84118413282829,0.8509931827307238,-27.07999964863618,5.238847732543945,1.9859490394592285,2.398768663406372,15.148167936807955,243.52343750000003,226.66666666666669,174.83642023801804,187.1756414572398,312.21045476198196,266.15769187609357,0.7328432202339172,0.9999587535858154,
2026-07-15T23:44:11.202,44.37475571595132,20260715_234326_front_fusion_ego_2615,egofpsfast_10,fusion_ego_2615,6722428,1,vehicle,0.10567515343427658,-107.4791795467092,-56.25867363662287,0.8599285450843848,-95.96181302805115,5.353882312774658,1.9486682415008545,2.825808525085449,15.144936528007166,207.94010416666669,235.55555555555557,154.0751116226117,194.4750139448378,261.80509671072167,276.6360971662733,0.43397489190101624,0.9913267493247986,
2026-07-15T23:44:11.202,44.37475571595132,20260715_234326_front_fusion_ego_2615,egofpsfast_10,fusion_ego_2615,6722428,2,vehicle,0.06373996287584305,-105.65844106663525,-80.16450061463229,0.6362967824037042,-17.02140343450003,4.820756912231445,1.836181402206421,1.8942945003509521,37.98103195611822,591.5729166666667,226.66666666666669,573.103807369868,219.3114836017291,610.0420259634654,234.02184973160428,0.045983463525772095,0.9997180104255676,
2026-07-15T23:44:11.344,44.51653826597612,20260715_234326_front_fusion_ego_2615,egofpsfast_10,fusion_ego_2615,6722429,0,vehicle,0.12107089161872864,-93.30001252226651,-78.57073806753402,0.6920549149059951,-30.99240773972762,4.871838569641113,1.8897777795791626,1.8318963050842285,35.81177588478616,529.3020833333334,225.55555555555557,511.67999259879196,218.60748041007255,546.9241740678748,232.5036307010386,0.08346901834011078,0.9998824596405029,
2026-07-15T23:44:11.344,44.51653826597612,20260715_234326_front_fusion_ego_2615,egofpsfast_10,fusion_ego_2615,6722429,1,person,0.08446004241704941,-96.36599797762155,-77.75992878043459,0.6238985499922549,-41.9307949574326,0.7532781362533569,0.6338720321655273,1.7122610807418823,34.502562287353264,439.23177083333337,225.55555555555557,435.8778779211765,218.05207941267227,442.58566374549025,233.05903169843887,0.9999978542327881,0.9979919195175171,
2026-07-15T23:44:11.344,44.51653826597612,20260715_234326_front_fusion_ego_2615,egofpsfast_10,fusion_ego_2615,6722429,2,vehicle,0.07733260840177536,-103.69375845993994,-79.38824285656142,0.5303369840156904,-9.40655374505914,4.589717388153076,1.7329697608947754,1.7684634923934937,35.98258027710442,581.5651041666667,226.66666666666669,562.2009053851168,218.85077665249509,600.9293029482167,234.4825566808383,0.19273725152015686,0.999352753162384,
2026-07-15T23:44:11.344,44.51653826597612,20260715_234326_front_fusion_ego_2615,egofpsfast_10,fusion_ego_2615,6722429,3,vehicle,0.07030059397220612,-104.99552891002845,-53.14396488961451,1.1882038246664823,48.47946247899559,5.6707377433776855,2.1922833919525146,2.6081249713897705,10.519558709108924,136.7734375,217.7777777777778,63.60294614732266,174.83856187926398,209.94392885267735,260.71699367629157,0.08402504771947861,0.20994608104228973,
2026-07-15T23:44:11.344,44.51653826597612,20260715_234326_front_fusion_ego_2615,egofpsfast_10,fusion_ego_2615,6722429,4,vehicle,0.060185302048921585,-109.16789856485241,-64.12996897780049,1.105337934605707,65.89634929046592,5.967744827270508,2.2727551460266113,2.960768938064575,22.261219208320288,207.94010416666669,208.88888888888889,159.4516645545761,184.72597830825381,256.4285437787573,233.05179946952396,0.011400462128221989,0.226049542427063,
2026-07-15T23:44:11.464,44.636744919931516,20260715_234326_front_fusion_ego_2615,egofpsfast_10,fusion_ego_2615,6722430,0,vehicle,0.06786990165710449,-95.04329824386981,-82.73061034189311,0.6696628911034068,4.6062808780106135,4.511841297149658,1.7586079835891724,1.8756277561187744,38.48139419566328,519.2942708333334,226.66666666666669,504.39317406093085,220.12902850906056,534.1953676057359,233.2043048242728,0.7157943248748779,0.9997010827064514,
2026-07-15T23:44:11.464,44.636744919931516,20260715_234326_front_fusion_ego_2615,egofpsfast_10,fusion_ego_2615,6722430,1,vehicle,0.061454255133867264,-107.37865378514735,-58.98415588258967,1.057878154987133,57.76576046197747,5.380829334259033,2.085084915161133,2.564267873764038,16.140463489577648,145.66927083333334,216.66666666666669,96.34442898382744,189.7210232416789,194.99411268283924,243.61231009165448,0.040569256991147995,0.06796228140592575,
2026-07-15T23:44:11.597,44.76993362396024,20260715_234326_front_fusion_ego_2615,egofpsfast_10,fusion_ego_2615,6722431,0,person,0.12089424580335617,-95.13642053859552,-51.36798831485879,1.258151473105208,46.116522701302465,0.9011515974998474,0.6181913614273071,1.7688959836959839,7.207537324992243,812.8567708333334,243.33333333333334,800.1844437283775,223.035097916921,825.5290979382893,263.6315687497457,0.9769918322563171,0.7612701654434204,
2026-07-15T23:44:11.597,44.76993362396024,20260715_234326_front_fusion_ego_2615,egofpsfast_10,fusion_ego_2615,6722431,1,vehicle,0.0760715901851654,-94.28360011234946,-74.23143784040239,0.26651490153433244,88.54888179409608,4.888525485992432,1.8250843286514282,1.3399770259857178,29.13398299646595,555.9895833333334,234.44444444444446,536.012620271494,227.92470019724635,575.9665463951727,240.96418869164256,0.0009661709191277623,0.9658768773078918,
2026-07-15T23:44:11.597,44.76993362396024,20260715_234326_front_fusion_ego_2615,egofpsfast_10,fusion_ego_2615,6722431,2,vehicle,0.06319453567266464,-91.93739509992889,-80.15554035971348,1.0039252836972494,-9.590208826621005,4.485260486602783,1.8258535861968994,1.886918306350708,35.37907797679328,502.61458333333337,226.66666666666669,484.962775160869,219.4232677916686,520.2663915057977,233.91006554166478,0.4162808954715729,0.9988334774971008,
2026-07-15T23:44:11.727,44.900019548949786,20260715_234326_front_fusion_ego_2615,egofpsfast_10,fusion_ego_2615,6722432,0,vehicle,0.17937545478343964,-93.36327518026003,-78.63099620642404,1.1829844911459109,-83.8597463712353,4.619956016540527,1.7960633039474487,1.951426386833191,32.536251824796636,545.9817708333334,226.66666666666669,527.3371104088923,218.3013466993968,564.6264312577745,235.03198663393658,0.47506916522979736,0.9986360669136047,
2026-07-15T23:44:11.727,44.900019548949786,20260715_234326_front_fusion_ego_2615,egofpsfast_10,fusion_ego_2615,6722432,1,vehicle,0.1748632937669754,-90.87975577508018,-73.69858544192786,0.6821622293677061,48.6654685804968,4.956717491149902,1.9424123764038086,1.2915639877319336,28.284743820555093,492.60677083333337,234.44444444444446,475.5047002670666,227.1749807563093,509.70884139960015,241.7139081325796,0.018609466031193733,0.9816044569015503,
2026-07-15T23:44:11.727,44.900019548949786,20260715_234326_front_fusion_ego_2615,egofpsfast_10,fusion_ego_2615,6722432,2,vehicle,0.11089432239532471,-73.57527295859713,-49.80334467617716,1.4914879786155275,119.21516875774567,5.2224249839782715,1.9632166624069214,2.207066535949707,25.397437263740965,830.6484375,234.44444444444446,804.3808597549796,217.8672215011385,856.9160152450205,251.02166738775043,0.4341304898262024,0.8129565715789795,
2026-07-15T23:44:11.852,45.02492013794836,20260715_234326_front_fusion_ego_2615,egofpsfast_10,fusion_ego_2615,6722433,0,vehicle,0.21210896968841553,-88.94557433267927,-74.0955445979276,0.8255366970361484,91.90543410240299,4.989017486572266,1.8874449729919434,1.4886977672576904,28.152121564594182,474.8151041666667,234.44444444444446,457.847293364505,227.21328493621616,491.7829149688284,241.67560395267276,0.0017929623136296868,0.9955624341964722,
2026-07-15T23:44:11.852,45.02492013794836,20260715_234326_front_fusion_ego_2615,egofpsfast_10,fusion_ego_2615,6722433,1,vehicle,0.21074354648590088,-89.34239461910373,-71.65289194836579,0.8362617652565234,122.59533968793446,4.892218112945557,1.8418910503387451,1.4712188243865967,25.716867943385978,537.0859375,234.44444444444446,520.070030324161,226.79374453094272,554.101844675839,242.0951443579462,0.08573424071073532,0.9994650483131409,
2026-07-15T23:44:11.977,45.14971381193027,20260715_234326_front_fusion_ego_2615,egofpsfast_10,fusion_ego_2615,6722434,0,vehicle,0.35402941703796387,-87.83268772557874,-74.62117074453627,0.85555878398646,102.6019952386128,4.722273826599121,1.8238866329193115,1.34254789352417,27.94107234759153,465.91927083333337,234.44444444444446,448.3938914140066,227.1995144751337,483.44465025266015,241.68937441375522,0.002359114121645689,0.9989466071128845,
2026-07-15T23:44:11.977,45.14971381193027,20260715_234326_front_fusion_ego_2615,egofpsfast_10,fusion_ego_2615,6722434,1,vehicle,0.25783318281173706,-89.6557690194407,-71.59668646305481,0.7794401581111732,102.95939067642895,4.717802047729492,1.7878050804138184,1.563455581665039,24.48839114648089,520.40625,234.44444444444446,497.09520896524197,226.42839547660617,543.7172910347581,242.46049341228274,0.0007074494496919215,0.9975221753120422,
2026-07-15T23:44:12.111,45.28359447000548,20260715_234326_front_fusion_ego_2615,egofpsfast_10,fusion_ego_2615,6722435,0,vehicle,0.34143584966659546,-86.0534296716445,-73.7099294406832,1.1570375842634864,113.18250613394032,4.656138896942139,1.7745881080627441,1.5583058595657349,26.676009521686236,457.02343750000006,234.44444444444446,438.7046794779599,226.02940526273517,475.3421955220402,242.85948362615375,0.009850060567259789,0.9998132586479187,
2026-07-15T23:44:12.111,45.28359447000548,20260715_234326_front_fusion_ego_2615,egofpsfast_10,fusion_ego_2615,6722435,1,vehicle,0.17120417952537537,-88.55257856960611,-72.30336320533254,0.8160889575713832,96.49794714735667,4.985978603363037,1.871789813041687,1.6908129453659058,24.458011268448004,511.5104166666667,234.44444444444446,490.8454969848196,225.5527409580019,532.1753363485138,243.33614793088702,0.0011461288668215275,0.9860159754753113,
2026-07-15T23:44:12.238,45.41109028994106,20260715_234326_front_fusion_ego_2615,egofpsfast_10,fusion_ego_2615,6722436,0,person,0.36417174339294434,-98.3328665842996,-78.22519319772881,1.1966432336518373,-26.87589945403728,0.5378445386886597,0.5268474221229553,1.8090100288391113,28.23175514122223,261.3151041666667,234.44444444444446,256.1179538421954,223.11624732282428,266.512254491138,245.77264156606464,0.9980015158653259,0.9851970672607422,
2026-07-15T23:44:12.238,45.41109028994106,20260715_234326_front_fusion_ego_2615,egofpsfast_10,fusion_ego_2615,6722436,1,vehicle,0.3056146502494812,-85.87403325151577,-73.4636970868936,1.0556902622571078,119.18850801017504,4.906989574432373,1.8678572177886963,1.6716185808181763,25.47340829694999,431.4479166666667,234.44444444444446,410.3999073641996,225.65839227702884,452.4959259691338,243.23049661186008,0.00063891033641994,0.9982391595840454,
2026-07-15T23:44:12.238,45.41109028994106,20260715_234326_front_fusion_ego_2615,egofpsfast_10,fusion_ego_2615,6722436,2,vehicle,0.28000181913375854,-86.5062282739903,-71.8352917194785,0.7890652889977421,123.39148030765492,4.640233516693115,1.7797725200653076,1.5296043157577515,23.735862014875366,502.61458333333337,234.44444444444446,482.4141922866305,225.7769798901346,522.8149743800362,243.1119089987543,0.005099648609757423,0.9992769360542297,
2026-07-15T23:44:12.366,45.53896942199208,20260715_234326_front_fusion_ego_2615,egofpsfast_10,fusion_ego_2615,6722437,0,vehicle,0.23068401217460632,-87.46955609364802,-70.05946582039972,0.7321335902245409,107.84355720871726,4.670119285583496,1.8848575353622437,1.4581016302108765,20.708031431337027,484.8229166666667,234.44444444444446,460.01628297443193,224.4574135210779,509.62955035890144,244.431475367811,0.009302130900323391,0.9991738200187683,
2026-07-15T23:44:12.366,45.53896942199208,20260715_234326_front_fusion_ego_2615,egofpsfast_10,fusion_ego_2615,6722437,1,vehicle,0.20392844080924988,-86.30625410047067,-70.3644603970761,0.8846284278549765,84.43426858185279,4.800684452056885,1.8220748901367188,1.4279495477676392,21.44455809064728,421.4401041666667,234.44444444444446,396.472068614016,223.87715693977145,446.4081397193174,245.01173194911746,0.0019552723970264196,0.9999984502792358,
2026-07-15T23:44:12.366,45.53896942199208,20260715_234326_front_fusion_ego_2615,egofpsfast_10,fusion_ego_2615,6722437,2,vehicle,0.08563939481973648,-87.03043360923458,-72.67116378299097,1.0864457877742977,131.36269413955293,5.136795520782471,1.8982791900634766,1.7474050521850586,23.287344140149596,404.7604166666667,234.44444444444446,378.7552183518807,222.76442822482852,430.76561498145264,246.1244606640604,0.0014274237910285592,0.9995163679122925,
2026-07-15T23:44:12.488,45.66124296793714,20260715_234326_front_fusion_ego_2615,egofpsfast_10,fusion_ego_2615,6722438,0,person,0.5174139738082886,-98.42379057954152,-77.10914403724307,0.9357168617254601,-49.99406440137791,0.46171504259109497,0.47584518790245056,1.7624958753585815,25.760260550154392,207.94010416666669,234.44444444444446,200.70452920037013,222.40900155570773,215.17567913296324,246.47988733318118,0.9944278001785278,0.9660646319389343,
2026-07-15T23:44:12.488,45.66124296793714,20260715_234326_front_fusion_ego_2615,egofpsfast_10,fusion_ego_2615,6722438,1,vehicle,0.40712323784828186,-70.31074859363322,-57.105767100957834,2.427250053662526,-153.74318079629035,8.104633331298828,2.9895806312561035,3.7006845474243164,24.835663288887865,777.2734375,217.7777777777778,708.4352592974901,195.56157337294687,846.1116157025099,239.99398218260873,0.032248396426439285,0.9980689883232117,
2026-07-15T23:44:12.488,45.66124296793714,20260715_234326_front_fusion_ego_2615,egofpsfast_10,fusion_ego_2615,6722438,2,vehicle,0.36137261986732483,-86.22528827702092,-70.19654108267997,0.8218509546484158,102.2430899699154,5.282951354980469,1.9388608932495117,1.6539515256881714,20.33050137015749,394.7526041666667,235.55555555555557,364.8416863481204,223.8623446557257,424.663521985213,247.24876645538544,7.935750181786716e-05,0.9999996423721313,
2026-07-15T23:44:12.488,45.66124296793714,20260715_234326_front_fusion_ego_2615,egofpsfast_10,fusion_ego_2615,6722438,3,vehicle,0.23399755358695984,-85.08270774871545,-68.99459397426587,0.7644571428060933,108.97456406626243,4.508347511291504,1.798498272895813,1.6227892637252808,19.7627370047108,474.8151041666667,234.44444444444446,453.2976796018581,223.25067516830234,496.3325287314753,245.63821372058658,0.013607094995677471,0.9998582601547241,
2026-07-15T23:44:12.488,45.66124296793714,20260715_234326_front_fusion_ego_2615,egofpsfast_10,fusion_ego_2615,6722438,4,vehicle,0.12969493865966797,-87.44698675172273,-69.99956391263197,0.8296580309432859,133.36982622893115,5.396857261657715,2.0016870498657227,1.8911609649658203,19.678951739249044,384.7447916666667,235.55555555555557,353.48050081233185,221.8251183960173,416.0090825210015,249.28599271509384,0.0010977318743243814,0.9996740818023682,
2026-07-15T23:44:12.626,45.79862796596717,20260715_234326_front_fusion_ego_2615,egofpsfast_10,fusion_ego_2615,6722439,0,vehicle,0.31922170519828796,-82.89086869901382,-67.91501407892297,0.8207927513438507,106.72521322401711,4.863315105438232,1.8338583707809448,1.7167210578918457,18.98573441581385,465.91927083333337,234.44444444444446,443.70569118609035,223.05765446689395,488.1328504805764,245.83123442199496,0.01609526015818119,0.9999905824661255,
2026-07-15T23:44:12.626,45.79862796596717,20260715_234326_front_fusion_ego_2615,egofpsfast_10,fusion_ego_2615,6722439,1,vehicle,0.2894384562969208,-88.34720378591881,-70.51171100922913,0.884518962522368,86.54400594380519,5.171851634979248,1.9711719751358032,2.0560102462768555,18.941026244562224,359.16927083333337,235.55555555555557,324.6730423768362,220.29362711641525,393.66549928983056,250.8174839946959,0.8918973803520203,0.9999809265136719,
2026-07-15T23:44:12.626,45.79862796596717,20260715_234326_front_fusion_ego_2615,egofpsfast_10,fusion_ego_2615,6722439,2,vehicle,0.15779224038124084,-84.1642450075774,-69.38522762402222,0.7003095734081879,161.09971187429213,4.780346870422363,1.856567621231079,1.5692250728607178,19.555001410665586,455.91145833333337,234.44444444444446,429.45237793152535,223.71817615297107,482.3705387351414,245.17071273591785,0.008475042879581451,0.9993886947631836,
2026-07-15T23:44:12.754,45.92663468501996,20260715_234326_front_fusion_ego_2615,egofpsfast_10,fusion_ego_2615,6722440,0,vehicle,0.2629491686820984,-83.88415331513566,-67.1086618177774,0.7793808915659974,129.10534952150726,4.887282371520996,1.9252997636795044,1.7464230060577393,16.773440276192517,439.23177083333337,234.44444444444446,408.34310444941127,221.0425001051691,470.12043721725547,247.84638878371982,0.7620579600334167,0.999997615814209,
2026-07-15T23:44:12.754,45.92663468501996,20260715_234326_front_fusion_ego_2615,egofpsfast_10,fusion_ego_2615,6722440,1,vehicle,0.23322124779224396,-86.83679815753102,-69.007993792961,0.7291774088307688,98.71480405389515,4.709733486175537,1.7194697856903076,1.8646528720855713,17.12387985474479,341.3776041666667,235.55555555555557,316.42140818635625,220.41157457563614,366.3338001469771,250.699536535475,0.8700467348098755,0.9999953508377075,
2026-07-15T23:44:12.754,45.92663468501996,20260715_234326_front_fusion_ego_2615,egofpsfast_10,fusion_ego_2615,6722440,2,vehicle,0.1288333535194397,-90.27275652764573,-66.92084926969946,0.9862974435801473,-6.222698416463259,4.416968822479248,1.8370720148086548,1.6969544887542725,14.142378516194313,305.79427083333337,243.33333333333334,263.70049511392915,226.25783642133078,347.8880465527376,260.40883024533593,0.6858726739883423,0.9998589754104614,
2026-07-15T23:44:12.877,46.049663627985865,20260715_234326_front_fusion_ego_2615,egofpsfast_10,fusion_ego_2615,6722441,0,vehicle,0.6098739504814148,-84.29306471471963,-65.60635229620051,0.8821499924270522,-26.401377060194033,4.935429096221924,1.977442979812622,1.749038815498352,14.326232548588106,421.4401041666667,235.55555555555557,378.9168206403653,218.1987414095137,463.96338769296807,252.91236970159744,0.8627948760986328,0.9999994039535522,
2026-07-15T23:44:12.877,46.049663627985865,20260715_234326_front_fusion_ego_2615,egofpsfast_10,fusion_ego_2615,6722441,1,vehicle,0.35524165630340576,-91.34638819521695,-66.64254693540074,1.0735339391634544,-36.13331619604936,5.104980945587158,2.056086540222168,1.9224640130996704,12.97170789991345,235.73958333333334,253.33333333333334,186.373230603834,229.92995282014212,285.1059360628327,276.7367138465246,0.27162855863571167,0.9998897314071655,
2026-07-15T23:44:12.877,46.049663627985865,20260715_234326_front_fusion_ego_2615,egofpsfast_10,fusion_ego_2615,6722441,2,vehicle,0.34049737453460693,-89.7639058985244,-66.03264496260547,1.009839550641788,81.08656909179552,4.923771858215332,1.9398212432861328,1.8963019847869873,12.581399397700018,288.0026041666667,244.44444444444446,237.33922413984936,221.20304432180194,338.665984193484,267.685844567087,0.0532308928668499,0.9999376535415649,
2026-07-15T23:44:13.011,46.18392401491292,20260715_234326_front_fusion_ego_2615,egofpsfast_10,fusion_ego_2615,6722442,0,vehicle,0.6174935102462769,-85.8874861347164,-64.14380815121305,0.7733731933564831,52.77101882034796,4.695182800292969,1.915830135345459,1.6020748615264893,11.329683982220711,386.96875,243.33333333333334,337.9148741737008,219.43257649739584,436.02262582629925,267.23409016927087,0.09941861033439636,0.9999986886978149,
2026-07-15T23:44:13.011,46.18392401491292,20260715_234326_front_fusion_ego_2615,egofpsfast_10,fusion_ego_2615,6722442,1,vehicle,0.23610816895961761,-58.553399052278394,-56.7187968459069,2.1209000647571354,-174.34422150876105,8.158019065856934,2.9791691303253174,3.8249077796936035,33.008025654504806,716.1145833333334,217.7777777777778,662.2641615917286,200.06833540068735,769.9650050749382,235.48722015486825,0.03148685023188591,0.9989792108535767,
2026-07-15T23:44:13.011,46.18392401491292,20260715_234326_front_fusion_ego_2615,egofpsfast_10,fusion_ego_2615,6722442,2,person,0.22556070983409882,-77.6265883086343,-73.30554088404347,1.1946907036221637,-87.58125440034581,0.9293413162231445,0.68576580286026,2.0443787574768066,23.501070183154397,298.0104166666667,226.66666666666669,294.50872157483053,217.027571896712,301.51211175850284,236.30576143662137,0.9529317617416382,0.9115902781486511,
2026-07-15T23:44:13.011,46.18392401491292,20260715_234326_front_fusion_ego_2615,egofpsfast_10,fusion_ego_2615,6722442,3,vehicle,0.2181577980518341,-93.37365331937592,-65.02392667450532,1.024998256209901,152.57270944674485,4.5330915451049805,1.7195407152175903,1.8224365711212158,10.88809622761538,172.35677083333334,262.22222222222223,123.12254474063715,221.55640734566583,221.59099692602953,302.8880370987786,0.8496184945106506,0.9971477389335632,
2026-07-15T23:44:13.133,46.30549505900126,20260715_234326_front_fusion_ego_2615,egofpsfast_10,fusion_ego_2615,6722443,0,vehicle,0.4590524137020111,-86.1767142046826,-61.74869242312269,0.7744544016065937,84.4294928318928,4.607898235321045,1.9398664236068726,1.3755900859832764,8.246694994058764,342.48958333333337,252.22222222222223,272.6959867974123,224.10970701111688,412.28317986925447,280.3347374333276,0.029956938698887825,0.9999977350234985,
2026-07-15T23:44:13.133,46.30549505900126,20260715_234326_front_fusion_ego_2615,egofpsfast_10,fusion_ego_2615,6722443,1,vehicle,0.09857242554426193,-90.61280576300805,-63.39802587580573,0.9487963965125097,-55.72018230876742,3.5182554721832275,1.4655630588531494,1.4668760299682617,8.524247056425933,181.25260416666669,262.22222222222223,152.56999863187474,238.32104338539972,209.93520970145863,286.12340105904474,0.23421674966812134,0.6711782217025757,
2026-07-15T23:44:13.133,46.30549505900126,20260715_234326_front_fusion_ego_2615,egofpsfast_10,fusion_ego_2615,6722443,2,vehicle,0.0648309662938118,-62.24465919483707,-64.20660639662611,2.2112198083435572,-160.14983456780618,8.169530868530273,2.963512897491455,3.8722238540649414,29.941349575194902,697.2109375,217.7777777777778,652.1943128928542,199.6523283587562,742.2275621071458,235.9032271967994,0.1627645492553711,0.9912238121032715,
2026-07-15T23:44:13.383,46.556156752980314,20260715_234326_front_fusion_ego_2615,egofpsfast_10,fusion_ego_2615,6722445,0,vehicle,0.18404828011989594,-85.84244950456198,-54.81205085316311,1.3981346342153258,63.2043387440238,4.855573654174805,1.8672232627868652,2.422990560531616,3.5814357377169133,190.1484375,271.11111111111114,103.99247245490551,185.5160493320889,276.3044025450945,356.70617289013336,0.080159030854702,0.8755922317504883,
2026-07-15T23:44:13.383,46.556156752980314,20260715_234326_front_fusion_ego_2615,egofpsfast_10,fusion_ego_2615,6722445,1,vehicle,0.08158871531486511,-89.26737230029933,-60.858994125795725,0.9224113086875034,68.17943830016097,4.239107608795166,1.7553157806396484,1.5371930599212646,4.863494626587769,200.15625,342.22222222222223,92.96488830447197,257.610100640191,307.34761169552803,426.8343438042535,0.6428177356719971,0.9944018721580505,
2026-07-15T23:44:13.383,46.556156752980314,20260715_234326_front_fusion_ego_2615,egofpsfast_10,fusion_ego_2615,6722445,2,vehicle,0.07140232622623444,-85.06106448020815,-54.498567125534066,1.2634967892788973,-62.164249709988624,5.918276309967041,2.0948920249938965,2.60408353805542,4.429804998516736,146.78125,278.8888888888889,87.076012596488,161.31833367877536,206.486487403512,396.45944409900244,0.0006757134106010199,0.09302501380443573,
2026-07-15T23:44:13.383,46.556156752980314,20260715_234326_front_fusion_ego_2615,egofpsfast_10,fusion_ego_2615,6722445,3,vehicle,0.056998543441295624,-84.62466142055789,-55.40115549505779,1.2864934693422385,95.10900636251955,5.205417156219482,2.0423285961151123,2.425565242767334,4.6306871834492815,180.140625,278.8888888888889,86.82441492378712,177.77314954333835,273.4568350762129,380.00462823443945,0.03460099548101425,0.22107647359371185,
2026-07-15T23:44:13.513,46.6860070109833,20260715_234326_front_fusion_ego_2615,egofpsfast_10,fusion_ego_2615,6722446,0,person,0.3511890470981598,-76.74546810893477,-81.71392144444084,1.2058075313731478,-97.97300864567606,0.7939397692680359,0.49251630902290344,1.9257447719573975,27.728818575456025,333.59375,226.66666666666669,330.18627041671425,216.1686525742213,337.00122958328575,237.16468075911206,0.999963641166687,0.999798595905304,
2026-07-15T23:44:13.513,46.6860070109833,20260715_234326_front_fusion_ego_2615,egofpsfast_10,fusion_ego_2615,6722446,1,vehicle,0.08171582967042923,-89.09605902535091,-58.975077724853264,1.11781602326306,-56.05678798490105,4.687008380889893,1.8707588911056519,1.9475820064544678,2.512129243159394,181.25260416666669,271.11111111111114,119.24526269237201,191.1381525463528,243.25994564096135,351.08406967586944,0.12120229750871658,0.7263513803482056,
2026-07-15T23:44:13.513,46.6860070109833,20260715_234326_front_fusion_ego_2615,egofpsfast_10,fusion_ego_2615,6722446,2,vehicle,0.05305672064423561,-68.49831378213572,-69.988092987482,2.175241812331598,-86.11854399230677,7.926809310913086,2.9638354778289795,3.5221011638641357,24.05611753213104,689.4270833333334,217.7777777777778,645.5301771735152,200.56253062354196,733.3239894931515,234.99302493201364,0.5829405188560486,0.7073347568511963,
2026-07-15T23:44:13.644,46.81681046099402,20260715_234326_front_fusion_ego_2615,egofpsfast_10,fusion_ego_2615,6722447,0,vehicle,0.15284954011440277,-54.08303330362327,-56.51526137747018,1.8772363826956102,175.94472096186175,7.733665466308594,2.8215432167053223,3.4870262145996094,33.63655698225337,679.4192708333334,217.7777777777778,632.8412956645092,201.7127780781852,725.9972460021576,233.8427774773704,0.010788760147988796,0.9990548491477966,
2026-07-15T23:44:13.644,46.81681046099402,20260715_234326_front_fusion_ego_2615,egofpsfast_10,fusion_ego_2615,6722447,1,person,0.10815077275037766,-77.47462239006737,-81.97993162593382,1.0204317878152365,-32.04008205448326,0.6608688831329346,0.5294098258018494,1.7451112270355225,26.933087691736507,323.5859375,226.66666666666669,319.143434247002,216.70406530300778,328.028440752998,236.6292680303256,0.9999969005584717,0.9945524334907532,
2026-07-15T23:44:13.779,46.95224091701675,20260715_234326_front_fusion_ego_2615,egofpsfast_10,fusion_ego_2615,6722448,0,person,0.09023142606019974,-59.01602717350058,-82.54582545771476,0.7415785504083665,-55.59020081772097,1.079442024230957,0.705937922000885,1.7010133266448975,37.5127863134324,457.02343750000006,225.55555555555557,454.3606851906516,219.1481502685282,459.6861898093485,231.96296084258293,0.9998196959495544,0.9928038716316223,
2026-07-15T23:44:13.779,46.95224091701675,20260715_234326_front_fusion_ego_2615,egofpsfast_10,fusion_ego_2615,6722448,1,vehicle,0.07593188434839249,-53.550493941273494,-56.27737346725365,1.9211353548043704,142.53345864297603,8.318132400512695,2.91660475730896,3.8262526988983154,33.43214216252598,670.5234375,216.66666666666669,624.2970131635666,199.88561908404034,716.7498618364334,233.44771424929303,0.022734303027391434,0.9996559619903564,
2026-07-15T23:44:13.905,47.07739750400651,20260715_234326_front_fusion_ego_2615,egofpsfast_10,fusion_ego_2615,6722449,0,vehicle,0.0540936216711998,-55.305234773412636,-82.01937072890274,1.9509360563282534,-119.64309936695825,7.337593078613281,2.7500650882720947,3.4825408458709717,39.162101020444666,537.0859375,217.7777777777778,516.5079813301563,206.75987290011514,557.6638936698437,228.79568265544046,0.005213125143200159,0.9975847005844116,
2026-07-15T23:44:14.032,47.20490857900586,20260715_234326_front_fusion_ego_2615,egofpsfast_10,fusion_ego_2615,6722450,0,vehicle,0.19887851178646088,-52.45933552306313,-55.863352329288546,2.0968268613499106,178.67091312551003,8.108022689819336,2.9004385471343994,3.8855931758880615,33.10213257119666,652.7317708333334,216.66666666666669,599.1662878145775,197.64218370119733,706.2972538520893,235.69114963213605,0.0007150592864491045,0.9999057054519653,
2026-07-15T23:44:14.032,47.20490857900586,20260715_234326_front_fusion_ego_2615,egofpsfast_10,fusion_ego_2615,6722450,1,person,0.19795621931552887,-65.10857756915274,-87.54596110875565,0.8587522460072989,-84.09684619902437,0.7959682941436768,0.6038562059402466,1.7841204404830933,35.58324905398067,413.65625,225.55555555555557,411.0749661331065,218.42324528429245,416.2375338668935,232.6878658268187,0.9998917579650879,0.9987382292747498,
2026-07-15T23:44:14.152,47.324918573955074,20260715_234326_front_fusion_ego_2615,egofpsfast_10,fusion_ego_2615,6722451,0,vehicle,0.383165180683136,-52.02558317985018,-56.008395444195266,1.9345730691988354,164.49554819754655,8.01320743560791,2.846405029296875,3.6902217864990234,32.8001588469988,644.9479166666667,216.66666666666669,593.0023601079981,201.02477113405865,696.8934732253354,232.30856219927472,0.011642585508525372,0.9998443126678467,
2026-07-15T23:44:14.152,47.324918573955074,20260715_234326_front_fusion_ego_2615,egofpsfast_10,fusion_ego_2615,6722451,1,vehicle,0.079053595662117,-51.98776577198213,-82.44001144829325,1.9491761711545712,-120.79516877049468,7.532664775848389,2.7694458961486816,3.667163133621216,40.4119997206136,519.2942708333334,217.7777777777778,499.91864924257004,206.42228381501306,538.6698924240967,229.13327174054254,0.015515115112066269,0.9987175464630127,
2026-07-15T23:44:14.292,47.465174823999405,20260715_234326_front_fusion_ego_2615,egofpsfast_10,fusion_ego_2615,6722452,0,vehicle,0.5371416211128235,-50.62133902432612,-56.196013977575525,1.746728197193038,160.09766924864948,8.32768440246582,2.9107959270477295,3.687633514404297,33.48218635440836,643.8359375,216.66666666666669,592.5697016566992,200.94832996527356,695.1021733433008,232.3850033680598,0.01832089200615883,0.9999136924743652,
2026-07-15T23:44:14.292,47.465174823999405,20260715_234326_front_fusion_ego_2615,egofpsfast_10,fusion_ego_2615,6722452,1,person,0.10363753885030746,-62.36843910821335,-56.65168516978635,0.7659026683097983,113.4613328266118,1.0385411977767944,0.6329327821731567,1.694872260093689,21.76112742326477,697.2109375,226.66666666666669,690.8733649859205,214.06326601902646,703.5485100140795,239.2700673143069,0.9979415535926819,0.9869597554206848,
2026-07-15T23:44:14.292,47.465174823999405,20260715_234326_front_fusion_ego_2615,egofpsfast_10,fusion_ego_2615,6722452,2,vehicle,0.051637161523103714,-50.80894238829834,-80.65502875389899,2.040124368270301,-103.4404491517313,7.905207633972168,2.8881990909576416,3.619359254837036,39.56547289735246,510.39843750000006,217.7777777777778,494.27864740043884,206.47138522730936,526.5182275995612,229.08417032824624,0.006320662796497345,0.9999135732650757,
2026-07-15T23:44:14.423,47.595441275974736,20260715_234326_front_fusion_ego_2615,egofpsfast_10,fusion_ego_2615,6722453,0,vehicle,0.3809930086135864,-51.87314272126482,-57.66333802156575,2.0078801315475374,169.3768623035742,8.360525131225586,2.870288372039795,4.046507835388184,31.414396736292463,626.0442708333334,217.7777777777778,575.7797744770845,199.36457739935983,676.3087671895822,236.19097815619577,0.0016821998870000243,0.9999988079071045,
2026-07-15T23:44:14.423,47.595441275974736,20260715_234326_front_fusion_ego_2615,egofpsfast_10,fusion_ego_2615,6722453,1,vehicle,0.2652447521686554,-49.64198857300484,-79.70104880219674,2.119646659920992,-140.8724071802996,8.219707489013672,3.0157995223999023,3.8527090549468994,39.260602654374075,501.5026041666667,217.7777777777778,484.15110723177594,204.496665166484,518.8541011015575,231.0588903890716,0.0011087212478742003,0.9994140863418579,
2026-07-15T23:44:14.423,47.595441275974736,20260715_234326_front_fusion_ego_2615,egofpsfast_10,fusion_ego_2615,6722453,2,vehicle,0.22805199027061462,-64.92864438281751,-52.86638052551568,1.262513484440234,11.319108317702067,6.187783718109131,2.326313018798828,1.9784252643585205,19.438685873278647,840.65625,235.55555555555557,815.9352627210319,213.81527158949112,865.3772372789682,257.29583952162,0.011989770457148552,0.990481972694397,
2026-07-15T23:44:14.423,47.595441275974736,20260715_234326_front_fusion_ego_2615,egofpsfast_10,fusion_ego_2615,6722453,3,person,0.19048240780830383,-68.07955283748908,-57.80851748537848,0.7551073239239035,147.58070559005216,0.4466782808303833,0.442656934261322,1.6242036819458008,15.261393999784783,689.4270833333334,234.44444444444446,680.3436387230953,217.73790505197314,698.5105279435714,251.15098383691577,0.9997918009757996,0.9883346557617188,
2026-07-15T23:44:14.556,47.72863495000638,20260715_234326_front_fusion_ego_2615,egofpsfast_10,fusion_ego_2615,6722454,0,vehicle,0.641133725643158,-50.083002621716666,-56.03872603544947,2.0230446892080565,170.1649518021789,8.488189697265625,2.986194372177124,4.027944564819336,32.62712245911866,618.2604166666667,216.66666666666669,563.6456640760105,196.69743100802106,672.875169257323,236.63590232531232,0.01853983849287033,0.9999959468841553,
2026-07-15T23:44:14.556,47.72863495000638,20260715_234326_front_fusion_ego_2615,egofpsfast_10,fusion_ego_2615,6722454,1,vehicle,0.1692577749490738,-49.35739458278374,-78.72943186777599,2.099868022437834,-111.0990338302865,8.2213134765625,2.960564613342285,3.7644259929656982,38.23851374592002,493.71875000000006,217.7777777777778,475.32775356620556,205.14012979136575,512.1097464337945,230.41542576418985,0.0023832698352634907,0.9997456669807434,
2026-07-15T23:44:14.556,47.72863495000638,20260715_234326_front_fusion_ego_2615,egofpsfast_10,fusion_ego_2615,6722454,2,vehicle,0.0873493179678917,-66.60308619330304,-80.97303193793765,0.698619490028807,16.90161252172493,4.5963239669799805,1.8233165740966797,1.538861632347107,26.596187621814217,323.5859375,234.44444444444446,299.9552423283458,225.24868216779498,347.2166326716542,243.64020672109393,0.030099278315901756,0.8172692656517029,
2026-07-15T23:44:14.556,47.72863495000638,20260715_234326_front_fusion_ego_2615,egofpsfast_10,fusion_ego_2615,6722454,3,person,0.06753943860530853,-69.60406262448029,-56.30251851347185,0.6311576608735041,122.44687548626892,0.939683198928833,0.6444575786590576,1.5934971570968628,13.365928267847645,689.4270833333334,234.44444444444446,677.3353923664739,215.97006109025745,701.5187743001928,252.91882779863147,0.9999916553497314,0.9120301604270935,
2026-07-15T23:44:14.678,47.85107179300394,20260715_234326_front_fusion_ego_2615,egofpsfast_10,fusion_ego_2615,6722455,0,vehicle,0.42370977997779846,-50.72690637555982,-56.10844974829044,1.9987614786827503,146.99630983994243,8.713221549987793,2.9926395416259766,4.101438522338867,31.302915610449894,617.1484375,216.66666666666669,559.1747522652149,196.5033696095149,675.1221227347851,236.82996372381848,0.05806826800107956,0.999993085861206,
2026-07-15T23:44:14.678,47.85107179300394,20260715_234326_front_fusion_ego_2615,egofpsfast_10,fusion_ego_2615,6722455,1,vehicle,0.1845044493675232,-46.31512620016418,-77.60322710585335,2.3676330995975903,-74.7272608188964,8.437207221984863,3.056955575942993,4.049940586090088,39.628908526709324,492.60677083333337,217.7777777777778,478.733571001639,203.4087039695846,506.47997066502774,232.146851585971,0.01907995343208313,0.9990811347961426,
2026-07-15T23:44:14.678,47.85107179300394,20260715_234326_front_fusion_ego_2615,egofpsfast_10,fusion_ego_2615,6722455,2,vehicle,0.099330373108387,-68.50099600005328,-81.51747544162237,0.743443494061804,-43.51038437152618,4.410130023956299,1.702455759048462,1.645285725593567,25.340453650431993,306.90625,234.44444444444446,282.0163161754608,224.84172489908008,331.7961838245392,244.04716398980884,0.001209090929478407,0.9981480836868286,
2026-07-15T23:44:14.795,47.96810491802171,20260715_234326_front_fusion_ego_2615,egofpsfast_10,fusion_ego_2615,6722456,0,vehicle,0.5565552115440369,-49.11086978122301,-55.8744324591289,2.1719814801097854,-117.09332862292707,8.53757095336914,2.966749906539917,4.046108245849609,32.25403120284589,600.46875,217.7777777777778,553.2737777009606,198.57499228583444,647.6637222990394,236.98056326972116,0.07108259201049805,0.9999960660934448,
2026-07-15T23:44:14.795,47.96810491802171,20260715_234326_front_fusion_ego_2615,egofpsfast_10,fusion_ego_2615,6722456,1,vehicle,0.2656624913215637,-46.5364348566072,-77.05469791151143,2.284783173714213,163.89939693072404,8.72238826751709,3.087395668029785,4.260682582855225,38.4388836773948,483.71093750000006,217.7777777777778,468.5063830874861,201.5396540032493,498.915491912514,234.0159015523063,0.0011889610905200243,0.9998018145561218,
2026-07-15T23:44:14.925,48.09782725200057,20260715_234326_front_fusion_ego_2615,egofpsfast_10,fusion_ego_2615,6722457,0,vehicle,0.27913910150527954,-48.1625915429736,-55.23631260056319,2.260547386216356,-152.5388239489217,8.840713500976562,3.1369218826293945,4.1882476806640625,32.61474954261375,591.5729166666667,216.66666666666669,545.9306097129981,196.0278908411662,637.2152236203353,237.30544249216717,0.0019446791848167777,0.9999985694885254,
2026-07-15T23:44:14.925,48.09782725200057,20260715_234326_front_fusion_ego_2615,egofpsfast_10,fusion_ego_2615,6722457,1,vehicle,0.19509488344192505,-46.273236096216934,-77.21376866351436,2.3554962977716714,-143.10765093841547,8.438653945922852,2.9897468090057373,4.12544059753418,38.01374070025959,474.8151041666667,217.7777777777778,459.9465992252032,202.71876917945016,489.68360910813016,232.83678637610544,0.002590075135231018,0.9998070597648621,
2026-07-15T23:44:15.048,48.220939393970184,20260715_234326_front_fusion_ego_2615,egofpsfast_10,fusion_ego_2615,6722458,0,vehicle,0.535530149936676,-48.95814448711901,-55.85673234981029,2.0991450062158656,172.7732534036065,8.573990821838379,3.0005853176116943,3.935640573501587,31.07729197036712,591.5729166666667,216.66666666666669,542.5444570283096,198.4683148066203,640.6013763050239,234.86501852671307,0.0037334333173930645,0.9999982118606567,
2026-07-15T23:44:15.048,48.220939393970184,20260715_234326_front_fusion_ego_2615,egofpsfast_10,fusion_ego_2615,6722458,1,person,0.1190948411822319,-64.89961889403601,-54.97964679588961,0.653141865896222,138.4219107635834,0.4347699284553528,0.3151383399963379,1.6239943504333496,15.832489706799137,670.5234375,234.44444444444446,662.8024527933449,217.6185413863924,678.2444222066551,251.27034750249652,0.9983752965927124,0.9345526099205017,
2026-07-15T23:44:15.048,48.220939393970184,20260715_234326_front_fusion_ego_2615,egofpsfast_10,fusion_ego_2615,6722458,2,vehicle,0.11524391174316406,-45.95611497647011,-78.4115523006799,2.132104449161158,-161.23453318456097,7.8956451416015625,2.8058218955993652,3.8753373622894287,38.117957052865464,467.03125000000006,217.7777777777778,454.52154800295835,204.32231442795862,479.54095199704176,231.23324112759698,0.005156576633453369,0.9999452829360962,
2026-07-15T23:44:15.175,48.34803780296352,20260715_234326_front_fusion_ego_2615,egofpsfast_10,fusion_ego_2615,6722459,0,vehicle,0.6477155089378357,-49.17240694234813,-58.13276456776946,1.9633326899124839,-141.62733576757145,8.23818588256836,2.8887510299682617,3.950265645980835,29.916204854606605,581.5651041666667,217.7777777777778,538.5233418593805,199.6889905797111,624.606866473953,235.8665649758445,0.014155680313706398,0.9999997615814209,
2026-07-15T23:44:15.175,48.34803780296352,20260715_234326_front_fusion_ego_2615,egofpsfast_10,fusion_ego_2615,6722459,1,vehicle,0.3973027169704437,-45.03245525526793,-76.16103533128368,2.0072201997820205,-122.93381858714329,8.758774757385254,3.059983015060425,3.981628894805908,37.25640059106251,458.1354166666667,217.7777777777778,440.8028713191549,203.62602816687692,475.46796201417845,231.92952738867868,0.01658000238239765,0.9999744892120361,
2026-07-15T23:44:15.175,48.34803780296352,20260715_234326_front_fusion_ego_2615,egofpsfast_10,fusion_ego_2615,6722459,2,person,0.25925412774086,-63.07438520185459,-54.181913777054646,1.0072327357804802,118.55803527742894,0.37232306599617004,0.4129383862018585,1.7388861179351807,17.22206242427484,662.7395833333334,234.44444444444446,653.6670970482131,215.46628501680163,671.8120696184536,253.42260387208728,0.9999549388885498,0.9971255660057068,
2026-07-15T23:44:15.301,48.47333925392013,20260715_234326_front_fusion_ego_2615,egofpsfast_10,fusion_ego_2615,6722460,0,vehicle,0.6404750347137451,-47.22117355647629,-55.1504612869243,1.9766099492516558,-164.06560424069443,8.625116348266602,3.0503084659576416,3.9244935512542725,31.599718441345157,573.78125,216.66666666666669,525.8386014699936,196.51267329851788,621.7238985300064,236.8206600348155,0.0178716741502285,0.999998927116394,
2026-07-15T23:44:15.301,48.47333925392013,20260715_234326_front_fusion_ego_2615,egofpsfast_10,fusion_ego_2615,6722460,1,person,0.48027247190475464,-57.61656744992091,-54.13341599842973,1.0166958232517418,-139.47118354785056,0.5015638470649719,0.46290159225463867,1.8878486156463623,21.7668269427815,661.6276041666667,226.66666666666669,656.180102084453,213.54461441437405,667.0751062488805,239.78871891895932,0.9998531341552734,0.987784743309021,
2026-07-15T23:44:15.301,48.47333925392013,20260715_234326_front_fusion_ego_2615,egofpsfast_10,fusion_ego_2615,6722460,2,vehicle,0.44127196073532104,-43.29354123404828,-73.37041913333888,2.0013819904952563,-83.58937760758775,8.65317153930664,3.0522572994232178,4.001713752746582,37.13099495392305,457.02343750000006,217.7777777777778,441.5124174356461,202.38643811808694,472.534457564354,233.16911743746866,0.10215777158737183,0.9999128580093384,
2026-07-15T23:44:15.431,48.603710426948965,20260715_234326_front_fusion_ego_2615,egofpsfast_10,fusion_ego_2615,6722461,0,vehicle,0.7414869666099548,-48.98578879931564,-59.21268668502709,1.7726605728882863,161.09348259684262,8.165582656860352,2.8710718154907227,3.7010533809661865,28.690524620944757,572.6692708333334,216.66666666666669,526.985841130217,199.28288559118909,618.3527005364498,234.05044774214429,0.020280690863728523,0.9999816417694092,
2026-07-15T23:44:15.431,48.603710426948965,20260715_234326_front_fusion_ego_2615,egofpsfast_10,fusion_ego_2615,6722461,1,vehicle,0.6680912375450134,-44.20180697750847,-73.7073776780309,1.9085632370295604,-98.70738537479988,8.826814651489258,3.10453200340271,4.031986236572266,35.70848724050269,448.1276041666667,217.7777777777778,430.0264426271121,203.0301673875915,466.2287657062213,232.5253881679641,0.21074546873569489,0.9998225569725037,
2026-07-15T23:44:15.431,48.603710426948965,20260715_234326_front_fusion_ego_2615,egofpsfast_10,fusion_ego_2615,6722461,2,person,0.32363665103912354,-58.47059554771579,-54.53898204836121,1.0168763436620267,171.37539593193935,0.5267423391342163,0.45751214027404785,1.9396920204162598,20.24607535139042,661.6276041666667,226.66666666666669,656.0746896459411,213.1404099861781,667.1805186873924,240.19292334715527,0.99992835521698,0.9593156576156616,
2026-07-15T23:44:15.555,48.72803934896365,20260715_234326_front_fusion_ego_2615,egofpsfast_10,fusion_ego_2615,6722462,0,vehicle,0.904369056224823,-49.09859161247587,-57.5553347155777,1.8224523305894524,-169.05270910569277,8.386561393737793,2.950347661972046,3.8123514652252197,28.09107785421914,563.7734375,216.66666666666669,516.6443933099508,197.2977791229884,610.9024816900492,236.03555421034497,0.022332875058054924,0.9999986886978149,
2026-07-15T23:44:15.555,48.72803934896365,20260715_234326_front_fusion_ego_2615,egofpsfast_10,fusion_ego_2615,6722462,1,vehicle,0.4679534137248993,-44.369157361575155,-72.71449042558487,1.9199955901973929,-82.65063619530243,8.564763069152832,3.0445914268493652,4.001666069030762,34.54770121058866,439.23177083333337,217.7777777777778,418.8558111612996,201.5491365061866,459.60773050536716,234.006419049369,0.010203375481069088,0.9996967315673828,
2026-07-15T23:44:15.555,48.72803934896365,20260715_234326_front_fusion_ego_2615,egofpsfast_10,fusion_ego_2615,6722462,2,person,0.21773295104503632,-63.435718766848595,-57.20130574772852,0.9583421141766602,131.6998644703256,0.4395962357521057,0.4969710111618042,1.7574502229690552,14.110979072479513,652.7317708333334,234.44444444444446,642.233493351688,214.09695294168262,663.2300483149787,254.7919359472063,0.9998130202293396,0.9939833283424377,
2026-07-15T23:44:15.555,48.72803934896365,20260715_234326_front_fusion_ego_2615,egofpsfast_10,fusion_ego_2615,6722462,3,person,0.20743423700332642,-66.29454759118278,-59.24667269589702,0.9340771578095262,166.53675243443055,0.8171403408050537,0.5781853795051575,1.7915494441986084,10.853283669307798,732.7942708333334,234.44444444444446,722.9714908221116,215.87437417772082,742.6170508445551,253.0145147111681,0.9936249256134033,0.9504597187042236,
2026-07-15T23:44:15.689,48.86122885590885,20260715_234326_front_fusion_ego_2615,egofpsfast_10,fusion_ego_2615,6722463,0,vehicle,0.7260817289352417,-47.638007789333415,-56.55120944531306,1.8376030118915234,179.29500520803137,8.322328567504883,3.02189564704895,3.643764019012451,29.054357199497115,555.9895833333334,216.66666666666669,506.71878070880973,195.48963228861493,605.260385957857,237.84370104471844,0.0007230272167362273,0.9999828338623047,
2026-07-15T23:44:15.689,48.86122885590885,20260715_234326_front_fusion_ego_2615,egofpsfast_10,fusion_ego_2615,6722463,1,vehicle,0.4343494474887848,-42.66577050620036,-73.39953678804648,1.6945147976683679,-98.87475082587085,8.52302360534668,2.9953510761260986,3.99151611328125,35.731145270648796,431.4479166666667,217.7777777777778,409.7717976110677,203.4145118461715,453.12403572226566,232.1410437093841,0.003404435236006975,0.9997807145118713,
2026-07-15T23:44:15.689,48.86122885590885,20260715_234326_front_fusion_ego_2615,egofpsfast_10,fusion_ego_2615,6722463,2,person,0.16014479100704193,-57.313100945845754,-59.061455101527045,0.9641977371497199,136.45469371299765,0.46328362822532654,0.4819408655166626,1.7575819492340088,19.126575806866025,644.9479166666667,226.66666666666669,639.3527575560536,214.43551818529767,650.5430757772799,238.8978151480357,0.995326042175293,0.9072602391242981,
2026-07-15T23:44:15.689,48.86122885590885,20260715_234326_front_fusion_ego_2615,egofpsfast_10,fusion_ego_2615,6722463,3,person,0.10291095823049545,-66.75967582884952,-83.72058667337996,0.9586179968817705,158.54861888199684,0.9555189609527588,0.661466121673584,1.8055346012115479,24.34603749160825,172.35677083333334,226.66666666666669,163.33359303449592,210.74912051359814,181.37994863217077,242.58421281973523,0.9881772398948669,0.8863531351089478,
2026-07-15T23:44:15.813,48.985298787010834,20260715_234326_front_fusion_ego_2615,egofpsfast_10,fusion_ego_2615,6722464,0,vehicle,0.9143942594528198,-48.80444599701559,-58.89645158213774,1.7668631865174298,151.35035670898898,8.400569915771484,2.9870293140411377,3.7594785690307617,26.975598072878498,554.8776041666667,216.66666666666669,510.0853921870391,196.02607945601147,599.6698161462944,237.3072538773219,0.012398525141179562,0.9999903440475464,
2026-07-15T23:44:15.813,48.985298787010834,20260715_234326_front_fusion_ego_2615,egofpsfast_10,fusion_ego_2615,6722464,1,vehicle,0.6355752348899841,-44.92499852426974,-73.64903550385422,1.8133223261860585,-128.74287326166743,7.9322509765625,2.8180434703826904,3.8629097938537598,33.07175862041189,422.55208333333337,217.7777777777778,400.90079190706217,202.1108357773887,444.20337475960457,233.4447197781669,0.0010319094872102141,0.9995477795600891,
2026-07-15T23:44:15.813,48.985298787010834,20260715_234326_front_fusion_ego_2615,egofpsfast_10,fusion_ego_2615,6722464,2,person,0.1527707725763321,-63.35976130979461,-64.76622519072039,0.8591681789456729,147.39936093524824,0.2931995689868927,0.35603705048561096,1.7670910358428955,12.760452846205736,644.9479166666667,234.44444444444446,636.2619726142536,214.45243146684436,653.6338607190798,254.43645742204455,0.9999500513076782,0.994215190410614,
2026-07-15T23:44:15.945,49.117396055022255,20260715_234326_front_fusion_ego_2615,egofpsfast_10,fusion_ego_2615,6722465,0,vehicle,0.5983666181564331,-47.5599474730258,-57.72554684655735,1.7989897035014066,171.1336015864203,8.205506324768066,2.938586711883545,3.714282751083374,27.740866816964168,547.09375,216.66666666666669,503.1825689077378,195.79479614893597,591.0049310922623,237.5385371843974,0.007159042172133923,0.9999985694885254,
2026-07-15T23:44:15.945,49.117396055022255,20260715_234326_front_fusion_ego_2615,egofpsfast_10,fusion_ego_2615,6722465,1,vehicle,0.5454131364822388,-46.675292116844446,-73.54031635688568,1.914738483825181,-86.17064718633334,8.492280006408691,3.0393919944763184,3.9666829109191895,30.795067547002926,421.4401041666667,217.7777777777778,394.9800916152696,199.11079035864938,447.90011671806377,236.44476519690622,0.009282789193093777,0.9999872446060181,
2026-07-15T23:44:15.945,49.117396055022255,20260715_234326_front_fusion_ego_2615,egofpsfast_10,fusion_ego_2615,6722465,2,person,0.23698490858078003,-59.611092234447995,-59.51134098415232,0.7438646211564934,154.56524650003533,0.270302951335907,0.2905234396457672,1.8046875,15.578895127868341,644.9479166666667,234.44444444444446,637.6550781286012,215.94964590337543,652.2407552047323,252.9392429855135,0.9999314546585083,0.9983882904052734,
2026-07-15T23:44:16.066,49.239117081975564,20260715_234326_front_fusion_ego_2615,egofpsfast_10,fusion_ego_2615,6722466,0,vehicle,0.8267813324928284,-49.43248305591669,-59.78982490961377,1.8755192277489492,145.5482034608542,8.990992546081543,3.098050832748413,4.1389923095703125,25.05164880507046,545.9817708333334,216.66666666666669,492.7517312293252,194.6547321478526,599.2118104373416,238.67860118548077,0.02905026637017727,0.9999996423721313,
2026-07-15T23:44:16.066,49.239117081975564,20260715_234326_front_fusion_ego_2615,egofpsfast_10,fusion_ego_2615,6722466,1,vehicle,0.4531407058238983,-47.747210603827604,-72.54109492725102,1.5957839488770702,142.37127920456788,7.431796073913574,2.6998438835144043,3.553532838821411,28.82772385963132,404.7604166666667,216.66666666666669,380.90369112665456,198.63576511542004,428.6171422066788,234.69756821791333,0.0006118191522546113,0.9999309778213501,
2026-07-15T23:44:16.066,49.239117081975564,20260715_234326_front_fusion_ego_2615,egofpsfast_10,fusion_ego_2615,6722466,2,person,0.29166698455810547,-56.54467891955183,-55.9915548010565,0.7595558930125055,134.5350055042301,0.3032962679862976,0.3480118215084076,1.6993699073791504,18.747114164227103,636.0520833333334,234.44444444444446,630.8274405611058,219.97023519542483,641.2767261055609,248.91865369346408,0.9999510049819946,0.9976565837860107,
2026-07-15T23:44:16.184,49.356824026908726,20260715_234326_front_fusion_ego_2615,egofpsfast_10,fusion_ego_2615,6722467,0,vehicle,0.9184142351150513,-46.756117876835596,-59.012863839498976,1.7012285698243004,159.02045439643345,8.631697654724121,3.007899284362793,3.899005889892578,27.176611122874924,537.0859375,216.66666666666669,489.3703517019749,196.83068494002026,584.8015232980251,236.5026483933131,0.025903532281517982,0.9999990463256836,
2026-07-15T23:44:16.184,49.356824026908726,20260715_234326_front_fusion_ego_2615,egofpsfast_10,fusion_ego_2615,6722467,1,vehicle,0.8469910621643066,-48.77544221004547,-70.56257073204043,1.763975803599861,83.30889149890471,7.8368000984191895,2.820301055908203,3.670234441757202,26.578533637930178,395.86458333333337,216.66666666666669,369.94202660148346,195.447979370753,421.7871400651833,237.88535396258038,0.002553750528022647,0.9999992847442627,
2026-07-15T23:44:16.184,49.356824026908726,20260715_234326_front_fusion_ego_2615,egofpsfast_10,fusion_ego_2615,6722467,2,person,0.3695594072341919,-52.01632220386077,-53.09377870821397,1.082191726138134,159.01696270353037,0.33939826488494873,0.4319525361061096,1.937565803527832,23.406016229885868,634.9401041666667,226.66666666666669,630.7802697091054,215.14095435539883,639.0999386242281,238.19237897793454,0.9999878406524658,0.9831429123878479,
2026-07-15T23:44:16.302,49.4748212689301,20260715_234326_front_fusion_ego_2615,egofpsfast_10,fusion_ego_2615,6722468,0,vehicle,0.872973620891571,-50.20880984903437,-69.29738259274106,1.764893396255383,77.97406334187983,7.953985214233398,2.889972686767578,3.6472434997558594,24.23514347100236,386.96875,216.66666666666669,359.66244265437126,194.50871805349988,414.27505734562874,238.8246152798335,0.0002699901524465531,0.9999970197677612,
2026-07-15T23:44:16.302,49.4748212689301,20260715_234326_front_fusion_ego_2615,egofpsfast_10,fusion_ego_2615,6722468,1,vehicle,0.7025678753852844,-46.678222873051766,-57.62295410104012,1.6949289218520671,168.85179284711742,8.184185028076172,2.944127321243286,3.6321818828582764,26.83751865280374,529.3020833333334,216.66666666666669,484.9762642880281,197.94161478678387,573.6279023786386,235.3917185465495,0.02986905165016651,0.9999954700469971,
2026-07-15T23:44:16.302,49.4748212689301,20260715_234326_front_fusion_ego_2615,egofpsfast_10,fusion_ego_2615,6722468,2,person,0.44172972440719604,-50.92820826437664,-54.72492873521935,0.9312131390185201,145.59232283413223,0.4391041398048401,0.4428677260875702,1.8794407844543457,23.34468200686872,634.9401041666667,226.66666666666669,630.9231450964387,215.54060349861783,638.9570632368948,237.79272983471554,0.999994158744812,0.9933403134346008,
2026-07-15T23:44:16.422,49.59496447292622,20260715_234326_front_fusion_ego_2615,egofpsfast_10,fusion_ego_2615,6722469,0,vehicle,0.7493502497673035,-46.872444992363704,-60.31833493631315,1.7475155329709902,158.68526098526533,8.250648498535156,2.935967206954956,3.641517400741577,25.791508579029536,528.1901041666667,216.66666666666669,487.43872566024464,198.1698815027873,568.9414826730888,235.16345183054608,0.13374964892864227,0.9999827146530151,
2026-07-15T23:44:16.422,49.59496447292622,20260715_234326_front_fusion_ego_2615,egofpsfast_10,fusion_ego_2615,6722469,1,vehicle,0.676763653755188,-50.058844355672335,-69.45823425118007,1.6445477327414875,97.80228688792675,7.824008941650391,2.793572187423706,3.5880565643310547,23.862903320252226,378.0729166666667,216.66666666666669,346.9825973759095,191.17720882097882,409.16323595742386,242.15612451235455,0.0012849743943661451,0.999994158744812,
2026-07-15T23:44:16.422,49.59496447292622,20260715_234326_front_fusion_ego_2615,egofpsfast_10,fusion_ego_2615,6722469,2,person,0.2940014898777008,-50.9929709269356,-55.23293836655872,0.8817333922225474,152.40052895046844,0.3831786513328552,0.4198238253593445,1.9316657781600952,22.589309542078944,634.9401041666667,226.66666666666669,630.8353751000639,214.57662651936215,639.0448332332696,238.75670681397122,0.9999878406524658,0.9848318696022034,
2026-07-15T23:44:16.552,49.724278474925086,20260715_234326_front_fusion_ego_2615,egofpsfast_10,fusion_ego_2615,6722470,0,vehicle,0.9149798154830933,-50.72358045235342,-69.36793026031765,1.7805291422008729,104.96581491397211,8.420954704284668,2.996304988861084,3.8621866703033447,22.654788034747394,369.17708333333337,216.66666666666669,336.00593574096763,188.1720582644145,402.3482309256991,245.16127506891888,0.0005625428748317063,0.999995231628418,
2026-07-15T23:44:16.552,49.724278474925086,20260715_234326_front_fusion_ego_2615,egofpsfast_10,fusion_ego_2615,6722470,1,vehicle,0.4764002561569214,-47.16130295508724,-61.22742286247535,1.732525573344764,121.01483057960252,8.273697853088379,2.914475917816162,3.783254861831665,24.89873520046447,528.1901041666667,216.66666666666669,486.1070211256544,196.1584822336833,570.273187207679,237.17485109965008,0.04462862387299538,0.999929666519165,
2026-07-15T23:44:16.552,49.724278474925086,20260715_234326_front_fusion_ego_2615,egofpsfast_10,fusion_ego_2615,6722470,2,person,0.3974958658218384,-50.57133075467137,-59.93044474941929,0.903170171478854,164.42233956219434,0.4215177893638611,0.44986242055892944,1.9079996347427368,21.568116106366574,634.9401041666667,226.66666666666669,630.8553184882428,215.53776840368909,639.0248898450907,237.79556492964429,0.9999436140060425,0.9920520782470703,
2026-07-15T23:44:16.552,49.724278474925086,20260715_234326_front_fusion_ego_2615,egofpsfast_10,fusion_ego_2615,6722470,3,person,0.26284676790237427,-54.99626854678169,-59.21304414570278,1.185220082034809,133.70212972113302,0.6762838959693909,0.48211535811424255,2.1031174659729004,17.247474115683588,680.53125,226.66666666666669,675.3763458561152,212.17581699291867,685.6861541438848,241.1575163404147,0.9909551739692688,0.9177992343902588,
2026-07-15T23:44:16.679,49.851719446945935,20260715_234326_front_fusion_ego_2615,egofpsfast_10,fusion_ego_2615,6722471,0,vehicle,0.8965173363685608,-51.64397230648687,-69.69610718291321,1.693945616685495,107.9686905372906,8.017574310302734,2.876812219619751,3.744521141052246,21.373049638592466,360.28125,216.66666666666669,323.6324177235365,185.17325202624005,396.9300822764635,248.16008130709332,0.0007561618695035577,0.9999904632568359,
2026-07-15T23:44:16.679,49.851719446945935,20260715_234326_front_fusion_ego_2615,egofpsfast_10,fusion_ego_2615,6722471,1,vehicle,0.7994559407234192,-46.672113153330656,-61.738856579658965,1.7017782196000044,176.22232519049857,8.457281112670898,3.065448760986328,3.7270970344543457,24.822128302271796,520.40625,216.66666666666669,471.74057471007114,195.58381895224255,569.0719252899289,237.74951438109082,0.02557702362537384,0.9999866485595703,
2026-07-15T23:44:16.679,49.851719446945935,20260715_234326_front_fusion_ego_2615,egofpsfast_10,fusion_ego_2615,6722471,2,person,0.4453981816768646,-49.10104380069416,-54.12683217318313,0.7848335468418286,152.6473713249597,0.47183170914649963,0.4326092600822449,1.9062695503234863,23.67408269748768,634.9401041666667,226.66666666666669,631.1199511435505,215.81717322270077,638.760257189783,237.5161601106326,0.9999020099639893,0.9895665645599365,
2026-07-15T23:44:16.679,49.851719446945935,20260715_234326_front_fusion_ego_2615,egofpsfast_10,fusion_ego_2615,6722471,3,vehicle,0.10965269804000854,-48.81902355786488,-46.88084542334053,0.8332011378261459,56.346242308824344,4.697895526885986,1.8691902160644531,1.8111141920089722,27.137009918012925,839.5442708333334,225.55555555555557,810.3324652065834,212.32128504249786,868.7560764600834,238.78982606861328,0.21296362578868866,0.9984801411628723,
2026-07-15T23:44:16.798,49.97042013192549,20260715_234326_front_fusion_ego_2615,egofpsfast_10,fusion_ego_2615,6722472,0,vehicle,0.6839805245399475,-52.061278848274675,-70.3970347557421,1.6425212234061934,94.26710640718412,7.636265754699707,2.7435684204101562,3.5524580478668213,20.7472693085826,350.2734375,216.66666666666669,313.21613281965256,186.94118360678357,387.33074218034744,246.3921497265498,0.00542299123480916,0.9999817609786987,
2026-07-15T23:44:16.798,49.97042013192549,20260715_234326_front_fusion_ego_2615,egofpsfast_10,fusion_ego_2615,6722472,1,vehicle,0.6087151169776917,-46.905740596742945,-61.20765301843616,1.7005185441643005,119.17653226631735,8.156076431274414,2.9043824672698975,3.683079719543457,24.04659202948582,519.2942708333334,216.66666666666669,474.04866511126363,196.74141387144726,564.5398765554031,236.5919194618861,0.07339391857385635,0.9999895095825195,
2026-07-15T23:44:16.798,49.97042013192549,20260715_234326_front_fusion_ego_2615,egofpsfast_10,fusion_ego_2615,6722472,2,person,0.254508376121521,-49.72564369792834,-53.4425294311963,0.9719646494757215,137.64364975855872,0.7683597803115845,0.565618634223938,1.9201734066009521,22.813179902930226,636.0520833333334,226.66666666666669,631.8331082792332,215.60835431019467,640.2710583874335,237.7249790231387,0.9972973465919495,0.97232586145401,
2026-07-15T23:44:16.923,50.09622921992559,20260715_234326_front_fusion_ego_2615,egofpsfast_10,fusion_ego_2615,6722473,0,vehicle,0.6284663677215576,-53.324883920775214,-71.19002135012335,1.6088077528917664,93.7371416500564,7.3415632247924805,2.6929445266723633,3.539738178253174,19.478757945039025,332.48177083333337,216.66666666666669,287.2959308524927,187.06892828146619,377.66761081417405,246.2644050518672,0.004254544153809547,0.9999204874038696,
2026-07-15T23:44:16.923,50.09622921992559,20260715_234326_front_fusion_ego_2615,egofpsfast_10,fusion_ego_2615,6722473,1,vehicle,0.5998681783676147,-46.07793943827784,-59.392382144097816,1.7020131119313229,154.37407038558104,8.419600486755371,3.0007150173187256,3.7838027477264404,24.449834196461676,511.5104166666667,216.66666666666669,466.02325376371545,195.64238051573437,556.997579569618,237.690952817599,0.008482595905661583,0.9999991655349731,
2026-07-15T23:44:16.923,50.09622921992559,20260715_234326_front_fusion_ego_2615,egofpsfast_10,fusion_ego_2615,6722473,2,person,0.4990512430667877,-50.677593843644985,-52.54873564608944,0.8535583913959259,150.03767634566142,0.6532861590385437,0.49150002002716064,1.9113202095031738,21.81156915333529,636.0520833333334,226.66666666666669,631.5770653982958,214.94239310423535,640.527101268371,238.39094022909802,0.9993116855621338,0.9904391765594482,
2026-07-15T23:44:17.043,50.21567464992404,20260715_234326_front_fusion_ego_2615,egofpsfast_10,fusion_ego_2615,6722474,0,vehicle,0.7489825487136841,-47.30566807917967,-60.920281593903105,1.6192049478036772,129.88724032877388,8.02965259552002,2.933180093765259,3.560350179672241,22.59008222363987,511.5104166666667,216.66666666666669,465.8589218358199,194.39074913660687,557.1619114975135,238.9425841967265,0.03354743868112564,0.9999923706054688,
2026-07-15T23:44:17.043,50.21567464992404,20260715_234326_front_fusion_ego_2615,egofpsfast_10,fusion_ego_2615,6722474,1,vehicle,0.7402483224868774,-53.642640421928874,-72.35295555101587,1.6684112238097055,79.76377906145026,7.783472537994385,2.818230390548706,3.5888571739196777,19.341079479259154,314.6901041666667,216.66666666666669,252.39518340925378,184.17484442392987,376.9850249240796,249.1584889094035,0.11494410783052444,0.9999991655349731,
2026-07-15T23:44:17.043,50.21567464992404,20260715_234326_front_fusion_ego_2615,egofpsfast_10,fusion_ego_2615,6722474,2,person,0.5248447060585022,-48.44614688472819,-53.46812218088132,0.8219040022302564,148.53342074380333,0.4126434326171875,0.4305490255355835,1.839740514755249,23.01894929041862,636.0520833333334,226.66666666666669,632.237584847336,216.046246389548,639.8665818193307,237.28708694378537,0.9996875524520874,0.9890646934509277,
2026-07-15T23:44:17.161,50.33427083992865,20260715_234326_front_fusion_ego_2615,egofpsfast_10,fusion_ego_2615,6722475,0,vehicle,0.684225857257843,-55.75663882320161,-71.76050497448699,1.8740841060952604,-5.54499799757297,8.200224876403809,2.9581656455993652,3.821132183074951,16.83181198019853,288.0026041666667,216.66666666666669,209.3070872227351,168.59799067179364,366.69812111059827,264.73534266153973,0.21879716217517853,0.9999997615814209,
2026-07-15T23:44:17.161,50.33427083992865,20260715_234326_front_fusion_ego_2615,egofpsfast_10,fusion_ego_2615,6722475,1,vehicle,0.602084219455719,-47.1511208720643,-62.8469003202161,1.6221877133233185,98.25579361426809,7.995403289794922,2.894794464111328,3.578904390335083,22.229816505097666,510.39843750000006,216.66666666666669,463.94377013295895,195.93899706999463,556.8531048670411,237.39433626333874,0.09318330883979797,0.999969482421875,
2026-07-15T23:44:17.161,50.33427083992865,20260715_234326_front_fusion_ego_2615,egofpsfast_10,fusion_ego_2615,6722475,2,person,0.49063223600387573,-48.88687036092132,-53.437193261955024,0.8291925400941036,150.20783677349178,0.47185173630714417,0.4459455907344818,1.8244773149490356,22.144514429537736,636.0520833333334,226.66666666666669,632.174874324662,215.74123988548916,639.9292923420047,237.5920934478442,0.9995916485786438,0.9817662835121155,
2026-07-15T23:44:17.282,50.45396282791626,20260715_234326_front_fusion_ego_2615,egofpsfast_10,fusion_ego_2615,6722476,0,vehicle,0.9778979420661926,-57.8873087288695,-69.35957177506994,1.9533048817810916,58.3662752064777,8.989487648010254,3.118928909301758,3.9806008338928223,13.288068743366614,253.53125000000003,208.88888888888889,118.82373595237733,110.73420100741917,388.2387640476227,307.04357677035864,0.6375284194946289,0.9999991655349731,
2026-07-15T23:44:17.282,50.45396282791626,20260715_234326_front_fusion_ego_2615,egofpsfast_10,fusion_ego_2615,6722476,1,vehicle,0.5060278177261353,-47.33924179262395,-65.0586039626939,1.592914262874873,90.32497541655962,7.998684406280518,2.8735666275024414,3.6223199367523193,21.747669743453347,510.39843750000006,216.66666666666669,461.22197286784655,194.2777458826701,559.5749021321535,239.05558745066327,0.1594323068857193,0.9998859167098999,
2026-07-15T23:44:17.282,50.45396282791626,20260715_234326_front_fusion_ego_2615,egofpsfast_10,fusion_ego_2615,6722476,2,person,0.35168781876564026,-47.74904076164388,-51.876429403839005,0.9738313580345204,159.62507899534216,0.31742921471595764,0.38136792182922363,2.0408403873443604,23.352339087002168,643.8359375,226.66666666666669,640.0000170711428,214.38596437374753,647.6718579288572,238.94736895958584,1.0,0.9984228610992432,
2026-07-15T23:44:17.421,50.593757384922355,20260715_234326_front_fusion_ego_2615,egofpsfast_10,fusion_ego_2615,6722477,0,vehicle,0.7766484618186951,-58.82381007831051,-69.27361402143272,1.7959662762891695,47.04465567925597,8.874086380004883,3.003934383392334,3.961271047592163,12.068387181481631,200.15625,200.0,16.503794372081757,77.66729354858398,383.80870562791824,322.332706451416,0.21278619766235352,0.9851869940757751,
2026-07-15T23:44:17.421,50.593757384922355,20260715_234326_front_fusion_ego_2615,egofpsfast_10,fusion_ego_2615,6722477,1,person,0.49139708280563354,-49.046779620810184,-52.50928077445942,0.8767328143446993,156.6370249715002,0.22442704439163208,0.34514933824539185,1.9773283004760742,21.467203232353366,643.8359375,226.66666666666669,639.7936214953661,213.29716900984448,647.8782535046339,240.0361643234889,0.9999998807907104,0.9980156421661377,
2026-07-15T23:44:17.421,50.593757384922355,20260715_234326_front_fusion_ego_2615,egofpsfast_10,fusion_ego_2615,6722477,2,vehicle,0.37504541873931885,-45.82077879980935,-66.09590696528814,1.650500203289944,56.753550374909985,8.264290809631348,2.945054531097412,3.8315439224243164,22.924974121650806,510.39843750000006,216.66666666666669,467.53009319305426,193.27803472677869,553.2667818069458,240.0552986065547,0.6215710043907166,0.9998371601104736,
2026-07-15T23:44:17.541,50.71354794094805,20260715_234326_front_fusion_ego_2615,egofpsfast_10,fusion_ego_2615,6722478,0,person,0.539557695388794,-50.22444166285348,-54.171057989311095,0.940919255448736,161.88700085935818,0.3338777720928192,0.36761096119880676,2.0137455463409424,19.26109450558326,643.8359375,226.66666666666669,639.4847586601973,212.93246010939282,648.1871163398027,240.40087322394055,0.9999996423721313,0.9979534149169922,
2026-07-15T23:44:17.541,50.71354794094805,20260715_234326_front_fusion_ego_2615,egofpsfast_10,fusion_ego_2615,6722478,1,vehicle,0.34231454133987427,-45.10469655924524,-63.67839739039256,1.6364985531692144,60.69607348624308,7.962529182434082,2.9048850536346436,3.587634801864624,22.831812050534538,502.61458333333337,216.66666666666669,457.42971367885673,195.09825865427655,547.79945298781,238.23507467905682,0.0800313949584961,0.9993910789489746,
2026-07-15T23:44:17.541,50.71354794094805,20260715_234326_front_fusion_ego_2615,egofpsfast_10,fusion_ego_2615,6722478,2,vehicle,0.2210272252559662,-61.19564055553502,-67.13664308289509,1.7225261561845864,8.371914623063859,7.441413879394531,2.4598255157470703,3.8428287506103516,8.493662623040919,118.98177083333334,200.0,18.277292211850487,53.01955223083496,219.6862494548162,346.98044776916504,0.9731627106666565,0.9880062937736511,
2026-07-15T23:44:17.541,50.71354794094805,20260715_234326_front_fusion_ego_2615,egofpsfast_10,fusion_ego_2615,6722478,3,vehicle,0.1275719255208969,-60.75528655287052,-68.97466387420074,1.4659886699516917,-9.457337813929112,7.259467124938965,2.3762826919555664,3.549495220184326,10.043268010896139,110.08593750000001,190.0,-35.19827389717102,73.54672431945801,255.37014889717105,306.453275680542,0.7271639108657837,0.804314136505127,
2026-07-15T23:44:17.664,50.8364278859226,20260715_234326_front_fusion_ego_2615,egofpsfast_10,fusion_ego_2615,6722479,0,person,0.5555205941200256,-49.06622583266518,-58.40487576055517,0.9690238609104158,160.4075227897865,0.5567686557769775,0.4677189290523529,1.982548475265503,18.656866394503506,643.8359375,226.66666666666669,639.5007089963183,213.62393538157147,648.1711660036817,239.7093979517619,0.9999927282333374,0.9948351383209229,
2026-07-15T23:44:17.664,50.8364278859226,20260715_234326_front_fusion_ego_2615,egofpsfast_10,fusion_ego_2615,6722479,1,vehicle,0.54184889793396,-45.031085021686835,-64.93109385718284,1.662806448042545,92.30512041257352,8.171947479248047,2.9550046920776367,3.6644978523254395,22.56242009472377,501.5026041666667,216.66666666666669,454.08559574435156,194.38888053099316,548.9196125889819,238.9444528023402,0.10200086236000061,0.9989510774612427,
2026-07-15T23:44:17.664,50.8364278859226,20260715_234326_front_fusion_ego_2615,egofpsfast_10,fusion_ego_2615,6722479,2,vehicle,0.21596963703632355,-44.562463585792216,-60.91982092847541,0.722540628378777,-178.67976942678476,5.08002233505249,1.955888271331787,1.717975378036499,22.8587092493544,760.59375,226.66666666666669,719.5063999667764,217.02597598234814,801.6811000332236,236.30735735098523,0.6656033992767334,0.9999239444732666,
2026-07-15T23:44:17.664,50.8364278859226,20260715_234326_front_fusion_ego_2615,egofpsfast_10,fusion_ego_2615,6722479,3,vehicle,0.14728964865207672,-53.29033369280698,-78.51444176667678,1.294468532337901,38.1691447586788,5.809842109680176,2.1861202716827393,2.812391757965088,21.798928191164038,154.56510416666669,234.44444444444446,119.58315260211627,208.85352578428058,189.54705573121709,260.03536310460834,0.043266650289297104,0.10516179352998734,
2026-07-15T23:44:17.664,50.8364278859226,20260715_234326_front_fusion_ego_2615,egofpsfast_10,fusion_ego_2615,6722479,4,vehicle,0.12971429526805878,-61.66180748646029,-66.48196134308645,1.759037604142005,26.160400239485053,7.047528266906738,2.5734713077545166,3.301881790161133,7.344284166155915,199.04427083333334,191.11111111111111,123.74404354890189,133.8890356487698,274.34449811776483,248.33318657345242,0.029570698738098145,0.989626407623291,
2026-07-15T23:44:17.664,50.8364278859226,20260715_234326_front_fusion_ego_2615,egofpsfast_10,fusion_ego_2615,6722479,5,vehicle,0.11241855472326279,-30.44135058405034,-66.22608797153782,0.809620664020132,-46.61152971971256,5.032017230987549,1.9837734699249268,1.8112640380859375,37.2060200629412,421.4401041666667,225.55555555555557,411.4680911420534,218.97281739446854,431.41211719127995,232.1382937166426,0.620754599571228,0.9999947547912598,
2026-07-15T23:44:17.793,50.9659958279226,20260715_234326_front_fusion_ego_2615,egofpsfast_10,fusion_ego_2615,6722480,0,person,0.4451513886451721,-48.86175661410178,-52.80873283820664,0.8432638957407939,155.81597967058926,0.42338910698890686,0.4053172767162323,1.8951144218444824,20.223630664335758,643.8359375,226.66666666666669,639.1464690873399,214.06626115242642,648.5254059126601,239.26707218090695,0.999985933303833,0.9928650856018066,
2026-07-15T23:44:17.793,50.9659958279226,20260715_234326_front_fusion_ego_2615,egofpsfast_10,fusion_ego_2615,6722480,1,vehicle,0.38390958309173584,-44.13122217957036,-66.05029726609176,1.67719234882756,50.98100076607422,8.202284812927246,2.9292867183685303,3.850969076156616,23.163391981518195,501.5026041666667,216.66666666666669,461.80761838207644,194.00162140528363,541.197589951257,239.33171192804974,0.40867123007774353,0.9961572289466858,
2026-07-15T23:44:17.793,50.9659958279226,20260715_234326_front_fusion_ego_2615,egofpsfast_10,fusion_ego_2615,6722480,2,vehicle,0.1462242305278778,-60.45404792831032,-70.28332092912493,2.200578235642107,18.509744072208775,8.03117847442627,2.8432109355926514,4.159310340881348,10.613802560287741,234.62760416666669,207.7777777777778,160.59991695980233,119.3734704123603,308.65529137353104,296.18208514319525,0.18589693307876587,0.9980619549751282,
2026-07-15T23:44:17.924,51.09686191997025,20260715_234326_front_fusion_ego_2615,egofpsfast_10,fusion_ego_2615,6722481,0,vehicle,0.3433302342891693,-44.07240394654213,-61.08958884110974,1.7393271263635928,51.61211955256026,8.556200981140137,2.9575815200805664,3.922053098678589,22.40146802065349,501.5026041666667,216.66666666666669,463.19287220637005,193.66905609766644,539.8123361269634,239.66427723566693,0.7632343769073486,0.9973822236061096,
2026-07-15T23:44:17.924,51.09686191997025,20260715_234326_front_fusion_ego_2615,egofpsfast_10,fusion_ego_2615,6722481,1,person,0.3152095377445221,-48.51108302591466,-51.15558854905498,0.7863330332339968,158.88596500991835,0.39731448888778687,0.38783085346221924,1.8378467559814453,20.92766374050474,644.9479166666667,226.66666666666669,639.7241630951564,213.744462231795,650.1716702381771,239.58887110153836,0.9999725818634033,0.9972819089889526,
2026-07-15T23:44:17.924,51.09686191997025,20260715_234326_front_fusion_ego_2615,egofpsfast_10,fusion_ego_2615,6722481,2,person,0.146382674574852,-39.031597639450695,-77.85635125332291,1.0722780677076864,125.806030716749,0.6880824565887451,0.4942227303981781,1.8755995035171509,31.735718977443685,288.0026041666667,225.55555555555557,284.80529289940995,217.66476932499145,291.1999154339234,233.4463417861197,0.9999998807907104,0.9969093203544617,
2026-07-15T23:44:17.924,51.09686191997025,20260715_234326_front_fusion_ego_2615,egofpsfast_10,fusion_ego_2615,6722481,3,vehicle,0.1323249489068985,-62.142697736285285,-68.7466525564816,1.5517183540283903,-49.05860934876811,5.857378959655762,2.218280553817749,2.781898021697998,8.097098939360635,111.19791666666667,243.33333333333334,49.319587240616485,159.7589119275411,173.07624609271687,326.9077547391256,0.7222371101379395,0.9513639807701111,
2026-07-15T23:44:18.048,51.22068746294826,20260715_234326_front_fusion_ego_2615,egofpsfast_10,fusion_ego_2615,6722482,0,person,0.6258080005645752,-46.87890301910551,-50.31311348975612,0.7319092832235121,153.99968029610608,0.30607303977012634,0.33941778540611267,1.8385963439941406,22.37553297577931,644.9479166666667,226.66666666666669,640.0766019352402,214.55044011274975,649.8192313980933,238.78289322058362,0.999971866607666,0.9964519739151001,
2026-07-15T23:44:18.048,51.22068746294826,20260715_234326_front_fusion_ego_2615,egofpsfast_10,fusion_ego_2615,6722482,1,vehicle,0.615933358669281,-64.81925565360872,-67.83199455805135,1.7444669243010802,-12.537078830115233,7.443514823913574,2.688962936401367,3.636561870574951,6.0584014987284425,163.4609375,200.0,96.32772134244442,109.47186231613159,230.5941536575556,290.5281376838684,0.6897986531257629,0.9425151348114014,
2026-07-15T23:44:18.048,51.22068746294826,20260715_234326_front_fusion_ego_2615,egofpsfast_10,fusion_ego_2615,6722482,2,vehicle,0.4965483844280243,-49.565174880966964,-61.0495648758186,1.7971723175825174,49.377793301220244,8.686219215393066,2.9833154678344727,4.237057685852051,16.466623749556703,492.60677083333337,208.88888888888889,447.37093836565816,172.58564405971103,537.8426033010086,245.19213371806674,0.010364997200667858,0.9999997615814209,
2026-07-15T23:44:18.048,51.22068746294826,20260715_234326_front_fusion_ego_2615,egofpsfast_10,fusion_ego_2615,6722482,3,vehicle,0.239542156457901,-61.97575277331606,-69.16132576724105,2.152945731132114,-17.21070627565938,8.868552207946777,3.0986392498016357,3.9783775806427,8.334122094435545,153.453125,207.7777777777778,80.72351177036762,130.4995952712165,226.1827382296324,285.05596028433905,0.5872228145599365,0.9968743324279785,
2026-07-15T23:44:18.181,51.35415518900845,20260715_234326_front_fusion_ego_2615,egofpsfast_10,fusion_ego_2615,6722483,0,vehicle,0.5311934947967529,-48.27464922412796,-59.883892231705204,1.7302178440978657,77.46322657306806,8.222227096557617,2.8546581268310547,4.178811073303223,17.4092249312398,492.60677083333337,208.88888888888889,450.0479320039352,174.49924283557468,535.1656096627315,243.2785349422031,0.010081450454890728,0.9999995231628418,
2026-07-15T23:44:18.181,51.35415518900845,20260715_234326_front_fusion_ego_2615,egofpsfast_10,fusion_ego_2615,6722483,1,person,0.49291443824768066,-48.38804547816119,-51.09358848086103,0.7792901576320004,159.54472591810628,0.3447206914424896,0.3841629922389984,1.8078480958938599,20.304489940332854,644.9479166666667,226.66666666666669,639.2862599768366,214.20193175474805,650.6095733564969,239.13140157858533,0.999870777130127,0.9903736114501953,
2026-07-15T23:44:18.313,51.485889705014415,20260715_234326_front_fusion_ego_2615,egofpsfast_10,fusion_ego_2615,6722484,0,vehicle,0.5659928321838379,-44.09409179489252,-58.58822593987347,1.6663660718605502,51.84961495196906,8.579644203186035,3.031118631362915,3.9174723625183105,21.31757324670427,492.60677083333337,216.66666666666669,444.15540723254287,189.2745230595271,541.0581344341239,244.05881027380627,0.5646118521690369,0.9998685121536255,
2026-07-15T23:44:18.313,51.485889705014415,20260715_234326_front_fusion_ego_2615,egofpsfast_10,fusion_ego_2615,6722484,1,person,0.5007362961769104,-46.849568630757226,-50.70987408053339,0.7348795698567612,150.6164061711781,0.36143893003463745,0.4018484950065613,1.8306385278701782,21.462829768183404,644.9479166666667,226.66666666666669,639.8900586801271,215.0330177942912,650.0057746532063,238.30031553904217,0.9997535347938538,0.9869982600212097,
2026-07-15T23:44:18.430,51.602871548966505,20260715_234326_front_fusion_ego_2615,egofpsfast_10,fusion_ego_2615,6722485,0,vehicle,0.5795935392379761,-43.910658939892855,-58.14194261447863,1.6665448092832023,68.90631505451995,8.473812103271484,2.955636978149414,3.9664926528930664,21.175860043670934,492.60677083333337,216.66666666666669,445.78824062397086,188.8690374294917,539.4253010426959,244.46429590384167,0.873649537563324,0.9997758269309998,
2026-07-15T23:44:18.430,51.602871548966505,20260715_234326_front_fusion_ego_2615,egofpsfast_10,fusion_ego_2615,6722485,1,person,0.4273766279220581,-46.91772583075439,-50.92660359533649,0.7686766292461087,154.57025724993628,0.36964040994644165,0.39364737272262573,1.811698079109192,20.94829392927199,644.9479166666667,226.66666666666669,639.8155547153826,214.44380352894467,650.0802786179509,238.8895298043887,0.9993699193000793,0.9853612780570984,
2026-07-15T23:44:18.430,51.602871548966505,20260715_234326_front_fusion_ego_2615,egofpsfast_10,fusion_ego_2615,6722485,2,vehicle,0.2175500988960266,-31.223787088094404,-62.767998288240044,0.9847869736067503,-87.35009267644052,5.221234321594238,2.029938220977783,2.1271777153015137,33.54258075076793,412.54427083333337,225.55555555555557,400.9828958337506,217.05961916181778,424.10564583291614,234.05149194929336,0.9323497414588928,0.9999934434890747,
2026-07-15T23:44:18.557,51.729603351908736,20260715_234326_front_fusion_ego_2615,egofpsfast_10,fusion_ego_2615,6722486,0,vehicle,0.6846370100975037,-46.41892957599203,-59.492493591264044,1.8541414939854046,74.56581899416524,8.056446075439453,2.9394659996032715,3.924445390701294,18.053658472410223,484.8229166666667,216.66666666666669,424.4619549761216,187.75818983713788,545.1838783572118,245.5751434961955,0.07170987129211426,0.999601423740387,
2026-07-15T23:44:18.557,51.729603351908736,20260715_234326_front_fusion_ego_2615,egofpsfast_10,fusion_ego_2615,6722486,1,person,0.3105216920375824,-47.020182054716656,-48.93789303148919,0.8723289624685391,153.12063634666916,0.3269459307193756,0.39024510979652405,1.9314066171646118,21.61517303576243,652.7317708333334,226.66666666666669,647.0682633652663,213.63843093315762,658.3952783014005,239.69490240017575,0.9999904632568359,0.9680822491645813,
2026-07-15T23:44:18.684,51.85649402590934,20260715_234326_front_fusion_ego_2615,egofpsfast_10,fusion_ego_2615,6722487,0,vehicle,0.6775451898574829,-46.75618599876984,-59.037705274609806,1.8335199171545238,105.7873133301138,8.021402359008789,2.901094436645508,3.8140132427215576,17.29148104770837,484.8229166666667,216.66666666666669,424.04724066952866,188.36713532606763,545.5985926638048,244.96619800726575,0.033337030559778214,0.9999542236328125,
2026-07-15T23:44:18.684,51.85649402590934,20260715_234326_front_fusion_ego_2615,egofpsfast_10,fusion_ego_2615,6722487,1,vehicle,0.34810250997543335,-42.85327660278402,-70.07168672212627,1.1751900506630983,-172.24661710286375,5.250860691070557,1.9922564029693604,1.9793636798858643,22.49354936081391,742.8020833333334,226.66666666666669,691.7135031123956,214.42622701327008,793.8906635542711,238.9071063200633,0.02001667395234108,0.9999872446060181,
2026-07-15T23:44:18.684,51.85649402590934,20260715_234326_front_fusion_ego_2615,egofpsfast_10,fusion_ego_2615,6722487,2,person,0.23389555513858795,-48.927534123907115,-50.88383938455206,0.8158756335014701,138.47663524661579,0.26802965998649597,0.39022472500801086,1.7301589250564575,18.524900473223717,653.84375,234.44444444444446,645.9672585632652,218.4537830617693,661.7202414367348,250.43510582711963,0.9999477863311768,0.9971789121627808,
2026-07-15T23:44:18.684,51.85649402590934,20260715_234326_front_fusion_ego_2615,egofpsfast_10,fusion_ego_2615,6722487,3,vehicle,0.15893208980560303,-44.82849305090269,-73.84034957546588,0.7046916092624773,52.25390375046193,4.429075241088867,1.8182737827301025,1.123199462890625,22.437387571820132,707.21875,234.44444444444446,673.9411814659834,226.46604206826953,740.4963185340166,242.42284682061938,0.9497094750404358,0.9944741129875183,
2026-07-15T23:44:18.684,51.85649402590934,20260715_234326_front_fusion_ego_2615,egofpsfast_10,fusion_ego_2615,6722487,4,person,0.1491052806377411,-54.94475036199492,-82.68296963826222,1.0620783340191247,-90.57920727129962,0.3565284013748169,0.28986266255378723,2.0988266468048096,22.599864117636862,1.1119791666666667,235.55555555555557,-0.9631458826673528,216.2567863199446,3.1871042160006864,254.85432479116653,0.9998694658279419,0.6940145492553711,
2026-07-15T23:44:18.829,52.001501210965216,20260715_234326_front_fusion_ego_2615,egofpsfast_10,fusion_ego_2615,6722488,0,person,0.3388320207595825,-48.95617359197478,-53.42865633771431,0.7114178836845504,114.75164385868986,0.350477933883667,0.4011496603488922,1.7622487545013428,16.66884705496759,661.6276041666667,234.44444444444446,653.7915117113541,219.20628395345477,669.4636966219794,249.68260493543414,0.9999983310699463,0.9990149736404419,
2026-07-15T23:44:18.829,52.001501210965216,20260715_234326_front_fusion_ego_2615,egofpsfast_10,fusion_ego_2615,6722488,1,vehicle,0.2986169457435608,-43.66468517045246,-76.63986986221727,1.1044453975354092,-120.86751114714666,5.131207466125488,1.967597484588623,1.9267668724060059,24.549428303028993,742.8020833333334,226.66666666666669,695.2013841768106,214.05395964781445,790.4027824898561,239.27937368551892,0.011200389824807644,0.9999890327453613,
2026-07-15T23:44:18.829,52.001501210965216,20260715_234326_front_fusion_ego_2615,egofpsfast_10,fusion_ego_2615,6722488,2,vehicle,0.28842103481292725,-48.09585730053523,-58.75647823129314,1.909825343105474,75.89582932611106,8.069966316223145,2.8158023357391357,4.057717800140381,15.52217333371113,475.92708333333337,208.88888888888889,429.5769662459692,174.3466501765781,522.2772004206976,243.43112760119968,0.001562406774610281,0.9999982118606567,
2026-07-15T23:44:18.957,52.130139374989085,20260715_234326_front_fusion_ego_2615,egofpsfast_10,fusion_ego_2615,6722489,0,person,0.5103644728660583,-45.7856543690825,-48.84636317583239,0.8934455130402719,172.70524475620468,0.3551517724990845,0.39713335037231445,1.9645397663116455,21.47538435115892,661.6276041666667,226.66666666666669,655.8010957880567,212.74122039477032,667.4541125452768,240.59211293856305,0.9999793767929077,0.996109664440155,
2026-07-15T23:44:18.957,52.130139374989085,20260715_234326_front_fusion_ego_2615,egofpsfast_10,fusion_ego_2615,6722489,1,vehicle,0.3914915919303894,-47.40197487679749,-56.96916056200787,1.7414192218682423,73.77057626771045,7.896280765533447,2.734961986541748,3.9474477767944336,16.198056768196984,475.92708333333337,208.88888888888889,434.19197523345554,174.87152987056308,517.6621914332112,242.9062479072147,0.0035530237946659327,0.9999994039535522,
2026-07-15T23:44:18.957,52.130139374989085,20260715_234326_front_fusion_ego_2615,egofpsfast_10,fusion_ego_2615,6722489,2,vehicle,0.10411405563354492,-39.17079855570782,-59.03484985831887,0.65605651179242,136.60624767598944,4.96722412109375,1.8469411134719849,1.9273098707199097,23.846212541898815,698.3229166666667,226.66666666666669,662.7402853618066,216.14988426367444,733.9055479715269,237.18344906965893,0.9658488631248474,0.9994718432426453,
2026-07-15T23:44:18.957,52.130139374989085,20260715_234326_front_fusion_ego_2615,egofpsfast_10,fusion_ego_2615,6722489,3,vehicle,0.07266446202993393,-43.52899901648759,-62.2252322551162,0.4966309319374904,-18.50317330374304,4.452935695648193,1.78943932056427,1.5210368633270264,19.329144414817264,421.4401041666667,234.44444444444446,396.7586505288879,222.74004694488315,446.12155780444544,246.14884194400577,0.04334805905818939,0.9954531192779541,
2026-07-15T23:44:18.957,52.130139374989085,20260715_234326_front_fusion_ego_2615,egofpsfast_10,fusion_ego_2615,6722489,4,vehicle,0.06753028929233551,-41.31557996667869,-47.84653179224449,0.5732182776764216,179.48004610948982,4.943704128265381,1.8112188577651978,1.877236247062683,25.712495810939572,741.6901041666667,225.55555555555557,698.6438051859539,212.4371636244986,784.7364031473796,238.67394748661255,0.3024192154407501,0.9999890327453613,
2026-07-15T23:44:19.081,52.25421617995016,20260715_234326_front_fusion_ego_2615,egofpsfast_10,fusion_ego_2615,6722490,0,vehicle,0.4390278160572052,-48.500364321489855,-57.47918073020437,1.606871474180574,65.63404199104441,7.660629749298096,2.6419689655303955,3.8793208599090576,14.62370782733221,474.8151041666667,207.7777777777778,426.7851358080904,174.5789466963874,522.845072525243,240.97660885916818,0.024102775380015373,0.9999982118606567,
2026-07-15T23:44:19.081,52.25421617995016,20260715_234326_front_fusion_ego_2615,egofpsfast_10,fusion_ego_2615,6722490,1,person,0.43522316217422485,-47.53375933261491,-51.52577726540882,0.7304645471863678,157.8206612324767,0.4085845351219177,0.39539897441864014,1.9695175886154175,18.174379763368652,662.7395833333334,226.66666666666669,656.8003480847304,210.90334574381512,668.6788185819363,242.42998758951825,0.9999655485153198,0.9988779425621033,
2026-07-15T23:44:19.081,52.25421617995016,20260715_234326_front_fusion_ego_2615,egofpsfast_10,fusion_ego_2615,6722490,2,vehicle,0.09468955546617508,-41.45560706610953,-46.69366272328189,0.5465026391013601,-149.88099781115247,4.788487911224365,1.7871744632720947,1.8315138816833496,25.92951595964087,733.90625,225.55555555555557,694.3339770957828,213.67368433210586,773.4785229042172,237.43742677900528,0.6663057208061218,0.9999749660491943,
2026-07-15T23:44:19.198,52.37107459793333,20260715_234326_front_fusion_ego_2615,egofpsfast_10,fusion_ego_2615,6722491,0,vehicle,0.6960557103157043,-47.92224266185046,-58.44681670529948,1.6330602172977933,65.64963852084017,8.248712539672852,2.8217504024505615,3.983323097229004,14.614434863232175,467.03125000000006,207.7777777777778,421.51972395181656,173.09179411994086,512.5427760481834,242.4637614356147,0.023058678954839706,0.9999990463256836,
2026-07-15T23:44:19.198,52.37107459793333,20260715_234326_front_fusion_ego_2615,egofpsfast_10,fusion_ego_2615,6722491,1,person,0.5717601776123047,-46.76507649826654,-50.263433839389464,0.7721352865001501,162.81179732450155,0.3601793646812439,0.3978077471256256,1.9424610137939453,19.277613906740715,662.7395833333334,226.66666666666669,656.5382748640453,211.01611117521924,668.9408918026214,242.31722215811413,0.9997542500495911,0.9968733191490173,
2026-07-15T23:44:19.198,52.37107459793333,20260715_234326_front_fusion_ego_2615,egofpsfast_10,fusion_ego_2615,6722491,2,vehicle,0.19794172048568726,-40.57018762244823,-48.546272382148246,0.4585208413892583,-162.63579161527673,4.637907028198242,1.7949820756912231,1.7653090953826904,25.371650291863343,725.0104166666667,225.55555555555557,687.1399880374472,214.21425941917633,762.8808452958863,236.8968516919348,0.1464153528213501,0.9999313354492188,
2026-07-15T23:44:19.335,52.508023440954275,20260715_234326_front_fusion_ego_2615,egofpsfast_10,fusion_ego_2615,6722492,0,vehicle,0.5400795340538025,-48.53547368310751,-58.45325335034636,1.6503459642142937,70.00442100767367,8.082412719726562,2.7667574882507324,3.921119213104248,13.779528318261669,465.91927083333337,207.7777777777778,413.53062826146686,171.3917385207282,518.3079134051999,244.16381703482736,0.03372856602072716,0.999998927116394,
2026-07-15T23:44:19.335,52.508023440954275,20260715_234326_front_fusion_ego_2615,egofpsfast_10,fusion_ego_2615,6722492,1,vehicle,0.4680562913417816,-39.462506038742156,-54.53902390662546,0.4401834797327462,-168.3078357119992,5.085122108459473,1.9024043083190918,1.7625168561935425,23.6132862404881,725.0104166666667,226.66666666666669,681.0637725318472,215.5840704838435,768.9570608014863,237.74926284948987,0.03793363273143768,0.9999927282333374,
2026-07-15T23:44:19.335,52.508023440954275,20260715_234326_front_fusion_ego_2615,egofpsfast_10,fusion_ego_2615,6722492,2,person,0.3515729606151581,-44.50459490550266,-49.22776301136733,0.7709751491361669,153.2852117319957,0.39043328166007996,0.4200851023197174,1.845855474472046,21.510371211617958,662.7395833333334,226.66666666666669,657.0543504965802,213.9534581700961,668.4248161700865,239.37987516323727,0.9994463324546814,0.9891079664230347,
2026-07-15T23:44:19.335,52.508023440954275,20260715_234326_front_fusion_ego_2615,egofpsfast_10,fusion_ego_2615,6722492,3,vehicle,0.0603671669960022,-39.08478519766341,-43.311634844347836,0.6439002646282912,-76.67411791635953,4.5011305809021,1.5675077438354492,1.8550409078598022,29.418086980855723,689.4270833333334,226.66666666666669,662.4856536959609,215.87364623943967,716.3685129707059,237.4596870938937,0.8512197732925415,0.9957966804504395,
