wall_time_iso,elapsed_s,run_id,run_group,stream_id,frame_id,object_index,class_name,score,world_x,world_y,world_z,yaw_deg,length_m,width_m,height_m,distance_m,center_x_px,center_y_px,bbox_x1,bbox_y1,bbox_x2,bbox_y2,parked_score,radar_support_score,radar_support_count
2026-07-15T21:48:43.043,5.949858588981442,20260715_214837_front_fusion_ego_1533,speedsweep_slow,fusion_ego_1533,6339451,0,person,0.32917991280555725,-33.894441351948586,146.23456738575922,1.4793007302729464,-16.424465249464667,0.2556048333644867,0.39684295654296875,1.7588690519332886,20.28727830922347,599.3567708333334,234.44444444444446,593.7992432856312,221.69736322429446,604.9142983810356,247.19152566459445,0.9999936819076538,0.8788617253303528,
2026-07-15T21:48:43.043,5.949858588981442,20260715_214837_front_fusion_ego_1533,speedsweep_slow,fusion_ego_1533,6339451,1,vehicle,0.19184289872646332,-18.495011839975717,134.7902017514136,2.317216977064536,-66.65839971406585,8.022869110107422,2.8985848426818848,4.15463399887085,33.56635297409471,403.6484375,217.7777777777778,384.5718641318381,201.07672082053293,422.7250108681619,234.47883473502267,0.0011811559088528156,0.9999743700027466,
2026-07-15T21:48:43.043,5.949858588981442,20260715_214837_front_fusion_ego_1533,speedsweep_slow,fusion_ego_1533,6339451,2,person,0.07259558141231537,-33.589439874404796,117.31413413158637,0.9126892943078779,175.97480294601561,0.6201109290122986,0.4526238739490509,1.7276910543441772,26.984763345437184,128.98958333333334,234.44444444444446,122.16240918946764,221.74574401643542,135.81675747719905,247.1431448724535,0.997647225856781,0.8818889856338501,
2026-07-15T21:48:43.043,5.949858588981442,20260715_214837_front_fusion_ego_1533,speedsweep_slow,fusion_ego_1533,6339451,3,person,0.05664871633052826,-34.43717664650175,116.55513652520698,1.0447523050031151,-158.1905292744763,0.5207949876785278,0.4602352976799011,1.7765876054763794,26.98242711144373,84.51041666666667,226.66666666666669,77.84530969305585,213.65947822729748,91.17552364027749,239.6738551060359,0.9921467900276184,0.9089993834495544,
2026-07-15T21:48:43.197,6.10411222698167,20260715_214837_front_fusion_ego_1533,speedsweep_slow,fusion_ego_1533,6339452,0,vehicle,0.26491227746009827,-17.412764498151503,128.3058889575715,1.3469606446892755,-124.74597059779227,4.756086826324463,1.8701030015945435,1.808525800704956,35.43352355992847,351.3854166666667,226.66666666666669,334.08988211179775,219.61232999960583,368.6809512215356,233.72100333372754,0.16395998001098633,0.9986572265625,
2026-07-15T21:48:43.197,6.10411222698167,20260715_214837_front_fusion_ego_1533,speedsweep_slow,fusion_ego_1533,6339452,1,person,0.25787243247032166,-35.92503559595029,118.17165661768107,1.3045397456535284,-92.24122851691963,0.38297024369239807,0.3830239176750183,2.0134482383728027,24.633057706688835,118.98177083333334,226.66666666666669,112.42034402706972,212.0800469319026,125.54319763959697,241.25328640143078,0.9992068409919739,0.9981135129928589,
2026-07-15T21:48:43.197,6.10411222698167,20260715_214837_front_fusion_ego_1533,speedsweep_slow,fusion_ego_1533,6339452,2,vehicle,0.2460731416940689,-18.211993341453272,133.0476123774427,1.812154463184818,6.371911405314225,6.02562141418457,2.2864067554473877,2.6065304279327393,33.775269810637305,403.6484375,225.55555555555557,387.19021824374795,215.05957904789184,420.10665675625205,236.0515320632193,0.0005765963578596711,0.9951477646827698,
2026-07-15T21:48:43.197,6.10411222698167,20260715_214837_front_fusion_ego_1533,speedsweep_slow,fusion_ego_1533,6339452,3,vehicle,0.11355697363615036,-17.747608086317157,136.87384160979775,2.393953366486855,-52.92648148892275,8.272735595703125,3.058304786682129,3.9960732460021973,34.00934016700107,430.33593750000006,217.7777777777778,411.5479137413204,201.80715249644388,449.1239612586797,233.74840305911172,0.00010734271199908108,0.9998077750205994,
2026-07-15T21:48:43.328,6.23526392900385,20260715_214837_front_fusion_ego_1533,speedsweep_slow,fusion_ego_1533,6339453,0,vehicle,0.2905987501144409,-17.60873199450498,128.65831789948984,1.266669489275377,-129.91542136097218,4.856874942779541,1.9039677381515503,1.7444266080856323,34.894894990395024,351.3854166666667,226.66666666666669,334.05522078151506,219.88114679853123,368.7156125518183,233.45218653480214,0.3781680464744568,0.9992683529853821,
2026-07-15T21:48:43.328,6.23526392900385,20260715_214837_front_fusion_ego_1533,speedsweep_slow,fusion_ego_1533,6339453,1,person,0.23646840453147888,-36.59786742039068,117.89754317858853,1.1205122939017063,-118.45480719768307,0.5637561082839966,0.43768632411956787,1.9672369956970215,24.256544206350217,111.19791666666667,226.66666666666669,104.41386955293517,210.43749789396924,117.98196378039817,242.89583543936413,0.9975950121879578,0.9905575513839722,
2026-07-15T21:48:43.328,6.23526392900385,20260715_214837_front_fusion_ego_1533,speedsweep_slow,fusion_ego_1533,6339453,2,vehicle,0.23358242213726044,-18.58002015609049,134.04412641993403,2.3494528977452536,-113.01379138085638,7.954527378082275,2.8646328449249268,4.040966033935547,33.04081420954502,403.6484375,217.7777777777778,389.2771500572562,201.36813746558298,418.0197249427438,234.18741808997262,0.0048732152208685875,0.9999768733978271,
2026-07-15T21:48:43.328,6.23526392900385,20260715_214837_front_fusion_ego_1533,speedsweep_slow,fusion_ego_1533,6339453,3,vehicle,0.0911807045340538,-16.716281402766626,136.29275140102533,2.3277392940813364,-44.94083086011801,8.097699165344238,2.970353841781616,3.969906806945801,34.775411536798885,430.33593750000006,217.7777777777778,412.32991725578904,203.20177780257333,448.341957744211,232.35377775298227,9.419151319889352e-05,0.9998410940170288,
2026-07-15T21:48:43.328,6.23526392900385,20260715_214837_front_fusion_ego_1533,speedsweep_slow,fusion_ego_1533,6339453,4,vehicle,0.05479721352458,-25.398673973969963,145.8171105575256,1.6167786143301752,-6.828827249550009,5.784367561340332,2.1754841804504395,2.8490149974823,27.51529661122918,564.8854166666667,226.66666666666669,543.3567426788311,212.5720552603404,586.4140906545024,240.76127807299298,0.00026785643422044814,0.9910790324211121,
2026-07-15T21:48:43.466,6.3727055550552905,20260715_214837_front_fusion_ego_1533,speedsweep_slow,fusion_ego_1533,6339454,0,vehicle,0.48625996708869934,-18.90530450048653,134.28570580228362,2.2447025249864634,-114.85239248929413,7.968231201171875,2.8910937309265137,3.9583241939544678,32.38320015476285,403.6484375,217.7777777777778,388.7484573982656,201.46103666888345,418.5484176017344,234.09451888667215,0.028789926320314407,0.9999796152114868,
2026-07-15T21:48:43.466,6.3727055550552905,20260715_214837_front_fusion_ego_1533,speedsweep_slow,fusion_ego_1533,6339454,1,person,0.39776939153671265,-37.0521292470586,118.4005670971942,1.1923895665928477,-102.34564864785966,0.2782295346260071,0.3124399781227112,1.9823198318481445,23.389783076893657,102.30208333333334,226.66666666666669,95.33736542736492,209.75796918074292,109.26680123930177,243.57536415259045,0.9996815919876099,0.9957723021507263,
2026-07-15T21:48:43.466,6.3727055550552905,20260715_214837_front_fusion_ego_1533,speedsweep_slow,fusion_ego_1533,6339454,2,vehicle,0.23042385280132294,-18.057721876314275,136.25088109233604,2.2998054203388643,-69.0136654191644,8.249503135681152,2.925043821334839,4.015844821929932,33.12335110773602,430.33593750000006,217.7777777777778,410.95503160730004,200.92686401473154,449.7168433927,234.62869154082406,0.0019157113274559379,0.9999346733093262,
2026-07-15T21:48:43.466,6.3727055550552905,20260715_214837_front_fusion_ego_1533,speedsweep_slow,fusion_ego_1533,6339454,3,vehicle,0.19698716700077057,-15.666057400804618,128.37710359405708,1.2387978811607487,-115.69953280097408,4.9767656326293945,1.9431968927383423,1.8540046215057373,36.54574623053737,351.3854166666667,226.66666666666669,334.53140924001735,219.42311267058057,368.239424093316,233.9102206627528,0.28567785024642944,0.9987152814865112,
2026-07-15T21:48:43.466,6.3727055550552905,20260715_214837_front_fusion_ego_1533,speedsweep_slow,fusion_ego_1533,6339454,4,person,0.05718619376420975,-43.06592648676804,151.15355030728907,1.491550434084668,132.81143718475607,0.20004762709140778,0.3062107563018799,1.605739712715149,16.269355937377142,840.65625,244.44444444444446,828.4518492631614,221.3134225871828,852.8606507368386,267.5754663017061,0.9874416589736938,0.07539438456296921,
2026-07-15T21:48:43.590,6.497250850079581,20260715_214837_front_fusion_ego_1533,speedsweep_slow,fusion_ego_1533,6339455,0,vehicle,0.5801749229431152,-18.126041973983867,134.31712573784537,2.1900594607375092,-97.48213954055207,8.228073120117188,2.980377197265625,3.943692445755005,32.80755863768738,403.6484375,217.7777777777778,387.26718421280384,201.49173008071054,420.02969078719616,234.06382547484506,0.015261700376868248,0.9999613761901855,
2026-07-15T21:48:43.590,6.497250850079581,20260715_214837_front_fusion_ego_1533,speedsweep_slow,fusion_ego_1533,6339455,1,vehicle,0.3955112397670746,-18.157732415464068,136.68040917616548,2.203663337434805,-78.8804552299218,8.120712280273438,2.8588223457336426,3.9693431854248047,32.66446567018841,430.33593750000006,217.7777777777778,411.69409420341253,201.45515547858346,448.9777807965875,234.10040007697214,0.03627435117959976,0.9999473094940186,
2026-07-15T21:48:43.590,6.497250850079581,20260715_214837_front_fusion_ego_1533,speedsweep_slow,fusion_ego_1533,6339455,2,person,0.33203643560409546,-37.955102197456,120.46922486948091,1.1581710848934605,-99.65029731296336,0.3472576439380646,0.3068195879459381,2.080519437789917,20.987206381845358,92.29427083333334,226.66666666666669,85.78628157017133,208.62341801325482,98.80226009649536,244.70991532007855,0.9998927116394043,0.9997583031654358,
2026-07-15T21:48:43.590,6.497250850079581,20260715_214837_front_fusion_ego_1533,speedsweep_slow,fusion_ego_1533,6339455,3,vehicle,0.26156482100486755,-17.258525642436403,128.20177095986637,1.0721884870912568,-139.798404924647,4.79008674621582,1.8961806297302246,1.701104998588562,34.708811123150184,350.2734375,226.66666666666669,331.77650846913457,219.79630048076314,368.77036653086543,233.53703285257023,0.06649361550807953,0.9963750243186951,
2026-07-15T21:48:43.590,6.497250850079581,20260715_214837_front_fusion_ego_1533,speedsweep_slow,fusion_ego_1533,6339455,4,person,0.08356941491365433,-42.29124756907316,151.09531238385856,1.3639580665648472,126.42452828657488,0.4460882544517517,0.40375855565071106,1.7237986326217651,16.436834082196295,851.7760416666667,235.55555555555557,846.8124954259645,205.443668100569,856.739587907369,265.6674430105421,0.9957414865493774,0.9168041944503784,
2026-07-15T21:48:43.721,6.6267971630441025,20260715_214837_front_fusion_ego_1533,speedsweep_slow,fusion_ego_1533,6339456,0,vehicle,0.7223117351531982,-17.566540833104398,134.29322007501864,2.222361085350107,-105.92154881447985,8.147377014160156,2.956372022628784,3.952143430709839,32.98015104140166,403.6484375,217.7777777777778,389.4556503407657,201.67437778578866,417.8412246592343,233.88117776976694,0.0698714330792427,0.9999790191650391,
2026-07-15T21:48:43.721,6.6267971630441025,20260715_214837_front_fusion_ego_1533,speedsweep_slow,fusion_ego_1533,6339456,1,vehicle,0.24943384528160095,-15.105402235895312,127.78469541128666,1.0561630449420214,-88.80094802900206,4.77945613861084,1.8880202770233154,1.648284912109375,36.52121638220011,350.2734375,226.66666666666669,332.9840923547745,220.25286073486012,367.5627826452255,233.08047259847325,0.07585696130990982,0.9984867572784424,
2026-07-15T21:48:43.721,6.6267971630441025,20260715_214837_front_fusion_ego_1533,speedsweep_slow,fusion_ego_1533,6339456,2,vehicle,0.1898403763771057,-17.163492309845665,136.88066519922634,2.201168585152774,-77.02958176073192,8.191924095153809,2.8875041007995605,3.9536402225494385,33.268135514181175,430.33593750000006,217.7777777777778,412.763842433691,202.42017851935495,447.90803256630903,233.13537703620065,0.004298540763556957,0.9999724626541138,
2026-07-15T21:48:43.721,6.6267971630441025,20260715_214837_front_fusion_ego_1533,speedsweep_slow,fusion_ego_1533,6339456,3,person,0.1451263427734375,-38.079034416524486,120.01849024698323,1.0909017701642512,-73.80232862890884,0.5189882516860962,0.4160277247428894,1.9850255250930786,21.0420562038821,83.3984375,226.66666666666669,74.23125292919576,209.4925395647685,92.56562207080424,243.84079376856488,0.9996429681777954,0.999387264251709,
2026-07-15T21:48:43.847,6.754555735038593,20260715_214837_front_fusion_ego_1533,speedsweep_slow,fusion_ego_1533,6339457,0,vehicle,0.5119711756706238,-17.26238733559026,134.7006246672309,2.2597765256896736,-108.03153132310945,8.153300285339355,2.9834682941436768,3.930591583251953,32.821417469478625,403.6484375,217.7777777777778,388.42345055937767,201.2764828072654,418.87342444062233,234.2790727482902,0.04590380936861038,0.9999841451644897,
2026-07-15T21:48:43.847,6.754555735038593,20260715_214837_front_fusion_ego_1533,speedsweep_slow,fusion_ego_1533,6339457,1,person,0.2508493959903717,-39.418611213540174,124.17746053412,1.1486053420493363,-84.4206217203727,0.7140066623687744,0.46972140669822693,1.9101872444152832,16.66603387434076,65.60677083333334,226.66666666666669,56.49548660529157,209.46270445982617,74.71805506137511,243.8706288735072,0.9993113279342651,0.9997096657752991,
2026-07-15T21:48:43.847,6.754555735038593,20260715_214837_front_fusion_ego_1533,speedsweep_slow,fusion_ego_1533,6339457,2,vehicle,0.2204066812992096,-16.47170550227311,136.94001036747892,2.2776128031577834,-65.93478680633399,7.998707294464111,2.851874828338623,3.8946518898010254,33.52851851355655,430.33593750000006,217.7777777777778,413.978936009109,201.98342369662393,446.69293899089104,233.57213185893167,0.016597341746091843,0.9999626874923706,
2026-07-15T21:48:43.847,6.754555735038593,20260715_214837_front_fusion_ego_1533,speedsweep_slow,fusion_ego_1533,6339457,3,vehicle,0.1958058625459671,-15.888161978746467,128.45780101159468,1.046740583385791,-89.32205101434221,4.830702304840088,1.8880966901779175,1.6640201807022095,35.17724216885645,351.3854166666667,226.66666666666669,332.93503466869396,220.16487220923108,369.8357986646394,233.1684611241023,0.028843216598033905,0.9983489513397217,
2026-07-15T21:48:43.847,6.754555735038593,20260715_214837_front_fusion_ego_1533,speedsweep_slow,fusion_ego_1533,6339457,4,person,0.08990857750177383,-33.69700357797255,146.98802676140028,1.4011304183915705,25.066103571554265,0.38687533140182495,0.3985159397125244,1.7051838636398315,19.09277471313553,617.1484375,234.44444444444446,610.7167170820758,221.97188910510806,623.5801579179242,246.91699978378085,0.9999902248382568,0.8956799507141113,
2026-07-15T21:48:43.969,6.875803427072242,20260715_214837_front_fusion_ego_1533,speedsweep_slow,fusion_ego_1533,6339458,0,vehicle,0.39303892850875854,-17.267505003599652,134.9242979766619,2.210325667921087,-170.22557113122048,8.113775253295898,2.975600004196167,3.914689779281616,32.32011704679672,403.6484375,217.7777777777778,387.08440017700195,200.80049263106454,420.21247482299805,234.75506292449106,0.005056837107986212,0.9998453855514526,
2026-07-15T21:48:43.969,6.875803427072242,20260715_214837_front_fusion_ego_1533,speedsweep_slow,fusion_ego_1533,6339458,1,vehicle,0.2207057774066925,-14.963573562757958,127.41290574952573,1.0336230773626438,106.50983289181835,4.856466770172119,1.8471015691757202,1.7489688396453857,35.873966563746855,342.48958333333337,226.66666666666669,325.16697508220875,219.97213582197827,359.812191584458,233.3611975113551,0.027810856699943542,0.989022970199585,
2026-07-15T21:48:43.969,6.875803427072242,20260715_214837_front_fusion_ego_1533,speedsweep_slow,fusion_ego_1533,6339458,2,vehicle,0.1719689518213272,-16.241620468629186,136.85822014491418,2.222178142253572,-58.748130399864834,8.075927734375,2.874354124069214,3.9062016010284424,33.27681058248039,430.33593750000006,217.7777777777778,412.9573096036911,202.36957417594064,447.71456539630896,233.18598137961496,0.0019128278363496065,0.9997305274009705,
2026-07-15T21:48:43.969,6.875803427072242,20260715_214837_front_fusion_ego_1533,speedsweep_slow,fusion_ego_1533,6339458,3,person,0.13022206723690033,-39.140400117509756,124.21935335084817,0.9801818473879047,-88.9309986186392,0.8229649066925049,0.5260298848152161,1.6174575090408325,16.51205469751528,48.927083333333336,226.66666666666669,38.453863337015115,211.73239956299466,59.40030332965156,241.6009337703387,0.9980429410934448,0.9982134103775024,
2026-07-15T21:48:43.969,6.875803427072242,20260715_214837_front_fusion_ego_1533,speedsweep_slow,fusion_ego_1533,6339458,4,vehicle,0.08322357386350632,-24.969501048031272,152.18308972946838,1.7447271262912007,37.405752003263416,6.424483299255371,2.4030654430389404,2.8863725662231445,28.83599403272612,581.5651041666667,226.66666666666669,558.1746808911364,211.31190339724225,604.9555274421971,242.02142993609112,0.004403490107506514,0.8080374002456665,
2026-07-15T21:48:44.104,7.011515246005729,20260715_214837_front_fusion_ego_1533,speedsweep_slow,fusion_ego_1533,6339459,0,vehicle,0.3696645200252533,-15.352674488251097,126.81658259707325,1.0205423566982077,163.71998281707985,4.868202209472656,1.864978313446045,1.768193244934082,35.15369273363688,342.48958333333337,226.66666666666669,323.756009199967,219.4889524082343,361.2231574666997,233.84438092509907,0.06921397149562836,0.9931612014770508,
2026-07-15T21:48:44.104,7.011515246005729,20260715_214837_front_fusion_ego_1533,speedsweep_slow,fusion_ego_1533,6339459,1,vehicle,0.36503419280052185,-16.25793386566508,135.72653245570032,2.202422072164288,-112.00295268724567,7.9250993728637695,2.9292924404144287,3.8051788806915283,32.75100312463282,403.6484375,217.7777777777778,388.1506806835532,201.54870377646554,419.1461943164468,234.00685177909006,0.0012803253484889865,0.9999072551727295,
2026-07-15T21:48:44.104,7.011515246005729,20260715_214837_front_fusion_ego_1533,speedsweep_slow,fusion_ego_1533,6339459,2,vehicle,0.1990923434495926,-15.04194725092735,136.51023875091548,2.3072555625188897,-49.39993466658188,8.196413040161133,2.896714210510254,3.966013193130493,33.94621120949589,431.4479166666667,217.7777777777778,413.56126247222227,201.88162492381204,449.3345708611111,233.67393063174356,0.0034606268163770437,0.9997010827064514,
2026-07-15T21:48:44.104,7.011515246005729,20260715_214837_front_fusion_ego_1533,speedsweep_slow,fusion_ego_1533,6339459,3,vehicle,0.10035671293735504,-21.44174681148238,149.82150751720596,1.6390314319791042,56.10055708231848,7.10873556137085,2.5541226863861084,3.0730679035186768,30.355041337849975,582.6770833333334,226.66666666666669,556.6897183445593,210.52509526411694,608.6644483221074,242.80823806921643,1.4385289432539139e-05,0.9338670372962952,
2026-07-15T21:48:44.104,7.011515246005729,20260715_214837_front_fusion_ego_1533,speedsweep_slow,fusion_ego_1533,6339459,4,person,0.08134374767541885,-41.562667125399244,133.21166806497078,1.4859832542067115,-80.1834110616356,1.0360479354858398,0.6139906644821167,1.8902157545089722,8.351147175428068,38.919270833333336,226.66666666666669,26.37997467753788,210.33734957377118,51.45856698912879,242.9959837595622,0.9991158843040466,0.9998071789741516,
2026-07-15T21:48:44.243,7.149963321047835,20260715_214837_front_fusion_ego_1533,speedsweep_slow,fusion_ego_1533,6339460,0,vehicle,0.37254971265792847,-17.524250312392972,135.36682260455,2.221252739129664,-140.77245187507654,7.8752760887146,2.914047956466675,3.7392020225524902,30.90998826971263,403.6484375,217.7777777777778,386.88474359735847,200.66466735468973,420.41213140264153,234.89088820086587,0.0001898339542094618,0.9999728202819824,
2026-07-15T21:48:44.243,7.149963321047835,20260715_214837_front_fusion_ego_1533,speedsweep_slow,fusion_ego_1533,6339460,1,vehicle,0.26000770926475525,-16.306342062255972,127.12142829030182,1.0539298186283759,-97.66373804088397,4.53991174697876,1.8144972324371338,1.7336198091506958,33.583727411903645,342.48958333333337,226.66666666666669,323.4203971711298,219.04257158438367,361.5587694955369,234.2907617489497,0.03651813045144081,0.9656227231025696,
2026-07-15T21:48:44.243,7.149963321047835,20260715_214837_front_fusion_ego_1533,speedsweep_slow,fusion_ego_1533,6339460,2,vehicle,0.17670628428459167,-14.436038226550465,137.07604885826464,2.2104633403784417,-45.41146820226068,7.930002212524414,2.8464081287384033,3.773343801498413,33.95188942506833,431.4479166666667,217.7777777777778,414.1586637819807,202.4013243781196,448.7371695513527,233.154231177436,0.0018129434902220964,0.9997029900550842,
2026-07-15T21:48:44.243,7.149963321047835,20260715_214837_front_fusion_ego_1533,speedsweep_slow,fusion_ego_1533,6339460,3,person,0.06032704561948776,-40.669353326927045,126.10585703129034,1.147253744384078,78.49266438773726,0.37619099020957947,0.4471392333507538,1.9677956104278564,13.397962389715586,0.0,225.55555555555557,-7.695745086297394,195.39506289694046,7.695745086297394,255.71604821417068,0.9973108768463135,0.43720632791519165,
2026-07-15T21:48:44.243,7.149963321047835,20260715_214837_front_fusion_ego_1533,speedsweep_slow,fusion_ego_1533,6339460,4,vehicle,0.05763475224375725,-21.814894749315854,148.77452946239603,1.51320289099435,51.298025634347404,6.731764316558838,2.4571194648742676,2.855764865875244,29.042330057105964,590.4609375,226.66666666666669,564.990363560617,211.38381878534955,615.931511439383,241.94951454798382,0.0006844237796030939,0.5580711960792542,
2026-07-15T21:48:44.371,7.278496026992798,20260715_214837_front_fusion_ego_1533,speedsweep_slow,fusion_ego_1533,6339461,0,person,0.2787182629108429,-30.899829090786096,150.77568143478774,1.5105497154875138,-12.80071986486266,0.4951605796813965,0.5383999943733215,1.7112942934036255,21.71815028925804,652.7317708333334,235.55555555555557,645.1853287511816,224.53642043802475,660.2782129154851,246.5746906730864,0.9998296499252319,0.9318074584007263,
2026-07-15T21:48:44.371,7.278496026992798,20260715_214837_front_fusion_ego_1533,speedsweep_slow,fusion_ego_1533,6339461,1,vehicle,0.25095194578170776,-13.411979572583633,136.8218329940937,2.2774963778149773,-50.92644240432302,8.351639747619629,2.972843647003174,3.9259085655212402,34.32114633564006,430.33593750000006,217.7777777777778,412.50524409487844,201.75565765963663,448.1666309051216,233.79989789591897,0.004292917903512716,0.9995037317276001,
2026-07-15T21:48:44.371,7.278496026992798,20260715_214837_front_fusion_ego_1533,speedsweep_slow,fusion_ego_1533,6339461,2,vehicle,0.2450486123561859,-16.019528487412508,126.79593859895415,1.0409036413482724,155.2031076685821,4.627871513366699,1.8644911050796509,1.740539789199829,33.329067123546835,341.3776041666667,226.66666666666669,322.4300969305138,219.21226511398953,360.3251114028196,234.12106821934384,0.0354764349758625,0.9582569599151611,
2026-07-15T21:48:44.371,7.278496026992798,20260715_214837_front_fusion_ego_1533,speedsweep_slow,fusion_ego_1533,6339461,3,vehicle,0.21220938861370087,-18.679474007925517,134.55358689487824,2.0872243232036936,135.65436835738825,8.232871055603027,2.885782241821289,3.7704265117645264,29.157275167712356,395.86458333333337,217.7777777777778,380.0369712275764,199.5577250586616,411.69219543909037,235.997830496894,0.0008956583333201706,0.9999879598617554,
2026-07-15T21:48:44.371,7.278496026992798,20260715_214837_front_fusion_ego_1533,speedsweep_slow,fusion_ego_1533,6339461,4,vehicle,0.08554067462682724,-21.599120771421077,146.60921290511482,1.9398626275059776,-176.63697029891617,7.146242618560791,2.638385772705078,3.276993751525879,27.824286431949297,591.5729166666667,225.55555555555557,564.6296927208703,209.5631954405043,618.5161406124632,241.54791567060684,0.0003053078835364431,0.9357670545578003,
2026-07-15T21:48:44.495,7.401674431050196,20260715_214837_front_fusion_ego_1533,speedsweep_slow,fusion_ego_1533,6339462,0,vehicle,0.38132455945014954,-19.370069478552956,135.376144594893,1.9884104557245634,123.9661778645026,7.710491180419922,2.7309348583221436,3.6398589611053467,27.68643434556736,395.86458333333337,217.7777777777778,379.03375398119294,199.85275016890634,412.6954126854738,235.70280538664926,0.0011837899219244719,0.9999972581863403,
2026-07-15T21:48:44.495,7.401674431050196,20260715_214837_front_fusion_ego_1533,speedsweep_slow,fusion_ego_1533,6339462,1,vehicle,0.3107492923736572,-12.91844158579196,136.25560305454943,2.3682424946106053,-71.9730007391259,8.403448104858398,3.024740219116211,4.015280723571777,34.10225436657689,430.33593750000006,217.7777777777778,412.450948767364,201.87813626395334,448.22092623263603,233.67741929160226,0.008941139094531536,0.9997393488883972,
2026-07-15T21:48:44.495,7.401674431050196,20260715_214837_front_fusion_ego_1533,speedsweep_slow,fusion_ego_1533,6339462,2,vehicle,0.27108311653137207,-15.459944717855592,127.40336715562766,1.06371806312365,-116.93860012275235,4.608297348022461,1.865053653717041,1.7444515228271484,32.99025364417165,342.48958333333337,226.66666666666669,322.72229984526837,219.41404680411023,362.2568668213984,233.91928652922314,0.07939843833446503,0.929096519947052,
2026-07-15T21:48:44.495,7.401674431050196,20260715_214837_front_fusion_ego_1533,speedsweep_slow,fusion_ego_1533,6339462,3,vehicle,0.2308649718761444,-21.163822493915596,151.51135622462854,1.8286556419794735,97.38583042475977,6.814920902252197,2.5162813663482666,2.971903085708618,29.614869436201637,600.46875,226.66666666666669,576.6403023153543,212.74212787548703,624.2971976846457,240.59120545784634,0.0008372949669137597,0.9567182660102844,
2026-07-15T21:48:44.626,7.533652100013569,20260715_214837_front_fusion_ego_1533,speedsweep_slow,fusion_ego_1533,6339463,0,vehicle,0.3665030300617218,-18.596014736486133,136.17837429573194,1.8556630431548273,94.95677993268933,7.379173755645752,2.6483898162841797,3.5249667167663574,27.631003480316938,395.86458333333337,217.7777777777778,379.0035275196036,200.52816616164316,412.72563914706313,235.02738939391244,0.00012544704077299684,0.9999899864196777,
2026-07-15T21:48:44.626,7.533652100013569,20260715_214837_front_fusion_ego_1533,speedsweep_slow,fusion_ego_1533,6339463,1,vehicle,0.22678494453430176,-14.864211431539587,126.77627084534116,0.9541456638221186,-79.07865850404698,4.641378402709961,1.8403409719467163,1.7274227142333984,32.99421089607199,341.3776041666667,226.66666666666669,320.6593833441536,219.18758029739064,362.0958249891798,234.14575303594273,0.058806974440813065,0.9652143120765686,
2026-07-15T21:48:44.626,7.533652100013569,20260715_214837_front_fusion_ego_1533,speedsweep_slow,fusion_ego_1533,6339463,2,vehicle,0.20402121543884277,-12.44636806307301,137.3759935327308,2.2724573584694303,-91.29730920244018,8.415145874023438,2.983377695083618,3.91469144821167,33.77370129564027,430.33593750000006,217.7777777777778,411.83558528497815,201.8906550274955,448.8362897150219,233.6649005280601,0.0047563533298671246,0.9998538494110107,
2026-07-15T21:48:44.626,7.533652100013569,20260715_214837_front_fusion_ego_1533,speedsweep_slow,fusion_ego_1533,6339463,3,vehicle,0.16893254220485687,-20.789630433372544,154.1567312634681,1.7582856454765832,88.77905878890923,6.359097480773926,2.383432388305664,2.921013355255127,30.647104663182013,609.3645833333334,226.66666666666669,585.6566899505755,212.39111254612607,633.0724767160913,240.9422207872073,0.015169360674917698,0.156398206949234,
2026-07-15T21:48:44.755,7.6620751860318705,20260715_214837_front_fusion_ego_1533,speedsweep_slow,fusion_ego_1533,6339464,0,vehicle,0.4207313060760498,-18.116385223102746,136.57923819412707,1.95828038049095,86.9639073381672,7.645987033843994,2.759612560272217,3.6169259548187256,27.24105707308795,394.7526041666667,217.7777777777778,377.98688848565024,199.27918122874368,411.51831984768313,236.27637432681192,0.00023748513194732368,0.9999984502792358,
2026-07-15T21:48:44.755,7.6620751860318705,20260715_214837_front_fusion_ego_1533,speedsweep_slow,fusion_ego_1533,6339464,1,vehicle,0.30566856265068054,-14.677015888188542,127.0096193640056,0.9634193459971829,-74.42341214235843,4.478921413421631,1.828547716140747,1.750259518623352,32.280591053688234,333.59375,226.66666666666669,313.80158161744475,218.95557324091595,353.38591838255525,234.37776009241742,0.036565057933330536,0.8915852308273315,
2026-07-15T21:48:44.755,7.6620751860318705,20260715_214837_front_fusion_ego_1533,speedsweep_slow,fusion_ego_1533,6339464,2,vehicle,0.23684394359588623,-11.751845740532644,137.94677277335842,2.3823458881039183,-104.3664121942449,8.855596542358398,3.104302406311035,3.997749090194702,33.620146106336804,431.4479166666667,217.7777777777778,412.04180614898604,200.3914879428016,450.85402718434733,235.164067612754,0.004011382814496756,0.9998602867126465,
2026-07-15T21:48:44.755,7.6620751860318705,20260715_214837_front_fusion_ego_1533,speedsweep_slow,fusion_ego_1533,6339464,3,vehicle,0.12767207622528076,-13.414650934191442,128.85725463556338,1.1087901852238033,-43.39458965797681,4.672494888305664,1.8774968385696411,1.7118256092071533,32.97336569409655,350.2734375,226.66666666666669,328.72635435312986,219.69442168871564,371.82052064687014,233.63891164461774,0.18875721096992493,0.998649537563324,
2026-07-15T21:48:44.755,7.6620751860318705,20260715_214837_front_fusion_ego_1533,speedsweep_slow,fusion_ego_1533,6339464,4,vehicle,0.1030929908156395,-21.651323019670443,150.5468417838816,2.0013503104163153,76.91058409110398,8.074501991271973,2.8520121574401855,3.5464978218078613,27.280824907296964,609.3645833333334,225.55555555555557,573.0536759619912,207.72398862573837,645.6754907046756,243.38712248537277,0.3297163248062134,0.9982550740242004,
2026-07-15T21:48:44.883,7.789705808041617,20260715_214837_front_fusion_ego_1533,speedsweep_slow,fusion_ego_1533,6339465,0,vehicle,0.44813042879104614,-18.106770129670764,136.16541212397556,1.9094986692625717,77.22288253138089,7.548566818237305,2.759014844894409,3.5863523483276367,26.32785251278997,394.7526041666667,217.7777777777778,372.9037161159019,198.1621270047294,416.6014922174315,237.3934285508262,2.1727650164393708e-05,0.9999963045120239,
2026-07-15T21:48:44.883,7.789705808041617,20260715_214837_front_fusion_ego_1533,speedsweep_slow,fusion_ego_1533,6339465,1,vehicle,0.24186010658740997,-11.374128981175545,137.09578914569138,2.2551817706344197,-104.78388500380902,8.406744003295898,2.9632277488708496,3.90240740776062,33.05033850345707,431.4479166666667,217.7777777777778,415.17442050824565,200.9655915366279,447.7214128250877,234.5899640189277,0.011597159318625927,0.9998763799667358,
2026-07-15T21:48:44.883,7.789705808041617,20260715_214837_front_fusion_ego_1533,speedsweep_slow,fusion_ego_1533,6339465,2,vehicle,0.21337266266345978,-16.091629918405502,127.39081091300125,0.9967691545948822,-91.51962988476653,4.434165954589844,1.8235682249069214,1.6845760345458984,29.932443689987306,332.48177083333337,226.66666666666669,308.40604899575317,218.57996026674908,356.5574926709136,234.7533730665843,0.06182451918721199,0.9468495845794678,
2026-07-15T21:48:44.883,7.789705808041617,20260715_214837_front_fusion_ego_1533,speedsweep_slow,fusion_ego_1533,6339465,3,vehicle,0.17961882054805756,-22.375654135342394,151.93270448274876,2.0262685596866836,111.93309030985425,7.743330001831055,2.795912504196167,3.536865711212158,26.605032560909592,626.0442708333334,225.55555555555557,587.3792085399231,208.18266603681778,664.7093331267437,242.92844507429336,0.10349766910076141,0.9989651441574097,
2026-07-15T21:48:45.012,7.918806480010971,20260715_214837_front_fusion_ego_1533,speedsweep_slow,fusion_ego_1533,6339466,0,vehicle,0.3694760501384735,-19.24943207028499,135.16176164497358,1.6900898181027681,91.86261140998982,7.4381585121154785,2.6887059211730957,3.497796058654785,24.263562015752637,386.96875,217.7777777777778,365.55288838222623,198.60867546664346,408.38461161777377,236.94688008891214,0.0005643276963382959,0.9999918937683105,
2026-07-15T21:48:45.012,7.918806480010971,20260715_214837_front_fusion_ego_1533,speedsweep_slow,fusion_ego_1533,6339466,1,vehicle,0.2922736704349518,-19.969578014075346,152.53131445962435,1.8317886767940479,126.6180547791904,6.769314289093018,2.5250699520111084,3.1404306888580322,28.123189687574474,636.0520833333334,225.55555555555557,605.3281274636587,208.5068878862593,666.776039203008,242.60422322485184,0.012599135749042034,0.9978291392326355,
2026-07-15T21:48:45.012,7.918806480010971,20260715_214837_front_fusion_ego_1533,speedsweep_slow,fusion_ego_1533,6339466,2,vehicle,0.20677974820137024,-14.881572315280664,126.51395641826619,0.8709335138541192,-64.70273954607309,4.258213520050049,1.7357040643692017,1.779909610748291,30.44577523638196,324.6979166666667,226.66666666666669,302.437713632981,218.03286383549374,346.95811970035237,235.30046949783963,0.27006977796554565,0.9607028961181641,
2026-07-15T21:48:45.012,7.918806480010971,20260715_214837_front_fusion_ego_1533,speedsweep_slow,fusion_ego_1533,6339466,3,vehicle,0.1020824983716011,-9.822531166676413,135.97279227875288,2.1951731664579253,-107.0613430625989,8.368040084838867,2.989454984664917,3.948664665222168,33.63935683690096,430.33593750000006,216.66666666666669,413.10826375335455,200.58731536070508,447.5636112466455,232.7460179726283,0.013302766717970371,0.9999105930328369,
2026-07-15T21:48:45.145,8.051708695013076,20260715_214837_front_fusion_ego_1533,speedsweep_slow,fusion_ego_1533,6339467,0,vehicle,0.7086647152900696,-19.209595847746872,136.45003908454638,1.7752812001714584,99.38702553837241,7.829811096191406,2.8412466049194336,3.7261962890625,23.250137334831706,385.85677083333337,216.66666666666669,364.6716607784232,192.6215211550395,407.04188088824355,240.71181217829388,0.01219996903091669,0.999998927116394,
2026-07-15T21:48:45.145,8.051708695013076,20260715_214837_front_fusion_ego_1533,speedsweep_slow,fusion_ego_1533,6339467,1,vehicle,0.20866228640079498,-9.362855667494713,137.59748264317105,1.8587414306871866,-116.97470394764494,8.191317558288574,2.9241530895233154,3.739483118057251,33.09451068300481,430.33593750000006,216.66666666666669,411.80385084077716,200.9488199154536,448.8680241592229,232.38451341787976,0.002089105313643813,0.9996045231819153,
2026-07-15T21:48:45.145,8.051708695013076,20260715_214837_front_fusion_ego_1533,speedsweep_slow,fusion_ego_1533,6339467,2,vehicle,0.18526138365268707,-14.628093438063953,127.78384755628846,0.749386012957606,-85.90086070730602,4.43278169631958,1.7806296348571777,1.8138141632080078,29.334886050142277,323.5859375,226.66666666666669,300.5891660861671,217.65014747778577,346.5827089138329,235.6831858555476,0.17762888967990875,0.9883415102958679,
2026-07-15T21:48:45.145,8.051708695013076,20260715_214837_front_fusion_ego_1533,speedsweep_slow,fusion_ego_1533,6339467,3,vehicle,0.14511044323444366,-19.666348332648685,156.15670347516829,1.6578174388919802,72.60489992452355,6.724436283111572,2.4777987003326416,3.1425509452819824,29.743763246868156,652.7317708333334,225.55555555555557,619.0298579012355,207.09586891863083,686.4336837654313,244.01524219248031,0.9482121467590332,0.995171844959259,
2026-07-15T21:48:45.271,8.17846384306904,20260715_214837_front_fusion_ego_1533,speedsweep_slow,fusion_ego_1533,6339468,0,vehicle,0.6709297895431519,-19.553154089805446,135.12175362401604,1.720948014414641,69.83580459654787,7.94295597076416,2.8190677165985107,3.6947267055511475,21.993188987485087,385.85677083333337,216.66666666666669,364.051673134168,191.91599826018017,407.6618685324987,241.4173350731532,0.0041483803652226925,0.9999997615814209,
2026-07-15T21:48:45.271,8.17846384306904,20260715_214837_front_fusion_ego_1533,speedsweep_slow,fusion_ego_1533,6339468,1,vehicle,0.22034811973571777,-11.274363311809712,138.64956752689938,1.6006531225916736,-112.39418893866302,7.2337727546691895,2.6347193717956543,3.349369525909424,30.231191113517088,430.33593750000006,216.66666666666669,412.9504393748939,200.65279344717663,447.72143562510615,232.68053988615674,0.001491206930950284,0.9992877840995789,
2026-07-15T21:48:45.271,8.17846384306904,20260715_214837_front_fusion_ego_1533,speedsweep_slow,fusion_ego_1533,6339468,2,vehicle,0.18659961223602295,-13.8293409233093,128.78511077547842,0.6993470690587742,-94.64494356283636,4.569225311279297,1.8395856618881226,1.8263736963272095,28.85275406875083,323.5859375,225.55555555555557,298.6409909427166,216.66766080591415,348.5308840572834,234.443450305197,0.10214156657457352,0.9891510009765625,
2026-07-15T21:48:45.271,8.17846384306904,20260715_214837_front_fusion_ego_1533,speedsweep_slow,fusion_ego_1533,6339468,3,person,0.06795348227024078,-32.57434851610553,154.99218080739286,1.0363121967906777,141.953755557626,0.5078632235527039,0.4350469708442688,1.3600562810897827,20.042978084682687,822.8645833333334,252.22222222222223,805.3107319933673,236.88444985283746,840.4184346732994,267.559994591607,0.6160604357719421,0.3422510027885437,
2026-07-15T21:48:45.400,8.307119745993987,20260715_214837_front_fusion_ego_1533,speedsweep_slow,fusion_ego_1533,6339469,0,vehicle,0.48619046807289124,-17.334953630684932,135.31416559180772,1.50487986672501,40.855569247826374,7.799838066101074,2.747968912124634,3.5900161266326904,23.2020389426315,378.0729166666667,216.66666666666669,354.2058181787531,188.56358389059704,401.9400151545803,244.76974944273633,0.0027401091065257788,0.9999995231628418,
2026-07-15T21:48:45.400,8.307119745993987,20260715_214837_front_fusion_ego_1533,speedsweep_slow,fusion_ego_1533,6339469,1,vehicle,0.17846274375915527,-9.916503464406425,137.7321475207991,1.6284133953022848,-112.13176421925952,6.847855567932129,2.559964656829834,3.2641851902008057,30.5644375563661,430.33593750000006,216.66666666666669,411.2839913330972,201.68545732895535,449.38788366690284,231.64787600437802,0.00042718733311630785,0.9967272281646729,
2026-07-15T21:48:45.400,8.307119745993987,20260715_214837_front_fusion_ego_1533,speedsweep_slow,fusion_ego_1533,6339469,2,vehicle,0.0896766185760498,-13.426691458619082,127.89398693725407,0.7082973964099208,-75.6364985664597,4.369664669036865,1.7580738067626953,1.85182523727417,28.562693442267193,314.6901041666667,226.66666666666669,292.0990500661234,216.71878973642987,337.28115826720995,236.6145435969035,0.32565560936927795,0.9582823514938354,
2026-07-15T21:48:45.400,8.307119745993987,20260715_214837_front_fusion_ego_1533,speedsweep_slow,fusion_ego_1533,6339469,3,vehicle,0.0823674127459526,-15.086276567401569,123.00881902321434,0.7954671046785515,13.948923713949078,4.717812538146973,1.8965483903884888,1.6917763948440552,29.01445850086565,253.53125000000003,226.66666666666669,227.52443871647122,217.96796331803006,279.5380612835288,235.3653700153033,0.3659946024417877,0.9958998560905457,
2026-07-15T21:48:45.524,8.431377154076472,20260715_214837_front_fusion_ego_1533,speedsweep_slow,fusion_ego_1533,6339470,0,vehicle,0.8597448468208313,-18.263243682266907,135.4057469940595,1.5305414332709486,92.6475373341935,8.03378963470459,2.8460121154785156,3.6168699264526367,21.282118192029053,378.0729166666667,216.66666666666669,349.81095874557894,184.49386994043988,406.3348745877544,248.8394633928935,0.0008004542323760688,0.9999998807907104,
2026-07-15T21:48:45.524,8.431377154076472,20260715_214837_front_fusion_ego_1533,speedsweep_slow,fusion_ego_1533,6339470,1,vehicle,0.19916532933712006,-14.163227707448065,127.2792960919071,0.8154516914825667,-66.486253887759,4.71596097946167,1.885788083076477,1.8017629384994507,27.144911967673327,306.90625,226.66666666666669,280.80257151275873,216.98882917563122,333.00992848724127,236.34450415770215,0.07253953069448471,0.9843303561210632,
2026-07-15T21:48:45.524,8.431377154076472,20260715_214837_front_fusion_ego_1533,speedsweep_slow,fusion_ego_1533,6339470,2,vehicle,0.18219958245754242,-8.321171149140923,137.40927207615425,1.5690283288114129,-87.36779373173329,7.046778202056885,2.637563705444336,3.4086086750030518,31.163894246135886,430.33593750000006,216.66666666666669,410.8719159960747,201.2008438507716,449.7999590039254,232.13248948256177,0.0005649320664815605,0.998102605342865,
2026-07-15T21:48:45.524,8.431377154076472,20260715_214837_front_fusion_ego_1533,speedsweep_slow,fusion_ego_1533,6339470,3,vehicle,0.10760349035263062,-12.58698335370336,119.83898074602796,0.8084699996426483,-48.638682618195084,4.738562107086182,1.8907216787338257,1.7939196825027466,31.932683616595206,244.63541666666669,226.66666666666669,214.20394897709292,218.32295278708142,275.06688435624045,235.01038054625195,0.052294377237558365,0.9989099502563477,
2026-07-15T21:48:45.666,8.572648643050343,20260715_214837_front_fusion_ego_1533,speedsweep_slow,fusion_ego_1533,6339471,0,vehicle,0.7463498711585999,-19.544517165994833,135.2642566178354,1.6034041461306616,60.48584068817152,7.88966703414917,2.802767038345337,3.7061121463775635,19.0306868715479,376.9609375,216.66666666666669,352.16450018808246,185.9622112909953,401.75737481191754,247.37112204233807,0.012364380061626434,0.9999997615814209,
2026-07-15T21:48:45.666,8.572648643050343,20260715_214837_front_fusion_ego_1533,speedsweep_slow,fusion_ego_1533,6339471,1,vehicle,0.20174627006053925,-13.927344618599971,127.9670710507082,0.8674544995001394,-29.077331834022118,4.896190643310547,1.9977798461914062,1.9154772758483887,26.19474982345561,306.90625,226.66666666666669,274.8938661515713,216.38765046993893,338.9186338484287,236.94568286339444,0.0026315576396882534,0.9773375988006592,
2026-07-15T21:48:45.666,8.572648643050343,20260715_214837_front_fusion_ego_1533,speedsweep_slow,fusion_ego_1533,6339471,2,vehicle,0.19630427658557892,-7.6954986985763085,136.65038938829693,1.6103199531518193,-92.94881414715292,6.906582832336426,2.543330192565918,3.4928879737854004,30.7996287513408,430.33593750000006,216.66666666666669,412.5158079266548,199.74625686804455,448.15606707334524,233.58707646528882,0.005726588424295187,0.9979228377342224,
2026-07-15T21:48:45.666,8.572648643050343,20260715_214837_front_fusion_ego_1533,speedsweep_slow,fusion_ego_1533,6339471,3,person,0.15449461340904236,-25.36941126989559,127.84438949671866,1.1844167540436334,-26.187195080986893,1.0541685819625854,0.6183782815933228,2.026432514190674,16.025636830926356,191.26041666666669,234.44444444444446,185.00875342885655,216.41368057992725,197.51207990447682,252.47520830896167,0.9457166790962219,0.9963369369506836,
2026-07-15T21:48:45.804,8.71106221107766,20260715_214837_front_fusion_ego_1533,speedsweep_slow,fusion_ego_1533,6339472,0,vehicle,0.9184372425079346,-18.131260840780214,133.9721945001197,1.793480314388614,26.99070068831346,8.75235366821289,3.149660348892212,3.9062108993530273,19.613666815020466,368.0651041666667,216.66666666666669,334.6629298205177,179.44249788920087,401.46727851281565,253.8908354441325,0.024828124791383743,0.9999990463256836,
2026-07-15T21:48:45.804,8.71106221107766,20260715_214837_front_fusion_ego_1533,speedsweep_slow,fusion_ego_1533,6339472,1,person,0.42990612983703613,-21.84599236156086,123.01596147123118,1.1056684057738693,-50.078301575236836,0.3985549211502075,0.46903106570243835,1.7197399139404297,21.020320573795562,173.46875,235.55555555555557,166.61792454868555,220.98823342058395,180.31957545131445,250.1228776905272,0.9899187088012695,0.9876620769500732,
2026-07-15T21:48:45.804,8.71106221107766,20260715_214837_front_fusion_ego_1533,speedsweep_slow,fusion_ego_1533,6339472,2,vehicle,0.23461802303791046,-16.403300499328424,129.40144252983734,0.665283795666644,-42.009801543644436,5.299034595489502,1.9768695831298828,1.6818013191223145,22.456071778376288,296.8984375,234.44444444444446,264.1171956732869,223.82848646905688,329.6796793267131,245.06040241983203,6.079408558434807e-05,0.9998113512992859,
2026-07-15T21:48:45.804,8.71106221107766,20260715_214837_front_fusion_ego_1533,speedsweep_slow,fusion_ego_1533,6339472,3,vehicle,0.19018332660198212,-8.892157733083629,137.07238389505454,1.595255096868476,-74.52849882279044,6.797371864318848,2.5489842891693115,3.4117231369018555,28.61117585923252,430.33593750000006,216.66666666666669,409.8264179714024,199.73919014135998,450.84545702859765,233.5941431919734,0.0054481117986142635,0.996319055557251,
2026-07-15T21:48:45.804,8.71106221107766,20260715_214837_front_fusion_ego_1533,speedsweep_slow,fusion_ego_1533,6339472,4,vehicle,0.1476832926273346,-2.9203948587145874,137.1388105541779,0.7304992549226941,-60.28973839009254,5.037219524383545,1.8810114860534668,1.9283264875411987,34.59326635015058,457.02343750000006,225.55555555555557,448.96028708480304,218.26003510091041,465.0865879151971,232.85107601020073,0.02517545036971569,0.9999818801879883,
2026-07-15T21:48:45.933,8.839829839067534,20260715_214837_front_fusion_ego_1533,speedsweep_slow,fusion_ego_1533,6339473,0,vehicle,0.4448810815811157,-20.63696868568612,135.3071471558132,1.9134530279765025,7.611460962154907,8.15585708618164,2.9483530521392822,3.8785958290100098,15.973750839016176,360.28125,208.88888888888889,315.1698451861739,168.98041539722018,405.3926548138261,248.7973623805576,0.02728976495563984,1.0,
2026-07-15T21:48:45.933,8.839829839067534,20260715_214837_front_fusion_ego_1533,speedsweep_slow,fusion_ego_1533,6339473,1,vehicle,0.3781625032424927,-1.9611147219581468,138.44486661423738,0.8226804685339577,-78.88157655388362,5.192468166351318,1.9615702629089355,1.928975224494934,34.58905819923029,457.02343750000006,225.55555555555557,447.71369528397923,218.28456971380447,466.3331797160209,232.82654139730667,0.03134004399180412,0.9999651908874512,
2026-07-15T21:48:45.933,8.839829839067534,20260715_214837_front_fusion_ego_1533,speedsweep_slow,fusion_ego_1533,6339473,2,vehicle,0.33005470037460327,-16.335858553156335,130.43910387218895,0.7683986649881067,-80.50470306659068,5.53235387802124,2.0512590408325195,1.8325551748275757,21.242998289844643,288.0026041666667,234.44444444444446,256.8116477156679,223.78206547763614,319.19356061766547,245.10682341125278,0.0036028444301337004,0.9999837875366211,
2026-07-15T21:48:45.933,8.839829839067534,20260715_214837_front_fusion_ego_1533,speedsweep_slow,fusion_ego_1533,6339473,3,vehicle,0.30478784441947937,-6.533483844804252,135.49254140939,1.5968654000058347,-62.40243391354898,6.879522323608398,2.5311477184295654,3.4794561862945557,30.019481106132336,430.33593750000006,217.7777777777778,410.73105642199516,200.61624811755289,449.9408185780049,234.93930743800271,0.01304395031183958,0.9978787899017334,
2026-07-15T21:48:46.071,8.978475586045533,20260715_214837_front_fusion_ego_1533,speedsweep_slow,fusion_ego_1533,6339474,0,vehicle,0.5409053564071655,-20.627683704814466,132.71955037808974,1.8991117633361916,26.687235407487368,7.725532054901123,2.8375232219696045,3.692559003829956,15.510784708166817,359.16927083333337,216.66666666666669,319.2452498500546,177.55405465761822,399.0932918166121,255.77927867571515,0.030790988355875015,0.9998688697814941,
2026-07-15T21:48:46.071,8.978475586045533,20260715_214837_front_fusion_ego_1533,speedsweep_slow,fusion_ego_1533,6339474,1,vehicle,0.3217666447162628,-1.5340386169138185,138.90884563941424,0.7537230076439951,-97.55634036250592,5.305069923400879,1.957248330116272,1.851554274559021,34.05037218605543,457.02343750000006,226.66666666666669,446.9931182004512,219.3213179210822,467.0537567995489,234.01201541225117,0.08998553454875946,0.99994957447052,
2026-07-15T21:48:46.071,8.978475586045533,20260715_214837_front_fusion_ego_1533,speedsweep_slow,fusion_ego_1533,6339474,2,vehicle,0.2654796838760376,-4.592753272570484,135.3407835720524,1.7086291621148102,-74.49577601898693,7.3258233070373535,2.639385223388672,3.6875247955322266,30.97677773756991,431.4479166666667,217.7777777777778,413.98647061983746,200.5794499980079,448.9093627134959,234.9761055575477,0.003330540843307972,0.999289870262146,
2026-07-15T21:48:46.071,8.978475586045533,20260715_214837_front_fusion_ego_1533,speedsweep_slow,fusion_ego_1533,6339474,3,vehicle,0.23047064244747162,-12.034042604019817,128.42127060359914,0.7855178551554167,20.030113253544215,6.0638275146484375,2.220897674560547,2.262497901916504,25.03001326088341,296.8984375,234.44444444444446,264.22846188396215,222.62444552448062,329.56841311603785,246.2644433644083,0.8419985771179199,0.9990667700767517,
2026-07-15T21:48:46.071,8.978475586045533,20260715_214837_front_fusion_ego_1533,speedsweep_slow,fusion_ego_1533,6339474,4,vehicle,0.16083404421806335,-13.396297842386346,130.6356545779695,1.054243397960155,-31.788244242211686,5.494555950164795,2.0882930755615234,2.209625482559204,23.038615729479197,279.10677083333337,234.44444444444446,245.5579531316956,221.82298358943729,312.6555885349711,247.06590529945163,0.0015811718767508864,0.9989938139915466,
2026-07-15T21:48:46.204,9.11083270504605,20260715_214837_front_fusion_ego_1533,speedsweep_slow,fusion_ego_1533,6339475,0,vehicle,0.5796359777450562,-21.73697268519617,133.27905826968401,1.9407942091632153,40.20558919594925,8.213068962097168,2.923823356628418,3.8129727840423584,13.339371660005142,342.48958333333337,208.88888888888889,291.9282021050652,159.82440524631076,393.0509645616015,257.95337253146704,0.00430987449362874,1.0,
2026-07-15T21:48:46.204,9.11083270504605,20260715_214837_front_fusion_ego_1533,speedsweep_slow,fusion_ego_1533,6339475,1,vehicle,0.4282815158367157,-0.5914610306825239,139.46858134181687,0.8091956997872756,-122.54383596389286,5.3362836837768555,2.006577730178833,1.7785897254943848,34.036325217044336,458.1354166666667,226.66666666666669,448.75536078463,219.66598356763524,467.51547254870337,233.66734976569813,0.1856311708688736,0.9999421834945679,
2026-07-15T21:48:46.204,9.11083270504605,20260715_214837_front_fusion_ego_1533,speedsweep_slow,fusion_ego_1533,6339475,2,vehicle,0.2956879436969757,-5.334752809166641,134.9136819494272,1.7302195595941297,-72.71713192831338,7.281683444976807,2.6028740406036377,3.6866297721862793,29.274474070914493,430.33593750000006,217.7777777777778,409.7900784537196,199.42948685752023,450.88179654628044,236.12606869803537,0.002804746851325035,0.9992401599884033,
2026-07-15T21:48:46.204,9.11083270504605,20260715_214837_front_fusion_ego_1533,speedsweep_slow,fusion_ego_1533,6339475,3,vehicle,0.2646121084690094,-10.52263971085349,125.86486010594454,1.2636812651460727,-46.474582187757605,5.818854331970215,2.2381374835968018,2.446089744567871,26.48115313141217,262.42708333333337,234.44444444444446,226.51126422484717,220.2826660540369,298.34290244181955,248.60622283485202,0.2548447549343109,0.9919760823249817,
2026-07-15T21:48:46.329,9.236491218092851,20260715_214837_front_fusion_ego_1533,speedsweep_slow,fusion_ego_1533,6339476,0,vehicle,0.6584987640380859,-21.16866667851773,132.7828138273308,1.765920614886667,-20.369040911927062,7.498638153076172,2.6612086296081543,3.465176582336426,13.081548224079903,332.48177083333337,208.88888888888889,287.8896465127667,168.651512198978,377.0738951539,249.1262655787998,0.003917697351425886,0.9999995231628418,
2026-07-15T21:48:46.329,9.236491218092851,20260715_214837_front_fusion_ego_1533,speedsweep_slow,fusion_ego_1533,6339476,1,vehicle,0.41805240511894226,-5.857382922410981,135.5564266389327,1.8273452296057662,-80.00668861826364,7.540001392364502,2.6925582885742188,3.841195821762085,27.722688747827124,430.33593750000006,217.7777777777778,409.47302351891994,197.5903587208854,451.1988514810801,237.9651968346702,0.004085944499820471,0.9998407363891602,
2026-07-15T21:48:46.329,9.236491218092851,20260715_214837_front_fusion_ego_1533,speedsweep_slow,fusion_ego_1533,6339476,2,person,0.313268780708313,-11.014489074488381,147.71731455212847,1.3265311597134275,-144.3388400061796,0.3693951368331909,0.3933013081550598,2.0256500244140625,24.93259186370356,617.1484375,225.55555555555557,613.1462945975363,215.15156004163956,621.1505804024637,235.9595510694716,0.9999982118606567,0.998678982257843,
2026-07-15T21:48:46.329,9.236491218092851,20260715_214837_front_fusion_ego_1533,speedsweep_slow,fusion_ego_1533,6339476,3,person,0.3056183159351349,-12.795209002403631,116.39241047453018,1.108361159840877,-67.4443057701876,0.6728590130805969,0.5303429365158081,1.9438896179199219,29.265765350491304,172.35677083333334,235.55555555555557,167.0234041850393,225.0171098444197,177.69013748162737,246.09400126669144,0.9788064360618591,0.9950689077377319,
2026-07-15T21:48:46.329,9.236491218092851,20260715_214837_front_fusion_ego_1533,speedsweep_slow,fusion_ego_1533,6339476,4,vehicle,0.2502630949020386,-1.468796428769025,138.84320500659032,0.796738810291034,-85.05125713862347,5.490683078765869,2.060636281967163,1.8884845972061157,32.131092190813604,458.1354166666667,226.66666666666669,447.43324339265627,218.6923376719157,468.8375899406771,234.64099566141766,0.12125178426504135,0.9996906518936157,
2026-07-15T21:48:46.329,9.236491218092851,20260715_214837_front_fusion_ego_1533,speedsweep_slow,fusion_ego_1533,6339476,5,vehicle,0.1918904185295105,-9.63738316738415,121.3581636437907,1.270951957972134,-50.03342173517475,6.098705768585205,2.2531211376190186,2.5609114170074463,28.583849161692296,252.41927083333334,234.44444444444446,217.9304900293549,219.2908772495058,286.9080516373118,249.59801163938312,0.9893326759338379,0.9984287619590759,
2026-07-15T21:48:46.461,9.367976543027908,20260715_214837_front_fusion_ego_1533,speedsweep_slow,fusion_ego_1533,6339477,0,vehicle,0.4959465265274048,-3.734211351421173,133.67024279143254,1.5867916060527325,-83.21672204630916,7.343481063842773,2.6771597862243652,3.705580234527588,29.006226979964687,430.33593750000006,217.7777777777778,409.87659657001495,198.87047515975107,450.7952784299851,236.68508039580453,0.05997248739004135,0.9991700649261475,
2026-07-15T21:48:46.461,9.367976543027908,20260715_214837_front_fusion_ego_1533,speedsweep_slow,fusion_ego_1533,6339477,1,vehicle,0.46725279092788696,-1.2001820848701037,137.7678592257597,0.7912435338861197,-84.50775015023565,5.164409637451172,1.9623591899871826,1.7795379161834717,31.36327514079276,458.1354166666667,226.66666666666669,446.37600680502754,219.04712865749997,469.8948265283058,234.2862046758334,0.1815451830625534,0.9992790818214417,
2026-07-15T21:48:46.461,9.367976543027908,20260715_214837_front_fusion_ego_1533,speedsweep_slow,fusion_ego_1533,6339477,2,person,0.41948774456977844,-16.206979554441673,144.52669771614683,1.38554094186351,-37.580267069430185,0.29063498973846436,0.363381564617157,2.0498595237731934,17.977743649651345,626.0442708333334,226.66666666666669,621.5963902225097,213.04923276106518,630.492151444157,240.2841005722682,0.9999977350234985,0.9976939558982849,
2026-07-15T21:48:46.461,9.367976543027908,20260715_214837_front_fusion_ego_1533,speedsweep_slow,fusion_ego_1533,6339477,3,vehicle,0.3076733350753784,-23.14227581745925,132.46393734847373,1.7807753391737848,3.80259901772758,7.2743401527404785,2.547607660293579,3.4832777976989746,10.454752613533051,314.6901041666667,207.7777777777778,262.5246939236919,162.43107544051276,366.85551440964144,253.12448011504281,0.880108118057251,0.9999289512634277,
2026-07-15T21:48:46.461,9.367976543027908,20260715_214837_front_fusion_ego_1533,speedsweep_slow,fusion_ego_1533,6339477,4,person,0.13129878044128418,-13.955296803571535,118.00832200518967,0.9591357452217215,-76.2272923879909,0.7086070775985718,0.5406282544136047,1.8089230060577393,26.60276827471611,145.66927083333334,235.55555555555557,139.7630580974122,222.80222925874924,151.5754835692545,248.3088818523619,0.9616324305534363,0.9648405313491821,
2026-07-15T21:48:46.602,9.50931647408288,20260715_214837_front_fusion_ego_1533,speedsweep_slow,fusion_ego_1533,6339478,0,vehicle,0.4169853627681732,-3.2203713921902413,133.81732680360253,1.4354592774863368,-44.423565400312405,6.894880771636963,2.5555195808410645,3.462602138519287,28.511775691335362,430.33593750000006,217.7777777777778,409.8002636991441,199.76565705405343,450.87161130085593,235.78989850150217,0.019860077649354935,0.999077320098877,
2026-07-15T21:48:46.602,9.50931647408288,20260715_214837_front_fusion_ego_1533,speedsweep_slow,fusion_ego_1533,6339478,1,vehicle,0.39231404662132263,-23.025077874719077,134.40774335599082,1.7457566367768163,2.3389568131276812,8.806434631347656,3.0345664024353027,3.6596038341522217,8.920871829030542,271.3229166666667,200.0,168.1349624792735,132.41204500198364,374.5108708540599,267.58795499801636,0.0016954416641965508,0.9997933506965637,
2026-07-15T21:48:46.602,9.50931647408288,20260715_214837_front_fusion_ego_1533,speedsweep_slow,fusion_ego_1533,6339478,2,vehicle,0.2811475992202759,-1.7966454866102808,137.05923114622638,0.7551558905150961,-72.80846643815292,5.374507427215576,2.0338308811187744,1.7897549867630005,29.764748906822145,458.1354166666667,226.66666666666669,444.9807069214682,218.93255362908047,471.2901264118652,234.4007797042529,0.1407652050256729,0.9993155002593994,
2026-07-15T21:48:46.602,9.50931647408288,20260715_214837_front_fusion_ego_1533,speedsweep_slow,fusion_ego_1533,6339478,3,person,0.2284938246011734,-13.874952198258772,151.977920638897,1.0447271467944468,162.80977084796348,0.5394381284713745,0.4132789075374603,1.875175952911377,23.157058076815034,636.0520833333334,226.66666666666669,630.7391297270855,213.9918441573779,641.3650369395813,239.34148917595547,0.999699592590332,0.9825558662414551,
2026-07-15T21:48:46.745,9.65187085501384,20260715_214837_front_fusion_ego_1533,speedsweep_slow,fusion_ego_1533,6339479,0,vehicle,0.4391944706439972,-3.4113318095118466,133.38240407728793,1.4225603006790046,-3.7592772998634514,6.668661594390869,2.5368921756744385,3.3135666847229004,27.389035083141103,430.33593750000006,217.7777777777778,406.66045619919896,198.83992122279275,454.0114188008011,236.71563433276285,0.00021696255134884268,0.9975926280021667,
2026-07-15T21:48:46.745,9.65187085501384,20260715_214837_front_fusion_ego_1533,speedsweep_slow,fusion_ego_1533,6339479,1,vehicle,0.26255860924720764,-1.6266473795181433,137.13019319851966,0.67892326533289,-88.32368332210811,5.343304634094238,1.9929336309432983,1.7959387302398682,28.94336503918975,458.1354166666667,226.66666666666669,444.3104802320401,218.4404406944911,471.96035310129326,234.89289263884228,0.22078068554401398,0.9982407093048096,
2026-07-15T21:48:46.745,9.65187085501384,20260715_214837_front_fusion_ego_1533,speedsweep_slow,fusion_ego_1533,6339479,2,vehicle,0.2555398941040039,-24.269357066701907,135.32772019945148,2.0876808279591526,18.002286626226507,7.445833683013916,2.6068577766418457,3.7562172412872314,6.5352905744521514,217.94791666666669,198.88888888888889,90.38757846752803,60.850682788425026,345.5082548658053,336.9270949893528,0.11094504594802856,0.9966276288032532,
2026-07-15T21:48:46.745,9.65187085501384,20260715_214837_front_fusion_ego_1533,speedsweep_slow,fusion_ego_1533,6339479,3,vehicle,0.10281545668840408,-1.1965179580778589,130.9188019460199,0.9291461248616506,29.631875712511007,4.907059192657471,1.933058261871338,1.9961134195327759,29.994662295921167,394.7526041666667,226.66666666666669,379.56341908747953,217.3554567495982,409.94178924585384,235.97787658373517,0.008378122933208942,0.9949230551719666,
2026-07-15T21:48:46.885,9.79260622500442,20260715_214837_front_fusion_ego_1533,speedsweep_slow,fusion_ego_1533,6339480,0,vehicle,0.4747922122478485,0.4066185294778606,131.46561556916666,0.9064208736619217,3.6757986605126796,5.1684417724609375,1.9948203563690186,1.965190052986145,30.487016534732213,394.7526041666667,226.66666666666669,378.6920167009036,218.7220350901286,410.8131916324298,234.61129824320477,0.0598173551261425,0.9997220635414124,
2026-07-15T21:48:46.885,9.79260622500442,20260715_214837_front_fusion_ego_1533,speedsweep_slow,fusion_ego_1533,6339480,1,vehicle,0.4739086627960205,-3.0444099411055596,133.4750778050219,1.4112064768354349,6.144928745629504,6.724492073059082,2.526183843612671,3.339576005935669,26.75533702240643,430.33593750000006,217.7777777777778,408.16242119669914,197.99072133170236,452.5094538033009,237.56483422385324,0.0005770070129074156,0.9995788931846619,
2026-07-15T21:48:46.885,9.79260622500442,20260715_214837_front_fusion_ego_1533,speedsweep_slow,fusion_ego_1533,6339480,2,vehicle,0.2605672776699066,2.144988963895063,137.67548713640278,0.6527658309762658,-114.40062784101384,4.926652431488037,1.89592707157135,1.7858266830444336,31.727381568418863,465.91927083333337,226.66666666666669,453.4571697072437,218.99998168150586,478.38137195942306,234.3333516518275,0.6423096656799316,0.9995452761650085,
2026-07-15T21:48:46.885,9.79260622500442,20260715_214837_front_fusion_ego_1533,speedsweep_slow,fusion_ego_1533,6339480,3,person,0.14399152994155884,-14.657096658648046,149.09639801406198,1.2264925718521251,73.56174364515633,0.35842031240463257,0.40495389699935913,1.6769578456878662,19.186194947238626,662.7395833333334,226.66666666666669,654.5111036219945,213.81364176670712,670.9680630446722,239.51969156662625,0.9998503923416138,0.9571587443351746,
2026-07-15T21:48:46.885,9.79260622500442,20260715_214837_front_fusion_ego_1533,speedsweep_slow,fusion_ego_1533,6339480,4,vehicle,0.12171463668346405,-23.748123518212424,133.3777289359525,1.8617950933704703,-6.483987156144417,8.29627799987793,2.829761266708374,3.751047372817993,6.870251085518648,190.1484375,172.22222222222223,39.083880603313446,14.593719376458063,341.21299439668655,329.8507250679864,0.02146555297076702,0.9999567270278931,
2026-07-15T21:48:46.885,9.79260622500442,20260715_214837_front_fusion_ego_1533,speedsweep_slow,fusion_ego_1533,6339480,5,vehicle,0.11282122135162354,-23.645729804400336,131.77104514578033,1.6284529769325518,-32.06724174841714,7.277903079986572,2.4144480228424072,3.1352646350860596,7.9114024805991,173.46875,182.22222222222223,17.416206568479538,69.13745058907404,329.52129343152046,295.3069938553704,0.23361513018608093,0.9981932044029236,
2026-07-15T21:48:47.028,9.934675530064851,20260715_214837_front_fusion_ego_1533,speedsweep_slow,fusion_ego_1533,6339481,0,vehicle,0.4455946385860443,1.3070334599349351,131.62085310147668,0.9182297834591935,22.856894815367326,5.189833641052246,2.04838228225708,1.9179527759552002,30.366014750649224,394.7526041666667,226.66666666666669,380.9540574277441,219.18523425857228,408.5511509055893,234.1480990747611,0.046195030212402344,0.9997386336326599,
2026-07-15T21:48:47.028,9.934675530064851,20260715_214837_front_fusion_ego_1533,speedsweep_slow,fusion_ego_1533,6339481,1,vehicle,0.3802105486392975,-2.182691131670097,133.55281594814636,1.5429372214085415,1.6009669189504194,6.675405025482178,2.528355121612549,3.361546277999878,26.61322303059532,430.33593750000006,217.7777777777778,406.0512073636055,197.2418128119575,454.62066763639456,238.3137427435981,3.3091273508034647e-05,0.9995412826538086,
2026-07-15T21:48:47.028,9.934675530064851,20260715_214837_front_fusion_ego_1533,speedsweep_slow,fusion_ego_1533,6339481,2,vehicle,0.18351544439792633,1.33247280611819,137.99230389657006,0.523330892987717,-119.49722092699336,4.827152729034424,1.8489341735839844,1.8017833232879639,29.934007313901798,458.1354166666667,226.66666666666669,444.93577285731834,218.6644847194354,471.33506047601503,234.66884861389798,0.02099715545773506,0.9945810437202454,
2026-07-15T21:48:47.028,9.934675530064851,20260715_214837_front_fusion_ego_1533,speedsweep_slow,fusion_ego_1533,6339481,3,vehicle,0.10956890881061554,-23.38429096550881,133.3953206755357,1.2999284845618795,87.30097562329108,5.795398235321045,2.0678865909576416,2.59088397026062,6.329882629002273,173.46875,270.0,79.20487147569656,144.40855979919434,267.73262852430344,395.59144020080566,0.8332980275154114,0.5843241810798645,
2026-07-15T21:48:47.028,9.934675530064851,20260715_214837_front_fusion_ego_1533,speedsweep_slow,fusion_ego_1533,6339481,4,vehicle,0.09436453878879547,-11.433773022557851,123.59978345792248,1.5586491196376102,31.249634816812517,6.256997585296631,2.428274154663086,3.0132009983062744,21.765038214265708,216.83593750000003,217.7777777777778,170.39273907244205,191.91401945220102,263.27913592755795,243.64153610335458,0.11806052178144455,0.030423790216445923,
2026-07-15T21:48:47.153,10.060598262003623,20260715_214837_front_fusion_ego_1533,speedsweep_slow,fusion_ego_1533,6339482,0,person,0.21353678405284882,-16.88216456375629,152.9451421126062,1.201570433145856,113.93423636922589,0.6849675178527832,0.4433530867099762,1.9780573844909668,19.18543367637315,805.0729166666667,226.66666666666669,793.8069463937234,208.48496238390607,816.3388869396101,244.8483709494273,0.9983298182487488,0.4646819531917572,
2026-07-15T21:48:47.153,10.060598262003623,20260715_214837_front_fusion_ego_1533,speedsweep_slow,fusion_ego_1533,6339482,1,vehicle,0.19535548985004425,-24.391243615868007,133.68763180289287,1.3994829043504176,-15.103164214669036,7.142533779144287,2.50248646736145,2.9060399532318115,4.608542828162354,173.46875,333.33333333333337,67.06991270184517,217.13398774464926,279.86758729815483,449.53267892201745,0.8202295303344727,0.9822697043418884,
2026-07-15T21:48:47.153,10.060598262003623,20260715_214837_front_fusion_ego_1533,speedsweep_slow,fusion_ego_1533,6339482,2,vehicle,0.18783777952194214,1.5511546793469186,131.41656445045365,0.7964257360552893,-43.43772929133438,4.6905341148376465,1.8655763864517212,1.916361927986145,29.66797561335106,394.7526041666667,226.66666666666669,380.926252009968,218.4488234917323,408.5789563233654,234.88450984160107,0.016567908227443695,0.9995052814483643,
2026-07-15T21:48:47.153,10.060598262003623,20260715_214837_front_fusion_ego_1533,speedsweep_slow,fusion_ego_1533,6339482,3,vehicle,0.1876513659954071,-1.903045213812618,134.00185536817935,0.9443495689285681,-75.7211216978131,5.523969650268555,2.105219841003418,2.056684732437134,25.854190126092174,430.33593750000006,225.55555555555557,406.64789444953203,213.98584249946808,454.023980550468,237.12526861164307,0.0006192768341861665,0.9980872273445129,
2026-07-15T21:48:47.153,10.060598262003623,20260715_214837_front_fusion_ego_1533,speedsweep_slow,fusion_ego_1533,6339482,4,vehicle,0.11002831161022186,3.4656622004493762,138.7897211457787,0.5195072626417854,-117.98547623728916,4.796463489532471,1.8503652811050415,1.6790847778320312,31.10634713969206,465.91927083333337,226.66666666666669,453.9747807619473,218.83724401394528,477.86376090471947,234.4960893193881,0.5997979044914246,0.9994015693664551,
2026-07-15T21:48:47.291,10.198498098063283,20260715_214837_front_fusion_ego_1533,speedsweep_slow,fusion_ego_1533,6339483,0,vehicle,0.2971962094306946,0.7609835734854613,131.4762646546905,0.8900467549833166,160.07945331934138,5.27758264541626,2.0508735179901123,1.8374489545822144,27.90623008659354,386.96875,226.66666666666669,370.4407404176891,218.04386625687283,403.4967595823109,235.28946707646054,0.02262614667415619,0.9990413784980774,
2026-07-15T21:48:47.291,10.198498098063283,20260715_214837_front_fusion_ego_1533,speedsweep_slow,fusion_ego_1533,6339483,1,vehicle,0.2926134467124939,-24.70840415060257,135.29838805520333,1.7039779867562188,-17.650556483084667,6.713861465454102,2.557624101638794,3.2661049365997314,2.5514204633892317,296.8984375,198.88888888888889,246.1261041387916,147.87394576602512,347.67077086120844,249.90383201175268,0.10238128155469894,0.9774717688560486,
2026-07-15T21:48:47.291,10.198498098063283,20260715_214837_front_fusion_ego_1533,speedsweep_slow,fusion_ego_1533,6339483,2,vehicle,0.20132267475128174,-2.0136660532570936,134.05990009692897,0.9207838104488044,9.904182288749277,5.492876052856445,2.066577434539795,2.001338481903076,24.753216201310575,430.33593750000006,225.55555555555557,408.5159572213888,213.91047779056763,452.15591777861124,237.20063332054352,0.0004815930442418903,0.9986086487770081,
2026-07-15T21:48:47.291,10.198498098063283,20260715_214837_front_fusion_ego_1533,speedsweep_slow,fusion_ego_1533,6339483,3,vehicle,0.14656467735767365,3.058274299800896,138.05921754382285,0.6817377127128326,-96.18237903406012,4.754456043243408,1.8693280220031738,1.7962000370025635,29.67053165255547,465.91927083333337,225.55555555555557,453.0891575266918,216.95114884111618,478.74938413997495,234.15996226999496,0.11624240130186081,0.9998667240142822,
2026-07-15T21:48:47.429,10.336061154026538,20260715_214837_front_fusion_ego_1533,speedsweep_slow,fusion_ego_1533,6339484,0,vehicle,0.3836534023284912,-4.182443936014813,133.14420374530417,0.5672266241263455,46.85322161860273,4.745854377746582,1.850950002670288,1.5374871492385864,21.7780756384133,386.96875,234.44444444444446,365.50695376843214,224.85340860154895,408.43054623156786,244.03548028733996,0.0007052220753394067,0.999975323677063,
2026-07-15T21:48:47.429,10.336061154026538,20260715_214837_front_fusion_ego_1533,speedsweep_slow,fusion_ego_1533,6339484,1,vehicle,0.18477199971675873,-1.0313505440318806,135.3748746933443,1.5419614162074398,48.53951375698852,6.131450653076172,2.3449559211730957,3.2583069801330566,24.616378372096293,430.33593750000006,217.7777777777778,404.1971586495638,198.28182684050668,456.47471635043627,237.27372871504892,5.222273102845065e-05,0.999653697013855,
2026-07-15T21:48:47.429,10.336061154026538,20260715_214837_front_fusion_ego_1533,speedsweep_slow,fusion_ego_1533,6339484,2,vehicle,0.0996452197432518,-23.492699042358602,134.46267212710987,1.6248465325191634,-13.185021684863766,6.918429851531982,2.561882257461548,3.2570717334747314,3.3099451015963246,288.0026041666667,198.88888888888889,221.79185978571576,132.0420675807529,354.2133485476176,265.7357101970249,0.14107125997543335,0.9597766399383545,
2026-07-15T21:48:47.429,10.336061154026538,20260715_214837_front_fusion_ego_1533,speedsweep_slow,fusion_ego_1533,6339484,3,vehicle,0.09327708929777145,3.7516995008969793,139.04366306255366,0.7703265735929508,-84.57458074549416,4.8248114585876465,1.9087755680084229,1.8473211526870728,29.423419457214536,465.91927083333337,225.55555555555557,453.28722738412523,216.28586533996796,478.5513142825415,234.8252457711432,0.13945607841014862,0.9996895790100098,
2026-07-15T21:48:47.558,10.465679340995848,20260715_214837_front_fusion_ego_1533,speedsweep_slow,fusion_ego_1533,6339485,0,vehicle,0.27422818541526794,-4.396694061076083,133.29865585974105,0.6719684979531058,36.55014832890267,4.78863525390625,1.8289693593978882,1.6188085079193115,20.56264400212161,385.85677083333337,234.44444444444446,365.0923752014836,223.82728126313953,406.62116646518314,245.0616076257494,0.00430110702291131,0.9999903440475464,
2026-07-15T21:48:47.558,10.465679340995848,20260715_214837_front_fusion_ego_1533,speedsweep_slow,fusion_ego_1533,6339485,1,vehicle,0.2713286578655243,-11.981055800135406,132.0103497579623,1.1135336366433,98.16776241014352,4.977787017822266,2.04240345954895,2.1209778785705566,13.584776956859454,305.79427083333337,234.44444444444446,264.31752087672555,214.47718467977313,347.2710207899412,254.41170420911578,0.003603604855015874,0.48846155405044556,
2026-07-15T21:48:47.558,10.465679340995848,20260715_214837_front_fusion_ego_1533,speedsweep_slow,fusion_ego_1533,6339485,2,vehicle,0.25973814725875854,3.239744102292903,138.91693669520825,0.7630232826593593,-143.41708375720236,4.750030517578125,1.8425034284591675,1.7282493114471436,27.917234235824015,467.03125000000006,226.66666666666669,454.61758008971816,217.71878163019818,479.44491991028195,235.6145517031352,0.04338710010051727,0.9992907047271729,
2026-07-15T21:48:47.558,10.465679340995848,20260715_214837_front_fusion_ego_1533,speedsweep_slow,fusion_ego_1533,6339485,3,vehicle,0.24251815676689148,-1.2106049182200316,135.53800435935645,1.5218291737226357,-25.00679873831531,6.9040913581848145,2.512221336364746,3.366755247116089,23.439252192230512,422.55208333333337,217.7777777777778,396.62944865723455,198.41346250640024,448.4747180094322,237.14209304915536,0.00027802379918284714,0.999894380569458,
2026-07-15T21:48:47.558,10.465679340995848,20260715_214837_front_fusion_ego_1533,speedsweep_slow,fusion_ego_1533,6339485,4,vehicle,0.14506354928016663,-6.032431864493393,128.74757922812591,1.446049622429857,91.48395080591061,5.744777202606201,2.315049886703491,2.4116640090942383,20.329224086590735,305.79427083333337,224.44444444444446,268.67289598037803,205.95946636464862,342.9156456862887,242.9294225242403,0.0008056325023062527,0.20214995741844177,
2026-07-15T21:48:47.558,10.465679340995848,20260715_214837_front_fusion_ego_1533,speedsweep_slow,fusion_ego_1533,6339485,5,vehicle,0.09598443657159805,-23.057334933854886,133.45404763807863,1.7231676471012294,-51.21735213271538,7.187077045440674,2.7044405937194824,3.332465410232544,3.8913569617693984,262.42708333333337,200.0,205.37786779304346,128.66029262542725,319.47629887362325,271.33970737457275,0.1548992544412613,0.5851754546165466,
2026-07-15T21:48:47.696,10.602670816006139,20260715_214837_front_fusion_ego_1533,speedsweep_slow,fusion_ego_1533,6339486,0,vehicle,0.5111530423164368,-3.7149862929361994,130.61142813152048,1.2093176546610467,151.860383082159,5.879705429077148,2.200742721557617,2.787997007369995,20.90480657391701,315.80208333333337,226.66666666666669,283.7298255761465,209.4015697638194,347.87434109052026,243.93176356951398,0.0010351825039833784,0.9999775886535645,
2026-07-15T21:48:47.696,10.602670816006139,20260715_214837_front_fusion_ego_1533,speedsweep_slow,fusion_ego_1533,6339486,1,vehicle,0.32989242672920227,-2.8830938178878505,133.4481704613292,0.689138891711242,89.4031265984403,5.197324752807617,1.8902347087860107,1.9096378087997437,21.049295591258012,378.0729166666667,234.44444444444446,356.56557713324827,222.6810320880678,399.5802562000851,246.2078568008211,0.00024491301155649126,0.9999939203262329,
2026-07-15T21:48:47.696,10.602670816006139,20260715_214837_front_fusion_ego_1533,speedsweep_slow,fusion_ego_1533,6339486,2,vehicle,0.2945224940776825,5.067275601229628,139.9560668662582,0.8380875767947826,-102.17158034535917,5.233689308166504,1.9699538946151733,1.8904378414154053,28.836205494052887,467.03125000000006,226.66666666666669,453.89387330599135,217.40125725666684,480.16862669400876,235.93207607666653,0.10114433616399765,0.9995400905609131,
2026-07-15T21:48:47.696,10.602670816006139,20260715_214837_front_fusion_ego_1533,speedsweep_slow,fusion_ego_1533,6339486,3,vehicle,0.13980670273303986,0.9575132464140843,135.87928333706708,1.0989248764610762,39.455340401669304,5.554421424865723,2.091843366622925,2.446187734603882,24.598569803195737,430.33593750000006,225.55555555555557,411.3322245068848,213.04719093773102,449.33965049311524,238.06392017338013,0.00019152185996063054,0.9983969330787659,
2026-07-15T21:48:47.835,10.741784487036057,20260715_214837_front_fusion_ego_1533,speedsweep_slow,fusion_ego_1533,6339487,0,vehicle,0.2711130678653717,-5.742832826049302,134.10903557844526,0.7655562630734287,88.0776396002785,4.968954086303711,1.8564096689224243,1.890128493309021,17.14117741132243,376.9609375,234.44444444444446,353.82528056949377,219.04090967443256,400.09659443050623,249.84797921445636,0.006260767579078674,0.9999996423721313,
2026-07-15T21:48:47.835,10.741784487036057,20260715_214837_front_fusion_ego_1533,speedsweep_slow,fusion_ego_1533,6339487,1,vehicle,0.2539063096046448,-7.39859863155467,145.21654438530578,1.0380279004394837,154.378866083731,5.450644493103027,2.0599842071533203,2.382902145385742,17.293054365678234,225.73177083333334,235.55555555555557,183.26259334137043,215.43957087728714,268.2009483252963,255.671540233824,0.18905110657215118,0.9996658563613892,
2026-07-15T21:48:47.835,10.741784487036057,20260715_214837_front_fusion_ego_1533,speedsweep_slow,fusion_ego_1533,6339487,2,vehicle,0.24686764180660248,-6.962509165056643,132.94108886689364,1.0830575329201904,98.77076619176788,5.453122138977051,2.046588897705078,2.3672471046447754,16.184546045709936,306.90625,226.66666666666669,274.3264511078596,207.2543666760127,339.4860488921404,246.07896665732068,0.004611020442098379,0.9999697208404541,
2026-07-15T21:48:47.835,10.741784487036057,20260715_214837_front_fusion_ego_1533,speedsweep_slow,fusion_ego_1533,6339487,3,vehicle,0.2103722095489502,5.283399260410459,141.68693676149476,0.9523662819586218,-80.2214970158135,5.5812578201293945,2.0369009971618652,2.1110267639160156,28.29519870431912,467.03125000000006,226.66666666666669,453.92035208083695,216.30879263083142,480.14214791916316,237.02454070250195,0.13454030454158783,0.9998972415924072,
2026-07-15T21:48:47.835,10.741784487036057,20260715_214837_front_fusion_ego_1533,speedsweep_slow,fusion_ego_1533,6339487,4,vehicle,0.17444132268428802,2.78591783918295,136.62755584278645,1.7470333170540522,38.551093092430776,7.493877410888672,2.6663308143615723,3.847790479660034,25.409100989254586,430.33593750000006,217.7777777777778,405.9758829958737,194.37351034747232,454.69599200412637,241.18204520808328,2.791324004647322e-05,0.9999467134475708,
2026-07-15T21:48:47.835,10.741784487036057,20260715_214837_front_fusion_ego_1533,speedsweep_slow,fusion_ego_1533,6339487,5,person,0.15078841149806976,-5.53536012650482,151.1982136961316,1.1167954958043604,-83.36972964070071,0.7627238631248474,0.48569053411483765,1.9743849039077759,22.20374791656376,661.6276041666667,226.66666666666669,656.4530731836956,213.26233873764676,666.8021351496379,240.0709945956866,0.999855637550354,0.989352285861969,
2026-07-15T21:48:47.993,10.900291923084296,20260715_214837_front_fusion_ego_1533,speedsweep_slow,fusion_ego_1533,6339488,0,vehicle,0.4195178151130676,-4.7100703624063485,133.84083881645293,0.8502019300484556,61.57508096890023,5.254062175750732,1.9538116455078125,1.9550503492355347,17.22575826185138,369.17708333333337,235.55555555555557,344.5140118127068,221.19396958086227,393.8401548539599,249.91714153024887,0.1066288948059082,0.9999992847442627,
2026-07-15T21:48:47.993,10.900291923084296,20260715_214837_front_fusion_ego_1533,speedsweep_slow,fusion_ego_1533,6339488,1,vehicle,0.3384855091571808,5.446364792037624,141.5732111413525,1.0184887562801201,-74.20601271899734,5.753663063049316,2.1077661514282227,2.1150949001312256,27.457988570409523,467.03125000000006,226.66666666666669,454.49977928772574,215.46466300884885,479.56272071227437,237.86867032448453,0.0834791287779808,0.9999679327011108,
2026-07-15T21:48:47.993,10.900291923084296,20260715_214837_front_fusion_ego_1533,speedsweep_slow,fusion_ego_1533,6339488,2,person,0.21904873847961426,-7.274506739540012,144.77646137914834,1.2281083891108648,28.521543698024942,0.48418551683425903,0.5611149072647095,1.46852707862854,16.316536885443394,689.4270833333334,234.44444444444446,680.7300115463635,222.3754667904642,698.1241551203033,246.5134220984247,0.9991894364356995,0.8476923108100891,
2026-07-15T21:48:47.993,10.900291923084296,20260715_214837_front_fusion_ego_1533,speedsweep_slow,fusion_ego_1533,6339488,3,vehicle,0.20289672911167145,-5.720154079987134,134.16233007655345,1.3711686940160015,-41.79133512761188,5.765853404998779,2.1797282695770264,2.5893287658691406,16.162414789545675,305.79427083333337,225.55555555555557,265.38090312977636,202.68192562792038,346.2076385368904,248.42918548319076,0.012433987110853195,0.9999966621398926,
2026-07-15T21:48:47.993,10.900291923084296,20260715_214837_front_fusion_ego_1533,speedsweep_slow,fusion_ego_1533,6339488,4,vehicle,0.19432108104228973,4.044095978079316,135.79193363890906,1.6838415644928506,-30.785836231021584,7.801153659820557,2.7734215259552,3.8969533443450928,25.70142167300742,430.33593750000006,217.7777777777778,407.8041401170194,194.4735853539573,452.86773488298064,241.0819702015983,0.0003626482794061303,0.9999761581420898,
2026-07-15T21:48:47.993,10.900291923084296,20260715_214837_front_fusion_ego_1533,speedsweep_slow,fusion_ego_1533,6339488,5,vehicle,0.13307255506515503,-5.885940632498205,142.23639683333087,1.2761609983926299,-69.5501969434962,5.912013053894043,2.2424347400665283,2.704350709915161,16.584466624538837,217.94791666666669,235.55555555555557,171.0422384242217,214.73416778776382,264.8535949091117,256.3769433233473,0.36138734221458435,0.9989686012268066,
2026-07-15T21:48:48.138,11.045563529012725,20260715_214837_front_fusion_ego_1533,speedsweep_slow,fusion_ego_1533,6339489,0,vehicle,0.4135981798171997,-6.989455885429596,131.90730218419043,1.5418429990970406,-17.64922767503699,5.897403717041016,2.286755084991455,2.711486339569092,14.573564959728154,288.0026041666667,226.66666666666669,237.72191449503106,195.126535097758,338.2832938383023,258.2067982355754,0.06728889048099518,0.9999984502792358,
2026-07-15T21:48:48.138,11.045563529012725,20260715_214837_front_fusion_ego_1533,speedsweep_slow,fusion_ego_1533,6339489,1,vehicle,0.35251447558403015,-2.4534009380618755,133.41410944197904,1.0699536731256176,28.11216928563495,5.906137466430664,2.1778135299682617,2.3902416229248047,18.542176877650984,368.0651041666667,235.55555555555557,342.4310318256418,218.57435080740188,393.69917650769156,252.53676030370926,0.14113353192806244,0.9999991655349731,
2026-07-15T21:48:48.138,11.045563529012725,20260715_214837_front_fusion_ego_1533,speedsweep_slow,fusion_ego_1533,6339489,2,vehicle,0.22537250816822052,4.050750565723256,135.55867797254962,1.5721560531535388,-9.47428651972506,7.705690860748291,2.703721523284912,3.7975871562957764,24.73029447025691,430.33593750000006,217.7777777777778,406.9647075980902,194.7168885336982,453.7071674019099,240.8386670218574,4.702771548181772e-05,0.999768078327179,
2026-07-15T21:48:48.138,11.045563529012725,20260715_214837_front_fusion_ego_1533,speedsweep_slow,fusion_ego_1533,6339489,3,vehicle,0.19871236383914948,-7.769832213992043,146.9173923166327,0.9616132370462767,134.42904976776893,5.963946342468262,2.1448769569396973,2.2358367443084717,16.240769334157687,136.7734375,252.22222222222223,58.92999435961247,226.69227911366357,214.61688064038756,277.7521653307809,0.03670501708984375,0.9991471767425537,
2026-07-15T21:48:48.138,11.045563529012725,20260715_214837_front_fusion_ego_1533,speedsweep_slow,fusion_ego_1533,6339489,4,vehicle,0.17161621153354645,5.060964419174983,139.87304710408452,0.6287522047580061,61.74677535241173,4.685219764709473,1.7439517974853516,1.5429749488830566,25.869586220568614,467.03125000000006,234.44444444444446,451.96595014631754,225.8158039715555,482.0965498536826,243.0730849173334,7.794086559442803e-05,0.9999072551727295,
2026-07-15T21:48:48.276,11.183033501030877,20260715_214837_front_fusion_ego_1533,speedsweep_slow,fusion_ego_1533,6339490,0,vehicle,0.8390405774116516,-8.601974044071472,130.37056841902856,1.3615395561799588,-113.66406564429094,6.103014945983887,2.2443008422851562,2.8503730297088623,12.891488712323463,261.3151041666667,234.44444444444446,186.27946102122468,198.07479527261523,336.3507473121087,270.8140936162737,0.041220273822546005,0.999997615814209,
2026-07-15T21:48:48.276,11.183033501030877,20260715_214837_front_fusion_ego_1533,speedsweep_slow,fusion_ego_1533,6339490,1,vehicle,0.3615649938583374,-4.056538082977802,133.6314716078059,0.8168141384468022,-20.305006974821314,5.360218048095703,1.9889118671417236,2.122415781021118,15.96627617340448,359.16927083333337,235.55555555555557,333.7764598031839,217.85679015848373,384.56208186348283,253.2543209526274,0.6713929772377014,0.9999998807907104,
2026-07-15T21:48:48.276,11.183033501030877,20260715_214837_front_fusion_ego_1533,speedsweep_slow,fusion_ego_1533,6339490,2,vehicle,0.32552918791770935,1.710284563684528,135.93614378853678,1.673752716528818,29.37819416139919,7.714719772338867,2.678269863128662,3.8933000564575195,21.38212573842685,430.33593750000006,216.66666666666669,406.9588299654424,189.90885655085248,453.71304503455764,243.4244767824809,0.00012360171240288764,0.9999920129776001,
2026-07-15T21:48:48.276,11.183033501030877,20260715_214837_front_fusion_ego_1533,speedsweep_slow,fusion_ego_1533,6339490,3,person,0.27426642179489136,-2.3489436349032218,144.10157594858092,0.6003517601644557,48.04280529797101,0.39613205194473267,0.342605322599411,1.5335789918899536,18.708648665461286,573.78125,234.44444444444446,569.6444826656953,223.18448540237216,577.9180173343047,245.70440348651675,0.9999998807907104,0.9998295307159424,
2026-07-15T21:48:48.276,11.183033501030877,20260715_214837_front_fusion_ego_1533,speedsweep_slow,fusion_ego_1533,6339490,4,vehicle,0.2006678283214569,4.845042875460166,140.24610838330878,0.980194783876509,-111.12038187696288,5.5659499168396,2.0830211639404297,2.177452325820923,24.705158944074746,474.8151041666667,226.66666666666669,456.8035387458901,214.80625579754513,492.8266695874433,238.52707753578824,0.05177730694413185,0.9998032450675964,
2026-07-15T21:48:48.420,11.327525552012958,20260715_214837_front_fusion_ego_1533,speedsweep_slow,fusion_ego_1533,6339491,0,vehicle,0.8275339007377625,-10.945052940473758,130.56549483323803,1.3931073384873662,-89.86213876825855,6.057002067565918,2.265817642211914,2.7394890785217285,10.053393798653627,234.62760416666669,234.44444444444446,161.81732341150445,192.16090705659656,307.4378849218289,276.72798183229236,0.2428479641675949,0.9999651908874512,
2026-07-15T21:48:48.420,11.327525552012958,20260715_214837_front_fusion_ego_1533,speedsweep_slow,fusion_ego_1533,6339491,1,vehicle,0.5295785069465637,-5.129416133730178,133.73842025676623,0.7759833398765867,43.735943414064195,5.415674686431885,2.043652057647705,1.9270801544189453,13.931303552886414,342.48958333333337,243.33333333333334,304.7868620951971,222.3890914519628,380.19230457146966,264.2775752147039,0.39356347918510437,1.0,
2026-07-15T21:48:48.420,11.327525552012958,20260715_214837_front_fusion_ego_1533,speedsweep_slow,fusion_ego_1533,6339491,2,vehicle,0.23258216679096222,4.7471962826860725,135.36758989148922,1.5046451125880795,-22.54279659208862,7.442608833312988,2.6020431518554688,3.756862163543701,23.45454138034595,430.33593750000006,217.7777777777778,407.18208933621645,194.0144162045585,453.4897856637836,241.5411393509971,0.00016829597007017583,0.9999914169311523,
2026-07-15T21:48:48.567,11.474284940981306,20260715_214837_front_fusion_ego_1533,speedsweep_slow,fusion_ego_1533,6339492,0,vehicle,0.637890100479126,-5.544735667677539,133.42402731674264,0.8194395272346306,40.22005772645208,5.351688385009766,1.9922361373901367,2.2274627685546875,12.65042520655737,332.48177083333337,243.33333333333334,294.583040488263,216.6912176211675,370.38050117840373,269.9754490454992,0.22329558432102203,0.9999991655349731,
2026-07-15T21:48:48.567,11.474284940981306,20260715_214837_front_fusion_ego_1533,speedsweep_slow,fusion_ego_1533,6339492,1,person,0.5873534083366394,2.5934663795628943,147.45925896614074,0.8113887511143614,108.68616551790008,0.7156062722206116,0.4806399941444397,1.7974491119384766,22.786172478593038,600.46875,226.66666666666669,596.466630560346,215.6089050571124,604.470869439654,237.72442827622098,0.9999724626541138,0.9863013029098511,
2026-07-15T21:48:48.567,11.474284940981306,20260715_214837_front_fusion_ego_1533,speedsweep_slow,fusion_ego_1533,6339492,2,vehicle,0.4075099229812622,-10.210980333551586,129.27210137082346,1.1403174788769448,-38.064834587469825,6.054573059082031,2.2460455894470215,2.8026552200317383,10.753561154429548,191.26041666666669,234.44444444444446,119.43802995483081,183.58857777383594,263.08280337850255,285.300311115053,0.4790423810482025,0.9998051524162292,
2026-07-15T21:48:48.567,11.474284940981306,20260715_214837_front_fusion_ego_1533,speedsweep_slow,fusion_ego_1533,6339492,3,vehicle,0.3406505882740021,6.566943255862334,140.84721152955197,0.7382975531610798,-92.3261961655369,5.448554515838623,2.0242574214935303,2.0790886878967285,24.53080999223771,474.8151041666667,226.66666666666669,456.7526538769404,213.88803283373517,492.87755445639294,239.4453004995982,0.055085472762584686,0.9999396800994873,
2026-07-15T21:48:48.567,11.474284940981306,20260715_214837_front_fusion_ego_1533,speedsweep_slow,fusion_ego_1533,6339492,4,vehicle,0.3331759572029114,4.1950581358334205,134.9421026261856,1.286104525622868,-36.639562179895734,7.197813987731934,2.509378671646118,3.5385947227478027,21.948303125381784,430.33593750000006,217.7777777777778,410.51303681358695,195.65691517459024,450.1588381864131,239.89864038096536,0.00027004291769117117,0.9999959468841553,
2026-07-15T21:48:48.693,11.600296483025886,20260715_214837_front_fusion_ego_1533,speedsweep_slow,fusion_ego_1533,6339493,0,vehicle,0.5415273904800415,-12.02580922224815,129.7958741198758,1.402711477247039,-18.378944939367678,7.000824928283691,2.39111065864563,3.284156322479248,8.590857128041538,155.67708333333334,234.44444444444446,81.04603764911494,130.6507232454088,230.30812901755175,338.2381656434801,0.7355143427848816,0.9958215951919556,
2026-07-15T21:48:48.693,11.600296483025886,20260715_214837_front_fusion_ego_1533,speedsweep_slow,fusion_ego_1533,6339493,1,vehicle,0.38667264580726624,7.8111692656930245,141.4344649555541,0.7049853823110641,-101.05162756392568,5.298284530639648,2.008394956588745,2.0296430587768555,24.874780864134433,474.8151041666667,226.66666666666669,457.71040417502326,214.08385554949444,491.9198041583101,239.24947778383893,0.12350014597177505,0.9999710321426392,
2026-07-15T21:48:48.693,11.600296483025886,20260715_214837_front_fusion_ego_1533,speedsweep_slow,fusion_ego_1533,6339493,2,vehicle,0.36864686012268066,-5.562230438821043,133.62826230378144,0.8288258405217099,-27.813629380422952,4.928267002105713,1.9373698234558105,2.146172046661377,11.623938086015405,314.6901041666667,244.44444444444446,274.98039805392426,214.92879238393573,354.3998102794091,273.9600965049532,0.4975578188896179,0.9999953508377075,
2026-07-15T21:48:48.693,11.600296483025886,20260715_214837_front_fusion_ego_1533,speedsweep_slow,fusion_ego_1533,6339493,3,vehicle,0.2670271694660187,4.7654686713190415,134.743082200661,1.1156019354677555,-61.710411656030715,6.950708389282227,2.4226551055908203,3.475703477859497,21.548733691223234,430.33593750000006,217.7777777777778,409.4113537110388,195.01183317767251,451.26052128896123,240.54372237788309,0.0006531174294650555,0.9999963045120239,
2026-07-15T21:48:48.836,11.743241491029039,20260715_214837_front_fusion_ego_1533,speedsweep_slow,fusion_ego_1533,6339494,0,vehicle,0.6195944547653198,-7.481050531301108,133.45621381496568,0.8441930871486707,96.53992931820382,4.74183988571167,1.8706834316253662,2.0583138465881348,8.9528116636675,289.11458333333337,252.22222222222223,238.6088765685757,216.46588696373834,339.620290098091,287.9785574807061,0.10980760306119919,0.9999936819076538,
2026-07-15T21:48:48.836,11.743241491029039,20260715_214837_front_fusion_ego_1533,speedsweep_slow,fusion_ego_1533,6339494,1,vehicle,0.3403173089027405,8.598169438363836,133.97782106777095,1.2188662435146864,-35.250854752629046,7.012988090515137,2.4741575717926025,3.5092577934265137,24.456014237833692,430.33593750000006,217.7777777777778,413.0546047054231,197.349006401168,447.61727029457694,238.2065491543876,0.0003066711069550365,0.9999902248382568,
2026-07-15T21:48:48.836,11.743241491029039,20260715_214837_front_fusion_ego_1533,speedsweep_slow,fusion_ego_1533,6339494,2,vehicle,0.21697132289409637,-8.058113848607487,143.6823519828056,1.026627838504392,-23.4988984910287,5.638330936431885,2.039530038833618,2.5836777687072754,10.1128277069418,831.7604166666667,65.55555555555556,811.742539236943,10.416676733228895,851.7782940963905,120.69443437788222,0.012444132007658482,0.46728068590164185,
2026-07-15T21:48:48.836,11.743241491029039,20260715_214837_front_fusion_ego_1533,speedsweep_slow,fusion_ego_1533,6339494,3,vehicle,0.18112468719482422,10.19168180860545,140.58647163738684,0.6645115849176686,-120.82345985876162,5.47048807144165,2.038257360458374,1.9776095151901245,26.111947944685006,474.8151041666667,226.66666666666669,458.46750529731315,215.11103610197705,491.1627030360202,238.22229723135632,0.14537355303764343,0.9999186992645264,
2026-07-15T21:48:48.964,11.871329442015849,20260715_214837_front_fusion_ego_1533,speedsweep_slow,fusion_ego_1533,6339495,0,vehicle,0.27550190687179565,-10.687944020163176,130.11824204861045,1.0742733305599228,-11.049464267576877,4.600910663604736,1.7515281438827515,2.3968570232391357,7.993220832679504,31.135416666666668,244.44444444444446,-32.838690449794136,188.41340925958423,95.10952378312747,300.4754796293047,0.6229881644248962,0.9237354397773743,
2026-07-15T21:48:48.964,11.871329442015849,20260715_214837_front_fusion_ego_1533,speedsweep_slow,fusion_ego_1533,6339495,1,vehicle,0.19321703910827637,6.5118786333870915,139.8739936232813,0.41151658781974887,-175.94222380134102,4.88630485534668,1.8182085752487183,1.4717003107070923,21.400632205631883,475.92708333333337,234.44444444444446,454.9113334057232,224.70703151490954,496.94283326094353,244.18185737397937,0.0005995152750983834,0.9999551773071289,
2026-07-15T21:48:48.964,11.871329442015849,20260715_214837_front_fusion_ego_1533,speedsweep_slow,fusion_ego_1533,6339495,2,vehicle,0.1908656358718872,-9.096854245219484,134.1764735888307,1.0440953232986674,6.016893868649648,4.99199104309082,1.9442218542099,2.222405195236206,6.2811033493891255,253.53125000000003,261.11111111111114,185.12529015541077,210.18230623669095,321.93720984458923,312.0399159855313,0.13660235702991486,0.9989604949951172,
2026-07-15T21:48:48.964,11.871329442015849,20260715_214837_front_fusion_ego_1533,speedsweep_slow,fusion_ego_1533,6339495,3,vehicle,0.16859720647335052,5.580444748159934,135.3198679635372,0.9159257969047967,-42.88626572002512,5.1222405433654785,1.9683539867401123,2.329824924468994,20.334175231853457,430.33593750000006,225.55555555555557,412.58866034820676,212.07464072439407,448.0832146517933,239.03647038671707,0.024826884269714355,0.999086856842041,
2026-07-15T21:48:49.104,12.01087291201111,20260715_214837_front_fusion_ego_1533,speedsweep_slow,fusion_ego_1533,6339496,0,vehicle,0.34711363911628723,4.6378933837462775,136.03826379613824,1.0763217166726198,17.129218428558502,5.599790573120117,2.1034390926361084,2.427276134490967,18.353605747560305,430.33593750000006,225.55555555555557,405.08918603882194,210.02258453104233,455.5826889611781,241.08852658006882,0.007282210513949394,0.9999252557754517,
2026-07-15T21:48:49.104,12.01087291201111,20260715_214837_front_fusion_ego_1533,speedsweep_slow,fusion_ego_1533,6339496,1,vehicle,0.15423087775707245,9.889284917630174,141.55209883179992,0.8409577127006997,-101.40107573805186,5.728726387023926,2.1146576404571533,2.264714241027832,24.00945458648011,483.71093750000006,226.66666666666669,461.3043344877661,212.7046216527621,506.11754051223403,240.62871168057126,0.988275408744812,0.9999911785125732,
2026-07-15T21:48:49.104,12.01087291201111,20260715_214837_front_fusion_ego_1533,speedsweep_slow,fusion_ego_1533,6339496,2,vehicle,0.1413300484418869,-9.87849786148626,133.45330655731877,1.1504081730174902,-102.39818170350893,4.910000324249268,1.7823938131332397,2.3153538703918457,5.238814564465509,207.94010416666669,271.11111111111114,100.74045811096828,189.7840518421597,315.1397502223651,352.43817038006256,0.9093623757362366,0.9989047050476074,
2026-07-15T21:48:49.230,12.137112018070184,20260715_214837_front_fusion_ego_1533,speedsweep_slow,fusion_ego_1533,6339497,0,vehicle,0.5683935284614563,5.382400741527826,136.82326039879692,1.0726500125432836,83.35466903411518,5.969108581542969,2.1771159172058105,2.6478958129882812,18.08269958864712,430.33593750000006,225.55555555555557,402.08295112103224,207.68521997663711,458.5889238789678,243.42589113447403,0.007529300171881914,0.9999699592590332,
2026-07-15T21:48:49.230,12.137112018070184,20260715_214837_front_fusion_ego_1533,speedsweep_slow,fusion_ego_1533,6339497,1,vehicle,0.2176508754491806,7.335162210224253,139.90357028456927,0.6228366379787702,-152.1962031385298,5.514592170715332,2.016144275665283,1.6923542022705078,20.2501724268894,483.71093750000006,234.44444444444446,459.1469108499587,223.07156261470584,508.2749641500414,245.81732627418307,0.009942078031599522,0.9999697208404541,
2026-07-15T21:48:49.230,12.137112018070184,20260715_214837_front_fusion_ego_1533,speedsweep_slow,fusion_ego_1533,6339497,2,vehicle,0.0987735465168953,-10.305635029256667,132.9226879040698,0.9466363455477889,65.99177648915212,4.77580451965332,1.8872401714324951,1.9193096160888672,4.791879683378608,173.46875,342.22222222222223,56.59373480081559,247.84361256493463,290.3437651991844,436.6008318795098,0.29944130778312683,0.9833235144615173,
2026-07-15T21:48:49.360,12.267674566013739,20260715_214837_front_fusion_ego_1533,speedsweep_slow,fusion_ego_1533,6339498,0,vehicle,0.3994557857513428,7.749258319054558,138.5344540438198,0.9407029848910791,103.82251936150232,6.263993740081787,2.2079639434814453,2.7325947284698486,19.537963134583052,430.33593750000006,225.55555555555557,402.6311918795109,205.57406220171188,458.0406831204892,245.53704890939926,0.07546446472406387,0.9960862398147583,
2026-07-15T21:48:49.360,12.267674566013739,20260715_214837_front_fusion_ego_1533,speedsweep_slow,fusion_ego_1533,6339498,1,vehicle,0.3617124557495117,8.753570205926977,139.34571985987984,0.5335152853186589,-103.88808017678532,5.348576545715332,1.9646683931350708,1.7371737957000732,20.627849617584758,484.8229166666667,234.44444444444446,460.2757641511659,223.6265813973215,509.37006918216747,245.2623074915674,0.0010451345006003976,0.9999901056289673,
2026-07-15T21:48:49.496,12.403178445994854,20260715_214837_front_fusion_ego_1533,speedsweep_slow,fusion_ego_1533,6339499,0,vehicle,0.5362698435783386,8.370351396695662,138.04245450163515,1.0182752120256215,121.5938199735629,6.409457683563232,2.2846968173980713,2.740771532058716,19.214893326469213,430.33593750000006,225.55555555555557,399.1759487763047,207.98433634969925,461.49592622369534,243.1267747614119,0.004033730365335941,0.9999825954437256,
2026-07-15T21:48:49.496,12.403178445994854,20260715_214837_front_fusion_ego_1533,speedsweep_slow,fusion_ego_1533,6339499,1,vehicle,0.36578646302223206,9.245583463209766,140.6985352876066,0.4947603455398282,152.68638061568254,5.364367961883545,2.0143039226531982,1.7446300983428955,20.410510817133716,484.8229166666667,234.44444444444446,462.62514856706065,222.93785717752246,507.0206847662727,245.95103171136645,0.001719788066111505,0.9999914169311523,
2026-07-15T21:48:49.634,12.540095999022014,20260715_214837_front_fusion_ego_1533,speedsweep_slow,fusion_ego_1533,6339500,0,vehicle,0.5518258810043335,8.494446572495768,137.83033299146615,0.9527270117245843,92.87114585147918,5.978732585906982,2.1677534580230713,2.6607279777526855,18.49610349353307,430.33593750000006,225.55555555555557,397.8962410092354,207.7015456888411,462.7756339907647,243.40956542227005,0.0012226967373862863,0.9999799728393555,
2026-07-15T21:48:49.634,12.540095999022014,20260715_214837_front_fusion_ego_1533,speedsweep_slow,fusion_ego_1533,6339500,1,vehicle,0.20387119054794312,10.580376309479206,141.98610860006977,0.5624857519564799,-123.53621914250586,5.377813339233398,1.99634850025177,1.715368390083313,21.16121470161346,492.60677083333337,234.44444444444446,469.4522163992127,223.3483907249239,515.761325267454,245.54049816396503,0.0472174808382988,0.9999799728393555,
2026-07-15T21:48:49.634,12.540095999022014,20260715_214837_front_fusion_ego_1533,speedsweep_slow,fusion_ego_1533,6339500,2,vehicle,0.16554264724254608,3.1213346703410796,140.2196662345222,0.5163131311062137,170.9283905417574,4.1457109451293945,1.6311213970184326,1.6058000326156616,13.509408935410114,172.35677083333334,235.55555555555557,125.54499791314205,217.6217982504103,219.16854375352463,253.48931286070084,0.3808191418647766,0.9986874461174011,
2026-07-15T21:48:49.770,12.677600508090109,20260715_214837_front_fusion_ego_1533,speedsweep_slow,fusion_ego_1533,6339501,0,vehicle,0.32376807928085327,11.861543165468577,136.11622034324364,1.2802079665968567,148.7273935329706,7.749352931976318,2.6990320682525635,3.3725216388702393,21.099834707001868,430.33593750000006,217.7777777777778,402.4118185862899,196.4288996325599,458.2600564137102,239.1266559229957,0.0006454898975789547,0.9999964237213135,
2026-07-15T21:48:49.770,12.677600508090109,20260715_214837_front_fusion_ego_1533,speedsweep_slow,fusion_ego_1533,6339501,1,vehicle,0.2278645932674408,13.4513226283124,142.9011878617148,0.7563006784508719,-159.0076746064524,5.771417140960693,2.1252965927124023,1.9727860689163208,23.418976008980625,492.60677083333337,234.44444444444446,470.66124145810807,222.05177780654697,514.5523002085587,246.83711108234195,0.06516987085342407,0.999998927116394,
2026-07-15T21:48:49.770,12.677600508090109,20260715_214837_front_fusion_ego_1533,speedsweep_slow,fusion_ego_1533,6339501,2,vehicle,0.1267806589603424,-1.1570313509228392,125.14673011079877,0.896764086159036,132.59086997227462,4.450824737548828,1.7538938522338867,1.7993792295455933,14.392206284719002,146.78125,243.33333333333334,98.27578990906477,214.97462530930838,195.28671009093523,271.69204135735833,0.9829760193824768,0.9991958737373352,
2026-07-15T21:48:49.902,12.809135791030712,20260715_214837_front_fusion_ego_1533,speedsweep_slow,fusion_ego_1533,6339502,0,vehicle,0.3533514142036438,10.09421749672701,138.85485233084836,1.133864138257921,128.19942944682867,6.520511627197266,2.290968894958496,2.962249994277954,18.710983719983293,430.33593750000006,225.55555555555557,398.1528684720397,204.77063688966965,462.51900652796036,246.3404742214415,0.10035604983568192,0.9998654127120972,
2026-07-15T21:48:49.902,12.809135791030712,20260715_214837_front_fusion_ego_1533,speedsweep_slow,fusion_ego_1533,6339502,1,vehicle,0.20464667677879333,15.1623657615939,143.55164562319987,0.795030774332528,159.00212327765902,6.136928558349609,2.204986572265625,2.0768918991088867,24.57137482697255,492.60677083333337,234.44444444444446,474.06406784926855,222.62172397640018,511.1494738173982,246.26716491248874,0.029497342184185982,0.9999959468841553,
2026-07-15T21:48:50.032,12.938820523093455,20260715_214837_front_fusion_ego_1533,speedsweep_slow,fusion_ego_1533,6339503,0,vehicle,0.4851948916912079,11.868648078825883,135.9321375640525,1.3266517746492192,118.77361725419595,7.531564712524414,2.633551597595215,3.2895288467407227,19.81433521612212,430.33593750000006,217.7777777777778,403.1719658970833,195.63134657012094,457.4999091029168,239.92420898543466,0.0059895641170442104,0.9999985694885254,
2026-07-15T21:48:50.032,12.938820523093455,20260715_214837_front_fusion_ego_1533,speedsweep_slow,fusion_ego_1533,6339503,1,vehicle,0.37336912751197815,15.894167189410206,143.53306704488475,0.8412097467806581,160.2073826842967,6.091118812561035,2.236917018890381,2.1962625980377197,24.676316857971667,492.60677083333337,234.44444444444446,473.98040026550495,222.16103580262927,511.2331414011618,246.72785308625964,0.02257835492491722,0.9999966621398926,
2026-07-15T21:48:50.032,12.938820523093455,20260715_214837_front_fusion_ego_1533,speedsweep_slow,fusion_ego_1533,6339503,2,vehicle,0.3547431230545044,23.837856974223165,130.06337365891454,0.7982993385602408,107.60678379418773,5.159434795379639,1.9664486646652222,1.7709424495697021,32.5206787886201,350.2734375,225.55555555555557,335.06185856088996,218.16332626673912,365.48501643911004,232.94778484437202,0.003969674464315176,0.9998031258583069,
2026-07-15T21:48:50.032,12.938820523093455,20260715_214837_front_fusion_ego_1533,speedsweep_slow,fusion_ego_1533,6339503,3,person,0.17608007788658142,7.012614515186436,145.8522312518332,0.6121681717947558,-25.603022039968142,0.6360185742378235,0.46845781803131104,1.6653846502304077,17.338136164263098,572.6692708333334,235.55555555555557,566.8749426923072,221.5402901503775,578.4635989743596,249.57082096073364,0.9851956367492676,0.9625096917152405,
2026-07-15T21:48:50.170,13.077210927032866,20260715_214837_front_fusion_ego_1533,speedsweep_slow,fusion_ego_1533,6339504,0,vehicle,0.4782349467277527,16.772715520678688,142.6664318332338,0.8979047181713977,149.91076971681207,5.9591898918151855,2.2186920642852783,2.114760637283325,24.785177056441107,492.60677083333337,234.44444444444446,475.1597094771763,222.4076193239954,510.05383218949044,246.48126956489352,0.00182824837975204,0.9999949932098389,
2026-07-15T21:48:50.170,13.077210927032866,20260715_214837_front_fusion_ego_1533,speedsweep_slow,fusion_ego_1533,6339504,1,vehicle,0.3633991777896881,10.547357244533409,137.97698475851828,1.143276402282201,120.2774195128551,6.3544158935546875,2.2303640842437744,2.980682373046875,17.939263207273726,430.33593750000006,225.55555555555557,400.3038465976715,203.54514095518326,460.36802840232855,247.5659701559279,0.007256324402987957,0.9999873638153076,
2026-07-15T21:48:50.170,13.077210927032866,20260715_214837_front_fusion_ego_1533,speedsweep_slow,fusion_ego_1533,6339504,2,person,0.18894214928150177,6.863761122982112,145.88414576179784,0.7323016363813586,162.02981501459655,0.5374919772148132,0.47937849164009094,1.6581940650939941,16.753365400238255,573.78125,235.55555555555557,566.8713905289769,220.5200931761,580.6911094710231,250.59101793501114,0.9948429465293884,0.9338747262954712,
2026-07-15T21:48:50.170,13.077210927032866,20260715_214837_front_fusion_ego_1533,speedsweep_slow,fusion_ego_1533,6339504,3,person,0.1620536595582962,13.482696601188449,151.7519823381571,0.940642780843268,-8.74545020189021,0.1463431417942047,0.36187246441841125,1.8106762170791626,25.504088381852142,634.9401041666667,226.66666666666669,630.2840527600299,215.74932674566907,639.5961555733036,237.5840065876643,0.9999998807907104,0.9875360131263733,
2026-07-15T21:48:50.312,13.21871964505408,20260715_214837_front_fusion_ego_1533,speedsweep_slow,fusion_ego_1533,6339505,0,vehicle,0.5409480929374695,14.294305860495605,141.95928616912445,0.9203935275928998,-175.54557996723696,5.819894790649414,2.1673038005828857,2.1931426525115967,21.746538831938775,492.60677083333337,234.44444444444446,473.3745380279919,221.08437028196124,511.83900363867485,247.80451860692767,0.03996286541223526,0.9999990463256836,
2026-07-15T21:48:50.312,13.21871964505408,20260715_214837_front_fusion_ego_1533,speedsweep_slow,fusion_ego_1533,6339505,1,vehicle,0.27877679467201233,11.87947028950569,136.7977002835884,1.2193123706666986,112.07568770594897,6.4389262199401855,2.2581233978271484,3.046967029571533,18.772530306174723,430.33593750000006,225.55555555555557,404.61568427085876,203.62281057569717,456.0561907291413,247.48830053541397,0.0263624619692564,0.9999864101409912,
2026-07-15T21:48:50.312,13.21871964505408,20260715_214837_front_fusion_ego_1533,speedsweep_slow,fusion_ego_1533,6339505,2,vehicle,0.11605798453092575,28.859894003681873,128.5916110841542,0.7252709743773025,56.89709191799053,5.182295322418213,1.9368196725845337,1.9092298746109009,36.74911868859541,342.48958333333337,225.55555555555557,327.00765079011524,218.29296815726494,357.9715158765515,232.8181429538462,0.007820856757462025,0.9984697699546814,
2026-07-15T21:48:50.444,13.351230186992325,20260715_214837_front_fusion_ego_1533,speedsweep_slow,fusion_ego_1533,6339506,0,vehicle,0.5433575510978699,13.149237506776231,135.64590111703427,1.2338796347232552,112.78233861633409,7.509623050689697,2.630887985229492,3.2179529666900635,19.68553273932126,430.33593750000006,217.7777777777778,401.83907151967287,195.12940870391,458.8328034803272,240.4261468516456,0.012447015382349491,0.9999998807907104,
2026-07-15T21:48:50.444,13.351230186992325,20260715_214837_front_fusion_ego_1533,speedsweep_slow,fusion_ego_1533,6339506,1,vehicle,0.5422139167785645,13.961834999631026,142.35246742748595,0.8915405858881273,165.7472743867925,5.760310173034668,2.164274215698242,2.1166698932647705,21.12248341960584,493.71875000000006,234.44444444444446,471.9751216806472,220.89844670560626,515.4623783193529,247.99044218328265,0.013644052669405937,0.999998927116394,
2026-07-15T21:48:50.444,13.351230186992325,20260715_214837_front_fusion_ego_1533,speedsweep_slow,fusion_ego_1533,6339506,2,person,0.2571808099746704,5.860016269376031,146.6256094372306,0.7439591937540917,-17.521122210749592,0.3985564112663269,0.37310588359832764,1.8894550800323486,15.622546773895849,590.4609375,235.55555555555557,584.5943470867351,217.8332081768248,596.3275279132649,253.27790293428635,0.9997434020042419,0.9929664134979248,
2026-07-15T21:48:50.444,13.351230186992325,20260715_214837_front_fusion_ego_1533,speedsweep_slow,fusion_ego_1533,6339506,3,vehicle,0.1412961483001709,16.847109017930734,147.81569237781767,0.8541720542362341,144.61847591747858,5.472504615783691,2.0140490531921387,2.064906597137451,25.69069815182162,537.0859375,234.44444444444446,514.6877795085311,223.56580790546207,559.4840954914689,245.32308098342685,0.716867208480835,0.9982262253761292,
2026-07-15T21:48:50.444,13.351230186992325,20260715_214837_front_fusion_ego_1533,speedsweep_slow,fusion_ego_1533,6339506,4,vehicle,0.14041732251644135,27.760768551699172,129.2100110321184,0.8098467798539566,83.60321966566951,5.022075653076172,1.911492943763733,1.8715420961380005,35.14146233151598,341.3776041666667,225.55555555555557,326.76195036868256,218.2919390830729,355.9932579646508,232.81917202803825,0.006424908991903067,0.9977071285247803,
2026-07-15T21:48:50.569,13.476121746003628,20260715_214837_front_fusion_ego_1533,speedsweep_slow,fusion_ego_1533,6339507,0,vehicle,0.5612922310829163,15.378908821194571,142.47476315557816,0.9216687915828317,-162.39726496764365,5.771705627441406,2.1847856044769287,2.0952670574188232,22.198842574534673,492.60677083333337,234.44444444444446,472.1068161775669,221.0264113214281,513.1067254890999,247.86247756746081,0.010169273242354393,0.9999977350234985,
2026-07-15T21:48:50.569,13.476121746003628,20260715_214837_front_fusion_ego_1533,speedsweep_slow,fusion_ego_1533,6339507,1,vehicle,0.33992108702659607,17.042274981134852,148.8626508320229,0.8895500864335917,139.24677602415446,5.431161880493164,1.9780505895614624,2.143850803375244,26.018437086603367,538.1979166666667,234.44444444444446,516.6907091612618,223.4413489368227,559.7051241720717,245.44753995206622,0.9214062690734863,0.9989953637123108,
2026-07-15T21:48:50.569,13.476121746003628,20260715_214837_front_fusion_ego_1533,speedsweep_slow,fusion_ego_1533,6339507,2,vehicle,0.22647899389266968,14.181380362850462,135.12799282456,1.5067676385065814,58.798131074661505,7.221457481384277,2.5824127197265625,3.303251266479492,20.42193129950248,430.33593750000006,217.7777777777778,404.79550483450294,197.61165903674234,455.8763701654971,237.94389651881326,0.024191519245505333,0.9999810457229614,
2026-07-15T21:48:50.569,13.476121746003628,20260715_214837_front_fusion_ego_1533,speedsweep_slow,fusion_ego_1533,6339507,3,person,0.17348545789718628,3.278101765390808,144.71609126437681,0.9021706491928416,74.08502980019077,0.6007408499717712,0.43193715810775757,1.7886563539505005,12.144520079898625,599.3567708333334,243.33333333333334,590.6698970173796,224.21141823132834,608.0436446492871,262.4552484353384,0.9998189806938171,0.9082143306732178,
2026-07-15T21:48:50.703,13.610583686036989,20260715_214837_front_fusion_ego_1533,speedsweep_slow,fusion_ego_1533,6339508,0,vehicle,0.5363744497299194,16.940111675618454,142.7964681469678,0.8535070133926015,-178.78260592185262,5.589774131774902,2.1518638134002686,1.9507520198822021,23.53407990095027,492.60677083333337,234.44444444444446,473.68346767251694,221.93176147010593,511.5300739941498,246.957127418783,0.009953753091394901,0.9999991655349731,
2026-07-15T21:48:50.703,13.610583686036989,20260715_214837_front_fusion_ego_1533,speedsweep_slow,fusion_ego_1533,6339508,1,vehicle,0.3536735773086548,13.760368603426375,135.60670490430044,1.36781589068908,92.32650533525874,7.449843406677246,2.6178135871887207,3.330357313156128,19.69691487003375,430.33593750000006,217.7777777777778,400.08010206371546,194.9870942698585,460.5917729362846,240.5684612856971,0.00107963930349797,0.9999994039535522,
2026-07-15T21:48:50.703,13.610583686036989,20260715_214837_front_fusion_ego_1533,speedsweep_slow,fusion_ego_1533,6339508,2,vehicle,0.35213470458984375,17.428886685157543,148.3256454819641,0.8807613325619505,-77.60584773181634,5.609111309051514,2.0814971923828125,2.0764236450195312,25.887326208923426,538.1979166666667,234.44444444444446,516.5390407877665,223.49226978090076,559.856792545567,245.39661910798816,0.6669853329658508,0.999612033367157,
2026-07-15T21:48:50.703,13.610583686036989,20260715_214837_front_fusion_ego_1533,speedsweep_slow,fusion_ego_1533,6339508,3,person,0.24860957264900208,3.926296347148522,145.19512521390564,0.9135708038025077,77.71164994748663,0.4687771499156952,0.47746917605400085,1.7204915285110474,12.741135295532994,599.3567708333334,243.33333333333334,590.2926707131168,223.31226845582327,608.42087095355,263.35439821084344,0.9998886585235596,0.9813482761383057,
2026-07-15T21:48:50.703,13.610583686036989,20260715_214837_front_fusion_ego_1533,speedsweep_slow,fusion_ego_1533,6339508,4,vehicle,0.17953194677829742,27.576522937041027,128.93369063175257,0.7552676199411237,80.43847392285575,4.908917427062988,1.869802474975586,1.782411813735962,34.44234489304783,341.3776041666667,226.66666666666669,326.53066910306615,219.28677822152775,356.2245392302672,234.04655511180562,0.0004705812025349587,0.9996123909950256,
2026-07-15T21:48:50.839,13.74653019104153,20260715_214837_front_fusion_ego_1533,speedsweep_slow,fusion_ego_1533,6339509,0,vehicle,0.5181041955947876,15.359706179444892,141.09724766501878,0.9098848351304492,115.64108397018973,5.779813766479492,2.2098965644836426,2.001492977142334,21.430927560205937,492.60677083333337,234.44444444444446,470.3401381944617,221.34287443425922,514.873403472205,247.5460144546297,0.007652171887457371,0.9999973773956299,
2026-07-15T21:48:50.839,13.74653019104153,20260715_214837_front_fusion_ego_1533,speedsweep_slow,fusion_ego_1533,6339509,1,vehicle,0.3779993951320648,3.7654060568363343,131.76428048084975,0.7923363375033918,-95.22961644759359,5.11329984664917,1.869956135749817,2.007230520248413,10.863667914993584,83.3984375,252.22222222222223,16.740013167262077,218.26443685425653,150.05686183273792,286.1800075901879,0.9818089604377747,0.8254249691963196,
2026-07-15T21:48:50.839,13.74653019104153,20260715_214837_front_fusion_ego_1533,speedsweep_slow,fusion_ego_1533,6339509,2,vehicle,0.3368167281150818,11.853502061144837,137.53370790861032,1.2230407713384301,121.97839376741001,6.630225658416748,2.2828640937805176,3.2257132530212402,17.545374009748418,430.33593750000006,225.55555555555557,406.7708141207695,199.3733474943373,453.90106087923056,251.73776361677383,0.04762260243296623,0.9999982118606567,
2026-07-15T21:48:50.839,13.74653019104153,20260715_214837_front_fusion_ego_1533,speedsweep_slow,fusion_ego_1533,6339509,3,vehicle,0.18417248129844666,17.154447652935758,148.03274801861835,0.9378756711105467,-145.5005569360045,5.1863298416137695,1.944823145866394,2.0299320220947266,25.33408617034842,538.1979166666667,234.44444444444446,516.8339102442067,223.18204369809894,559.5619230891268,245.70684519078998,0.4721764922142029,0.9971400499343872,
2026-07-15T21:48:50.839,13.74653019104153,20260715_214837_front_fusion_ego_1533,speedsweep_slow,fusion_ego_1533,6339509,4,person,0.1473933756351471,9.14666324747112,147.21773412785575,0.6097348407996881,28.19055791459922,0.6380919814109802,0.5098240375518799,1.5858731269836426,17.98406880794518,600.46875,235.55555555555557,593.9844160210341,221.90267357561325,606.9530839789659,249.2084375354979,0.9780754446983337,0.9741386771202087,
2026-07-15T21:48:50.970,13.87684118107427,20260715_214837_front_fusion_ego_1533,speedsweep_slow,fusion_ego_1533,6339510,0,vehicle,0.6159152388572693,15.236718390005345,140.87241597793482,1.1237048182510079,125.4760676667778,6.014692306518555,2.2083580493927,2.1451497077941895,21.096421036701916,492.60677083333337,234.44444444444446,472.8644279142221,219.84119680192737,512.3491137524446,249.04769208696155,0.0403701551258564,0.9999998807907104,
2026-07-15T21:48:50.970,13.87684118107427,20260715_214837_front_fusion_ego_1533,speedsweep_slow,fusion_ego_1533,6339510,1,vehicle,0.28510981798171997,15.501725994794569,134.75310038648567,1.718108492577883,27.828983443802297,7.324460506439209,2.692183256149292,3.509727954864502,21.14546735869842,430.33593750000006,217.7777777777778,404.01019743829966,196.47718654738534,456.6616775617004,239.07836900817026,0.0018514206167310476,0.9999306201934814,
2026-07-15T21:48:50.970,13.87684118107427,20260715_214837_front_fusion_ego_1533,speedsweep_slow,fusion_ego_1533,6339510,2,person,0.2425903081893921,5.75749057588296,146.01978553052226,0.7443778611554608,-72.64857004420575,0.4120704233646393,0.44143399596214294,1.527390718460083,14.402755731002339,600.46875,244.44444444444446,591.3673296961933,227.37761643197803,609.5701703038067,261.5112724569109,0.9968875050544739,0.9257170557975769,
2026-07-15T21:48:50.970,13.87684118107427,20260715_214837_front_fusion_ego_1533,speedsweep_slow,fusion_ego_1533,6339510,3,vehicle,0.15763691067695618,17.725766516367102,149.3169937894375,1.1309964031115105,126.97482333266991,5.429389953613281,2.0490317344665527,2.2155086994171143,26.26526431544128,545.9817708333334,234.44444444444446,521.2989285153648,222.62098726299075,570.664613151302,246.26790162589816,0.13542068004608154,0.9979610443115234,
2026-07-15T21:48:50.970,13.87684118107427,20260715_214837_front_fusion_ego_1533,speedsweep_slow,fusion_ego_1533,6339510,4,vehicle,0.1544080674648285,28.681417288837288,129.3164293007756,1.044970027037006,86.61351761206213,5.237334251403809,1.9392355680465698,1.9623615741729736,35.06841547792633,341.3776041666667,226.66666666666669,327.0468875008325,218.91987572113675,355.7083208325009,234.41345761219662,0.0034440592862665653,0.9995787739753723,
2026-07-15T21:48:50.970,13.87684118107427,20260715_214837_front_fusion_ego_1533,speedsweep_slow,fusion_ego_1533,6339510,5,person,0.10476863384246826,10.526125800553196,152.01363034176939,1.118644166175991,-156.20901259145018,0.8838745951652527,0.5035190582275391,2.0144259929656982,21.916495673450225,680.53125,226.66666666666669,673.7591156307608,211.62882963816327,687.3033843692392,241.7045036951701,0.9999079704284668,0.9416712522506714,
2026-07-15T21:48:51.113,14.01989096403122,20260715_214837_front_fusion_ego_1533,speedsweep_slow,fusion_ego_1533,6339511,0,vehicle,0.6613750457763672,15.471943709398754,141.15766087867917,1.3510125281743541,-44.35568726035293,6.196551322937012,2.2564852237701416,2.2116386890411377,21.18080650768029,492.60677083333337,235.55555555555557,473.24332604308927,219.57784924242233,511.9702156235775,251.5332618686888,0.013334140181541443,1.0,
2026-07-15T21:48:51.113,14.01989096403122,20260715_214837_front_fusion_ego_1533,speedsweep_slow,fusion_ego_1533,6339511,1,vehicle,0.2592955231666565,13.06289928005884,137.92157713360544,1.6453447861462567,112.33663378581988,7.104211807250977,2.425264358520508,3.359107732772827,18.395634946547325,430.33593750000006,225.55555555555557,406.78946824744344,201.40812489721512,453.8824067525566,249.70298621389603,0.002208336256444454,0.999998927116394,
2026-07-15T21:48:51.113,14.01989096403122,20260715_214837_front_fusion_ego_1533,speedsweep_slow,fusion_ego_1533,6339511,2,vehicle,0.2154950201511383,22.496634453248625,130.2970759668177,1.0040337490268763,176.19296987003125,5.078289985656738,1.9461007118225098,1.427370548248291,28.629801456784513,341.3776041666667,234.44444444444446,324.92835168043774,227.5457836356428,357.82685665289563,241.3431052532461,0.00013158985530026257,0.9988179802894592,
2026-07-15T21:48:51.113,14.01989096403122,20260715_214837_front_fusion_ego_1533,speedsweep_slow,fusion_ego_1533,6339511,3,person,0.17021027207374573,4.996225767203237,144.83172169876306,0.96027993541467,51.537545145373656,0.3644866943359375,0.421999990940094,1.500745177268982,12.90680644641988,609.3645833333334,244.44444444444446,599.224316512545,226.53724637296466,619.5048501541218,262.35164251592425,0.9971953630447388,0.9416965246200562,
2026-07-15T21:48:51.113,14.01989096403122,20260715_214837_front_fusion_ego_1533,speedsweep_slow,fusion_ego_1533,6339511,4,vehicle,0.16387571394443512,18.936145500379805,150.12948947397334,1.7750985963697379,-58.128863600951334,5.431396961212158,2.165997266769409,2.7470479011535645,27.53710591295862,626.0442708333334,226.66666666666669,598.974478152891,213.43188921610516,653.1140635137757,239.9014441172282,0.01321487221866846,0.8713270425796509,
2026-07-15T21:48:51.113,14.01989096403122,20260715_214837_front_fusion_ego_1533,speedsweep_slow,fusion_ego_1533,6339511,5,vehicle,0.14549405872821808,18.894495484823057,150.9692898457485,1.3094586418805987,-81.45213445147236,5.76954984664917,2.155398368835449,2.290788412094116,27.90767501063734,545.9817708333334,235.55555555555557,520.4995672938725,223.51694944832062,571.4639743727943,247.59416166279053,0.2136719524860382,0.9988362193107605,
2026-07-15T21:48:51.113,14.01989096403122,20260715_214837_front_fusion_ego_1533,speedsweep_slow,fusion_ego_1533,6339511,6,person,0.12838494777679443,6.603498737603708,148.0840675734254,1.1723689793900645,111.07043023526298,0.5487340092658997,0.43886157870292664,1.8893815279006958,16.220536684704783,680.53125,234.44444444444446,672.3967098109424,214.949153330591,688.6657901890576,253.9397355582979,0.999909520149231,0.6703318357467651,
2026-07-15T21:48:51.245,14.152344109024853,20260715_214837_front_fusion_ego_1533,speedsweep_slow,fusion_ego_1533,6339512,0,vehicle,0.536943256855011,17.468598944032774,141.44443932639624,1.4123090028643441,-154.2253282438838,6.238265514373779,2.2977919578552246,2.355361223220825,22.991961019399426,492.60677083333337,234.44444444444446,471.1770908137163,218.39843299653796,514.0364508529505,250.49045589235095,0.020448163151741028,0.9999998807907104,
2026-07-15T21:48:51.245,14.152344109024853,20260715_214837_front_fusion_ego_1533,speedsweep_slow,fusion_ego_1533,6339512,1,vehicle,0.25838199257850647,16.936780308090068,135.70638027931454,1.7760558573607463,-53.33177708313692,7.226005554199219,2.5839970111846924,3.215085506439209,22.08799586553927,422.55208333333337,225.55555555555557,398.2122609292468,208.0866661998961,446.89190573741996,243.02444491121506,8.983794396044686e-05,0.9999927282333374,
2026-07-15T21:48:51.245,14.152344109024853,20260715_214837_front_fusion_ego_1533,speedsweep_slow,fusion_ego_1533,6339512,2,vehicle,0.24984490871429443,25.739373586308172,129.14738893850762,1.3289355821734654,-145.29539233769114,4.940032005310059,1.900011658668518,2.0059738159179688,31.850933995092902,341.3776041666667,226.66666666666669,324.80847183490795,217.75514880816144,357.9467364984254,235.57818452517193,0.01164830569177866,0.9992049336433411,
2026-07-15T21:48:51.245,14.152344109024853,20260715_214837_front_fusion_ego_1533,speedsweep_slow,fusion_ego_1533,6339512,3,vehicle,0.23343397676944733,18.763444612049867,150.26687527980954,1.3502653160621185,-146.07297171809248,5.7921061515808105,2.1886370182037354,2.365581512451172,27.26785145368605,545.9817708333334,234.44444444444446,522.4023677495619,221.9475802448061,569.5611739171048,246.94130864408282,0.16907337307929993,0.9992855191230774,
2026-07-15T21:48:51.245,14.152344109024853,20260715_214837_front_fusion_ego_1533,speedsweep_slow,fusion_ego_1533,6339512,4,person,0.20599278807640076,6.438878001228395,140.38162815853235,1.2303726245778424,75.5080512279558,0.8903584480285645,0.6365667581558228,1.980718731880188,12.009163331638925,689.4270833333334,234.44444444444446,680.3218517148247,214.20925166871814,698.5323149518421,254.67963722017078,0.9999275207519531,0.5937018990516663,
2026-07-15T21:48:51.245,14.152344109024853,20260715_214837_front_fusion_ego_1533,speedsweep_slow,fusion_ego_1533,6339512,5,vehicle,0.13001219928264618,20.25887357474857,151.35842587245477,1.6443498133978034,131.66341289727944,5.396979331970215,2.153898000717163,2.5137293338775635,29.10565383673738,626.0442708333334,226.66666666666669,595.1912806456288,214.51444218556088,656.8972610210379,238.8188911477725,0.00059077690821141,0.639115571975708,
2026-07-15T21:48:51.372,14.278813646989875,20260715_214837_front_fusion_ego_1533,speedsweep_slow,fusion_ego_1533,6339513,0,vehicle,0.5034127235412598,17.12283802762088,141.0533550836827,1.3431435339673108,-133.01675490090537,6.390118598937988,2.329667091369629,2.385890245437622,22.38581820540096,492.60677083333337,234.44444444444446,470.71205474560463,218.59609928396014,514.5014869210621,250.29278960492877,0.12393543869256973,0.9999998807907104,
2026-07-15T21:48:51.372,14.278813646989875,20260715_214837_front_fusion_ego_1533,speedsweep_slow,fusion_ego_1533,6339513,1,person,0.3926544189453125,7.900068982514654,142.61347830983092,1.2381225764067898,87.80656675106981,0.7325475215911865,0.4709959030151367,2.165706157684326,13.952069035639571,698.3229166666667,234.44444444444446,690.0071688244741,213.71679272916583,706.6386645088594,255.17209615972308,0.9999430179595947,0.8831997513771057,
2026-07-15T21:48:51.372,14.278813646989875,20260715_214837_front_fusion_ego_1533,speedsweep_slow,fusion_ego_1533,6339513,2,vehicle,0.2650323808193207,29.19143903526666,128.50748402185707,1.1727526663482406,-169.53352250729353,5.0351152420043945,1.8953380584716797,1.7786874771118164,35.163697083701386,333.59375,226.66666666666669,316.4324099905789,219.909322510163,350.7550900094211,233.42401082317036,0.05784193053841591,0.9998772144317627,
2026-07-15T21:48:51.372,14.278813646989875,20260715_214837_front_fusion_ego_1533,speedsweep_slow,fusion_ego_1533,6339513,3,vehicle,0.22666454315185547,19.16461768363754,151.24151060704438,1.297493666782241,-115.7220964945017,5.814509868621826,2.155794858932495,2.3993923664093018,27.92672253864744,545.9817708333334,234.44444444444446,522.7023290333649,220.98858770396976,569.2612126333019,247.90030118491916,0.16320541501045227,0.9998432397842407,
2026-07-15T21:48:51.372,14.278813646989875,20260715_214837_front_fusion_ego_1533,speedsweep_slow,fusion_ego_1533,6339513,4,vehicle,0.1960018128156662,17.517840711983172,133.34767127350997,1.9037865037902906,47.09778441366586,8.315491676330566,2.95212459564209,3.6728479862213135,22.739564850495583,422.55208333333337,217.7777777777778,388.50468649466836,197.77176366911996,456.5994801719984,237.78379188643564,1.386287658533547e-05,0.999970555305481,
2026-07-15T21:48:51.372,14.278813646989875,20260715_214837_front_fusion_ego_1533,speedsweep_slow,fusion_ego_1533,6339513,5,person,0.18836602568626404,3.5895376688989105,144.13635095480902,0.8378397424005477,127.33033784626471,0.4934178590774536,0.5059087872505188,1.606928825378418,11.060171612329428,618.2604166666667,244.44444444444446,606.958483076344,222.41159942415027,629.5623502569895,266.47728946473865,0.9987707734107971,0.9849121570587158,
2026-07-15T21:48:51.501,14.40802120801527,20260715_214837_front_fusion_ego_1533,speedsweep_slow,fusion_ego_1533,6339514,0,vehicle,0.5283796191215515,17.149429625883627,141.54051375727593,1.3047897011586413,-100.47203594699774,6.155776023864746,2.324172258377075,2.22329044342041,22.322885885867738,492.60677083333337,234.44444444444446,471.8703158286711,220.04807111289767,513.3432258379956,248.84081777599124,0.5331753492355347,0.9999998807907104,
2026-07-15T21:48:51.501,14.40802120801527,20260715_214837_front_fusion_ego_1533,speedsweep_slow,fusion_ego_1533,6339514,1,vehicle,0.2737935483455658,26.948264040359383,128.85357064628616,1.1504094110602967,-149.69675500036254,5.136805534362793,1.9457557201385498,1.9237087965011597,32.726963723775285,341.3776041666667,226.66666666666669,325.62524325648945,218.06593279043835,357.1299650768439,235.26740054289502,0.046045105904340744,0.9985210299491882,
2026-07-15T21:48:51.501,14.40802120801527,20260715_214837_front_fusion_ego_1533,speedsweep_slow,fusion_ego_1533,6339514,2,vehicle,0.17883707582950592,14.328034091417983,135.66907890119137,1.7381194262672055,77.14052472708231,7.051517963409424,2.5659830570220947,3.3821604251861572,19.106730703508166,430.33593750000006,217.7777777777778,401.0909467115998,195.59576617346872,459.58092828840023,239.95978938208688,0.00045060025877319276,0.9999822378158569,
2026-07-15T21:48:51.501,14.40802120801527,20260715_214837_front_fusion_ego_1533,speedsweep_slow,fusion_ego_1533,6339514,3,vehicle,0.1671520322561264,13.61301749285834,151.30528470817032,1.1737078895780906,54.94035173868547,5.6653313636779785,2.144000768661499,2.1657555103302,23.20520570542308,634.9401041666667,234.44444444444446,596.4552076185744,220.57273980644015,673.4250007147591,248.31614908244876,0.04943881556391716,0.9981112480163574,
2026-07-15T21:48:51.631,14.538477239082567,20260715_214837_front_fusion_ego_1533,speedsweep_slow,fusion_ego_1533,6339515,0,vehicle,0.30862975120544434,14.758207990373958,135.88641678581385,1.860334919081332,97.66611002252795,7.848647594451904,2.7883460521698,3.6417784690856934,19.35177518558815,430.33593750000006,217.7777777777778,397.027022652328,192.63725029097665,463.64485234767204,242.91830526457895,0.0005891203181818128,0.9999861717224121,
2026-07-15T21:48:51.631,14.538477239082567,20260715_214837_front_fusion_ego_1533,speedsweep_slow,fusion_ego_1533,6339515,1,vehicle,0.2856193482875824,17.029576156145534,141.0469301008853,1.2545841049212503,-148.40424721995436,5.9515061378479,2.2143425941467285,2.1627964973449707,21.943083653039388,492.60677083333337,234.44444444444446,473.61096520473563,220.09738352563647,511.6025764619311,248.79150536325244,0.4375971555709839,0.9999998807907104,
2026-07-15T21:48:51.631,14.538477239082567,20260715_214837_front_fusion_ego_1533,speedsweep_slow,fusion_ego_1533,6339515,2,vehicle,0.2233879715204239,27.483232295437816,129.00845816311895,1.151195025269376,-166.15912759251606,4.900941848754883,1.88071870803833,1.8051352500915527,33.04071825980405,333.59375,226.66666666666669,316.74073676019907,219.38228900233906,350.44676323980093,233.9510443309943,0.21119752526283264,0.9998812675476074,
2026-07-15T21:48:51.631,14.538477239082567,20260715_214837_front_fusion_ego_1533,speedsweep_slow,fusion_ego_1533,6339515,3,vehicle,0.22103381156921387,17.460352011869787,151.03409377041703,1.2050087385538868,-95.1670590680762,5.562222480773926,2.1229355335235596,2.2142510414123535,26.059589824996706,554.8776041666667,235.55555555555557,528.3574552411835,222.3753708932135,581.39775309215,248.73574021789764,0.38160058856010437,0.9998196959495544,
2026-07-15T21:48:51.759,14.666583023034036,20260715_214837_front_fusion_ego_1533,speedsweep_slow,fusion_ego_1533,6339516,0,vehicle,0.49325093626976013,16.40833832702303,137.93198516150923,1.1635183165384948,125.71413731874088,5.844526767730713,2.073749542236328,2.104593515396118,20.78287186287051,484.8229166666667,235.55555555555557,464.903042199711,221.84529039594864,504.74279113362235,249.2658207151625,0.0010362766915932298,0.9999998807907104,
2026-07-15T21:48:51.759,14.666583023034036,20260715_214837_front_fusion_ego_1533,speedsweep_slow,fusion_ego_1533,6339516,1,vehicle,0.309817373752594,17.999686468963837,134.9737775031447,1.7265976960368212,-61.720542340587585,7.343418121337891,2.5887086391448975,3.229383707046509,22.455848693741554,422.55208333333337,225.55555555555557,398.52043817316496,207.37735066148971,446.5837284935018,243.73376044962143,0.00011944779544137418,0.999990701675415,
2026-07-15T21:48:51.759,14.666583023034036,20260715_214837_front_fusion_ego_1533,speedsweep_slow,fusion_ego_1533,6339516,2,vehicle,0.20346567034721375,21.984198510156027,130.22511013418836,0.9410426167716341,-64.20103461957059,5.239377975463867,1.9361279010772705,1.6895304918289185,27.22470541839233,341.3776041666667,234.44444444444446,324.0180567043523,226.41099330451755,358.73715162898105,242.47789558437137,0.017002394422888756,0.9998323917388916,
2026-07-15T21:48:51.759,14.666583023034036,20260715_214837_front_fusion_ego_1533,speedsweep_slow,fusion_ego_1533,6339516,3,vehicle,0.18093621730804443,16.39222541233074,149.84139611547664,1.1991197541992555,-72.25892008382522,5.482941150665283,2.040994644165039,2.2845258712768555,24.353928374931133,554.8776041666667,235.55555555555557,531.4767777199547,221.89856979582046,578.2784306133788,249.21254131529068,0.650992751121521,0.9998742341995239,
2026-07-15T21:48:51.896,14.803537401021458,20260715_214837_front_fusion_ego_1533,speedsweep_slow,fusion_ego_1533,6339517,0,vehicle,0.3062382638454437,23.294034832778777,129.21666132249882,0.619581075227976,-132.77293868959617,4.924264907836914,1.8246592283248901,1.3950207233428955,28.569291460147927,333.59375,234.44444444444446,317.9849798940122,226.89213153388766,349.2025201059878,241.99675735500125,0.0001986867282539606,0.9991224408149719,
2026-07-15T21:48:51.896,14.803537401021458,20260715_214837_front_fusion_ego_1533,speedsweep_slow,fusion_ego_1533,6339517,1,vehicle,0.29514795541763306,16.476750715357177,138.05596238738255,1.2054336803788839,167.3693076763295,5.733355522155762,2.0124876499176025,2.1305840015411377,20.655811735636757,484.8229166666667,235.55555555555557,465.56891991818947,221.54697510931229,504.0769134151439,249.56413600179886,6.949929957045242e-05,0.9999998807907104,
2026-07-15T21:48:51.896,14.803537401021458,20260715_214837_front_fusion_ego_1533,speedsweep_slow,fusion_ego_1533,6339517,2,vehicle,0.18239890038967133,20.939238964728137,151.18020814809586,1.8206401393162204,-28.92355477133998,6.2184062004089355,2.4511733055114746,2.8579251766204834,28.780012838063172,636.0520833333334,226.66666666666669,605.1440231477221,213.24846903483075,666.9601435189446,240.08486429850262,0.0005237741861492395,0.6492258310317993,
2026-07-15T21:48:51.896,14.803537401021458,20260715_214837_front_fusion_ego_1533,speedsweep_slow,fusion_ego_1533,6339517,3,vehicle,0.15362761914730072,16.150080338863816,137.7209446941629,1.5056875463596449,87.30959338299255,6.343504905700684,2.2079107761383057,3.0539603233337402,20.314449866001684,430.33593750000006,225.55555555555557,409.95509915426373,207.51014325353836,450.7167758457363,243.60096785757278,0.0005070168408565223,0.9999810457229614,
2026-07-15T21:48:51.896,14.803537401021458,20260715_214837_front_fusion_ego_1533,speedsweep_slow,fusion_ego_1533,6339517,4,vehicle,0.12944671511650085,12.822125360850329,147.2062051715108,0.7179039796790081,-98.78077105148793,4.230690002441406,1.635369896888733,1.4815915822982788,19.776228290794243,555.9895833333334,243.33333333333334,527.8363942255577,231.5017088254293,584.1427724411091,255.1649578412374,0.8278176188468933,0.9993032217025757,
2026-07-15T21:48:52.035,14.941750869038515,20260715_214837_front_fusion_ego_1533,speedsweep_slow,fusion_ego_1533,6339518,0,vehicle,0.4453091025352478,17.05564140657451,138.7804100717768,1.1247731201491133,-150.42964022992217,5.838902950286865,2.075144052505493,1.9787074327468872,21.090648604185287,484.8229166666667,235.55555555555557,464.76372560362023,221.732912990782,504.88210772971314,249.37819812032913,0.0005607302882708609,1.0,
2026-07-15T21:48:52.035,14.941750869038515,20260715_214837_front_fusion_ego_1533,speedsweep_slow,fusion_ego_1533,6339518,1,vehicle,0.26817625761032104,22.85239111904934,129.6385215702507,0.6240939608520162,156.14769286873957,5.045122146606445,1.8619043827056885,1.4690089225769043,27.846986378957403,333.59375,234.44444444444446,315.72500866651535,226.8496507075098,351.46249133348465,242.03923818137912,0.00016941090871114284,0.9992021918296814,
2026-07-15T21:48:52.035,14.941750869038515,20260715_214837_front_fusion_ego_1533,speedsweep_slow,fusion_ego_1533,6339518,2,vehicle,0.22756977379322052,16.170505455434245,137.5181435666127,1.5546146130456353,89.63603638307902,6.631590843200684,2.288999319076538,3.266234874725342,20.139392605931324,430.33593750000006,225.55555555555557,411.15947619080544,205.42491528722977,449.5123988091946,245.68619582388138,0.0032804093789309263,0.9999713897705078,
2026-07-15T21:48:52.035,14.941750869038515,20260715_214837_front_fusion_ego_1533,speedsweep_slow,fusion_ego_1533,6339518,3,vehicle,0.1373957097530365,12.936637884129258,147.64659898533583,0.7603425332897589,-91.20574254725395,4.27929162979126,1.6493536233901978,1.5046446323394775,19.938437551049716,555.9895833333334,243.33333333333334,526.7448216055831,231.28573467334112,585.2343450610837,255.38093199332556,0.5573733448982239,0.9980019927024841,
2026-07-15T21:48:52.035,14.941750869038515,20260715_214837_front_fusion_ego_1533,speedsweep_slow,fusion_ego_1533,6339518,4,vehicle,0.12538155913352966,23.1857761674424,153.23058280997435,1.762716893855746,80.76023280992324,6.042998790740967,2.3914647102355957,2.7929742336273193,31.585000889047905,636.0520833333334,226.66666666666669,608.2419157301387,213.97269676129025,663.8622509365281,239.36063657204312,0.0009009783971123397,0.34728384017944336,
2026-07-15T21:48:52.161,15.068216759013012,20260715_214837_front_fusion_ego_1533,speedsweep_slow,fusion_ego_1533,6339519,0,vehicle,0.425575852394104,16.86473539992437,139.62494814778364,1.2014343580117344,-78.12577337202252,5.7979278564453125,2.0652108192443848,2.025491237640381,20.771355746907783,484.8229166666667,235.55555555555557,467.04391620556515,221.51559684011673,502.6019171277682,249.5955142709944,0.002787976758554578,1.0,
2026-07-15T21:48:52.161,15.068216759013012,20260715_214837_front_fusion_ego_1533,speedsweep_slow,fusion_ego_1533,6339519,1,vehicle,0.36911675333976746,22.782437724939147,129.94480095645082,0.872838073330098,-172.61373517080798,4.982130527496338,1.8350697755813599,1.5501220226287842,27.48585923319544,333.59375,234.44444444444446,315.2910516746342,226.78697463538913,351.8964483253658,242.10191425349979,0.00042851612670347095,0.9996925592422485,
2026-07-15T21:48:52.161,15.068216759013012,20260715_214837_front_fusion_ego_1533,speedsweep_slow,fusion_ego_1533,6339519,2,vehicle,0.27889055013656616,12.078968353508778,145.5095000347144,0.9809285974307862,-98.96496627351165,4.666459083557129,1.7893601655960083,1.616787314414978,17.93386019460258,555.9895833333334,243.33333333333334,525.050466341277,229.03499295314154,586.9287003253897,257.6316737135252,0.12800244987010956,0.9999346733093262,
2026-07-15T21:48:52.161,15.068216759013012,20260715_214837_front_fusion_ego_1533,speedsweep_slow,fusion_ego_1533,6339519,3,vehicle,0.18677480518817902,16.64522003950324,135.21318585964585,2.076192161033368,82.68897227618243,7.395382881164551,2.729534387588501,3.6115100383758545,20.489916504756394,430.33593750000006,217.7777777777778,401.06844468414783,194.18339537249673,459.6034303158522,241.37216018305887,0.0009529046365059912,0.9999358654022217,
2026-07-15T21:48:52.287,15.194635685067624,20260715_214837_front_fusion_ego_1533,speedsweep_slow,fusion_ego_1533,6339520,0,vehicle,0.4484809935092926,16.824843637645316,141.5850017457818,1.3611591306866295,-71.26776163835721,5.869687557220459,2.1056227684020996,2.119767665863037,20.8114473555397,484.8229166666667,235.55555555555557,467.5949979523818,221.1028191778395,502.0508353809516,250.00829193327164,0.0023980524856597185,1.0,
2026-07-15T21:48:52.287,15.194635685067624,20260715_214837_front_fusion_ego_1533,speedsweep_slow,fusion_ego_1533,6339520,1,vehicle,0.2684962749481201,16.352627662660716,135.74723536604228,2.116617654051657,86.63916926525232,8.12851333618164,2.860363006591797,3.794079303741455,19.904218748400726,430.33593750000006,217.7777777777778,400.28842954337597,190.20995305644144,460.3834454566241,245.34560249911416,0.002082092920318246,0.9999984502792358,
2026-07-15T21:48:52.287,15.194635685067624,20260715_214837_front_fusion_ego_1533,speedsweep_slow,fusion_ego_1533,6339520,2,vehicle,0.25447311997413635,22.230515541388307,130.3113696878587,1.0157551606989685,74.46237451983029,4.875355243682861,1.8027743101119995,1.596879482269287,26.61102975156793,333.59375,234.44444444444446,314.1568594574928,226.7225891020563,353.0306405425072,242.1662997868326,0.0003761606349144131,0.9997915625572205,
2026-07-15T21:48:52.287,15.194635685067624,20260715_214837_front_fusion_ego_1533,speedsweep_slow,fusion_ego_1533,6339520,3,vehicle,0.18395204842090607,11.221416062556823,145.79659188363564,0.9277115677712358,-98.08864755575786,4.564321041107178,1.7794827222824097,1.6162124872207642,17.10654405869781,563.7734375,243.33333333333334,533.3083837926388,228.70137532552084,594.2384912073612,257.96529134114587,0.8063977956771851,0.9998983144760132,
2026-07-15T21:48:52.287,15.194635685067624,20260715_214837_front_fusion_ego_1533,speedsweep_slow,fusion_ego_1533,6339520,4,vehicle,0.139059916138649,20.931531114531197,153.80180375446116,1.875059019021558,106.54815653408279,6.029323577880859,2.3995347023010254,2.7553815841674805,29.596009685746367,643.8359375,226.66666666666669,612.7514210790396,213.78009895483655,674.9204539209604,239.55323437849682,0.000548522628378123,0.3891546428203583,
2026-07-15T21:48:52.420,15.32683920999989,20260715_214837_front_fusion_ego_1533,speedsweep_slow,fusion_ego_1533,6339521,0,vehicle,0.6237384080886841,17.50912493861553,141.70685491728588,1.601146116451383,-66.42536232849719,6.146265029907227,2.254938840866089,2.2395172119140625,21.217688305494843,484.8229166666667,235.55555555555557,467.65642279262346,219.97561368677353,501.9894105407099,251.13549742433761,0.0009727898868732154,1.0,
2026-07-15T21:48:52.420,15.32683920999989,20260715_214837_front_fusion_ego_1533,speedsweep_slow,fusion_ego_1533,6339521,1,vehicle,0.3529667556285858,23.79709294403928,129.56182391289204,1.1249274623654129,-105.651578630329,4.983796119689941,1.842414140701294,1.6586544513702393,28.03383200801319,332.48177083333337,234.44444444444446,313.8243180078765,226.6464161541727,351.13922365879023,242.24247273471622,0.0007520592189393938,0.9998400211334229,
2026-07-15T21:48:52.420,15.32683920999989,20260715_214837_front_fusion_ego_1533,speedsweep_slow,fusion_ego_1533,6339521,2,vehicle,0.34818440675735474,11.988685622970978,147.21073492297992,1.0275886065910882,-119.92257853620313,4.817681789398193,1.8833990097045898,1.7279731035232544,18.25481588844496,563.7734375,243.33333333333334,530.2335277125239,228.02068968613943,597.3133472874761,258.6459769805273,0.43348342180252075,0.9999450445175171,
2026-07-15T21:48:52.420,15.32683920999989,20260715_214837_front_fusion_ego_1533,speedsweep_slow,fusion_ego_1533,6339521,3,vehicle,0.11928926408290863,17.35835030043206,135.28248818411618,2.314884175170974,69.31090838131837,7.640328884124756,2.807875871658325,3.8903651237487793,20.656070163362855,430.33593750000006,217.7777777777778,398.38969173282385,188.56903658972848,462.2821832671762,246.98651896582712,0.0006172606372274458,0.9999464750289917,
2026-07-15T21:48:52.558,15.464917359990068,20260715_214837_front_fusion_ego_1533,speedsweep_slow,fusion_ego_1533,6339522,0,vehicle,0.4302673637866974,16.86281367072696,140.29019948469033,1.327899949160704,-85.51082956611657,5.688106536865234,2.0741567611694336,1.9748605489730835,20.02508316630117,484.8229166666667,235.55555555555557,468.1702678675453,220.94788763258194,501.47556546578807,250.1632234785292,0.0006252060411497951,1.0,
2026-07-15T21:48:52.558,15.464917359990068,20260715_214837_front_fusion_ego_1533,speedsweep_slow,fusion_ego_1533,6339522,1,vehicle,0.4227712154388428,18.250092081218735,136.30735571016467,1.896509465233217,68.28098981397937,7.893702030181885,2.821531295776367,3.6641995906829834,21.174490993225312,430.33593750000006,217.7777777777778,402.0885790139437,192.60696457491983,458.5832959860564,242.94859098063577,0.0026444948744028807,0.9999974966049194,
2026-07-15T21:48:52.558,15.464917359990068,20260715_214837_front_fusion_ego_1533,speedsweep_slow,fusion_ego_1533,6339522,2,vehicle,0.3168957233428955,23.717786790762062,129.6670623171923,0.934150175115469,-152.7800212857461,5.118322372436523,1.8835793733596802,1.6300928592681885,27.64773109062228,332.48177083333337,234.44444444444446,313.84907564645016,226.81846645143298,351.1144660202166,242.07042243745593,0.0001039455528371036,0.9998063445091248,
2026-07-15T21:48:52.558,15.464917359990068,20260715_214837_front_fusion_ego_1533,speedsweep_slow,fusion_ego_1533,6339522,3,person,0.11328050494194031,7.7870254054265295,139.38519345575622,1.680275073907111,-61.83956896262834,1.4380133152008057,0.740088939666748,2.254138946533203,10.935676898687536,796.1770833333334,235.55555555555557,786.960079661881,220.07760915491318,805.3940870047858,251.03350195619797,0.9930320978164673,0.9726623892784119,
2026-07-15T21:48:52.558,15.464917359990068,20260715_214837_front_fusion_ego_1533,speedsweep_slow,fusion_ego_1533,6339522,4,vehicle,0.10835748165845871,19.93856838575778,151.0539703259291,1.8145166726526634,-2.412660298788232,6.159108638763428,2.3962948322296143,2.8002920150756836,26.77055761783848,643.8359375,226.66666666666669,608.999483987689,212.46482233206433,678.672391012311,240.86851100126904,0.001765911583788693,0.3924179673194885,
2026-07-15T21:48:52.690,15.59686541708652,20260715_214837_front_fusion_ego_1533,speedsweep_slow,fusion_ego_1533,6339523,0,vehicle,0.4980914294719696,17.695460426148568,140.57357927990228,1.0972372327028006,-156.38367934817245,5.744320869445801,2.117021083831787,1.8112679719924927,20.65714479309077,484.8229166666667,234.44444444444446,464.6435785206656,220.93138959672717,505.0022548126678,247.95749929216174,0.0010813232511281967,1.0,
2026-07-15T21:48:52.690,15.59686541708652,20260715_214837_front_fusion_ego_1533,speedsweep_slow,fusion_ego_1533,6339523,1,vehicle,0.3365848660469055,17.742533107574317,135.87038973603376,1.724137587328176,67.6806987056788,7.501992225646973,2.6644692420959473,3.511014223098755,20.445114494836513,430.33593750000006,217.7777777777778,402.32106602936983,194.74358366595376,458.3508089706302,240.81197188960184,0.00018007469770964235,0.9999990463256836,
2026-07-15T21:48:52.690,15.59686541708652,20260715_214837_front_fusion_ego_1533,speedsweep_slow,fusion_ego_1533,6339523,2,vehicle,0.3215564489364624,28.613088482371598,128.11139558361143,1.0238313015450773,-147.19665347293673,5.161383628845215,1.9719640016555786,1.9289703369140625,32.54709185404186,332.48177083333337,226.66666666666669,314.34923911963904,218.81484131018323,350.6143025470277,234.51849202315015,0.01621338725090027,0.9992157220840454,
2026-07-15T21:48:52.690,15.59686541708652,20260715_214837_front_fusion_ego_1533,speedsweep_slow,fusion_ego_1533,6339523,3,vehicle,0.24365492165088654,10.763759324518936,145.82952358106414,0.7736297814497286,-115.42841232066749,4.329683303833008,1.6882117986679077,1.657447099685669,16.030881157610423,572.6692708333334,243.33333333333334,540.2909753223261,227.54201730092367,605.0475663443407,259.12464936574304,0.9196256399154663,0.9999696016311646,
2026-07-15T21:48:52.690,15.59686541708652,20260715_214837_front_fusion_ego_1533,speedsweep_slow,fusion_ego_1533,6339523,4,vehicle,0.18523475527763367,14.228676540971934,150.40946325166445,0.9811921821201484,33.337947388888814,4.982969284057617,1.9865115880966187,1.834646463394165,21.51072486576857,644.9479166666667,234.44444444444446,603.0204707930486,220.77817108896045,686.8753625402849,248.11071779992847,0.01714359223842621,0.9784135818481445,
2026-07-15T21:48:52.818,15.725013575982302,20260715_214837_front_fusion_ego_1533,speedsweep_slow,fusion_ego_1533,6339524,0,vehicle,0.64964759349823,18.73216479492825,140.752938590381,0.9720071875640017,-142.17003218453027,5.708508491516113,2.10512375831604,1.8222272396087646,21.545499723786527,484.8229166666667,234.44444444444446,465.01026803503436,221.78148176934985,504.635565298299,247.10740711953906,0.002652182709425688,1.0,
2026-07-15T21:48:52.818,15.725013575982302,20260715_214837_front_fusion_ego_1533,speedsweep_slow,fusion_ego_1533,6339524,1,vehicle,0.38109827041625977,29.643192830338187,127.64409545042811,0.8072779662845331,81.2977698094619,4.963904857635498,1.875688076019287,1.787278413772583,33.508915928949136,324.6979166666667,226.66666666666669,308.7584863776962,219.21717892090481,340.63734695563716,234.11615441242856,0.0027299709618091583,0.9916743636131287,
2026-07-15T21:48:52.818,15.725013575982302,20260715_214837_front_fusion_ego_1533,speedsweep_slow,fusion_ego_1533,6339524,2,vehicle,0.270321249961853,18.860468889235555,135.82802666217864,1.5826810116404988,13.184446336424545,7.583869934082031,2.67162823677063,3.442003011703491,21.394492293697585,430.33593750000006,217.7777777777778,407.3854554258287,197.31101916895975,453.28641957417136,238.24453638659585,8.324346708832309e-05,0.9999988079071045,
2026-07-15T21:48:52.957,15.863838766003028,20260715_214837_front_fusion_ego_1533,speedsweep_slow,fusion_ego_1533,6339525,0,vehicle,0.547592043876648,18.59924771293468,140.5574801285317,1.1006882220296308,-129.72820991649135,5.409943580627441,2.0356435775756836,1.7342560291290283,21.244303765862046,484.8229166666667,234.44444444444446,467.12630486736697,221.59300204780368,502.5195284659664,247.29588684108523,0.003185365116223693,1.0,
2026-07-15T21:48:52.957,15.863838766003028,20260715_214837_front_fusion_ego_1533,speedsweep_slow,fusion_ego_1533,6339525,1,vehicle,0.3422819972038269,19.055465815360776,136.1629074148537,1.6371270473430937,64.34565518237511,7.775242328643799,2.6865041255950928,3.5302021503448486,21.43538568937446,430.33593750000006,217.7777777777778,404.4911898076534,193.6365537510978,456.18068519234663,241.9190018044578,0.00010440351616125554,0.9999997615814209,
2026-07-15T21:48:52.957,15.863838766003028,20260715_214837_front_fusion_ego_1533,speedsweep_slow,fusion_ego_1533,6339525,2,vehicle,0.24465987086296082,24.443802131546242,130.1389446761634,0.7725262011888734,72.1093915116404,5.3032379150390625,1.969289779663086,1.487989068031311,27.702312193919756,332.48177083333337,234.44444444444446,314.4168835928043,227.1360069182184,350.54665807386243,241.7528819706705,4.177419759798795e-05,0.99959796667099,
2026-07-15T21:48:52.957,15.863838766003028,20260715_214837_front_fusion_ego_1533,speedsweep_slow,fusion_ego_1533,6339525,3,vehicle,0.16618674993515015,21.55403639011622,154.11614143536136,1.7234463356235206,99.9161011668112,6.053699970245361,2.3465077877044678,2.8682966232299805,29.34755072933974,644.9479166666667,226.66666666666669,613.4431248555582,212.35065589348477,676.4527084777753,240.9826774398486,0.007648497819900513,0.8779484629631042,
2026-07-15T21:48:53.085,15.992453257087618,20260715_214837_front_fusion_ego_1533,speedsweep_slow,fusion_ego_1533,6339526,0,vehicle,0.6473100781440735,18.648214019764954,141.41205818986907,1.3318128000020286,-86.00754855664073,5.633888244628906,2.10628080368042,1.9337644577026367,21.284344163572577,484.8229166666667,235.55555555555557,468.2044997091095,221.20889965030884,501.4413336242239,249.9022114608023,0.01082608476281166,1.0,
2026-07-15T21:48:53.085,15.992453257087618,20260715_214837_front_fusion_ego_1533,speedsweep_slow,fusion_ego_1533,6339526,1,vehicle,0.3019994795322418,23.38520470676448,129.3287938132497,0.8469119920161323,120.28954808088308,5.004629135131836,1.7809821367263794,1.630829095840454,26.74455726702455,324.6979166666667,234.44444444444446,308.4286644930641,225.34945991304187,340.96716884026927,243.53942897584704,0.0003519061137922108,0.9998831748962402,
2026-07-15T21:48:53.085,15.992453257087618,20260715_214837_front_fusion_ego_1533,speedsweep_slow,fusion_ego_1533,6339526,2,vehicle,0.15579329431056976,21.062338048299154,135.3975411194734,1.7992571518347962,-60.6072786879141,7.1200032234191895,2.5649595260620117,3.0666701793670654,23.321791851085067,422.55208333333337,225.55555555555557,399.236828537037,208.69490179750656,445.86733812962973,242.41620931360458,0.00047486965195275843,0.9996659755706787,
2026-07-15T21:48:53.085,15.992453257087618,20260715_214837_front_fusion_ego_1533,speedsweep_slow,fusion_ego_1533,6339526,3,vehicle,0.12340342998504639,12.042824201740217,147.44228851688862,1.0295904378734613,118.6316046210701,4.558220386505127,1.7854565382003784,1.6664457321166992,17.601233254586955,572.6692708333334,244.44444444444446,536.536741261681,230.3785800602701,608.8018004049858,258.5103088286188,0.14677317440509796,0.999596893787384,
2026-07-15T21:48:53.229,16.13571171008516,20260715_214837_front_fusion_ego_1533,speedsweep_slow,fusion_ego_1533,6339527,0,vehicle,0.46177858114242554,19.618012348191048,142.00576980747078,1.4744496114731747,-83.4723701354945,5.57356071472168,2.1387746334075928,2.0503973960876465,22.15388328304744,484.8229166666667,235.55555555555557,467.63859423870844,220.82759145233368,502.00723909462494,250.28351965877746,0.03543328121304512,0.9999997615814209,
2026-07-15T21:48:53.229,16.13571171008516,20260715_214837_front_fusion_ego_1533,speedsweep_slow,fusion_ego_1533,6339527,1,vehicle,0.2867336571216583,23.03884569914781,129.69711174965866,1.075760535625459,-96.7074212290752,4.938529014587402,1.7932941913604736,1.689687728881836,26.10399501303274,324.6979166666667,234.44444444444446,307.1995027760665,225.24313982990054,342.1963305572669,243.64574905898837,0.0009000829886645079,0.9999099969863892,
2026-07-15T21:48:53.229,16.13571171008516,20260715_214837_front_fusion_ego_1533,speedsweep_slow,fusion_ego_1533,6339527,2,vehicle,0.2820088565349579,18.868734713401356,136.7024744513404,1.8869703351883522,90.26481396134903,7.095769882202148,2.455970525741577,3.378091335296631,20.86321560144986,430.33593750000006,225.55555555555557,411.27644028514624,203.55044457647537,449.3954347148538,247.56066653463577,0.002916737226769328,0.9999874830245972,
2026-07-15T21:48:53.229,16.13571171008516,20260715_214837_front_fusion_ego_1533,speedsweep_slow,fusion_ego_1533,6339527,3,vehicle,0.16485513746738434,10.986696672807803,146.31853815891057,1.0594529586259314,124.91749592209729,4.775236129760742,1.8599731922149658,1.721467137336731,15.918416847717394,581.5651041666667,244.44444444444446,545.301723698775,228.41397907998828,617.8284846345584,260.47490980890063,0.2578258216381073,0.9999871253967285,
2026-07-15T21:48:53.357,16.263864615000784,20260715_214837_front_fusion_ego_1533,speedsweep_slow,fusion_ego_1533,6339528,0,vehicle,0.6318353414535522,19.7402134064508,141.747933441042,1.3403952139784288,-126.02948030090589,5.727128505706787,2.136359453201294,2.0841565132141113,22.009708351954714,483.71093750000006,235.55555555555557,467.8884744867683,221.21264401409363,499.5334005132318,249.89846709701752,0.022125758230686188,1.0,
2026-07-15T21:48:53.357,16.263864615000784,20260715_214837_front_fusion_ego_1533,speedsweep_slow,fusion_ego_1533,6339528,1,vehicle,0.4803479313850403,23.651743561056193,129.7387093317953,0.8497323385996585,-97.5188941622641,5.169483184814453,1.8607945442199707,1.6718518733978271,26.480993200927266,324.6979166666667,234.44444444444446,304.8474125812451,225.45115765598086,344.54842075208825,243.43773123290805,0.00029538373928517103,0.9999878406524658,
2026-07-15T21:48:53.357,16.263864615000784,20260715_214837_front_fusion_ego_1533,speedsweep_slow,fusion_ego_1533,6339528,2,vehicle,0.23241595923900604,19.218338635980338,137.17532959886086,1.6926126904117795,31.149890164076407,6.590852737426758,2.294105052947998,3.2267725467681885,20.993447137690644,430.33593750000006,225.55555555555557,412.7234864011407,206.25170800420975,447.94838859885937,244.8594031069014,0.0005974430241622031,0.999991774559021,
2026-07-15T21:48:53.357,16.263864615000784,20260715_214837_front_fusion_ego_1533,speedsweep_slow,fusion_ego_1533,6339528,3,vehicle,0.15078005194664001,20.45483576451136,154.18118349818417,2.014778586985192,158.70908486715663,6.611989498138428,2.424121141433716,3.214313268661499,28.033070271508574,652.7317708333334,226.66666666666669,613.122946848472,210.20065526167554,692.3405948181947,243.13267807165784,0.0008782679215073586,0.920628547668457,
2026-07-15T21:48:53.484,16.390721232048236,20260715_214837_front_fusion_ego_1533,speedsweep_slow,fusion_ego_1533,6339529,0,vehicle,0.36284682154655457,19.604920233758342,141.04866560387975,1.2019765005134238,-157.04156716481688,5.622014045715332,2.054046154022217,2.071338653564453,21.54286267645978,483.71093750000006,235.55555555555557,467.23092089593416,221.62583652469849,500.19095410406595,249.48527458641266,0.08530202507972717,1.0,
2026-07-15T21:48:53.484,16.390721232048236,20260715_214837_front_fusion_ego_1533,speedsweep_slow,fusion_ego_1533,6339529,1,vehicle,0.35200563073158264,24.184944161572478,129.39610206544228,0.8177392878044745,-128.47255761298413,5.068811416625977,1.8440955877304077,1.6238210201263428,26.896923817379506,324.6979166666667,234.44444444444446,303.9948774750034,226.41449090507297,345.40095585832995,242.47439798381595,0.0004381489416118711,0.9998044371604919,
2026-07-15T21:48:53.484,16.390721232048236,20260715_214837_front_fusion_ego_1533,speedsweep_slow,fusion_ego_1533,6339529,2,vehicle,0.34820356965065,19.320608627011786,137.29007098398236,1.6764206745391257,72.05234688976665,6.7593994140625,2.349494218826294,3.205343723297119,20.894625099958585,430.33593750000006,225.55555555555557,410.3553540073335,205.90123805734848,450.31652099266654,245.20987305376266,0.00019563590467441827,0.9999949932098389,
2026-07-15T21:48:53.618,16.5250410590088,20260715_214837_front_fusion_ego_1533,speedsweep_slow,fusion_ego_1533,6339530,0,vehicle,0.4565615952014923,19.006655458347844,138.4431708808646,1.1378882625748048,-150.57500763942275,5.496673583984375,1.9978423118591309,1.9337939023971558,20.43952632828511,483.71093750000006,234.44444444444446,466.4716055206955,220.85171636607913,500.9502694793046,248.03717252280978,0.13460254669189453,1.0,
2026-07-15T21:48:53.618,16.5250410590088,20260715_214837_front_fusion_ego_1533,speedsweep_slow,fusion_ego_1533,6339530,1,vehicle,0.45172473788261414,19.58300962089992,136.48163994615518,1.8434965959940024,30.686774559135678,8.01416015625,2.804285764694214,3.748267412185669,20.981192911098454,430.33593750000006,217.7777777777778,402.62169540673494,191.82991253005136,458.0501795932651,243.72564302550424,0.0007354042609222233,0.9999996423721313,
2026-07-15T21:48:53.618,16.5250410590088,20260715_214837_front_fusion_ego_1533,speedsweep_slow,fusion_ego_1533,6339530,2,vehicle,0.23125283420085907,23.63927330453485,129.6070527364702,0.7399074550758056,126.05759759637915,4.977265357971191,1.8157614469528198,1.5961897373199463,26.137811463292337,323.5859375,234.44444444444446,304.8681765049696,226.03271153238086,342.3036984950304,242.85617735650806,0.0003166348906233907,0.999354898929596,
2026-07-15T21:48:53.753,16.65973384003155,20260715_214837_front_fusion_ego_1533,speedsweep_slow,fusion_ego_1533,6339531,0,vehicle,0.4152437448501587,21.26775783448218,139.63357525619034,1.2851866781525505,-148.74772113313873,5.6203389167785645,2.1002559661865234,2.040457010269165,22.621565837741088,483.71093750000006,234.44444444444446,468.81288214400416,221.25156041648654,498.60899285599595,247.63732847240237,0.1408129632472992,0.9999998807907104,
2026-07-15T21:48:53.753,16.65973384003155,20260715_214837_front_fusion_ego_1533,speedsweep_slow,fusion_ego_1533,6339531,1,vehicle,0.3347978889942169,23.51491602806353,129.74376399897864,0.8102501107054705,-160.07142790992515,5.008146286010742,1.836948275566101,1.6496756076812744,25.81119691617238,323.5859375,234.44444444444446,301.6558235883713,225.82173075940875,345.5160514116287,243.06715812948016,0.00027599051827564836,0.9999133348464966,
2026-07-15T21:48:53.753,16.65973384003155,20260715_214837_front_fusion_ego_1533,speedsweep_slow,fusion_ego_1533,6339531,2,vehicle,0.2823561728000641,19.237177603391427,137.349790280954,1.5897019700290276,109.95766039112063,6.621708393096924,2.2909183502197266,3.1584882736206055,20.450505927007598,430.33593750000006,225.55555555555557,411.8844785988331,206.32221076223587,448.787396401167,244.78890034887527,0.0013995410408824682,0.9999445676803589,
2026-07-15T21:48:53.753,16.65973384003155,20260715_214837_front_fusion_ego_1533,speedsweep_slow,fusion_ego_1533,6339531,3,vehicle,0.1193450540304184,21.380281661588796,155.42492558202952,1.9365138653135885,-121.27747063654503,6.2262773513793945,2.375356912612915,2.93912410736084,29.084268708724778,661.6276041666667,226.66666666666669,618.3282949725788,210.23800949255627,704.9269133607547,243.0953238407771,0.0022751009091734886,0.7487798929214478,
2026-07-15T21:48:53.887,16.79432452400215,20260715_214837_front_fusion_ego_1533,speedsweep_slow,fusion_ego_1533,6339532,0,vehicle,0.44122758507728577,24.362381057226237,129.22207976757497,1.1202853191638238,-133.65615312328168,5.393501281738281,1.9843270778656006,1.8850258588790894,26.576113783964292,323.5859375,234.44444444444446,301.1355170942843,225.32372411754397,346.0363579057157,243.56516477134494,0.00040520241600461304,0.9999654293060303,
2026-07-15T21:48:53.887,16.79432452400215,20260715_214837_front_fusion_ego_1533,speedsweep_slow,fusion_ego_1533,6339532,1,vehicle,0.28730928897857666,20.365854587499854,139.57097680448535,1.3472797529447333,-160.2518443067757,5.621225357055664,2.089979410171509,2.072408676147461,21.518655902759093,483.71093750000006,234.44444444444446,467.51719739660626,219.85459175374774,499.90467760339385,249.03429713514117,0.5616241097450256,0.9999997615814209,
2026-07-15T21:48:53.887,16.79432452400215,20260715_214837_front_fusion_ego_1533,speedsweep_slow,fusion_ego_1533,6339532,2,vehicle,0.23115798830986023,22.42627904886348,135.01951734313624,2.1874611264298744,-6.594008384620698,7.966006755828857,2.857950448989868,3.8202121257781982,23.540569287000164,422.55208333333337,217.7777777777778,396.28151984636986,196.07117699252237,448.8226468202969,239.48437856303323,0.00012007886107312515,0.999988317489624,
2026-07-15T21:48:54.025,16.931657642009668,20260715_214837_front_fusion_ego_1533,speedsweep_slow,fusion_ego_1533,6339533,0,vehicle,0.3726789355278015,21.741834708352396,138.7714345475039,1.356204864370978,-127.2606176821274,5.676548004150391,2.1109461784362793,2.132002592086792,22.611257069870323,483.71093750000006,234.44444444444446,469.81522927805787,221.53216775920657,497.60664572194224,247.35672112968234,0.0594961978495121,0.9999990463256836,
2026-07-15T21:48:54.025,16.931657642009668,20260715_214837_front_fusion_ego_1533,speedsweep_slow,fusion_ego_1533,6339533,1,vehicle,0.3541470766067505,24.0601311884282,129.24847511241893,0.9581783519925082,-124.8971707827588,5.394308567047119,1.9653352499008179,1.7966474294662476,26.089343089130566,323.5859375,234.44444444444446,299.67848616093397,225.6224435236719,347.49338883906603,243.266445365217,0.00021745440608356148,0.999934196472168,
2026-07-15T21:48:54.025,16.931657642009668,20260715_214837_front_fusion_ego_1533,speedsweep_slow,fusion_ego_1533,6339533,2,vehicle,0.2083357870578766,20.066079502488616,137.15354564211614,2.060971589585554,21.859617097492837,8.088024139404297,2.8859174251556396,3.802618980407715,20.88125149435234,430.33593750000006,217.7777777777778,402.1006842330098,190.2874009476768,458.57119076699024,245.2681546078788,8.607392373960465e-05,0.9999985694885254,
2026-07-15T21:48:54.171,17.078504702076316,20260715_214837_front_fusion_ego_1533,speedsweep_slow,fusion_ego_1533,6339534,0,vehicle,0.37768861651420593,21.670363586843898,140.0593579231114,1.2061223357809452,148.22670406744442,5.725010871887207,2.043363332748413,1.9822208881378174,22.480532334253013,475.92708333333337,234.44444444444446,456.5903097925087,221.76706042554645,495.263856874158,247.12182846334247,0.0006833880324847996,0.9999885559082031,
2026-07-15T21:48:54.171,17.078504702076316,20260715_214837_front_fusion_ego_1533,speedsweep_slow,fusion_ego_1533,6339534,1,vehicle,0.36402854323387146,20.134816900523788,136.53183869291888,1.9220257884166696,35.411182619445796,7.863101959228516,2.780008316040039,3.789994716644287,20.76166117213791,430.33593750000006,217.7777777777778,404.26783499494195,191.72421024905313,456.4040400050581,243.83134530650247,2.957152719318401e-05,0.9999980926513672,
2026-07-15T21:48:54.171,17.078504702076316,20260715_214837_front_fusion_ego_1533,speedsweep_slow,fusion_ego_1533,6339534,2,vehicle,0.26868772506713867,24.222496904892996,129.89865069343813,0.9798959434171526,136.29608193053116,5.304887294769287,1.921797513961792,1.7608245611190796,25.87074456558773,323.5859375,234.44444444444446,302.55450328066945,226.02860149410037,344.61737171933055,242.86028739478854,0.001192826428450644,0.9999804496765137,
2026-07-15T21:48:54.304,17.2107591930544,20260715_214837_front_fusion_ego_1533,speedsweep_slow,fusion_ego_1533,6339535,0,vehicle,0.38776975870132446,21.26159504685168,138.31026969930193,1.319153121403875,-169.55001318116868,5.9265570640563965,2.113668918609619,2.0524144172668457,21.692274350026313,475.92708333333337,234.44444444444446,456.9759954338273,222.34700587060718,494.87817123283946,246.54188301828174,0.0006181829376146197,0.9999940395355225,
2026-07-15T21:48:54.304,17.2107591930544,20260715_214837_front_fusion_ego_1533,speedsweep_slow,fusion_ego_1533,6339535,1,vehicle,0.3488120138645172,20.015324228991343,137.54904750311604,1.756137427969875,91.63487270247606,6.439238548278809,2.2770094871520996,3.0078864097595215,20.418102162470547,430.33593750000006,225.55555555555557,407.02817330509424,206.3324961397383,453.6437016949058,244.77861497137283,0.0002973083464894444,0.99998939037323,
2026-07-15T21:48:54.304,17.2107591930544,20260715_214837_front_fusion_ego_1533,speedsweep_slow,fusion_ego_1533,6339535,2,vehicle,0.30233609676361084,24.592204708561937,129.1285672141323,0.9519327073210775,-150.43458182705146,4.974038600921631,1.8367657661437988,1.6479060649871826,26.24208038342426,315.80208333333337,234.44444444444446,295.1365989533564,225.78963008191852,336.46756771331036,243.0992588069704,0.0020767832174897194,0.9999282360076904,
2026-07-15T21:48:54.304,17.2107591930544,20260715_214837_front_fusion_ego_1533,speedsweep_slow,fusion_ego_1533,6339535,3,person,0.1208479031920433,22.695969134782004,116.69712282689738,1.2550313794809993,-119.00546278320131,0.5988097786903381,0.5206352472305298,1.7283551692962646,30.829138747775367,207.94010416666669,235.55555555555557,203.62856594255817,225.90278688404297,212.2516423907752,245.20832422706818,0.9986853003501892,0.991457998752594,
2026-07-15T21:48:54.433,17.34052113199141,20260715_214837_front_fusion_ego_1533,speedsweep_slow,fusion_ego_1533,6339536,0,vehicle,0.2701942026615143,23.70433484571192,139.29604772819658,1.5152181557276803,146.4093737367541,6.032909870147705,2.14229416847229,2.1173646450042725,23.94349530779598,475.92708333333337,234.44444444444446,459.27540486057603,222.70914342668323,492.5787618060907,246.1797454622057,0.000363521947292611,0.9999576807022095,
2026-07-15T21:48:54.433,17.34052113199141,20260715_214837_front_fusion_ego_1533,speedsweep_slow,fusion_ego_1533,6339536,1,vehicle,0.26619160175323486,25.232777754280974,128.75885610001788,1.1335306936796927,-89.9948782241889,5.240304946899414,1.951572299003601,1.7802718877792358,26.71862471378324,315.80208333333337,234.44444444444446,292.4731262562176,225.77596959140567,339.13104041044915,243.11291929748324,0.002038267208263278,0.9998584985733032,
2026-07-15T21:48:54.433,17.34052113199141,20260715_214837_front_fusion_ego_1533,speedsweep_slow,fusion_ego_1533,6339536,2,vehicle,0.20415261387825012,21.132115164772845,135.94005118719713,1.8279423405067,-33.5947896038476,7.415701389312744,2.548372983932495,3.263383388519287,21.307149603687293,422.55208333333337,225.55555555555557,397.0976852116486,204.8022511932585,448.00648145501816,246.30885991785263,0.00013213972852099687,0.999984622001648,
2026-07-15T21:48:54.568,17.475478821084835,20260715_214837_front_fusion_ego_1533,speedsweep_slow,fusion_ego_1533,6339537,0,vehicle,0.41287413239479065,20.696791943577836,137.4600897143501,1.7822753125146122,106.76998759894587,6.7648234367370605,2.3683900833129883,3.1093497276306152,20.543532148540965,430.33593750000006,225.55555555555557,408.3254264816642,204.95777997705673,452.3464485183359,246.1533311340544,0.00013487954856827855,0.9999973773956299,
2026-07-15T21:48:54.568,17.475478821084835,20260715_214837_front_fusion_ego_1533,speedsweep_slow,fusion_ego_1533,6339537,1,vehicle,0.3638384938240051,25.831679830654693,128.94226827659512,1.2065904304037476,-88.6160432993269,5.087306022644043,1.921952486038208,1.785398006439209,26.94835324717304,314.6901041666667,234.44444444444446,293.2074634159605,225.37295427587298,336.1727449173729,243.51593461301593,0.004257415886968374,0.9998393058776855,
2026-07-15T21:48:54.568,17.475478821084835,20260715_214837_front_fusion_ego_1533,speedsweep_slow,fusion_ego_1533,6339537,2,vehicle,0.31585487723350525,21.921770350664566,139.24152815359224,1.4834988092196388,168.97036489850316,5.851883888244629,2.114302396774292,2.107124090194702,21.86713769481161,475.92708333333337,234.44444444444446,458.9596749780079,222.61097725894717,492.89449168865883,246.27791162994174,0.0007771497475914657,0.9999943971633911,
2026-07-15T21:48:54.568,17.475478821084835,20260715_214837_front_fusion_ego_1533,speedsweep_slow,fusion_ego_1533,6339537,3,vehicle,0.12958680093288422,21.84942357793208,155.79365463449005,2.1847511920823983,-75.51996543532422,5.7851786613464355,2.3241591453552246,3.0060694217681885,28.62723682935607,671.6354166666667,226.66666666666669,635.5775354156892,208.99770597616833,707.6932979176443,244.33562735716504,0.0026371502317488194,0.46657246351242065,
2026-07-15T21:48:54.568,17.475478821084835,20260715_214837_front_fusion_ego_1533,speedsweep_slow,fusion_ego_1533,6339537,4,vehicle,0.08461658656597137,11.362847436787218,149.27390021909991,1.225604712521542,85.73942487606875,4.101723670959473,1.6925514936447144,1.736129879951477,16.531157796463642,661.6276041666667,243.33333333333334,618.695043342809,225.56056221326193,704.5601649905245,261.1061044534048,0.8541285395622253,0.9889785647392273,
2026-07-15T21:48:54.706,17.61297298700083,20260715_214837_front_fusion_ego_1533,speedsweep_slow,fusion_ego_1533,6339538,0,vehicle,0.3266562521457672,24.930367508799804,129.07638106196225,1.1075982061061231,-93.73074121130767,5.471399307250977,2.01619553565979,1.872912883758545,25.731209043171866,315.80208333333337,234.44444444444446,291.98627534260356,225.4817232158449,339.6178913240632,243.407165673044,0.002623302862048149,0.9999703168869019,
2026-07-15T21:48:54.706,17.61297298700083,20260715_214837_front_fusion_ego_1533,speedsweep_slow,fusion_ego_1533,6339538,1,vehicle,0.2552977204322815,23.48569847052477,142.08459979391148,1.4041313147796113,-158.0084053068237,5.906029224395752,2.208756923675537,2.1955928802490234,23.519826914553157,483.71093750000006,234.44444444444446,467.1414918005467,220.70010807779101,500.2803831994534,248.1887808110979,0.08510598540306091,0.9999969005584717,
2026-07-15T21:48:54.706,17.61297298700083,20260715_214837_front_fusion_ego_1533,speedsweep_slow,fusion_ego_1533,6339538,2,person,0.15782779455184937,23.752133753417112,115.91397104367462,1.3433401003464214,-118.10859127615676,0.5348412990570068,0.4830760955810547,1.8109298944473267,31.479022517028003,199.04427083333334,235.55555555555557,194.4158669676011,224.8577544424269,203.6726746990656,246.25335666868423,0.9999463558197021,0.9955269694328308,
2026-07-15T21:48:54.706,17.61297298700083,20260715_214837_front_fusion_ego_1533,speedsweep_slow,fusion_ego_1533,6339538,3,vehicle,0.14834722876548767,21.70440544828808,136.86027645587086,1.810895081500775,-55.62317649290348,6.459197998046875,2.2833003997802734,3.0537331104278564,21.21309385597906,430.33593750000006,225.55555555555557,410.8095987737179,208.06381556722854,449.8622762262822,243.0472955438826,0.00032677705166861415,0.9999465942382812,
2026-07-15T21:48:54.706,17.61297298700083,20260715_214837_front_fusion_ego_1533,speedsweep_slow,fusion_ego_1533,6339538,4,vehicle,0.07595770061016083,22.58247619720653,155.75363065567672,2.0946888288489376,-58.397842468543814,5.434134006500244,2.185220241546631,2.8631742000579834,28.898727237409243,671.6354166666667,226.66666666666669,636.7600196624796,211.24819378058118,706.5108136708538,242.0851395527522,0.0025582313537597656,0.38193973898887634,
2026-07-15T21:48:54.835,17.742550335009582,20260715_214837_front_fusion_ego_1533,speedsweep_slow,fusion_ego_1533,6339539,0,vehicle,0.2717846930027008,22.423040375235136,139.62943951589315,1.3775239111682525,150.20114202258873,5.685370922088623,2.060507297515869,2.100335121154785,21.697089557395987,475.92708333333337,234.44444444444446,456.6679311295351,222.23493423726825,495.18623553713167,246.65395465162067,0.001563877915032208,0.9999873638153076,
2026-07-15T21:48:54.835,17.742550335009582,20260715_214837_front_fusion_ego_1533,speedsweep_slow,fusion_ego_1533,6339539,1,vehicle,0.266523152589798,26.69598883679126,128.88111352578662,0.9669406685288613,-89.30509919028329,4.607430934906006,1.7260591983795166,1.6005033254623413,27.116568597448495,306.90625,234.44444444444446,286.82792441919446,225.9197172191408,326.98457558080554,242.9691716697481,0.0014911302132532,0.9997720122337341,
2026-07-15T21:48:54.835,17.742550335009582,20260715_214837_front_fusion_ego_1533,speedsweep_slow,fusion_ego_1533,6339539,2,person,0.17463745176792145,24.909218600930142,115.18180074717057,1.2818943199290675,-115.74802665638725,0.4380572438240051,0.4797326326370239,1.7554725408554077,32.552113841325585,191.26041666666669,235.55555555555557,187.00120050801587,226.059721145365,195.5196328253175,245.05138996574615,0.9976963400840759,0.9965115189552307,
2026-07-15T21:48:54.835,17.742550335009582,20260715_214837_front_fusion_ego_1533,speedsweep_slow,fusion_ego_1533,6339539,3,vehicle,0.16464269161224365,23.43494640747971,134.72621517730346,1.9954963930935388,-12.792169645770246,7.989006996154785,2.766291856765747,3.711676836013794,22.696271989653525,422.55208333333337,217.7777777777778,397.167305332919,193.88135002719034,447.93686133374774,241.67420552836526,3.4359953133389354e-05,0.999995231628418,
2026-07-15T21:48:54.835,17.742550335009582,20260715_214837_front_fusion_ego_1533,speedsweep_slow,fusion_ego_1533,6339539,4,vehicle,0.12467535585165024,12.95753944664844,113.93129470478637,1.0941401709797525,41.56747407152624,4.091007232666016,1.6539548635482788,1.6882514953613281,26.16251103233667,12.231770833333334,252.22222222222223,-1.8243593784670036,235.46654833687677,26.287901045133673,268.9778961075677,0.880898118019104,0.9525195360183716,
2026-07-15T21:48:54.969,17.875806757016107,20260715_214837_front_fusion_ego_1533,speedsweep_slow,fusion_ego_1533,6339540,0,person,0.3982064723968506,24.072554524014798,115.23622564252221,1.310315549196177,-117.21838638734863,0.35021355748176575,0.42882755398750305,1.8591047525405884,31.602915129339728,182.36458333333334,235.55555555555557,178.22764499889067,225.1657247874472,186.50152166777602,245.94538632366394,0.9937775135040283,0.8358402252197266,
2026-07-15T21:48:54.969,17.875806757016107,20260715_214837_front_fusion_ego_1533,speedsweep_slow,fusion_ego_1533,6339540,1,vehicle,0.3585640788078308,25.329823067328583,129.07496513818938,0.9695488764338029,-115.14596599341176,4.900174140930176,1.840896725654602,1.6585649251937866,25.36340707436928,306.90625,234.44444444444446,283.44635135680437,225.31631138589648,330.36614864319563,243.57257750299243,0.002122011734172702,0.9999061822891235,
2026-07-15T21:48:54.969,17.875806757016107,20260715_214837_front_fusion_ego_1533,speedsweep_slow,fusion_ego_1533,6339540,2,vehicle,0.24060283601284027,23.962339816015966,141.03002291216794,1.3182629555643395,-176.97393863576607,5.669347763061523,2.114421844482422,2.0706262588500977,23.007631575949762,483.71093750000006,234.44444444444446,468.3485078066588,221.93788316514758,499.0733671933413,246.95100572374133,0.11068101227283478,0.9999966621398926,
2026-07-15T21:48:54.969,17.875806757016107,20260715_214837_front_fusion_ego_1533,speedsweep_slow,fusion_ego_1533,6339540,3,vehicle,0.19299644231796265,23.348360875961333,134.76659223151617,2.1936523369400014,11.811580758532374,7.738451957702637,2.774585485458374,3.755060911178589,22.196782512750758,422.55208333333337,217.7777777777778,394.553516527017,193.03823338614572,450.55065013964975,242.51732216940988,9.651246364228427e-05,0.9999864101409912,
2026-07-15T21:48:55.095,18.00167197000701,20260715_214837_front_fusion_ego_1533,speedsweep_slow,fusion_ego_1533,6339541,0,vehicle,0.43845298886299133,26.10234696970673,128.3151449432611,1.0403140880968014,-95.06475268543001,5.157350540161133,1.954526662826538,1.6986654996871948,25.907328593033096,306.90625,234.44444444444446,281.9124308079481,225.41419055726794,331.9000691920519,243.47469833162097,0.002886647591367364,0.9999719858169556,
2026-07-15T21:48:55.095,18.00167197000701,20260715_214837_front_fusion_ego_1533,speedsweep_slow,fusion_ego_1533,6339541,1,vehicle,0.3813214898109436,25.142302508887646,140.27745379391115,1.386285416988998,-127.502144106852,5.8690080642700195,2.160928964614868,2.167051315307617,23.602460189805903,483.71093750000006,234.44444444444446,467.9558644481004,221.5797492530611,499.4660105518997,247.30913963582782,0.4695967733860016,0.9999996423721313,
2026-07-15T21:48:55.095,18.00167197000701,20260715_214837_front_fusion_ego_1533,speedsweep_slow,fusion_ego_1533,6339541,2,vehicle,0.164419025182724,23.146202472411932,136.41422312445286,1.8187290410419221,119.52509201290155,6.482843399047852,2.2556204795837402,3.066835403442383,21.410499390439025,430.33593750000006,225.55555555555557,413.64894073829055,207.29460451338028,447.0229342617095,243.81650659773086,0.0003576713497750461,0.9999426603317261,
2026-07-15T21:48:55.095,18.00167197000701,20260715_214837_front_fusion_ego_1533,speedsweep_slow,fusion_ego_1533,6339541,3,person,0.12953215837478638,24.47520542723175,113.78726288893995,1.2766364427248957,-110.33395781357646,0.6232987642288208,0.5888027548789978,1.7062740325927734,32.586671803834996,173.46875,235.55555555555557,168.6232869103551,224.17355868551468,178.3142130896449,246.93755242559646,0.9542691707611084,0.9621561169624329,
2026-07-15T21:48:55.231,18.137984250090085,20260715_214837_front_fusion_ego_1533,speedsweep_slow,fusion_ego_1533,6339542,0,vehicle,0.37320148944854736,27.133135132316294,128.22886822340283,1.1496197498360567,-103.22942540025458,5.125075340270996,1.9822297096252441,1.7214877605438232,26.424645656566586,305.79427083333337,234.44444444444446,279.08706207325065,225.3650873568323,332.5014795934161,243.5238015320566,0.0022465791553258896,0.9999474287033081,
2026-07-15T21:48:55.231,18.137984250090085,20260715_214837_front_fusion_ego_1533,speedsweep_slow,fusion_ego_1533,6339542,1,vehicle,0.2749248445034027,26.344152934786848,143.10153044837836,1.4607522801088348,-172.6474319205477,6.106259822845459,2.240786552429199,2.3144805431365967,24.807736082070413,483.71093750000006,235.55555555555557,467.4586580842734,222.0360428426001,499.9632169157267,249.07506826851105,0.17018088698387146,0.9999971389770508,
2026-07-15T21:48:55.231,18.137984250090085,20260715_214837_front_fusion_ego_1533,speedsweep_slow,fusion_ego_1533,6339542,2,vehicle,0.23533758521080017,25.049797256325732,136.1095900401839,1.9537319009131262,-45.52469645822769,7.272158622741699,2.5938072204589844,3.2051703929901123,22.815035957027334,422.55208333333337,225.55555555555557,400.56245182951295,207.45056960317825,444.5417148371538,243.6605415079329,0.00023735359718557447,0.9998728036880493,
2026-07-15T21:48:55.385,18.291656901012175,20260715_214837_front_fusion_ego_1533,speedsweep_slow,fusion_ego_1533,6339543,0,vehicle,0.43267321586608887,26.10686051182752,143.17607355636153,1.4123896053364684,129.8221163865435,5.9740471839904785,2.221198081970215,2.163269519805908,24.04439030251248,483.71093750000006,235.55555555555557,465.276901524514,222.07901183101868,502.1449734754861,249.03209928009247,0.008387788198888302,0.9999943971633911,
2026-07-15T21:48:55.385,18.291656901012175,20260715_214837_front_fusion_ego_1533,speedsweep_slow,fusion_ego_1533,6339543,1,vehicle,0.17385785281658173,24.826100332212228,135.3525777233264,2.2591264180285564,-4.983901401151014,7.8931989669799805,2.8118958473205566,3.9211881160736084,22.081342944099475,422.55208333333337,217.7777777777778,395.4726064776381,191.12009094821084,449.6315601890286,244.43546460734476,0.0009517128928564489,0.9999308586120605,
2026-07-15T21:48:55.385,18.291656901012175,20260715_214837_front_fusion_ego_1533,speedsweep_slow,fusion_ego_1533,6339543,2,vehicle,0.1651335209608078,26.354455525096032,127.77619316075139,1.1339590898792147,-115.54564428526284,5.085722923278809,1.9452435970306396,1.8134551048278809,25.32816486457844,305.79427083333337,234.44444444444446,279.8349737276634,224.51412793662814,331.75356793900335,244.37476095226077,0.0095615079626441,0.9999598264694214,
2026-07-15T21:48:55.385,18.291656901012175,20260715_214837_front_fusion_ego_1533,speedsweep_slow,fusion_ego_1533,6339543,3,person,0.1231875941157341,26.109471107395727,109.60944237701271,1.548751999748379,-117.97553257914967,0.8418533802032471,0.584950864315033,1.991419792175293,36.06365329545084,146.78125,235.55555555555557,141.5533502716571,222.6616680953238,152.0091497283429,248.44944301578735,0.9960635304450989,0.7782280445098877,
2026-07-15T21:48:55.511,18.418624697020277,20260715_214837_front_fusion_ego_1533,speedsweep_slow,fusion_ego_1533,6339544,0,vehicle,0.525810718536377,25.61161684982513,140.26985725712956,1.4490603834135674,104.48310923771206,5.80116081237793,2.158222198486328,2.226027011871338,22.371095841383156,483.71093750000006,235.55555555555557,464.9266105256975,221.90382603141998,502.4952644743026,249.20728507969116,0.0027828114107251167,0.9999984502792358,
2026-07-15T21:48:55.511,18.418624697020277,20260715_214837_front_fusion_ego_1533,speedsweep_slow,fusion_ego_1533,6339544,1,vehicle,0.29131221771240234,25.962381212949442,128.7020460403861,1.0453984345911636,-94.79451700548132,4.772245407104492,1.9164464473724365,1.5637263059616089,24.04651244616568,296.8984375,235.55555555555557,267.8833981528878,226.12769905063843,325.9134768471122,244.98341206047272,0.0025124517269432545,0.9999322891235352,
2026-07-15T21:48:55.511,18.418624697020277,20260715_214837_front_fusion_ego_1533,speedsweep_slow,fusion_ego_1533,6339544,2,vehicle,0.12562979757785797,24.358996904538692,136.45403095344201,1.8390391058483517,-51.49805751574231,6.987123012542725,2.4531853199005127,3.272594690322876,20.914777913516577,422.55208333333337,225.55555555555557,399.29786524673307,206.19761500093674,445.8063014199337,244.9134961101744,0.0008877592626959085,0.9994217157363892,
2026-07-15T21:48:55.648,18.555174930021167,20260715_214837_front_fusion_ego_1533,speedsweep_slow,fusion_ego_1533,6339545,0,vehicle,0.682909369468689,25.270039860834533,140.55025650038232,1.4477423617583685,113.01922650965393,5.808724880218506,2.155674457550049,2.2267768383026123,21.389628693814036,483.71093750000006,235.55555555555557,463.83093549311167,220.4118088218901,503.59093950688845,250.69930228922104,0.004092861898243427,0.9999995231628418,
2026-07-15T21:48:55.648,18.555174930021167,20260715_214837_front_fusion_ego_1533,speedsweep_slow,fusion_ego_1533,6339545,1,vehicle,0.2970792055130005,25.75509568624313,127.40753358729005,1.1482044956098827,-98.20667650907706,4.700928211212158,1.8845044374465942,1.6361452341079712,23.711347385713495,289.11458333333337,235.55555555555557,258.11632415403926,224.8368627164099,320.1128425126275,246.27424839470123,0.006164646707475185,0.999792754650116,
2026-07-15T21:48:55.648,18.555174930021167,20260715_214837_front_fusion_ego_1533,speedsweep_slow,fusion_ego_1533,6339545,2,vehicle,0.1869223415851593,23.899168625362304,135.78789933726605,1.78387692094937,-57.82736207352289,7.03594970703125,2.4501144886016846,3.26515531539917,19.79887684370661,422.55208333333337,225.55555555555557,400.17253970106447,206.25624987814163,444.9316269656023,244.8548612329695,0.0005873349728062749,0.9998903274536133,
2026-07-15T21:48:55.648,18.555174930021167,20260715_214837_front_fusion_ego_1533,speedsweep_slow,fusion_ego_1533,6339545,3,vehicle,0.10990826040506363,9.912146921542394,142.13863449452248,0.8390217517274863,-30.501876264878227,4.082089900970459,1.6709609031677246,1.2658334970474243,7.643683724632852,671.6354166666667,262.22222222222223,601.7717848370473,234.76801408661737,741.4990484962862,289.6764303578271,0.6202457547187805,0.9987084865570068,
2026-07-15T21:48:55.648,18.555174930021167,20260715_214837_front_fusion_ego_1533,speedsweep_slow,fusion_ego_1533,6339545,4,vehicle,0.0951773077249527,37.02921915212859,132.75864716050646,1.4562183632155627,-50.842558022470456,5.082208633422852,1.9371219873428345,2.112624168395996,33.173976316024905,360.28125,226.66666666666669,345.5616392530501,218.40019057194394,375.0008607469499,234.93314276138943,0.01457842718809843,0.9995495676994324,
2026-07-15T21:48:55.782,18.689370420994237,20260715_214837_front_fusion_ego_1533,speedsweep_slow,fusion_ego_1533,6339546,0,vehicle,0.5022842884063721,27.13160037408252,140.46029599015753,1.4621833407832197,72.57423193354622,5.996100425720215,2.209120035171509,2.4088146686553955,22.464742456243926,483.71093750000006,235.55555555555557,465.1091145984829,219.8085317346785,502.3127604015172,251.30257937643265,0.0033346526324748993,0.9999997615814209,
2026-07-15T21:48:55.782,18.689370420994237,20260715_214837_front_fusion_ego_1533,speedsweep_slow,fusion_ego_1533,6339546,1,vehicle,0.41244933009147644,26.6310386538079,135.8970669404658,1.806909759815451,-57.47836280856245,7.011657238006592,2.496950626373291,3.138388156890869,21.76217524297516,422.55208333333337,225.55555555555557,400.7106031676134,207.93581161234115,444.39356349905336,243.17529949877,0.0003562463680282235,0.9998835325241089,
2026-07-15T21:48:55.782,18.689370420994237,20260715_214837_front_fusion_ego_1533,speedsweep_slow,fusion_ego_1533,6339546,2,vehicle,0.3188093304634094,26.241812462614046,128.34134672172573,1.1293343583181812,-96.55578695453467,4.719478607177734,1.8501957654953003,1.7356393337249756,23.095727490562957,288.0026041666667,235.55555555555557,259.8343543211619,224.1552409860823,316.17085401217145,246.95587012502884,0.014374902471899986,0.9999769926071167,
2026-07-15T21:48:55.782,18.689370420994237,20260715_214837_front_fusion_ego_1533,speedsweep_slow,fusion_ego_1533,6339546,3,person,0.1787012815475464,21.230302679676463,112.78107930673147,1.3615602343770297,-36.53818765942316,0.23351190984249115,0.41755080223083496,1.6986428499221802,29.354691654118966,83.3984375,244.44444444444446,75.58675034344196,230.93518760469226,91.21012465655804,257.95370128419665,0.9864158630371094,0.8674699664115906,
2026-07-15T21:48:55.913,18.819997243001126,20260715_214837_front_fusion_ego_1533,speedsweep_slow,fusion_ego_1533,6339547,0,vehicle,0.6360697150230408,25.032101642034455,140.0366574167423,1.4326106674949775,99.61847743715344,5.981266498565674,2.1973557472229004,2.362622022628784,19.50607834506083,484.8229166666667,235.55555555555557,463.52330810079974,219.15356669161056,506.12252523253363,251.95754441950058,0.003667424665763974,1.0,
2026-07-15T21:48:55.913,18.819997243001126,20260715_214837_front_fusion_ego_1533,speedsweep_slow,fusion_ego_1533,6339547,1,vehicle,0.2041669636964798,21.061057903162663,111.37711275227063,1.071679805262379,4.408778231400045,3.956601619720459,1.6712318658828735,1.5130867958068848,30.023678789730834,38.919270833333336,252.22222222222223,4.980219682057699,239.39847989214792,72.85832198460898,265.04596455229654,0.22236675024032593,0.9068530201911926,
2026-07-15T21:48:55.913,18.819997243001126,20260715_214837_front_fusion_ego_1533,speedsweep_slow,fusion_ego_1533,6339547,2,vehicle,0.1498086154460907,27.98167704758427,125.15067396051678,1.20968195529906,-88.9681908350529,4.719417572021484,1.8700881004333496,1.630861520767212,25.29761529729259,279.10677083333337,235.55555555555557,246.96080644925436,224.66776106092667,311.25273521741235,246.44335005018448,0.009769273921847343,0.9984884262084961,
2026-07-15T21:48:55.913,18.819997243001126,20260715_214837_front_fusion_ego_1533,speedsweep_slow,fusion_ego_1533,6339547,3,vehicle,0.13909851014614105,27.7596674512378,134.51531788474728,2.396885240856105,46.57544918540028,7.524016857147217,2.722905158996582,3.7925665378570557,22.201939192100056,430.33593750000006,217.7777777777778,405.41794692724943,194.106356965171,455.2539280727506,241.4491985903846,2.11072874662932e-05,0.9959781169891357,
2026-07-15T21:48:55.913,18.819997243001126,20260715_214837_front_fusion_ego_1533,speedsweep_slow,fusion_ego_1533,6339547,4,vehicle,0.12983879446983337,38.974334102279165,132.05785851629264,1.4569151202526591,-48.682741884634154,5.166036605834961,1.9257724285125732,2.0917491912841797,33.63306886694013,359.16927083333337,226.66666666666669,344.6139108886322,218.03541998068494,373.72463077803457,235.29791335264844,0.002741747535765171,0.9997370839118958,
2026-07-15T21:48:56.045,18.951814134023152,20260715_214837_front_fusion_ego_1533,speedsweep_slow,fusion_ego_1533,6339548,0,vehicle,0.4615322947502136,12.658327531782428,143.15361307413477,0.8722216761956876,-57.774111591476384,4.738697528839111,1.8504772186279297,1.4992585182189941,8.49712467612947,733.90625,278.8888888888889,652.0864157825708,232.3291450076633,815.7260842174292,325.4486327701145,0.8862181901931763,0.9999805688858032,
2026-07-15T21:48:56.045,18.951814134023152,20260715_214837_front_fusion_ego_1533,speedsweep_slow,fusion_ego_1533,6339548,1,vehicle,0.3266832232475281,26.158325852482584,140.39139227469607,1.4790402585251283,128.1341760148044,6.049977779388428,2.2096645832061768,2.362135171890259,19.785050544129827,484.8229166666667,235.55555555555557,463.6053849856059,218.9716038439009,506.0404483477275,252.13950726721023,0.009497903287410736,0.9999998807907104,
2026-07-15T21:48:56.045,18.951814134023152,20260715_214837_front_fusion_ego_1533,speedsweep_slow,fusion_ego_1533,6339548,2,vehicle,0.25504106283187866,27.334248476966764,135.42820935725953,1.8703286274739024,-52.18197342565179,6.870030879974365,2.4831151962280273,3.1662449836730957,20.78045402096443,422.55208333333337,225.55555555555557,398.81558122982585,206.5198538038466,446.2885854368409,244.59125730726456,0.0005338597111403942,0.999931812286377,
2026-07-15T21:48:56.045,18.951814134023152,20260715_214837_front_fusion_ego_1533,speedsweep_slow,fusion_ego_1533,6339548,3,vehicle,0.20087946951389313,39.336653164190054,132.82104133268416,1.5225774671915238,44.34407843440577,5.4312567710876465,2.0228195190429688,2.2235162258148193,32.99694261543423,359.16927083333337,226.66666666666669,345.66019789998734,216.83782080809277,372.6783437666794,236.4955125252406,0.006629835814237595,0.9995335340499878,
2026-07-15T21:48:56.045,18.951814134023152,20260715_214837_front_fusion_ego_1533,speedsweep_slow,fusion_ego_1533,6339548,4,vehicle,0.14077803492546082,23.851154413912855,128.81008941231048,1.047235059457007,-93.78707034449967,4.575985431671143,1.7722833156585693,1.3796545267105103,19.162710708434407,262.42708333333337,243.33333333333334,228.4490091552337,232.70060082276663,296.405157511433,253.96606584390005,0.001715585240162909,0.9998998641967773,
2026-07-15T21:48:56.181,19.08774965000339,20260715_214837_front_fusion_ego_1533,speedsweep_slow,fusion_ego_1533,6339549,0,vehicle,0.5208691358566284,25.78323873188503,140.3624574094025,1.3714745532718144,117.8937191147584,5.923482418060303,2.122279405593872,2.3824474811553955,18.508537714061852,484.8229166666667,235.55555555555557,460.0265525269012,219.17644772264694,509.6192808064322,251.9346633884642,0.000703750760294497,0.9999998807907104,
2026-07-15T21:48:56.181,19.08774965000339,20260715_214837_front_fusion_ego_1533,speedsweep_slow,fusion_ego_1533,6339549,1,vehicle,0.14791743457317352,26.50300449336586,133.9930139673466,2.0314149515931312,45.257602099345085,7.308511257171631,2.6583588123321533,3.5867438316345215,19.23616619618049,430.33593750000006,216.66666666666669,401.4950446933508,191.59562985102338,459.17683030664926,241.73770348231,0.000227560885832645,0.9946582913398743,
2026-07-15T21:48:56.181,19.08774965000339,20260715_214837_front_fusion_ego_1533,speedsweep_slow,fusion_ego_1533,6339549,2,person,0.1444120705127716,23.847468351530463,133.57062846296586,1.6382068995301562,-62.26703631300288,1.0551115274429321,0.6401042342185974,2.1845483779907227,16.705511792747743,191.26041666666669,235.55555555555557,186.708794646586,220.86915585729813,195.81203868674737,250.24195525381302,0.9994401335716248,0.9952723383903503,
2026-07-15T21:48:56.181,19.08774965000339,20260715_214837_front_fusion_ego_1533,speedsweep_slow,fusion_ego_1533,6339549,3,vehicle,0.06872138381004333,41.33451231413907,132.51453770097433,1.3383260091766274,22.425914497973974,5.243427276611328,1.9588385820388794,2.1827192306518555,34.11587988480207,359.16927083333337,226.66666666666669,347.2949830790361,217.75811354319256,371.0435585876306,235.5752197901408,0.0009471640223637223,0.9998923540115356,
2026-07-15T21:48:56.181,19.08774965000339,20260715_214837_front_fusion_ego_1533,speedsweep_slow,fusion_ego_1533,6339549,4,vehicle,0.05991422012448311,29.209964259129755,140.16924074962645,2.2366136649277686,117.71811461562201,8.483399391174316,3.0361812114715576,4.154848098754883,21.876014654948925,600.46875,217.7777777777778,556.8085334822536,193.64191995726694,644.1289665177464,241.91363559828866,0.015062713995575905,0.8198370337486267,
2026-07-15T21:48:56.332,19.23913216299843,20260715_214837_front_fusion_ego_1533,speedsweep_slow,fusion_ego_1533,6339550,0,vehicle,0.377801775932312,27.12694964798749,135.3752786178264,1.5737266001529213,7.539555378002706,7.136185169219971,2.552236795425415,3.2662606239318848,18.818279721615873,430.33593750000006,216.66666666666669,403.6020399928093,194.1558502117793,457.06983500719076,239.17748312155408,0.0013311677612364292,0.9999572038650513,
2026-07-15T21:48:56.332,19.23913216299843,20260715_214837_front_fusion_ego_1533,speedsweep_slow,fusion_ego_1533,6339550,1,vehicle,0.2802334725856781,24.270493704478998,138.4458740981719,1.0902314791439789,117.22402268153606,5.081515789031982,1.9016321897506714,2.0616374015808105,15.923375222218247,492.60677083333337,235.55555555555557,471.2084164482852,217.68122348520492,514.0051252183815,253.42988762590622,0.2636459469795227,1.0,
2026-07-15T21:48:56.332,19.23913216299843,20260715_214837_front_fusion_ego_1533,speedsweep_slow,fusion_ego_1533,6339550,2,vehicle,0.12674152851104736,39.86010002300708,132.23634187127692,1.003622782480968,52.19312696660146,5.126580238342285,1.9419569969177246,1.9891014099121094,31.857957185085983,359.16927083333337,225.55555555555557,345.4136363801857,216.894741985533,372.924905286481,234.21636912557815,0.0003655542677734047,0.999514102935791,
2026-07-15T21:48:56.332,19.23913216299843,20260715_214837_front_fusion_ego_1533,speedsweep_slow,fusion_ego_1533,6339550,3,vehicle,0.09032616019248962,24.135854290132123,126.64073879961975,0.8390769333488368,-76.4421570274887,4.391806125640869,1.7700468301773071,1.605933427810669,18.978482331057094,262.42708333333337,235.55555555555557,222.6921137397488,221.272984776232,302.1620529269179,249.83812633487915,0.021562309935688972,0.999824583530426,
2026-07-15T21:48:56.332,19.23913216299843,20260715_214837_front_fusion_ego_1533,speedsweep_slow,fusion_ego_1533,6339550,4,person,0.08456980437040329,11.208231310051406,144.04718910285504,1.3517934678918493,65.27338721945753,0.7315046191215515,0.4841500520706177,1.8138201236724854,7.377484807623188,840.65625,244.44444444444446,825.6360910013318,194.5968916681078,855.6764089986683,294.2919972207811,0.33250436186790466,0.14180158078670502,
2026-07-15T21:48:56.332,19.23913216299843,20260715_214837_front_fusion_ego_1533,speedsweep_slow,fusion_ego_1533,6339550,5,vehicle,0.08307352662086487,31.80399976165143,154.15159370608316,1.8047682756010843,93.90624368145696,9.102045059204102,3.2023932933807373,4.237863540649414,28.883165055255,617.1484375,217.7777777777778,566.7757036238909,193.65716563330759,667.5211713761091,241.89838992224801,0.03291885927319527,0.8651975989341736,
2026-07-15T21:48:56.332,19.23913216299843,20260715_214837_front_fusion_ego_1533,speedsweep_slow,fusion_ego_1533,6339550,6,vehicle,0.06161821261048317,20.681108543530527,130.19654824771823,0.6792524857708437,-55.268652556107455,4.428247451782227,1.6391849517822266,1.361832618713379,14.177267453882832,235.73958333333334,243.33333333333334,190.7288029541572,228.22390456994376,280.7503637125095,258.44276209672296,0.00024337900686077774,0.9997696280479431,
2026-07-15T21:48:56.471,19.377571885008365,20260715_214837_front_fusion_ego_1533,speedsweep_slow,fusion_ego_1533,6339551,0,vehicle,0.5612335205078125,24.407098831844596,138.9265778727871,1.019513697126449,97.43219412053199,5.233000755310059,1.9759209156036377,2.0895159244537354,15.332338201110897,492.60677083333337,234.44444444444446,470.5770600785812,216.69736173417834,514.6364815880855,252.19152715471057,0.013278740458190441,1.0,
2026-07-15T21:48:56.471,19.377571885008365,20260715_214837_front_fusion_ego_1533,speedsweep_slow,fusion_ego_1533,6339551,1,person,0.27986738085746765,22.186208366354286,147.07520869739906,0.9762551184980945,63.89641069444371,0.9045314192771912,0.6209565997123718,1.9362013339996338,16.31951508289425,155.67708333333334,234.44444444444446,148.35638767977557,216.27355840471057,162.99777898689112,252.61533048417834,0.9934705495834351,0.9817772507667542,
2026-07-15T21:48:56.471,19.377571885008365,20260715_214837_front_fusion_ego_1533,speedsweep_slow,fusion_ego_1533,6339551,2,vehicle,0.2462017834186554,28.78373816621105,135.38348155308384,1.5553178133330365,-4.004473605722435,7.090281009674072,2.556931495666504,3.194751024246216,19.694702145501832,430.33593750000006,216.66666666666669,407.1190785691142,195.07456759611767,453.55279643088585,238.2587657372157,0.0006062481552362442,0.9995074272155762,
2026-07-15T21:48:56.471,19.377571885008365,20260715_214837_front_fusion_ego_1533,speedsweep_slow,fusion_ego_1533,6339551,3,vehicle,0.21891899406909943,28.5081535770246,167.44568576706965,0.8766603966391004,68.74807476735286,6.020818710327148,2.2379117012023926,2.635793447494507,35.8697248579969,795.0651041666667,226.66666666666669,752.6644571671884,207.56429771582287,837.4657511661451,245.7690356175105,0.05106839910149574,0.9985213875770569,
2026-07-15T21:48:56.471,19.377571885008365,20260715_214837_front_fusion_ego_1533,speedsweep_slow,fusion_ego_1533,6339551,4,vehicle,0.12677015364170074,43.54054117940055,132.1907343393819,1.3237983550820125,81.42675254460994,6.695261001586914,2.3927853107452393,3.0922861099243164,34.73328063926424,359.16927083333337,217.7777777777778,347.53382891354465,204.49878232346643,370.8047127531221,231.05677323208917,0.04563823342323303,0.9996234178543091,
2026-07-15T21:48:56.471,19.377571885008365,20260715_214837_front_fusion_ego_1533,speedsweep_slow,fusion_ego_1533,6339551,5,vehicle,0.09555099159479141,12.879357717813255,150.388192686339,1.8471203144908417,-13.292842046858713,9.02714729309082,3.3661012649536133,4.029759883880615,13.665179130240146,840.65625,200.0,781.4022557139397,61.86677932739258,899.9102442860604,338.1332206726074,0.0015087553765624762,0.9980545043945312,
2026-07-15T21:48:56.621,19.52796798606869,20260715_214837_front_fusion_ego_1533,speedsweep_slow,fusion_ego_1533,6339552,0,vehicle,0.6323540806770325,26.148562754419896,139.07647097043676,0.983829039431634,102.79445422141593,5.527294635772705,1.9758656024932861,2.27884840965271,16.383890576190904,493.71875000000006,235.55555555555557,469.31734368577605,218.1183734867308,518.120156314224,252.99273762438034,0.0011470906902104616,1.0,
2026-07-15T21:48:56.621,19.52796798606869,20260715_214837_front_fusion_ego_1533,speedsweep_slow,fusion_ego_1533,6339552,1,vehicle,0.5420235395431519,28.250557913720105,135.2093342349732,1.4745348538571994,-29.28007324761968,7.601483345031738,2.716796636581421,3.2059504985809326,18.487354624197735,430.33593750000006,216.66666666666669,398.3979888185859,190.49127678076428,462.2738861814142,242.8420565525691,0.0006755768554285169,0.9999897480010986,
2026-07-15T21:48:56.621,19.52796798606869,20260715_214837_front_fusion_ego_1533,speedsweep_slow,fusion_ego_1533,6339552,2,vehicle,0.18668290972709656,27.980019668809224,167.66396230996347,0.9934477620623539,74.9627900798871,5.546730041503906,2.1190524101257324,2.4092633724212646,35.39956724823232,812.8567708333334,226.66666666666669,768.7244030510386,209.6552387873332,856.9891386156281,243.67809454600018,0.007259501609951258,0.9973267316818237,
2026-07-15T21:48:56.621,19.52796798606869,20260715_214837_front_fusion_ego_1533,speedsweep_slow,fusion_ego_1533,6339552,3,person,0.18527239561080933,23.61073034056384,154.6960224699689,0.8682858385735281,136.74930148534045,0.8833178281784058,0.5756046772003174,1.8422778844833374,22.21458352053101,136.7734375,235.55555555555557,129.02918404899538,220.60896191332077,144.51769095100462,250.50214919779037,0.9947845339775085,0.9667444825172424,
2026-07-15T21:48:56.621,19.52796798606869,20260715_214837_front_fusion_ego_1533,speedsweep_slow,fusion_ego_1533,6339552,4,vehicle,0.1738796979188919,39.92694374174221,132.67174519992264,0.708640704364607,38.52255393053752,4.779293060302734,1.8561700582504272,1.8707454204559326,30.408477418807674,351.3854166666667,225.55555555555557,336.0736205118398,216.82752135727142,366.69721282149357,234.28358975383972,0.0012200408382341266,0.998286783695221,
2026-07-15T21:48:56.621,19.52796798606869,20260715_214837_front_fusion_ego_1533,speedsweep_slow,fusion_ego_1533,6339552,5,vehicle,0.10920421034097672,20.96489092676406,133.61636118913202,0.859815472718036,-73.35116852738571,4.3173298835754395,1.7014087438583374,1.2929946184158325,11.687767759777934,209.05208333333334,243.33333333333334,168.72321673979363,229.36069359381995,249.38094992687306,257.30597307284677,0.006184040103107691,0.9999526739120483,
2026-07-15T21:48:56.775,19.682074815034866,20260715_214837_front_fusion_ego_1533,speedsweep_slow,fusion_ego_1533,6339553,0,vehicle,0.4879184365272522,28.761355041816216,133.7440080837093,1.4206026930786086,112.5207955994682,7.88809061050415,2.799410820007324,3.2607035636901855,18.593361135835227,422.55208333333337,216.66666666666669,390.6002796639999,189.9435643355052,454.50388700266683,243.38976899782818,0.0005016118520870805,0.999958872795105,
2026-07-15T21:48:56.775,19.682074815034866,20260715_214837_front_fusion_ego_1533,speedsweep_slow,fusion_ego_1533,6339553,1,vehicle,0.3860258162021637,26.080123326483708,140.35475773485592,0.888761848515164,105.45001947876283,5.902858734130859,2.0455527305603027,2.4179439544677734,15.894642677874957,493.71875000000006,235.55555555555557,464.15675199776894,217.36088547441696,523.2807480022311,253.75022563669418,0.003405139083042741,1.0,
2026-07-15T21:48:56.775,19.682074815034866,20260715_214837_front_fusion_ego_1533,speedsweep_slow,fusion_ego_1533,6339553,2,vehicle,0.18048152327537537,40.9674522676069,132.7334936332266,0.8376952593077713,67.34697315744472,4.938503742218018,1.8985164165496826,1.8346426486968994,30.806024333574495,351.3854166666667,225.55555555555557,336.7044551322858,217.24401834938263,366.0663782010476,233.86709276172851,0.0011949826730415225,0.998847246170044,
2026-07-15T21:48:56.775,19.682074815034866,20260715_214837_front_fusion_ego_1533,speedsweep_slow,fusion_ego_1533,6339553,3,person,0.13155080378055573,22.993836604389976,155.5094692074674,0.9599054263490188,-169.67832442786138,0.6917800903320312,0.5595448613166809,1.8129156827926636,22.123790825504088,111.19791666666667,235.55555555555557,99.67537858212988,217.27898332807754,122.72045475120346,253.8321277830336,0.9900211691856384,0.9814871549606323,
2026-07-15T21:48:56.903,19.809845129027963,20260715_214837_front_fusion_ego_1533,speedsweep_slow,fusion_ego_1533,6339554,0,vehicle,0.4485589265823364,27.13136116833691,140.42927597387865,0.9595945197100835,124.95431519447922,5.477214813232422,2.007753372192383,2.176577091217041,16.389795602745416,501.5026041666667,235.55555555555557,479.5692038709919,216.78646180364822,523.4360044623415,254.32464930746292,0.10634467005729675,1.0,
2026-07-15T21:48:56.903,19.809845129027963,20260715_214837_front_fusion_ego_1533,speedsweep_slow,fusion_ego_1533,6339554,1,vehicle,0.37991592288017273,29.892019265616632,133.51350399163724,1.377525935222579,47.32653957399909,7.582837104797363,2.695514678955078,3.223538398742676,19.202736896000022,422.55208333333337,216.66666666666669,390.6554960062107,190.90598384539288,454.44867066045606,242.4273494879405,0.00035841562203131616,0.9999836683273315,
2026-07-15T21:48:56.903,19.809845129027963,20260715_214837_front_fusion_ego_1533,speedsweep_slow,fusion_ego_1533,6339554,2,person,0.20889510214328766,20.851193228922387,154.28357020393156,0.8459670912474486,167.07123577897158,0.7064040899276733,0.5401268601417542,1.679420828819275,19.645718136180573,84.51041666666667,235.55555555555557,70.98617641876142,218.11076137754654,98.03465691457193,253.0003497335646,0.9905703067779541,0.9594906568527222,
2026-07-15T21:48:56.903,19.809845129027963,20260715_214837_front_fusion_ego_1533,speedsweep_slow,fusion_ego_1533,6339554,3,vehicle,0.178268164396286,21.22602179733181,134.2629989205982,0.9041466804368066,-91.47094540211388,4.650261878967285,1.7528772354125977,1.5991758108139038,10.61867824374197,182.36458333333334,244.44444444444446,138.9479346399506,227.2496607568529,225.78123202671608,261.639228132036,0.049155376851558685,0.9999964237213135,
2026-07-15T21:48:57.037,19.94464586302638,20260715_214837_front_fusion_ego_1533,speedsweep_slow,fusion_ego_1533,6339555,0,vehicle,0.4464777410030365,28.092381140543132,140.77311215995277,0.8970346220670518,131.96151439721723,5.625946521759033,2.0393717288970947,2.2127957344055176,16.924348288316065,501.5026041666667,235.55555555555557,479.1363253730039,217.01209101412033,523.8688829603295,254.0990200969908,0.25021788477897644,1.0,
2026-07-15T21:48:57.037,19.94464586302638,20260715_214837_front_fusion_ego_1533,speedsweep_slow,fusion_ego_1533,6339555,1,vehicle,0.34826090931892395,21.224173826662906,132.80774106902584,0.7925284174938794,-104.08225674675066,3.9304542541503906,1.5503488779067993,1.4298845529556274,10.683739367030983,172.35677083333334,244.44444444444446,124.2898409937819,227.64326062467364,220.4237006728848,261.24562826421527,0.1837615817785263,0.9999867677688599,
2026-07-15T21:48:57.037,19.94464586302638,20260715_214837_front_fusion_ego_1533,speedsweep_slow,fusion_ego_1533,6339555,2,vehicle,0.2932005226612091,30.922664302691572,135.19099987231542,1.6068237815584863,42.28243933863295,7.535749435424805,2.6818315982818604,3.460183620452881,19.488100014621825,430.33593750000006,216.66666666666669,399.27046174556017,191.80190245310467,461.4014132544399,241.5314308802287,7.306034240173176e-05,0.9996015429496765,
2026-07-15T21:48:57.037,19.94464586302638,20260715_214837_front_fusion_ego_1533,speedsweep_slow,fusion_ego_1533,6339555,3,person,0.12329988181591034,22.197626506270897,157.10710103783313,0.6904971266378348,161.09763062699764,0.9768431186676025,0.6449554562568665,1.5795906782150269,22.5294160757723,57.82291666666667,235.55555555555557,39.74105984965961,219.64114401075577,75.90477348367374,251.46996710035538,0.9953378438949585,0.9336208701133728,
2026-07-15T21:48:57.169,20.07612666406203,20260715_214837_front_fusion_ego_1533,speedsweep_slow,fusion_ego_1533,6339556,0,vehicle,0.42597344517707825,29.42532862401505,140.95755687007718,0.9447301974477054,146.1927579477351,5.680628776550293,2.054356336593628,2.356943368911743,17.855927129922858,501.5026041666667,235.55555555555557,478.37073787177604,216.64976927969192,524.6344704615574,254.46134183141922,0.09354778379201889,1.0,
2026-07-15T21:48:57.169,20.07612666406203,20260715_214837_front_fusion_ego_1533,speedsweep_slow,fusion_ego_1533,6339556,1,vehicle,0.34346383810043335,31.117668110755844,134.35757035631,1.5317349484970655,74.1729960078156,7.858126640319824,2.783966064453125,3.372431516647339,19.377002520350697,422.55208333333337,216.66666666666669,389.8153015424808,191.74786845843,455.2888651241859,241.58546487490338,7.649479084648192e-05,0.9999661445617676,
2026-07-15T21:48:57.169,20.07612666406203,20260715_214837_front_fusion_ego_1533,speedsweep_slow,fusion_ego_1533,6339556,2,vehicle,0.3059546649456024,22.22934619433369,141.70035356336612,0.8486979255309581,-142.25537554392514,3.8355438709259033,1.5682706832885742,1.456221103668213,11.199339984509336,154.56510416666669,244.44444444444446,112.57378218571345,225.59802975919513,196.5564261476199,263.2908591296938,0.32876837253570557,0.999955415725708,
2026-07-15T21:48:57.169,20.07612666406203,20260715_214837_front_fusion_ego_1533,speedsweep_slow,fusion_ego_1533,6339556,3,person,0.265034943819046,21.937137599407507,156.0560734322635,0.6271359010290165,169.76922968733157,0.5678156614303589,0.5149162411689758,1.4705324172973633,21.281143258219863,31.135416666666668,235.55555555555557,13.418416878829401,220.64623299572204,48.85241645450394,250.4648781153891,0.9975044131278992,0.9621126055717468,
2026-07-15T21:48:57.305,20.212117386050522,20260715_214837_front_fusion_ego_1533,speedsweep_slow,fusion_ego_1533,6339557,0,vehicle,0.4901558756828308,30.8657122323968,133.9109045914743,1.3043008894859631,105.90063035640128,7.840109825134277,2.777888536453247,3.2598941326141357,18.86301937593003,421.4401041666667,216.66666666666669,394.27856633315486,193.32595507303876,448.6016420001785,240.00737826029462,0.00026076557696796954,0.9999514818191528,
2026-07-15T21:48:57.305,20.212117386050522,20260715_214837_front_fusion_ego_1533,speedsweep_slow,fusion_ego_1533,6339557,1,vehicle,0.3211861550807953,22.208152096973024,145.1474049375725,0.8134670448380339,-169.7691484814884,3.806443214416504,1.478745698928833,1.4734983444213867,12.662797352552762,145.66927083333334,244.44444444444446,101.84319213529429,225.23441520002154,189.4953495313724,263.65447368886737,0.6988295316696167,0.9999467134475708,
2026-07-15T21:48:57.305,20.212117386050522,20260715_214837_front_fusion_ego_1533,speedsweep_slow,fusion_ego_1533,6339557,2,vehicle,0.30831378698349,28.40279074716433,140.97222855586872,0.8224982952123978,139.44019118510903,5.4823384284973145,2.0240697860717773,2.19744873046875,16.526780842028582,501.5026041666667,235.55555555555557,478.06328598658246,216.60026106569504,524.941922346751,254.5108500454161,0.17654427886009216,1.0,
2026-07-15T21:48:57.305,20.212117386050522,20260715_214837_front_fusion_ego_1533,speedsweep_slow,fusion_ego_1533,6339557,3,person,0.2963874340057373,20.879316047661725,149.11849246780383,0.4029589534723641,126.72748118110951,0.036267150193452835,0.06342417001724243,1.3213367462158203,14.655201398359372,13.34375,235.55555555555557,-1.8272008970379832,217.5081852409575,28.514700897037986,253.60292587015365,0.9217842221260071,0.028942499309778214,
2026-07-15T21:48:57.305,20.212117386050522,20260715_214837_front_fusion_ego_1533,speedsweep_slow,fusion_ego_1533,6339557,4,person,0.20041896402835846,25.681198966980073,149.53155638318125,0.9446793242268297,138.892081969906,0.733975350856781,0.5170129537582397,1.8841243982315063,18.14304749568393,716.1145833333334,234.44444444444446,707.4265856885662,217.84171726968555,724.8025809781005,251.04717161920337,0.9995866417884827,0.9895299077033997,
2026-07-15T21:48:57.454,20.36095766199287,20260715_214837_front_fusion_ego_1533,speedsweep_slow,fusion_ego_1533,6339558,0,vehicle,0.49289825558662415,32.30360836750838,134.29304417383494,1.2503951214827889,-0.37530967402589355,7.631394386291504,2.703852653503418,3.152912139892578,19.94720112554937,422.55208333333337,216.66666666666669,394.62740767498815,193.1626049677531,450.4767589916786,240.17072836558026,0.0005756288301199675,0.99998939037323,
2026-07-15T21:48:57.454,20.36095766199287,20260715_214837_front_fusion_ego_1533,speedsweep_slow,fusion_ego_1533,6339558,1,vehicle,0.2673785388469696,29.5589605351709,142.1240946688424,0.892109602958636,150.46783972346802,5.622156620025635,2.0572762489318848,2.2595231533050537,17.66123707252835,501.5026041666667,235.55555555555557,478.8460641714434,216.64013836118912,524.15914416189,254.47097274992203,0.28126955032348633,1.0,
2026-07-15T21:48:57.454,20.36095766199287,20260715_214837_front_fusion_ego_1533,speedsweep_slow,fusion_ego_1533,6339558,2,person,0.1897680014371872,23.892233349267254,146.73201853867957,0.9567366282429419,45.77054827773039,0.787696123123169,0.5726403594017029,1.865480899810791,14.743569649705089,725.0104166666667,234.44444444444446,715.9080411481361,216.32428970601825,734.1127921851973,252.56459918287067,0.9957699179649353,0.9698054790496826,
2026-07-15T21:48:57.454,20.36095766199287,20260715_214837_front_fusion_ego_1533,speedsweep_slow,fusion_ego_1533,6339558,3,vehicle,0.09220676124095917,24.754993280103104,140.6397480957222,0.7699624538486542,170.73362932603058,5.26681661605835,1.8268040418624878,1.9584887027740479,12.64615355408801,128.98958333333334,252.22222222222223,78.16573041429123,233.56371773613824,179.81343625237545,270.8807267083062,0.00018197853933088481,0.9998925924301147,
2026-07-15T21:48:57.454,20.36095766199287,20260715_214837_front_fusion_ego_1533,speedsweep_slow,fusion_ego_1533,6339558,4,vehicle,0.08363277465105057,45.62889463582715,132.49439906304937,1.286830921475507,77.0004626938165,6.221093654632568,2.3024673461914062,2.9220528602600098,33.391175955929654,350.2734375,217.7777777777778,334.4650108143687,203.81594734059442,366.0818641856313,231.73960821496118,0.3211062252521515,0.9997751116752625,
2026-07-15T21:48:57.591,20.497765624080785,20260715_214837_front_fusion_ego_1533,speedsweep_slow,fusion_ego_1533,6339559,0,vehicle,0.4142010807991028,32.30164337946197,133.95878601300453,1.2686211281158257,17.437386102954893,8.087296485900879,2.8357882499694824,3.317218542098999,19.794093909440488,422.55208333333337,216.66666666666669,393.698973958691,193.9029250542323,451.40519270797574,239.43040827910107,0.00019249565957579762,0.999987006187439,
2026-07-15T21:48:57.591,20.497765624080785,20260715_214837_front_fusion_ego_1533,speedsweep_slow,fusion_ego_1533,6339559,1,vehicle,0.2770562171936035,30.488753513872588,142.33708001614505,0.992339891038915,127.17429679126408,6.319445610046387,2.1977345943450928,2.7594070434570312,18.41003709871781,493.71875000000006,235.55555555555557,464.1055569425226,217.68324944708084,523.3319430574775,253.4278616640303,0.013202442787587643,0.9999990463256836,
2026-07-15T21:48:57.591,20.497765624080785,20260715_214837_front_fusion_ego_1533,speedsweep_slow,fusion_ego_1533,6339559,2,person,0.1754593849182129,25.790975212404234,153.11295588489216,0.7536889034147656,43.350600125539195,0.9839305281639099,0.6309024691581726,1.7370002269744873,20.491592695335545,741.6901041666667,234.44444444444446,731.7870264674227,217.94249680307178,751.5931818659108,250.94639208581714,0.9902349710464478,0.9095333814620972,
2026-07-15T21:48:57.724,20.631545343087055,20260715_214837_front_fusion_ego_1533,speedsweep_slow,fusion_ego_1533,6339560,0,vehicle,0.39792442321777344,32.113012900059644,133.18826731063976,1.4894939494391661,22.397468759827188,7.610140800476074,2.7275471687316895,3.310356616973877,19.574744118682133,422.55208333333337,216.66666666666669,392.5600907703241,194.1532341639201,452.54407589634263,239.18009916941327,0.00013339341967366636,0.9999181032180786,
2026-07-15T21:48:57.724,20.631545343087055,20260715_214837_front_fusion_ego_1533,speedsweep_slow,fusion_ego_1533,6339560,1,vehicle,0.32169970870018005,32.04779672381394,142.65661250855294,1.0755041046187015,127.86839089190087,6.003512382507324,2.1301517486572266,2.435805559158325,19.81916084049902,501.5026041666667,235.55555555555557,479.06978643561405,217.8978905412886,523.9354218977194,253.21322056982254,0.061175957322120667,1.0,
2026-07-15T21:48:57.857,20.763954805093817,20260715_214837_front_fusion_ego_1533,speedsweep_slow,fusion_ego_1533,6339561,0,vehicle,0.39730748534202576,31.91113283387235,141.8472123053336,1.1836400870064696,126.55553899487835,6.392035961151123,2.2499349117279053,2.638256072998047,19.27378751906112,493.71875000000006,235.55555555555557,466.9317104220391,218.81156000826095,520.505789577961,252.2995511028502,0.0006652859738096595,0.9999998807907104,
2026-07-15T21:48:57.857,20.763954805093817,20260715_214837_front_fusion_ego_1533,speedsweep_slow,fusion_ego_1533,6339561,1,vehicle,0.2589378356933594,32.8073754649271,133.46315323367526,1.682773850302331,-3.3378090564730707,7.762085914611816,2.771411180496216,3.411926507949829,19.99279337791375,422.55208333333337,217.7777777777778,390.2560078700384,194.44678829775918,454.84815879662835,241.10876725779642,0.00019399606389924884,0.9997832179069519,
2026-07-15T21:48:57.857,20.763954805093817,20260715_214837_front_fusion_ego_1533,speedsweep_slow,fusion_ego_1533,6339561,2,vehicle,0.20000484585762024,46.193985844306354,130.3221871918606,1.1162756192744319,23.42168798991843,4.765498161315918,1.883967399597168,1.9835165739059448,33.73950089532471,342.48958333333337,225.55555555555557,327.7598780107995,217.40516725513672,357.2192886558672,233.70594385597443,0.08625775575637817,0.9952605366706848,
2026-07-15T21:48:57.857,20.763954805093817,20260715_214837_front_fusion_ego_1533,speedsweep_slow,fusion_ego_1533,6339561,3,vehicle,0.16200412809848785,23.233125737945258,128.86220477517517,0.995395572437916,149.58563082354374,4.771482467651367,1.791897177696228,1.762662410736084,13.129399599188561,173.46875,244.44444444444446,131.85778959095478,226.58277061250476,215.07971040904525,262.30611827638415,0.93875652551651,0.9998286962509155,
2026-07-15T21:48:57.994,20.901203816058114,20260715_214837_front_fusion_ego_1533,speedsweep_slow,fusion_ego_1533,6339562,0,vehicle,0.5200792551040649,31.697952759985505,141.0070586459828,1.0548498050783586,123.16952115602864,6.356516361236572,2.205233097076416,2.547985315322876,18.67174588398275,493.71875000000006,235.55555555555557,466.9041213393212,219.15228996011948,520.5333786606789,251.95882115099167,0.0008445288403891027,1.0,
2026-07-15T21:48:57.994,20.901203816058114,20260715_214837_front_fusion_ego_1533,speedsweep_slow,fusion_ego_1533,6339562,1,vehicle,0.31262627243995667,32.67380399228432,133.93425067567884,1.668905156348034,12.001991416419328,7.780701160430908,2.8062214851379395,3.3570845127105713,19.561141775827476,422.55208333333337,216.66666666666669,390.14403857042396,191.1454478899638,454.9601280962428,242.18788544336957,0.0002859679807443172,0.9999018907546997,
2026-07-15T21:48:57.994,20.901203816058114,20260715_214837_front_fusion_ego_1533,speedsweep_slow,fusion_ego_1533,6339562,2,vehicle,0.11757133901119232,45.46394734904572,130.66797163787075,1.2190147073041842,28.621683421589733,5.362177848815918,2.031791925430298,2.1791317462921143,32.73949666480663,350.2734375,225.55555555555557,336.0037034600973,216.79248991939758,364.5431715399027,234.31862119171356,0.1918465793132782,0.9993233680725098,
2026-07-15T21:48:58.123,21.03003969299607,20260715_214837_front_fusion_ego_1533,speedsweep_slow,fusion_ego_1533,6339563,0,vehicle,0.5746402144432068,31.404089588115074,140.7375379081773,1.1460947816440814,115.30077787452208,6.228866100311279,2.2160255908966064,2.584381103515625,18.122253239644788,493.71875000000006,235.55555555555557,466.9591786116362,217.69172343942856,520.4783213883638,253.41938767168259,0.0004276412073522806,0.9999998807907104,
2026-07-15T21:48:58.123,21.03003969299607,20260715_214837_front_fusion_ego_1533,speedsweep_slow,fusion_ego_1533,6339563,1,person,0.3778601586818695,19.633508679976398,149.7540848462908,1.0902908838071053,130.42101591829308,0.012113581411540508,0.1987457275390625,1.6295992136001587,13.837928841522817,30.023437500000004,235.55555555555557,18.985415183007717,212.06627819273209,41.06145981699228,259.04483291837903,0.925747275352478,0.42352914810180664,
2026-07-15T21:48:58.123,21.03003969299607,20260715_214837_front_fusion_ego_1533,speedsweep_slow,fusion_ego_1533,6339563,2,vehicle,0.23697738349437714,33.75315550423749,134.4873682744741,1.711178952001013,-21.323173203404522,7.728452205657959,2.7503902912139893,3.447098731994629,20.33473016336739,422.55208333333337,216.66666666666669,393.47852217157686,192.97515432039899,451.6256444950899,240.3581790129344,0.0004220000992063433,0.9996054768562317,
2026-07-15T21:48:58.123,21.03003969299607,20260715_214837_front_fusion_ego_1533,speedsweep_slow,fusion_ego_1533,6339563,3,vehicle,0.21455512940883636,45.77219975597914,130.94091868250317,0.8721626482261364,40.381564650011256,5.015918731689453,1.92263662815094,1.9633855819702148,32.78715092024216,342.48958333333337,225.55555555555557,327.8759799463054,216.88509318563675,357.10318672036135,234.2260179254744,0.01109956856817007,0.9955369234085083,
2026-07-15T21:48:58.250,21.157050081994385,20260715_214837_front_fusion_ego_1533,speedsweep_slow,fusion_ego_1533,6339564,0,vehicle,0.7539485096931458,30.671290047181046,141.9030939414182,1.1663938194928614,111.44065680934781,6.035675525665283,2.167156219482422,2.4601385593414307,17.479545473373793,493.71875000000006,235.55555555555557,468.7530130073429,216.1709252330992,518.6844869926572,254.94018587801193,0.0006113758427090943,1.0,
2026-07-15T21:48:58.250,21.157050081994385,20260715_214837_front_fusion_ego_1533,speedsweep_slow,fusion_ego_1533,6339564,1,vehicle,0.42201098799705505,34.12803415781506,134.51372020800218,1.3836755504427254,22.324774032890076,8.16733455657959,2.858053684234619,3.3701913356781006,20.507756572411804,422.55208333333337,216.66666666666669,391.7750490208467,190.93356768290204,453.32911764582,242.39976565043133,0.0004937963094562292,0.9999642372131348,
2026-07-15T21:48:58.250,21.157050081994385,20260715_214837_front_fusion_ego_1533,speedsweep_slow,fusion_ego_1533,6339564,2,vehicle,0.10013727843761444,45.871803098396114,130.72243455691947,0.7469674500695966,20.20016499334875,5.194439888000488,1.9885292053222656,2.08457350730896,32.738298440664856,342.48958333333337,225.55555555555557,326.0793093343576,215.7931149337027,358.8998573323091,235.31799617740845,0.002777446759864688,0.9964358806610107,
2026-07-15T21:48:58.376,21.283355953055434,20260715_214837_front_fusion_ego_1533,speedsweep_slow,fusion_ego_1533,6339565,0,person,0.7160084843635559,21.521910045243644,150.06749917623893,0.9018533129593884,130.85884856137756,0.0,0.25912144780158997,1.3273402452468872,14.82807272987062,13.34375,235.55555555555557,-4.915881741791964,220.18675181600784,31.603381741791967,250.9243592951033,0.8339201807975769,0.6177979707717896,
2026-07-15T21:48:58.376,21.283355953055434,20260715_214837_front_fusion_ego_1533,speedsweep_slow,fusion_ego_1533,6339565,1,vehicle,0.5920394659042358,33.90026351259641,133.73812982763695,1.5643444370108806,10.400428643618444,8.027134895324707,2.8682923316955566,3.438697099685669,20.22133078681032,422.55208333333337,216.66666666666669,391.1821287100514,189.79857842127484,453.9220379566153,243.53475491205853,0.00036725852987729013,0.9999951124191284,
2026-07-15T21:48:58.376,21.283355953055434,20260715_214837_front_fusion_ego_1533,speedsweep_slow,fusion_ego_1533,6339565,2,vehicle,0.5836824178695679,30.954526963979877,141.8787845648089,1.211410228097753,127.56566866430136,6.167694091796875,2.229585886001587,2.5644428730010986,17.566683535027607,493.71875000000006,235.55555555555557,467.5675636976958,215.37191841337417,519.8699363023043,255.73919269773697,0.005419391673058271,0.9999998807907104,
2026-07-15T21:48:58.376,21.283355953055434,20260715_214837_front_fusion_ego_1533,speedsweep_slow,fusion_ego_1533,6339565,3,vehicle,0.16366709768772125,46.22272816903737,130.42028769010707,0.7630711949191222,38.93560668567612,5.1465559005737305,1.962796688079834,2.084977388381958,32.96295458434806,342.48958333333337,225.55555555555557,327.8709565189978,216.21108803484177,357.10821014766896,234.90002307626938,0.008236837573349476,0.996901273727417,
2026-07-15T21:48:58.376,21.283355953055434,20260715_214837_front_fusion_ego_1533,speedsweep_slow,fusion_ego_1533,6339565,4,vehicle,0.10188067704439163,24.48447378028886,128.24033888344042,1.081557001504581,-94.25989450092918,4.885792255401611,1.8320447206497192,1.8681063652038574,13.870962968338555,146.78125,252.22222222222223,108.1693774983287,229.33979643715753,185.39312250167131,275.1046480072869,0.04725506901741028,0.9986730813980103,
2026-07-15T21:48:58.509,21.41546882200055,20260715_214837_front_fusion_ego_1533,speedsweep_slow,fusion_ego_1533,6339566,0,vehicle,0.6619857549667358,32.504758235020276,142.41084661423042,1.2143933439656922,123.71167696619277,6.150147438049316,2.2076809406280518,2.4618661403656006,18.997963368369238,493.71875000000006,235.55555555555557,469.3632608018816,217.2075292799208,518.0742391981184,253.90358183119034,0.0015497495187446475,1.0,
2026-07-15T21:48:58.509,21.41546882200055,20260715_214837_front_fusion_ego_1533,speedsweep_slow,fusion_ego_1533,6339566,1,person,0.2707937955856323,18.240082272888532,142.20599524388447,1.1757039955676607,111.19896798997331,0.4074477553367615,0.3679884076118469,1.3187960386276245,6.3537274296998,12.231770833333334,235.55555555555557,-0.3583736053357522,221.42259034845566,24.82191527200242,249.6885207626555,0.45394444465637207,0.4588690996170044,
2026-07-15T21:48:58.509,21.41546882200055,20260715_214837_front_fusion_ego_1533,speedsweep_slow,fusion_ego_1533,6339566,2,vehicle,0.24839623272418976,46.38423599698301,130.6724649526211,0.9982695721538446,21.871958899310673,5.084262371063232,1.9635286331176758,2.1220414638519287,32.85871050909877,342.48958333333337,225.55555555555557,327.3252099764844,216.3738462660048,357.6539566901823,234.73726484510635,0.05064183846116066,0.9926101565361023,
2026-07-15T21:48:58.509,21.41546882200055,20260715_214837_front_fusion_ego_1533,speedsweep_slow,fusion_ego_1533,6339566,3,vehicle,0.18958313763141632,34.43659900961953,134.593891704801,1.6520951527596703,-114.82985956190889,7.910977363586426,2.805006980895996,3.294416904449463,20.41100347076248,422.55208333333337,216.66666666666669,392.1800632451972,193.10440103212994,452.92410342146957,240.22893230120343,0.0004965348052792251,0.9998032450675964,
2026-07-15T21:48:58.655,21.56171587505378,20260715_214837_front_fusion_ego_1533,speedsweep_slow,fusion_ego_1533,6339567,0,vehicle,0.5821030735969543,31.57501022409545,140.93535415728465,1.1773842987298946,106.91199373413856,5.820028781890869,2.10383677482605,2.4191389083862305,17.53545998558416,492.60677083333337,235.55555555555557,468.1399804291626,216.2799194786284,517.0735612375041,254.83119163248276,0.0001383796479785815,1.0,
2026-07-15T21:48:58.655,21.56171587505378,20260715_214837_front_fusion_ego_1533,speedsweep_slow,fusion_ego_1533,6339567,1,vehicle,0.382661908864975,34.64011821217096,134.3843889476756,1.5663748984212886,20.197849897098322,7.584137916564941,2.739816188812256,3.285036325454712,20.429528091871713,422.55208333333337,216.66666666666669,393.9965014730891,193.40121964613598,451.10766519357765,239.9321136871974,0.00046329820179380476,0.9999473094940186,
2026-07-15T21:48:58.655,21.56171587505378,20260715_214837_front_fusion_ego_1533,speedsweep_slow,fusion_ego_1533,6339567,2,vehicle,0.30570995807647705,44.50040270505025,130.86196294275152,0.8749868176915723,59.08070911009955,5.00783109664917,1.930422306060791,1.962456464767456,30.76984163704444,342.48958333333337,225.55555555555557,327.5824212258061,216.1507821414206,357.3967454408606,234.96032896969055,0.010672198608517647,0.9967625141143799,
2026-07-15T21:48:58.785,21.69214489602018,20260715_214837_front_fusion_ego_1533,speedsweep_slow,fusion_ego_1533,6339568,0,vehicle,0.4944794178009033,30.939791178695177,138.63452218086692,1.0721651573792306,102.00471624951473,5.783945083618164,2.1041643619537354,2.2982113361358643,16.373057161487946,492.60677083333337,235.55555555555557,468.9367472206553,216.44301924440597,516.2767944460114,254.66809186670517,0.0013263588771224022,1.0,
2026-07-15T21:48:58.785,21.69214489602018,20260715_214837_front_fusion_ego_1533,speedsweep_slow,fusion_ego_1533,6339568,1,vehicle,0.3775264620780945,34.492463379926804,134.63835460124974,1.6485239652453232,22.0888214251267,7.669835090637207,2.7905187606811523,3.3429927825927734,20.046016447052903,422.55208333333337,216.66666666666669,393.7329576512178,192.30501155058545,451.3712090154489,241.02832178274792,0.00014129340706858784,0.9999697208404541,
2026-07-15T21:48:58.785,21.69214489602018,20260715_214837_front_fusion_ego_1533,speedsweep_slow,fusion_ego_1533,6339568,2,vehicle,0.23906360566616058,46.64038415652269,130.64956756434728,0.9075196805436294,29.752782064983403,5.165749549865723,1.9958608150482178,2.0903844833374023,32.70660522029292,342.48958333333337,225.55555555555557,328.47362304230535,216.58203843567108,356.5055436243614,234.52907267544006,0.022199692204594612,0.9924330711364746,
2026-07-15T21:48:58.785,21.69214489602018,20260715_214837_front_fusion_ego_1533,speedsweep_slow,fusion_ego_1533,6339568,3,vehicle,0.08741460740566254,24.955287172825074,139.0750703149933,0.8753967300138132,109.51511268304321,4.5427350997924805,1.727654218673706,1.7904099225997925,10.498168163852565,31.135416666666668,270.0,-12.81058800717195,246.725914478302,75.08142134050529,293.274085521698,0.03127286583185196,0.8859633803367615,
2026-07-15T21:48:58.917,21.82427678105887,20260715_214837_front_fusion_ego_1533,speedsweep_slow,fusion_ego_1533,6339569,0,vehicle,0.44758063554763794,33.540604126443085,140.38320924339877,1.1705063930784374,116.95485658768777,6.240757942199707,2.2013750076293945,2.5105199813842773,18.974988523255842,492.60677083333337,234.44444444444446,469.61815970515215,215.94858196046619,515.5953819615146,252.94030692842273,0.003419511253014207,0.9999998807907104,
2026-07-15T21:48:58.917,21.82427678105887,20260715_214837_front_fusion_ego_1533,speedsweep_slow,fusion_ego_1533,6339569,1,vehicle,0.1963622272014618,34.876567142623436,134.1700549410581,1.3881340278787222,-76.74035541333389,7.199597358703613,2.597574472427368,3.126814365386963,20.304552636273087,422.55208333333337,217.7777777777778,396.6166148980459,197.4577699767219,448.48755176862085,238.0977855788337,0.000698859104886651,0.9998255372047424,
2026-07-15T21:48:58.917,21.82427678105887,20260715_214837_front_fusion_ego_1533,speedsweep_slow,fusion_ego_1533,6339569,2,vehicle,0.15429861843585968,46.51927034411233,130.98242183819556,0.7618192993142909,-3.3466894045270035,4.908078193664551,1.9393527507781982,2.047128200531006,32.337233270252504,341.3776041666667,225.55555555555557,326.67698954666656,216.66610691282486,356.0782187866668,234.44500419828628,0.10603533685207367,0.9953818917274475,
2026-07-15T21:48:59.052,21.959443189087324,20260715_214837_front_fusion_ego_1533,speedsweep_slow,fusion_ego_1533,6339570,0,vehicle,0.5311456918716431,34.518578901422565,134.12154294341056,1.43199277246128,-2.9943130468506154,7.634087085723877,2.726590633392334,3.3058218955993652,19.7809885298593,422.55208333333337,216.66666666666669,392.75767785062396,191.54213229815167,452.3464888160428,241.7912010351817,0.00035481617669574916,0.9999871253967285,
2026-07-15T21:48:59.052,21.959443189087324,20260715_214837_front_fusion_ego_1533,speedsweep_slow,fusion_ego_1533,6339570,1,vehicle,0.43710947036743164,33.68869597938857,138.8316710927247,1.1746828421157811,113.5298677978508,6.316582679748535,2.1813340187072754,2.742159128189087,18.754562812686114,484.8229166666667,234.44444444444446,456.1959346930186,216.85740020540027,513.4498986403148,252.03148868348865,7.075130997691303e-05,0.9999998807907104,
2026-07-15T21:48:59.052,21.959443189087324,20260715_214837_front_fusion_ego_1533,speedsweep_slow,fusion_ego_1533,6339570,2,vehicle,0.20383243262767792,46.26169855642134,131.1219974651056,0.9355768220920064,22.389991883565923,5.138139724731445,2.024075508117676,2.144683837890625,31.877571550250668,341.3776041666667,225.55555555555557,326.03431217248243,216.18868354294037,356.72089616085094,234.92242756817078,0.06165127456188202,0.9904003739356995,
2026-07-15T21:48:59.186,22.09291606908664,20260715_214837_front_fusion_ego_1533,speedsweep_slow,fusion_ego_1533,6339571,0,vehicle,0.3617594242095947,34.890896359140044,134.5212850834969,1.5358527727220297,-51.3033123186063,8.041348457336426,2.823267698287964,3.4023056030273438,19.884469052864866,422.55208333333337,216.66666666666669,389.2958747049173,191.1350033680598,455.80829196174943,242.19832996527356,0.00024509357172064483,0.9999961853027344,
2026-07-15T21:48:59.186,22.09291606908664,20260715_214837_front_fusion_ego_1533,speedsweep_slow,fusion_ego_1533,6339571,1,vehicle,0.30029812455177307,45.968251870270024,131.8225486141745,1.0796868709551115,55.74774390014337,5.245269298553467,2.035905361175537,2.2228517532348633,31.254673435216713,341.3776041666667,225.55555555555557,327.23539169008535,215.0252503487799,355.519816643248,236.08586076233124,0.06849341094493866,0.9992806315422058,
2026-07-15T21:48:59.186,22.09291606908664,20260715_214837_front_fusion_ego_1533,speedsweep_slow,fusion_ego_1533,6339571,2,vehicle,0.27827924489974976,33.56744273079317,140.0649289613996,1.1922827837238583,113.86085174050591,6.039472579956055,2.130678653717041,2.454307794570923,18.568903407293707,492.60677083333337,235.55555555555557,472.5148193252584,215.38931522104477,512.6987223414084,255.72179589006637,0.005104700569063425,1.0,
2026-07-15T21:48:59.186,22.09291606908664,20260715_214837_front_fusion_ego_1533,speedsweep_slow,fusion_ego_1533,6339571,3,person,0.13414828479290009,40.94285957372428,121.95996881863013,0.9850193972233345,-140.51486860393786,1.184370517730713,0.7101930379867554,1.846515417098999,29.980140232790376,244.63541666666669,226.66666666666669,240.27109746045124,217.4305872122447,248.99973587288213,235.90274612108868,0.996015727519989,0.7311791181564331,
2026-07-15T21:48:59.328,22.234747209004126,20260715_214837_front_fusion_ego_1533,speedsweep_slow,fusion_ego_1533,6339572,0,vehicle,0.4425170421600342,36.020796847085435,134.91660871411202,1.4015961227052234,-93.66357465902587,7.944350719451904,2.789731025695801,3.2224807739257812,20.746925960467276,422.55208333333337,216.66666666666669,394.3946406965455,194.827582637469,450.70952597012126,238.50575069586438,8.758423064136878e-05,0.9999969005584717,
2026-07-15T21:48:59.328,22.234747209004126,20260715_214837_front_fusion_ego_1533,speedsweep_slow,fusion_ego_1533,6339572,1,vehicle,0.3995573818683624,32.589031296261176,138.31399423200432,1.1207886928185806,104.27926952053764,6.040914535522461,2.117888927459717,2.485689163208008,17.207312285648218,484.8229166666667,235.55555555555557,457.81763955454034,216.37543115350937,511.82819377879304,254.73567995760177,0.0001035566529026255,0.9999998807907104,
2026-07-15T21:48:59.328,22.234747209004126,20260715_214837_front_fusion_ego_1533,speedsweep_slow,fusion_ego_1533,6339572,2,vehicle,0.289577454328537,45.080066801687295,131.6789417202545,1.0611567986175086,51.14354230832365,5.092459201812744,1.991308331489563,2.1267471313476562,30.20186680771088,341.3776041666667,225.55555555555557,326.1738085175554,215.08049312565063,356.58139981577796,236.0306179854605,0.15228672325611115,0.9990678429603577,
2026-07-15T21:48:59.328,22.234747209004126,20260715_214837_front_fusion_ego_1533,speedsweep_slow,fusion_ego_1533,6339572,3,vehicle,0.20908670127391815,22.116135750844943,128.13762626727032,0.7438235970335347,161.7667561374836,4.460796356201172,1.6057438850402832,1.6775310039520264,11.40093235289199,48.927083333333336,270.0,-6.834003279606502,233.49368691444397,104.68816994627318,306.50631308555603,0.8827109932899475,0.9954004883766174,
2026-07-15T21:48:59.464,22.371025130036287,20260715_214837_front_fusion_ego_1533,speedsweep_slow,fusion_ego_1533,6339573,0,vehicle,0.46796372532844543,32.73012808033912,138.3345846751527,1.104870660291541,104.37948373929198,6.039482116699219,2.1047279834747314,2.512281894683838,17.149282866289546,484.8229166666667,234.44444444444446,458.0589740375678,214.9610033300188,511.5868592957656,253.92788555887012,0.00035194435622543097,1.0,
2026-07-15T21:48:59.464,22.371025130036287,20260715_214837_front_fusion_ego_1533,speedsweep_slow,fusion_ego_1533,6339573,1,vehicle,0.3690713942050934,35.92078914737547,134.7416119770911,1.338198494670594,-68.6939283075512,7.578207492828369,2.6528663635253906,3.184966564178467,20.470635604989763,422.55208333333337,217.7777777777778,395.58410493036115,196.2129013405906,449.5200617363056,239.342654214965,9.761733963387087e-05,0.9999977350234985,
2026-07-15T21:48:59.464,22.371025130036287,20260715_214837_front_fusion_ego_1533,speedsweep_slow,fusion_ego_1533,6339573,2,vehicle,0.2179780900478363,45.233734669769674,131.41644927038206,0.9599768176005843,49.82754596609936,5.025750637054443,1.9325032234191895,2.1192264556884766,30.208329438623977,341.3776041666667,225.55555555555557,326.26898003617924,215.87780925962662,356.4862282971541,235.23330185148453,0.06817753612995148,0.9961762428283691,
2026-07-15T21:48:59.589,22.49591058306396,20260715_214837_front_fusion_ego_1533,speedsweep_slow,fusion_ego_1533,6339574,0,vehicle,0.684482753276825,33.02104269865852,137.76054300008408,0.9706083863256967,116.68128863321017,5.795970439910889,2.085712432861328,2.273491382598877,17.23214723560717,484.8229166666667,234.44444444444446,456.00774546215933,217.25534525182513,513.6380878711741,251.63354363706378,0.004184013698250055,0.9999998807907104,
2026-07-15T21:48:59.589,22.49591058306396,20260715_214837_front_fusion_ego_1533,speedsweep_slow,fusion_ego_1533,6339574,1,vehicle,0.36417829990386963,36.045148071479275,135.0964614327979,1.299215291485706,-115.34252454878609,7.581162452697754,2.6672439575195312,3.1591598987579346,20.36662948251742,422.55208333333337,216.66666666666669,397.1743171339234,194.2237476507823,447.92984953274333,239.10958568255109,0.0002519864938221872,0.9999964237213135,
2026-07-15T21:48:59.589,22.49591058306396,20260715_214837_front_fusion_ego_1533,speedsweep_slow,fusion_ego_1533,6339574,2,vehicle,0.2033591866493225,44.60572180817833,131.55102235683094,0.8845044917211915,39.5572049968297,4.904455184936523,1.9293763637542725,1.9872946739196777,29.384362459349777,341.3776041666667,225.55555555555557,325.56179822857183,216.25616792175506,357.19341010476154,234.85494318935608,0.030063284561038017,0.9978545308113098,
2026-07-15T21:48:59.718,22.625372369075194,20260715_214837_front_fusion_ego_1533,speedsweep_slow,fusion_ego_1533,6339575,0,vehicle,0.6869462132453918,33.9184864753142,137.89945880809216,1.1445108094136764,112.28887507738048,5.9004902839660645,2.1627869606018066,2.3812644481658936,17.952173419682318,484.8229166666667,234.44444444444446,458.02522258708876,216.30593266752032,511.6206107462446,252.5829562213686,0.0006048489012755454,0.9999996423721313,
2026-07-15T21:48:59.718,22.625372369075194,20260715_214837_front_fusion_ego_1533,speedsweep_slow,fusion_ego_1533,6339575,1,vehicle,0.29962578415870667,35.702866681668255,134.8808328220559,1.391331804214805,-52.372353092161184,7.696832656860352,2.743669271469116,3.3175065517425537,19.87643165518468,422.55208333333337,216.66666666666669,396.037322105219,193.60085288683575,449.06684456144774,239.73248044649762,0.0005177849670872092,0.9999797344207764,
2026-07-15T21:48:59.718,22.625372369075194,20260715_214837_front_fusion_ego_1533,speedsweep_slow,fusion_ego_1533,6339575,2,person,0.17183220386505127,41.144502722820874,120.03525011162388,0.9451625743485188,-53.050236450960234,1.2734041213989258,0.6920023560523987,2.018716812133789,30.544249700108754,217.94791666666669,226.66666666666669,213.54506755030405,216.22034589449567,222.35076578302932,237.1129874388377,0.8985986709594727,0.8056830167770386,
2026-07-15T21:48:59.718,22.625372369075194,20260715_214837_front_fusion_ego_1533,speedsweep_slow,fusion_ego_1533,6339575,3,vehicle,0.16755393147468567,47.64777506679489,131.4783143154748,0.8884786626851304,70.4717421690433,4.879516124725342,1.9269496202468872,2.119210958480835,32.212102858292,333.59375,225.55555555555557,318.6246826611459,215.88276955816482,348.5628173388541,235.22834155294632,0.014842906035482883,0.9842832088470459,
2026-07-15T21:48:59.844,22.750831700046547,20260715_214837_front_fusion_ego_1533,speedsweep_slow,fusion_ego_1533,6339576,0,vehicle,0.8694665431976318,34.88171762283308,138.4806213522711,1.187698576182553,107.58567440029911,6.227043628692627,2.243137836456299,2.608933210372925,18.737934029358872,484.8229166666667,234.44444444444446,459.66313189888996,215.88715043332843,509.9827014344434,253.00173845556048,0.0007818114827387035,0.9999998807907104,
2026-07-15T21:48:59.844,22.750831700046547,20260715_214837_front_fusion_ego_1533,speedsweep_slow,fusion_ego_1533,6339576,1,person,0.47160372138023376,34.35195618921992,146.62791923864543,0.9321490642847345,32.90048882290288,0.43484848737716675,0.45090416073799133,1.7310231924057007,20.41550237609544,572.6692708333334,235.55555555555557,567.9509375973915,224.33011922571396,577.3876040692752,246.78099188539719,0.9971223473548889,0.9789319634437561,
2026-07-15T21:48:59.844,22.750831700046547,20260715_214837_front_fusion_ego_1533,speedsweep_slow,fusion_ego_1533,6339576,2,vehicle,0.340999960899353,36.3457641214773,134.70266578771955,1.6169032445684104,-55.19952020894757,7.735511302947998,2.752392053604126,3.450737476348877,20.3359501629104,422.55208333333337,216.66666666666669,396.93191370119655,194.19479767481488,448.1722529654702,239.1385356585185,0.0001251067005796358,0.9999896287918091,
2026-07-15T21:48:59.844,22.750831700046547,20260715_214837_front_fusion_ego_1533,speedsweep_slow,fusion_ego_1533,6339576,3,person,0.27306661009788513,40.08537155944102,119.11983516458193,1.063407450275962,-164.08890593045936,1.3140496015548706,0.7446855902671814,2.002103567123413,30.059121878874336,217.94791666666669,226.66666666666669,213.27306319835287,215.16650329033536,222.6227701349805,238.16683004299801,0.8647196292877197,0.721082866191864,
2026-07-15T21:48:59.844,22.750831700046547,20260715_214837_front_fusion_ego_1533,speedsweep_slow,fusion_ego_1533,6339576,4,vehicle,0.23268665373325348,46.283371571100986,132.30447004255518,1.2160700849645076,-42.125417622710394,5.447807312011719,2.1009387969970703,2.30930757522583,30.52145550514996,341.3776041666667,225.55555555555557,326.1793823267023,215.0260728928778,356.5758260066311,236.08503821823334,0.04168285056948662,0.9998611211776733,
2026-07-15T21:48:59.977,22.88442906201817,20260715_214837_front_fusion_ego_1533,speedsweep_slow,fusion_ego_1533,6339577,0,vehicle,0.6485396027565002,34.89929057510274,138.62087113420873,1.0278215115063043,127.76696612097754,5.742894172668457,2.1018733978271484,2.1605145931243896,18.562693886389162,484.8229166666667,234.44444444444446,456.38685038189095,218.32080807950763,513.2589829514425,250.56808080938129,0.001558487769216299,0.9999995231628418,
2026-07-15T21:48:59.977,22.88442906201817,20260715_214837_front_fusion_ego_1533,speedsweep_slow,fusion_ego_1533,6339577,1,person,0.30384624004364014,33.679278498639256,146.95287880276237,0.7533721849367083,97.84913601831022,0.4978235960006714,0.4113335609436035,1.6821454763412476,19.798051264978955,573.78125,235.55555555555557,569.4414466461167,224.16975173685287,578.1210533538833,246.94135937425827,0.9996145963668823,0.9940544962882996,
2026-07-15T21:48:59.977,22.88442906201817,20260715_214837_front_fusion_ego_1533,speedsweep_slow,fusion_ego_1533,6339577,2,person,0.288597047328949,35.05047850238526,121.46059335748096,0.5965342012544088,-95.18748837519531,0.8423961997032166,0.5489143133163452,1.6244065761566162,24.523676175705447,217.94791666666669,234.44444444444446,212.71465469213825,222.6953184273508,223.18117864119512,246.19357046153812,0.8518214225769043,0.8972858786582947,
2026-07-15T21:48:59.977,22.88442906201817,20260715_214837_front_fusion_ego_1533,speedsweep_slow,fusion_ego_1533,6339577,3,vehicle,0.26643887162208557,47.27295101056388,131.79592755427882,0.913324156782477,63.8850271048573,5.10197114944458,2.005934476852417,2.0742762088775635,31.385693674879985,333.59375,225.55555555555557,316.9136330112815,216.60341117117142,350.2738669887185,234.50769993993973,0.012576982378959656,0.9867271780967712,
2026-07-15T21:48:59.977,22.88442906201817,20260715_214837_front_fusion_ego_1533,speedsweep_slow,fusion_ego_1533,6339577,4,vehicle,0.2560039460659027,36.56796642965172,135.29419809829102,1.300718303482964,-99.74120218844337,7.550549507141113,2.616886615753174,3.2154159545898438,20.285598478037585,422.55208333333337,216.66666666666669,395.7334811066588,195.24120072523755,449.3706855600079,238.09213260809582,0.00036816997453570366,0.9999946355819702,
2026-07-15T21:49:00.103,23.01005078200251,20260715_214837_front_fusion_ego_1533,speedsweep_slow,fusion_ego_1533,6339578,0,vehicle,0.7200481295585632,37.08501392524849,140.19734159393684,1.0570429121166836,126.88454003388749,6.076243877410889,2.1869845390319824,2.2819364070892334,20.70402468714455,484.8229166666667,234.44444444444446,458.19374282533926,219.6392908361223,511.4520905079941,249.2495980527666,0.002667277818545699,0.9999998807907104,
2026-07-15T21:49:00.103,23.01005078200251,20260715_214837_front_fusion_ego_1533,speedsweep_slow,fusion_ego_1533,6339578,1,vehicle,0.33226191997528076,37.126483988014655,135.36003378589785,1.4522997863049887,-55.740719530949825,7.397391319274902,2.6535749435424805,3.2429277896881104,20.63883195083062,422.55208333333337,217.7777777777778,396.4035089587172,197.06124471293558,448.7006577079495,238.49431084262002,0.00031010096427053213,0.9999898672103882,
2026-07-15T21:49:00.103,23.01005078200251,20260715_214837_front_fusion_ego_1533,speedsweep_slow,fusion_ego_1533,6339578,2,vehicle,0.2519371807575226,47.34993148661226,131.08458170021223,0.8756644904965503,47.96291914424432,5.039164066314697,1.9918675422668457,2.1096014976501465,31.403661841936767,333.59375,225.55555555555557,316.8734996765852,216.24324772093033,350.3140003234148,234.86786339018082,0.03323956951498985,0.9876388311386108,
2026-07-15T21:49:00.267,23.174297258025035,20260715_214837_front_fusion_ego_1533,speedsweep_slow,fusion_ego_1533,6339579,0,vehicle,0.8133354783058167,36.409464507401765,139.81906943702597,1.1478879669562143,134.1831347502179,6.217477321624756,2.2273621559143066,2.42095685005188,19.76339158307838,484.8229166666667,234.44444444444446,458.78058984751505,217.63663378026752,510.8652434858183,251.2522551086214,0.001577395829372108,0.9999998807907104,
2026-07-15T21:49:00.267,23.174297258025035,20260715_214837_front_fusion_ego_1533,speedsweep_slow,fusion_ego_1533,6339579,1,vehicle,0.40307989716529846,36.66542699043552,135.6487705653101,1.610850431276953,-19.57123617613781,7.738701343536377,2.769782543182373,3.3555028438568115,19.933716443268718,422.55208333333337,217.7777777777778,392.046590877076,194.60341142283548,453.0575757895907,240.95214413272012,7.47640515328385e-05,0.999997615814209,
2026-07-15T21:49:00.267,23.174297258025035,20260715_214837_front_fusion_ego_1533,speedsweep_slow,fusion_ego_1533,6339579,2,vehicle,0.3429928123950958,47.543801380130674,130.6848207626373,1.0215225508350874,43.005635670682864,5.097884178161621,2.0320231914520264,2.1602835655212402,31.457437657689876,333.59375,225.55555555555557,316.04769467562437,215.3833932015631,351.13980532437563,235.72771790954803,0.032651640474796295,0.9877095222473145,
2026-07-15T21:49:00.267,23.174297258025035,20260715_214837_front_fusion_ego_1533,speedsweep_slow,fusion_ego_1533,6339579,3,person,0.17049658298492432,41.6775565918533,120.05450871189068,1.0190506710320943,177.25060057752057,0.7507361769676208,0.5299385786056519,1.888658046722412,30.299130717461995,235.73958333333334,226.66666666666669,231.3540219332402,216.21280173460644,240.12514473342648,237.12053159872693,0.9992935657501221,0.6133624315261841,
2026-07-15T21:49:00.267,23.174297258025035,20260715_214837_front_fusion_ego_1533,speedsweep_slow,fusion_ego_1533,6339579,4,person,0.1546926200389862,30.46756362088287,122.08984847926723,0.9648529049024237,-125.90177207310465,0.9655458927154541,0.5956579446792603,1.9342234134674072,20.490179593049973,182.36458333333334,234.44444444444446,173.32435165097317,216.79616000917224,191.40481501569352,252.09272887971667,0.9983310103416443,0.9252104163169861,
2026-07-15T21:49:00.406,23.312686834018677,20260715_214837_front_fusion_ego_1533,speedsweep_slow,fusion_ego_1533,6339580,0,vehicle,0.687537670135498,36.909659717064145,140.1630021276701,1.169122089961745,125.4556639987114,6.100484371185303,2.2091293334960938,2.4647202491760254,20.04542291874775,484.8229166666667,235.55555555555557,457.8442551294963,218.3119073841307,511.8015782038371,252.79920372698044,0.0013944122474640608,0.9999998807907104,
2026-07-15T21:49:00.406,23.312686834018677,20260715_214837_front_fusion_ego_1533,speedsweep_slow,fusion_ego_1533,6339580,1,vehicle,0.31494179368019104,37.62154019154898,134.5854645338564,1.7663904098895507,2.3328707564119107,7.502307415008545,2.742088556289673,3.4368624687194824,20.74315390027578,422.55208333333337,217.7777777777778,393.7272088651856,196.13397286997903,451.3769578014811,239.42158268557657,0.0005989233031868935,0.9999614953994751,
2026-07-15T21:49:00.406,23.312686834018677,20260715_214837_front_fusion_ego_1533,speedsweep_slow,fusion_ego_1533,6339580,2,vehicle,0.3129881024360657,47.794867413765544,131.45906837158856,1.1845539828552916,22.78546199300045,5.221006393432617,2.072821855545044,2.2573282718658447,31.291704832441603,333.59375,225.55555555555557,316.7387738376856,214.87809631559585,350.4487261623144,236.2330147955153,0.04548928141593933,0.9943826198577881,
2026-07-15T21:49:00.406,23.312686834018677,20260715_214837_front_fusion_ego_1533,speedsweep_slow,fusion_ego_1533,6339580,3,person,0.16132329404354095,42.90147370788537,118.69095053725363,0.936040700028741,-170.53848363271462,0.7442602515220642,0.5117858648300171,1.9432274103164673,31.877230827042965,234.62760416666669,226.66666666666669,230.44137404828024,216.66952470938367,238.81383428505313,236.6638086239497,0.9959201812744141,0.5132843255996704,
2026-07-15T21:49:00.533,23.440322024049237,20260715_214837_front_fusion_ego_1533,speedsweep_slow,fusion_ego_1533,6339581,0,vehicle,0.5671051740646362,36.661431374578086,140.04546946051371,1.0725667890646644,122.45618476626522,6.192023754119873,2.196058988571167,2.4223837852478027,19.4853706892844,484.8229166666667,235.55555555555557,458.66450381899875,218.54875180456375,510.9813295143346,252.5623593065474,0.0012447775807231665,1.0,
2026-07-15T21:49:00.533,23.440322024049237,20260715_214837_front_fusion_ego_1533,speedsweep_slow,fusion_ego_1533,6339581,1,vehicle,0.4112612009048462,45.25392028492144,130.78472484661893,1.217237448267576,55.059304207095124,5.194122791290283,2.0360960960388184,2.2132349014282227,28.65237633619491,333.59375,225.55555555555557,316.849958922714,214.1853389475081,350.337541077286,236.92577216360306,0.09508063644170761,0.9962881803512573,
2026-07-15T21:49:00.533,23.440322024049237,20260715_214837_front_fusion_ego_1533,speedsweep_slow,fusion_ego_1533,6339581,2,vehicle,0.3036242425441742,38.611127854464364,134.99009647323172,1.6730074317924708,-34.502756661265465,7.694703578948975,2.7533531188964844,3.365421772003174,21.375635983547486,422.55208333333337,217.7777777777778,395.7068464433154,197.73128913508523,449.39732022335136,237.82426642047037,0.0003796083328779787,0.9999841451644897,
2026-07-15T21:49:00.533,23.440322024049237,20260715_214837_front_fusion_ego_1533,speedsweep_slow,fusion_ego_1533,6339581,3,person,0.10637085139751434,38.87067005919958,119.37695901920611,0.912826074283271,-146.82501420783075,1.1739979982376099,0.6717108488082886,1.6325451135635376,28.03743618570951,226.84375000000003,234.44444444444446,220.60428782086822,223.96120038297443,233.08321217913183,244.9276885059145,0.999840497970581,0.9974090456962585,
2026-07-15T21:49:00.658,23.563886390067637,20260715_214837_front_fusion_ego_1533,speedsweep_slow,fusion_ego_1533,6339582,0,vehicle,0.39427101612091064,46.192415070954745,131.34508541815057,1.258698149991564,54.3343756014977,5.231265068054199,2.081313371658325,2.210333824157715,29.112534615154054,333.59375,225.55555555555557,316.6100163012743,214.07951328489517,350.5774836987257,237.03159782621597,0.0650482177734375,0.996955156326294,
2026-07-15T21:49:00.658,23.563886390067637,20260715_214837_front_fusion_ego_1533,speedsweep_slow,fusion_ego_1533,6339582,1,vehicle,0.38721683621406555,38.14442607993246,139.45363217792558,1.0996083765068774,113.60594801183095,6.106388092041016,2.166788339614868,2.424705982208252,20.54531122578622,484.8229166666667,234.44444444444446,460.5541046547393,219.38888874318866,509.09172867859405,249.50000014570026,0.0018218038603663445,0.9999994039535522,
2026-07-15T21:49:00.658,23.563886390067637,20260715_214837_front_fusion_ego_1533,speedsweep_slow,fusion_ego_1533,6339582,2,vehicle,0.17781850695610046,37.785540500102066,135.06173011033792,1.7044347180553165,-23.120261528336833,7.67133903503418,2.7373147010803223,3.427936553955078,20.20777571301137,422.55208333333337,216.66666666666669,394.3522294809421,194.14128402868909,450.7519371857246,239.19204930464429,0.0002479885588400066,0.9999746084213257,
2026-07-15T21:49:00.778,23.68549141008407,20260715_214837_front_fusion_ego_1533,speedsweep_slow,fusion_ego_1533,6339583,0,vehicle,0.573874294757843,36.809404004673084,140.2932116031055,1.0512432932758693,111.50712455239963,6.044282913208008,2.1787917613983154,2.3177919387817383,18.949743019329357,484.8229166666667,235.55555555555557,456.8401582265894,218.79198524687027,512.805675106744,252.31912586424087,0.0005690735997632146,0.9999998807907104,
2026-07-15T21:49:00.778,23.68549141008407,20260715_214837_front_fusion_ego_1533,speedsweep_slow,fusion_ego_1533,6339583,1,vehicle,0.291984885931015,45.720343703350736,130.4453679810587,1.1312304350317723,-18.726715380472047,5.034078598022461,2.0023393630981445,2.168668746948242,28.485114992786677,332.48177083333337,225.55555555555557,316.40388610710704,213.80173209640716,348.5596555595597,237.30937901470398,0.25966015458106995,0.9969474673271179,
2026-07-15T21:49:00.778,23.68549141008407,20260715_214837_front_fusion_ego_1533,speedsweep_slow,fusion_ego_1533,6339583,2,vehicle,0.23970185220241547,39.43058900571921,134.29665205342002,1.7609642802493322,-7.253212800729509,7.392084121704102,2.711143970489502,3.392531156539917,21.559574450100804,422.55208333333337,216.66666666666669,395.3229885150989,196.44918541113537,449.7811781515678,236.884147922198,0.00015612966672051698,0.999683141708374,
2026-07-15T21:49:00.778,23.68549141008407,20260715_214837_front_fusion_ego_1533,speedsweep_slow,fusion_ego_1533,6339583,3,vehicle,0.23847906291484833,26.46766275949828,127.0399551845465,0.9809269079487213,163.84919772601404,4.343513488769531,1.7687522172927856,1.7401090860366821,13.30962539284074,57.82291666666667,262.22222222222223,7.250181029240291,235.49174381626977,108.39565230409305,288.9527006281747,0.9687252044677734,0.9972192049026489,
2026-07-15T21:49:00.778,23.68549141008407,20260715_214837_front_fusion_ego_1533,speedsweep_slow,fusion_ego_1533,6339583,4,person,0.09119933098554611,39.11752171628844,118.98575976988612,0.8672815183950608,-146.96165694948192,1.1166322231292725,0.6446844935417175,1.7134791612625122,27.93670462089877,217.94791666666669,234.44444444444446,212.00554137832177,223.87472417619495,223.8902919550116,245.01416471269397,0.9991438388824463,0.9950864911079407,
2026-07-15T21:49:00.916,23.822823835071176,20260715_214837_front_fusion_ego_1533,speedsweep_slow,fusion_ego_1533,6339584,0,vehicle,0.35697758197784424,38.79886639769549,140.30215272505865,1.2398344813459428,100.77313286497166,6.254703521728516,2.2635374069213867,2.5442302227020264,20.493142088118162,484.8229166666667,234.44444444444446,458.61557869116467,218.94453611638812,511.0302546421687,249.9443527725008,0.0004214806540403515,0.999996542930603,
2026-07-15T21:49:00.916,23.822823835071176,20260715_214837_front_fusion_ego_1533,speedsweep_slow,fusion_ego_1533,6339584,1,vehicle,0.1795252114534378,39.26695878829604,135.6658030684268,1.9046727686908782,23.044504487964005,7.084701061248779,2.616894483566284,3.454493999481201,20.823243618552524,430.33593750000006,216.66666666666669,405.8258307725191,194.77000276247662,454.84604422748095,238.56333057085675,0.0013806413626298308,0.999860405921936,
2026-07-15T21:49:00.916,23.822823835071176,20260715_214837_front_fusion_ego_1533,speedsweep_slow,fusion_ego_1533,6339584,2,vehicle,0.14449593424797058,46.13764078225465,131.31083503940732,1.2643829042896617,-6.366985636745107,5.152578353881836,2.022404909133911,2.284641742706299,28.279395271825116,332.48177083333337,225.55555555555557,315.8367987473806,213.6560219857428,349.12674291928613,237.45508912536835,0.15064452588558197,0.9948776960372925,
2026-07-15T21:49:01.050,23.957297599990852,20260715_214837_front_fusion_ego_1533,speedsweep_slow,fusion_ego_1533,6339585,0,vehicle,0.3565410375595093,39.94159996565341,141.06877138114746,1.2974070933027242,122.0009155243977,6.504644393920898,2.3258771896362305,2.604517698287964,21.275338868895293,492.60677083333337,234.44444444444446,464.8282676835855,216.2989839580324,520.3852739830812,252.5899049308565,0.009542902931571007,1.0,
2026-07-15T21:49:01.050,23.957297599990852,20260715_214837_front_fusion_ego_1533,speedsweep_slow,fusion_ego_1533,6339585,1,vehicle,0.3212101459503174,47.031562729937924,130.29881818609837,1.411421775842772,-8.906061331253888,5.543476104736328,2.140434741973877,2.4286983013153076,28.924209675346557,324.6979166666667,225.55555555555557,305.5395288790266,212.44018468591904,343.8563044543068,238.6709264251921,0.07115499675273895,0.998554527759552,
2026-07-15T21:49:01.050,23.957297599990852,20260715_214837_front_fusion_ego_1533,speedsweep_slow,fusion_ego_1533,6339585,2,vehicle,0.2734068036079407,39.36080725348106,134.7006619664242,1.7821365073839357,-24.249784660405705,7.791863441467285,2.824404716491699,3.3920323848724365,20.54953892732395,422.55208333333337,216.66666666666669,395.2644221608838,191.97008232275647,449.83974450578296,241.3632510105769,0.0010192960035055876,0.999983549118042,
2026-07-15T21:49:01.050,23.957297599990852,20260715_214837_front_fusion_ego_1533,speedsweep_slow,fusion_ego_1533,6339585,3,person,0.14641939103603363,33.58440233693631,147.73870023665435,1.085235900094748,65.55886370833407,0.4832881689071655,0.44637608528137207,1.7979905605316162,17.90055517069118,608.2526041666667,235.55555555555557,602.8869658155988,220.99246952268814,613.6182425177346,250.118641588423,0.9986018538475037,0.9688156843185425,
2026-07-15T21:49:01.196,24.102856306009926,20260715_214837_front_fusion_ego_1533,speedsweep_slow,fusion_ego_1533,6339586,0,vehicle,0.5168015956878662,38.725921854870904,141.79155485446137,1.3496281316698766,120.14900040064562,6.237114429473877,2.2888665199279785,2.538104772567749,19.712093648935607,492.60677083333337,235.55555555555557,460.973091048499,216.59043345186447,524.2404506181678,254.52067765924667,0.001981039997190237,1.0,
2026-07-15T21:49:01.196,24.102856306009926,20260715_214837_front_fusion_ego_1533,speedsweep_slow,fusion_ego_1533,6339586,1,person,0.34725522994995117,39.707904633713085,117.1295189925101,1.11815447935196,-128.90769452386135,0.5502950549125671,0.43700772523880005,1.951730489730835,28.612762338077584,199.04427083333334,235.55555555555557,193.96752886412045,223.52531972858642,204.12101280254623,247.58579138252472,0.9956996440887451,0.9876188039779663,
2026-07-15T21:49:01.196,24.102856306009926,20260715_214837_front_fusion_ego_1533,speedsweep_slow,fusion_ego_1533,6339586,2,vehicle,0.31333160400390625,46.0024540798744,130.99627909225185,1.3640980032403993,-40.20779690630811,5.072216987609863,1.9868617057800293,2.364698648452759,27.252875703098894,324.6979166666667,225.55555555555557,307.42526431630057,212.14562449190353,341.9705690170328,238.9654866192076,0.10391071438789368,0.9985906481742859,
2026-07-15T21:49:01.196,24.102856306009926,20260715_214837_front_fusion_ego_1533,speedsweep_slow,fusion_ego_1533,6339586,3,vehicle,0.28598809242248535,38.802877711860894,134.534991240792,1.8489090507860293,-15.474063767549781,7.8589863777160645,2.8323893547058105,3.5113377571105957,19.504585854361075,422.55208333333337,216.66666666666669,392.952455756565,189.8694799343745,452.15171091010177,243.46385339895886,0.0007887678220868111,0.9999445676803589,
2026-07-15T21:49:01.337,24.244450755999424,20260715_214837_front_fusion_ego_1533,speedsweep_slow,fusion_ego_1533,6339587,0,vehicle,0.5167983770370483,39.96253926295451,141.37459361507436,1.452390475382403,114.46280488152524,6.396602630615234,2.3817219734191895,2.671036958694458,20.264469508303613,492.60677083333337,235.55555555555557,463.28863970686996,216.88930306169723,521.9249019597968,254.2218080494139,0.006057904101908207,1.0,
2026-07-15T21:49:01.337,24.244450755999424,20260715_214837_front_fusion_ego_1533,speedsweep_slow,fusion_ego_1533,6339587,1,vehicle,0.3630950450897217,39.28206695244357,134.69962049027848,2.0295051766180747,16.881749572723642,7.919637680053711,2.88712215423584,3.559021234512329,19.386811312000674,422.55208333333337,216.66666666666669,392.50344598044956,189.98800853888196,452.6007206862172,243.34532479445141,0.0008083813590928912,0.9999516010284424,
2026-07-15T21:49:01.337,24.244450755999424,20260715_214837_front_fusion_ego_1533,speedsweep_slow,fusion_ego_1533,6339587,2,vehicle,0.28624626994132996,45.49739711006809,130.983614757725,1.3402269916601885,-59.166118581029,5.046685695648193,1.9910145998001099,2.358095169067383,26.20551913360812,323.5859375,225.55555555555557,305.7494968995452,212.00135115120148,341.4223781004548,239.10975995990967,0.03685932606458664,0.9990226030349731,
2026-07-15T21:49:01.337,24.244450755999424,20260715_214837_front_fusion_ego_1533,speedsweep_slow,fusion_ego_1533,6339587,3,person,0.20986928045749664,40.15561018314132,117.11486659413093,1.204186760435829,-117.43065068564849,0.7377765774726868,0.5836547017097473,1.7903083562850952,28.536256089107205,190.1484375,235.55555555555557,184.6518317339942,224.81133345100616,195.6450432660058,246.29977766010498,0.9851915836334229,0.9826723337173462,
2026-07-15T21:49:01.472,24.378793515032157,20260715_214837_front_fusion_ego_1533,speedsweep_slow,fusion_ego_1533,6339588,0,vehicle,0.41323330998420715,46.11051717654033,130.91618258641202,1.4923855616181427,-61.61375196194499,5.665034770965576,2.141860246658325,2.6273586750030518,26.196729742144964,323.5859375,225.55555555555557,303.8775066919625,210.80238226387237,343.2943683080375,240.30872884723877,0.008008682169020176,0.9993454813957214,
2026-07-15T21:49:01.472,24.378793515032157,20260715_214837_front_fusion_ego_1533,speedsweep_slow,fusion_ego_1533,6339588,1,vehicle,0.2102082222700119,40.39491654774004,141.0909267386833,1.5084687675104718,112.34297495124179,6.214678764343262,2.3186347484588623,2.6511073112487793,20.003324308597673,493.71875000000006,235.55555555555557,461.0796753019095,218.15199229452347,526.3578246980906,252.95911881658768,0.009921962395310402,0.9999997615814209,
2026-07-15T21:49:01.472,24.378793515032157,20260715_214837_front_fusion_ego_1533,speedsweep_slow,fusion_ego_1533,6339588,2,vehicle,0.19895395636558533,40.02183528461762,134.53637948159164,2.0564879254792743,-5.880609998354032,8.009876251220703,2.8993921279907227,3.624209403991699,19.50974823229275,422.55208333333337,217.7777777777778,391.99428233255946,190.38079904185403,453.1098843341073,245.17475651370157,0.00036518837441690266,0.999915599822998,
2026-07-15T21:49:01.598,24.505275655072182,20260715_214837_front_fusion_ego_1533,speedsweep_slow,fusion_ego_1533,6339589,0,vehicle,0.3444649875164032,45.18659429041069,131.5382797706837,1.594631719841168,-110.71389994948643,5.69681978225708,2.1614646911621094,2.58772611618042,24.466716087368603,315.80208333333337,225.55555555555557,293.50569985186064,210.87811532947754,338.0984668148061,240.2329957816336,0.0015596055891364813,0.9998989105224609,
2026-07-15T21:49:01.598,24.505275655072182,20260715_214837_front_fusion_ego_1533,speedsweep_slow,fusion_ego_1533,6339589,1,vehicle,0.28568997979164124,40.06367190156383,140.2149335577878,1.4724982566906208,28.46961317717376,6.204151153564453,2.2740962505340576,2.65493106842041,18.832794494462608,493.71875000000006,235.55555555555557,463.58533157408243,218.48495278093552,523.8521684259176,252.62615833017563,0.010455061681568623,0.9999996423721313,
2026-07-15T21:49:01.598,24.505275655072182,20260715_214837_front_fusion_ego_1533,speedsweep_slow,fusion_ego_1533,6339589,2,vehicle,0.255425363779068,40.41879918881874,134.6374396348504,2.1336321020058016,36.35796082097847,7.820774555206299,2.8697574138641357,3.640052080154419,19.19290372150992,422.55208333333337,217.7777777777778,392.3157116894921,190.11218832598794,452.78845497717464,245.44336722956766,0.0003819842531811446,0.9998056292533875,
2026-07-15T21:49:01.732,24.639050401048735,20260715_214837_front_fusion_ego_1533,speedsweep_slow,fusion_ego_1533,6339590,0,vehicle,0.4376051127910614,39.21712362453759,139.79902507895588,1.3194672871486033,49.23063044362738,6.094284534454346,2.2812693119049072,2.510270595550537,17.22004417663983,493.71875000000006,235.55555555555557,463.8563516810537,217.50205728742813,523.5811483189464,253.609053823683,0.003673418192192912,0.9999997615814209,
2026-07-15T21:49:01.732,24.639050401048735,20260715_214837_front_fusion_ego_1533,speedsweep_slow,fusion_ego_1533,6339590,1,vehicle,0.34006235003471375,39.90172070393493,134.2652486114305,1.7558152518349683,3.75936406818403,7.155725479125977,2.6262664794921875,3.3009355068206787,18.023600928428863,422.55208333333337,216.66666666666669,394.88635755827033,189.3099908034007,450.2178091083964,244.02334252993268,0.001446794718503952,0.9998980760574341,
2026-07-15T21:49:01.732,24.639050401048735,20260715_214837_front_fusion_ego_1533,speedsweep_slow,fusion_ego_1533,6339590,2,vehicle,0.3015126883983612,44.95084305102381,131.32010474041323,1.3014983153794502,-79.48185576544346,5.437388896942139,2.1292643547058105,2.3323516845703125,23.59777998220892,314.6901041666667,225.55555555555557,292.35048230613273,211.43018368217682,337.02972602720064,239.68092742893433,0.004724524449557066,0.9981516003608704,
2026-07-15T21:49:01.865,24.77227128704544,20260715_214837_front_fusion_ego_1533,speedsweep_slow,fusion_ego_1533,6339591,0,vehicle,0.38472259044647217,47.61275989605395,130.76857839042896,1.3146286123932807,-53.20441813686927,6.754151344299316,2.4313745498657227,3.1571176052093506,25.670739720079943,314.6901041666667,217.7777777777778,293.3385083774726,199.97479961978067,336.0416999558608,235.58075593577493,0.003916406072676182,0.9999397993087769,
2026-07-15T21:49:01.865,24.77227128704544,20260715_214837_front_fusion_ego_1533,speedsweep_slow,fusion_ego_1533,6339591,1,vehicle,0.3058132827281952,38.69343608898117,139.9363614105198,1.0476060426330327,146.52544184289457,5.750631332397461,2.1333320140838623,2.3681061267852783,16.066300943135225,501.5026041666667,234.44444444444446,468.31724845121306,214.70285501745013,534.6879598821204,254.18603387143878,0.016325434669852257,0.9999997615814209,
2026-07-15T21:49:01.865,24.77227128704544,20260715_214837_front_fusion_ego_1533,speedsweep_slow,fusion_ego_1533,6339591,2,vehicle,0.27338528633117676,40.347883717512815,135.1587785752414,1.5436422843306012,-27.135190204334307,7.168647289276123,2.570219039916992,3.271789312362671,17.66954839140474,430.33593750000006,216.66666666666669,401.5700334236026,191.76038364569348,459.1018415763975,241.5729496876399,0.0023495471104979515,0.999990701675415,
2026-07-15T21:49:01.993,24.900535681983456,20260715_214837_front_fusion_ego_1533,speedsweep_slow,fusion_ego_1533,6339592,0,vehicle,0.4423016905784607,38.54639931683927,139.3576693717217,1.1381897998560093,150.64414433044104,5.946777820587158,2.2109522819519043,2.410691499710083,15.25309028792374,501.5026041666667,234.44444444444446,469.21073133001727,213.59285500314502,533.7944770033162,255.2960338857439,0.0017988698091357946,0.9999997615814209,
2026-07-15T21:49:01.993,24.900535681983456,20260715_214837_front_fusion_ego_1533,speedsweep_slow,fusion_ego_1533,6339592,1,vehicle,0.38751670718193054,44.524895812125735,145.44499058027546,0.9792190131768035,89.27362898615257,5.836289882659912,2.159700870513916,2.3243460655212402,22.574585449528616,538.1979166666667,234.44444444444446,513.0790335411828,220.89177247550754,563.3167997921507,247.99711641338138,0.018958378583192825,0.9991024732589722,
2026-07-15T21:49:01.993,24.900535681983456,20260715_214837_front_fusion_ego_1533,speedsweep_slow,fusion_ego_1533,6339592,2,vehicle,0.2958579361438751,40.82463102359242,135.90396942304469,1.3670048095943295,-48.47342570819117,7.3815507888793945,2.5832252502441406,3.2835400104522705,17.478276596118178,430.33593750000006,216.66666666666669,402.32192818820477,191.25250558058423,458.3499468117953,242.08082775274914,0.0015667119296267629,0.9999984502792358,
2026-07-15T21:49:01.993,24.900535681983456,20260715_214837_front_fusion_ego_1533,speedsweep_slow,fusion_ego_1533,6339592,3,vehicle,0.19975103437900543,48.63117531464742,131.22417748975067,1.3113973955981741,-95.56699502463904,6.490319728851318,2.4137210845947266,3.044057607650757,25.97522010226936,306.90625,217.7777777777778,275.4018399566412,203.05072383748163,338.4106600433588,232.50483171807397,0.0018638498149812222,0.9999253749847412,
2026-07-15T21:49:02.121,25.027762686018832,20260715_214837_front_fusion_ego_1533,speedsweep_slow,fusion_ego_1533,6339593,0,vehicle,0.3844899535179138,48.62803730241707,132.14866151933992,1.2035675732043103,-102.06172348327098,6.75762414932251,2.4707133769989014,3.0900845527648926,25.267458496728292,305.79427083333337,217.7777777777778,278.45896822710836,203.0242486463653,333.1295734395584,232.5313069091903,0.02332467958331108,0.9999934434890747,
2026-07-15T21:49:02.121,25.027762686018832,20260715_214837_front_fusion_ego_1533,speedsweep_slow,fusion_ego_1533,6339593,1,vehicle,0.30711600184440613,39.82765641413236,139.94083869394723,0.9992330910881411,-131.94559272166086,5.888458728790283,2.1828856468200684,2.3902485370635986,16.09812648526747,502.61458333333337,235.55555555555557,470.9105310266217,215.8067223760817,534.318635640045,255.30438873502945,0.0007235007360577583,0.9999997615814209,
2026-07-15T21:49:02.121,25.027762686018832,20260715_214837_front_fusion_ego_1533,speedsweep_slow,fusion_ego_1533,6339593,2,vehicle,0.18993695080280304,41.034355722382486,134.70629651118995,1.3704349994133382,-11.360894772598042,7.590578079223633,2.679373264312744,3.2424376010894775,17.327687105836254,422.55208333333337,216.66666666666669,393.479788367947,187.9341534773509,451.62437829871976,245.39917985598248,0.003283359110355377,0.9999247789382935,
2026-07-15T21:49:02.121,25.027762686018832,20260715_214837_front_fusion_ego_1533,speedsweep_slow,fusion_ego_1533,6339593,3,vehicle,0.15601947903633118,45.22987082411085,146.71770144513997,1.1026197887102633,172.29663390659147,5.901519298553467,2.19871187210083,2.3686132431030273,23.2262687157673,545.9817708333334,234.44444444444446,519.11274026831,221.33858379390506,572.8508013983568,247.55030509498386,0.12306741625070572,0.9993714690208435,
2026-07-15T21:49:02.249,25.15626695402898,20260715_214837_front_fusion_ego_1533,speedsweep_slow,fusion_ego_1533,6339594,0,vehicle,0.3646796941757202,49.1058068861895,131.61601521317596,1.3564202338133349,-127.72817646945418,7.180910110473633,2.6147990226745605,3.3138375282287598,25.42144208453603,305.79427083333337,217.7777777777778,276.10573591043556,201.70362459288705,335.4828057562312,233.85193096266855,0.002298306440934539,0.9999902248382568,
2026-07-15T21:49:02.249,25.15626695402898,20260715_214837_front_fusion_ego_1533,speedsweep_slow,fusion_ego_1533,6339594,1,vehicle,0.28292399644851685,45.94254332141273,147.8920988188218,1.0891089037366086,116.79050252249102,5.794412612915039,2.1621146202087402,2.361224889755249,23.96037594971918,547.09375,234.44444444444446,516.2181527987123,221.3376781013277,577.9693472012877,247.55121078756122,0.00388764007948339,0.9990943670272827,
2026-07-15T21:49:02.249,25.15626695402898,20260715_214837_front_fusion_ego_1533,speedsweep_slow,fusion_ego_1533,6339594,2,vehicle,0.21448306739330292,39.3855144738982,140.3503710663905,0.9875205385496315,90.41945714835815,5.712898254394531,2.135524034500122,2.335451126098633,15.29804530486833,501.5026041666667,235.55555555555557,467.78130697707337,216.36249038908218,535.2239013562601,254.74862072202896,0.0016843185294419527,0.9999995231628418,
2026-07-15T21:49:02.249,25.15626695402898,20260715_214837_front_fusion_ego_1533,speedsweep_slow,fusion_ego_1533,6339594,3,vehicle,0.15055280923843384,40.600022465611715,134.99394855262645,1.3612186088224654,17.37489723700241,7.276739120483398,2.553161382675171,3.34806489944458,16.420001782410566,430.33593750000006,216.66666666666669,400.04631243646145,189.48942879835766,460.6255625635386,243.8439045349757,0.0015019222628325224,0.9999899864196777,
2026-07-15T21:49:02.396,25.303133441018872,20260715_214837_front_fusion_ego_1533,speedsweep_slow,fusion_ego_1533,6339595,0,vehicle,0.4625680148601532,48.311433022779525,134.79796776958344,1.3052141626395164,-144.28187900029482,7.171104907989502,2.6078433990478516,3.25789213180542,23.72425008177298,305.79427083333337,217.7777777777778,276.80247796078527,198.99563060866464,334.7860637058815,236.55992494689096,0.0029746731743216515,0.9999985694885254,
2026-07-15T21:49:02.396,25.303133441018872,20260715_214837_front_fusion_ego_1533,speedsweep_slow,fusion_ego_1533,6339595,1,vehicle,0.2943041920661926,43.29477787201259,134.0287706311478,1.5335502515099098,15.883289114095259,7.286105632781982,2.626150608062744,3.3052403926849365,18.872914538886466,422.55208333333337,216.66666666666669,396.48433873554075,191.94591740767163,448.619827931126,241.38741592566174,0.0015334811760112643,0.9999507665634155,
2026-07-15T21:49:02.396,25.303133441018872,20260715_214837_front_fusion_ego_1533,speedsweep_slow,fusion_ego_1533,6339595,2,vehicle,0.2702241837978363,39.63271991358374,140.44543448151512,1.0519300937689735,124.25757756367611,5.57737398147583,2.0810000896453857,2.254153251647949,15.191558730443221,501.5026041666667,235.55555555555557,472.5842665905754,218.2193997833464,530.420941742758,252.89171132776474,0.018294669687747955,1.0,
2026-07-15T21:49:02.396,25.303133441018872,20260715_214837_front_fusion_ego_1533,speedsweep_slow,fusion_ego_1533,6339595,3,vehicle,0.19272564351558685,46.28205906921758,147.66005115472706,0.9404554703874171,134.4193410035736,5.621798038482666,2.098949670791626,2.350733518600464,23.832405254169437,554.8776041666667,234.44444444444446,526.7291839743655,221.54001858499316,583.026024358968,247.34887030389575,0.21532103419303894,0.9997290968894958,
2026-07-15T21:49:02.396,25.303133441018872,20260715_214837_front_fusion_ego_1533,speedsweep_slow,fusion_ego_1533,6339595,4,person,0.14069563150405884,37.52187721758981,115.95471450720079,0.9742479843614777,-27.126485289734195,0.5386497974395752,0.5878187417984009,1.4822227954864502,25.040976429388497,57.82291666666667,244.44444444444446,46.15425458985071,228.7849893834856,69.49157874348263,260.1038995054033,0.9346310496330261,0.5737958550453186,
2026-07-15T21:49:02.396,25.303133441018872,20260715_214837_front_fusion_ego_1533,speedsweep_slow,fusion_ego_1533,6339595,5,person,0.12293101847171783,44.0994805816311,150.31468353968654,0.9510370664668415,46.290731171904746,0.8244979977607727,0.5307855606079102,1.9329609870910645,23.233408947335576,644.9479166666667,226.66666666666669,639.6026229575898,214.84012762705487,650.2932103757437,238.4932057062785,0.9994422793388367,0.9169479012489319,
2026-07-15T21:49:02.524,25.43077200499829,20260715_214837_front_fusion_ego_1533,speedsweep_slow,fusion_ego_1533,6339596,0,vehicle,0.3604292571544647,49.035691797117735,135.46412315267693,1.2958229271959756,-157.27937224813746,7.3935065269470215,2.644542694091797,3.2540810108184814,24.07929125807086,305.79427083333337,217.7777777777778,275.0695705165466,199.6862010823356,336.51897115012014,235.86935447322,0.0027381055988371372,0.9999887943267822,
2026-07-15T21:49:02.524,25.43077200499829,20260715_214837_front_fusion_ego_1533,speedsweep_slow,fusion_ego_1533,6339596,1,vehicle,0.20171119272708893,46.706085050867856,148.61588605683048,0.9974507876617613,95.4888878373403,5.910736083984375,2.213181495666504,2.514817714691162,24.360745355019773,554.8776041666667,235.55555555555557,522.3921814436715,221.85425702068542,587.363026889662,249.25685409042572,0.002476778347045183,0.9991777539253235,
2026-07-15T21:49:02.524,25.43077200499829,20260715_214837_front_fusion_ego_1533,speedsweep_slow,fusion_ego_1533,6339596,2,vehicle,0.17695209383964539,42.040058732051925,133.9923532428358,1.458817342654214,-43.906931512721954,7.14203405380249,2.5585081577301025,3.263651132583618,17.353078537582583,422.55208333333337,216.66666666666669,395.6227780034145,192.33295838038129,449.48138866325223,241.0003749529521,0.007234490010887384,0.9999001026153564,
2026-07-15T21:49:02.524,25.43077200499829,20260715_214837_front_fusion_ego_1533,speedsweep_slow,fusion_ego_1533,6339596,3,vehicle,0.15344968438148499,40.09774453265348,139.4202488899611,1.0931235918228568,120.88697568273655,5.711198329925537,2.1083858013153076,2.424138307571411,15.184842878764423,501.5026041666667,235.55555555555557,472.21594979117316,215.98673972818588,530.7892585421603,255.12437138292526,0.0008944855653680861,0.9999995231628418,
2026-07-15T21:49:02.662,25.568816518061794,20260715_214837_front_fusion_ego_1533,speedsweep_slow,fusion_ego_1533,6339597,0,vehicle,0.2499142289161682,40.15652325490148,139.1492340766853,1.1151876284088866,63.90514014668905,6.003500938415527,2.195262908935547,2.452138900756836,14.978566891150859,501.5026041666667,235.55555555555557,470.7336346978943,215.56054923269485,532.2715736354392,255.5505618784163,0.0006266126874834299,0.9999996423721313,
2026-07-15T21:49:02.662,25.568816518061794,20260715_214837_front_fusion_ego_1533,speedsweep_slow,fusion_ego_1533,6339597,1,vehicle,0.17379745841026306,49.4999706674545,130.93291764846217,1.4120978282772865,-169.13073230655374,7.129251480102539,2.598602294921875,3.2966561317443848,25.096529115477434,298.0104166666667,217.7777777777778,267.3681177372734,201.52397559748758,328.65271559606,234.03157995806802,0.006375633645802736,0.9999709129333496,
2026-07-15T21:49:02.662,25.568816518061794,20260715_214837_front_fusion_ego_1533,speedsweep_slow,fusion_ego_1533,6339597,2,vehicle,0.1160031110048294,46.436425026771396,149.73355621755704,1.124855292951326,76.24828242658405,5.821422576904297,2.17073917388916,2.6518912315368652,24.450631277238738,555.9895833333334,234.44444444444446,523.8781752934059,219.98597618606357,588.1009913732609,248.90291270282535,0.0008030070457607508,0.9966302514076233,
2026-07-15T21:49:02.662,25.568816518061794,20260715_214837_front_fusion_ego_1533,speedsweep_slow,fusion_ego_1533,6339597,3,vehicle,0.09774889051914215,43.64577483513768,134.33546205518573,1.421040733010262,-47.21559104004464,7.583082675933838,2.67806077003479,3.221909284591675,18.639455972827356,422.55208333333337,216.66666666666669,397.2112499823173,191.91298345724744,447.8929166843494,241.42034987608594,0.002660216763615608,0.9998438358306885,
2026-07-15T21:49:02.793,25.69978326407727,20260715_214837_front_fusion_ego_1533,speedsweep_slow,fusion_ego_1533,6339598,0,vehicle,0.26327386498451233,39.617097937837734,138.6043422573726,1.0703953165249906,-154.98606038423569,5.762676239013672,2.1192545890808105,2.361884117126465,14.228001145584422,501.5026041666667,234.44444444444446,469.64280652503174,214.13670149114398,533.3624018083017,254.75218739774493,0.005230411421507597,0.9999992847442627,
2026-07-15T21:49:02.793,25.69978326407727,20260715_214837_front_fusion_ego_1533,speedsweep_slow,fusion_ego_1533,6339598,1,vehicle,0.22653990983963013,49.67148057381474,131.97184936242087,1.4046654763845101,-176.32695444172717,7.393167495727539,2.69297194480896,3.4207003116607666,24.853228320295962,298.0104166666667,217.7777777777778,265.694855141143,198.82275687323678,330.32597819219035,236.73279868231882,0.0014190591173246503,0.9999915361404419,
2026-07-15T21:49:02.793,25.69978326407727,20260715_214837_front_fusion_ego_1533,speedsweep_slow,fusion_ego_1533,6339598,2,person,0.16495169699192047,36.536597767232365,118.20109520537753,0.9629519188743316,175.8575968470712,0.5309324264526367,0.5626155138015747,1.518668532371521,22.2628771892562,22.239583333333336,244.44444444444446,8.439242285986742,227.22093072202472,36.03992438067993,261.6679581668642,0.8849586248397827,0.3552538752555847,
2026-07-15T21:49:02.793,25.69978326407727,20260715_214837_front_fusion_ego_1533,speedsweep_slow,fusion_ego_1533,6339598,3,vehicle,0.12129167467355728,44.70826303757076,148.0142594376928,0.9550227859536786,126.49252513932974,5.137388229370117,1.9713103771209717,2.2120590209960938,21.96111661648802,563.7734375,234.44444444444446,532.8371519520879,219.92490049865512,594.7097230479121,248.9639883902338,0.019549140706658363,0.9986637830734253,
2026-07-15T21:49:02.793,25.69978326407727,20260715_214837_front_fusion_ego_1533,speedsweep_slow,fusion_ego_1533,6339598,4,vehicle,0.08374180644750595,43.84627771913122,134.74012837621177,1.509766183795402,-37.81802603885512,7.147107124328613,2.52858304977417,3.343109369277954,18.61144922639249,422.55208333333337,216.66666666666669,400.48088874047005,194.25198952356976,444.6232779261967,239.0813438097636,0.002034098608419299,0.9982352256774902,
2026-07-15T21:49:02.937,25.844294526032172,20260715_214837_front_fusion_ego_1533,speedsweep_slow,fusion_ego_1533,6339599,0,vehicle,0.3409748673439026,45.32590759488896,133.74473572952007,1.2569427924064875,-90.93273430332754,5.8507585525512695,2.2056498527526855,2.5978291034698486,20.103447869851937,298.0104166666667,225.55555555555557,270.47242401788634,208.6046114895079,325.54840931544703,242.50649962160324,0.005599068943411112,0.9999897480010986,
2026-07-15T21:49:02.937,25.844294526032172,20260715_214837_front_fusion_ego_1533,speedsweep_slow,fusion_ego_1533,6339599,1,vehicle,0.22933699190616608,42.071748442818404,140.0227873017587,1.1528554701247407,170.9013036823478,5.692286491394043,2.1469204425811768,2.433610439300537,16.691071141011598,501.5026041666667,235.55555555555557,471.89327014485997,217.15513322088455,531.1119381884735,253.9559778902266,0.0020163983572274446,0.9999951124191284,
2026-07-15T21:49:02.937,25.844294526032172,20260715_214837_front_fusion_ego_1533,speedsweep_slow,fusion_ego_1533,6339599,2,vehicle,0.1342637538909912,44.28015167602147,147.2623830046585,1.069649935586657,-112.21717939894643,5.482016563415527,2.1076929569244385,2.3682587146759033,21.104333626295094,563.7734375,235.55555555555557,530.9448851048946,219.37245640489792,596.6019898951054,251.73865470621323,0.029418528079986572,0.9996063113212585,
2026-07-15T21:49:02.937,25.844294526032172,20260715_214837_front_fusion_ego_1533,speedsweep_slow,fusion_ego_1533,6339599,3,vehicle,0.11057226359844208,42.17635428946068,136.3842510973121,1.4047941472185528,-155.91032104758344,5.878079891204834,2.2195565700531006,2.757136344909668,16.636636037936256,421.4401041666667,234.44444444444446,395.11516422654194,211.08283665445117,447.76504410679144,257.80605223443774,0.040133532136678696,0.9996886253356934,
2026-07-15T21:49:02.937,25.844294526032172,20260715_214837_front_fusion_ego_1533,speedsweep_slow,fusion_ego_1533,6339599,4,vehicle,0.08362451940774918,46.261224008064225,148.46969044299001,1.0747964231399507,10.693766023066342,5.5776686668396,2.091407060623169,2.5062761306762695,23.419149210099853,545.9817708333334,235.55555555555557,516.223846440514,221.65827963087295,575.7396952261528,249.4528314802382,0.02432350441813469,0.9673746824264526,
2026-07-15T21:49:02.937,25.844294526032172,20260715_214837_front_fusion_ego_1533,speedsweep_slow,fusion_ego_1533,6339599,5,vehicle,0.07007114589214325,42.89802582773089,134.92267866525316,1.746374071661898,-35.66014087492861,6.893550872802734,2.4865400791168213,3.362022638320923,17.51213588064795,422.55208333333337,217.7777777777778,398.2806021285554,195.18388258086313,446.8235645381113,240.37167297469247,0.0019324410241097212,0.9998055100440979,
2026-07-15T21:49:03.077,25.98371716903057,20260715_214837_front_fusion_ego_1533,speedsweep_slow,fusion_ego_1533,6339600,0,vehicle,0.5383318662643433,46.11450535472349,131.12925676663545,1.4867614567182192,-91.47539139435459,6.494425296783447,2.408712863922119,2.9928345680236816,21.34337471474671,298.0104166666667,225.55555555555557,262.63078718135756,204.41311452123855,333.3900461519758,246.6979965898726,0.0002462077245581895,0.9999921321868896,
2026-07-15T21:49:03.077,25.98371716903057,20260715_214837_front_fusion_ego_1533,speedsweep_slow,fusion_ego_1533,6339600,1,person,0.3902987837791443,36.09358547908106,118.75576118974993,1.2053137200830797,-37.11600677699073,0.3974720239639282,0.3732494115829468,1.8493376970291138,21.41325326739652,12.231770833333334,253.33333333333334,0.86984323648115,228.13733418782553,23.59369843018552,278.5293324788412,0.9962210059165955,0.9910707473754883,
2026-07-15T21:49:03.077,25.98371716903057,20260715_214837_front_fusion_ego_1533,speedsweep_slow,fusion_ego_1533,6339600,2,vehicle,0.26582419872283936,40.53625881738416,145.61682515509884,1.01566201696816,128.69246831684248,5.019063949584961,1.8966649770736694,1.9679964780807495,16.881856590801732,563.7734375,243.33333333333334,527.6864878162742,226.58641239007315,599.8603871837258,260.08025427659356,0.1490367352962494,0.999872088432312,
2026-07-15T21:49:03.077,25.98371716903057,20260715_214837_front_fusion_ego_1533,speedsweep_slow,fusion_ego_1533,6339600,3,vehicle,0.25322404503822327,42.26203553260076,134.6947588618529,1.8325027711395232,-2.728910530278047,7.19971227645874,2.6362860202789307,3.392876386642456,16.757124930559396,422.55208333333337,216.66666666666669,393.5180096824964,186.2271277109782,451.5861569841703,247.10620562235516,0.0026090082246810198,0.9999589920043945,
2026-07-15T21:49:03.077,25.98371716903057,20260715_214837_front_fusion_ego_1533,speedsweep_slow,fusion_ego_1533,6339600,4,vehicle,0.21023234724998474,43.04533706280759,140.22733983649232,1.16528754682072,-127.65141212177437,5.476642608642578,2.0433847904205322,1.9785163402557373,17.519430867281446,493.71875000000006,243.33333333333334,464.24251612275845,227.24989970525107,523.1949838772416,259.41676696141565,0.05861346423625946,0.9999834299087524,
2026-07-15T21:49:03.077,25.98371716903057,20260715_214837_front_fusion_ego_1533,speedsweep_slow,fusion_ego_1533,6339600,5,person,0.1985592544078827,36.405959515882685,119.90370365602254,1.1162362652324394,177.3909714903427,0.2436445653438568,0.39380452036857605,1.9970486164093018,20.577772901299575,1.1119791666666667,253.33333333333334,-5.888212916751703,229.41973944505057,8.112171250085037,277.24692722161615,0.9998644590377808,0.616817057132721,
2026-07-15T21:49:03.221,26.128604667028412,20260715_214837_front_fusion_ego_1533,speedsweep_slow,fusion_ego_1533,6339601,0,vehicle,0.26184800267219543,47.73853897590657,129.44095445033682,1.8366030616928875,-112.48783494779727,6.402218818664551,2.4066483974456787,2.9232723712921143,23.229980108736736,289.11458333333337,226.66666666666669,255.33764349420866,209.14438883463544,322.89152317245805,244.18894449869794,0.0001314570545218885,0.9999315738677979,
2026-07-15T21:49:03.221,26.128604667028412,20260715_214837_front_fusion_ego_1533,speedsweep_slow,fusion_ego_1533,6339601,1,vehicle,0.2517905831336975,47.091304682145406,130.80922119804887,1.6398179177579202,19.919531721046877,6.472964763641357,2.41113543510437,3.0024280548095703,22.171773246370044,299.12239583333337,225.55555555555557,265.08354422946775,206.13142523500656,333.161247437199,244.97968587610458,0.000174651388078928,0.9999257326126099,
2026-07-15T21:49:03.221,26.128604667028412,20260715_214837_front_fusion_ego_1533,speedsweep_slow,fusion_ego_1533,6339601,2,vehicle,0.22208191454410553,44.731629611026705,142.0513258129033,1.3328416690480456,128.41220024995422,5.66072940826416,2.10514760017395,2.4228668212890625,19.3218236062372,501.5026041666667,235.55555555555557,474.2822231973211,218.88765427801346,528.7229851360123,252.22345683309769,0.08204251527786255,0.999909520149231,
2026-07-15T21:49:03.221,26.128604667028412,20260715_214837_front_fusion_ego_1533,speedsweep_slow,fusion_ego_1533,6339601,3,vehicle,0.21032282710075378,42.71378507756527,134.56059918768423,1.8925697316953798,-35.81759278347579,7.244744777679443,2.6577842235565186,3.3786468505859375,17.019426133389494,422.55208333333337,217.7777777777778,394.24973756571615,188.63016949759592,450.8544291009506,246.92538605795968,0.003090948099270463,0.9999631643295288,
2026-07-15T21:49:03.221,26.128604667028412,20260715_214837_front_fusion_ego_1533,speedsweep_slow,fusion_ego_1533,6339601,4,vehicle,0.18603549897670746,41.710574016822434,146.77522649257287,1.0240377897848276,125.82934189522416,4.945734024047852,1.8982473611831665,1.9759886264801025,18.28997859508596,564.8854166666667,243.33333333333334,528.6804943854611,227.58541186650595,601.0903389478724,259.08125480016076,0.067292720079422,0.9993809461593628,
2026-07-15T21:49:03.375,26.282366494997405,20260715_214837_front_fusion_ego_1533,speedsweep_slow,fusion_ego_1533,6339602,0,vehicle,0.310152143239975,47.280365385034855,130.6487167703207,1.547013545981681,-130.67531258665727,6.35389518737793,2.3644626140594482,2.821303129196167,22.196813023958548,289.11458333333337,225.55555555555557,253.96840164562067,207.84322533342575,324.26076502104604,243.2678857776854,0.00013956977636553347,0.9999009370803833,
2026-07-15T21:49:03.375,26.282366494997405,20260715_214837_front_fusion_ego_1533,speedsweep_slow,fusion_ego_1533,6339602,1,vehicle,0.2236805111169815,43.934353463059466,141.4283939179864,1.3325724084162012,83.60466421089251,6.1095709800720215,2.276059627532959,2.6400034427642822,18.194073696238558,493.71875000000006,235.55555555555557,468.3727484680713,216.52129504415726,519.0647515319288,254.5898160669539,0.0019062926294282079,0.9999853372573853,
2026-07-15T21:49:03.375,26.282366494997405,20260715_214837_front_fusion_ego_1533,speedsweep_slow,fusion_ego_1533,6339602,2,vehicle,0.21687765419483185,42.97692153648993,134.79475613413248,1.8759669968744475,0.34705186641288355,7.348107814788818,2.6774725914001465,3.4977645874023438,17.028277880006495,422.55208333333337,217.7777777777778,392.0520597000917,189.01833699809183,453.052106966575,246.53721855746377,0.00046843834570609033,0.9999710321426392,
2026-07-15T21:49:03.375,26.282366494997405,20260715_214837_front_fusion_ego_1533,speedsweep_slow,fusion_ego_1533,6339602,3,vehicle,0.2003609985113144,48.8439916889616,130.75144874269208,1.49801357748124,67.68474916237348,6.150567531585693,2.1871206760406494,3.068568706512451,23.659375105040617,305.79427083333337,225.55555555555557,279.4314420347413,205.83979222509598,332.15709963192546,245.27131888601517,0.0001592800981597975,0.9999507665634155,
2026-07-15T21:49:03.375,26.282366494997405,20260715_214837_front_fusion_ego_1533,speedsweep_slow,fusion_ego_1533,6339602,4,vehicle,0.1525621861219406,40.53382888177732,145.49540065387015,0.8703273559247453,177.65955953932766,4.764779090881348,1.7864388227462769,1.9509692192077637,16.450365382826757,563.7734375,243.33333333333334,526.0087776258588,225.56525429089865,601.5380973741412,261.10141237576806,0.02500287815928459,0.999559223651886,
2026-07-15T21:49:03.538,26.44475969404448,20260715_214837_front_fusion_ego_1533,speedsweep_slow,fusion_ego_1533,6339603,0,vehicle,0.4262569546699524,46.91444696039306,130.35549921965804,1.3670631018164086,-146.6724999168991,6.185420513153076,2.303166389465332,2.7471656799316406,21.752308034487655,288.0026041666667,225.55555555555557,256.1935370961825,207.14637849065994,319.81167123715085,243.9647326204512,0.00021808002202305943,0.9999582767486572,
2026-07-15T21:49:03.538,26.44475969404448,20260715_214837_front_fusion_ego_1533,speedsweep_slow,fusion_ego_1533,6339603,1,vehicle,0.26606136560440063,44.544360168911155,140.96580503461678,1.3120720638080656,163.38953577031356,6.031489372253418,2.242946147918701,2.6025471687316895,18.4987552587691,492.60677083333337,234.44444444444446,464.8252739881476,214.84683420923022,520.3882676785191,254.0420546796587,0.019141875207424164,0.9999892711639404,
2026-07-15T21:49:03.538,26.44475969404448,20260715_214837_front_fusion_ego_1533,speedsweep_slow,fusion_ego_1533,6339603,2,vehicle,0.1623222976922989,44.47501804189615,134.64153808061445,1.738945065303519,-49.050343119458255,7.222504138946533,2.6131510734558105,3.4701154232025146,18.329181323028163,422.55208333333337,217.7777777777778,397.822359935691,191.3381545411216,447.28180673097575,244.217401014434,0.0049171410501003265,0.9999452829360962,
2026-07-15T21:49:03.538,26.44475969404448,20260715_214837_front_fusion_ego_1533,speedsweep_slow,fusion_ego_1533,6339603,3,vehicle,0.11938077211380005,43.21742234984257,147.18670837494207,0.8213293253974085,160.05441099268617,4.773017406463623,1.8116259574890137,1.9392703771591187,19.439691652565095,572.6692708333334,243.33333333333334,540.5098427732786,228.86786808570227,604.8286988933882,257.79879858096444,0.3578896224498749,0.9988683462142944,
2026-07-15T21:49:03.716,26.622795045026578,20260715_214837_front_fusion_ego_1533,speedsweep_slow,fusion_ego_1533,6339604,0,vehicle,0.43911007046699524,46.58309897994468,142.6578015685371,1.2765160793964547,-159.23777904287604,6.176996231079102,2.29445481300354,2.6312289237976074,20.67403373524459,492.60677083333337,235.55555555555557,465.6929175530871,216.807552907202,519.5206241135796,254.30355820390915,0.10133837163448334,0.9999940395355225,
2026-07-15T21:49:03.716,26.622795045026578,20260715_214837_front_fusion_ego_1533,speedsweep_slow,fusion_ego_1533,6339604,1,vehicle,0.38495972752571106,45.55805170046508,134.85086267686293,1.1955908498367105,172.27881155845617,5.69158935546875,2.185565948486328,2.559079885482788,19.1851684689304,289.11458333333337,225.55555555555557,255.85936730106673,207.00264248583053,322.3697993656,244.1084686252806,0.0013810271630063653,0.9998579025268555,
2026-07-15T21:49:03.716,26.622795045026578,20260715_214837_front_fusion_ego_1533,speedsweep_slow,fusion_ego_1533,6339604,2,vehicle,0.24913433194160461,43.852631465735136,134.80234982150128,1.6318104608437274,-14.251967120324817,7.435614585876465,2.7034873962402344,3.4190025329589844,17.502742165998587,422.55208333333337,216.66666666666669,393.9151626725992,190.06160656611127,451.18900399406755,243.2717267672221,0.0010708729969337583,0.9999008178710938,
2026-07-15T21:49:03.716,26.622795045026578,20260715_214837_front_fusion_ego_1533,speedsweep_slow,fusion_ego_1533,6339604,3,vehicle,0.16050545871257782,43.66483967347337,147.72027274050876,0.8096903269258178,-124.27153567717882,4.881731986999512,1.8800958395004272,1.914768934249878,19.931233511787333,572.6692708333334,243.33333333333334,538.4470593606433,228.64889254172644,606.8914823060235,258.0177741249403,0.17952267825603485,0.999092698097229,
2026-07-15T21:49:03.888,26.795663301018067,20260715_214837_front_fusion_ego_1533,speedsweep_slow,fusion_ego_1533,6339605,0,vehicle,0.2730823755264282,45.19448519459218,133.05440104755516,1.273387404163075,-140.9507840141472,5.928462505340576,2.2270796298980713,2.5946035385131836,18.989851956460647,288.0026041666667,225.55555555555557,253.01764618108672,206.28832015726303,322.98756215224665,244.8227909538481,0.0009294297196902335,0.9999634027481079,
2026-07-15T21:49:03.888,26.795663301018067,20260715_214837_front_fusion_ego_1533,speedsweep_slow,fusion_ego_1533,6339605,1,vehicle,0.2583172023296356,45.023689813363816,142.33528192978108,1.3024288755673965,131.35950969248674,6.12181282043457,2.2783477306365967,2.679286003112793,18.91202216756405,492.60677083333337,234.44444444444446,466.82678685834014,213.86207189824847,518.3867548083266,255.02681699064044,0.052154041826725006,0.999990701675415,
2026-07-15T21:49:03.888,26.795663301018067,20260715_214837_front_fusion_ego_1533,speedsweep_slow,fusion_ego_1533,6339605,2,vehicle,0.17937830090522766,44.19118489149791,135.17077081302315,1.6627887371102517,-45.86234838336389,7.309441089630127,2.6445577144622803,3.381040573120117,17.610709085896055,422.55208333333337,216.66666666666669,394.48951952656114,190.3744987646739,450.6146471401056,242.95883456865948,0.0018415405647829175,0.9999374151229858,
2026-07-15T21:49:03.888,26.795663301018067,20260715_214837_front_fusion_ego_1533,speedsweep_slow,fusion_ego_1533,6339605,3,vehicle,0.17604221403598785,40.736816874636276,146.3635578017111,0.8653845040920269,125.33132233509815,4.921209812164307,1.8392630815505981,1.9120032787322998,16.574496237609324,581.5651041666667,243.33333333333334,544.4994419539969,225.68431933720908,618.6307663793366,260.98234732945764,0.07067800313234329,0.9998238682746887,
2026-07-15T21:49:04.064,26.970972718088888,20260715_214837_front_fusion_ego_1533,speedsweep_slow,fusion_ego_1533,6339606,0,vehicle,0.5079615116119385,47.34268565187544,136.44551216386927,1.5545594383624608,144.47153971410302,6.970834255218506,2.5405561923980713,3.0740303993225098,20.430283898734316,289.11458333333337,225.55555555555557,254.15438934912285,204.72830447885727,324.07477731754386,246.38280663225387,0.00023197554401122034,0.9999802112579346,
2026-07-15T21:49:04.064,26.970972718088888,20260715_214837_front_fusion_ego_1533,speedsweep_slow,fusion_ego_1533,6339606,1,vehicle,0.38389647006988525,40.719928896994816,145.15086991245948,0.9183609090805027,101.12809985405997,5.148392677307129,1.9433495998382568,1.880811333656311,15.764209630322988,573.78125,243.33333333333334,530.545409694314,225.3912647565206,617.017090305686,261.2754019101461,0.009493233636021614,0.9999827146530151,
2026-07-15T21:49:04.064,26.970972718088888,20260715_214837_front_fusion_ego_1533,speedsweep_slow,fusion_ego_1533,6339606,2,vehicle,0.27277421951293945,44.12731355396483,143.86445486897327,1.330064442070892,115.11813468166282,6.237521171569824,2.2808239459991455,2.7082786560058594,18.32214890561753,492.60677083333337,235.55555555555557,461.94361147781217,213.07451698515152,523.2699301888546,258.0365941259596,0.007437685038894415,0.9999979734420776,
2026-07-15T21:49:04.064,26.970972718088888,20260715_214837_front_fusion_ego_1533,speedsweep_slow,fusion_ego_1533,6339606,3,vehicle,0.16892118752002716,43.92111904415796,135.45012655246157,1.841627096614011,-17.838989515944874,7.350754261016846,2.6901938915252686,3.4865286350250244,17.108717464184966,422.55208333333337,217.7777777777778,394.4401219611367,191.05972694026102,450.66404470553005,244.49582861529458,0.002163533354178071,0.999855637550354,
2026-07-15T21:49:04.257,27.164218732039444,20260715_214837_front_fusion_ego_1533,speedsweep_slow,fusion_ego_1533,6339607,0,vehicle,0.26712992787361145,45.79905503893707,135.198136900141,1.3981762225337282,133.14809449093852,6.145120620727539,2.3169684410095215,2.695753574371338,18.79696418438034,288.0026041666667,225.55555555555557,253.54884737233323,205.14225337240433,322.45636096100014,245.96885773870682,0.0014859833754599094,0.9999544620513916,
2026-07-15T21:49:04.257,27.164218732039444,20260715_214837_front_fusion_ego_1533,speedsweep_slow,fusion_ego_1533,6339607,1,vehicle,0.26503172516822815,40.59429119005759,145.98902021317198,0.8049867808529996,98.12973670616145,4.9401397705078125,1.8737192153930664,1.8558850288391113,15.908086783105373,573.78125,243.33333333333334,529.7283058166504,225.78892548878989,617.8341941833496,260.8777411778768,0.022054027765989304,0.9999426603317261,
2026-07-15T21:49:04.257,27.164218732039444,20260715_214837_front_fusion_ego_1533,speedsweep_slow,fusion_ego_1533,6339607,2,vehicle,0.2580540180206299,44.3536978091696,143.73597163724196,1.259761578053678,141.51472375475055,5.771884918212891,2.122736930847168,2.601602554321289,18.29687015352371,492.60677083333337,234.44444444444446,465.0646932696303,214.32176854875354,520.1488483970364,254.56712034013538,0.04085928946733475,0.9999967813491821,
2026-07-15T21:49:04.257,27.164218732039444,20260715_214837_front_fusion_ego_1533,speedsweep_slow,fusion_ego_1533,6339607,3,vehicle,0.17099231481552124,44.80369939166869,135.59346702658073,1.8313889771500307,-41.48860256651888,7.4793853759765625,2.7094428539276123,3.4752116203308105,17.764443794000684,422.55208333333337,216.66666666666669,395.49325693150365,193.17816714445752,449.6109097351631,240.15516618887585,0.001293873181566596,0.9994767308235168,
2026-07-15T21:49:04.439,27.345461236080155,20260715_214837_front_fusion_ego_1533,speedsweep_slow,fusion_ego_1533,6339608,0,vehicle,0.3879283368587494,44.21941128300227,141.8898240941624,1.2282166315404812,123.97990095830694,5.9802374839782715,2.1119697093963623,2.5344393253326416,17.440131228767633,484.8229166666667,235.55555555555557,456.98423101256293,218.46279237005447,512.6616023207705,252.64831874105667,0.0038323034532368183,0.9999998807907104,
2026-07-15T21:49:04.439,27.345461236080155,20260715_214837_front_fusion_ego_1533,speedsweep_slow,fusion_ego_1533,6339608,1,vehicle,0.2715146243572235,44.58927589911391,135.41080652731202,1.8313786689262737,-30.64300871853221,7.474209785461426,2.7219934463500977,3.4898245334625244,17.382679769439207,422.55208333333337,216.66666666666669,395.37520479907596,188.31331948439282,449.7289618675908,245.02001384894055,0.0008591687073931098,0.9998794794082642,
2026-07-15T21:49:04.439,27.345461236080155,20260715_214837_front_fusion_ego_1533,speedsweep_slow,fusion_ego_1533,6339608,2,vehicle,0.243187814950943,45.66316269265333,133.35227978031992,1.350900920524579,158.67000621112786,5.9961256980896,2.302966833114624,2.585075855255127,18.794790671505353,289.11458333333337,225.55555555555557,252.98647908618054,205.85841212007736,325.2426875804862,245.25269899103378,0.0010678621474653482,0.9997745156288147,
2026-07-15T21:49:04.624,27.53120653005317,20260715_214837_front_fusion_ego_1533,speedsweep_slow,fusion_ego_1533,6339609,0,vehicle,0.3238261938095093,44.83703669652782,141.04959210304568,1.4813901979291781,122.64789396582695,5.4793925285339355,1.9911588430404663,2.1291213035583496,17.65867922068986,484.8229166666667,243.33333333333334,455.3212952340643,227.35664983590445,514.3245380992691,259.31001683076227,0.002519785426557064,0.9999996423721313,
2026-07-15T21:49:04.624,27.53120653005317,20260715_214837_front_fusion_ego_1533,speedsweep_slow,fusion_ego_1533,6339609,1,vehicle,0.22655507922172546,46.083907780345314,135.54221664919288,2.061169754090831,-30.551560688438833,6.899225234985352,2.510807514190674,3.2748360633850098,18.661422262249697,421.4401041666667,225.55555555555557,399.38305725033086,203.01914367410873,443.4971510830025,248.0919674370024,0.00460416916757822,0.9997674822807312,
2026-07-15T21:49:04.624,27.53120653005317,20260715_214837_front_fusion_ego_1533,speedsweep_slow,fusion_ego_1533,6339609,2,vehicle,0.17993497848510742,38.21719073447136,143.1189564874904,1.2241991606079903,170.11925631162327,4.789073944091797,1.8312350511550903,1.8057048320770264,12.06475943504771,590.4609375,252.22222222222223,547.9070934653282,231.7563612593545,633.0147815346718,272.68808318508997,0.006398401688784361,0.9993910789489746,
2026-07-15T21:49:04.624,27.53120653005317,20260715_214837_front_fusion_ego_1533,speedsweep_slow,fusion_ego_1533,6339609,3,vehicle,0.1429852992296219,48.001744192112156,127.87700913551154,1.9156676455565818,-36.164658565860705,5.527987480163574,2.234374761581421,2.4330599308013916,22.62973768505741,280.21875,234.44444444444446,244.73105797171596,216.65481295850543,315.7064420282841,252.23407593038348,0.011581351980566978,0.9516963958740234,
2026-07-15T21:49:04.792,27.69939530605916,20260715_214837_front_fusion_ego_1533,speedsweep_slow,fusion_ego_1533,6339610,0,vehicle,0.299406498670578,45.39792664620981,139.08281262698125,1.6689697260949483,-0.6702966391144383,5.751983642578125,2.0785470008850098,2.1525471210479736,17.729323235304776,484.8229166666667,244.44444444444446,460.57416495929164,228.6485203769472,509.07166837404174,260.2403685119417,0.003515209536999464,0.9999998807907104,
2026-07-15T21:49:04.792,27.69939530605916,20260715_214837_front_fusion_ego_1533,speedsweep_slow,fusion_ego_1533,6339610,1,vehicle,0.25660449266433716,47.73483146506361,127.62351733196638,2.0527038846096417,-48.052761250111686,5.954188823699951,2.3600590229034424,2.520277500152588,22.320733330649084,279.10677083333337,234.44444444444446,240.17551779498658,215.38928773668079,318.03802387168014,253.49960115220813,0.00030267544207163155,0.9985501170158386,
2026-07-15T21:49:04.792,27.69939530605916,20260715_214837_front_fusion_ego_1533,speedsweep_slow,fusion_ego_1533,6339610,2,vehicle,0.21421104669570923,39.14892751420685,143.4055701293637,1.3412411067438121,137.25131594308755,4.764792442321777,1.8711676597595215,1.7965439558029175,12.839322412914015,599.3567708333334,252.22222222222223,561.3513682161769,233.28079654110803,637.3621734504899,271.1636479033364,0.041313014924526215,0.9996050000190735,
2026-07-15T21:49:04.792,27.69939530605916,20260715_214837_front_fusion_ego_1533,speedsweep_slow,fusion_ego_1533,6339610,3,vehicle,0.2066967934370041,46.486242352933004,136.12589184314137,2.3013790379810395,57.013190448176104,7.434903144836426,2.6827621459960938,3.492382526397705,18.81421324426234,422.55208333333337,225.55555555555557,397.4422528756162,202.03083727094864,447.66191379105055,249.0802738401625,0.0015904981410130858,0.9994694590568542,
2026-07-15T21:49:04.792,27.69939530605916,20260715_214837_front_fusion_ego_1533,speedsweep_slow,fusion_ego_1533,6339610,4,vehicle,0.14957770705223083,42.55763832113913,145.59538745762262,1.3169366711314492,-101.69669164167094,4.7219462394714355,1.8306427001953125,1.8344756364822388,16.876506530728005,572.6692708333334,252.22222222222223,539.7731455465158,235.78110886944665,605.5653961201509,268.6633355749978,0.27818942070007324,0.9996387958526611,
2026-07-15T21:49:04.970,27.876914194086567,20260715_214837_front_fusion_ego_1533,speedsweep_slow,fusion_ego_1533,6339611,0,vehicle,0.3853394091129303,47.68060152058476,130.2504830383824,1.7811834910174897,132.98633966608858,6.762845516204834,2.5194175243377686,2.9849298000335693,21.030593170751185,279.10677083333337,226.66666666666669,242.79664608587822,207.61383096377057,315.4168955807885,245.7195023695628,0.000632711045909673,0.9998817443847656,
2026-07-15T21:49:04.970,27.876914194086567,20260715_214837_front_fusion_ego_1533,speedsweep_slow,fusion_ego_1533,6339611,1,vehicle,0.33038654923439026,45.73166028762808,135.47803536773088,2.3427450742996245,40.79078531092398,8.001972198486328,2.889709234237671,3.815781831741333,17.913599708689837,422.55208333333337,217.7777777777778,394.86935298641527,185.21112547980417,450.2348136802515,250.34443007575143,0.0031754602678120136,0.9999129772186279,
2026-07-15T21:49:04.970,27.876914194086567,20260715_214837_front_fusion_ego_1533,speedsweep_slow,fusion_ego_1533,6339611,2,vehicle,0.293662965297699,46.12560331687719,139.50523076440402,1.4574320056410235,-91.11796311432708,5.489090919494629,2.0160319805145264,2.010230302810669,18.280435406131442,484.8229166666667,243.33333333333334,457.7948034803073,228.39032044013342,511.8510298530261,258.2763462265333,0.010286995209753513,0.9999991655349731,
2026-07-15T21:49:04.970,27.876914194086567,20260715_214837_front_fusion_ego_1533,speedsweep_slow,fusion_ego_1533,6339611,3,vehicle,0.2552989423274994,37.61354743477462,141.81557749346138,1.131986894206332,132.1207683788003,4.543946266174316,1.8045308589935303,1.6365867853164673,10.577598867826428,599.3567708333334,252.22222222222223,553.0388622184595,229.46633411778345,645.6746794482073,274.978110326661,0.004640752915292978,0.9998732805252075,
2026-07-15T21:49:04.970,27.876914194086567,20260715_214837_front_fusion_ego_1533,speedsweep_slow,fusion_ego_1533,6339611,4,person,0.2237817943096161,43.94882205100879,151.2161928436119,1.4588398671007163,80.99866064797212,0.4806159734725952,0.47256821393966675,1.929443359375,21.05042537834102,689.4270833333334,243.33333333333334,683.9118286104252,229.3884946902593,694.9423380562415,257.2781719764074,0.9997801184654236,0.9542686343193054,
2026-07-15T21:49:05.146,28.052419646061026,20260715_214837_front_fusion_ego_1533,speedsweep_slow,fusion_ego_1533,6339612,0,vehicle,0.38927528262138367,45.299838722910756,140.17530682144854,1.2803672598502325,108.94857183407684,5.6364641189575195,2.0966432094573975,2.2892770767211914,17.339455425196032,484.8229166666667,234.44444444444446,463.59936100865406,216.7600413825777,506.0464723246793,252.12884750631122,0.0026123581919819117,0.9999998807907104,
2026-07-15T21:49:05.146,28.052419646061026,20260715_214837_front_fusion_ego_1533,speedsweep_slow,fusion_ego_1533,6339612,1,vehicle,0.32676267623901367,48.22038720665387,131.46888872256048,1.2669628317511794,80.52995437589928,5.655055522918701,2.121251344680786,2.6482179164886475,20.955831378684735,288.0026041666667,225.55555555555557,249.26037070403498,208.20183489057754,326.7448376292984,242.9092762205336,0.00021858149557374418,0.9999135732650757,
2026-07-15T21:49:05.146,28.052419646061026,20260715_214837_front_fusion_ego_1533,speedsweep_slow,fusion_ego_1533,6339612,2,person,0.2604711651802063,42.44690771388026,151.72742191838768,0.9472197389592409,139.50048224185713,0.35662493109703064,0.3861077129840851,1.9339488744735718,20.14222725169511,688.3151041666667,235.55555555555557,680.9969170453649,218.5138312313292,695.6332912879686,252.59727987978195,0.997683048248291,0.9118019342422485,
2026-07-15T21:49:05.146,28.052419646061026,20260715_214837_front_fusion_ego_1533,speedsweep_slow,fusion_ego_1533,6339612,3,vehicle,0.2541344165802002,47.883659326000455,135.33888350069944,1.8429497380179196,-22.615738481037912,7.1452178955078125,2.6309781074523926,3.353816509246826,19.844005444059615,422.55208333333337,216.66666666666669,399.43465581287944,196.05154256025952,445.6695108537873,237.28179077307385,0.005058253183960915,0.9995548129081726,
2026-07-15T21:49:05.146,28.052419646061026,20260715_214837_front_fusion_ego_1533,speedsweep_slow,fusion_ego_1533,6339612,4,vehicle,0.22694912552833557,39.767870993668936,142.42094807402287,0.8988582086528245,72.76446062744279,4.594701290130615,1.8091022968292236,1.7538090944290161,12.60571018795324,600.46875,244.44444444444446,558.9196327850223,225.2092668082979,642.0178672149777,263.679622080591,0.003994946833699942,0.9999746084213257,
2026-07-15T21:49:05.146,28.052419646061026,20260715_214837_front_fusion_ego_1533,speedsweep_slow,fusion_ego_1533,6339612,5,vehicle,0.16793957352638245,48.41466332095489,130.61597917755364,1.4143275567116484,95.88834279980718,6.294734477996826,2.339749336242676,2.8058810234069824,21.400902647335286,277.9947916666667,225.55555555555557,238.34977609912556,204.7261193725798,317.6398072342078,246.38499173853134,0.00014332258433569223,0.9997958540916443,
2026-07-15T21:49:05.329,28.23597417306155,20260715_214837_front_fusion_ego_1533,speedsweep_slow,fusion_ego_1533,6339613,0,vehicle,0.5287717580795288,48.01236463800328,136.00320422663503,1.6012868269445781,-2.7221756982931944,7.300769329071045,2.667329788208008,3.308927536010742,19.72016379883183,422.55208333333337,216.66666666666669,398.64522532497847,194.5265869299571,446.4589413416883,238.80674640337628,0.0011425932170823216,0.9999966621398926,
2026-07-15T21:49:05.329,28.23597417306155,20260715_214837_front_fusion_ego_1533,speedsweep_slow,fusion_ego_1533,6339613,1,vehicle,0.4101364314556122,46.03242612893759,138.75842232381015,1.0269367890134118,107.456864820472,5.341368198394775,2.0164670944213867,1.9325599670410156,17.728740566841477,484.8229166666667,234.44444444444446,464.2096724311511,220.0842156675127,505.4361609021823,248.80467322137622,0.011215831153094769,0.9999994039535522,
2026-07-15T21:49:05.329,28.23597417306155,20260715_214837_front_fusion_ego_1533,speedsweep_slow,fusion_ego_1533,6339613,2,vehicle,0.2633781135082245,38.664905858541644,142.8510754257024,0.7520428736695977,38.73711525598146,4.63066291809082,1.8552109003067017,1.4583405256271362,11.62501380943383,608.2526041666667,244.44444444444446,562.7988936627905,226.09881427552966,653.706314670543,262.79007461335925,0.005099419038742781,0.9999910593032837,
2026-07-15T21:49:05.329,28.23597417306155,20260715_214837_front_fusion_ego_1533,speedsweep_slow,fusion_ego_1533,6339613,3,person,0.23945263028144836,43.638003466352046,152.51350562023174,0.8763383343938984,156.3716350696862,0.41924551129341125,0.4698929190635681,1.7430508136749268,21.407337040289427,689.4270833333334,234.44444444444446,682.1107533530643,220.24813171890048,696.7434133136024,248.64075716998843,0.9916725754737854,0.9443431496620178,
2026-07-15T21:49:05.329,28.23597417306155,20260715_214837_front_fusion_ego_1533,speedsweep_slow,fusion_ego_1533,6339613,4,vehicle,0.2302076667547226,51.390621629265326,128.561357300216,1.3220776587787797,145.1807137009415,6.700701713562012,2.5221259593963623,2.948019504547119,24.726695571745477,280.21875,217.7777777777778,242.5987482890487,201.44629345999826,317.8387517109513,234.10926209555734,8.217579306801781e-05,0.9864038228988647,
2026-07-15T21:49:05.509,28.415419323020615,20260715_214837_front_fusion_ego_1533,speedsweep_slow,fusion_ego_1533,6339614,0,vehicle,0.4418714642524719,48.56367705102553,134.4638875235791,1.283716236756212,114.42837069177365,5.978189945220947,2.149322748184204,2.83979868888855,20.242399790849717,288.0026041666667,225.55555555555557,248.88354684660834,208.21540865633224,327.12166148672503,242.8957024547789,0.00019215018255636096,0.9999886751174927,
2026-07-15T21:49:05.509,28.415419323020615,20260715_214837_front_fusion_ego_1533,speedsweep_slow,fusion_ego_1533,6339614,1,vehicle,0.433725506067276,46.24227536435927,140.02582926297003,1.0729250418915774,117.91387607096182,5.450253963470459,2.0188324451446533,2.1722848415374756,17.863172041919572,484.8229166666667,234.44444444444446,464.3406346763174,219.44476988580493,505.305198657016,249.44411900308398,0.006804224103689194,0.9999997615814209,
2026-07-15T21:49:05.509,28.415419323020615,20260715_214837_front_fusion_ego_1533,speedsweep_slow,fusion_ego_1533,6339614,2,vehicle,0.21329718828201294,49.00680120794523,135.4967718217675,1.7768156635078385,-21.12791846141405,7.692914962768555,2.769421100616455,3.402076244354248,20.552226767873638,422.55208333333337,216.66666666666669,400.8115234722694,192.6646278301875,444.29264319439733,240.66870550314587,0.0030962065793573856,0.9999847412109375,
2026-07-15T21:49:05.509,28.415419323020615,20260715_214837_front_fusion_ego_1533,speedsweep_slow,fusion_ego_1533,6339614,3,person,0.18861424922943115,43.96075695283041,153.49222927431254,0.9528548537609591,116.85969588440817,0.34493932127952576,0.3837236166000366,1.6814961433410645,22.17983664658877,698.3229166666667,234.44444444444446,690.3155791057895,220.1583751704958,706.330254227544,248.73051371839313,0.9285914301872253,0.39918965101242065,
2026-07-15T21:49:05.509,28.415419323020615,20260715_214837_front_fusion_ego_1533,speedsweep_slow,fusion_ego_1533,6339614,4,vehicle,0.18376094102859497,47.812296971100565,133.05182293302641,1.5159390695362962,169.68427965135558,6.45953893661499,2.3953962326049805,2.806248664855957,19.77088506858045,271.3229166666667,225.55555555555557,232.2884145403902,205.8700904581282,310.3574187929432,245.24102065298294,6.37283010291867e-05,0.9999444484710693,
2026-07-15T21:49:05.509,28.415419323020615,20260715_214837_front_fusion_ego_1533,speedsweep_slow,fusion_ego_1533,6339614,5,vehicle,0.16425789892673492,39.378663804370184,143.7391995522617,0.8314898322698179,41.734952139425566,4.403628349304199,1.758756399154663,1.5924822092056274,12.488185718064583,609.3645833333334,244.44444444444446,570.4002437566718,226.03507068422107,648.328922909995,262.85381820466785,0.010676226578652859,0.9999871253967285,
2026-07-15T21:49:05.694,28.600701414979994,20260715_214837_front_fusion_ego_1533,speedsweep_slow,fusion_ego_1533,6339615,0,vehicle,0.3931717574596405,48.36072943524917,133.76698858043872,1.3269835013896896,100.60629129306628,5.9719696044921875,2.1295738220214844,2.8919107913970947,19.957624232503395,288.0026041666667,225.55555555555557,251.3359560618798,206.16443428728317,324.66925227145356,244.94667682382797,6.778440729249269e-05,0.999984860420227,
2026-07-15T21:49:05.694,28.600701414979994,20260715_214837_front_fusion_ego_1533,speedsweep_slow,fusion_ego_1533,6339615,1,vehicle,0.2221086472272873,48.23629873285403,135.90633709350942,1.7092409290506678,-131.0404572029172,7.648401260375977,2.7828948497772217,3.2702713012695312,19.540845259617797,422.55208333333337,216.66666666666669,397.5900765297314,192.26986745993298,447.51409013693535,241.0634658734004,0.002845201874151826,0.999977707862854,
2026-07-15T21:49:05.694,28.600701414979994,20260715_214837_front_fusion_ego_1533,speedsweep_slow,fusion_ego_1533,6339615,2,vehicle,0.19809967279434204,47.04528802722029,138.08803841109165,1.0457808387772016,145.84547417921297,5.207340240478516,1.9738792181015015,2.0362753868103027,18.294482795879734,483.71093750000006,234.44444444444446,463.9024803601206,220.47808822658328,503.5193946398795,248.41080066230563,0.06347031146287918,0.9999839067459106,
2026-07-15T21:49:05.694,28.600701414979994,20260715_214837_front_fusion_ego_1533,speedsweep_slow,fusion_ego_1533,6339615,3,vehicle,0.1662815660238266,38.024016879593965,144.30767903683406,0.8994379743697869,71.14378812053276,4.387803554534912,1.8205126523971558,1.6112127304077148,11.482172192523187,617.1484375,244.44444444444446,571.6820936650038,224.03692152765063,662.6147813349962,264.8519673612383,0.06859473139047623,0.9997571110725403,
2026-07-15T21:49:05.694,28.600701414979994,20260715_214837_front_fusion_ego_1533,speedsweep_slow,fusion_ego_1533,6339615,4,vehicle,0.12908627092838287,47.23694735319276,134.60017403637858,1.6036004042096417,102.00233094190727,6.592889785766602,2.4271650314331055,2.945122003555298,18.705323771960867,271.3229166666667,225.55555555555557,231.0163898492853,204.53851852152084,311.62944348404807,246.5725925895903,0.0002105808671331033,0.9990373849868774,
2026-07-15T21:49:05.875,28.78170895006042,20260715_214837_front_fusion_ego_1533,speedsweep_slow,fusion_ego_1533,6339616,0,vehicle,0.41037386655807495,48.67920479208579,135.59013664168793,1.706641276734075,-35.053732477356306,7.3962860107421875,2.7096712589263916,3.299717903137207,19.81300119159859,422.55208333333337,216.66666666666669,400.48012997706735,193.450150291125,444.6240366895994,239.88318304220837,0.0016351917292922735,0.9999659061431885,
2026-07-15T21:49:05.875,28.78170895006042,20260715_214837_front_fusion_ego_1533,speedsweep_slow,fusion_ego_1533,6339616,1,vehicle,0.3638456165790558,49.09534586114462,133.13604805616097,1.3444875924685213,119.29652741075772,6.052777290344238,2.1368541717529297,2.8567323684692383,20.610186829533177,288.0026041666667,225.55555555555557,247.9305813709895,206.05264339182114,328.07462696234387,245.05846771929,1.8934157196781598e-05,0.9999834299087524,
2026-07-15T21:49:05.875,28.78170895006042,20260715_214837_front_fusion_ego_1533,speedsweep_slow,fusion_ego_1533,6339616,2,vehicle,0.27871888875961304,47.386827510977945,139.12418402770385,0.9810992139079016,109.2328818352369,5.345555782318115,1.9712954759597778,2.072969436645508,18.498169279749618,483.71093750000006,235.55555555555557,462.4651088751853,221.5137568447325,504.9567661248148,249.59735426637863,0.03323810547590256,0.9999897480010986,
2026-07-15T21:49:05.875,28.78170895006042,20260715_214837_front_fusion_ego_1533,speedsweep_slow,fusion_ego_1533,6339616,3,vehicle,0.2623510956764221,48.03003366627679,131.5812818360494,1.5483598007683828,111.66595953644594,6.796625137329102,2.516225814819336,2.9648406505584717,19.978181836530002,271.3229166666667,225.55555555555557,227.13033138463896,204.116142127249,315.5155019486944,246.99496898386215,0.00020421502995304763,0.9997606873512268,
2026-07-15T21:49:05.875,28.78170895006042,20260715_214837_front_fusion_ego_1533,speedsweep_slow,fusion_ego_1533,6339616,4,vehicle,0.16954796016216278,37.27187038247388,141.1117862049472,0.8379207813353959,-5.425386235286014,4.560253620147705,1.767120361328125,1.4900100231170654,9.066060521057397,618.2604166666667,252.22222222222223,574.0104135150711,230.1957000626458,662.5104198182623,274.24874438179864,0.0004334948898758739,0.999913215637207,
2026-07-15T21:49:06.049,28.956305296043865,20260715_214837_front_fusion_ego_1533,speedsweep_slow,fusion_ego_1533,6339617,0,vehicle,0.33177897334098816,47.56752211532891,138.5166429467521,1.012078935347997,132.81350418650484,5.277259826660156,2.0205438137054443,1.9822587966918945,18.448904670895494,483.71093750000006,234.44444444444446,463.1336653307081,219.95268639591006,504.28820966929203,248.93620249297885,0.03920350968837738,0.9999979734420776,
2026-07-15T21:49:06.049,28.956305296043865,20260715_214837_front_fusion_ego_1533,speedsweep_slow,fusion_ego_1533,6339617,1,vehicle,0.331245481967926,48.15320977643232,135.40466047946072,1.4649705128653538,142.52337684381405,6.514909744262695,2.441033124923706,2.8201053142547607,19.123152579104826,271.3229166666667,225.55555555555557,229.0445212448637,204.62529513571,313.6013120884697,246.48581597540115,0.000549796677660197,0.9999291896820068,
2026-07-15T21:49:06.049,28.956305296043865,20260715_214837_front_fusion_ego_1533,speedsweep_slow,fusion_ego_1533,6339617,2,vehicle,0.30199068784713745,37.35935265799033,141.93743638706187,0.8627423748839836,14.203211280705563,4.888533592224121,1.882203221321106,1.4722094535827637,9.330117408844186,626.0442708333334,252.22222222222223,573.6154631127914,231.536725891961,678.4730785538753,272.90771855248346,0.005328056868165731,0.999981164932251,
2026-07-15T21:49:06.049,28.956305296043865,20260715_214837_front_fusion_ego_1533,speedsweep_slow,fusion_ego_1533,6339617,3,vehicle,0.19454310834407806,49.57697229691015,135.46301716410466,1.678794065453796,-35.011028239053964,7.06965970993042,2.610128879547119,3.2904810905456543,20.53294114596933,422.55208333333337,216.66666666666669,402.06314903994405,195.06735781828564,443.0410176267227,238.26597551504773,0.0011617058189585805,0.9998654127120972,
2026-07-15T21:49:06.241,29.147763263084926,20260715_214837_front_fusion_ego_1533,speedsweep_slow,fusion_ego_1533,6339618,0,vehicle,0.3349933326244354,47.772803409222135,139.7139400323587,0.9564918388985078,134.77850584746105,4.957996845245361,1.887171745300293,1.8229700326919556,18.580600216557887,483.71093750000006,234.44444444444446,463.80976169928914,221.17445674207477,503.612113300711,247.71443214681415,0.08268844336271286,0.999998927116394,
2026-07-15T21:49:06.241,29.147763263084926,20260715_214837_front_fusion_ego_1533,speedsweep_slow,fusion_ego_1533,6339618,1,vehicle,0.2505495548248291,49.39473858184846,136.48574972079214,1.6850315127455826,-18.751123896389746,7.340100288391113,2.6945605278015137,3.211350440979004,20.09676958344993,422.55208333333337,216.66666666666669,398.2689486679932,194.50126508871716,446.83521799867356,238.8320682446162,0.002982416423037648,0.9999808073043823,
2026-07-15T21:49:06.241,29.147763263084926,20260715_214837_front_fusion_ego_1533,speedsweep_slow,fusion_ego_1533,6339618,2,vehicle,0.2374485731124878,37.7235158513796,141.8787946586833,0.8507271004977575,-7.2323052323931,4.717634201049805,1.8420679569244385,1.5061042308807373,9.46892917684578,627.15625,252.22222222222223,573.3529511243105,227.6206542385949,680.9595488756895,276.82379020584955,0.00039468042086809874,0.9999876022338867,
2026-07-15T21:49:06.241,29.147763263084926,20260715_214837_front_fusion_ego_1533,speedsweep_slow,fusion_ego_1533,6339618,3,vehicle,0.226175919175148,46.50668268988903,132.5661515095805,1.4124129911486225,96.35945471883525,6.177810192108154,2.323687791824341,2.7025158405303955,17.889699146651164,271.3229166666667,225.55555555555557,223.39235744873685,204.69465348455643,319.2534758845965,246.41645762655472,0.0008199226576834917,0.9997639060020447,
2026-07-15T21:49:06.401,29.308209001086652,20260715_214837_front_fusion_ego_1533,speedsweep_slow,fusion_ego_1533,6339619,0,vehicle,0.37435758113861084,38.38840481325201,143.72444601882987,0.9491764160676088,46.754291984068196,4.563320159912109,1.8017315864562988,1.5822815895080566,10.810315324320621,636.0520833333334,252.22222222222223,581.0042088677486,226.07030166520013,691.0999577989181,278.3741427792443,0.000749890401493758,0.9999914169311523,
2026-07-15T21:49:06.401,29.308209001086652,20260715_214837_front_fusion_ego_1533,speedsweep_slow,fusion_ego_1533,6339619,1,vehicle,0.3205413818359375,48.55941350617657,140.74164557118738,1.016421577708978,127.94940937707283,5.012167930603027,1.9368603229522705,1.91840660572052,19.301989608949953,483.71093750000006,234.44444444444446,465.5697014816106,219.83461734321384,501.8521735183895,249.05427154567508,0.1468253880739212,0.9999991655349731,
2026-07-15T21:49:06.401,29.308209001086652,20260715_214837_front_fusion_ego_1533,speedsweep_slow,fusion_ego_1533,6339619,2,vehicle,0.27816691994667053,48.153881179482944,129.32888718396282,1.6105600607735449,134.3931846448031,6.9484968185424805,2.5215208530426025,2.9479317665100098,20.361967579333996,262.42708333333337,226.66666666666669,216.3794026573499,204.85941151777905,308.4747640093168,248.47392181555432,0.00038720728480257094,0.9999741315841675,
2026-07-15T21:49:06.401,29.308209001086652,20260715_214837_front_fusion_ego_1533,speedsweep_slow,fusion_ego_1533,6339619,3,vehicle,0.2520752549171448,49.27564972096033,135.37013176425953,1.9099593182539325,-36.704722590241985,7.529576301574707,2.7616631984710693,3.4037952423095703,19.87101884231789,422.55208333333337,216.66666666666669,399.53910110642516,192.30781356493634,445.5650655602416,241.02551976839703,0.0012985100038349628,0.9998894929885864,
2026-07-15T21:49:06.401,29.308209001086652,20260715_214837_front_fusion_ego_1533,speedsweep_slow,fusion_ego_1533,6339619,4,vehicle,0.20145685970783234,48.37414627766691,129.84112386086204,1.4445248413966136,97.75371896271481,6.178698539733887,2.301865816116333,2.7495291233062744,20.364144981648753,272.43489583333337,225.55555555555557,225.41034783919653,205.80126139852737,319.4594438274702,245.30984971258377,0.0002419837546767667,0.9999096393585205,
2026-07-15T21:49:06.552,29.459364952985197,20260715_214837_front_fusion_ego_1533,speedsweep_slow,fusion_ego_1533,6339620,0,vehicle,0.4707199037075043,47.33524505409379,130.81616828722667,1.4796043681375717,78.59772288833032,6.295523643493652,2.409011125564575,2.5852980613708496,18.84963951225341,261.3151041666667,226.66666666666669,202.01958627502125,204.65195337931317,320.6106220583121,248.6813799540202,0.0009633234003558755,0.9999125003814697,
2026-07-15T21:49:06.552,29.459364952985197,20260715_214837_front_fusion_ego_1533,speedsweep_slow,fusion_ego_1533,6339620,1,vehicle,0.37197059392929077,38.40276254175731,144.0430964725153,0.8622149587634045,28.147758247562777,4.651825904846191,1.8609920740127563,1.352212905883789,10.84541448186573,643.8359375,252.22222222222223,574.7954478412867,230.25946511162653,712.8764271587133,274.18497933281793,0.003964971750974655,0.9999881982803345,
2026-07-15T21:49:06.552,29.459364952985197,20260715_214837_front_fusion_ego_1533,speedsweep_slow,fusion_ego_1533,6339620,2,vehicle,0.22240255773067474,48.00694596698726,139.72722346041965,1.1161511208001471,142.5191071717947,5.099128246307373,1.943509578704834,2.01550555229187,18.405964930963044,483.71093750000006,234.44444444444446,464.2531706243754,220.26458081271915,503.1687043756247,248.62430807616977,0.14491894841194153,0.9999960660934448,
2026-07-15T21:49:06.552,29.459364952985197,20260715_214837_front_fusion_ego_1533,speedsweep_slow,fusion_ego_1533,6339620,3,vehicle,0.19568239152431488,50.87414405328944,135.9970205973758,1.839366636125146,21.655486891927,7.355913162231445,2.689018964767456,3.393099069595337,21.200430504315126,422.55208333333337,216.66666666666669,402.46618443479144,193.903710047404,442.6379822318753,239.42962328592938,0.00028654548805207014,0.9998854398727417,
2026-07-15T21:49:06.714,29.62078451598063,20260715_214837_front_fusion_ego_1533,speedsweep_slow,fusion_ego_1533,6339621,0,vehicle,0.40038183331489563,47.415852819249054,130.06912837111645,1.446884624335746,73.22707930127487,6.273489475250244,2.39107608795166,2.5716652870178223,19.03019446530701,262.42708333333337,225.55555555555557,205.32216787834963,203.08269414636825,319.5319987883171,248.0284169647429,0.0009673029999248683,0.9998788833618164,
2026-07-15T21:49:06.714,29.62078451598063,20260715_214837_front_fusion_ego_1533,speedsweep_slow,fusion_ego_1533,6339621,1,vehicle,0.3558668792247772,38.697788072424615,145.25998161025825,0.9025915573612848,35.397661907468226,4.331490993499756,1.808312177658081,1.4362417459487915,11.689874128371088,644.9479166666667,253.33333333333334,577.6994575510423,229.71203049023947,712.1963757822912,276.95463617642724,0.004153225105255842,0.9999421834945679,
2026-07-15T21:49:06.714,29.62078451598063,20260715_214837_front_fusion_ego_1533,speedsweep_slow,fusion_ego_1533,6339621,2,vehicle,0.1812611073255539,47.19149999381795,140.19618955236243,0.8436712076137993,121.68439217675731,4.9195756912231445,1.83867347240448,1.6880086660385132,17.481855303983924,475.92708333333337,235.55555555555557,454.72030636792385,223.32517597410416,497.1338602987429,247.785935137007,0.12479887902736664,0.9999489784240723,
2026-07-15T21:49:06.714,29.62078451598063,20260715_214837_front_fusion_ego_1533,speedsweep_slow,fusion_ego_1533,6339621,3,vehicle,0.14490602910518646,49.70605568283074,135.91571298588258,1.9012334960991464,-15.022254750761713,7.715787410736084,2.7258474826812744,3.511950969696045,19.854505487926303,422.55208333333337,216.66666666666669,399.87813313802087,192.1995649735133,445.22603352864587,241.13376835982007,0.0015082942554727197,0.9999148845672607,
2026-07-15T21:49:06.853,29.760008797980845,20260715_214837_front_fusion_ego_1533,speedsweep_slow,fusion_ego_1533,6339622,0,vehicle,0.4916703999042511,46.667797397494574,129.23000793381155,1.9205411728435635,124.22576152177616,6.39738130569458,2.3775923252105713,2.8652994632720947,18.533129123349617,253.53125000000003,234.44444444444446,201.4740136489272,208.86322107579974,305.5884863510728,260.02566781308917,0.007564261555671692,0.9998576641082764,
2026-07-15T21:49:06.853,29.760008797980845,20260715_214837_front_fusion_ego_1533,speedsweep_slow,fusion_ego_1533,6339622,1,vehicle,0.4151606857776642,48.352430050406014,138.54100750960134,1.3629344763615352,-81.16726895921224,5.381084442138672,1.919721007347107,1.808522343635559,18.26182360909438,475.92708333333337,243.33333333333334,451.79107877736294,230.83867837985358,500.0630878893038,255.8279882868131,0.007060127332806587,0.9999988079071045,
2026-07-15T21:49:06.853,29.760008797980845,20260715_214837_front_fusion_ego_1533,speedsweep_slow,fusion_ego_1533,6339622,2,vehicle,0.21473872661590576,47.61631378393748,137.83209597323005,1.7758330929314214,-73.89368720889968,5.446083068847656,2.0892341136932373,2.3891489505767822,17.50123172951678,422.55208333333337,234.44444444444446,399.7187546466788,217.6746549871233,445.38541201998794,251.21423390176562,0.010539826937019825,0.9990573525428772,
2026-07-15T21:49:06.853,29.760008797980845,20260715_214837_front_fusion_ego_1533,speedsweep_slow,fusion_ego_1533,6339622,3,vehicle,0.12219764292240143,53.375280919736824,128.44110366675667,2.253753713163743,101.97895011019126,6.645190715789795,2.457439422607422,3.1973159313201904,24.991717239488096,279.10677083333337,225.55555555555557,246.10953435798487,205.9056941005919,312.10400730868184,245.20541701051926,0.0017045739805325866,0.9825233817100525,
2026-07-15T21:49:06.991,29.898536488064565,20260715_214837_front_fusion_ego_1533,speedsweep_slow,fusion_ego_1533,6339623,0,vehicle,0.4862481951713562,47.966683516639165,130.3432084030173,2.0475072716836076,133.7166441172578,6.667598724365234,2.4973928928375244,2.8789162635803223,19.06789446161537,252.41927083333334,234.44444444444446,200.50817199548086,211.7829414871004,304.33036967118585,257.1059474017885,0.03805578872561455,0.9998624324798584,
2026-07-15T21:49:06.991,29.898536488064565,20260715_214837_front_fusion_ego_1533,speedsweep_slow,fusion_ego_1533,6339623,1,vehicle,0.38421353697776794,49.16864982552141,138.28541529697654,1.3360798210335543,85.1620428116681,5.253617286682129,1.878876805305481,1.803025484085083,18.859107158925244,475.92708333333337,243.33333333333334,451.4641471927365,231.34297927220663,500.39001947393024,255.32368739446005,0.0031302229035645723,0.9999970197677612,
2026-07-15T21:49:06.991,29.898536488064565,20260715_214837_front_fusion_ego_1533,speedsweep_slow,fusion_ego_1533,6339623,2,vehicle,0.3225867450237274,38.150089108594834,143.84588521120472,0.9742919463584201,-9.7323034918382,4.440713405609131,1.8494200706481934,1.2487012147903442,10.053133324930986,653.84375,262.22222222222223,579.679205417633,237.08735956086053,728.008294582367,287.3570848835839,0.002668302971869707,0.9999868869781494,
2026-07-15T21:49:06.991,29.898536488064565,20260715_214837_front_fusion_ego_1533,speedsweep_slow,fusion_ego_1533,6339623,3,vehicle,0.15744298696517944,49.978575981868076,136.5927013573821,2.101801298288051,-46.61939023567022,6.807991981506348,2.469041109085083,3.2679660320281982,19.683443370158216,422.55208333333337,225.55555555555557,400.33181320627534,206.4424667093489,444.7723534603914,244.66864440176224,0.000594138924498111,0.9997860789299011,
2026-07-15T21:49:06.991,29.898536488064565,20260715_214837_front_fusion_ego_1533,speedsweep_slow,fusion_ego_1533,6339623,4,vehicle,0.1426602452993393,55.49809279440332,126.46983232485682,2.294986768364489,139.788540759227,6.595639228820801,2.448150634765625,3.3040828704833984,27.51859019821345,279.10677083333337,225.55555555555557,247.36696597685417,207.14133951399063,310.84657568981254,243.9697715971205,0.019714288413524628,0.712300181388855,
2026-07-15T21:49:07.118,30.025653649005108,20260715_214837_front_fusion_ego_1533,speedsweep_slow,fusion_ego_1533,6339624,0,vehicle,0.46015387773513794,50.638207644031986,136.20264803656724,1.904111153695099,7.470127501605284,7.644593715667725,2.7832791805267334,3.5148091316223145,20.140652763863862,422.55208333333337,216.66666666666669,400.43185067301,191.13959173361462,444.67231599365675,242.19374159971875,0.0011455019703134894,0.9999969005584717,
2026-07-15T21:49:07.118,30.025653649005108,20260715_214837_front_fusion_ego_1533,speedsweep_slow,fusion_ego_1533,6339624,1,vehicle,0.43104419112205505,47.58802678587624,129.3551811611838,1.4888321034694396,67.15189611305085,6.493454933166504,2.5003960132598877,2.6866090297698975,18.918891557205306,253.53125000000003,225.55555555555557,196.88798719644547,201.84505316946243,310.17451280355453,249.2660579416487,0.0032036479096859694,0.9998326301574707,
2026-07-15T21:49:07.118,30.025653649005108,20260715_214837_front_fusion_ego_1533,speedsweep_slow,fusion_ego_1533,6339624,2,person,0.22653913497924805,37.67658162828087,150.40727611925692,1.114944664133887,139.7292103070414,0.7425956726074219,0.5870957374572754,1.829058051109314,14.690961216337701,805.0729166666667,243.33333333333334,788.0628600815933,216.5215321381887,822.0829732517402,270.145134528478,0.9194655418395996,0.5752930641174316,
2026-07-15T21:49:07.118,30.025653649005108,20260715_214837_front_fusion_ego_1533,speedsweep_slow,fusion_ego_1533,6339624,3,vehicle,0.1909046173095703,47.75649400070567,139.30669611680267,1.0159013439368727,110.33330419121017,4.886806011199951,1.89934241771698,1.8209483623504639,17.306656899639293,483.71093750000006,234.44444444444446,465.41103562340146,219.62833848264484,502.01083937659865,249.26055040624408,0.33369413018226624,0.9999961853027344,
2026-07-15T21:49:07.252,30.15880247403402,20260715_214837_front_fusion_ego_1533,speedsweep_slow,fusion_ego_1533,6339625,0,vehicle,0.3714789152145386,46.430800246101064,129.1943116830311,1.3049289132377186,96.87189016603713,6.075747013092041,2.2771542072296143,2.5951168537139893,17.74684980887479,252.41927083333334,225.55555555555557,198.9392656137546,200.9307971927855,305.8992760529121,250.18031391832565,0.008175489492714405,0.99998939037323,
2026-07-15T21:49:07.252,30.15880247403402,20260715_214837_front_fusion_ego_1533,speedsweep_slow,fusion_ego_1533,6339625,1,vehicle,0.36588090658187866,51.6692705661731,136.50703581444807,1.36449982813631,-56.28127420200711,6.894468307495117,2.5281617641448975,3.1495120525360107,20.908289722497283,422.55208333333337,216.66666666666669,400.9880512890717,197.77699689070386,444.11611537759507,235.55633644262952,0.00020466647401917726,0.9999774694442749,
2026-07-15T21:49:07.252,30.15880247403402,20260715_214837_front_fusion_ego_1533,speedsweep_slow,fusion_ego_1533,6339625,2,vehicle,0.34945616126060486,47.40386673592812,138.40992705348293,0.5075997858798713,91.13024869131357,5.192376613616943,1.9187966585159302,1.6630271673202515,16.668224682865027,475.92708333333337,234.44444444444446,451.2987033662697,222.43391033675937,500.55546330039704,246.45497855212955,0.0030217855237424374,0.9999831914901733,
2026-07-15T21:49:07.252,30.15880247403402,20260715_214837_front_fusion_ego_1533,speedsweep_slow,fusion_ego_1533,6339625,3,vehicle,0.28024226427078247,39.22048315687762,145.5346430414605,0.7567101296252994,-11.210049671508035,4.4236159324646,1.8481066226959229,1.473986268043518,11.62225305737109,679.4192708333334,253.33333333333334,607.7927882423004,232.81176646550497,751.0457534243664,273.85490020116174,0.03535380959510803,0.9997194409370422,
2026-07-15T21:49:07.398,30.30521562800277,20260715_214837_front_fusion_ego_1533,speedsweep_slow,fusion_ego_1533,6339626,0,vehicle,0.3950718641281128,48.80660693232155,139.84239260753864,0.8095807301313209,95.52649441270675,5.036171913146973,1.870603084564209,1.6825292110443115,17.923463619866187,475.92708333333337,234.44444444444446,454.41096314166987,222.30712678697375,497.4432035249969,246.58176210191516,0.00727267237380147,0.9999887943267822,
2026-07-15T21:49:07.398,30.30521562800277,20260715_214837_front_fusion_ego_1533,speedsweep_slow,fusion_ego_1533,6339626,1,vehicle,0.3465813100337982,48.39376888022065,127.28009792833872,1.6569535287416048,126.1641169390973,6.899954795837402,2.5741939544677734,2.95428466796875,20.178858238172566,244.63541666666669,226.66666666666669,194.80024041483802,200.09108583132428,294.47059291849536,253.2422475020091,0.0034593294840306044,0.9999053478240967,
2026-07-15T21:49:07.398,30.30521562800277,20260715_214837_front_fusion_ego_1533,speedsweep_slow,fusion_ego_1533,6339626,2,vehicle,0.2590312063694,51.12619719856223,135.8567341921689,1.8332453980442653,-44.26084537025872,7.220117568969727,2.6727817058563232,3.442443370819092,20.16062110125895,422.55208333333337,216.66666666666669,401.180536997815,192.35134939352673,443.92362966885173,240.98198393980664,0.0017906047869473696,0.9999849796295166,
2026-07-15T21:49:07.398,30.30521562800277,20260715_214837_front_fusion_ego_1533,speedsweep_slow,fusion_ego_1533,6339626,3,vehicle,0.10749217867851257,52.20650583713009,127.45293604878238,1.4643520625108835,108.80820841306358,5.886270046234131,2.136409282684326,2.877502918243408,23.462803289995538,270.2109375,225.55555555555557,236.99635746330026,206.30943271848892,303.4255175366998,244.80167839262222,0.0003542003978509456,0.9973509311676025,
2026-07-15T21:49:07.529,30.4365139399888,20260715_214837_front_fusion_ego_1533,speedsweep_slow,fusion_ego_1533,6339627,0,vehicle,0.3408864438533783,49.75352655561355,139.6599656845911,1.1278118049689585,110.14704603949326,5.296266078948975,1.9700900316238403,1.9508955478668213,18.538053427532663,475.92708333333337,235.55555555555557,455.4326595378419,221.75262454483246,496.4215071288248,249.35848656627869,0.026782235130667686,0.9999938011169434,
2026-07-15T21:49:07.529,30.4365139399888,20260715_214837_front_fusion_ego_1533,speedsweep_slow,fusion_ego_1533,6339627,1,vehicle,0.312370628118515,46.08264557875867,127.58877504068053,1.724350731564499,64.71202775999109,6.515195369720459,2.4239463806152344,2.7602829933166504,17.814951803947096,235.73958333333334,234.44444444444446,164.74762419362864,206.8187412288454,306.7315424730381,262.0701476600435,0.017233310267329216,0.9979618787765503,
2026-07-15T21:49:07.529,30.4365139399888,20260715_214837_front_fusion_ego_1533,speedsweep_slow,fusion_ego_1533,6339627,2,vehicle,0.20808158814907074,52.982739786320224,136.18696593398744,1.5189821346833756,-53.92636621621371,6.510603427886963,2.311737060546875,2.9808778762817383,21.691035826214005,422.55208333333337,225.55555555555557,403.3116536562642,209.35448739263748,441.79251301040256,241.75662371847366,0.0006556697189807892,0.9998518228530884,
2026-07-15T21:49:07.529,30.4365139399888,20260715_214837_front_fusion_ego_1533,speedsweep_slow,fusion_ego_1533,6339627,3,vehicle,0.11943648010492325,54.41044462768208,126.59737696412472,1.8568626408431,126.61880127936958,6.265535831451416,2.255950927734375,3.1291773319244385,25.557661427650498,270.2109375,225.55555555555557,243.8369897156954,205.1642206642363,296.5848852843046,245.94689044687485,0.0030214968137443066,0.9421868324279785,
2026-07-15T21:49:07.663,30.56983399402816,20260715_214837_front_fusion_ego_1533,speedsweep_slow,fusion_ego_1533,6339628,0,vehicle,0.739740788936615,45.09345302178819,128.62956129186608,1.7061546950990851,119.76379596994325,6.720089912414551,2.4790990352630615,2.8202927112579346,16.131211428768236,234.62760416666669,234.44444444444446,166.78451632956666,202.97543075349597,302.4706920037667,265.91345813539294,0.015742355957627296,0.9999468326568604,
2026-07-15T21:49:07.663,30.56983399402816,20260715_214837_front_fusion_ego_1533,speedsweep_slow,fusion_ego_1533,6339628,1,vehicle,0.19191156327724457,50.394406925801036,139.4952316216679,1.2613307649751753,118.30300091177641,5.627963066101074,2.0718564987182617,2.1621298789978027,18.813754333039192,475.92708333333337,235.55555555555557,455.8246507098278,220.58674070570206,496.02951595683896,250.5243704054091,0.006486684083938599,0.9999923706054688,
2026-07-15T21:49:07.663,30.56983399402816,20260715_214837_front_fusion_ego_1533,speedsweep_slow,fusion_ego_1533,6339628,2,vehicle,0.10706644505262375,38.34517735921534,144.38276799420555,0.9080657439945468,-50.5877012630134,3.7772655487060547,1.5975624322891235,1.5965425968170166,9.539306681505408,725.0104166666667,271.11111111111114,655.248131449024,242.87391430801816,794.7727018843095,299.3483079142041,0.08978172391653061,0.993800938129425,
2026-07-15T21:49:07.663,30.56983399402816,20260715_214837_front_fusion_ego_1533,speedsweep_slow,fusion_ego_1533,6339628,3,vehicle,0.10589666664600372,52.894961881699444,136.42129470588003,1.6999212146742917,-41.74895341669928,6.688122272491455,2.3655784130096436,3.1796319484710693,21.247910037594636,421.4401041666667,225.55555555555557,401.9881990167002,206.59818324777817,440.89200931663316,244.51292786333298,0.00026540004182606936,0.9998596906661987,
2026-07-15T21:49:07.796,30.703108728979714,20260715_214837_front_fusion_ego_1533,speedsweep_slow,fusion_ego_1533,6339629,0,vehicle,0.8257322311401367,46.233543368655134,127.95378217100418,1.799300281202739,87.8124149648555,6.527138710021973,2.439540147781372,2.901766061782837,17.13868718524531,225.73177083333334,234.44444444444446,158.42479944725832,203.97517230775622,293.0387422194084,264.9137165811327,0.029719509184360504,0.999923825263977,
2026-07-15T21:49:07.796,30.703108728979714,20260715_214837_front_fusion_ego_1533,speedsweep_slow,fusion_ego_1533,6339629,1,vehicle,0.20649100840091705,51.931224675632734,139.7002137268709,1.2834707536922934,112.58885840056169,5.807220458984375,2.1214232444763184,2.1311657428741455,19.979211484361524,475.92708333333337,235.55555555555557,456.6486168627938,221.781661245558,495.20554980387294,249.32944986555313,0.0018493491224944592,0.9999916553497314,
2026-07-15T21:49:07.796,30.703108728979714,20260715_214837_front_fusion_ego_1533,speedsweep_slow,fusion_ego_1533,6339629,2,vehicle,0.17474190890789032,52.840927821311205,136.1447475627304,1.7736726565153909,-35.335741567482046,7.134281635284424,2.4698586463928223,3.450731039047241,20.82740914903176,421.4401041666667,225.55555555555557,401.83078185717267,204.95407852861618,441.0494264761607,246.15703258249496,0.0002904213033616543,0.9998890161514282,
2026-07-15T21:49:07.927,30.834635456092656,20260715_214837_front_fusion_ego_1533,speedsweep_slow,fusion_ego_1533,6339630,0,vehicle,0.4541132152080536,46.615765403671205,127.62215429118775,1.9823104091557937,131.1327199801256,6.78989315032959,2.4813952445983887,3.07323956489563,17.29715355184747,217.94791666666669,234.44444444444446,139.26382730404538,203.33899166848926,296.632006029288,265.54989722039966,0.032971128821372986,0.9997507929801941,
2026-07-15T21:49:07.927,30.834635456092656,20260715_214837_front_fusion_ego_1533,speedsweep_slow,fusion_ego_1533,6339630,1,vehicle,0.20957700908184052,51.69996578379538,139.0472559349286,1.245633165486701,114.39768667836228,5.683112621307373,2.0682692527770996,2.167116165161133,19.2640150480846,475.92708333333337,235.55555555555557,456.18012738724553,221.35663751098846,495.6740392794212,249.75447360012268,0.0019532765727490187,0.9999963045120239,
2026-07-15T21:49:07.927,30.834635456092656,20260715_214837_front_fusion_ego_1533,speedsweep_slow,fusion_ego_1533,6339630,2,vehicle,0.1470869481563568,38.81622655413091,143.91614565740085,0.8530987707883497,-56.118710810972416,5.259373664855957,2.0039851665496826,2.031219005584717,8.96516031877911,733.90625,278.8888888888889,619.4829472899437,190.73698096805148,848.3295527100563,367.0407968097263,0.0003563733771443367,0.9977591037750244,
2026-07-15T21:49:07.927,30.834635456092656,20260715_214837_front_fusion_ego_1533,speedsweep_slow,fusion_ego_1533,6339630,3,vehicle,0.09686236083507538,52.14434559398989,136.29719073696833,1.798554566100492,-55.339020374406644,6.750089168548584,2.372089147567749,3.3794186115264893,19.69604730308598,422.55208333333337,225.55555555555557,402.1893105556568,204.96937069627975,442.91485611100995,246.1417404148314,0.00030926160980015993,0.9999260902404785,
2026-07-15T21:49:08.057,30.96401178499218,20260715_214837_front_fusion_ego_1533,speedsweep_slow,fusion_ego_1533,6339631,0,vehicle,0.39750802516937256,45.269322522759545,128.06169989150035,1.667149184016476,24.436836183934204,6.2986931800842285,2.330549955368042,2.8702170848846436,15.566109677366006,207.94010416666669,234.44444444444446,143.15219546357793,204.81866982248096,272.72801286975545,264.07021906640796,0.0722612515091896,0.9999600648880005,
2026-07-15T21:49:08.057,30.96401178499218,20260715_214837_front_fusion_ego_1533,speedsweep_slow,fusion_ego_1533,6339631,1,vehicle,0.25134924054145813,51.235555996739464,137.95842192252792,0.9468667042149022,108.86309963381493,5.092046737670898,1.9653902053833008,1.8030714988708496,18.274968518743982,483.71093750000006,234.44444444444446,462.2957471571863,220.82242753770618,505.1261278428138,248.06646135118274,0.03408162295818329,0.9999961853027344,
2026-07-15T21:49:08.057,30.96401178499218,20260715_214837_front_fusion_ego_1533,speedsweep_slow,fusion_ego_1533,6339631,2,vehicle,0.2258797436952591,53.45155037911266,135.100698911079,1.8952746149726005,-41.38814376679553,7.441818714141846,2.7181482315063477,3.4411818981170654,20.63327596491373,422.55208333333337,217.7777777777778,399.25018245478475,195.3256873952018,445.853984211882,240.2298681603538,0.001029660226777196,0.9999581575393677,
2026-07-15T21:49:08.186,31.09284881304484,20260715_214837_front_fusion_ego_1533,speedsweep_slow,fusion_ego_1533,6339632,0,vehicle,0.36803796887397766,44.688404571412995,128.4384128817214,1.603379083289048,-45.61164629615816,6.127357482910156,2.279043436050415,2.808349609375,14.4701153772177,191.26041666666669,234.44444444444446,118.8841740290324,204.28366210725574,263.63665930430096,264.6052267816332,0.21126657724380493,0.9999346733093262,
2026-07-15T21:49:08.186,31.09284881304484,20260715_214837_front_fusion_ego_1533,speedsweep_slow,fusion_ego_1533,6339632,1,vehicle,0.29964813590049744,52.97398402174738,135.1806538792349,1.572975620300392,-44.21698337314214,6.914377212524414,2.5677175521850586,3.2210426330566406,19.625131128316152,422.55208333333337,216.66666666666669,399.9915149783095,193.3447466293971,445.11265168835723,239.98858670393628,0.00064338359516114,0.9999828338623047,
2026-07-15T21:49:08.186,31.09284881304484,20260715_214837_front_fusion_ego_1533,speedsweep_slow,fusion_ego_1533,6339632,2,vehicle,0.2988085150718689,51.12683066132447,138.4110343330648,0.5958492448855581,154.60015571142438,5.0883097648620605,1.9394785165786743,1.5842055082321167,17.669898991434106,483.71093750000006,234.44444444444446,460.95327836275106,222.70908620622424,506.46859663724905,246.17980268266467,0.020510859787464142,0.9999661445617676,
2026-07-15T21:49:08.186,31.09284881304484,20260715_214837_front_fusion_ego_1533,speedsweep_slow,fusion_ego_1533,6339632,3,vehicle,0.2127370834350586,47.02531666955668,124.40053790001689,1.8428060831777078,-3.4079767062862585,5.847597122192383,2.3082542419433594,2.766080379486084,18.911199725186083,201.26822916666669,226.66666666666669,143.24793645242852,198.9034555355708,259.28852188090485,254.42987779776257,0.956684947013855,0.9999583959579468,
2026-07-15T21:49:08.315,31.222043032059446,20260715_214837_front_fusion_ego_1533,speedsweep_slow,fusion_ego_1533,6339633,0,vehicle,0.39968249201774597,44.985186597737275,128.95360493118972,1.93833553970551,-15.231683060944496,6.22941255569458,2.3605644702911377,3.11664080619812,13.951530599841519,182.36458333333334,234.44444444444446,99.38294077416262,200.46328451898364,265.3462258925041,268.4256043699053,0.8276026844978333,0.9998681545257568,
2026-07-15T21:49:08.315,31.222043032059446,20260715_214837_front_fusion_ego_1533,speedsweep_slow,fusion_ego_1533,6339633,1,vehicle,0.30206358432769775,51.45433479095675,138.20664673266262,0.9882867864363503,108.45756474442769,5.0770673751831055,1.9483065605163574,1.8600660562515259,17.413638671779154,483.71093750000006,234.44444444444446,461.08167003840214,220.725258257654,506.340204961598,248.16363063123492,0.02755870297551155,0.9999938011169434,
2026-07-15T21:49:08.315,31.222043032059446,20260715_214837_front_fusion_ego_1533,speedsweep_slow,fusion_ego_1533,6339633,2,vehicle,0.15974198281764984,54.59699569495746,135.77098782312174,1.9147842500006556,-15.53016562191243,7.464513301849365,2.726990222930908,3.530271053314209,20.62381826767805,422.55208333333337,216.66666666666669,399.442408879598,192.4478481213252,445.6617577870687,240.88548521200818,0.0007598602096550167,0.9991459846496582,
2026-07-15T21:49:08.442,31.349271878018044,20260715_214837_front_fusion_ego_1533,speedsweep_slow,fusion_ego_1533,6339634,0,vehicle,0.2853095531463623,53.42265195822742,135.07106698572156,2.0867056358489657,-3.2835291168782605,7.431667327880859,2.7475228309631348,3.5184011459350586,18.918649751943143,422.55208333333337,217.7777777777778,395.86109652121866,191.28158496485818,449.2430701454481,244.27397059069742,0.003247304353863001,0.9994921684265137,
2026-07-15T21:49:08.442,31.349271878018044,20260715_214837_front_fusion_ego_1533,speedsweep_slow,fusion_ego_1533,6339634,1,vehicle,0.1901431530714035,52.06675731957581,138.8371092530141,1.097934499641258,80.60502264067922,5.412485599517822,2.0501999855041504,2.0708770751953125,17.429215722762073,484.8229166666667,235.55555555555557,462.54335005457204,220.35526606771683,507.1024832787613,250.75584504339432,0.004302581772208214,0.9999990463256836,
2026-07-15T21:49:08.442,31.349271878018044,20260715_214837_front_fusion_ego_1533,speedsweep_slow,fusion_ego_1533,6339634,2,vehicle,0.12417368590831757,46.093721211439636,127.738618446565,1.9913668467615286,-45.17556609262176,5.920262813568115,2.186330556869507,3.1572537422180176,15.104418027038852,164.57291666666669,234.44444444444446,74.21225070456664,197.08273556497363,254.93358262876671,271.8061533239153,0.982659101486206,0.9995679259300232,
2026-07-15T21:49:08.442,31.349271878018044,20260715_214837_front_fusion_ego_1533,speedsweep_slow,fusion_ego_1533,6339634,3,vehicle,0.08848778903484344,38.80506887594201,145.05654199386177,1.1175091111306132,111.25279219309483,4.430839538574219,1.7544981241226196,2.1368062496185303,8.505505961409789,707.21875,252.22222222222223,671.1549354419112,202.30289353264703,743.2825645580888,302.1415509117974,0.015836330130696297,0.9501878619194031,
2026-07-15T21:49:08.442,31.349271878018044,20260715_214837_front_fusion_ego_1533,speedsweep_slow,fusion_ego_1533,6339634,4,vehicle,0.0829310268163681,44.207131576905255,130.60256384554967,1.2186894072232466,-94.67479960611774,5.066012382507324,1.9915579557418823,2.126378297805786,11.837430423969055,154.56510416666669,244.44444444444446,96.47937646011512,214.18562200334338,212.65083187321824,274.70326688554553,0.25972452759742737,0.9969913959503174,
2026-07-15T21:49:08.576,31.483331830007955,20260715_214837_front_fusion_ego_1533,speedsweep_slow,fusion_ego_1533,6339635,0,vehicle,0.5130456686019897,53.8958301828617,139.66667480795493,1.0842939782798695,111.69418922965458,5.525239944458008,2.066884994506836,2.119635581970215,18.62966619529154,484.8229166666667,235.55555555555557,460.46004026258987,219.61112293932175,509.1857930707435,251.4999881717894,0.0007714162929914892,0.9999996423721313,
2026-07-15T21:49:08.576,31.483331830007955,20260715_214837_front_fusion_ego_1533,speedsweep_slow,fusion_ego_1533,6339635,1,vehicle,0.2985374629497528,56.066296947072445,136.64433593516912,1.666598504798481,-34.929286875283836,6.988451957702637,2.445103168487549,3.216449022293091,20.70724788758048,422.55208333333337,225.55555555555557,400.20566918825114,208.30924842092728,444.8984974784156,242.80186269018387,0.00013428344391286373,0.9999361038208008,
2026-07-15T21:49:08.576,31.483331830007955,20260715_214837_front_fusion_ego_1533,speedsweep_slow,fusion_ego_1533,6339635,2,vehicle,0.1700829267501831,37.8534638229338,142.1110852888126,1.0269834975891414,112.2407363168169,5.287582874298096,2.040214776992798,2.1882224082946777,5.139518561062378,742.8020833333334,253.33333333333334,693.7427355026206,165.7407339413961,791.8614311640462,340.9259327252706,0.003361597191542387,0.9974115490913391,
2026-07-15T21:49:08.711,31.61791918904055,20260715_214837_front_fusion_ego_1533,speedsweep_slow,fusion_ego_1533,6339636,0,vehicle,0.4853343367576599,52.70059918314465,138.24524742153724,1.145450509464228,103.33220518617267,5.389161109924316,2.013625144958496,2.0808298587799072,16.566737881687228,484.8229166666667,235.55555555555557,458.53405059749883,219.92961559030746,511.11178273583454,251.18149552080368,0.0005335923633538187,0.9999996423721313,
2026-07-15T21:49:08.711,31.61791918904055,20260715_214837_front_fusion_ego_1533,speedsweep_slow,fusion_ego_1533,6339636,1,vehicle,0.15940649807453156,54.69581673786678,134.9223371292452,2.029228257789378,20.802474051541594,7.217947006225586,2.675109624862671,3.3717362880706787,18.7509960141642,422.55208333333337,217.7777777777778,394.4710069720944,192.43900107012857,450.6331596945723,243.11655448542703,0.004017544444650412,0.9988516569137573,
2026-07-15T21:49:08.711,31.61791918904055,20260715_214837_front_fusion_ego_1533,speedsweep_slow,fusion_ego_1533,6339636,2,vehicle,0.13281144201755524,59.289047622467024,129.86066817270296,1.1662585458703187,102.02863372065336,4.615634441375732,1.8499886989593506,1.731223225593567,24.415479061628027,270.2109375,234.44444444444446,250.24983847886327,224.89711966779498,290.17203652113676,243.99176922109393,0.0027936685364693403,0.9969118237495422,
2026-07-15T21:49:08.842,31.748956928029656,20260715_214837_front_fusion_ego_1533,speedsweep_slow,fusion_ego_1533,6339637,0,vehicle,0.277028888463974,54.3429401950131,137.5814852857729,0.9220809237464234,166.13160038380488,5.443575859069824,2.021620750427246,1.9221396446228027,17.42305055429895,492.60677083333337,235.55555555555557,467.34045059358084,220.88637832138275,517.8730910730859,250.2247327897284,0.2792169153690338,0.9999998807907104,
2026-07-15T21:49:08.842,31.748956928029656,20260715_214837_front_fusion_ego_1533,speedsweep_slow,fusion_ego_1533,6339637,1,vehicle,0.272563636302948,55.58237596967759,134.98819023579082,1.6820463750953245,-49.38770164220142,7.497413635253906,2.706371784210205,3.3867530822753906,18.84155650500214,422.55208333333337,216.66666666666669,393.2258873631557,190.5407778422038,451.878279303511,242.79255549112958,0.001871559419669211,0.9999111890792847,
2026-07-15T21:49:08.842,31.748956928029656,20260715_214837_front_fusion_ego_1533,speedsweep_slow,fusion_ego_1533,6339637,2,vehicle,0.11916757375001907,37.00740730035277,141.52864231663835,1.5711992075656083,3.8636658315156223,4.806141376495361,1.8536142110824585,2.6437394618988037,3.8811055690094283,839.5442708333334,261.11111111111114,806.5667113040885,172.29176945156522,872.5218303625783,349.93045277065704,0.22395502030849457,0.7709051370620728,
2026-07-15T21:49:08.842,31.748956928029656,20260715_214837_front_fusion_ego_1533,speedsweep_slow,fusion_ego_1533,6339637,3,vehicle,0.05898642912507057,44.98200472645658,141.99894309520607,0.8609810240989324,131.55021067356216,5.4238457679748535,2.0203912258148193,2.194662094116211,9.175511474545916,13.34375,261.11111111111114,-17.001880392432213,236.6307485765881,43.68938039243221,285.59147364563415,0.9941301941871643,0.15381799638271332,
2026-07-15T21:49:08.974,31.88084494601935,20260715_214837_front_fusion_ego_1533,speedsweep_slow,fusion_ego_1533,6339638,0,vehicle,0.35392796993255615,54.5432030520856,136.9837508750633,0.7370664933312776,134.93649530151103,5.247330188751221,2.0092036724090576,1.8849447965621948,16.919275991743252,492.60677083333337,234.44444444444446,466.0376840544244,219.5117732551363,519.1758576122423,249.37711563375262,0.010166346095502377,0.9999935626983643,
2026-07-15T21:49:08.974,31.88084494601935,20260715_214837_front_fusion_ego_1533,speedsweep_slow,fusion_ego_1533,6339638,1,vehicle,0.18002259731292725,46.62879358252017,136.57250360344685,0.7590435301080811,121.4648865507646,5.193048000335693,1.9369269609451294,2.445110321044922,9.06961192771501,66.71875,226.66666666666669,11.796139895915985,191.97472492853802,121.64136010408403,261.35860840479535,0.2562486231327057,0.5501219630241394,
2026-07-15T21:49:08.974,31.88084494601935,20260715_214837_front_fusion_ego_1533,speedsweep_slow,fusion_ego_1533,6339638,2,vehicle,0.15145687758922577,56.51213061638924,135.65200857067032,1.319311597725378,-41.92151793318347,7.364715099334717,2.602932929992676,3.244176149368286,18.964723843396897,422.55208333333337,216.66666666666669,397.7894070160886,194.74146048227948,447.31475965057814,238.5918728510539,0.0023440399672836065,0.9998451471328735,
2026-07-15T21:49:09.098,32.00495748000685,20260715_214837_front_fusion_ego_1533,speedsweep_slow,fusion_ego_1533,6339639,0,vehicle,0.4339156448841095,55.91478538014002,138.7189985104192,0.6449174594318237,128.18155815392018,5.430777549743652,2.0360889434814453,1.9461236000061035,17.664073818830538,493.71875000000006,234.44444444444446,466.8416800424457,219.70606264140872,520.5958199575543,249.1828262474802,0.0034700690302997828,0.9999980926513672,
2026-07-15T21:49:09.098,32.00495748000685,20260715_214837_front_fusion_ego_1533,speedsweep_slow,fusion_ego_1533,6339639,1,vehicle,0.3460683524608612,55.95905657726823,135.543497464061,1.1451628455697926,-39.965205906731036,7.1359124183654785,2.576141834259033,3.1457173824310303,17.786244633771766,422.55208333333337,216.66666666666669,398.56365110104286,192.77672986189526,446.5405155656239,240.5566034714381,0.001740355626679957,0.9999282360076904,
2026-07-15T21:49:09.098,32.00495748000685,20260715_214837_front_fusion_ego_1533,speedsweep_slow,fusion_ego_1533,6339639,2,vehicle,0.05189473554491997,53.559550973846804,135.1770823715765,1.5770330500592284,3.3673235017307737,7.284593105316162,2.6352217197418213,3.698190212249756,15.45815337352859,422.55208333333337,206.66666666666669,393.05464862038696,173.99689594904584,452.0495180462798,239.33643738428754,0.00012190786947030574,0.9997716546058655,
2026-07-15T21:49:09.230,32.13741393806413,20260715_214837_front_fusion_ego_1533,speedsweep_slow,fusion_ego_1533,6339640,0,vehicle,0.38388872146606445,54.67684768277744,138.41538135083468,0.5730695515764224,126.20926311072726,4.971439361572266,1.8796213865280151,1.8858991861343384,15.845757316339313,493.71875000000006,234.44444444444446,467.7002820745111,219.13824346330432,519.737217925489,249.7506454255846,0.0040488773956894875,0.9999964237213135,
2026-07-15T21:49:09.230,32.13741393806413,20260715_214837_front_fusion_ego_1533,speedsweep_slow,fusion_ego_1533,6339640,1,vehicle,0.19757385551929474,57.181962628867986,135.8559648834606,1.2017529779504208,14.62300295253389,7.148200035095215,2.501832962036133,3.246634006500244,18.398440174573413,430.33593750000006,216.66666666666669,408.39023473858833,193.8140098253886,452.2816402614117,239.51932350794476,0.0016309983329847455,0.9998916387557983,
2026-07-15T21:49:09.361,32.26833145704586,20260715_214837_front_fusion_ego_1533,speedsweep_slow,fusion_ego_1533,6339641,0,vehicle,0.4571036100387573,56.344013798626584,140.11615655065077,0.6212562794636476,122.51275206165305,5.351844787597656,1.9435510635375977,2.204770803451538,17.165692607817686,493.71875000000006,234.44444444444446,465.6720390990377,218.26121475961475,521.7654609009624,250.62767412927417,0.0013081477954983711,0.9999983310699463,
2026-07-15T21:49:09.361,32.26833145704586,20260715_214837_front_fusion_ego_1533,speedsweep_slow,fusion_ego_1533,6339641,1,vehicle,0.19566939771175385,58.50185157191273,134.79127241114548,1.1975271594941468,-53.44600881517031,7.505713939666748,2.6563937664031982,3.2162227630615234,19.343708781094943,422.55208333333337,216.66666666666669,397.6492091727754,195.41659752527875,447.45495749389136,237.91673580805463,0.0008506199228577316,0.9999419450759888,
2026-07-15T21:49:09.488,32.39491564303171,20260715_214837_front_fusion_ego_1533,speedsweep_slow,fusion_ego_1533,6339642,0,vehicle,0.3598366975784302,55.64589226109517,138.6830914494394,0.6859630667876162,129.78369796417377,5.130143642425537,1.9313452243804932,2.060943841934204,15.892244812027055,493.71875000000006,234.44444444444446,465.3228806778789,218.55461087491778,522.1146193221211,250.33427801397113,0.0034590926952660084,0.9999901056289673,
2026-07-15T21:49:09.488,32.39491564303171,20260715_214837_front_fusion_ego_1533,speedsweep_slow,fusion_ego_1533,6339642,1,vehicle,0.22098469734191895,58.74995570847082,135.7363521799338,1.1933488750584713,-29.965802475428656,7.629823684692383,2.636615514755249,3.3271291255950928,19.044902952992746,430.33593750000006,216.66666666666669,406.56274592503905,194.52162841955823,454.109129074961,238.81170491377515,0.007641139905899763,0.9999679327011108,
2026-07-15T21:49:09.488,32.39491564303171,20260715_214837_front_fusion_ego_1533,speedsweep_slow,fusion_ego_1533,6339642,2,vehicle,0.1217678114771843,71.97206099690919,130.98539742546382,0.5141806615106903,40.84386663526732,5.267324447631836,1.9102213382720947,2.3847436904907227,32.86772360218637,360.28125,225.55555555555557,346.3307421989739,214.51585951778625,374.2317578010261,236.5952515933249,0.021555040031671524,0.9995792508125305,
2026-07-15T21:49:09.607,32.51375259505585,20260715_214837_front_fusion_ego_1533,speedsweep_slow,fusion_ego_1533,6339643,0,vehicle,0.31645211577415466,72.5215534789977,131.45083665403803,0.6898257452562777,11.777206019914061,5.251802444458008,2.00323224067688,2.376659393310547,32.95738455704137,360.28125,225.55555555555557,348.3169000521302,215.99186036321854,372.2455999478698,235.1192507478926,0.09315548092126846,0.9998974800109863,
2026-07-15T21:49:09.607,32.51375259505585,20260715_214837_front_fusion_ego_1533,speedsweep_slow,fusion_ego_1533,6339643,1,vehicle,0.3152203857898712,58.78047190500849,134.5255339366247,1.0986071094453422,-32.55832314644644,7.315991401672363,2.6291003227233887,3.0657765865325928,18.882095264293937,422.55208333333337,216.66666666666669,397.0262548749646,195.19222895304364,448.07791179170215,238.14110438028973,0.0008131794747896492,0.9997974038124084,
2026-07-15T21:49:09.607,32.51375259505585,20260715_214837_front_fusion_ego_1533,speedsweep_slow,fusion_ego_1533,6339643,2,vehicle,0.2340421974658966,57.79101543317271,139.35778698879483,0.6478213393837056,134.18160449833601,5.319357872009277,1.934492588043213,2.177687644958496,17.72450220147865,493.71875000000006,234.44444444444446,467.10656005144125,219.8695155647066,520.3309399485588,249.0193733241823,0.0012731058523058891,0.9999876022338867,
2026-07-15T21:49:09.728,32.63452357798815,20260715_214837_front_fusion_ego_1533,speedsweep_slow,fusion_ego_1533,6339644,0,vehicle,0.5279155969619751,72.92940508517208,131.0724475728165,0.7112904460877583,22.462739990743405,5.229314804077148,1.983268141746521,2.454876661300659,33.144663609554634,360.28125,225.55555555555557,346.3953770697117,215.21224233839249,374.1671229302883,235.89886877271866,0.009233863092958927,0.9993124008178711,
2026-07-15T21:49:09.728,32.63452357798815,20260715_214837_front_fusion_ego_1533,speedsweep_slow,fusion_ego_1533,6339644,1,vehicle,0.3816390633583069,58.44272935980025,139.09240527183513,0.8038757704897659,141.87716745658307,5.4807047843933105,1.992195963859558,2.2811286449432373,18.053185818170128,493.71875000000006,234.44444444444446,470.0446032956243,219.10933103826312,517.3928967043757,249.7795578506258,0.0023947558365762234,0.999985933303833,
2026-07-15T21:49:09.728,32.63452357798815,20260715_214837_front_fusion_ego_1533,speedsweep_slow,fusion_ego_1533,6339644,2,vehicle,0.3765425384044647,58.09006056605209,134.84562931111006,1.1471161090962807,-17.841347506923512,7.525735378265381,2.6844305992126465,3.2298636436462402,17.86066290209104,422.55208333333337,216.66666666666669,395.4984648798903,192.60210017363232,449.6057017867764,240.73123315970105,0.0013582644751295447,0.9999001026153564,
2026-07-15T21:49:09.857,32.76386543107219,20260715_214837_front_fusion_ego_1533,speedsweep_slow,fusion_ego_1533,6339645,0,vehicle,0.5566840767860413,72.41520339413859,130.35501243782068,0.7563355769339475,33.75219873913979,5.066256046295166,1.9185682535171509,2.2953028678894043,32.57564158521689,360.28125,225.55555555555557,346.8286993727088,215.63241216871475,373.7338006272912,235.4786989423964,0.10154406726360321,0.9994080066680908,
2026-07-15T21:49:09.857,32.76386543107219,20260715_214837_front_fusion_ego_1533,speedsweep_slow,fusion_ego_1533,6339645,1,vehicle,0.2872862219810486,57.53780359479366,140.09739713008756,0.7736669420598783,159.0323839402598,5.3557448387146,1.9617600440979004,2.1686763763427734,17.044411949552075,493.71875000000006,234.44444444444446,469.88841256499296,219.41754188802508,517.5490874350071,249.47134700086383,0.009352173656225204,0.9999736547470093,
2026-07-15T21:49:09.857,32.76386543107219,20260715_214837_front_fusion_ego_1533,speedsweep_slow,fusion_ego_1533,6339645,2,vehicle,0.2812856435775757,59.10720321300795,135.10540218566274,1.1461986095004217,-52.64248163759487,7.157474994659424,2.610499143600464,3.0687155723571777,18.607575533489513,421.4401041666667,217.7777777777778,394.2132172385852,197.28015946017373,448.6669910947482,238.27539609538186,0.0011591098736971617,0.999657154083252,
2026-07-15T21:49:09.857,32.76386543107219,20260715_214837_front_fusion_ego_1533,speedsweep_slow,fusion_ego_1533,6339645,3,vehicle,0.16088593006134033,65.46851948401135,117.84356088632954,0.5480795857619492,136.14753818134048,4.817500114440918,1.8209017515182495,1.9935153722763062,31.758388587421397,225.73177083333334,226.66666666666669,200.86994625007114,217.20193068186444,250.59359541659555,236.13140265146893,0.557663083076477,0.996163010597229,
2026-07-15T21:49:09.986,32.89284015703015,20260715_214837_front_fusion_ego_1533,speedsweep_slow,fusion_ego_1533,6339646,0,vehicle,0.46879854798316956,58.48214352850274,140.77755829675968,0.8687971176339404,165.74229930632242,5.9687018394470215,2.1495187282562256,2.3366146087646484,17.884685703457084,493.71875000000006,234.44444444444446,464.8591028526426,218.84774771001605,522.5783971473575,250.04114117887286,0.002571344841271639,0.9999868869781494,
2026-07-15T21:49:09.986,32.89284015703015,20260715_214837_front_fusion_ego_1533,speedsweep_slow,fusion_ego_1533,6339646,1,vehicle,0.36966145038604736,71.32831160515795,130.43083342267647,0.9532593839307117,-7.997976104852383,5.707164287567139,2.108976364135742,2.674962282180786,31.30385968443502,360.28125,225.55555555555557,346.3945721760392,213.49412116739487,374.1679278239608,237.61698994371628,0.005332336761057377,0.9991094470024109,
2026-07-15T21:49:09.986,32.89284015703015,20260715_214837_front_fusion_ego_1533,speedsweep_slow,fusion_ego_1533,6339646,2,vehicle,0.21428275108337402,58.69950155282084,135.06499756284074,1.4068713996218738,-16.109603850964476,7.43586540222168,2.6763758659362793,3.2709336280822754,18.01081819971937,422.55208333333337,216.66666666666669,391.82392801841104,192.47050563494366,453.2802386482557,240.8628276983897,0.00033078438718803227,0.9997685551643372,
2026-07-15T21:49:10.110,33.01695256005041,20260715_214837_front_fusion_ego_1533,speedsweep_slow,fusion_ego_1533,6339647,0,vehicle,0.6474921703338623,71.45863688753462,130.4983983834199,1.0426156549536398,-21.206139542719644,5.782059192657471,2.1142237186431885,2.625863790512085,31.22892039343395,359.16927083333337,225.55555555555557,345.6061586750051,213.6051905486319,372.73238299166167,237.50592056247925,0.018000520765781403,0.9997695088386536,
2026-07-15T21:49:10.110,33.01695256005041,20260715_214837_front_fusion_ego_1533,speedsweep_slow,fusion_ego_1533,6339647,1,vehicle,0.3283093273639679,58.208871763416525,140.20972861562657,1.0967566051118123,-170.3956892172497,5.9331183433532715,2.209050178527832,2.3827333450317383,17.330109911634867,492.60677083333337,235.55555555555557,462.6293745239576,217.53679368231033,522.5841671427091,253.5743174288008,0.008041014894843102,0.9999991655349731,
2026-07-15T21:49:10.110,33.01695256005041,20260715_214837_front_fusion_ego_1533,speedsweep_slow,fusion_ego_1533,6339647,2,vehicle,0.23409372568130493,58.87399231602983,135.3609425759846,1.530729099007311,22.382699795434554,6.966014862060547,2.554900646209717,3.343153715133667,17.954760555431392,422.55208333333337,217.7777777777778,395.067169127365,194.49435995684732,450.03699753930175,241.06119559870828,0.00025760699645616114,0.999032735824585,
2026-07-15T21:49:10.110,33.01695256005041,20260715_214837_front_fusion_ego_1533,speedsweep_slow,fusion_ego_1533,6339647,3,vehicle,0.07982578128576279,46.771092820240504,129.40311304028134,1.57219890122534,37.38093570889168,7.129266738891602,2.559980869293213,3.449882745742798,10.0487325344719,40.03125,173.33333333333334,-12.419655710458755,57.59279568990072,92.48215571045876,289.073870976766,0.00019726381287910044,0.267575740814209,
2026-07-15T21:49:10.233,33.13966782705393,20260715_214837_front_fusion_ego_1533,speedsweep_slow,fusion_ego_1533,6339648,0,vehicle,0.4179840385913849,71.04945993273218,130.88119336299656,1.100110362697302,-22.167436567756393,5.737735271453857,2.110339641571045,2.556043863296509,30.564970122190054,359.16927083333337,225.55555555555557,344.88387318079674,214.1236150595877,373.45466848587,236.98749605152344,0.02465618960559368,0.9995949864387512,
2026-07-15T21:49:10.233,33.13966782705393,20260715_214837_front_fusion_ego_1533,speedsweep_slow,fusion_ego_1533,6339648,1,vehicle,0.3357648551464081,58.93828019675047,139.8192369590385,0.9679636239395566,154.1769057713479,5.782473564147949,2.121636390686035,2.249440908432007,17.82286575393044,493.71875000000006,235.55555555555557,465.45692569762474,219.11990496847366,521.9805743023753,251.99120614263748,0.003607674967497587,0.999998927116394,
2026-07-15T21:49:10.233,33.13966782705393,20260715_214837_front_fusion_ego_1533,speedsweep_slow,fusion_ego_1533,6339648,2,vehicle,0.22579233348369598,57.59700751588302,134.8915890252374,1.6571705128030694,7.848803249306764,6.9265546798706055,2.580911159515381,3.327404737472534,16.58131618726285,422.55208333333337,216.66666666666669,392.3755696912607,191.08172575632733,452.72859697540605,242.25160757700604,0.005559795070439577,0.9990333318710327,
2026-07-15T21:49:10.233,33.13966782705393,20260715_214837_front_fusion_ego_1533,speedsweep_slow,fusion_ego_1533,6339648,3,vehicle,0.1231321319937706,59.63385663536154,132.36767446694793,0.7165586205325507,29.825972237384924,4.523826599121094,1.7971820831298828,1.5229556560516357,19.14886058263973,403.6484375,243.33333333333334,384.7612113915384,232.7965952952703,422.5356636084616,253.8700713713964,0.025609761476516724,0.9971280694007874,
2026-07-15T21:49:10.361,33.26836767105851,20260715_214837_front_fusion_ego_1533,speedsweep_slow,fusion_ego_1533,6339649,0,vehicle,0.6054182052612305,60.281398797721465,141.46229711901236,1.182475696705947,142.99436664013948,5.864590167999268,2.22049880027771,2.3422210216522217,19.19768569452739,492.60677083333337,235.55555555555557,465.22898065795505,218.0411383840773,519.9845610087117,253.06997272703384,0.0380755290389061,0.9999997615814209,
2026-07-15T21:49:10.361,33.26836767105851,20260715_214837_front_fusion_ego_1533,speedsweep_slow,fusion_ego_1533,6339649,1,vehicle,0.3491402864456177,69.63806232478434,130.33983148322778,1.1734578886173694,-48.994705337450576,5.972063064575195,2.1975674629211426,2.5929391384124756,29.117047068732678,359.16927083333337,226.66666666666669,342.3457730126878,213.98181180159253,375.99276865397894,239.35152153174084,0.010407164692878723,0.999895453453064,
2026-07-15T21:49:10.361,33.26836767105851,20260715_214837_front_fusion_ego_1533,speedsweep_slow,fusion_ego_1533,6339649,2,vehicle,0.291690468788147,60.550968735291285,136.30873584202183,1.4277420024316083,-64.2060691194619,6.791386127471924,2.4159252643585205,3.126340627670288,19.13729128580482,422.55208333333337,226.66666666666669,396.2418144096931,208.8678441445033,448.8623522569736,244.46548918883008,0.0002272033889312297,0.9999938011169434,
2026-07-15T21:49:10.361,33.26836767105851,20260715_214837_front_fusion_ego_1533,speedsweep_slow,fusion_ego_1533,6339649,3,person,0.17866063117980957,60.39637318175622,146.68972939045747,0.9202820187873424,-93.25840253891062,0.3919029235839844,0.45930466055870056,1.6727688312530518,20.97639453672446,563.7734375,234.44444444444446,558.0830177916214,223.20605751540927,569.4638572083786,245.68283137347964,0.9999997615814209,0.9692656993865967,
2026-07-15T21:49:10.484,33.39117163000628,20260715_214837_front_fusion_ego_1533,speedsweep_slow,fusion_ego_1533,6339650,0,vehicle,0.4647968113422394,59.826860268920925,140.39935578973362,1.110417024049355,-136.71268983182398,6.075777053833008,2.2144834995269775,2.3387792110443115,18.357199189777564,492.60677083333337,235.55555555555557,466.5176965532204,219.26723692152237,518.6958451134464,251.84387418958877,0.056550804525613785,0.9999998807907104,
2026-07-15T21:49:10.484,33.39117163000628,20260715_214837_front_fusion_ego_1533,speedsweep_slow,fusion_ego_1533,6339650,1,vehicle,0.3500675559043884,71.763382794961,131.36237999536743,1.124838665724557,-44.89489968173816,5.550380229949951,2.104783535003662,2.523446559906006,30.74539266141394,351.3854166666667,225.55555555555557,338.08690773571533,213.67629948589538,364.68392559761804,237.43481162521576,0.028905922546982765,0.9989711046218872,
2026-07-15T21:49:10.484,33.39117163000628,20260715_214837_front_fusion_ego_1533,speedsweep_slow,fusion_ego_1533,6339650,2,vehicle,0.32219523191452026,58.945910582824595,134.993564622436,1.6267053183724522,12.249485703405037,7.26549768447876,2.6738767623901367,3.3147811889648438,17.477847734567778,421.4401041666667,217.7777777777778,392.0896404931943,193.629022108184,450.7905678401391,241.9265334473716,0.00472658546641469,0.9994128942489624,
2026-07-15T21:49:10.484,33.39117163000628,20260715_214837_front_fusion_ego_1533,speedsweep_slow,fusion_ego_1533,6339650,3,person,0.2884787321090698,61.733871642313105,115.89063371465909,0.6725069691825754,-174.0180567682748,0.6649699211120605,0.5043940544128418,1.704171895980835,29.626725324752165,200.15625,234.44444444444446,194.50484973937273,223.99291392829684,205.80765026062727,244.89597496059207,0.910300076007843,0.6723948121070862,
2026-07-15T21:49:10.621,33.52808048308361,20260715_214837_front_fusion_ego_1533,speedsweep_slow,fusion_ego_1533,6339651,0,vehicle,0.573908269405365,69.47219215561249,130.26471657534316,1.040323623557955,-59.743969096344756,5.730591297149658,2.1160080432891846,2.586057662963867,28.575260770842295,351.3854166666667,225.55555555555557,336.3081849801044,211.9071475002501,366.462648353229,239.20396361086105,0.07671695947647095,0.9999843835830688,
2026-07-15T21:49:10.621,33.52808048308361,20260715_214837_front_fusion_ego_1533,speedsweep_slow,fusion_ego_1533,6339651,1,vehicle,0.34389349818229675,59.98250476871674,139.08461112210836,0.9953834989097867,170.28997213960585,5.693785190582275,2.148186445236206,2.1466009616851807,18.163936997488385,492.60677083333337,234.44444444444446,466.85462249939644,218.18414058950214,518.3589191672703,250.70474829938678,0.030855629593133926,0.9999972581863403,
2026-07-15T21:49:10.621,33.52808048308361,20260715_214837_front_fusion_ego_1533,speedsweep_slow,fusion_ego_1533,6339651,2,vehicle,0.22988252341747284,60.41562621621612,134.9240793039651,1.5171801690747504,-29.747972256197475,7.265995502471924,2.6251604557037354,3.3274497985839844,18.739857356470264,422.55208333333337,217.7777777777778,392.2303993230065,195.6114302741157,452.87376734366023,239.9441252814399,0.0003307781007606536,0.9994357228279114,
2026-07-15T21:49:10.621,33.52808048308361,20260715_214837_front_fusion_ego_1533,speedsweep_slow,fusion_ego_1533,6339651,3,person,0.12586767971515656,59.12654042380209,147.16304307006456,0.7373409429607651,174.56811630992738,0.5466165542602539,0.5123639702796936,1.6580431461334229,19.696123538377783,573.78125,234.44444444444446,566.8130627796054,221.41895439889697,580.7494372203946,247.46993448999194,0.9999997615814209,0.9944467544555664,
2026-07-15T21:49:10.748,33.65474373998586,20260715_214837_front_fusion_ego_1533,speedsweep_slow,fusion_ego_1533,6339652,0,vehicle,0.7208531498908997,69.3263533305491,130.82565634410042,1.1152405767614617,-71.1236729916373,6.094231605529785,2.2634263038635254,2.6903860569000244,28.108115291433357,350.2734375,225.55555555555557,333.29841446876526,211.17925677034592,367.24846053123474,239.93185434076523,0.012914909981191158,0.9999796152114868,
2026-07-15T21:49:10.748,33.65474373998586,20260715_214837_front_fusion_ego_1533,speedsweep_slow,fusion_ego_1533,6339652,1,vehicle,0.351471871137619,60.05226943103735,135.0203236617442,1.5910025806150256,4.388374665837722,7.140188694000244,2.6138391494750977,3.381366729736328,18.178759687682906,422.55208333333337,217.7777777777778,393.4507040282091,194.37371777163614,451.65346263845765,241.18183778391946,0.0007443998474627733,0.999243974685669,
2026-07-15T21:49:10.748,33.65474373998586,20260715_214837_front_fusion_ego_1533,speedsweep_slow,fusion_ego_1533,6339652,2,vehicle,0.2607079744338989,61.191978359345526,138.42966364809405,1.0342803881854201,162.29142374404947,5.949936866760254,2.1881937980651855,2.3606417179107666,19.14229924387566,492.60677083333337,234.44444444444446,465.88008873661363,219.107387330797,519.3334529300531,249.78150155809192,0.025085974484682083,0.999997615814209,
2026-07-15T21:49:10.748,33.65474373998586,20260715_214837_front_fusion_ego_1533,speedsweep_slow,fusion_ego_1533,6339652,3,person,0.15995050966739655,61.39269200109974,117.63954808437083,0.4998139517640072,163.53815525547012,0.737769365310669,0.5269971489906311,1.6076610088348389,27.857230722694243,199.04427083333334,234.44444444444446,192.97321873654923,223.6930197146204,205.11532293011746,245.19586917426852,0.9840822219848633,0.5604678988456726,
2026-07-15T21:49:10.881,33.78831913706381,20260715_214837_front_fusion_ego_1533,speedsweep_slow,fusion_ego_1533,6339653,0,vehicle,0.5877207517623901,69.28963692812688,130.95587311330485,1.2013591562233719,-83.04892665984022,5.956669807434082,2.215212106704712,2.672109365463257,27.866692655182245,350.2734375,225.55555555555557,333.8454812914133,211.17445293400024,366.7013937085867,239.9366581771109,0.022641479969024658,0.999942421913147,
2026-07-15T21:49:10.881,33.78831913706381,20260715_214837_front_fusion_ego_1533,speedsweep_slow,fusion_ego_1533,6339653,1,vehicle,0.3965167999267578,61.97172141975216,135.03811117667854,1.6852461706922737,6.407516873514648,7.3650994300842285,2.675842761993408,3.4427645206451416,19.90079893811933,422.55208333333337,217.7777777777778,396.4218210851153,194.22328160868753,448.68234558155143,241.33227394686807,0.002042284468188882,0.9997411370277405,
2026-07-15T21:49:10.881,33.78831913706381,20260715_214837_front_fusion_ego_1533,speedsweep_slow,fusion_ego_1533,6339653,2,vehicle,0.36583274602890015,61.248239010016135,139.80414289423487,1.0055451176438375,151.10337672433775,5.676998615264893,2.1184232234954834,2.1065146923065186,19.124272480364958,492.60677083333337,235.55555555555557,468.09857612599933,220.30498001310562,517.1149655406674,250.80613109800552,0.06455910205841064,0.9999997615814209,
2026-07-15T21:49:10.881,33.78831913706381,20260715_214837_front_fusion_ego_1533,speedsweep_slow,fusion_ego_1533,6339653,3,person,0.3021024167537689,61.57473562325859,148.89991777246814,1.0937799451070729,127.22064237175717,0.4495192766189575,0.4222707152366638,2.0689914226531982,22.349976682970286,573.78125,226.66666666666669,570.0543047776446,213.48213414351147,577.5081952223554,239.8511991898219,0.9999133348464966,0.9552515149116516,
2026-07-15T21:49:11.007,33.914515285985544,20260715_214837_front_fusion_ego_1533,speedsweep_slow,fusion_ego_1533,6339654,0,vehicle,0.44136759638786316,69.00446909732213,130.80364243903549,1.376270842620034,-68.62802169633855,5.958211421966553,2.2212910652160645,2.745197296142578,27.427839946984648,350.2734375,226.66666666666669,333.21779784560204,211.97558740774792,367.32907715439796,241.35774592558545,0.030667126178741455,0.9999587535858154,
2026-07-15T21:49:11.007,33.914515285985544,20260715_214837_front_fusion_ego_1533,speedsweep_slow,fusion_ego_1533,6339654,1,vehicle,0.41976261138916016,62.19034098219076,136.93065275062744,1.5470250607653981,-69.37625408307981,7.249670028686523,2.548635482788086,3.327138900756836,19.751377603602208,422.55208333333337,225.55555555555557,399.68244694297516,205.3063115808699,445.4217197236916,245.80479953024124,0.0005083083524368703,0.9999905824661255,
2026-07-15T21:49:11.007,33.914515285985544,20260715_214837_front_fusion_ego_1533,speedsweep_slow,fusion_ego_1533,6339654,2,vehicle,0.3029181659221649,62.15434414779219,139.25796594524584,1.115948398991093,166.13853630740059,5.912027359008789,2.191828489303589,2.218642473220825,19.76763521317809,492.60677083333337,235.55555555555557,467.9355962922176,220.76916846964096,517.2779453744491,250.34194264147018,0.08379103988409042,0.9999980926513672,
2026-07-15T21:49:11.007,33.914515285985544,20260715_214837_front_fusion_ego_1533,speedsweep_slow,fusion_ego_1533,6339654,3,person,0.17232902348041534,61.24887361171844,147.97761587197695,0.9373374320693344,177.40696577308162,0.4979521334171295,0.5032286047935486,1.6159783601760864,21.43804968872069,573.78125,234.44444444444446,567.447207246907,222.46952381398944,580.115292753093,246.41936507489947,0.9999840259552002,0.9399157762527466,
2026-07-15T21:49:11.125,34.032504330039956,20260715_214837_front_fusion_ego_1533,speedsweep_slow,fusion_ego_1533,6339655,0,vehicle,0.28676316142082214,70.40422227414145,130.29272103702849,1.3228552412214718,-104.92672060779,6.404022216796875,2.3101863861083984,2.8247780799865723,28.6739569224077,342.48958333333337,226.66666666666669,325.75709576283896,211.46824220816296,359.2220709038278,241.8650911251704,0.012147760018706322,0.9999592304229736,
2026-07-15T21:49:11.125,34.032504330039956,20260715_214837_front_fusion_ego_1533,speedsweep_slow,fusion_ego_1533,6339655,1,vehicle,0.2659294903278351,62.593040896921295,139.25412784146434,1.0725846218257065,-73.99322253738674,5.68345832824707,2.11013126373291,2.0946033000946045,19.96014401489178,492.60677083333337,235.55555555555557,467.0581222077211,221.30345645878052,518.1554194589456,249.80765465233063,0.09174055606126785,0.9999980926513672,
2026-07-15T21:49:11.125,34.032504330039956,20260715_214837_front_fusion_ego_1533,speedsweep_slow,fusion_ego_1533,6339655,2,vehicle,0.23489078879356384,59.919771791923004,135.5699130268177,1.9333386395244716,40.5192056220056,6.919395446777344,2.592010259628296,3.368924617767334,17.354788564397662,422.55208333333337,217.7777777777778,394.25683208306634,192.22738371955026,450.8473345836004,243.32817183600534,0.002307457849383354,0.999666690826416,
2026-07-15T21:49:11.125,34.032504330039956,20260715_214837_front_fusion_ego_1533,speedsweep_slow,fusion_ego_1533,6339655,3,person,0.17809291183948517,58.62526607514136,147.2440084035815,1.170863154299731,-54.25814932026561,0.4529297649860382,0.48009800910949707,1.7192491292953491,18.57847298096242,572.6692708333334,234.44444444444446,566.754274655444,221.70423414972095,578.5842670112228,247.18465473916797,0.9999996423721313,0.9954138994216919,
2026-07-15T21:49:11.245,34.15269114100374,20260715_214837_front_fusion_ego_1533,speedsweep_slow,fusion_ego_1533,6339656,0,vehicle,0.4940267503261566,66.9910231575958,131.35769279187878,1.3760341149711226,-80.78056196518008,6.340763568878174,2.332137107849121,2.859326124191284,24.823602118233012,342.48958333333337,226.66666666666669,322.69212428604567,210.44779042402905,362.2870423806211,242.88554290930432,0.02821796014904976,0.9999911785125732,
2026-07-15T21:49:11.245,34.15269114100374,20260715_214837_front_fusion_ego_1533,speedsweep_slow,fusion_ego_1533,6339656,1,vehicle,0.387403666973114,61.39110657979822,135.17615212197936,1.8314736961197218,8.834636158503864,7.374395370483398,2.7020890712738037,3.469496250152588,18.576703870302005,422.55208333333337,217.7777777777778,393.95116019000614,190.63635455237497,451.1530064766606,244.91920100318063,0.006814111489802599,0.9998341798782349,
2026-07-15T21:49:11.245,34.15269114100374,20260715_214837_front_fusion_ego_1533,speedsweep_slow,fusion_ego_1533,6339656,2,vehicle,0.26604005694389343,62.966196123281,140.29117756149108,1.0930893700794688,-51.067493915773035,5.804844856262207,2.143089771270752,2.1777639389038086,20.15239901054728,492.60677083333337,235.55555555555557,467.19674207766855,221.37151304218506,518.0167995889982,249.73959806892609,0.273408979177475,0.9999972581863403,
2026-07-15T21:49:11.389,34.29568087600637,20260715_214837_front_fusion_ego_1533,speedsweep_slow,fusion_ego_1533,6339657,0,vehicle,0.4834210276603699,61.15924219915976,134.99142425358167,1.8228560670755956,13.72860467238035,7.2263054847717285,2.6854844093322754,3.3822977542877197,18.049558909078254,422.55208333333337,217.7777777777778,392.4112140734991,189.8489688502418,452.69295259316766,245.7065867053138,0.00029383975197561085,0.9998897314071655,
2026-07-15T21:49:11.389,34.29568087600637,20260715_214837_front_fusion_ego_1533,speedsweep_slow,fusion_ego_1533,6339657,1,vehicle,0.4050937592983246,68.24926034067714,131.07571394840855,1.4360357499451468,-72.4658344153749,5.930459022521973,2.253268241882324,2.769374132156372,25.795803077137244,342.48958333333337,226.66666666666669,323.0364549358686,211.53875211874646,361.9427117307981,241.7945812145869,0.016607284545898438,0.9999141693115234,
2026-07-15T21:49:11.389,34.29568087600637,20260715_214837_front_fusion_ego_1533,speedsweep_slow,fusion_ego_1533,6339657,2,person,0.14768005907535553,64.33141628700741,112.62625693195342,1.05868723453478,118.88527283551524,1.2689504623413086,0.6899037957191467,1.9619063138961792,32.7087576205402,173.46875,234.44444444444446,167.34358749445528,222.66573902633456,179.59391250554472,246.22314986255435,0.9766934514045715,0.6282718777656555,
2026-07-15T21:49:11.389,34.29568087600637,20260715_214837_front_fusion_ego_1533,speedsweep_slow,fusion_ego_1533,6339657,3,vehicle,0.13866615295410156,62.38481240690288,138.99245190595744,1.1410143681402436,-94.80626831154423,5.506949424743652,2.064540147781372,2.1059346199035645,19.11821148225476,492.60677083333337,235.55555555555557,467.5952439804872,221.110112104151,517.6182976861795,250.00099900696014,0.25954949855804443,0.999981164932251,
2026-07-15T21:49:11.389,34.29568087600637,20260715_214837_front_fusion_ego_1533,speedsweep_slow,fusion_ego_1533,6339657,4,vehicle,0.10008557885885239,63.78944124746155,114.97294920231202,0.849832926831704,112.38500801134853,1.0820400714874268,0.6653100252151489,1.7131519317626953,30.58592548465146,181.25260416666669,234.44444444444446,174.6091943268354,224.04461082484988,187.89601400649798,244.84427806403903,0.6001808047294617,0.3887360990047455,
2026-07-15T21:49:11.517,34.42380560899619,20260715_214837_front_fusion_ego_1533,speedsweep_slow,fusion_ego_1533,6339658,0,vehicle,0.3542304039001465,62.267749587777246,134.7077095067674,1.9454863318798867,43.544650166375824,7.326804161071777,2.7231414318084717,3.5083038806915283,18.829854852171344,422.55208333333337,217.7777777777778,394.96998378386104,192.88334833251108,450.1341828828057,242.67220722304452,0.0010024335933849216,0.9982162117958069,
2026-07-15T21:49:11.517,34.42380560899619,20260715_214837_front_fusion_ego_1533,speedsweep_slow,fusion_ego_1533,6339658,1,vehicle,0.26825132966041565,67.67384868959505,130.79925781780574,1.3535188283433544,-86.49934321482223,5.63188362121582,2.153244972229004,2.627654790878296,24.96302292759622,341.3776041666667,226.66666666666669,322.4271207327644,212.68274823824567,360.32808760056895,240.6505850950877,0.014486189931631088,0.9999797344207764,
2026-07-15T21:49:11.517,34.42380560899619,20260715_214837_front_fusion_ego_1533,speedsweep_slow,fusion_ego_1533,6339658,2,vehicle,0.14376802742481232,62.75057529173315,139.18415633321936,1.2217754807076842,175.05971717218017,5.718844890594482,2.1085469722747803,2.2559711933135986,19.13094252114196,492.60677083333337,235.55555555555557,469.5135951091846,220.3162470791075,515.6999465574821,250.79486403200363,0.5451319217681885,0.9999985694885254,
2026-07-15T21:49:11.640,34.54725170403253,20260715_214837_front_fusion_ego_1533,speedsweep_slow,fusion_ego_1533,6339659,0,vehicle,0.38613876700401306,67.54665058526204,132.4528064075758,1.538932111874059,-91.40657397748939,6.039597034454346,2.2536885738372803,2.808406352996826,24.036925940025025,333.59375,226.66666666666669,312.3827147334814,211.54934863249463,354.8047852665186,241.78398470083874,0.00044314409024082124,0.999987006187439,
2026-07-15T21:49:11.640,34.54725170403253,20260715_214837_front_fusion_ego_1533,speedsweep_slow,fusion_ego_1533,6339659,1,vehicle,0.2867860794067383,63.24324696898812,138.3117231866399,1.1948150601566758,162.42192539968502,5.553523063659668,2.0801520347595215,2.132051467895508,19.168468591182002,492.60677083333337,235.55555555555557,470.331193694224,220.54236087534164,514.8823479724427,250.5687502357695,0.09401044994592667,0.9999996423721313,
2026-07-15T21:49:11.640,34.54725170403253,20260715_214837_front_fusion_ego_1533,speedsweep_slow,fusion_ego_1533,6339659,2,vehicle,0.2165471315383911,61.42357440884197,135.5244450348909,1.8979733832952261,26.96883712076799,7.2022318840026855,2.660045862197876,3.3976495265960693,17.475484193846807,422.55208333333337,217.7777777777778,392.2856665675839,193.14158784018625,452.8185000990828,242.41396771536935,0.0004697791882790625,0.9973220229148865,
2026-07-15T21:49:11.640,34.54725170403253,20260715_214837_front_fusion_ego_1533,speedsweep_slow,fusion_ego_1533,6339659,3,person,0.11716888844966888,60.471962406747664,148.0522655913386,1.1212642547122913,99.36708558656505,0.5834581255912781,0.4996888041496277,1.8875383138656616,19.38992197528742,582.6770833333334,226.66666666666669,577.5137234314656,212.34252254168194,587.8404432352012,240.99081079165143,0.9956322312355042,0.0790233165025711,
2026-07-15T21:49:11.767,34.674399248091504,20260715_214837_front_fusion_ego_1533,speedsweep_slow,fusion_ego_1533,6339660,0,vehicle,0.5846653580665588,67.12099645055221,132.4768630376924,1.5319016996370918,-89.49574448157354,6.211977481842041,2.2948763370513916,2.9229695796966553,23.175731541645323,332.48177083333337,226.66666666666669,309.3729124081632,209.45005158583325,355.59062925850355,243.88328174750012,0.0008669663802720606,0.9999988079071045,
2026-07-15T21:49:11.767,34.674399248091504,20260715_214837_front_fusion_ego_1533,speedsweep_slow,fusion_ego_1533,6339660,1,vehicle,0.31929853558540344,63.763431137102636,138.64398589866835,1.256470932645493,117.47274023083035,5.725486755371094,2.1430420875549316,2.1786844730377197,19.248586475241563,492.60677083333337,235.55555555555557,468.2525573757788,220.02528819772934,516.960984290888,251.0858229133818,0.13182929158210754,0.9999991655349731,
2026-07-15T21:49:11.767,34.674399248091504,20260715_214837_front_fusion_ego_1533,speedsweep_slow,fusion_ego_1533,6339660,2,vehicle,0.31091925501823425,61.49392388488543,135.7790879296132,1.9370509317843432,16.837791047454107,7.268546104431152,2.6892898082733154,3.497237205505371,17.067198790082106,422.55208333333337,217.7777777777778,393.8584828873476,190.48938201533426,451.24568377931917,245.06617354022134,0.0004161252290941775,0.9997735619544983,
2026-07-15T21:49:11.767,34.674399248091504,20260715_214837_front_fusion_ego_1533,speedsweep_slow,fusion_ego_1533,6339660,3,person,0.08642441034317017,59.12953788090145,147.90591778449385,1.265988954688498,9.772454115534616,0.4049796164035797,0.4434594511985779,1.7455214262008667,17.81051191629854,599.3567708333334,235.55555555555557,593.2203875373428,220.68164262506698,605.4931541293239,250.42946848604416,0.9999970197677612,0.8583382964134216,
2026-07-15T21:49:11.895,34.80193962098565,20260715_214837_front_fusion_ego_1533,speedsweep_slow,fusion_ego_1533,6339661,0,vehicle,0.3721432089805603,63.72703277599574,140.43732383895258,1.2956835048296753,115.79251313596356,5.765477180480957,2.144298791885376,2.117029905319214,18.885815933982073,492.60677083333337,235.55555555555557,469.1174983431896,219.55712291929459,516.0960433234771,251.55398819181656,0.1306052803993225,1.0,
2026-07-15T21:49:11.895,34.80193962098565,20260715_214837_front_fusion_ego_1533,speedsweep_slow,fusion_ego_1533,6339661,1,vehicle,0.3713759481906891,61.60248225346773,134.95829659635885,1.9312042857854623,33.470977814087874,7.344727516174316,2.7335638999938965,3.4578118324279785,16.78978272298845,422.55208333333337,217.7777777777778,392.4544556339582,190.69584773646463,452.6497110327085,244.85970781909097,0.0013918881304562092,0.999645471572876,
2026-07-15T21:49:11.895,34.80193962098565,20260715_214837_front_fusion_ego_1533,speedsweep_slow,fusion_ego_1533,6339661,2,vehicle,0.31309959292411804,66.27227974226884,132.2510433947137,1.6085541299468673,-149.97886038987707,6.596960067749023,2.4072036743164062,3.1021037101745605,21.916639884239718,332.48177083333337,226.66666666666669,306.86111603801453,206.6839001576106,358.1024256286522,246.64943317572278,0.000243923524976708,0.9999986886978149,
2026-07-15T21:49:11.895,34.80193962098565,20260715_214837_front_fusion_ego_1533,speedsweep_slow,fusion_ego_1533,6339661,3,vehicle,0.23429039120674133,72.45320300308244,126.69515265491991,1.0638203069271155,-23.449488605793178,4.998940467834473,1.9429070949554443,1.5316729545593262,29.538414640928977,271.3229166666667,234.44444444444446,250.77917165930074,226.4618953731325,291.8666616740326,242.4269935157564,0.01974354311823845,0.9990341663360596,
2026-07-15T21:49:12.028,34.93517736007925,20260715_214837_front_fusion_ego_1533,speedsweep_slow,fusion_ego_1533,6339662,0,vehicle,0.5129213929176331,63.98436461227456,136.59125974137464,1.7451932234832468,-53.46799582181431,7.7295613288879395,2.734039783477783,3.350212574005127,18.418564338098623,422.55208333333337,225.55555555555557,393.3640904699763,202.44032118055557,451.74007619669044,248.67078993055557,0.000651890819426626,0.9999969005584717,
2026-07-15T21:49:12.028,34.93517736007925,20260715_214837_front_fusion_ego_1533,speedsweep_slow,fusion_ego_1533,6339662,1,vehicle,0.3218424916267395,70.24096476483373,131.41889511125547,1.810438210445235,-95.64379245370525,6.8457841873168945,2.4750120639801025,3.3734076023101807,25.42919102963424,324.6979166666667,226.66666666666669,300.8450278925399,208.09276978174847,348.55080544079345,245.2405635515849,0.0002685750077944249,0.9999966621398926,
2026-07-15T21:49:12.028,34.93517736007925,20260715_214837_front_fusion_ego_1533,speedsweep_slow,fusion_ego_1533,6339662,2,vehicle,0.314872682094574,65.5538617640767,139.367218792798,1.2814532706840678,-19.1854909299266,5.711121559143066,2.175879955291748,2.186432123184204,20.02452582907748,492.60677083333337,235.55555555555557,468.6465687354406,220.44540974828934,516.5669729312261,250.6657013628218,0.018185215070843697,0.9999996423721313,
2026-07-15T21:49:12.154,35.06147941807285,20260715_214837_front_fusion_ego_1533,speedsweep_slow,fusion_ego_1533,6339663,0,vehicle,0.43580377101898193,68.14693435128368,133.3111776260347,1.699884690796627,-81.60713990405182,6.796710968017578,2.4966847896575928,3.227499008178711,22.363991664572374,315.80208333333337,226.66666666666669,289.6912960124513,206.25747362772626,341.91287065421545,247.07585970560712,0.00027337425854057074,0.9999994039535522,
2026-07-15T21:49:12.154,35.06147941807285,20260715_214837_front_fusion_ego_1533,speedsweep_slow,fusion_ego_1533,6339663,1,vehicle,0.35751768946647644,65.62336951800953,141.32384071977827,1.2694782366038324,-39.53200353103668,5.461898326873779,2.0900447368621826,2.18524169921875,19.742635676282642,493.71875000000006,235.55555555555557,471.69803464785224,220.42827400896286,515.7394653521478,250.68283710214828,0.028291163966059685,0.9999998807907104,
2026-07-15T21:49:12.154,35.06147941807285,20260715_214837_front_fusion_ego_1533,speedsweep_slow,fusion_ego_1533,6339663,2,vehicle,0.2469365894794464,64.82411329978225,136.66387725283968,1.947407224055205,1.7024375163758383,7.388937950134277,2.6191139221191406,3.4436140060424805,18.639833781343157,430.33593750000006,225.55555555555557,406.4952843822539,204.0395650598738,454.17659061774617,247.07154605123733,0.0013566053239628673,0.9999845027923584,
2026-07-15T21:49:12.280,35.18695442809258,20260715_214837_front_fusion_ego_1533,speedsweep_slow,fusion_ego_1533,6339664,0,vehicle,0.6125010848045349,64.36280403547516,140.61600218949968,1.2781011684523862,60.83668490637937,5.939010143280029,2.1621956825256348,2.376330852508545,17.756474230317835,493.71875000000006,234.44444444444446,470.52838893234735,217.0972361829546,516.9091110676527,251.79165270593433,0.01823182962834835,0.9999998807907104,
2026-07-15T21:49:12.280,35.18695442809258,20260715_214837_front_fusion_ego_1533,speedsweep_slow,fusion_ego_1533,6339664,1,vehicle,0.38898569345474243,67.37762258313589,132.5721874554593,1.2610674796058072,-93.32323810502112,6.02170991897583,2.229708194732666,2.907707691192627,21.161507244058853,306.90625,226.66666666666669,278.59498995542526,206.21910909811658,335.21751004457474,247.1142242352168,0.00032431402360089123,0.9999923706054688,
2026-07-15T21:49:12.280,35.18695442809258,20260715_214837_front_fusion_ego_1533,speedsweep_slow,fusion_ego_1533,6339664,2,vehicle,0.3509906232357025,62.364496968559806,135.24896724786382,1.7507570670434294,28.962010983047254,7.1251540184021,2.66945481300354,3.2558629512786865,15.710637317162012,422.55208333333337,217.7777777777778,389.362381828328,191.28564940558542,455.74178483833873,244.26990614997018,0.001119961147196591,0.9996125102043152,
2026-07-15T21:49:12.401,35.30799472902436,20260715_214837_front_fusion_ego_1533,speedsweep_slow,fusion_ego_1533,6339665,0,vehicle,0.3378742039203644,63.20156290061983,136.11130280131889,1.3649021397471217,46.01140559898721,7.5670342445373535,2.713391065597534,3.1993489265441895,15.859338934281526,422.55208333333337,216.66666666666669,392.28648736824596,190.76801637808484,452.8176792984208,242.56531695524853,0.0005791658186353743,0.9998612403869629,
2026-07-15T21:49:12.401,35.30799472902436,20260715_214837_front_fusion_ego_1533,speedsweep_slow,fusion_ego_1533,6339665,1,vehicle,0.2647934556007385,65.92764614274869,133.6975003610849,1.143029232788015,-34.619804863864275,5.9897871017456055,2.233273506164551,2.8387506008148193,18.936898913509648,298.0104166666667,226.66666666666669,265.1414923320214,207.84825781981152,330.87934100131196,245.48507551352185,0.0014657590072602034,0.9999655485153198,
2026-07-15T21:49:12.401,35.30799472902436,20260715_214837_front_fusion_ego_1533,speedsweep_slow,fusion_ego_1533,6339665,2,vehicle,0.258113831281662,64.41162386173139,140.11143570150185,1.011852823828205,70.95982976795831,5.517025947570801,2.0328962802886963,2.169661521911621,17.164270636677028,493.71875000000006,234.44444444444446,470.1607227288187,218.64548411634235,517.2767772711813,250.24340477254657,0.0008249021484516561,0.9999936819076538,
2026-07-15T21:49:12.401,35.30799472902436,20260715_214837_front_fusion_ego_1533,speedsweep_slow,fusion_ego_1533,6339665,3,person,0.09665340930223465,60.8976414896472,151.66173810949329,1.0190695101458118,-136.6338947134537,0.5393021106719971,0.4588817059993744,1.7999306917190552,19.404076952123916,634.9401041666667,234.44444444444446,625.8999106610815,220.4540699389246,643.9802976722519,248.43481894996432,0.9997708201408386,0.868870735168457,
2026-07-15T21:49:12.528,35.435077927075326,20260715_214837_front_fusion_ego_1533,speedsweep_slow,fusion_ego_1533,6339666,0,vehicle,0.4463406801223755,64.60533694208218,131.66125688261351,1.0357222970397935,41.44871774055187,6.141477108001709,2.295935869216919,2.671794891357422,17.751271255115867,289.11458333333337,226.66666666666669,254.08318011959395,204.542177716891,324.14598654707277,248.79115561644238,0.002766628749668598,0.9999874830245972,
2026-07-15T21:49:12.528,35.435077927075326,20260715_214837_front_fusion_ego_1533,speedsweep_slow,fusion_ego_1533,6339666,1,vehicle,0.24242670834064484,63.47607053549006,137.3490853068417,1.3587095817469663,76.05880527295271,7.602688789367676,2.6823179721832275,3.227531909942627,15.558750953991545,430.33593750000006,216.66666666666669,395.95802841335535,191.80235664049786,464.7138465866447,241.5309766928355,0.00047494095633737743,0.9999375343322754,
2026-07-15T21:49:12.528,35.435077927075326,20260715_214837_front_fusion_ego_1533,speedsweep_slow,fusion_ego_1533,6339666,2,vehicle,0.21443037688732147,63.56646844021848,139.18934789677715,0.8740660910712457,86.916677124993,5.230130672454834,1.9259854555130005,2.0474836826324463,15.725747866874224,493.71875000000006,234.44444444444446,468.66904319077736,219.01116755273608,518.7684568092227,249.87772133615283,0.012175388634204865,0.9999908208847046,
2026-07-15T21:49:12.528,35.435077927075326,20260715_214837_front_fusion_ego_1533,speedsweep_slow,fusion_ego_1533,6339666,3,person,0.1136401891708374,61.115577400014956,151.1588289314832,0.911998106174039,-21.026393526369876,0.629908561706543,0.5396360754966736,1.7125799655914307,18.848634959407377,643.8359375,234.44444444444446,633.7663072571158,220.05868014362125,653.9055677428842,248.83020874526767,0.9999057054519653,0.9235514998435974,
2026-07-15T21:49:12.665,35.572481148992665,20260715_214837_front_fusion_ego_1533,speedsweep_slow,fusion_ego_1533,6339667,0,vehicle,0.4634404182434082,63.91020337016182,130.964616624714,1.1375518820796933,85.589841918232,5.674964427947998,2.197744846343994,2.560788631439209,16.96712657088914,280.21875,226.66666666666669,242.25804602354768,204.5762364069621,318.17945397645235,248.75709692637128,0.01088977325707674,0.9999439716339111,
2026-07-15T21:49:12.665,35.572481148992665,20260715_214837_front_fusion_ego_1533,speedsweep_slow,fusion_ego_1533,6339667,1,vehicle,0.4141418933868408,64.91602312665552,136.01902405763866,1.3372072622944393,44.964495537162904,7.556050777435303,2.702868700027466,3.215895652770996,16.65702404992142,422.55208333333337,216.66666666666669,394.34195038427913,194.56182936827344,450.7622162823876,238.77150396505994,0.002240809379145503,0.9999558925628662,
2026-07-15T21:49:12.665,35.572481148992665,20260715_214837_front_fusion_ego_1533,speedsweep_slow,fusion_ego_1533,6339667,2,person,0.30716878175735474,60.691999949032514,148.69214779006424,0.8103832549474568,113.33854034645117,0.5148881673812866,0.4354971647262573,1.7415034770965576,16.536051160468176,155.67708333333334,234.44444444444446,147.82804736060402,217.61034276750354,163.52611930606267,251.27854612138538,0.9990798234939575,0.9937160611152649,
2026-07-15T21:49:12.665,35.572481148992665,20260715_214837_front_fusion_ego_1533,speedsweep_slow,fusion_ego_1533,6339667,3,vehicle,0.2863985002040863,63.41391467544041,138.83642128011672,0.7261473285135238,108.41817648354812,4.9581193923950195,1.9297116994857788,1.7379485368728638,15.128426559157415,501.5026041666667,234.44444444444446,476.09355528155965,219.56959989335803,526.9116530517738,249.31928899553088,0.009200671687722206,0.999992847442627,
2026-07-15T21:49:12.665,35.572481148992665,20260715_214837_front_fusion_ego_1533,speedsweep_slow,fusion_ego_1533,6339667,4,person,0.12270035594701767,62.79526025040289,152.54256340629317,0.663718819846904,119.17404669325347,0.7504283785820007,0.5410973429679871,1.6680469512939453,20.721984159499385,652.7317708333334,235.55555555555557,642.9569718701144,223.00006810161804,662.5065697965523,248.1110430094931,0.9938836097717285,0.8064485192298889,
2026-07-15T21:49:12.791,35.698126708040945,20260715_214837_front_fusion_ego_1533,speedsweep_slow,fusion_ego_1533,6339668,0,vehicle,0.4021146297454834,60.8915598243661,132.51959311671303,0.8664274817670985,-97.5159574180449,5.193737983703613,2.0234758853912354,2.2269930839538574,13.266866148097234,270.2109375,234.44444444444446,218.43243932724002,204.67306521203784,321.98943567276,264.2158236768511,0.009767245501279831,0.9999336004257202,
2026-07-15T21:49:12.791,35.698126708040945,20260715_214837_front_fusion_ego_1533,speedsweep_slow,fusion_ego_1533,6339668,1,vehicle,0.3364839553833008,63.472723582985395,139.5221214176499,0.747534128952553,74.9338812083135,5.021022319793701,1.9207899570465088,1.8206074237823486,14.902148370345403,501.5026041666667,234.44444444444446,477.8893669160704,219.0033194091585,525.115841417263,249.8855694797304,0.05106472223997116,0.9999982118606567,
2026-07-15T21:49:12.791,35.698126708040945,20260715_214837_front_fusion_ego_1533,speedsweep_slow,fusion_ego_1533,6339668,2,person,0.15017937123775482,58.45077593980125,148.70993629924902,0.8929241888376511,99.21104381165416,0.6501301527023315,0.5166664123535156,1.5833299160003662,14.709556315146852,653.84375,235.55555555555557,643.0695347655565,218.54595336649155,664.6179652344435,252.5651577446196,0.9919941425323486,0.8025286197662354,
2026-07-15T21:49:12.791,35.698126708040945,20260715_214837_front_fusion_ego_1533,speedsweep_slow,fusion_ego_1533,6339668,3,vehicle,0.10171225666999817,74.10774356835859,128.68969067910498,1.2497355091996987,53.53257415871338,6.764278888702393,2.4949352741241455,3.3324990272521973,26.96477965363672,305.79427083333337,217.7777777777778,282.07883594681823,199.4419430361854,329.5097057198485,236.1136125193702,0.016020463779568672,0.9904574155807495,
2026-07-15T21:49:12.791,35.698126708040945,20260715_214837_front_fusion_ego_1533,speedsweep_slow,fusion_ego_1533,6339668,4,vehicle,0.0917048305273056,64.20644071662231,136.41182121926403,1.1960445028444748,-7.9659872766561115,7.279774188995361,2.591888666152954,2.9931697845458984,15.564845535793799,422.55208333333337,216.66666666666669,395.1660756071409,195.8147821823756,449.93809105952585,237.51855115095776,0.0028292923234403133,0.9946539402008057,
2026-07-15T21:49:12.924,35.83098141604569,20260715_214837_front_fusion_ego_1533,speedsweep_slow,fusion_ego_1533,6339669,0,vehicle,0.7777725458145142,61.756219472526,133.4954157614402,1.2461902498262631,-51.993460688709725,5.818408966064453,2.169186592102051,2.6227049827575684,13.410465843409119,261.3151041666667,234.44444444444446,211.26177945981425,206.19654026296405,311.3684288735191,262.69234862592486,0.020986121147871017,0.999997615814209,
2026-07-15T21:49:12.924,35.83098141604569,20260715_214837_front_fusion_ego_1533,speedsweep_slow,fusion_ego_1533,6339669,1,vehicle,0.37990015745162964,65.66377787705349,140.0997805966274,0.8926369007734882,-72.47291879355465,5.203042984008789,1.9979063272476196,1.921857237815857,16.815131932817934,501.5026041666667,235.55555555555557,478.75338686878484,220.06276581022476,524.2518214645486,251.04834530088638,0.0984150841832161,0.9999997615814209,
2026-07-15T21:49:12.924,35.83098141604569,20260715_214837_front_fusion_ego_1533,speedsweep_slow,fusion_ego_1533,6339669,2,vehicle,0.26937782764434814,64.76537432787273,136.30659667586582,1.5034838467529439,23.775525284501832,7.26973819732666,2.6334800720214844,3.1507489681243896,15.799155266881005,422.55208333333337,216.66666666666669,390.7160825481018,192.16487328211468,454.38808411856496,241.1684600512187,0.0004332090320531279,0.9999028444290161,
2026-07-15T21:49:12.924,35.83098141604569,20260715_214837_front_fusion_ego_1533,speedsweep_slow,fusion_ego_1533,6339669,3,vehicle,0.14759981632232666,70.52834988230835,130.0396761042065,1.124496256689686,106.00911834763386,5.792639255523682,2.211793899536133,2.5514886379241943,22.831050011690536,298.0104166666667,225.55555555555557,273.2669607649247,210.7335675093863,322.75387256840867,240.37754360172485,0.012114724144339561,0.9761351943016052,
2026-07-15T21:49:12.924,35.83098141604569,20260715_214837_front_fusion_ego_1533,speedsweep_slow,fusion_ego_1533,6339669,4,person,0.10969232022762299,62.66084736337545,154.7864188646484,0.9687421831929277,-178.56375486288277,0.8150543570518494,0.5839269161224365,1.7810728549957275,21.852275983689474,671.6354166666667,234.44444444444446,660.847118974353,219.69788637426166,682.4237143589805,249.19100251462726,0.9871690273284912,0.6508182287216187,
2026-07-15T21:49:13.042,35.94870053802151,20260715_214837_front_fusion_ego_1533,speedsweep_slow,fusion_ego_1533,6339670,0,vehicle,0.4266858398914337,65.81816459904881,142.05164596235227,1.018935382370228,3.1279425556094025,5.345090866088867,2.027963399887085,2.0342795848846436,16.986763124878024,501.5026041666667,235.55555555555557,478.5887447545926,218.29991790983414,524.4164635787408,252.811193201277,0.2523764371871948,1.0,
2026-07-15T21:49:13.042,35.94870053802151,20260715_214837_front_fusion_ego_1533,speedsweep_slow,fusion_ego_1533,6339670,1,vehicle,0.2647523283958435,63.992679202107844,130.15863135411124,1.5298548873436482,109.61518505330477,5.8676533699035645,2.2652499675750732,2.7245287895202637,16.43365085101567,244.63541666666669,235.55555555555557,190.66172211865586,211.06619868013595,298.6091112146775,260.04491243097516,0.005123719107359648,0.9990419745445251,
2026-07-15T21:49:13.042,35.94870053802151,20260715_214837_front_fusion_ego_1533,speedsweep_slow,fusion_ego_1533,6339670,2,vehicle,0.17565788328647614,64.54367676938728,137.7732619523771,1.3036261095499215,-68.20766063317883,5.786182403564453,2.1507012844085693,2.654844284057617,15.144397232850016,422.55208333333337,234.44444444444446,396.28605811049545,210.43797459867267,448.8181085561713,258.45091429021625,0.05210648104548454,0.9999005794525146,
2026-07-15T21:49:13.042,35.94870053802151,20260715_214837_front_fusion_ego_1533,speedsweep_slow,fusion_ego_1533,6339670,3,vehicle,0.14167942106723785,64.79706732485262,135.4101098129988,1.7556862137159317,9.996506537678892,6.7661943435668945,2.5159170627593994,3.2189722061157227,15.570500076737515,422.55208333333337,217.7777777777778,393.55286825944984,195.1756517754661,451.5512984072169,240.3799037800895,0.00029498719959519804,0.9981945157051086,
2026-07-15T21:49:13.042,35.94870053802151,20260715_214837_front_fusion_ego_1533,speedsweep_slow,fusion_ego_1533,6339670,4,person,0.12601886689662933,56.33910324474151,147.12225429483138,1.2058409671396277,160.92354392842694,0.616325855255127,0.5301171541213989,1.6964257955551147,11.690929486336724,671.6354166666667,243.33333333333334,655.6764382782083,218.9828004439672,687.5943950551252,267.6838662226995,0.9949703812599182,0.9290676712989807,
2026-07-15T21:49:13.168,36.074967217980884,20260715_214837_front_fusion_ego_1533,speedsweep_slow,fusion_ego_1533,6339671,0,vehicle,0.44029006361961365,65.12525482305401,141.85423402660598,1.0430236461225366,-45.61642254520709,5.117494583129883,1.9275116920471191,1.9801769256591797,15.849746289167067,501.5026041666667,235.55555555555557,479.3574659327666,218.42411491605972,523.6477424005668,252.68699619505142,0.23215126991271973,1.0,
2026-07-15T21:49:13.168,36.074967217980884,20260715_214837_front_fusion_ego_1533,speedsweep_slow,fusion_ego_1533,6339671,1,vehicle,0.357418417930603,66.22140111477593,135.25097093113803,1.8191957183810201,23.83902615510658,7.101632595062256,2.630695104598999,3.269702672958374,16.57814711191528,422.55208333333337,217.7777777777778,394.79735158880555,192.6040373908149,450.3068150778612,242.9515181647407,0.00042334687896072865,0.9998677968978882,
2026-07-15T21:49:13.168,36.074967217980884,20260715_214837_front_fusion_ego_1533,speedsweep_slow,fusion_ego_1533,6339671,2,person,0.35188421607017517,59.041999090684065,149.04260111697067,1.1494881950682516,151.65381134665722,0.5496708750724792,0.43152573704719543,1.9586788415908813,14.6003192671641,688.3151041666667,243.33333333333334,677.5373520130913,221.59835120042166,699.0928563202422,265.06831546624505,0.9999886751174927,0.9940727353096008,
2026-07-15T21:49:13.168,36.074967217980884,20260715_214837_front_fusion_ego_1533,speedsweep_slow,fusion_ego_1533,6339671,3,vehicle,0.3047869801521301,72.29321650379195,128.3015397514299,1.7268962639607501,-1.1907365421339453,6.3499650955200195,2.3941240310668945,3.1884796619415283,24.35772114784856,296.8984375,225.55555555555557,277.3440563417971,204.55880853864883,316.4528186582029,246.5523025724623,0.9383759498596191,0.9962683320045471,
2026-07-15T21:49:13.168,36.074967217980884,20260715_214837_front_fusion_ego_1533,speedsweep_slow,fusion_ego_1533,6339671,4,vehicle,0.2650793790817261,59.77746257394266,131.31611810827573,1.260285989350032,-44.94681477112431,5.309126853942871,1.9691555500030518,2.6466574668884277,11.831993857225894,234.62760416666669,243.33333333333334,171.57308011750382,204.3162222703298,297.68212821582955,282.3504443963369,0.09909630566835403,0.9999513626098633,
2026-07-15T21:49:13.300,36.207426445093006,20260715_214837_front_fusion_ego_1533,speedsweep_slow,fusion_ego_1533,6339672,0,vehicle,0.576992928981781,58.60752136584294,132.1785768646231,1.088958146786823,-107.14244971685993,5.2351789474487305,1.9326270818710327,2.1401751041412354,9.97855905252752,199.04427083333334,252.22222222222223,138.40758374830088,214.184271229638,259.68095791836583,290.26017321480646,0.25613725185394287,0.9999970197677612,
2026-07-15T21:49:13.300,36.207426445093006,20260715_214837_front_fusion_ego_1533,speedsweep_slow,fusion_ego_1533,6339672,1,vehicle,0.32259371876716614,65.90609243608164,135.17949379384902,1.7429133595535988,-3.848497896302127,6.9630022048950195,2.570704936981201,3.258427143096924,15.793269224472942,422.55208333333337,217.7777777777778,396.31323202078545,191.393754945861,448.7909346458813,244.1618006096946,0.0014778950717300177,0.9998192191123962,
2026-07-15T21:49:13.300,36.207426445093006,20260715_214837_front_fusion_ego_1533,speedsweep_slow,fusion_ego_1533,6339672,2,person,0.28794538974761963,59.35933868866076,148.82577803261736,1.1650913515424923,155.62682321127096,0.5522249341011047,0.43615761399269104,1.991623878479004,14.321487703896516,706.1067708333334,243.33333333333334,694.9728118715187,220.26617844899496,717.240729795148,266.40048821767175,0.9999547004699707,0.9862046241760254,
2026-07-15T21:49:13.300,36.207426445093006,20260715_214837_front_fusion_ego_1533,speedsweep_slow,fusion_ego_1533,6339672,3,vehicle,0.25101763010025024,66.01308277333972,141.42904786197386,1.1135855467215303,-41.88499936129214,5.009819507598877,1.962765097618103,1.9622381925582886,16.12899863946621,502.61458333333337,235.55555555555557,480.84411992256844,219.46285042497848,524.3850467440983,251.64826068613266,0.2036505490541458,1.0,
2026-07-15T21:49:13.300,36.207426445093006,20260715_214837_front_fusion_ego_1533,speedsweep_slow,fusion_ego_1533,6339672,4,vehicle,0.19795134663581848,73.62276752660003,127.47947737370431,1.7811051342695963,-16.514066881885554,6.126338958740234,2.3527793884277344,2.920616865158081,25.45533561350217,288.0026041666667,225.55555555555557,266.95227880651754,208.05841717455124,309.05292952681583,243.0526939365599,0.36848822236061096,0.9370644092559814,
2026-07-15T21:49:13.433,36.34061018808279,20260715_214837_front_fusion_ego_1533,speedsweep_slow,fusion_ego_1533,6339673,0,vehicle,0.46628835797309875,58.49522058006963,129.2742465193905,1.149660311827244,-143.32533712360876,4.87040901184082,1.8660410642623901,2.291016101837158,11.387935548886452,163.4609375,253.33333333333334,96.93285503983498,209.469846089681,229.98901996016505,297.1968205769857,0.6753188371658325,0.9992806315422058,
2026-07-15T21:49:13.433,36.34061018808279,20260715_214837_front_fusion_ego_1533,speedsweep_slow,fusion_ego_1533,6339673,1,vehicle,0.44167375564575195,66.99307824582323,142.47129261917297,1.0670846262338811,8.906029591806613,5.141236305236816,1.9722685813903809,2.1033194065093994,16.81440692309837,502.61458333333337,235.55555555555557,476.5602960487207,219.1461244556639,528.668870617946,251.96498665544723,0.38128069043159485,0.9999991655349731,
2026-07-15T21:49:13.433,36.34061018808279,20260715_214837_front_fusion_ego_1533,speedsweep_slow,fusion_ego_1533,6339673,2,person,0.3098556101322174,58.91032902719484,149.1684049832044,1.2485789551365516,139.18365348179356,0.5600131154060364,0.4640655815601349,1.8537265062332153,13.989590173363087,725.0104166666667,244.44444444444446,711.4127004432182,222.3832252290514,738.6081328901153,266.5056636598375,0.9977182149887085,0.9497779607772827,
2026-07-15T21:49:13.433,36.34061018808279,20260715_214837_front_fusion_ego_1533,speedsweep_slow,fusion_ego_1533,6339673,3,vehicle,0.16976939141750336,67.6806890349257,134.98264049888178,1.8378598349125503,37.06558603081858,6.630057334899902,2.4122414588928223,3.21657657623291,17.037583185983348,430.33593750000006,216.66666666666669,399.26881060004234,191.96215907732648,461.4030643999577,241.3711742560069,0.0002428315201541409,0.9999423027038574,
2026-07-15T21:49:13.568,36.47527326608542,20260715_214837_front_fusion_ego_1533,speedsweep_slow,fusion_ego_1533,6339674,0,vehicle,0.4442197382450104,67.15711691754235,141.28729560920218,1.1193204131622,39.36627764249443,5.426957607269287,2.043628454208374,2.212777614593506,16.084760668172038,502.61458333333337,235.55555555555557,477.24555166189873,217.62427661154007,527.983615004768,253.48683449957107,0.010307230986654758,0.9999998807907104,
2026-07-15T21:49:13.568,36.47527326608542,20260715_214837_front_fusion_ego_1533,speedsweep_slow,fusion_ego_1533,6339674,1,vehicle,0.24017104506492615,67.47539563338482,134.25478401671302,1.7794386996970384,22.2261758652868,7.412715911865234,2.6736230850219727,3.3615031242370605,16.373883910474454,422.55208333333337,216.66666666666669,394.5336805110177,191.07084314028424,450.57048615564906,242.26249019304913,0.0007548105204477906,0.9999065399169922,
2026-07-15T21:49:13.568,36.47527326608542,20260715_214837_front_fusion_ego_1533,speedsweep_slow,fusion_ego_1533,6339674,2,person,0.07429060339927673,59.38488673943494,150.64087486506583,0.9455818566289369,145.68819786886561,0.6701303124427795,0.5120651125907898,1.688180685043335,15.15429827032677,759.4817708333334,244.44444444444446,746.3098195021352,223.8445391919878,772.6537221645316,265.0443496969011,0.9999412298202515,0.6705018281936646,
2026-07-15T21:49:13.695,36.602423800039105,20260715_214837_front_fusion_ego_1533,speedsweep_slow,fusion_ego_1533,6339675,0,vehicle,0.5964382886886597,68.94150258487284,142.31287405264786,0.9548653590093319,22.173339582258976,6.112841606140137,2.2581803798675537,2.1927947998046875,17.46740187622705,502.61458333333337,235.55555555555557,472.9287557800611,219.56785890791153,532.3004108866056,251.54325220319961,0.03718936815857887,0.9999998807907104,
2026-07-15T21:49:13.695,36.602423800039105,20260715_214837_front_fusion_ego_1533,speedsweep_slow,fusion_ego_1533,6339675,1,vehicle,0.09773348271846771,68.74418675181323,133.9105288028025,1.4467394857796279,-42.32893221758574,7.0632243156433105,2.5508244037628174,3.158599376678467,17.081498114353803,421.4401041666667,216.66666666666669,395.4452151718239,190.89250485102338,447.43499316150945,242.44082848231,0.01049758680164814,0.9991092085838318,
2026-07-15T21:49:13.695,36.602423800039105,20260715_214837_front_fusion_ego_1533,speedsweep_slow,fusion_ego_1533,6339675,2,vehicle,0.08118520677089691,78.12824485422766,128.5013400960024,1.5305023010004484,103.65511061723195,5.693109512329102,2.175571918487549,2.815817356109619,27.620219489603215,270.2109375,217.7777777777778,246.95320078730586,203.85090367661584,293.46867421269417,231.70465187893976,0.200418159365654,0.5184307098388672,
2026-07-15T21:49:13.695,36.602423800039105,20260715_214837_front_fusion_ego_1533,speedsweep_slow,fusion_ego_1533,6339675,3,vehicle,0.055154599249362946,70.61048541483424,158.9936652240507,1.119299881307583,-142.35538868554596,4.47144079208374,1.9455680847167969,2.3761541843414307,28.199004924831858,127.87760416666667,217.7777777777778,87.20544564972322,199.74120782481302,168.54976268361014,235.81434773074258,0.01831262744963169,0.0028705140575766563,
2026-07-15T21:49:13.823,36.72978246200364,20260715_214837_front_fusion_ego_1533,speedsweep_slow,fusion_ego_1533,6339676,0,vehicle,0.38321128487586975,68.25440942669269,143.46604139560696,0.9958754105408929,125.2462565894804,5.208184719085693,2.0318686962127686,2.108110189437866,16.624515864001122,510.39843750000006,234.44444444444446,478.45121822506195,216.02388408448962,542.3456567749381,252.8650048043993,0.06978952139616013,0.9999985694885254,
2026-07-15T21:49:13.823,36.72978246200364,20260715_214837_front_fusion_ego_1533,speedsweep_slow,fusion_ego_1533,6339676,1,vehicle,0.32012057304382324,70.9955746851773,134.37989932275946,1.2331466057939158,-49.643985636112795,7.3746418952941895,2.6514475345611572,3.1790244579315186,18.643320219016907,421.4401041666667,216.66666666666669,396.14534222955507,195.528728167216,446.7348661037783,237.80460516611737,0.0024136360734701157,0.999021053314209,
2026-07-15T21:49:13.823,36.72978246200364,20260715_214837_front_fusion_ego_1533,speedsweep_slow,fusion_ego_1533,6339676,2,person,0.18756335973739624,58.16468625126868,148.15389230905885,0.902863244665872,140.0117932479058,0.5564758777618408,0.3791199326515198,1.8466285467147827,11.8016450454612,831.7604166666667,244.44444444444446,812.1792035984497,213.58080532815723,851.3416297348838,275.3080835607317,1.0,0.252140074968338,
2026-07-15T21:49:13.823,36.72978246200364,20260715_214837_front_fusion_ego_1533,speedsweep_slow,fusion_ego_1533,6339676,3,vehicle,0.09806213527917862,73.60638245077625,160.6277649923493,0.6465105727761393,123.7897083354332,1.9555976390838623,1.0373748540878296,1.6594693660736084,31.044789393347134,128.98958333333334,225.55555555555557,116.06814799954495,215.1048431131575,141.91101866712174,236.00626799795364,0.8823364973068237,0.05343402922153473,
2026-07-15T21:49:13.823,36.72978246200364,20260715_214837_front_fusion_ego_1533,speedsweep_slow,fusion_ego_1533,6339676,4,vehicle,0.09022408723831177,67.78249346407968,122.13922137183805,1.8015134161134496,-40.69882753776923,9.54284381866455,3.423708438873291,3.9183833599090576,21.725359366460953,839.5442708333334,12.222222222222223,811.123666142424,-68.76175747977364,867.9648755242428,93.20620192421808,0.5515192151069641,0.9998573064804077,
2026-07-15T21:49:13.955,36.8619331830414,20260715_214837_front_fusion_ego_1533,speedsweep_slow,fusion_ego_1533,6339677,0,vehicle,0.5762265920639038,67.39470882476107,142.04050014025535,0.9350107763031321,122.87897967259633,5.3216633796691895,2.0601677894592285,2.065009117126465,14.896286495247534,510.39843750000006,234.44444444444446,477.7888766303659,215.54554608133105,543.0079983696342,253.34334280755786,0.04536448419094086,0.9999943971633911,
2026-07-15T21:49:13.955,36.8619331830414,20260715_214837_front_fusion_ego_1533,speedsweep_slow,fusion_ego_1533,6339677,1,vehicle,0.553621232509613,69.93241931790136,133.61623568947235,1.1721531793741677,-54.26683957424643,7.436432361602783,2.651437997817993,3.1370091438293457,17.288073917553096,421.4401041666667,216.66666666666669,393.73917622367543,192.88622121016186,449.14103210965794,240.4471121231715,0.0028075994923710823,0.9999409914016724,
2026-07-15T21:49:14.082,36.98954794800375,20260715_214837_front_fusion_ego_1533,speedsweep_slow,fusion_ego_1533,6339678,0,vehicle,0.6148777008056641,67.6793293315167,142.0254066908781,0.9183966899679645,118.01764232148008,5.1291632652282715,1.980080485343933,2.04080867767334,14.770094553195511,510.39843750000006,234.44444444444446,478.2758341208101,215.52813318040637,542.52104087919,253.36075570848254,0.026756055653095245,0.9999971389770508,
2026-07-15T21:49:14.082,36.98954794800375,20260715_214837_front_fusion_ego_1533,speedsweep_slow,fusion_ego_1533,6339678,1,vehicle,0.1609053909778595,75.31370082719116,120.91557944919975,1.4504185022024658,92.44979525417,6.273525714874268,2.4510669708251953,2.9277865886688232,27.50037831937052,190.1484375,216.66666666666669,148.36348643898964,199.32603518168133,231.9333885610104,234.00729815165204,0.029798490926623344,0.004018606152385473,
2026-07-15T21:49:14.082,36.98954794800375,20260715_214837_front_fusion_ego_1533,speedsweep_slow,fusion_ego_1533,6339678,2,vehicle,0.0727619007229805,69.74266229133751,134.8043774883571,1.4514402903284003,-0.49666858362831734,7.794748306274414,2.7519679069519043,3.458073854446411,16.4493498673532,413.65625,208.88888888888889,380.30639374256134,181.38068967395358,447.0061062574387,236.3970881038242,0.0002725199155975133,0.9998143315315247,
2026-07-15T21:49:14.215,37.12199996004347,20260715_214837_front_fusion_ego_1533,speedsweep_slow,fusion_ego_1533,6339679,0,vehicle,0.4320773482322693,69.71940456611345,143.70919186517253,0.9480057965953972,119.77192811653575,5.568786144256592,2.0790011882781982,2.219712495803833,16.91931980170099,510.39843750000006,235.55555555555557,476.63119138032204,218.38596853944992,544.165683619678,252.72514257166122,0.038720641285181046,0.9999991655349731,
2026-07-15T21:49:14.215,37.12199996004347,20260715_214837_front_fusion_ego_1533,speedsweep_slow,fusion_ego_1533,6339679,1,vehicle,0.2433571070432663,71.65147512594136,133.38524656702847,1.2531129761313355,-42.69459963683618,7.207540035247803,2.598463296890259,3.231372117996216,18.279904027834824,421.4401041666667,216.66666666666669,395.71473365897936,192.24548439184827,447.165474674354,241.0878489414851,0.007842962630093098,0.9944503307342529,
2026-07-15T21:49:14.215,37.12199996004347,20260715_214837_front_fusion_ego_1533,speedsweep_slow,fusion_ego_1533,6339679,2,vehicle,0.10037501156330109,57.637742507364216,133.3120256653547,1.030517556038936,-27.8323101187352,5.283745765686035,2.0049638748168945,2.1754355430603027,5.8087364353927,74.50260416666667,252.22222222222223,4.58149720231692,165.8888734711541,144.42371113101643,338.55557097329034,0.15275248885154724,0.9934667944908142,
2026-07-15T21:49:14.215,37.12199996004347,20260715_214837_front_fusion_ego_1533,speedsweep_slow,fusion_ego_1533,6339679,3,vehicle,0.07939595729112625,71.23236392491575,129.68661811980712,1.981861047340768,165.73754578352296,8.386878967285156,3.0234131813049316,3.9467992782592773,19.118982143290815,164.57291666666669,208.88888888888889,94.74249226848285,180.06976895862155,234.4033410648505,237.70800881915622,0.1345617026090622,0.8001177906990051,
2026-07-15T21:49:14.347,37.25432456599083,20260715_214837_front_fusion_ego_1533,speedsweep_slow,fusion_ego_1533,6339680,0,vehicle,0.5336710214614868,70.41539785900318,143.29258096815082,1.0646330112081621,134.4242700325602,5.585446357727051,2.093259811401367,2.3214011192321777,17.1729734410841,510.39843750000006,235.55555555555557,479.77425663173204,216.97845432493423,541.022618368268,254.1326567861769,0.03746980056166649,0.9999997615814209,
2026-07-15T21:49:14.347,37.25432456599083,20260715_214837_front_fusion_ego_1533,speedsweep_slow,fusion_ego_1533,6339680,1,vehicle,0.12669432163238525,72.55777017466914,133.5750917551231,1.2536441786143246,-34.196333038309426,7.398802757263184,2.5750889778137207,3.355107307434082,18.852741567857255,421.4401041666667,216.66666666666669,394.11661727229756,192.26653615633649,448.7635910610358,241.0667971769969,0.001002273173071444,0.9872639179229736,
2026-07-15T21:49:14.347,37.25432456599083,20260715_214837_front_fusion_ego_1533,speedsweep_slow,fusion_ego_1533,6339680,2,vehicle,0.07925625890493393,56.01216021582904,133.77691281722855,1.1288155857455804,6.881933566582672,4.523022174835205,1.7386561632156372,1.9328687191009521,4.379162679137258,83.3984375,315.55555555555554,24.57314294576645,215.38443300459122,142.22373205423355,415.72667810651996,0.2997398376464844,0.9134913086891174,
2026-07-15T21:49:14.347,37.25432456599083,20260715_214837_front_fusion_ego_1533,speedsweep_slow,fusion_ego_1533,6339680,3,vehicle,0.05738333985209465,64.61933385895863,125.10983192214042,1.2957628016523264,4.216293413997891,5.069847583770752,1.9481260776519775,2.5435140132904053,16.389454779811487,127.87760416666667,225.55555555555557,75.5269888440768,195.01614901754593,180.22821948925656,256.0949620935652,0.16675473749637604,0.22528164088726044,
2026-07-15T21:49:14.472,37.379448862047866,20260715_214837_front_fusion_ego_1533,speedsweep_slow,fusion_ego_1533,6339681,0,vehicle,0.3682081401348114,70.63212756209401,142.30689977679182,0.8842014291133253,125.60201204852561,5.697579860687256,2.1000237464904785,2.270632028579712,16.896249277106136,502.61458333333337,234.44444444444446,472.321102415522,216.88622143533496,532.9080642511448,252.00266745355395,0.018828967586159706,0.9999916553497314,
2026-07-15T21:49:14.472,37.379448862047866,20260715_214837_front_fusion_ego_1533,speedsweep_slow,fusion_ego_1533,6339681,1,vehicle,0.07502072304487228,72.61275466856488,134.41457716614357,1.2417000113723264,-38.55573470385838,7.021846771240234,2.465744972229004,3.1795384883880615,18.537859034061835,421.4401041666667,216.66666666666669,394.07987848917645,193.12507192293805,448.8003298441569,240.20826141039532,0.0021653538569808006,0.9749738574028015,
2026-07-15T21:49:14.604,37.51105930400081,20260715_214837_front_fusion_ego_1533,speedsweep_slow,fusion_ego_1533,6339682,0,vehicle,0.7966160774230957,69.9680454947899,142.52341377907885,1.0241556648879733,96.01366423176704,6.027445316314697,2.1453495025634766,2.402235269546509,16.14498491119407,502.61458333333337,235.55555555555557,475.8936404784521,216.58798012468552,529.3355261882147,254.52313098642563,0.010523886419832706,1.0,
2026-07-15T21:49:14.604,37.51105930400081,20260715_214837_front_fusion_ego_1533,speedsweep_slow,fusion_ego_1533,6339682,1,vehicle,0.18228429555892944,61.556940240913896,125.80711325331552,1.2299608934918007,31.693057959201678,5.230485439300537,1.9796979427337646,2.8660030364990234,13.833941694013744,74.50260416666667,235.55555555555557,19.141139308611553,184.83568403455948,129.8640690247218,286.27542707655164,0.14598089456558228,0.626314103603363,
2026-07-15T21:49:14.604,37.51105930400081,20260715_214837_front_fusion_ego_1533,speedsweep_slow,fusion_ego_1533,6339682,2,vehicle,0.11043283343315125,73.17197493814155,135.03361722026256,1.512393854735632,-23.24643367166799,6.801633358001709,2.4560844898223877,3.170175790786743,18.811377096751446,422.55208333333337,216.66666666666669,398.3525748935839,196.01730863253277,446.75159177308285,237.3160247008006,0.0014398976927623153,0.9914985299110413,
2026-07-15T21:49:14.604,37.51105930400081,20260715_214837_front_fusion_ego_1533,speedsweep_slow,fusion_ego_1533,6339682,3,vehicle,0.10178937017917633,67.84091226308708,137.6733558311416,1.1593655421911175,165.88161636512498,5.0314130783081055,1.9512847661972046,2.271879196166992,13.28906051121459,421.4401041666667,234.44444444444446,390.6555553923051,212.40072038438586,452.2246529410283,256.48816850450305,0.03338019922375679,0.9998810291290283,
2026-07-15T21:49:14.604,37.51105930400081,20260715_214837_front_fusion_ego_1533,speedsweep_slow,fusion_ego_1533,6339682,4,vehicle,0.06121257320046425,80.45664761034793,121.35922926866658,1.0436982779463262,-172.22059833708423,5.145763397216797,1.9009438753128052,2.294713020324707,30.64709872955041,200.15625,226.66666666666669,170.10997960716486,215.47543386618298,230.20252039283517,237.8578994671504,0.7440393567085266,0.9874930381774902,
2026-07-15T21:49:14.732,37.63869094301481,20260715_214837_front_fusion_ego_1533,speedsweep_slow,fusion_ego_1533,6339683,0,vehicle,0.7412664890289307,69.96418318420368,141.91212449802504,1.1591835594763007,100.74953413756118,5.6705002784729,2.129821300506592,2.2968227863311768,15.766449805669279,502.61458333333337,235.55555555555557,473.7205707256993,216.30533072683548,531.5085959409674,254.80578038427566,0.01762864924967289,1.0,
2026-07-15T21:49:14.732,37.63869094301481,20260715_214837_front_fusion_ego_1533,speedsweep_slow,fusion_ego_1533,6339683,1,vehicle,0.11504517495632172,71.09674782294452,134.47751948455982,1.6948575729312965,-18.316707965625394,7.248353958129883,2.6181771755218506,3.283252000808716,16.655625687628056,422.55208333333337,216.66666666666669,395.67625412096584,189.15675799051922,449.4279125457009,244.17657534281415,0.0038361609913408756,0.9975001215934753,
2026-07-15T21:49:14.732,37.63869094301481,20260715_214837_front_fusion_ego_1533,speedsweep_slow,fusion_ego_1533,6339683,2,vehicle,0.08633949607610703,89.18363973976018,128.4433352196486,1.0580602056243076,-122.06729146535166,4.953396797180176,1.8607232570648193,1.903973937034607,35.654374612521,298.0104166666667,226.66666666666669,282.8241107525925,219.40387810269993,313.19672258074087,233.92945523063344,0.6062798500061035,0.9997771382331848,
2026-07-15T21:49:14.854,37.76097776298411,20260715_214837_front_fusion_ego_1533,speedsweep_slow,fusion_ego_1533,6339684,0,vehicle,0.6786319017410278,70.73231610180014,141.5301507856003,1.1730674493781172,92.96255467706972,5.900932788848877,2.189465045928955,2.3979291915893555,16.206945617071845,502.61458333333337,235.55555555555557,471.35850048561895,216.78799245092605,533.8706661810478,254.3231186601851,0.0013556714402511716,0.9999998807907104,
2026-07-15T21:49:14.854,37.76097776298411,20260715_214837_front_fusion_ego_1533,speedsweep_slow,fusion_ego_1533,6339684,1,vehicle,0.23660391569137573,72.79942380672499,134.21909215142577,1.7240984414098077,13.693296108079412,8.224858283996582,2.924560785293579,3.4922986030578613,18.166176886216284,413.65625,216.66666666666669,381.2005478963256,189.83906368414563,446.11195210367447,243.49426964918774,0.000269533134996891,0.9995424747467041,
2026-07-15T21:49:14.854,37.76097776298411,20260715_214837_front_fusion_ego_1533,speedsweep_slow,fusion_ego_1533,6339684,2,vehicle,0.08157844841480255,88.66643325446199,127.24027188021928,1.0174750954258815,-103.17492318247596,5.10026741027832,1.9078818559646606,1.9562076330184937,35.28828467198867,298.0104166666667,226.66666666666669,281.1337449612717,219.4847037891547,314.88708837206167,233.84862954417866,0.46616846323013306,0.999639630317688,
2026-07-15T21:49:14.980,37.88733971002512,20260715_214837_front_fusion_ego_1533,speedsweep_slow,fusion_ego_1533,6339685,0,vehicle,0.6819433569908142,71.36786171863058,141.73544528103662,1.2156901295133455,92.98923966541618,6.014926433563232,2.2572784423828125,2.42242693901062,16.672317039009606,501.5026041666667,235.55555555555557,471.3911819259326,215.642043683264,531.6140264074008,255.46906742784714,0.006097215693444014,0.9999998807907104,
2026-07-15T21:49:14.980,37.88733971002512,20260715_214837_front_fusion_ego_1533,speedsweep_slow,fusion_ego_1533,6339685,1,vehicle,0.11442267149686813,73.3549996020524,134.519456780188,1.6307927897898007,-16.727980817621674,7.101569652557373,2.5845789909362793,3.199833631515503,18.454025327002803,421.4401041666667,217.7777777777778,392.332161637644,198.04048703776468,450.5480466956894,237.51506851779092,0.0005204361514188349,0.9958563446998596,
2026-07-15T21:49:14.980,37.88733971002512,20260715_214837_front_fusion_ego_1533,speedsweep_slow,fusion_ego_1533,6339685,2,vehicle,0.057778723537921906,90.36333546120098,126.84411267445186,0.8929917437144206,-106.86504409661057,4.908897399902344,1.820005178451538,1.8387131690979004,36.83172664525652,298.0104166666667,226.66666666666669,280.8772670241694,220.06199563543004,315.143566309164,233.27133769790333,0.050674814730882645,0.9999039173126221,
2026-07-15T21:49:15.117,38.023769305087626,20260715_214837_front_fusion_ego_1533,speedsweep_slow,fusion_ego_1533,6339686,0,vehicle,0.5982692241668701,71.80547015047159,140.4020881471355,1.2436472487943475,71.1783867697324,5.801779747009277,2.1862480640411377,2.454747438430786,16.645517686124936,501.5026041666667,235.55555555555557,476.16417436177534,216.58288035127853,526.8410339715581,254.5282307598326,0.007588544860482216,0.9999997615814209,
2026-07-15T21:49:15.117,38.023769305087626,20260715_214837_front_fusion_ego_1533,speedsweep_slow,fusion_ego_1533,6339686,1,vehicle,0.10933087021112442,72.96485525348128,134.64241323386887,1.554127042664803,-32.98151785747625,7.295246124267578,2.6100404262542725,3.20326828956604,17.858990771024487,421.4401041666667,216.66666666666669,391.6938777739803,195.07259885470074,451.18633055935305,238.26073447863263,0.0011214915430173278,0.9734843373298645,
2026-07-15T21:49:15.117,38.023769305087626,20260715_214837_front_fusion_ego_1533,speedsweep_slow,fusion_ego_1533,6339686,2,vehicle,0.07555291056632996,77.3998948216734,125.84886575308796,0.7127329396634767,144.9060811470773,5.154302597045898,1.901821494102478,1.5597916841506958,25.039394505935572,191.26041666666669,234.44444444444446,156.03533949206275,226.2812736299303,226.48549384127062,242.60761525895862,0.0008931983611546457,0.9999510049819946,
2026-07-15T21:49:15.117,38.023769305087626,20260715_214837_front_fusion_ego_1533,speedsweep_slow,fusion_ego_1533,6339686,3,vehicle,0.0518224760890007,68.94872089497159,137.5861376385723,1.0880850446568235,-156.31802145487924,4.745687484741211,1.8420848846435547,2.246492385864258,13.578941687669992,422.55208333333337,234.44444444444446,393.1633697127303,214.29660227563647,451.94079695393646,254.59228661325244,0.008096754550933838,0.9998338222503662,
2026-07-15T21:49:15.244,38.15086552000139,20260715_214837_front_fusion_ego_1533,speedsweep_slow,fusion_ego_1533,6339687,0,vehicle,0.4585307836532593,70.29214303857077,139.3084637617746,1.1631728248658402,98.74989318427592,5.349939346313477,2.037088632583618,2.1082980632781982,14.82301413735611,501.5026041666667,235.55555555555557,475.20479996005696,216.66990372869705,527.8004083732765,254.4412073824141,0.013181306421756744,0.9999998807907104,
2026-07-15T21:49:15.244,38.15086552000139,20260715_214837_front_fusion_ego_1533,speedsweep_slow,fusion_ego_1533,6339687,1,vehicle,0.08952397853136063,69.44809006064126,136.2262316109065,1.0228283244103702,-109.24224159766537,5.057929515838623,2.013068675994873,2.0884346961975098,13.9815979689068,422.55208333333337,234.44444444444446,394.4100132112702,215.8317753341463,450.69415345539653,253.0571135547426,0.01377385575324297,0.9997995495796204,
2026-07-15T21:49:15.244,38.15086552000139,20260715_214837_front_fusion_ego_1533,speedsweep_slow,fusion_ego_1533,6339687,2,vehicle,0.06928284466266632,73.22218215537522,134.84369714119688,1.4181608909500862,-38.0921680988268,6.522324562072754,2.352775812149048,3.007854700088501,17.901735877682487,421.4401041666667,217.7777777777778,395.74857577929896,196.02445827590097,447.1316325540344,239.53109727965463,0.007070872467011213,0.9727045297622681,
2026-07-15T21:49:15.393,38.30013860901818,20260715_214837_front_fusion_ego_1533,speedsweep_slow,fusion_ego_1533,6339688,0,vehicle,0.31444570422172546,70.44254721002966,135.98242756045934,1.3083166199952108,-73.30748951738225,5.326620101928711,2.0304548740386963,2.393378973007202,14.786702271125423,422.55208333333337,234.44444444444446,389.2817429353794,213.77386298444537,455.82242373128736,255.11502590444354,0.0014517930103465915,0.9999886751174927,
2026-07-15T21:49:15.393,38.30013860901818,20260715_214837_front_fusion_ego_1533,speedsweep_slow,fusion_ego_1533,6339688,1,vehicle,0.2809220254421234,71.08402305975702,140.0775462833117,1.205285402497327,80.36640968236837,5.753718376159668,2.069347858428955,2.4760985374450684,15.50275462225009,493.71875000000006,235.55555555555557,464.8934269547463,217.9397651884291,522.5440730452538,253.17134592268204,0.005734437145292759,0.9999988079071045,
2026-07-15T21:49:15.393,38.30013860901818,20260715_214837_front_fusion_ego_1533,speedsweep_slow,fusion_ego_1533,6339688,2,vehicle,0.2509384751319885,90.22918866599693,128.80138095912443,0.9292383408775855,-104.19855554908848,4.985324859619141,1.871284008026123,1.758620023727417,35.61169774419374,305.79427083333337,226.66666666666669,288.83930810665095,220.03299067417782,322.7492335600158,233.30034265915555,0.020717792212963104,0.9999074935913086,
2026-07-15T21:49:15.393,38.30013860901818,20260715_214837_front_fusion_ego_1533,speedsweep_slow,fusion_ego_1533,6339688,3,vehicle,0.09019894897937775,75.03666288464186,134.07245007552288,1.651598167230282,2.3948623951889565,7.434185028076172,2.6467080116271973,3.2394068241119385,19.62115791759216,413.65625,216.66666666666669,387.9109178110957,194.9721662203471,439.40158218890434,238.36116711298627,0.00016920603229664266,0.9884316921234131,
2026-07-15T21:49:15.516,38.4231851400109,20260715_214837_front_fusion_ego_1533,speedsweep_slow,fusion_ego_1533,6339689,0,vehicle,0.26910507678985596,71.90484736825489,140.98328523871254,1.236333168976326,113.1965872311959,5.686336994171143,2.09806227684021,2.490553379058838,16.264283732783326,493.71875000000006,235.55555555555557,462.87455319613224,218.00170454714035,524.5629468038678,253.1094065639708,0.006321046035736799,0.9999971389770508,
2026-07-15T21:49:15.516,38.4231851400109,20260715_214837_front_fusion_ego_1533,speedsweep_slow,fusion_ego_1533,6339689,1,vehicle,0.1756412535905838,75.11047586312961,133.75847823754373,1.565038620934734,-17.938499078998824,6.99418830871582,2.497859239578247,3.2712855339050293,19.550139832570515,421.4401041666667,217.7777777777778,395.2389174240331,196.10137866603006,447.64129090930027,239.45417688952554,0.0007330525550059974,0.9968597888946533,
2026-07-15T21:49:15.516,38.4231851400109,20260715_214837_front_fusion_ego_1533,speedsweep_slow,fusion_ego_1533,6339689,2,vehicle,0.1379912942647934,69.666198950459,136.13721439908656,1.1248235653964858,-115.58955528334998,5.041995048522949,1.9501712322235107,2.212733030319214,13.794503821243596,422.55208333333337,234.44444444444446,393.2902565871676,213.14828958776263,451.8139100794991,255.74059930112628,0.0030409821774810553,0.9999555349349976,
2026-07-15T21:49:15.516,38.4231851400109,20260715_214837_front_fusion_ego_1533,speedsweep_slow,fusion_ego_1533,6339689,3,vehicle,0.0963834598660469,77.0714004128387,122.09655894732842,1.1027475313394524,-118.21818517638245,5.775845527648926,2.117190361022949,2.0999932289123535,26.269267933794687,181.25260416666669,234.44444444444446,136.3488173807661,222.16463264491824,226.15639095256728,246.72425624397067,0.0007843695348128676,0.9999817609786987,
2026-07-15T21:49:15.654,38.56164441606961,20260715_214837_front_fusion_ego_1533,speedsweep_slow,fusion_ego_1533,6339690,0,vehicle,0.29083043336868286,71.24828760561546,140.23056558624023,1.2577629345579382,77.8898258390202,5.646943092346191,2.0611445903778076,2.4555680751800537,15.28677961644531,493.71875000000006,235.55555555555557,465.06622140109545,217.92912754747604,522.3712785989046,253.1819835636351,0.004958616103976965,0.9999978542327881,
2026-07-15T21:49:15.654,38.56164441606961,20260715_214837_front_fusion_ego_1533,speedsweep_slow,fusion_ego_1533,6339690,1,vehicle,0.24356459081172943,70.30004024118709,136.67389558728888,1.2854390861933283,179.78662713779116,5.2547173500061035,2.040433645248413,2.1954901218414307,14.173496990029738,421.4401041666667,234.44444444444446,388.1565355161826,214.45038404729632,454.72367281715077,254.4385048415926,0.00173765211366117,0.9999955892562866,
2026-07-15T21:49:15.654,38.56164441606961,20260715_214837_front_fusion_ego_1533,speedsweep_slow,fusion_ego_1533,6339690,2,vehicle,0.20210961997509003,76.67996951860954,124.62616140037414,0.9019990061161138,-159.03629910169474,5.482829570770264,2.0061352252960205,1.7790402173995972,24.351419994187985,181.25260416666669,234.44444444444446,141.6229420254628,223.42035707500247,220.88226630787057,245.46853181388644,0.009210145100951195,0.9999951124191284,
2026-07-15T21:49:15.654,38.56164441606961,20260715_214837_front_fusion_ego_1533,speedsweep_slow,fusion_ego_1533,6339690,3,person,0.06962302327156067,63.07564538833127,126.85385852236139,0.937303927088591,107.56171508644084,0.6463354825973511,0.4995020627975464,1.6462775468826294,12.902421323987808,0.0,243.33333333333334,-6.464721456170082,219.1876228650411,6.464721456170082,267.4790438016256,0.996492326259613,0.19497404992580414,
2026-07-15T21:49:15.654,38.56164441606961,20260715_214837_front_fusion_ego_1533,speedsweep_slow,fusion_ego_1533,6339690,4,vehicle,0.05455891042947769,91.29313573674897,128.73841909516608,0.9572004534530549,-75.41206566048417,4.503077030181885,1.7389867305755615,1.7647439241409302,36.263506468559726,305.79427083333337,226.66666666666669,292.45491672990227,219.9664508799712,319.1336249367645,233.36688245336217,0.017302196472883224,0.9998462200164795,
2026-07-15T21:49:15.783,38.69006851804443,20260715_214837_front_fusion_ego_1533,speedsweep_slow,fusion_ego_1533,6339691,0,vehicle,0.31574779748916626,70.48621705124344,140.21891200852195,1.2221621083148126,79.2623890896843,5.441300392150879,2.0587306022644043,2.322340488433838,14.35210942163744,492.60677083333337,234.44444444444446,464.4974754725894,216.40829649236468,520.7160661940774,252.48059239652423,0.005781701300293207,0.9999827146530151,
2026-07-15T21:49:15.783,38.69006851804443,20260715_214837_front_fusion_ego_1533,speedsweep_slow,fusion_ego_1533,6339691,1,vehicle,0.16953741014003754,74.24069242624437,134.98399506300856,1.52892881505949,5.248295965934339,7.034820556640625,2.5326766967773438,3.1741881370544434,18.098592828084435,422.55208333333337,217.7777777777778,395.3815644135078,196.87798188792337,449.7226022531589,238.67757366763223,0.0012013842351734638,0.9989350438117981,
2026-07-15T21:49:15.783,38.69006851804443,20260715_214837_front_fusion_ego_1533,speedsweep_slow,fusion_ego_1533,6339691,2,vehicle,0.11552510410547256,73.40288879875612,135.98820628323,1.3349131048396623,-76.04608782950007,5.974038600921631,2.1628329753875732,2.7459895610809326,17.140263592009127,422.55208333333337,227.7777777777778,399.03867039581144,210.70359157191385,446.0654962708553,244.85196398364175,0.0022989418357610703,0.9999445676803589,
2026-07-15T21:49:15.783,38.69006851804443,20260715_214837_front_fusion_ego_1533,speedsweep_slow,fusion_ego_1533,6339691,3,vehicle,0.058651167899370193,76.52380362224449,118.41729377021558,0.7327935306362261,-176.9610870251405,5.147536754608154,1.871897578239441,1.829201102256775,27.94107948708235,181.25260416666669,234.44444444444446,143.4879951948921,223.89790025022296,219.01721313844126,244.99098863866595,0.0021568338852375746,0.9999485015869141,
2026-07-15T21:49:15.916,38.823557764990255,20260715_214837_front_fusion_ego_1533,speedsweep_slow,fusion_ego_1533,6339692,0,vehicle,0.23742040991783142,70.85490169736224,135.78870898039042,1.1381164223204894,-147.7492903762849,5.402607440948486,2.090542793273926,2.1808440685272217,14.465275912861244,422.55208333333337,234.44444444444446,390.6270097692808,214.15754046705035,454.47715689738595,254.73134842183856,0.004526856355369091,0.9999849796295166,
2026-07-15T21:49:15.916,38.823557764990255,20260715_214837_front_fusion_ego_1533,speedsweep_slow,fusion_ego_1533,6339692,1,vehicle,0.19440002739429474,74.65599620923416,119.33008698763713,0.9852589976444674,12.679444304767207,4.189916610717773,1.7371094226837158,1.663407325744629,25.841358248500306,164.57291666666669,234.44444444444446,132.57547266284627,221.82803955343036,196.5703606704871,247.06084933545856,0.5955420136451721,0.9992795586585999,
2026-07-15T21:49:15.916,38.823557764990255,20260715_214837_front_fusion_ego_1533,speedsweep_slow,fusion_ego_1533,6339692,2,vehicle,0.1727529913187027,71.31138272298072,139.49525303332865,1.3100143265020663,98.21087281638958,5.0859222412109375,1.9545022249221802,2.2778806686401367,14.890856813344001,492.60677083333337,234.44444444444446,469.09863901635015,214.9291816022661,516.1149026503166,253.9597072866228,0.006415303330868483,0.9999823570251465,
2026-07-15T21:49:15.916,38.823557764990255,20260715_214837_front_fusion_ego_1533,speedsweep_slow,fusion_ego_1533,6339692,3,vehicle,0.15129037201404572,73.97973179382703,134.9184385750849,1.3553303473870209,-64.25129564334426,6.413980960845947,2.2116968631744385,3.006946325302124,17.68056109370953,422.55208333333337,224.44444444444446,397.68376233552897,205.41258182790546,447.4204043311378,243.47630706098346,0.0016356348060071468,0.9998699426651001,
2026-07-15T21:49:15.916,38.823557764990255,20260715_214837_front_fusion_ego_1533,speedsweep_slow,fusion_ego_1533,6339692,4,person,0.09731955826282501,73.28572079558731,131.50400633061702,0.9723868740714743,89.64023517011833,0.7581249475479126,0.5354145169258118,1.7939376831054688,17.88897453866593,93.40625,234.44444444444446,84.94352952763438,220.4322957661417,101.86897047236562,248.45659312274722,0.9900633692741394,0.7683804631233215,
2026-07-15T21:49:16.049,38.95594334008638,20260715_214837_front_fusion_ego_1533,speedsweep_slow,fusion_ego_1533,6339693,0,vehicle,0.3147905766963959,74.89822628943259,135.40532473711966,1.4705798092457714,-69.75541307103232,6.425346851348877,2.2715249061584473,2.878206968307495,18.32245535264032,422.55208333333337,226.66666666666669,394.6871670534214,209.11488989988965,450.41699961324537,244.21844343344372,0.0007654954679310322,0.9998756647109985,
2026-07-15T21:49:16.049,38.95594334008638,20260715_214837_front_fusion_ego_1533,speedsweep_slow,fusion_ego_1533,6339693,1,vehicle,0.19468966126441956,90.07528154033503,129.65685373630413,1.0640874185898062,-177.13226957035306,5.002486705780029,1.8703778982162476,1.7799580097198486,34.318138440491104,306.90625,226.66666666666669,291.3404701240361,219.76246664921445,322.4720298759639,233.57086668411893,0.08051950484514236,0.999599039554596,
2026-07-15T21:49:16.049,38.95594334008638,20260715_214837_front_fusion_ego_1533,speedsweep_slow,fusion_ego_1533,6339693,2,vehicle,0.15657943487167358,76.83769383052615,117.37057765331033,1.1601777885974123,-66.62271933188579,4.603700637817383,1.8359375,2.0083961486816406,28.6255503307444,163.4609375,234.44444444444446,131.23742017894983,222.2344880965021,195.68445482105017,246.6544007923868,0.567324161529541,0.9973787069320679,
2026-07-15T21:49:16.049,38.95594334008638,20260715_214837_front_fusion_ego_1533,speedsweep_slow,fusion_ego_1533,6339693,3,vehicle,0.14173604547977448,71.94521664989962,139.73450059954146,1.3683348143045269,107.38919313302405,5.150089263916016,1.9939517974853516,2.267974853515625,15.351671179263864,492.60677083333337,235.55555555555557,466.22405352567637,215.55787059995865,518.9894881409904,255.5532405111525,0.006153385620564222,0.9999949932098389,
2026-07-15T21:49:16.049,38.95594334008638,20260715_214837_front_fusion_ego_1533,speedsweep_slow,fusion_ego_1533,6339693,4,vehicle,0.09379877895116806,79.21404760913498,138.6432141789399,2.051563792446103,-143.15448039020782,7.524169445037842,2.8002731800079346,3.592241048812866,22.514295928765005,474.8151041666667,217.7777777777778,440.935672412316,200.06012784110177,508.69453592101735,235.49542771445383,0.031691744923591614,0.9909181594848633,
2026-07-15T21:49:16.172,39.07935328409076,20260715_214837_front_fusion_ego_1533,speedsweep_slow,fusion_ego_1533,6339694,0,vehicle,0.4492107927799225,72.25593388117058,137.34274127288663,1.3802749847908595,-90.7882596861963,5.855904579162598,2.155383586883545,2.6098434925079346,15.334997909967644,484.8229166666667,234.44444444444446,457.33111155281466,213.59045353200702,512.3147217805188,255.2984353568819,0.01654951460659504,0.999981164932251,
2026-07-15T21:49:16.172,39.07935328409076,20260715_214837_front_fusion_ego_1533,speedsweep_slow,fusion_ego_1533,6339694,1,vehicle,0.24161377549171448,75.34069500091452,135.1795847581235,1.563149388879157,-58.022892761616845,6.407751083374023,2.3008244037628174,3.0051445960998535,18.590972703123402,421.4401041666667,225.55555555555557,400.3500813233356,207.04456004831528,442.5301270099978,244.06655106279587,0.001990665215998888,0.9998031258583069,
2026-07-15T21:49:16.172,39.07935328409076,20260715_214837_front_fusion_ego_1533,speedsweep_slow,fusion_ego_1533,6339694,2,vehicle,0.19090962409973145,56.88824989571571,140.41518988080242,1.100719772980983,173.09325783570125,4.370537281036377,1.6552354097366333,1.746328353881836,2.7090018951813954,821.7526041666667,315.55555555555554,788.4313295880954,246.2005326482985,855.0738787452381,384.9105784628127,0.01825062185525894,0.10319726914167404,
2026-07-15T21:49:16.172,39.07935328409076,20260715_214837_front_fusion_ego_1533,speedsweep_slow,fusion_ego_1533,6339694,3,vehicle,0.16345910727977753,92.07385896172897,129.05234666751994,0.9767901754689361,-140.32083981241786,4.90701150894165,1.8288592100143433,1.7008756399154663,36.208076072155094,306.90625,226.66666666666669,291.20800944045186,219.76773495475453,322.60449055954814,233.56559837857884,0.07712036371231079,0.999785840511322,
2026-07-15T21:49:16.172,39.07935328409076,20260715_214837_front_fusion_ego_1533,speedsweep_slow,fusion_ego_1533,6339694,4,vehicle,0.1086060181260109,76.19356943617159,115.88930470010224,0.9912574822034417,-95.94626554269777,5.383549690246582,2.1046600341796875,1.7871031761169434,29.133669253630373,155.67708333333334,234.44444444444446,109.67936333020529,221.79781642225055,201.6748033364614,247.09107246663837,0.013707160949707031,0.9993927478790283,
2026-07-15T21:49:16.306,39.213407773990184,20260715_214837_front_fusion_ego_1533,speedsweep_slow,fusion_ego_1533,6339695,0,vehicle,0.35494378209114075,72.06729746011484,137.43142139777183,1.2931323091861846,101.46500073534779,5.436983585357666,2.053995370864868,2.5295541286468506,14.953590500704674,484.8229166666667,234.44444444444446,456.9456056604783,212.33719136979846,512.7002276728551,256.55169751909045,0.002719629555940628,0.9999972581863403,
2026-07-15T21:49:16.306,39.213407773990184,20260715_214837_front_fusion_ego_1533,speedsweep_slow,fusion_ego_1533,6339695,1,vehicle,0.1831142157316208,76.36515858640583,134.55061583430825,1.7102882401137978,-14.144812738601141,6.803300380706787,2.480114459991455,3.3242413997650146,19.509853728045215,421.4401041666667,217.7777777777778,396.2463595668475,195.75729595290292,446.63384876648587,239.79825960265268,0.0007485980750061572,0.9996836185455322,
2026-07-15T21:49:16.306,39.213407773990184,20260715_214837_front_fusion_ego_1533,speedsweep_slow,fusion_ego_1533,6339695,2,vehicle,0.12508441507816315,57.32975116661244,140.6138115070642,1.1964501659989313,-160.23395344612504,4.455353260040283,1.6958141326904297,1.817995309829712,2.9014562993505018,813.96875,315.55555555555554,783.1051943898201,243.91626331541275,844.8323056101799,387.1948477956984,0.2458692044019699,0.6504446864128113,
2026-07-15T21:49:16.306,39.213407773990184,20260715_214837_front_fusion_ego_1533,speedsweep_slow,fusion_ego_1533,6339695,3,vehicle,0.065256766974926,92.299471337795,129.24717583553053,0.9734090617777085,-125.19771310480525,4.861063003540039,1.791654348373413,1.8267136812210083,36.19474833045333,306.90625,226.66666666666669,292.62903967499733,218.68197182814282,321.18346032500267,234.65136150519055,0.048418596386909485,0.9983776807785034,
2026-07-15T21:49:16.306,39.213407773990184,20260715_214837_front_fusion_ego_1533,speedsweep_slow,fusion_ego_1533,6339695,4,vehicle,0.06322681903839111,75.84158230843065,135.41131058107376,1.505042416297898,-60.39164953344196,6.109585285186768,2.2082271575927734,2.868088483810425,18.867106357583175,421.4401041666667,227.7777777777778,399.8804529073338,210.86112843619455,442.9997554259996,244.69442711936105,0.007248431909829378,0.9994174242019653,
2026-07-15T21:49:16.446,39.35284207109362,20260715_214837_front_fusion_ego_1533,speedsweep_slow,fusion_ego_1533,6339696,0,vehicle,0.3281087875366211,71.77690163293462,136.20339408788453,1.378172762299788,-97.70575318135806,5.419921875,2.060699939727783,2.394767999649048,14.524643649993005,421.4401041666667,234.44444444444446,391.5563109467427,213.70666828420428,451.32389738659066,255.18222060468463,0.004514416679739952,0.9999886751174927,
2026-07-15T21:49:16.446,39.35284207109362,20260715_214837_front_fusion_ego_1533,speedsweep_slow,fusion_ego_1533,6339696,1,vehicle,0.32456541061401367,71.82854546936055,137.597926134401,1.3360721107851847,92.10302962025115,5.638548374176025,2.1201727390289307,2.435925245285034,14.49627470751361,484.8229166666667,235.55555555555557,454.0476639370124,213.08617386553024,515.598169396321,258.0249372455809,0.001164403511211276,0.999976396560669,
2026-07-15T21:49:16.446,39.35284207109362,20260715_214837_front_fusion_ego_1533,speedsweep_slow,fusion_ego_1533,6339696,2,vehicle,0.23426860570907593,90.59165594292368,129.6202619134708,0.9502985392760368,-136.8396241595603,5.019778728485107,1.9118915796279907,1.4665582180023193,34.23823665586248,314.6901041666667,226.66666666666669,295.7343889238934,220.12258181969327,333.64581940944,233.2107515136401,0.024987706914544106,0.9999836683273315,
2026-07-15T21:49:16.446,39.35284207109362,20260715_214837_front_fusion_ego_1533,speedsweep_slow,fusion_ego_1533,6339696,3,vehicle,0.13005156815052032,76.19790412560072,135.34643598211622,1.7210841199083828,-35.655812021001964,6.652885913848877,2.374267339706421,3.1678545475006104,19.015873220666457,421.4401041666667,224.44444444444446,397.0371198790769,205.65154876973895,445.8430884542565,243.23734011914996,0.0008117298129945993,0.9996218681335449,
2026-07-15T21:49:16.446,39.35284207109362,20260715_214837_front_fusion_ego_1533,speedsweep_slow,fusion_ego_1533,6339696,4,vehicle,0.09932553768157959,77.06093601827172,115.62478891201653,1.0717022579056028,-39.174763410193236,4.943567752838135,2.0220158100128174,1.752629280090332,29.63552153095972,146.78125,235.55555555555557,107.11994885653259,222.86548647615646,186.44255114346743,248.24562463495468,0.09409050643444061,0.9413461685180664,
2026-07-15T21:49:16.588,39.495499712997116,20260715_214837_front_fusion_ego_1533,speedsweep_slow,fusion_ego_1533,6339697,0,vehicle,0.3060731589794159,72.869924025968,137.95865040281097,1.3891624226506316,92.5512669345442,5.7123026847839355,2.1673731803894043,2.582557201385498,15.320982018606273,484.8229166666667,235.55555555555557,454.6523649642865,211.08206484052872,514.9934683690469,260.0290462705824,0.0010572627652436495,0.9999881982803345,
2026-07-15T21:49:16.588,39.495499712997116,20260715_214837_front_fusion_ego_1533,speedsweep_slow,fusion_ego_1533,6339697,1,vehicle,0.3042137026786804,89.17040192978305,129.47842788233723,1.0716760432987371,-151.17269913497887,5.158174991607666,1.9399968385696411,1.787243127822876,32.68291328416873,306.90625,226.66666666666669,289.9576103016734,218.6246646444003,323.8548896983266,234.70866868893307,0.04781467095017433,0.9998841285705566,
2026-07-15T21:49:16.588,39.495499712997116,20260715_214837_front_fusion_ego_1533,speedsweep_slow,fusion_ego_1533,6339697,2,vehicle,0.12753061950206757,76.72950132061905,135.13749159296674,1.7945341393286065,9.553532326710837,7.436186790466309,2.6542885303497314,3.4680709838867188,19.355869542256283,413.65625,217.7777777777778,387.2669615149498,195.64489709006418,440.04553848505026,239.91065846549142,0.00021333193581085652,0.9991565942764282,
2026-07-15T21:49:16.723,39.629885809030384,20260715_214837_front_fusion_ego_1533,speedsweep_slow,fusion_ego_1533,6339698,0,vehicle,0.2406991720199585,90.18176077916306,130.26162794716677,1.0186868302081478,-127.24937426647335,4.8246870040893555,1.8490004539489746,1.5056787729263306,33.2780253949634,314.6901041666667,226.66666666666669,297.44983367497724,219.46559081474942,331.93037465835613,233.86774251858395,0.008120555430650711,0.9999839067459106,
2026-07-15T21:49:16.723,39.629885809030384,20260715_214837_front_fusion_ego_1533,speedsweep_slow,fusion_ego_1533,6339698,1,vehicle,0.17567966878414154,73.74346216847239,139.06440266628908,1.4634438277866468,130.80021618814712,5.860036849975586,2.212688446044922,2.7214300632476807,16.04068313015102,483.71093750000006,234.44444444444446,457.6073305942119,210.86876240041522,509.81454440578824,258.0201264884737,0.009719581343233585,0.9999428987503052,
2026-07-15T21:49:16.723,39.629885809030384,20260715_214837_front_fusion_ego_1533,speedsweep_slow,fusion_ego_1533,6339698,2,vehicle,0.08517133444547653,76.21901240295037,114.86071749538239,0.8510631982244394,-75.99032766634546,5.282403945922852,2.08009934425354,1.7147186994552612,29.403404431784722,145.66927083333334,235.55555555555557,91.99441771705946,224.73241034481262,199.34412394960722,246.37870076629852,0.4530477225780487,0.9965103268623352,
2026-07-15T21:49:16.723,39.629885809030384,20260715_214837_front_fusion_ego_1533,speedsweep_slow,fusion_ego_1533,6339698,3,vehicle,0.07708273082971573,76.51915626240819,135.53593413144867,1.8959767639767762,-2.380347170896961,6.554389476776123,2.4455506801605225,3.3521249294281006,18.893814210380196,421.4401041666667,217.7777777777778,392.55811088035506,195.63189552889932,450.3220974529783,239.92366002665628,0.0001860234624473378,0.9990469813346863,
2026-07-15T21:49:16.849,39.75627975608222,20260715_214837_front_fusion_ego_1533,speedsweep_slow,fusion_ego_1533,6339699,0,vehicle,0.2256481796503067,90.44364222362981,130.06918611423131,0.9972333464786902,-133.92323513889949,4.751154899597168,1.8409305810928345,1.5309016704559326,33.388850068239684,314.6901041666667,226.66666666666669,298.06404230992,219.37397370735806,331.31616602341336,233.9593596259753,0.028278794139623642,0.9999516010284424,
2026-07-15T21:49:16.849,39.75627975608222,20260715_214837_front_fusion_ego_1533,speedsweep_slow,fusion_ego_1533,6339699,1,vehicle,0.21780644357204437,75.98363966162745,115.06193320213413,0.7649715299056528,-114.70411920706115,4.705173969268799,1.900521993637085,1.6635874509811401,28.98053747191819,136.7734375,234.44444444444446,86.23316802829504,222.6602065232065,187.31370697170496,246.2286823656824,0.008615050464868546,0.9978613257408142,
2026-07-15T21:49:16.849,39.75627975608222,20260715_214837_front_fusion_ego_1533,speedsweep_slow,fusion_ego_1533,6339699,2,vehicle,0.14577165246009827,76.5218752497057,134.66019420722427,1.7843988284117083,-0.07916482708612048,6.931773662567139,2.571141004562378,3.151245355606079,18.8257700053688,412.54427083333337,217.7777777777778,383.0478764375051,196.06379376517404,442.0406652291616,239.49176179038156,0.0006105373031459749,0.9967026114463806,
2026-07-15T21:49:16.849,39.75627975608222,20260715_214837_front_fusion_ego_1533,speedsweep_slow,fusion_ego_1533,6339699,3,vehicle,0.13664112985134125,73.00620927988163,137.17268782843593,1.3129636333501136,-84.07456661852218,5.860116004943848,2.115410327911377,2.579284191131592,15.066900608883932,475.92708333333337,234.44444444444446,443.9667948757609,212.36854102876453,507.88737179090583,256.5203478601244,0.021494928747415543,0.9999717473983765,
2026-07-15T21:49:16.981,39.88771988404915,20260715_214837_front_fusion_ego_1533,speedsweep_slow,fusion_ego_1533,6339700,0,vehicle,0.2610996961593628,90.34864075478153,129.02285170316898,0.9834271252230877,-126.34818344001673,4.940134525299072,1.8760581016540527,1.426215648651123,33.378075207600006,314.6901041666667,226.66666666666669,295.2602270158629,220.13764778772992,334.1199813174705,233.19568554560345,0.04647310450673103,0.9999860525131226,
2026-07-15T21:49:16.981,39.88771988404915,20260715_214837_front_fusion_ego_1533,speedsweep_slow,fusion_ego_1533,6339700,1,vehicle,0.2325076460838318,77.4797433157193,134.9953396812834,1.6348388719012332,-53.380039604604505,6.6805419921875,2.3913795948028564,3.0163331031799316,19.54086924275004,413.65625,225.55555555555557,387.9970048479736,207.97153506014084,439.3154951520265,243.1395760509703,0.0005634395056404173,0.9995731711387634,
2026-07-15T21:49:16.981,39.88771988404915,20260715_214837_front_fusion_ego_1533,speedsweep_slow,fusion_ego_1533,6339700,2,vehicle,0.19275082647800446,73.54065679792524,136.7272106257036,1.3674122904382566,-114.68436199672404,5.994529724121094,2.1750380992889404,2.6284642219543457,15.441956186657798,475.92708333333337,234.44444444444446,446.5196249162158,210.9792533185747,505.33454175045097,257.9096355703142,0.0162732545286417,0.9999605417251587,
2026-07-15T21:49:17.110,40.017461070092395,20260715_214837_front_fusion_ego_1533,speedsweep_slow,fusion_ego_1533,6339701,0,vehicle,0.39721575379371643,77.83848415531432,135.12673582385602,1.7977850215666376,-45.17583915108075,6.728322982788086,2.436323404312134,3.064009428024292,19.674824316127285,412.54427083333337,226.66666666666669,384.5767162938913,209.0384505192439,440.51182537277543,244.29488281408948,0.00027715336182154715,0.999925971031189,
2026-07-15T21:49:17.110,40.017461070092395,20260715_214837_front_fusion_ego_1533,speedsweep_slow,fusion_ego_1533,6339701,1,vehicle,0.312479168176651,73.77203090075037,138.0820349201231,1.5670346082804725,-121.62117770851575,5.775539875030518,2.1959006786346436,2.6510720252990723,15.436609479478271,475.92708333333337,234.44444444444446,448.5415909936031,210.47169354226855,503.31257567306363,258.41719534662036,0.018231859430670738,0.999313235282898,
2026-07-15T21:49:17.110,40.017461070092395,20260715_214837_front_fusion_ego_1533,speedsweep_slow,fusion_ego_1533,6339701,2,vehicle,0.22387631237506866,86.52638843499678,129.7825671500453,0.9084462415606822,-20.24822795005495,4.877084255218506,1.8393040895462036,1.434400200843811,29.294316654974768,314.6901041666667,234.44444444444446,299.6917409251134,226.93467762735156,329.68846740822,241.95421126153735,0.007208746857941151,0.9999324083328247,
2026-07-15T21:49:17.240,40.14730762108229,20260715_214837_front_fusion_ego_1533,speedsweep_slow,fusion_ego_1533,6339702,0,vehicle,0.2827044725418091,78.96314280803503,135.6580640162212,1.8859055084039547,62.32146259411745,7.162808418273926,2.4954795837402344,3.267118215560913,20.52271143060279,412.54427083333337,225.55555555555557,387.7224443753561,205.39821479055618,437.36609729131067,245.71289632055496,7.286322943400592e-05,0.9999594688415527,
2026-07-15T21:49:17.240,40.14730762108229,20260715_214837_front_fusion_ego_1533,speedsweep_slow,fusion_ego_1533,6339702,1,vehicle,0.2436116635799408,84.33734043217436,130.38153686393147,0.8208336593144967,-1.1004002487423024,4.92786169052124,1.8696091175079346,1.338585376739502,26.825898126937982,314.6901041666667,234.44444444444446,298.09593582401675,226.82643440034656,331.2842725093166,242.06245448854236,0.008299428038299084,0.9996955394744873,
2026-07-15T21:49:17.240,40.14730762108229,20260715_214837_front_fusion_ego_1533,speedsweep_slow,fusion_ego_1533,6339702,2,vehicle,0.2074274867773056,74.26440612820302,137.46986799224118,1.5620133468933664,-105.3102710221163,5.646803855895996,2.1811673641204834,2.6399333477020264,15.717665436444575,475.92708333333337,234.44444444444446,450.0586405893167,210.55262472894458,501.79552607735,258.33626415994434,0.12868615984916687,0.9992690682411194,
2026-07-15T21:49:17.377,40.283725394983776,20260715_214837_front_fusion_ego_1533,speedsweep_slow,fusion_ego_1533,6339703,0,vehicle,0.210692897439003,79.81386571894404,135.52401887542592,1.6817081955160846,0.6329189552946294,6.703967571258545,2.3142521381378174,3.0625808238983154,21.181273354041974,412.54427083333337,225.55555555555557,390.7028908816477,207.38010797235702,434.38565078501904,243.73100313875412,0.00046612147707492113,0.9997894167900085,
2026-07-15T21:49:17.377,40.283725394983776,20260715_214837_front_fusion_ego_1533,speedsweep_slow,fusion_ego_1533,6339703,1,vehicle,0.19379641115665436,85.14385056121604,128.485328829922,0.6113561322250156,-16.21550920479047,4.896006107330322,1.7966355085372925,1.3654959201812744,27.98408466594288,306.90625,234.44444444444446,290.8708098940551,226.7986395623949,322.9416901059449,242.09024932649402,8.15480962046422e-05,0.9996066689491272,
2026-07-15T21:49:17.377,40.283725394983776,20260715_214837_front_fusion_ego_1533,speedsweep_slow,fusion_ego_1533,6339703,2,vehicle,0.1376808136701584,74.22739132028599,137.12355625169351,1.4837315086136225,-143.03899410218048,5.436419486999512,2.108748197555542,2.472304582595825,15.49062020620053,475.92708333333337,234.44444444444446,451.24426328515017,211.66114595201282,500.6099033815166,257.2277429368761,0.06012922525405884,0.9995394945144653,
2026-07-15T21:49:17.512,40.41944902902469,20260715_214837_front_fusion_ego_1533,speedsweep_slow,fusion_ego_1533,6339704,0,vehicle,0.31254008412361145,91.565386568832,128.92857209373375,1.0966734377641334,-156.8856424236351,5.134136199951172,1.9753156900405884,1.6868103742599487,33.80043777233311,314.6901041666667,226.66666666666669,297.7148632096748,219.13353244463605,331.6653451236586,234.19980088869733,0.020203236490488052,0.9997809529304504,
2026-07-15T21:49:17.512,40.41944902902469,20260715_214837_front_fusion_ego_1533,speedsweep_slow,fusion_ego_1533,6339704,1,vehicle,0.20238935947418213,74.26204358660134,137.49582025594682,1.4153934135156139,140.4071898642569,5.387979984283447,2.0477726459503174,2.3776464462280273,15.328944152215342,474.8151041666667,234.44444444444446,451.6327347705762,213.20254352357654,497.9974735627572,255.68634536531238,0.062580905854702,0.9999337196350098,
2026-07-15T21:49:17.512,40.41944902902469,20260715_214837_front_fusion_ego_1533,speedsweep_slow,fusion_ego_1533,6339704,2,vehicle,0.17180874943733215,78.35243611086717,135.48957878724568,1.6670151582840576,24.341286808898065,6.6531453132629395,2.262619733810425,3.2036633491516113,19.54700596474992,412.54427083333337,225.55555555555557,391.41202606757486,204.88081130716537,433.6765155990919,246.23029980394577,0.0013678205432370305,0.9999767541885376,
2026-07-15T21:49:17.638,40.54475884104613,20260715_214837_front_fusion_ego_1533,speedsweep_slow,fusion_ego_1533,6339705,0,vehicle,0.1890711635351181,91.44941339062783,128.18703885322782,1.1726889850815931,-158.20055452827512,5.20839786529541,1.9509642124176025,1.8114291429519653,33.721741464478725,314.6901041666667,226.66666666666669,297.820897611479,218.91973356405896,331.5593107218544,234.4135997692744,0.022248027846217155,0.9997275471687317,
2026-07-15T21:49:17.638,40.54475884104613,20260715_214837_front_fusion_ego_1533,speedsweep_slow,fusion_ego_1533,6339705,1,vehicle,0.17602817714214325,79.57803747221466,134.74220262800242,2.0500712492279782,-20.277529719643145,7.23654317855835,2.6543843746185303,3.5563323497772217,20.692424880703335,404.7604166666667,217.7777777777778,379.81211850667995,194.10967932807077,429.7087148266534,241.44587622748483,0.000387573498301208,0.999924898147583,
2026-07-15T21:49:17.638,40.54475884104613,20260715_214837_front_fusion_ego_1533,speedsweep_slow,fusion_ego_1533,6339705,2,vehicle,0.1626977175474167,79.22061676632258,136.6942401529173,1.698417159576437,-52.65099575016181,5.926270008087158,2.2225944995880127,2.865278720855713,20.1384671217783,474.8151041666667,226.66666666666669,452.99985462675494,208.2664356629054,496.63035370657843,245.06689767042798,0.0024284543469548225,0.9999651908874512,
2026-07-15T21:49:17.769,40.6757164580049,20260715_214837_front_fusion_ego_1533,speedsweep_slow,fusion_ego_1533,6339706,0,vehicle,0.18964597582817078,86.14524334094536,127.70308271782912,0.8159572186692756,25.771202505218703,4.976508140563965,1.8329931497573853,1.496016025543213,28.658693776995758,306.90625,234.44444444444446,289.05314046517015,226.65214803483752,324.75935953482985,242.2367408540514,0.0002783569216262549,0.9985641837120056,
2026-07-15T21:49:17.769,40.6757164580049,20260715_214837_front_fusion_ego_1533,speedsweep_slow,fusion_ego_1533,6339706,1,vehicle,0.15547433495521545,79.3518212838792,135.61519639610916,1.894879519979376,-48.62965025040432,6.823899745941162,2.4497835636138916,3.0769577026367188,20.157029480041142,404.7604166666667,225.55555555555557,377.5236196840803,206.23010012838577,431.99721364925307,244.88101098272537,0.00046637951163575053,0.9999047517776489,
2026-07-15T21:49:17.769,40.6757164580049,20260715_214837_front_fusion_ego_1533,speedsweep_slow,fusion_ego_1533,6339706,2,vehicle,0.13493572175502777,75.16702429412463,138.07123509324123,1.4678302420062543,-72.28107288876544,5.400063514709473,1.9934653043746948,2.4020984172821045,15.861152364330305,467.03125000000006,234.44444444444446,444.7628071457148,215.85465457704333,489.2996928542853,253.03423431184558,0.06446961313486099,0.9999895095825195,
2026-07-15T21:49:17.897,40.803830711054616,20260715_214837_front_fusion_ego_1533,speedsweep_slow,fusion_ego_1533,6339707,0,vehicle,0.2609608471393585,89.15477320660275,127.55212091128597,1.2479799335018091,-157.85771752154034,5.169703483581543,1.9715276956558228,1.9219290018081665,31.34409046691974,314.6901041666667,226.66666666666669,295.7284492539863,217.80590156714123,333.6517590793471,235.52743176619214,0.014804652892053127,0.9986600875854492,
2026-07-15T21:49:17.897,40.803830711054616,20260715_214837_front_fusion_ego_1533,speedsweep_slow,fusion_ego_1533,6339707,1,vehicle,0.2493274211883545,75.76860256653579,137.26974153367073,1.4384481731725045,-87.76311731313683,5.30692195892334,2.0256526470184326,2.3510680198669434,16.263431224404556,467.03125000000006,234.44444444444446,444.0472821220756,214.9219235446718,490.0152178779245,253.9669653442171,0.11342917382717133,0.999982476234436,
2026-07-15T21:49:17.897,40.803830711054616,20260715_214837_front_fusion_ego_1533,speedsweep_slow,fusion_ego_1533,6339707,2,vehicle,0.2111557424068451,79.77310737038263,134.84707436968895,2.1970162658042973,-3.81941075661954,7.211305141448975,2.6687159538269043,3.479614496231079,20.47607227229874,404.7604166666667,217.7777777777778,376.70049978295964,193.46721337901224,432.82033355037373,242.08834217654336,0.00045040727127343416,0.9987298846244812,
2026-07-15T21:49:18.032,40.93942666100338,20260715_214837_front_fusion_ego_1533,speedsweep_slow,fusion_ego_1533,6339708,0,vehicle,0.360347718000412,75.0442324524567,137.73039369440983,1.3775417318270191,-14.175210360696301,5.497587203979492,2.075556516647339,2.33427095413208,15.340365660703858,467.03125000000006,234.44444444444446,444.129126764834,214.8350199725893,489.93337323516613,254.05386891629962,0.0667487308382988,0.9999984502792358,
2026-07-15T21:49:18.032,40.93942666100338,20260715_214837_front_fusion_ego_1533,speedsweep_slow,fusion_ego_1533,6339708,1,vehicle,0.284244179725647,83.33543306538839,130.06345291907732,0.6526278621239214,-6.62560662145424,4.8326568603515625,1.8195708990097046,1.4436858892440796,24.860345172807985,314.6901041666667,234.44444444444446,296.11774896333617,226.20560940768985,333.2624593699972,242.68327948119907,0.007040962111204863,0.9999357461929321,
2026-07-15T21:49:18.032,40.93942666100338,20260715_214837_front_fusion_ego_1533,speedsweep_slow,fusion_ego_1533,6339708,2,vehicle,0.1260301172733307,80.30649253161437,135.43730803894172,1.9463631870970914,-50.256728875911946,6.728754043579102,2.3598480224609375,3.191741943359375,20.733216284853878,404.7604166666667,225.55555555555557,380.10048041368526,207.2607496711943,429.4203529196481,243.85036143991684,0.0003664958931040019,0.9992451667785645,
2026-07-15T21:49:18.154,41.061473826062866,20260715_214837_front_fusion_ego_1533,speedsweep_slow,fusion_ego_1533,6339709,0,vehicle,0.2156481146812439,85.92519351075158,129.00110266122104,0.8858468483817816,-10.17803733270253,4.8499369621276855,1.8076679706573486,1.4394863843917847,27.438746978665396,314.6901041666667,234.44444444444446,298.21687348435324,226.63293537166385,331.1633348489801,242.25595351722507,0.012368223629891872,0.9999011754989624,
2026-07-15T21:49:18.154,41.061473826062866,20260715_214837_front_fusion_ego_1533,speedsweep_slow,fusion_ego_1533,6339709,1,vehicle,0.20145465433597565,77.6341046821507,137.75104816298887,1.6034589340661005,-85.50450138012381,6.027978897094727,2.1968605518341064,2.5823960304260254,17.712698161959626,467.03125000000006,234.44444444444446,445.8774910308421,214.68759861257342,488.185008969158,254.2012902763155,0.18645256757736206,0.9999963045120239,
2026-07-15T21:49:18.154,41.061473826062866,20260715_214837_front_fusion_ego_1533,speedsweep_slow,fusion_ego_1533,6339709,2,vehicle,0.12183228880167007,81.28185032832783,135.78645256376532,2.034797330116934,-13.672317308765319,6.967133045196533,2.417141914367676,3.256387233734131,21.454305497054964,404.7604166666667,225.55555555555557,379.9097412923972,207.24305782053207,429.61109204093617,243.86805329057907,4.674606680055149e-05,0.9992333650588989,
2026-07-15T21:49:18.296,41.20365344104357,20260715_214837_front_fusion_ego_1533,speedsweep_slow,fusion_ego_1533,6339710,0,vehicle,0.33275678753852844,85.09895790288088,129.28481028972615,0.9358982599438805,25.506919362293708,5.1982927322387695,1.9140605926513672,1.645917296409607,26.322105335038337,314.6901041666667,234.44444444444446,296.2865062157313,225.58858599927692,333.09370211760205,243.300302889612,0.03415783867239952,0.9999229907989502,
2026-07-15T21:49:18.296,41.20365344104357,20260715_214837_front_fusion_ego_1533,speedsweep_slow,fusion_ego_1533,6339710,1,vehicle,0.3070276975631714,81.83189216814787,134.92204521087237,2.040817038226457,-0.8996882848757696,7.004075527191162,2.5062413215637207,3.2247045040130615,21.841649398388157,403.6484375,225.55555555555557,375.43016017228365,207.29461166593765,431.8667148277164,243.8164994451735,7.88321704021655e-05,0.9998917579650879,
2026-07-15T21:49:18.296,41.20365344104357,20260715_214837_front_fusion_ego_1533,speedsweep_slow,fusion_ego_1533,6339710,2,vehicle,0.20550157129764557,78.03213505433325,137.2930824541276,1.654624238208265,-75.3695203436601,6.28339958190918,2.314089775085449,2.718350887298584,17.860624765543214,467.03125000000006,234.44444444444446,444.46068092063075,214.2665955093172,489.60181907936936,254.62229337957172,0.15043257176876068,0.9999980926513672,
2026-07-15T21:49:18.423,41.33038449008018,20260715_214837_front_fusion_ego_1533,speedsweep_slow,fusion_ego_1533,6339711,0,vehicle,0.38596683740615845,77.13261924222738,137.368504768875,1.5024594559446363,-72.6129202476714,6.186784267425537,2.2523603439331055,2.582876443862915,16.663301243939312,465.91927083333337,234.44444444444446,442.912799337258,213.25070169236926,488.92574232940876,255.63818719651965,0.08718592673540115,0.9999996423721313,
2026-07-15T21:49:18.423,41.33038449008018,20260715_214837_front_fusion_ego_1533,speedsweep_slow,fusion_ego_1533,6339711,1,vehicle,0.3577369153499603,86.16978390695616,127.9567958938057,0.9258510055694211,-11.468243998257279,5.032979965209961,1.7906832695007324,1.6938841342926025,27.500508913552586,306.90625,234.44444444444446,291.54532669857144,225.74655648734836,322.26717330142856,243.14233240154056,0.003738480620086193,0.9998879432678223,
2026-07-15T21:49:18.423,41.33038449008018,20260715_214837_front_fusion_ego_1533,speedsweep_slow,fusion_ego_1533,6339711,2,vehicle,0.26861894130706787,80.40385312009063,135.1920616486309,1.9073431357907673,16.02121896768296,6.671733379364014,2.3664655685424805,3.1260101795196533,20.094598024760792,403.6484375,225.55555555555557,375.9510472714901,207.43165466520523,431.34582772850996,243.6794564459059,0.00012412092473823577,0.9999781847000122,
2026-07-15T21:49:18.550,41.45690015202854,20260715_214837_front_fusion_ego_1533,speedsweep_slow,fusion_ego_1533,6339712,0,vehicle,0.33967477083206177,86.28137743130412,129.6324626648269,1.0762234818063696,-18.762774904919628,5.259606838226318,1.9179140329360962,1.7086375951766968,26.734207539077268,314.6901041666667,234.44444444444446,298.5518190103273,225.12475517061023,330.8283893230061,243.76413371827869,0.02578953467309475,0.9999864101409912,
2026-07-15T21:49:18.550,41.45690015202854,20260715_214837_front_fusion_ego_1533,speedsweep_slow,fusion_ego_1533,6339712,1,vehicle,0.23994159698486328,77.88861106692721,137.49882155420067,1.5813794736935416,-24.417698968361826,6.012690544128418,2.242950201034546,2.6107325553894043,17.08170713502392,465.91927083333337,234.44444444444446,442.7558657502135,214.18487754133014,489.08267591645324,254.70401134755878,0.5209194421768188,0.9999986886978149,
2026-07-15T21:49:18.550,41.45690015202854,20260715_214837_front_fusion_ego_1533,speedsweep_slow,fusion_ego_1533,6339712,2,vehicle,0.1449344903230667,80.89956216059919,135.5615139293773,1.9816237709946511,3.659273935604178,6.696226596832275,2.3479843139648438,3.1938679218292236,20.212166441062312,403.6484375,225.55555555555557,380.5866287685931,204.86616286966537,426.7102462314069,246.24494824144577,0.0002661305188667029,0.9999847412109375,
2026-07-15T21:49:18.678,41.58540496707428,20260715_214837_front_fusion_ego_1533,speedsweep_slow,fusion_ego_1533,6339713,0,vehicle,0.34168437123298645,85.70201473853149,129.65281012118754,0.9614055813850726,31.149759231295512,5.045258045196533,1.8388868570327759,1.6518892049789429,25.824521681446054,314.6901041666667,234.44444444444446,298.43360303590697,224.99600466754703,330.9466052974264,243.8928842213419,0.018100501969456673,0.9999649524688721,
2026-07-15T21:49:18.678,41.58540496707428,20260715_214837_front_fusion_ego_1533,speedsweep_slow,fusion_ego_1533,6339713,1,vehicle,0.1853667050600052,78.25237614393195,137.98491538187855,1.5095498287257114,-47.32114426607107,5.447439193725586,2.035645008087158,2.5148227214813232,17.07299320149467,465.91927083333337,234.44444444444446,447.49023601536953,216.1612078216341,484.3483056512972,252.72768106725482,0.18826165795326233,0.9999979734420776,
2026-07-15T21:49:18.678,41.58540496707428,20260715_214837_front_fusion_ego_1533,speedsweep_slow,fusion_ego_1533,6339713,2,vehicle,0.10508302599191666,80.74166921493911,135.7270795351304,2.062115768320922,-43.97670723963402,7.118785858154297,2.511057138442993,3.2022628784179688,19.668725596313376,395.86458333333337,226.66666666666669,367.34006464233005,206.53817752997082,424.3891020243367,246.79515580336255,0.0002874588535632938,0.9998250603675842,
2026-07-15T21:49:18.806,41.71310022007674,20260715_214837_front_fusion_ego_1533,speedsweep_slow,fusion_ego_1533,6339714,0,vehicle,0.3129454553127289,85.68401279168087,130.45216676237249,0.9643646432161477,89.4221639930988,4.9643330574035645,1.8194637298583984,1.594217300415039,25.17204367234891,314.6901041666667,234.44444444444446,298.9652591670553,225.28144713905124,330.41494916627806,243.60744174983768,0.009817879647016525,0.9999822378158569,
2026-07-15T21:49:18.806,41.71310022007674,20260715_214837_front_fusion_ego_1533,speedsweep_slow,fusion_ego_1533,6339714,1,vehicle,0.12088047713041306,85.19863316402527,138.1626620323711,2.1783228259963265,-66.4327415096667,6.482395648956299,2.388904094696045,3.201375961303711,23.615933708981235,474.8151041666667,225.55555555555557,457.80433972055715,208.36027297708725,491.8258686127762,242.7508381340239,0.0011280386243015528,0.999591052532196,
2026-07-15T21:49:18.806,41.71310022007674,20260715_214837_front_fusion_ego_1533,speedsweep_slow,fusion_ego_1533,6339714,2,vehicle,0.08784620463848114,78.30511559973888,137.9056413532571,1.5727591202866786,-66.38097328220483,5.096278667449951,1.947343111038208,2.3560831546783447,16.71186882088792,465.91927083333337,235.55555555555557,448.4211734918257,218.31427666876053,483.41736817484104,252.79683444235062,0.1362234652042389,0.9999619722366333,
2026-07-15T21:49:18.806,41.71310022007674,20260715_214837_front_fusion_ego_1533,speedsweep_slow,fusion_ego_1533,6339714,3,vehicle,0.08107630908489227,80.91664760529635,136.0660118681509,2.1351922446511185,-33.69594115492902,7.238046169281006,2.548582077026367,3.2413201332092285,19.40158354638323,395.86458333333337,225.55555555555557,368.72048910458886,206.23361203405594,423.0086775620779,244.8774990770552,4.5411547034746036e-05,0.9995656609535217,
2026-07-15T21:49:18.951,41.857782736071385,20260715_214837_front_fusion_ego_1533,speedsweep_slow,fusion_ego_1533,6339715,0,vehicle,0.3509463369846344,85.95906507517897,130.61774610583205,1.0416954263390288,-37.43902918336061,5.000087261199951,1.8078184127807617,1.5973633527755737,24.947218038157985,314.6901041666667,234.44444444444446,298.65671129028004,224.05793425109653,330.7234970430533,244.8309546377924,0.014887044206261635,0.9999951124191284,
2026-07-15T21:49:18.951,41.857782736071385,20260715_214837_front_fusion_ego_1533,speedsweep_slow,fusion_ego_1533,6339715,1,vehicle,0.18171490728855133,81.1931890607087,136.21643947668514,1.9931102901754345,-30.197093708758384,6.774602890014648,2.4316015243530273,3.041785955429077,19.205300199080522,394.7526041666667,226.66666666666669,368.39034483830136,208.03389887015027,421.114863495032,245.2994344631831,0.00012055936531396583,0.9998458623886108,
2026-07-15T21:49:18.951,41.857782736071385,20260715_214837_front_fusion_ego_1533,speedsweep_slow,fusion_ego_1533,6339715,2,vehicle,0.13839784264564514,79.31437690355176,138.11423728277558,1.6590199832463635,-64.68221215165319,5.641002655029297,2.1214022636413574,2.60561466217041,17.267753245397977,465.91927083333337,234.44444444444446,443.62996596222126,215.1248970296648,488.2085757044455,253.76399185922412,0.13738895952701569,0.9999890327453613,
2026-07-15T21:49:19.078,41.98540708399378,20260715_214837_front_fusion_ego_1533,speedsweep_slow,fusion_ego_1533,6339716,0,vehicle,0.29120007157325745,88.92727938645584,129.8181145600941,1.2393978547533493,-119.31015216638734,5.096973419189453,1.8214958906173706,1.7221767902374268,27.529883752476966,314.6901041666667,234.44444444444446,300.30166898916167,224.66804560687808,329.0785393441717,244.22084328201083,0.015922432765364647,0.9999945163726807,
2026-07-15T21:49:19.078,41.98540708399378,20260715_214837_front_fusion_ego_1533,speedsweep_slow,fusion_ego_1533,6339716,1,vehicle,0.16621463000774384,82.20347509561266,137.9526812222424,1.740802872989414,-83.20895414230185,5.470327854156494,2.0928304195404053,2.4663026332855225,19.648102858600687,465.91927083333337,234.44444444444446,446.82570561890805,218.8036968972948,485.0128360477587,250.08519199159412,0.4153013825416565,0.999816358089447,
2026-07-15T21:49:19.078,41.98540708399378,20260715_214837_front_fusion_ego_1533,speedsweep_slow,fusion_ego_1533,6339716,2,vehicle,0.1420021504163742,81.7713969116441,136.03543438978014,2.032099508467626,5.033314530167166,6.879201412200928,2.4498791694641113,3.12699031829834,19.292306574900234,394.7526041666667,226.66666666666669,370.0185445236663,207.7465895811717,419.48666380966705,245.58674375216168,0.00029173280927352607,0.9998875856399536,
2026-07-15T21:49:19.214,42.12164507503621,20260715_214837_front_fusion_ego_1533,speedsweep_slow,fusion_ego_1533,6339717,0,vehicle,0.26345470547676086,79.3543276942159,136.9070135854851,1.3912899659238953,-4.796795542102403,4.824792385101318,1.8723454475402832,1.7052664756774902,16.25723560071681,457.02343750000006,243.33333333333334,430.3363160863519,229.22087808450064,483.7105589136482,257.4457885821661,0.11082610487937927,0.9999854564666748,
2026-07-15T21:49:19.214,42.12164507503621,20260715_214837_front_fusion_ego_1533,speedsweep_slow,fusion_ego_1533,6339717,1,vehicle,0.22258861362934113,87.97319061205522,129.04875019669572,1.0924744308020813,-176.6328124224402,5.320445537567139,1.914766788482666,1.782755970954895,26.325676870677775,306.90625,234.44444444444446,291.02416440844536,224.76152237918643,322.78833559155464,244.12736650970248,0.0034586163237690926,0.9999303817749023,
2026-07-15T21:49:19.214,42.12164507503621,20260715_214837_front_fusion_ego_1533,speedsweep_slow,fusion_ego_1533,6339717,2,vehicle,0.13801302015781403,82.90758095275508,135.481493353835,2.0060306805806594,-7.4928854459644425,6.644566535949707,2.363252639770508,3.0321428775787354,19.918158463208304,394.7526041666667,226.66666666666669,369.99790679539245,207.9361806313197,419.5073015379409,245.39715270201367,0.00026366583188064396,0.9999181032180786,
2026-07-15T21:49:19.345,42.25183189299423,20260715_214837_front_fusion_ego_1533,speedsweep_slow,fusion_ego_1533,6339718,0,vehicle,0.34219324588775635,79.7380766235259,136.05225486915302,1.357555248294527,47.289692762039834,4.900142192840576,1.909102439880371,1.7577147483825684,16.08374459157785,457.02343750000006,243.33333333333334,430.21698821336037,229.51333006223044,483.82988678663975,257.1533366044363,0.02609512209892273,0.999981164932251,
2026-07-15T21:49:19.345,42.25183189299423,20260715_214837_front_fusion_ego_1533,speedsweep_slow,fusion_ego_1533,6339718,1,vehicle,0.27233871817588806,83.00586610361229,135.6427354904064,1.9497319083863844,-12.93929638079158,7.180943489074707,2.5600693225860596,3.013437032699585,19.377330552032277,386.96875,226.66666666666669,357.0780881419778,207.64448146025342,416.8594118580222,245.68885187307995,0.00020068741287104785,0.9999732971191406,
2026-07-15T21:49:19.345,42.25183189299423,20260715_214837_front_fusion_ego_1533,speedsweep_slow,fusion_ego_1533,6339718,2,vehicle,0.24108664691448212,88.53654883233477,128.90957858057197,1.0112663207880317,170.49115522634847,5.065165042877197,1.862696886062622,1.7516744136810303,26.314924128939616,306.90625,234.44444444444446,291.36265878379345,224.94857248332767,322.44984121620655,243.94031640556125,0.02379852719604969,0.9998227953910828,
2026-07-15T21:49:19.471,42.377777317073196,20260715_214837_front_fusion_ego_1533,speedsweep_slow,fusion_ego_1533,6339719,0,vehicle,0.29502052068710327,83.55465482974557,135.11902466746812,1.8861232943224393,-52.76640193761502,7.1233367919921875,2.531982183456421,3.073348045349121,19.30142443030993,386.96875,226.66666666666669,360.1581680774689,207.69423464934033,413.7793319225311,245.63909868399304,0.00033657459425739944,0.9999696016311646,
2026-07-15T21:49:19.471,42.377777317073196,20260715_214837_front_fusion_ego_1533,speedsweep_slow,fusion_ego_1533,6339719,1,vehicle,0.2568267583847046,78.67071107807021,137.20608989790756,1.3327000924584151,-31.500242761377766,4.952760696411133,1.8850913047790527,1.7976858615875244,14.254347183310635,457.02343750000006,243.33333333333334,432.18992735818034,227.7199282248815,481.8569476418198,258.9467384417852,0.06460735201835632,0.9999912977218628,
2026-07-15T21:49:19.471,42.377777317073196,20260715_214837_front_fusion_ego_1533,speedsweep_slow,fusion_ego_1533,6339719,2,vehicle,0.2525106370449066,87.15318740130664,129.53058612257055,0.8286744385150016,-102.64772114813574,5.181588172912598,1.8446530103683472,1.6779309511184692,24.159705875270713,306.90625,235.55555555555557,289.6112674176693,225.37514362070297,324.2012325823307,245.73596749040817,0.015376059338450432,0.9999978542327881,
2026-07-15T21:49:19.596,42.50300104403868,20260715_214837_front_fusion_ego_1533,speedsweep_slow,fusion_ego_1533,6339720,0,vehicle,0.4315425157546997,85.7679943833695,130.84151387227564,0.645280138247379,-79.70777210572761,4.804325103759766,1.7941497564315796,1.599116325378418,21.76668352150771,305.79427083333337,234.44444444444446,287.425846417745,224.06705465581683,324.16269524892175,244.82183423307208,0.043606922030448914,0.9999985694885254,
2026-07-15T21:49:19.596,42.50300104403868,20260715_214837_front_fusion_ego_1533,speedsweep_slow,fusion_ego_1533,6339720,1,vehicle,0.22223185002803802,82.54140183011933,135.49962071283136,1.6923838437699592,87.51836642394859,6.921516418457031,2.4282889366149902,2.9719715118408203,17.551440629276673,385.85677083333337,225.55555555555557,358.8963705201944,205.5152216884825,412.81717114647233,245.59588942262863,0.00014649958757217973,0.9999368190765381,
2026-07-15T21:49:19.596,42.50300104403868,20260715_214837_front_fusion_ego_1533,speedsweep_slow,fusion_ego_1533,6339720,2,person,0.1965704709291458,85.02705401602385,117.70035468246418,1.3174763115479688,-7.376117521093135,2.05120587348938,0.9563876390457153,1.9565136432647705,28.20232432468069,146.78125,226.66666666666669,134.12404328398407,212.83439139525098,159.43845671601593,240.4989419380824,0.9968879818916321,0.7590168118476868,
2026-07-15T21:49:19.596,42.50300104403868,20260715_214837_front_fusion_ego_1533,speedsweep_slow,fusion_ego_1533,6339720,3,vehicle,0.11686253547668457,75.0608521362116,120.54785841807572,1.250938276460122,50.834570890050045,5.153249263763428,1.9874985218048096,2.0879688262939453,19.808710279371372,21.127604166666668,225.55555555555557,-6.986024258037409,199.5389685365889,49.241232591370746,251.57214257452225,0.9973082542419434,0.9848676323890686,
2026-07-15T21:49:19.596,42.50300104403868,20260715_214837_front_fusion_ego_1533,speedsweep_slow,fusion_ego_1533,6339720,4,vehicle,0.07127385586500168,87.88143197235108,115.12533771368473,0.8830853292839649,-39.20158432394562,4.804871082305908,1.8613266944885254,1.4012424945831299,32.04842128625135,136.7734375,226.66666666666669,102.93863439559937,217.62446979681653,170.60824060440063,235.70886353651684,0.9931043982505798,0.999552309513092,
2026-07-15T21:49:19.741,42.64838168409187,20260715_214837_front_fusion_ego_1533,speedsweep_slow,fusion_ego_1533,6339721,0,vehicle,0.357837051153183,83.97717397706725,131.91892899579594,0.39251142492288293,14.270054101791988,4.853898048400879,1.8342077732086182,1.492104411125183,19.132807147025282,305.79427083333337,234.44444444444446,280.01411824425065,222.57393505838184,331.5744234224161,246.31495383050708,0.010236376896500587,0.9999977350234985,
2026-07-15T21:49:19.741,42.64838168409187,20260715_214837_front_fusion_ego_1533,speedsweep_slow,fusion_ego_1533,6339721,1,vehicle,0.2641969919204712,83.16240651836074,134.92095423690478,1.6021499710418299,36.29671302431445,7.136726379394531,2.5778729915618896,3.2312204837799072,17.60977270531708,385.85677083333337,216.66666666666669,353.4043487509092,192.52916554609936,418.30919291575754,240.804167787234,0.00026636713300831616,0.9989137649536133,
2026-07-15T21:49:19.741,42.64838168409187,20260715_214837_front_fusion_ego_1533,speedsweep_slow,fusion_ego_1533,6339721,2,vehicle,0.17769312858581543,81.6856631198451,137.8255555966655,1.135697802558754,52.48112170383928,5.183717250823975,1.974708080291748,2.156200885772705,15.9244460039262,457.02343750000006,234.44444444444446,432.7976252622903,216.73503246572284,481.2492497377098,252.15385642316608,0.019568704068660736,0.9999935626983643,
2026-07-15T21:49:19.741,42.64838168409187,20260715_214837_front_fusion_ego_1533,speedsweep_slow,fusion_ego_1533,6339721,3,vehicle,0.08501643687486649,83.89216944184476,134.65743868748004,1.5498442446735738,4.132458580415037,7.363222122192383,2.5950770378112793,3.1213903427124023,18.372349426701636,375.84895833333337,216.66666666666669,341.7748568405708,195.45693437258404,409.92305982609594,237.87639896074933,4.413460919749923e-05,0.9975337982177734,
2026-07-15T21:49:19.872,42.77776807406917,20260715_214837_front_fusion_ego_1533,speedsweep_slow,fusion_ego_1533,6339722,0,vehicle,0.3690180778503418,83.92074618574433,135.08864340464902,1.3888838185309211,66.97646400720213,7.685803413391113,2.740417718887329,3.1597115993499756,17.77684334253993,378.0729166666667,216.66666666666669,341.0094941581289,195.25204936663312,415.13633917520445,238.08128396670025,0.00013133375614415854,0.9998024106025696,
2026-07-15T21:49:19.872,42.77776807406917,20260715_214837_front_fusion_ego_1533,speedsweep_slow,fusion_ego_1533,6339722,1,vehicle,0.2694183588027954,86.77493821347643,129.75111892034195,0.22906799116064747,106.59490869292208,5.537878513336182,1.9918265342712402,1.515216588973999,21.960771877463753,298.0104166666667,234.44444444444446,271.3316225620608,223.65773525502948,324.6892107712726,245.23115363385944,7.90844060247764e-05,0.9999994039535522,
2026-07-15T21:49:20.005,42.912219063029625,20260715_214837_front_fusion_ego_1533,speedsweep_slow,fusion_ego_1533,6339723,0,vehicle,0.27941861748695374,84.96693147729471,134.96519313525812,1.2933092636120096,-24.904763828230134,7.402085781097412,2.650683641433716,2.9671380519866943,18.346760597931333,376.9609375,216.66666666666669,343.64523673057556,197.8829101721446,410.27663826942444,235.45042316118878,0.00023914700432214886,0.9987736344337463,
2026-07-15T21:49:20.005,42.912219063029625,20260715_214837_front_fusion_ego_1533,speedsweep_slow,fusion_ego_1533,6339723,1,vehicle,0.26197800040245056,85.87338748371398,130.56353331713004,0.23262333221385534,125.10446298822647,5.06920862197876,1.8594094514846802,1.425329327583313,20.36900340691416,298.0104166666667,234.44444444444446,273.38961956153315,223.2611867454317,322.6312137718002,245.6277021434572,0.0010492901783436537,0.999998927116394,
2026-07-15T21:49:20.005,42.912219063029625,20260715_214837_front_fusion_ego_1533,speedsweep_slow,fusion_ego_1533,6339723,2,vehicle,0.17410913109779358,81.07701940388304,138.09491345897317,1.0087084108050002,65.12031469966257,4.932429313659668,1.8493084907531738,1.8566787242889404,14.279235090568493,457.02343750000006,234.44444444444446,432.808139782399,218.03935673501758,481.2387352176011,250.84953215387134,0.07802839577198029,0.9999997615814209,
2026-07-15T21:49:20.139,43.04628358804621,20260715_214837_front_fusion_ego_1533,speedsweep_slow,fusion_ego_1533,6339724,0,vehicle,0.590402364730835,87.0251111750782,131.09749235178535,0.5371471258793026,-88.01248057178138,5.143960952758789,1.8995544910430908,1.5816154479980469,20.81557728313909,298.0104166666667,234.44444444444446,274.7855024362604,222.620913055208,321.23533089707297,246.2679758336809,0.005206620786339045,0.9999998807907104,
2026-07-15T21:49:20.139,43.04628358804621,20260715_214837_front_fusion_ego_1533,speedsweep_slow,fusion_ego_1533,6339724,1,vehicle,0.2887335419654846,83.04131810814836,138.11134497262418,1.0427274105517272,-120.04934416004433,5.291791915893555,1.9670361280441284,2.0244126319885254,15.780181894702134,458.1354166666667,235.55555555555557,431.87889268870157,218.78351483080124,484.3919406446318,252.3275962803099,0.04843563213944435,0.9999992847442627,
2026-07-15T21:49:20.139,43.04628358804621,20260715_214837_front_fusion_ego_1533,speedsweep_slow,fusion_ego_1533,6339724,2,vehicle,0.14589394629001617,84.9494767073919,133.92430904697133,1.5947024374196017,35.19284513250679,7.072895050048828,2.574272394180298,3.063720703125,18.048221036754867,376.9609375,216.66666666666669,343.37168423086405,195.72167019049328,410.55019076913595,237.6116631428401,0.0005365842371247709,0.9975985884666443,
2026-07-15T21:49:20.139,43.04628358804621,20260715_214837_front_fusion_ego_1533,speedsweep_slow,fusion_ego_1533,6339724,3,vehicle,0.07384784519672394,94.10105396471664,140.59755943039255,2.337173958059014,-25.507857589297096,7.629079341888428,2.8177170753479004,3.970080852508545,26.999112558695874,492.60677083333337,216.66666666666669,472.8533646029731,195.50526599089307,512.3601770636936,237.8280673424403,0.04741818085312843,0.9994848966598511,
2026-07-15T21:49:20.278,43.185489159077406,20260715_214837_front_fusion_ego_1533,speedsweep_slow,fusion_ego_1533,6339725,0,vehicle,0.5802456736564636,87.78198096578662,130.97890659145244,0.9771671133332305,-89.57477963992015,5.2374162673950195,1.9539425373077393,1.8349995613098145,21.059178119409772,298.0104166666667,235.55555555555557,275.3794726083676,222.96085241768097,320.64136072496575,248.15025869343017,0.018533354625105858,1.0,
2026-07-15T21:49:20.278,43.185489159077406,20260715_214837_front_fusion_ego_1533,speedsweep_slow,fusion_ego_1533,6339725,1,vehicle,0.18578174710273743,84.09863646810926,133.3755349950167,1.804072815413841,39.63786508958416,7.2123613357543945,2.6006174087524414,3.23966383934021,16.839745526509258,369.17708333333337,217.7777777777778,335.5693875004848,193.96592901812662,402.7847791661819,241.58962653742898,0.000338403886416927,0.9994813799858093,
2026-07-15T21:49:20.278,43.185489159077406,20260715_214837_front_fusion_ego_1533,speedsweep_slow,fusion_ego_1533,6339725,2,vehicle,0.14482715725898743,80.10118549177409,137.2853994795198,1.2413699043494175,-70.19388616159402,5.003643989562988,1.9243271350860596,1.8504379987716675,12.320223570076132,457.02343750000006,243.33333333333334,428.2394726276398,225.0323243935903,485.8074023723603,261.6343422730764,0.1726861596107483,0.9999815225601196,
2026-07-15T21:49:20.278,43.185489159077406,20260715_214837_front_fusion_ego_1533,speedsweep_slow,fusion_ego_1533,6339725,3,vehicle,0.11719001084566116,84.31136721748815,136.0448538739577,1.6851622820298962,50.62124922875086,6.739986896514893,2.4023163318634033,2.9771947860717773,16.591607042430574,376.9609375,227.7777777777778,347.51318349689245,205.62617348300088,406.40869150310755,249.92938207255472,0.0015306175919249654,0.9997801184654236,
2026-07-15T21:49:20.413,43.32038761500735,20260715_214837_front_fusion_ego_1533,speedsweep_slow,fusion_ego_1533,6339726,0,vehicle,0.5648893713951111,88.43775957837791,130.27620453526686,1.2112322628554555,-82.63299255612117,5.065268039703369,1.9580696821212769,1.8510271310806274,21.339735892323663,298.0104166666667,235.55555555555557,274.7123652795951,223.57450250122284,321.3084680537383,247.5366086098883,0.05685070529580116,0.9999998807907104,
2026-07-15T21:49:20.413,43.32038761500735,20260715_214837_front_fusion_ego_1533,speedsweep_slow,fusion_ego_1533,6339726,1,vehicle,0.23547419905662537,81.58960030819797,136.65764515117363,1.2680974830207932,66.50584067182872,5.084540367126465,1.927825689315796,1.9594241380691528,13.250687356625319,457.02343750000006,243.33333333333334,429.26826354116207,224.65237339337668,484.77861145883804,262.01429327329004,0.14285922050476074,0.9999966621398926,
2026-07-15T21:49:20.413,43.32038761500735,20260715_214837_front_fusion_ego_1533,speedsweep_slow,fusion_ego_1533,6339726,2,vehicle,0.1315188854932785,84.16410310679231,133.46373927474147,1.8106950777493902,48.6043581633135,6.740418434143066,2.423707962036133,3.329612970352173,16.307651140259637,376.9609375,217.7777777777778,345.65088541805744,189.27368687258829,408.27098958194256,246.2818686829673,0.00047282513696700335,0.9954168796539307,
2026-07-15T21:49:20.413,43.32038761500735,20260715_214837_front_fusion_ego_1533,speedsweep_slow,fusion_ego_1533,6339726,3,vehicle,0.0772157832980156,85.00514065678121,135.08929713992916,1.8077484350520394,30.42244764861181,7.190021514892578,2.561527967453003,3.143523931503296,16.811817087952246,369.17708333333337,227.7777777777778,337.47269697984063,204.13358496295083,400.8814696868261,251.42197059260477,0.0004357065190561116,0.9986429810523987,
2026-07-15T21:49:20.553,43.459677221020684,20260715_214837_front_fusion_ego_1533,speedsweep_slow,fusion_ego_1533,6339727,0,vehicle,0.3966193199157715,84.68044231547884,134.37110645432432,1.7400056945277025,123.8288165704017,7.449432849884033,2.6520495414733887,3.219240665435791,15.961905014333643,368.0651041666667,225.55555555555557,332.0664923588435,196.57503816816543,404.06371597448987,254.5360729429457,0.0007736657280474901,0.9996337890625,
2026-07-15T21:49:20.553,43.459677221020684,20260715_214837_front_fusion_ego_1533,speedsweep_slow,fusion_ego_1533,6339727,1,vehicle,0.3959108293056488,86.54253445407609,131.00907858767144,1.1939152425123583,-78.71237691777283,4.721395015716553,1.8745174407958984,1.8631473779678345,18.679727127597822,296.8984375,235.55555555555557,274.4902215190232,221.25319990846847,319.3066534809768,249.85791120264267,0.1540650874376297,0.9999994039535522,
2026-07-15T21:49:20.553,43.459677221020684,20260715_214837_front_fusion_ego_1533,speedsweep_slow,fusion_ego_1533,6339727,2,vehicle,0.2868180274963379,81.43180360962162,137.3243385484268,1.14783149791025,69.16503316680172,5.135242938995361,1.9606521129608154,1.8226672410964966,12.416653017178787,457.02343750000006,243.33333333333334,426.17102950811386,223.45213492711386,487.8758454918862,263.21453173955285,0.16710390150547028,0.9999988079071045,
2026-07-15T21:49:20.709,43.616268813028,20260715_214837_front_fusion_ego_1533,speedsweep_slow,fusion_ego_1533,6339728,0,vehicle,0.5917879343032837,87.2848750818882,129.71300097051787,0.9610252418391256,-72.29354570090996,5.458950042724609,2.023716926574707,2.091543674468994,19.210311779825123,298.0104166666667,235.55555555555557,274.71580596144,220.3986892435286,321.30502737189335,250.71242186758255,0.018581170588731766,0.9999996423721313,
2026-07-15T21:49:20.709,43.616268813028,20260715_214837_front_fusion_ego_1533,speedsweep_slow,fusion_ego_1533,6339728,1,vehicle,0.2434287965297699,84.57219319996986,134.99202928762054,1.5025948176279116,-162.3488030979019,7.039881229400635,2.4949710369110107,3.042457103729248,15.075641101392943,369.17708333333337,225.55555555555557,331.3037659948071,195.30420038435196,407.0504006718596,255.80691072675918,0.0030240919440984726,0.999786913394928,
2026-07-15T21:49:20.709,43.616268813028,20260715_214837_front_fusion_ego_1533,speedsweep_slow,fusion_ego_1533,6339728,2,person,0.10896802693605423,81.00580893907969,122.19766561723097,1.1638217760631835,-64.35618021416991,0.42317482829093933,0.39846786856651306,1.7936773300170898,18.95452333779029,93.40625,226.66666666666669,83.5480403508991,209.38161949316662,103.2644596491009,243.95171384016675,0.9885532855987549,0.9830735921859741,
2026-07-15T21:49:20.846,43.75349273707252,20260715_214837_front_fusion_ego_1533,speedsweep_slow,fusion_ego_1533,6339729,0,vehicle,0.7026064395904541,87.11967972762247,130.7901864949684,0.5101622098762195,-79.54199348211098,4.968289852142334,1.8740074634552002,1.7223068475723267,18.07446029058242,296.8984375,234.44444444444446,269.63927210867405,218.81287005212573,324.15760289132595,250.07601883676318,0.16406388580799103,1.0,
2026-07-15T21:49:20.846,43.75349273707252,20260715_214837_front_fusion_ego_1533,speedsweep_slow,fusion_ego_1533,6339729,1,vehicle,0.282303124666214,82.82241594275655,137.9153895800751,0.9110512720533224,4.172448690780069,5.36019229888916,1.9504222869873047,2.116663694381714,12.558093044496724,465.91927083333337,235.55555555555557,442.24499687304103,215.2837059232924,489.5935447936257,255.82740518781875,0.15263131260871887,1.0,
2026-07-15T21:49:20.846,43.75349273707252,20260715_214837_front_fusion_ego_1533,speedsweep_slow,fusion_ego_1533,6339729,2,vehicle,0.14865735173225403,93.88760919890333,140.35149790659216,2.017261277605126,66.96151642477169,7.657949447631836,2.7975730895996094,3.76460862159729,23.790350476805653,510.39843750000006,208.88888888888889,479.94110186398035,186.52964764171176,540.8557731360197,231.248130136066,4.305053153075278e-05,0.9978280663490295,
2026-07-15T21:49:20.846,43.75349273707252,20260715_214837_front_fusion_ego_1533,speedsweep_slow,fusion_ego_1533,6339729,3,vehicle,0.13279379904270172,84.9332444791302,135.89867671260146,1.3998125915291333,-154.86081000096365,6.53082275390625,2.3510162830352783,2.850179672241211,14.705924700851046,369.17708333333337,225.55555555555557,340.3466732328137,196.91227230760788,398.007493433853,254.19883880350326,0.02540954202413559,0.9998704195022583,
2026-07-15T21:49:20.846,43.75349273707252,20260715_214837_front_fusion_ego_1533,speedsweep_slow,fusion_ego_1533,6339729,4,person,0.13198848068714142,81.22984676975756,118.5640834278283,0.7678276500001511,-64.84243486136849,0.5968044996261597,0.43187791109085083,1.7677775621414185,21.717850968012623,92.29427083333334,225.55555555555557,84.04416238827011,210.71303430530762,100.54437927839658,240.39807680580353,0.995403528213501,0.9853147268295288,
2026-07-15T21:49:20.846,43.75349273707252,20260715_214837_front_fusion_ego_1533,speedsweep_slow,fusion_ego_1533,6339729,5,vehicle,0.10079168528318405,84.83956476181066,132.8535269415312,1.3156691379900414,99.2049987305747,6.764561653137207,2.420158863067627,3.1089258193969727,15.213348317427336,376.9609375,215.55555555555557,338.0728210359812,188.97751960489487,415.8490539640188,242.13359150621628,0.0002743296208791435,0.9996616840362549,
2026-07-15T21:49:20.993,43.89967027702369,20260715_214837_front_fusion_ego_1533,speedsweep_slow,fusion_ego_1533,6339730,0,vehicle,0.44425374269485474,85.51362808091538,130.28104790181757,0.5632389029982421,-9.664311958983284,4.60310697555542,1.799378752708435,1.6194915771484375,16.286150187428404,296.8984375,234.44444444444446,269.8026877939701,216.79285731580524,323.9941872060299,252.09603157308368,0.7594718337059021,0.9999998807907104,
2026-07-15T21:49:20.993,43.89967027702369,20260715_214837_front_fusion_ego_1533,speedsweep_slow,fusion_ego_1533,6339730,1,vehicle,0.4052245318889618,82.99520546509835,137.58061523225663,0.822206663814864,-18.320265932585396,5.276051998138428,1.9289233684539795,1.9620834589004517,12.199202269873101,467.03125000000006,235.55555555555557,443.603661634028,215.48657927248215,490.4588383659721,255.624531838629,0.2478688359260559,1.0,
2026-07-15T21:49:20.993,43.89967027702369,20260715_214837_front_fusion_ego_1533,speedsweep_slow,fusion_ego_1533,6339730,2,person,0.28822702169418335,79.63935916955728,132.14541341711777,0.9732122812593191,-23.881636995370684,0.7003294229507446,0.471247136592865,1.928794026374817,10.19950572884827,83.3984375,225.55555555555557,74.06293232366443,204.5044294330809,92.73394267633557,246.60668167803024,0.9943109750747681,0.9890451431274414,
2026-07-15T21:49:20.993,43.89967027702369,20260715_214837_front_fusion_ego_1533,speedsweep_slow,fusion_ego_1533,6339730,3,vehicle,0.21772673726081848,84.28810784469599,133.58312728385226,1.1461558608463287,86.18083889255568,6.786219120025635,2.4334604740142822,3.0046308040618896,13.958747328120873,369.17708333333337,216.66666666666669,327.02117809404933,187.589993874232,411.3329885726174,245.74333945910138,0.0005273519782349467,0.9998074173927307,
2026-07-15T21:49:21.143,44.050314097083174,20260715_214837_front_fusion_ego_1533,speedsweep_slow,fusion_ego_1533,6339731,0,vehicle,0.6493210196495056,86.99248957284614,130.6843195152879,0.707354519438816,-93.38187099331668,4.971208572387695,1.900975227355957,2.015299081802368,17.02850357933145,289.11458333333337,234.44444444444446,257.01658488561714,215.923514035013,321.2125817810496,252.96537485387591,0.3362477123737335,0.9999998807907104,
2026-07-15T21:49:21.143,44.050314097083174,20260715_214837_front_fusion_ego_1533,speedsweep_slow,fusion_ego_1533,6339731,1,vehicle,0.33452650904655457,83.10362863262601,137.32875369208998,0.8580557789570076,20.01878040696948,4.7929487228393555,1.8049943447113037,1.8931705951690674,11.851711086693689,465.91927083333337,235.55555555555557,443.77537175392115,217.23306212160324,488.0631699127456,253.8780489895079,0.06819235533475876,0.9999998807907104,
2026-07-15T21:49:21.143,44.050314097083174,20260715_214837_front_fusion_ego_1533,speedsweep_slow,fusion_ego_1533,6339731,2,vehicle,0.10520972311496735,85.31918827054392,132.57008901355331,1.279390981332913,90.65176597174924,6.91026496887207,2.4394888877868652,3.1043713092803955,14.784196438977924,369.17708333333337,217.7777777777778,327.8977741127213,189.3770198689567,410.4563925539454,246.1785356865989,0.00021516451670322567,0.9996252059936523,
2026-07-15T21:49:21.290,44.19707115506753,20260715_214837_front_fusion_ego_1533,speedsweep_slow,fusion_ego_1533,6339732,0,vehicle,0.6272442936897278,85.65598700554075,129.66238371672137,0.7358455643920649,-27.00204491980266,4.7895002365112305,1.8677870035171509,2.0282135009765625,15.886848300915588,288.0026041666667,235.55555555555557,258.06750772396725,214.81545839044784,317.9377006093661,256.29565272066327,0.10070783644914627,0.9999996423721313,
2026-07-15T21:49:21.290,44.19707115506753,20260715_214837_front_fusion_ego_1533,speedsweep_slow,fusion_ego_1533,6339732,1,vehicle,0.45361050963401794,83.68079530788253,136.72298123227512,1.0245378149993627,39.210627721215346,4.868678569793701,1.8458665609359741,2.102456569671631,12.045221651924868,465.91927083333337,235.55555555555557,441.9372777504226,215.74028227064346,489.90126391624415,255.37082884046768,0.014193641021847725,0.9999998807907104,
2026-07-15T21:49:21.290,44.19707115506753,20260715_214837_front_fusion_ego_1533,speedsweep_slow,fusion_ego_1533,6339732,2,vehicle,0.27138397097587585,84.29569589440142,134.18887574649938,1.465484159532183,99.05781600839133,6.545015811920166,2.3527109622955322,3.070004463195801,12.97728311773462,368.0651041666667,226.66666666666669,326.3337023953597,193.48510543505353,409.7965059379737,259.84822789827984,0.0011167703196406364,0.9999669790267944,
2026-07-15T21:49:21.290,44.19707115506753,20260715_214837_front_fusion_ego_1533,speedsweep_slow,fusion_ego_1533,6339732,3,vehicle,0.18972963094711304,91.633533539647,137.31703408229194,2.207373755275685,92.06265979972791,8.70549201965332,3.148159980773926,3.9807510375976562,19.989615019642013,520.40625,208.88888888888889,478.51680592447525,178.5451763206058,562.2956940755248,239.23260145717197,5.014965427108109e-05,0.9994025230407715,
2026-07-15T21:49:21.290,44.19707115506753,20260715_214837_front_fusion_ego_1533,speedsweep_slow,fusion_ego_1533,6339732,4,person,0.18485690653324127,81.57512129192176,120.2385948000473,0.8685223004408424,14.059513741234808,0.48043790459632874,0.46665576100349426,1.718721866607666,19.59541278354772,66.71875,225.55555555555557,54.936445208266385,208.81987306806778,78.50105479173362,242.29123804304336,0.9930022358894348,0.9350197315216064,
2026-07-15T21:49:21.429,44.33640439808369,20260715_214837_front_fusion_ego_1533,speedsweep_slow,fusion_ego_1533,6339733,0,vehicle,0.506874680519104,84.33075958822229,136.5303562671506,0.9717095559901956,1.5498319665722102,5.007754802703857,1.884055495262146,2.11503529548645,12.392382625940726,465.91927083333337,235.55555555555557,442.19867253800237,215.98721358511185,489.6398691286644,255.1238975259993,0.03133763000369072,0.9999997615814209,
2026-07-15T21:49:21.429,44.33640439808369,20260715_214837_front_fusion_ego_1533,speedsweep_slow,fusion_ego_1533,6339733,1,vehicle,0.3486689627170563,85.90835200396343,130.96155757211375,0.8308609186911475,-16.204415791815833,5.049910068511963,1.972170114517212,2.1116220951080322,15.23605059903958,288.0026041666667,235.55555555555557,253.66086121151847,216.06880459520553,322.3443471218149,255.0423065159056,0.23453539609909058,0.9999963045120239,
2026-07-15T21:49:21.429,44.33640439808369,20260715_214837_front_fusion_ego_1533,speedsweep_slow,fusion_ego_1533,6339733,2,person,0.2050125151872635,82.09178762941636,122.20633200113387,0.888750435274682,79.18385664358541,0.15437160432338715,0.3354029953479767,1.6770446300506592,17.987736561140256,66.71875,226.66666666666669,55.14851719327272,207.59674708048504,78.28898280672729,245.73658625284833,0.9939351677894592,0.971004843711853,
2026-07-15T21:49:21.429,44.33640439808369,20260715_214837_front_fusion_ego_1533,speedsweep_slow,fusion_ego_1533,6339733,3,vehicle,0.10639040917158127,91.09207320130525,138.67255651619044,1.9996894650711239,72.7183260331204,7.587127685546875,2.831756114959717,3.622567653656006,19.200468925666243,528.1901041666667,208.88888888888889,492.12003816167515,183.20138388209872,564.2601701716583,234.57639389567905,4.727898704004474e-05,0.9995207786560059,
2026-07-15T21:49:21.429,44.33640439808369,20260715_214837_front_fusion_ego_1533,speedsweep_slow,fusion_ego_1533,6339733,4,vehicle,0.07917928695678711,85.82969709722309,131.6348174074751,1.4685230786080146,39.86102666905066,7.094411849975586,2.5413246154785156,3.1092824935913086,14.887919247402499,360.28125,216.66666666666669,325.40065459161997,188.41774324576062,395.16184540838003,244.91559008757275,0.00014921746333129704,0.9996389150619507,
2026-07-15T21:49:21.582,44.489088886999525,20260715_214837_front_fusion_ego_1533,speedsweep_slow,fusion_ego_1533,6339734,0,vehicle,0.39807239174842834,87.10721595700173,130.68316792097806,1.3924694878621544,86.48902535773372,7.251380443572998,2.6212711334228516,3.24436354637146,16.18585472179007,369.17708333333337,217.7777777777778,325.4235118751725,188.57332097159494,412.93065479149425,246.98223458396066,0.00013055936142336577,0.9999401569366455,
2026-07-15T21:49:21.582,44.489088886999525,20260715_214837_front_fusion_ego_1533,speedsweep_slow,fusion_ego_1533,6339734,1,vehicle,0.3890656530857086,86.53342358632437,131.6984288568303,0.8935740431954249,-83.4661421198181,5.10487699508667,1.9751780033111572,2.2497434616088867,15.292131794272922,280.21875,235.55555555555557,249.58288385719064,216.04842874738907,310.8546161428094,255.06268236372208,0.8991761207580566,0.9999983310699463,
2026-07-15T21:49:21.582,44.489088886999525,20260715_214837_front_fusion_ego_1533,speedsweep_slow,fusion_ego_1533,6339734,2,person,0.388367235660553,81.94841384088201,118.91622432811238,0.7837711252774913,-155.26506550234168,0.19460006058216095,0.34992092847824097,1.726921558380127,20.556868264106413,66.71875,226.66666666666669,56.324580583721406,208.10036222139996,77.1129194162786,245.2329711119334,0.9949040412902832,0.9832406640052795,
2026-07-15T21:49:21.582,44.489088886999525,20260715_214837_front_fusion_ego_1533,speedsweep_slow,fusion_ego_1533,6339734,3,vehicle,0.29859644174575806,85.15770546344405,136.43041187638283,0.9041309617626183,8.72332992565474,4.905296802520752,1.846218466758728,2.0333564281463623,12.981516506282482,465.91927083333337,235.55555555555557,442.64578461026156,216.977093550894,489.1927570564052,254.13401756021713,0.01940842717885971,0.9999996423721313,
2026-07-15T21:49:21.726,44.63238010602072,20260715_214837_front_fusion_ego_1533,speedsweep_slow,fusion_ego_1533,6339735,0,vehicle,0.4020844101905823,85.37454118754425,136.57575368764475,0.8475224530562624,10.993641877775413,4.929346561431885,1.8769712448120117,1.9815176725387573,13.01975559869886,467.03125000000006,235.55555555555557,442.5050247199834,216.51961776945328,491.5574752800167,254.59149334165787,0.3993698060512543,0.9999997615814209,
2026-07-15T21:49:21.726,44.63238010602072,20260715_214837_front_fusion_ego_1533,speedsweep_slow,fusion_ego_1533,6339735,1,vehicle,0.39878618717193604,85.79797316510437,130.64501466935417,1.0395928840013542,-91.69517634839664,5.376580715179443,2.0753250122070312,2.511586904525757,14.839976532866537,280.21875,235.55555555555557,248.95502543449405,213.7722221348021,311.482474565506,257.338888976309,0.2945459187030792,0.9999661445617676,
2026-07-15T21:49:21.726,44.63238010602072,20260715_214837_front_fusion_ego_1533,speedsweep_slow,fusion_ego_1533,6339735,2,vehicle,0.2917536199092865,85.97640769928336,133.82610448071446,1.5337265385007717,124.78079512143822,7.357580184936523,2.595285654067993,3.1120948791503906,13.952610205883705,368.0651041666667,225.55555555555557,333.8601485962669,195.0669715139601,402.27005973706645,256.044139597151,0.001301080803386867,0.9997853636741638,
2026-07-15T21:49:21.726,44.63238010602072,20260715_214837_front_fusion_ego_1533,speedsweep_slow,fusion_ego_1533,6339735,3,vehicle,0.1279381513595581,85.28970974378336,131.8758624327854,1.4577201839216787,47.60322122490642,7.132293701171875,2.5849130153656006,3.2378015518188477,13.875470072879512,369.17708333333337,215.55555555555557,329.28672472139203,186.5096888277266,409.0674419452747,244.60142228338455,0.00022670872567687184,0.9998983144760132,
2026-07-15T21:49:21.726,44.63238010602072,20260715_214837_front_fusion_ego_1533,speedsweep_slow,fusion_ego_1533,6339735,4,vehicle,0.09466616064310074,92.5309809492713,139.10250530775386,2.109159240329858,79.53319325785031,8.156373977661133,2.9525067806243896,3.789216995239258,20.269934549532863,528.1901041666667,208.88888888888889,487.1303336719672,184.02245276504092,569.2498746613662,233.75532501273685,5.195714493311243e-06,0.9994385838508606,
2026-07-15T21:49:21.858,44.765324425068684,20260715_214837_front_fusion_ego_1533,speedsweep_slow,fusion_ego_1533,6339736,0,vehicle,0.533884584903717,82.52780387984717,130.64779980450945,0.9185319268991203,59.97630929624569,4.497312068939209,1.8987782001495361,1.6729588508605957,11.828018261396686,279.10677083333337,243.33333333333334,236.6768422474464,221.61084671815237,321.5366994192203,265.05581994851434,0.08546460419893265,0.9999476671218872,
2026-07-15T21:49:21.858,44.765324425068684,20260715_214837_front_fusion_ego_1533,speedsweep_slow,fusion_ego_1533,6339736,1,vehicle,0.19028611481189728,86.40425127648115,131.86258182332932,1.5952637538822931,57.17620996623792,6.747681617736816,2.4327199459075928,3.3896987438201904,14.771317560771156,378.0729166666667,173.33333333333334,338.350399064521,142.95357902844748,417.79543426881236,203.7130876382192,0.00011812560114776716,0.9997487664222717,
2026-07-15T21:49:21.858,44.765324425068684,20260715_214837_front_fusion_ego_1533,speedsweep_slow,fusion_ego_1533,6339736,2,vehicle,0.1780599057674408,84.58304575864985,135.95969520062005,1.1091300629091538,-42.37476196920315,5.2842583656311035,2.019888401031494,1.9204071760177612,12.101511040867518,465.91927083333337,243.33333333333334,438.1535600846013,222.27967341740927,493.68498158206546,264.38699324925744,0.08074972778558731,0.9999958276748657,
2026-07-15T21:49:21.858,44.765324425068684,20260715_214837_front_fusion_ego_1533,speedsweep_slow,fusion_ego_1533,6339736,3,vehicle,0.1440465748310089,86.05997022798093,131.89279817919822,1.5185266044022103,30.300296056374382,7.179873466491699,2.5445094108581543,3.326286792755127,14.438042030512397,369.17708333333337,217.7777777777778,329.0342458014687,187.516784535514,409.319920865198,248.0387710200416,0.00034200752270407975,0.9999549388885498,
2026-07-15T21:49:22.001,44.90772244601976,20260715_214837_front_fusion_ego_1533,speedsweep_slow,fusion_ego_1533,6339737,0,vehicle,0.3310214579105377,84.7734714880431,136.09038605394792,1.2665217777536695,58.65173102928126,4.823760986328125,1.8654654026031494,1.9244304895401,12.097309317097874,465.91927083333337,243.33333333333334,439.4793344934782,222.42242594559988,492.35920717318857,264.24424072106683,0.1319226175546646,0.9999992847442627,
2026-07-15T21:49:22.001,44.90772244601976,20260715_214837_front_fusion_ego_1533,speedsweep_slow,fusion_ego_1533,6339737,1,vehicle,0.3260325789451599,83.03806080334779,129.33805462947694,0.9535145743679196,-8.079087736940187,4.720808506011963,1.8974254131317139,1.8240573406219482,12.816055732211609,271.3229166666667,244.44444444444446,234.89044489959878,221.063415673044,307.7553884337346,267.8254732158449,0.3602057993412018,0.9999889135360718,
2026-07-15T21:49:22.001,44.90772244601976,20260715_214837_front_fusion_ego_1533,speedsweep_slow,fusion_ego_1533,6339737,2,vehicle,0.19652053713798523,86.60281366175118,132.68521911829606,1.7452899245129823,49.43402182350931,7.380768775939941,2.6065149307250977,3.3113324642181396,14.519532084686954,369.17708333333337,225.55555555555557,328.1714888637265,193.89511081907486,410.18267780294025,257.21600029203626,0.0001262969453819096,0.9998984336853027,
2026-07-15T21:49:22.001,44.90772244601976,20260715_214837_front_fusion_ego_1533,speedsweep_slow,fusion_ego_1533,6339737,3,person,0.18659751117229462,82.3718369655202,119.85268551043676,0.9421997366817259,-175.96679318390798,0.8755844831466675,0.5309075713157654,1.9229340553283691,19.603112379714993,65.60677083333334,234.44444444444446,55.44459372510513,219.7162148025301,75.76894794156155,249.17267408635882,0.9999034404754639,0.9692434072494507,
2026-07-15T21:49:22.001,44.90772244601976,20260715_214837_front_fusion_ego_1533,speedsweep_slow,fusion_ego_1533,6339737,4,vehicle,0.13601331412792206,96.99046801966645,138.49216496523206,2.303621829935162,78.3247501174746,7.538155555725098,2.7074716091156006,3.7667806148529053,24.34520763318296,529.3020833333334,216.66666666666669,497.54837576796615,196.82333211104077,561.0557908987006,236.5100012222926,0.0001625003933440894,0.9941684007644653,
2026-07-15T21:49:22.137,45.04429730307311,20260715_214837_front_fusion_ego_1533,speedsweep_slow,fusion_ego_1533,6339738,0,vehicle,0.4440860450267792,82.73071986438195,129.8836375491193,1.0087884385855936,-34.266991537602344,4.411965370178223,1.819687843322754,1.9979510307312012,12.074265556768719,270.2109375,244.44444444444446,233.4306689500809,219.2491998937395,306.9912060499191,269.6396889951494,0.5662437677383423,0.9998822212219238,
2026-07-15T21:49:22.137,45.04429730307311,20260715_214837_front_fusion_ego_1533,speedsweep_slow,fusion_ego_1533,6339738,1,vehicle,0.27211233973503113,86.76144214713293,133.25035039886268,1.9346989145088536,55.56349299947971,6.9381422996521,2.563262701034546,3.2341349124908447,14.335115854539788,369.17708333333337,226.66666666666669,329.68264651050174,198.64250520865124,408.671520156165,254.69082812468213,0.0001254652306670323,0.9999778270721436,
2026-07-15T21:49:22.137,45.04429730307311,20260715_214837_front_fusion_ego_1533,speedsweep_slow,fusion_ego_1533,6339738,2,vehicle,0.2577715218067169,85.86242306463859,135.8369649357304,1.0683697963483922,52.11254541682853,5.2566351890563965,1.9530277252197266,2.095226287841797,13.022213223279781,458.1354166666667,243.33333333333334,425.858429590861,224.36555405457815,490.41240374247235,262.30111261208856,0.0034080706536769867,0.9999983310699463,
2026-07-15T21:49:22.279,45.1856840030523,20260715_214837_front_fusion_ego_1533,speedsweep_slow,fusion_ego_1533,6339739,0,vehicle,0.6424257755279541,86.22403372157285,135.31274048884998,1.092183252570916,35.284929199196796,5.41011381149292,2.003821849822998,2.103729486465454,13.253397394860276,458.1354166666667,243.33333333333334,430.5025897274415,224.30620749791464,485.7682436058919,262.3604591687521,0.01019724179059267,0.9999995231628418,
2026-07-15T21:49:22.279,45.1856840030523,20260715_214837_front_fusion_ego_1533,speedsweep_slow,fusion_ego_1533,6339739,1,vehicle,0.31600213050842285,81.85646904661763,131.0219285656143,1.0287204193840958,102.73533944327552,4.291016101837158,1.758245825767517,2.0190367698669434,10.545415309552709,270.2109375,244.44444444444446,228.80331295728686,214.8560455110338,311.61856204271317,274.0328433778551,0.32379671931266785,0.9995449185371399,
2026-07-15T21:49:22.279,45.1856840030523,20260715_214837_front_fusion_ego_1533,speedsweep_slow,fusion_ego_1533,6339739,2,vehicle,0.1490471065044403,88.37573247249537,131.9576339594317,1.7714643987612417,48.45172718995036,7.464613437652588,2.6830544471740723,3.2503397464752197,16.06369597974767,368.0651041666667,225.55555555555557,331.12463950614136,200.60028288099502,405.005568827192,250.51082823011612,0.00027159834280610085,0.9999165534973145,
2026-07-15T21:49:22.412,45.31870774598792,20260715_214837_front_fusion_ego_1533,speedsweep_slow,fusion_ego_1533,6339740,0,vehicle,0.6542447209358215,81.0669421565035,131.05220862099247,1.129057119559914,-73.27356713429512,4.368393898010254,1.8627911806106567,1.9053199291229248,9.688815379055882,261.3151041666667,252.22222222222223,216.39867450545233,220.42862905396356,306.23153382788104,284.0158153904809,0.22045043110847473,0.9999936819076538,
2026-07-15T21:49:22.412,45.31870774598792,20260715_214837_front_fusion_ego_1533,speedsweep_slow,fusion_ego_1533,6339740,1,vehicle,0.42182010412216187,85.68285538689435,135.65458139025444,1.1041643407588686,49.219130761067916,4.887970924377441,1.8597240447998047,2.0013320446014404,12.478404997231129,457.02343750000006,243.33333333333334,429.8650556132198,223.1956191857656,484.1818193867803,263.4710474809011,0.005680857226252556,0.9999983310699463,
2026-07-15T21:49:22.412,45.31870774598792,20260715_214837_front_fusion_ego_1533,speedsweep_slow,fusion_ego_1533,6339740,2,vehicle,0.2450631558895111,88.55868148489883,132.21066735844295,1.8155962686051863,81.14174267489334,7.484187126159668,2.6698379516601562,3.3054771423339844,15.962066210789908,368.0651041666667,225.55555555555557,332.99503424266976,200.51719162199234,403.1351740906636,250.5939194891188,6.768009188817814e-05,0.9999516010284424,
2026-07-15T21:49:22.412,45.31870774598792,20260715_214837_front_fusion_ego_1533,speedsweep_slow,fusion_ego_1533,6339740,3,vehicle,0.10476528108119965,99.93755630667268,142.5555867286649,2.2702770116243256,55.199162615306584,7.444009304046631,2.7459263801574707,3.534770965576172,27.299049480578915,538.1979166666667,216.66666666666669,510.7258648524682,198.6636797587077,565.6699684808652,234.66965357462567,3.123847272945568e-05,0.9704893231391907,
2026-07-15T21:49:22.536,45.44270297000185,20260715_214837_front_fusion_ego_1533,speedsweep_slow,fusion_ego_1533,6339741,0,vehicle,0.5159327983856201,81.14695577280568,132.07748852791448,1.0430123368252666,-40.54846395009207,4.398739814758301,1.8012754917144775,1.888575553894043,9.000929952861588,252.41927083333334,252.22222222222223,194.4164630820354,217.35311879052057,310.4220785846313,287.0913256539239,0.10177305340766907,0.9999988079071045,
2026-07-15T21:49:22.536,45.44270297000185,20260715_214837_front_fusion_ego_1533,speedsweep_slow,fusion_ego_1533,6339741,1,vehicle,0.39434388279914856,86.10182032863747,135.56238115328304,1.2410685933443848,42.74906771981673,5.069155693054199,1.9552881717681885,1.985331654548645,12.696220046609618,457.02343750000006,243.33333333333334,427.79961891472345,224.78005905946097,486.24725608527666,261.88660760720575,0.062350284308195114,0.9999978542327881,
2026-07-15T21:49:22.536,45.44270297000185,20260715_214837_front_fusion_ego_1533,speedsweep_slow,fusion_ego_1533,6339741,2,vehicle,0.16080361604690552,87.83853902741654,131.82555709007605,1.7911786889857257,30.794610850283608,7.582644462585449,2.729142427444458,3.503730058670044,15.189868191592193,360.28125,217.7777777777778,322.146164059639,186.14260302649606,398.416335940361,249.41295252905954,0.00045655976282432675,0.9999316930770874,
2026-07-15T21:49:22.685,45.59254032000899,20260715_214837_front_fusion_ego_1533,speedsweep_slow,fusion_ego_1533,6339742,0,vehicle,0.3871607184410095,80.61401961132913,131.42531683644796,0.9701103645802602,-84.5986733858437,4.167646408081055,1.689732313156128,1.8602491617202759,8.751708280171187,243.52343750000003,253.33333333333334,197.13606306165457,218.68592699368796,289.91081193834543,287.98073967297876,0.18198201060295105,0.9999963045120239,
2026-07-15T21:49:22.685,45.59254032000899,20260715_214837_front_fusion_ego_1533,speedsweep_slow,fusion_ego_1533,6339742,1,vehicle,0.3147684633731842,88.09584707739977,135.04235820869056,0.9485091122616807,49.898227980780696,5.164558410644531,1.8719834089279175,1.848878264427185,14.549917517170448,449.23958333333337,243.33333333333334,423.5340440695485,226.82858010133108,474.94512259711826,259.83808656533563,0.009464532136917114,0.9999998807907104,
2026-07-15T21:49:22.832,45.73875223705545,20260715_214837_front_fusion_ego_1533,speedsweep_slow,fusion_ego_1533,6339743,0,vehicle,0.7408090233802795,79.99148811051735,131.39247385338322,0.9490227068663994,-0.38922629904603484,3.7742128372192383,1.6551778316497803,1.4525314569473267,8.128637185513428,225.73177083333334,261.11111111111114,166.9691370924314,226.43665022320218,284.4944045742353,295.7855719990201,0.16960327327251434,0.9999972581863403,
2026-07-15T21:49:22.832,45.73875223705545,20260715_214837_front_fusion_ego_1533,speedsweep_slow,fusion_ego_1533,6339743,1,vehicle,0.6483446955680847,87.05310721747878,135.51202975691004,1.0114416240114776,36.548202181397095,5.305243492126465,2.007582664489746,1.7648800611495972,13.284010531744723,449.23958333333337,243.33333333333334,420.99455681194866,225.00407179196677,477.4846098547181,261.66259487469995,0.045973360538482666,0.9999996423721313,
2026-07-15T21:49:22.832,45.73875223705545,20260715_214837_front_fusion_ego_1533,speedsweep_slow,fusion_ego_1533,6339743,2,vehicle,0.13048139214515686,90.1689517027207,130.44130656821198,1.687564084658625,54.730226478116315,6.63559627532959,2.4092254638671875,3.1909852027893066,17.479647386019487,368.0651041666667,225.55555555555557,341.3250570173065,203.38079664442276,394.80515131602687,247.73031446668838,0.0006583011127077043,0.9983567595481873,
2026-07-15T21:49:22.982,45.88951475103386,20260715_214837_front_fusion_ego_1533,speedsweep_slow,fusion_ego_1533,6339744,0,vehicle,0.7533502578735352,87.95245965960267,134.8340647110795,1.0894200000865304,31.69074577262843,5.217628002166748,1.980742335319519,1.9037225246429443,14.078721848149318,449.23958333333337,243.33333333333334,424.1231212516626,225.94693084557852,474.35604541500413,260.7197358210882,0.0921703428030014,0.9999998807907104,
2026-07-15T21:49:22.982,45.88951475103386,20260715_214837_front_fusion_ego_1533,speedsweep_slow,fusion_ego_1533,6339744,1,vehicle,0.33365198969841003,79.41433501916622,131.4192098902765,0.9406209735949664,55.49440019229968,3.866177558898926,1.662291169166565,1.5818963050842285,7.538999821870183,209.05208333333334,262.22222222222223,139.0563471366962,222.10455073250665,279.0478195299705,302.3398937119378,0.18292923271656036,0.9999891519546509,
2026-07-15T21:49:22.982,45.88951475103386,20260715_214837_front_fusion_ego_1533,speedsweep_slow,fusion_ego_1533,6339744,2,vehicle,0.1376916766166687,79.40607090477776,130.84269871287884,0.9089583918039144,8.830540742294026,3.8539199829101562,1.606215476989746,1.7257899045944214,7.9447492478318615,219.05989583333334,261.11111111111114,142.5505400945743,219.64931673473782,295.5692515720924,302.57290548748443,0.8708611130714417,0.9999985694885254,
2026-07-15T21:49:22.982,45.88951475103386,20260715_214837_front_fusion_ego_1533,speedsweep_slow,fusion_ego_1533,6339744,3,vehicle,0.13416507840156555,89.1380514171988,131.3014857970203,1.7436768438403736,17.58637634354487,7.482934951782227,2.7053303718566895,3.408705472946167,16.048596319096877,360.28125,225.55555555555557,329.25051829218864,200.3447148534987,391.31198170781136,250.76639625761246,0.003787283319979906,0.9996696710586548,
2026-07-15T21:49:23.135,46.04264664906077,20260715_214837_front_fusion_ego_1533,speedsweep_slow,fusion_ego_1533,6339745,0,vehicle,0.783101499080658,87.35250925303691,135.66020219688988,1.174842454680967,38.51321619370355,5.447196006774902,2.0595245361328125,1.9118531942367554,13.206156689031383,449.23958333333337,243.33333333333334,420.2206563179692,224.76160009702048,478.25851034869754,261.90506656964624,0.0735931470990181,0.9999998807907104,
2026-07-15T21:49:23.135,46.04264664906077,20260715_214837_front_fusion_ego_1533,speedsweep_slow,fusion_ego_1533,6339745,1,vehicle,0.25551506876945496,88.90808612698946,131.44211704758817,1.8015043694261594,62.93210623936618,7.249155521392822,2.655501127243042,3.2958498001098633,15.590048691179357,360.28125,226.66666666666669,323.2850154340267,201.08206907908124,397.2774845659733,252.25126425425213,0.0009517351281829178,0.9999573230743408,
2026-07-15T21:49:23.135,46.04264664906077,20260715_214837_front_fusion_ego_1533,speedsweep_slow,fusion_ego_1533,6339745,2,vehicle,0.19165563583374023,79.38838696789439,131.15633326880447,0.9908637766737556,23.66202495858912,4.382579803466797,1.8054118156433105,1.755653977394104,7.5305749569187626,200.15625,270.0,126.83670379221441,229.9839198589325,273.4757962077856,310.0160801410675,0.26366904377937317,0.9999529123306274,
2026-07-15T21:49:23.135,46.04264664906077,20260715_214837_front_fusion_ego_1533,speedsweep_slow,fusion_ego_1533,6339745,3,vehicle,0.105606809258461,101.15458074429095,141.0126206433706,2.550502888992895,138.37826656269448,7.819643974304199,2.811527967453003,3.729703187942505,27.350457608532192,545.9817708333334,216.66666666666669,517.6768704031905,197.94299880663556,574.2866712634763,235.3903345266978,0.00026709522353485227,0.974768340587616,
2026-07-15T21:49:23.304,46.21093960304279,20260715_214837_front_fusion_ego_1533,speedsweep_slow,fusion_ego_1533,6339746,0,vehicle,0.8204459547996521,87.63267192934889,135.34485701177223,1.1312598714311728,35.20931596157224,5.491307258605957,2.079280138015747,1.9263285398483276,13.31726091387655,449.23958333333337,243.33333333333334,420.5719271873435,224.05009229977927,477.90723947932327,262.61657436688745,0.1800476312637329,1.0,
2026-07-15T21:49:23.304,46.21093960304279,20260715_214837_front_fusion_ego_1533,speedsweep_slow,fusion_ego_1533,6339746,1,vehicle,0.23747707903385162,89.23000926789004,131.2137225019934,1.737191030061578,32.346332125770104,6.7998270988464355,2.4768357276916504,3.1037724018096924,15.770282287602187,368.0651041666667,226.66666666666669,331.6076329747836,202.5546822945277,404.5225753585498,250.77865103880566,0.001267602201551199,0.9999903440475464,
2026-07-15T21:49:23.436,46.342799314064905,20260715_214837_front_fusion_ego_1533,speedsweep_slow,fusion_ego_1533,6339747,0,vehicle,0.6219044327735901,87.94799030821501,134.9627578588499,1.1134771186615975,51.589044993805196,5.424704074859619,2.077678680419922,1.7981939315795898,13.483679642422587,448.1276041666667,243.33333333333334,418.51025620351237,226.27333958943686,477.744952129821,260.39332707722986,0.32280540466308594,0.9999996423721313,
2026-07-15T21:49:23.436,46.342799314064905,20260715_214837_front_fusion_ego_1533,speedsweep_slow,fusion_ego_1533,6339747,1,vehicle,0.3058318495750427,89.47654468858568,131.04273551689727,1.774046362390406,44.02661245212602,6.950900077819824,2.511383533477783,3.117103099822998,15.872325136789286,368.0651041666667,226.66666666666669,333.1658403153221,201.5404764811198,402.96436801801127,251.79285685221356,0.001877091359347105,0.9999933242797852,
2026-07-15T21:49:23.574,46.481056235032156,20260715_214837_front_fusion_ego_1533,speedsweep_slow,fusion_ego_1533,6339748,0,vehicle,0.5570290088653564,87.84272180025309,135.07123204829634,1.1959624115013574,25.14311644470096,5.629991054534912,2.139120101928711,1.9267854690551758,13.155141273376271,448.1276041666667,243.33333333333334,419.441810871164,223.51599117120108,476.81339746216935,263.15067549546563,0.19028177857398987,0.9999992847442627,
2026-07-15T21:49:23.574,46.481056235032156,20260715_214837_front_fusion_ego_1533,speedsweep_slow,fusion_ego_1533,6339748,1,vehicle,0.27346694469451904,90.25649635064619,130.57530263989943,1.764463111359658,66.0562998878383,6.669723033905029,2.4760866165161133,3.0415167808532715,16.5534519366216,368.0651041666667,226.66666666666669,336.2084592903654,204.9721948305766,399.921749042968,248.36113850275677,0.00033249141415581107,0.9998908042907715,
2026-07-15T21:49:23.574,46.481056235032156,20260715_214837_front_fusion_ego_1533,speedsweep_slow,fusion_ego_1533,6339748,2,vehicle,0.11460934579372406,102.02599942236256,141.2073571160239,2.595946770034721,125.3885243588745,8.287151336669922,2.9722018241882324,3.8514957427978516,27.703021262936954,554.8776041666667,216.66666666666669,522.7416261906426,197.59176711241406,587.0135821426909,235.7415662209193,0.001706920564174652,0.9816311001777649,
2026-07-15T21:49:23.704,46.61094184604008,20260715_214837_front_fusion_ego_1533,speedsweep_slow,fusion_ego_1533,6339749,0,vehicle,0.3554157614707947,87.06322575575302,134.67019906938927,1.204241348206366,33.618924037151764,5.372011661529541,2.0856525897979736,1.8474997282028198,12.216881472800077,448.1276041666667,243.33333333333334,417.51733555148047,225.23089011510214,478.7378727818529,261.4357765515646,0.43653348088264465,0.9999995231628418,
2026-07-15T21:49:23.704,46.61094184604008,20260715_214837_front_fusion_ego_1533,speedsweep_slow,fusion_ego_1533,6339749,1,vehicle,0.2939843535423279,90.04455803589194,130.23086367452862,1.636280956320833,78.57506900522168,6.647718906402588,2.4770309925079346,2.882962703704834,16.267121359131337,360.28125,225.55555555555557,327.70840564370155,202.05579790804123,392.85409435629845,249.05531320306991,0.0005346268881112337,0.9999536275863647,
2026-07-15T21:49:23.704,46.61094184604008,20260715_214837_front_fusion_ego_1533,speedsweep_slow,fusion_ego_1533,6339749,2,vehicle,0.2715391516685486,77.2597585285187,132.3207127716448,0.9710846885095794,104.53341356881592,4.727056503295898,2.0230910778045654,1.7040300369262695,4.670556733922772,127.87760416666667,306.6666666666667,38.99920875827472,237.8120009104411,216.75599957505864,375.52133242289227,0.27021515369415283,0.9886829257011414,
2026-07-15T21:49:23.704,46.61094184604008,20260715_214837_front_fusion_ego_1533,speedsweep_slow,fusion_ego_1533,6339749,3,vehicle,0.12090378254652023,78.25217765686445,131.1942621690924,0.9392227410820579,79.1751837180145,5.319104194641113,2.1200976371765137,1.785736322402954,6.141015140396057,163.4609375,324.44444444444446,44.68993639945984,234.25295617845325,282.23193860054016,414.63593271043567,0.12554793059825897,0.9952576756477356,
2026-07-15T21:49:23.836,46.74285660206806,20260715_214837_front_fusion_ego_1533,speedsweep_slow,fusion_ego_1533,6339750,0,vehicle,0.2629326283931732,87.5215100407255,134.49167242223908,1.1811596296502853,52.11412143934065,5.323140621185303,2.0494160652160645,1.78289794921875,12.493612854084741,448.1276041666667,243.33333333333334,418.53393216679495,225.6259079774221,477.7212761665384,261.0407586892446,0.36943262815475464,0.9999983310699463,
2026-07-15T21:49:23.836,46.74285660206806,20260715_214837_front_fusion_ego_1533,speedsweep_slow,fusion_ego_1533,6339750,1,person,0.2502729296684265,81.78181767075121,124.57231795076096,0.9814319552395525,7.449103760152703,0.31465861201286316,0.39870497584342957,1.8063279390335083,13.466425053080545,30.023437500000004,234.44444444444446,17.774599792435765,209.66509070661334,42.272275207564235,259.2237981822756,0.9873173832893372,0.7488452196121216,
2026-07-15T21:49:23.836,46.74285660206806,20260715_214837_front_fusion_ego_1533,speedsweep_slow,fusion_ego_1533,6339750,2,vehicle,0.1753605604171753,78.2461510186111,132.63271051597886,0.879591731500927,54.56711398097555,4.788621425628662,1.8299534320831299,1.548415184020996,4.833711699368725,137.88541666666669,342.22222222222223,11.255446473757427,246.80792225731744,264.5153868595759,437.636522187127,0.28472408652305603,0.9942818880081177,
2026-07-15T21:49:23.836,46.74285660206806,20260715_214837_front_fusion_ego_1533,speedsweep_slow,fusion_ego_1533,6339750,3,vehicle,0.17343805730342865,90.69163192283625,130.07123843580496,1.6227289876239723,73.78528436535544,6.415971755981445,2.3798398971557617,2.88645339012146,16.723704905302895,360.28125,225.55555555555557,326.807984136045,203.74919447633957,393.754515863955,247.36191663477157,0.0004021052154712379,0.9999536275863647,
2026-07-15T21:49:23.971,46.87850884301588,20260715_214837_front_fusion_ego_1533,speedsweep_slow,fusion_ego_1533,6339751,0,vehicle,0.6547833681106567,78.14588176674893,131.90654460894655,1.1522992005221613,41.031223118757566,5.2104105949401855,1.946077823638916,2.090580940246582,5.171558470701881,137.88541666666669,342.22222222222223,-11.097131629784903,227.04118622673883,286.86796496311825,457.4032582177056,0.23364856839179993,0.9996923208236694,
2026-07-15T21:49:24.111,47.01863179705106,20260715_214837_front_fusion_ego_1533,speedsweep_slow,fusion_ego_1533,6339752,0,vehicle,0.3002340495586395,89.60174553009222,132.1143844014236,1.5308452649030624,162.04063656801694,5.7314581871032715,2.173978567123413,2.623603343963623,14.656662244942451,368.0651041666667,234.44444444444446,334.05745253215235,212.4296381738451,402.072755801181,256.4592507150438,0.016317831352353096,0.9999912977218628,
2026-07-15T21:49:24.111,47.01863179705106,20260715_214837_front_fusion_ego_1533,speedsweep_slow,fusion_ego_1533,6339752,1,vehicle,0.17415650188922882,89.19963864277656,134.6707890769872,1.0514114898077125,-22.54083203111779,4.720174312591553,1.842451810836792,1.5610774755477905,13.77307298098745,440.34375000000006,243.33333333333334,408.63525964319706,228.53590806325278,472.052240356803,258.13075860341394,0.02229290083050728,0.9999762773513794,
2026-07-15T21:49:24.111,47.01863179705106,20260715_214837_front_fusion_ego_1533,speedsweep_slow,fusion_ego_1533,6339752,2,vehicle,0.1525220423936844,77.19298007896603,133.18874341017644,1.071099283589128,75.4896765820819,5.0917487144470215,1.8611838817596436,2.2584879398345947,3.472387357324546,118.98177083333334,280.0,59.180105259021126,188.9409637451172,178.78343640764555,371.0590362548828,0.8122888803482056,0.9350342154502869,
2026-07-15T21:49:24.111,47.01863179705106,20260715_214837_front_fusion_ego_1533,speedsweep_slow,fusion_ego_1533,6339752,3,vehicle,0.13034366071224213,91.90589820495333,129.16473755155164,1.7209156425954764,61.19520791182382,6.068412780761719,2.2628774642944336,3.0042173862457275,17.824753468316388,368.0651041666667,224.44444444444446,338.49436368296546,205.08117702272204,397.6358446503679,243.80771186616687,0.00030495994724333286,0.9983721375465393,
2026-07-15T21:49:24.262,47.16896058304701,20260715_214837_front_fusion_ego_1533,speedsweep_slow,fusion_ego_1533,6339753,0,vehicle,0.32714253664016724,90.29919012111458,134.71346488670616,1.1607252716361072,83.92450395396658,5.061068058013916,1.929694414138794,1.7074339389801025,14.655839128574605,440.34375000000006,243.33333333333334,407.7728876546025,228.66897155841193,472.91461234539753,257.9976951082548,0.08691006898880005,0.9999946355819702,
2026-07-15T21:49:24.262,47.16896058304701,20260715_214837_front_fusion_ego_1533,speedsweep_slow,fusion_ego_1533,6339753,1,vehicle,0.18966981768608093,91.83469109139514,129.2251663247712,1.9291065822627282,90.26585046083702,7.219565391540527,2.6538469791412354,3.1719253063201904,17.534079259413936,360.28125,226.66666666666669,321.34153444319963,205.33606151739758,399.22096555680037,247.9972718159358,4.301220178604126e-05,0.999889612197876,
2026-07-15T21:49:24.406,47.31333800405264,20260715_214837_front_fusion_ego_1533,speedsweep_slow,fusion_ego_1533,6339754,0,vehicle,0.38972610235214233,89.88995977921488,134.23556585600906,1.2189526632339605,73.1471107803423,5.057976722717285,2.0019314289093018,1.751495122909546,14.096383440783944,440.34375000000006,243.33333333333334,408.5745553895831,226.74710710843405,472.11294461041695,259.91955955823266,0.047770481556653976,0.9999854564666748,
2026-07-15T21:49:24.406,47.31333800405264,20260715_214837_front_fusion_ego_1533,speedsweep_slow,fusion_ego_1533,6339754,1,vehicle,0.1885727345943451,91.40473544254726,131.82831882885557,1.6101676947098933,130.3243038530847,5.947871685028076,2.193596839904785,2.750246047973633,16.055905616930403,368.0651041666667,234.44444444444446,337.0143423775832,212.44442250993518,399.11586595575017,256.44446637895373,0.05337413772940636,0.9999687671661377,
2026-07-15T21:49:24.406,47.31333800405264,20260715_214837_front_fusion_ego_1533,speedsweep_slow,fusion_ego_1533,6339754,2,vehicle,0.11781422048807144,92.79776562228135,129.48662457129853,1.7267107892339775,62.13940546189921,6.835978984832764,2.450101375579834,3.0217702388763428,18.117278401473275,360.28125,224.44444444444446,330.5172395929694,204.0081932809618,390.0452604070306,244.88069560792712,0.00017620196740608662,0.9999419450759888,
2026-07-15T21:49:24.567,47.47368006699253,20260715_214837_front_fusion_ego_1533,speedsweep_slow,fusion_ego_1533,6339755,0,vehicle,0.3142821490764618,89.96110494312306,134.4936325733409,1.259302171496505,47.48552637136548,4.712685585021973,1.911314845085144,2.027735948562622,13.9391442553217,440.34375000000006,235.55555555555557,409.6934816688299,214.18033454153274,470.99401833117014,256.93077656957837,0.074664406478405,0.9999970197677612,
2026-07-15T21:49:24.567,47.47368006699253,20260715_214837_front_fusion_ego_1533,speedsweep_slow,fusion_ego_1533,6339755,1,vehicle,0.12901081144809723,91.8916891117687,131.00499311672934,1.6248638932667716,-158.40939311648256,5.950024604797363,2.2115108966827393,2.6499481201171875,16.55798196905346,360.28125,234.44444444444446,329.8046446368098,213.05147972371844,390.7578553631902,255.83740916517047,0.006400133017450571,0.9999165534973145,
2026-07-15T21:49:24.706,47.61332139605656,20260715_214837_front_fusion_ego_1533,speedsweep_slow,fusion_ego_1533,6339756,0,vehicle,0.3351742923259735,77.47835073261564,132.53805340518213,1.0408981037547989,80.39879315525648,4.441395282745361,1.8553181886672974,1.79435133934021,3.6526584103034576,111.19791666666667,280.0,44.5532868752877,208.03695440292358,177.84254645804566,351.9630455970764,0.2085854560136795,0.9091458916664124,
2026-07-15T21:49:24.706,47.61332139605656,20260715_214837_front_fusion_ego_1533,speedsweep_slow,fusion_ego_1533,6339756,1,vehicle,0.2011297047138214,90.9689053386536,134.26816585130408,1.2691078912249045,105.95556722832193,4.8166890144348145,1.923130750656128,1.9990959167480469,14.745968551474897,439.23177083333337,235.55555555555557,411.3463249926766,217.12252113554214,467.11721667399013,253.988589975569,0.1131831705570221,0.9999598264694214,
2026-07-15T21:49:24.706,47.61332139605656,20260715_214837_front_fusion_ego_1533,speedsweep_slow,fusion_ego_1533,6339756,2,vehicle,0.1834861934185028,92.53647382236188,129.20803420165504,1.6779183241990805,96.94147293132211,6.639472007751465,2.4363532066345215,2.79703950881958,17.559918530296226,360.28125,226.66666666666669,325.31326795369387,208.21523944536847,395.24923204630613,245.1180938879649,0.0001612990745343268,0.999923825263977,
2026-07-15T21:49:24.839,47.74592503008898,20260715_214837_front_fusion_ego_1533,speedsweep_slow,fusion_ego_1533,6339757,0,vehicle,0.5095130205154419,89.74635168748296,133.83715860874904,1.4348026124625015,103.69655384356106,5.455211162567139,2.0270562171936035,2.1336846351623535,13.32994539798428,439.23177083333337,243.33333333333334,410.79049660017097,224.15885587533316,467.6730450664958,262.50781079133355,0.17026858031749725,0.9999995231628418,
2026-07-15T21:49:24.839,47.74592503008898,20260715_214837_front_fusion_ego_1533,speedsweep_slow,fusion_ego_1533,6339757,1,vehicle,0.20306557416915894,93.44014485913756,130.2157920695992,1.7348282779449637,-103.5371194905441,6.0354766845703125,2.260983467102051,2.6653151512145996,17.79086609251689,360.28125,234.44444444444446,331.32423935085535,213.60347118642596,389.23826064914465,255.28541770246295,0.0021413785871118307,0.9988143444061279,
2026-07-15T21:49:24.839,47.74592503008898,20260715_214837_front_fusion_ego_1533,speedsweep_slow,fusion_ego_1533,6339757,2,vehicle,0.1869819164276123,76.39718115357756,132.75051956394785,0.984005870028551,82.29170991033288,4.247329235076904,1.7987542152404785,1.659956932067871,3.2013007656264683,84.51041666666667,296.6666666666667,7.21545925239722,246.8611530462901,161.80537408093613,346.4721802870433,0.7783263325691223,0.9962069988250732,
2026-07-15T21:49:24.839,47.74592503008898,20260715_214837_front_fusion_ego_1533,speedsweep_slow,fusion_ego_1533,6339757,3,vehicle,0.09953717142343521,94.73921398631063,128.91759627705767,1.9187005190668063,41.95626173717157,7.024009704589844,2.5381529331207275,3.1258597373962402,19.45463060764363,360.28125,224.44444444444446,328.350322663784,205.81825342443256,392.212177336216,243.07063546445636,6.889512587804347e-05,0.9975274205207825,
2026-07-15T21:49:24.988,47.89543740602676,20260715_214837_front_fusion_ego_1533,speedsweep_slow,fusion_ego_1533,6339758,0,vehicle,0.7084317207336426,89.4956590878717,133.61375298797444,1.326067666550079,84.36087898857791,5.152951717376709,1.952219009399414,2.0301506519317627,12.82253892400516,439.23177083333337,243.33333333333334,411.2006328751644,223.7454487880071,467.26290879150235,262.9212178786596,0.05152152106165886,0.9999992847442627,
2026-07-15T21:49:24.988,47.89543740602676,20260715_214837_front_fusion_ego_1533,speedsweep_slow,fusion_ego_1533,6339758,1,vehicle,0.2822558283805847,94.3985644651145,128.31364148218753,1.8758933579762176,52.94246877351643,7.2719011306762695,2.6122241020202637,3.0600831508636475,19.060925977233314,359.16927083333337,225.55555555555557,324.1043579553565,207.79246542188858,394.23418371131027,243.31864568922256,9.860481804935262e-05,0.9999679327011108,
2026-07-15T21:49:24.988,47.89543740602676,20260715_214837_front_fusion_ego_1533,speedsweep_slow,fusion_ego_1533,6339758,2,vehicle,0.07025150209665298,96.04526892547096,139.64485255909588,2.329427566991278,62.617599624308426,7.336557388305664,2.694762945175171,3.495609998703003,19.58353296400476,554.8776041666667,208.88888888888889,518.3010055298607,183.5430383019977,591.4542028034728,234.23473947578006,0.0016602396499365568,0.9881575703620911,
2026-07-15T21:49:25.124,48.03115998499561,20260715_214837_front_fusion_ego_1533,speedsweep_slow,fusion_ego_1533,6339759,0,vehicle,0.6477237343788147,90.59277946686086,133.23591357492353,1.2829305471583627,103.06767871468915,5.558412551879883,2.0372138023376465,2.1562352180480957,13.631233942808139,439.23177083333337,243.33333333333334,410.2398793374499,224.0338166554769,468.22366232921684,262.6328500111898,0.027622707188129425,0.9999995231628418,
2026-07-15T21:49:25.124,48.03115998499561,20260715_214837_front_fusion_ego_1533,speedsweep_slow,fusion_ego_1533,6339759,1,vehicle,0.20512130856513977,93.22559369460538,129.6335764069326,1.7601226310179268,88.47699206630641,7.295607089996338,2.593008279800415,3.107771158218384,17.13622058574605,360.28125,226.66666666666669,325.69371542334557,205.0625119606654,394.86878457665443,248.27082137266797,0.00010554604523349553,0.9999345541000366,
2026-07-15T21:49:25.263,48.17032125906553,20260715_214837_front_fusion_ego_1533,speedsweep_slow,fusion_ego_1533,6339760,0,vehicle,0.45731121301651,90.45797760556907,132.84687571825714,1.346315640746362,91.86020265758927,5.441341400146484,2.048879623413086,2.09485125541687,13.192479488747376,440.34375000000006,243.33333333333334,413.0826694071293,224.50356801350912,467.60483059287077,262.1630986531576,0.0666104406118393,0.9999973773956299,
2026-07-15T21:49:25.263,48.17032125906553,20260715_214837_front_fusion_ego_1533,speedsweep_slow,fusion_ego_1533,6339760,1,vehicle,0.17123448848724365,92.17051652423451,110.19349675907719,1.8917512410301356,-11.37751189289398,6.913607120513916,2.572418212890625,3.47894287109375,29.253027533448904,136.7734375,217.7777777777778,83.93101623654366,199.28173111544717,189.61585876345634,236.27382444010843,0.05348281189799309,0.9951487183570862,
2026-07-15T21:49:25.263,48.17032125906553,20260715_214837_front_fusion_ego_1533,speedsweep_slow,fusion_ego_1533,6339760,2,vehicle,0.12317220866680145,93.61480583219263,128.27359329307714,2.1337362435770135,18.341773802974277,7.336159706115723,2.6849539279937744,3.464207172393799,17.638789475932633,360.28125,217.7777777777778,328.66997361928225,194.4775782691108,391.89252638071775,241.0779772864448,0.00011148191697429866,0.9966300129890442,
2026-07-15T21:49:25.263,48.17032125906553,20260715_214837_front_fusion_ego_1533,speedsweep_slow,fusion_ego_1533,6339760,3,vehicle,0.0752371996641159,92.64226302688098,130.44162191931557,1.6730714751016196,-81.9586586883347,6.24471378326416,2.267439842224121,2.793363571166992,15.931735671422125,360.28125,234.44444444444446,332.1465225443244,209.73269489076404,388.4159774556756,259.1561939981249,0.01955171301960945,0.9998606443405151,
2026-07-15T21:49:25.263,48.17032125906553,20260715_214837_front_fusion_ego_1533,speedsweep_slow,fusion_ego_1533,6339760,4,vehicle,0.06641389429569244,101.80280478211816,144.70256142896014,2.2252241691255676,45.20883734093527,6.391071319580078,2.5062644481658936,3.100489616394043,25.943576048985534,599.3567708333334,216.66666666666669,560.1797484432658,195.8480755488078,638.533793223401,237.48525778452557,0.00033597860601730645,0.5442482233047485,
2026-07-15T21:49:25.263,48.17032125906553,20260715_214837_front_fusion_ego_1533,speedsweep_slow,fusion_ego_1533,6339760,5,vehicle,0.056541986763477325,94.7251259843031,127.58028414981285,2.0245250897310765,42.412406356479906,6.691163063049316,2.4917328357696533,3.3898515701293945,18.93377735941054,376.9609375,217.7777777777778,344.7523250281811,195.0410048829185,409.1695499718189,240.5145506726371,0.00016023519856389612,0.9333913326263428,
2026-07-15T21:49:25.413,48.32052908698097,20260715_214837_front_fusion_ego_1533,speedsweep_slow,fusion_ego_1533,6339761,0,vehicle,0.29368337988853455,91.67500038307642,132.33671011416445,1.3190425631762692,98.56180715883427,5.379695415496826,1.9737693071365356,2.148057222366333,14.066956257993022,440.34375000000006,243.33333333333334,413.2510385289788,225.62725265820822,467.43646147102123,261.0394140084585,0.023755505681037903,0.9999275207519531,
2026-07-15T21:49:25.413,48.32052908698097,20260715_214837_front_fusion_ego_1533,speedsweep_slow,fusion_ego_1533,6339761,1,vehicle,0.2691240608692169,92.66390213963999,129.72174302240933,1.7648305320891509,-104.15482937159472,6.5567731857299805,2.365402936935425,3.0239341259002686,15.77023189020802,360.28125,234.44444444444446,335.58597318828106,209.22567513253955,384.97652681171894,259.66321375634936,0.14922888576984406,0.9999924898147583,
2026-07-15T21:49:25.413,48.32052908698097,20260715_214837_front_fusion_ego_1533,speedsweep_slow,fusion_ego_1533,6339761,2,vehicle,0.2448774129152298,92.67003877455832,109.40004935000847,1.795684618018477,-49.043197084298555,6.798130989074707,2.576524496078491,3.340529441833496,29.865912473421695,137.88541666666669,217.7777777777778,78.93079828719299,199.77203892336954,196.84003504614037,235.78351663218606,0.04182600602507591,0.9966017007827759,
2026-07-15T21:49:25.413,48.32052908698097,20260715_214837_front_fusion_ego_1533,speedsweep_slow,fusion_ego_1533,6339761,3,vehicle,0.17009982466697693,93.96060353085444,128.37356654268228,1.7785834061737082,66.79437760315555,7.135219573974609,2.574516534805298,3.1340534687042236,17.482547439098884,360.28125,224.44444444444446,328.4331058189273,203.01665571000842,392.1293941810727,245.8722331788805,0.0001872940338216722,0.9999668598175049,
2026-07-15T21:49:25.413,48.32052908698097,20260715_214837_front_fusion_ego_1533,speedsweep_slow,fusion_ego_1533,6339761,4,vehicle,0.11941307783126831,93.68678230462741,132.27568822522537,1.2875246229895443,-103.80380392616046,4.637019157409668,1.8044459819793701,1.9584989547729492,16.04880491190941,448.1276041666667,233.33333333333334,424.8873842308919,216.49236698945364,471.3678241024415,250.17429967721304,0.24199190735816956,0.9997925162315369,
2026-07-15T21:49:25.566,48.47265728400089,20260715_214837_front_fusion_ego_1533,speedsweep_slow,fusion_ego_1533,6339762,0,vehicle,0.3574866056442261,92.89181955324818,107.75130372902929,1.691685458897803,-130.70484531621955,7.3078789710998535,2.67588210105896,3.546638250350952,31.064386331698103,145.66927083333334,216.66666666666669,87.60165164371332,197.9073844353358,203.73689002295336,235.42594889799756,0.011943578720092773,0.9996329545974731,
2026-07-15T21:49:25.566,48.47265728400089,20260715_214837_front_fusion_ego_1533,speedsweep_slow,fusion_ego_1533,6339762,1,vehicle,0.32033348083496094,93.69332979563104,129.52544999892163,1.6958787752575997,-99.49756778004254,6.478715419769287,2.341494560241699,2.8543498516082764,16.32799594327105,360.28125,234.44444444444446,332.3865017518401,211.0296502378252,388.1759982481599,257.8592386510637,0.022145483642816544,0.9999847412109375,
2026-07-15T21:49:25.566,48.47265728400089,20260715_214837_front_fusion_ego_1533,speedsweep_slow,fusion_ego_1533,6339762,2,vehicle,0.24291615188121796,91.56668968746928,132.5567797222765,1.3570061990095428,70.37259221406585,5.5050225257873535,2.0308046340942383,2.2010068893432617,13.44472033072583,440.34375000000006,243.33333333333334,409.9923899099231,223.90338798364004,470.695110090077,262.76327868302667,0.018523776903748512,0.9999920129776001,
2026-07-15T21:49:25.566,48.47265728400089,20260715_214837_front_fusion_ego_1533,speedsweep_slow,fusion_ego_1533,6339762,3,vehicle,0.1743668019771576,93.92382451925914,128.2489869285944,1.8130720724430434,12.142213345743658,7.057151794433594,2.5556836128234863,3.1698715686798096,17.026904630929895,360.28125,224.44444444444446,326.3320374637842,202.12650385167865,394.2304625362158,246.76238503721027,0.00015265286492649466,0.9999711513519287,
2026-07-15T21:49:25.566,48.47265728400089,20260715_214837_front_fusion_ego_1533,speedsweep_slow,fusion_ego_1533,6339762,4,person,0.088254913687706,84.80703356991032,112.98556804148465,0.9551517162103504,63.89743825897365,1.4545912742614746,0.7858873605728149,1.8382713794708252,23.155250510447118,84.51041666666667,234.44444444444446,71.97761294866602,217.52966013219623,97.04322038466732,251.3592287566927,0.9861526489257812,0.42262816429138184,
2026-07-15T21:49:25.705,48.61181453708559,20260715_214837_front_fusion_ego_1533,speedsweep_slow,fusion_ego_1533,6339763,0,vehicle,0.3248274624347687,93.89640091837302,109.41817707741633,1.888430006817515,-84.5665276536151,7.446187496185303,2.7527825832366943,3.5459952354431152,29.6996786849402,137.88541666666669,216.66666666666669,71.24392373363177,197.65858987967175,204.52690959970158,235.67474345366162,0.03646474704146385,0.9981751441955566,
2026-07-15T21:49:25.705,48.61181453708559,20260715_214837_front_fusion_ego_1533,speedsweep_slow,fusion_ego_1533,6339763,1,vehicle,0.27448076009750366,103.6916498961649,140.83450979910725,2.250079702992373,157.4355502859841,6.997634410858154,2.6263158321380615,3.2091124057769775,25.47809719165814,581.5651041666667,216.66666666666669,553.6406289363902,196.72554055849713,609.4895793969433,236.60779277483624,0.005201039835810661,0.9970108270645142,
2026-07-15T21:49:25.705,48.61181453708559,20260715_214837_front_fusion_ego_1533,speedsweep_slow,fusion_ego_1533,6339763,2,vehicle,0.2222842574119568,90.87524153643568,131.87320448914394,1.2818645081321343,93.62096439943551,5.374848365783691,1.9474016427993774,2.1161651611328125,12.405302846471677,440.34375000000006,243.33333333333334,407.64220537245274,222.37239201863608,473.0452946275473,264.29427464803064,0.012494964525103569,0.9999986886978149,
2026-07-15T21:49:25.705,48.61181453708559,20260715_214837_front_fusion_ego_1533,speedsweep_slow,fusion_ego_1533,6339763,3,vehicle,0.19577082991600037,93.29484710801293,129.60992439944837,1.7337503651411872,-110.82723786179751,6.196577072143555,2.3050875663757324,2.7528014183044434,15.398715889156305,360.28125,234.44444444444446,326.71943310648203,209.53063514497546,393.84306689351797,259.35825374391345,0.10246770828962326,0.9999216794967651,
2026-07-15T21:49:25.705,48.61181453708559,20260715_214837_front_fusion_ego_1533,speedsweep_slow,fusion_ego_1533,6339763,4,vehicle,0.13592997193336487,94.57948216049982,128.33431907931526,1.7776353522561341,-26.955812780711685,7.229371070861816,2.553591728210449,3.124589204788208,17.0672473750538,360.28125,224.44444444444446,323.6787929609418,203.23534157541064,396.8837070390582,245.65354731347827,0.0002426732098683715,0.9999456405639648,
2026-07-15T21:49:25.854,48.760463310056366,20260715_214837_front_fusion_ego_1533,speedsweep_slow,fusion_ego_1533,6339764,0,vehicle,0.7275515198707581,92.0129671743849,131.85843918387164,1.3380558337778323,92.636047723422,5.528502464294434,2.027198553085327,2.132097005844116,12.929109383564093,448.1276041666667,243.33333333333334,415.6775076861183,222.80879636605582,480.57770064721507,263.8578703006109,0.020325619727373123,0.9999998807907104,
2026-07-15T21:49:25.854,48.760463310056366,20260715_214837_front_fusion_ego_1533,speedsweep_slow,fusion_ego_1533,6339764,1,vehicle,0.2845861613750458,106.31535431153,141.8889024339391,2.3374521027865347,113.21614203112767,7.5925726890563965,2.7622079849243164,3.533686876296997,27.794745201590466,590.4609375,216.66666666666669,560.0830922722816,195.54308871428174,620.8387827277184,237.79024461905163,0.043980251997709274,0.9153618812561035,
2026-07-15T21:49:25.854,48.760463310056366,20260715_214837_front_fusion_ego_1533,speedsweep_slow,fusion_ego_1533,6339764,2,vehicle,0.28159958124160767,94.42746056934469,127.61935215271166,1.7359086541288475,-26.715797721438957,7.065729141235352,2.5419347286224365,3.1038002967834473,16.641288605525578,360.28125,226.66666666666669,326.91321205347776,205.90372780958813,393.64928794652224,247.42960552374524,0.0008258624584414065,0.9999972581863403,
2026-07-15T21:49:25.854,48.760463310056366,20260715_214837_front_fusion_ego_1533,speedsweep_slow,fusion_ego_1533,6339764,3,person,0.16332592070102692,83.41831934445584,121.81704002065896,1.0965197810473404,-89.88431283787442,0.6991628408432007,0.5419514179229736,1.7509236335754395,13.633483699321081,65.60677083333334,235.55555555555557,51.17366882910331,208.37400648328995,80.03987283756337,262.73710462782117,0.9914273023605347,0.99733966588974,
2026-07-15T21:49:25.854,48.760463310056366,20260715_214837_front_fusion_ego_1533,speedsweep_slow,fusion_ego_1533,6339764,4,vehicle,0.1374845802783966,94.24327930489558,109.26336329737181,1.8298984004725476,-59.69656585638701,7.566409111022949,2.6837058067321777,3.6206037998199463,29.55817314478599,145.66927083333334,216.66666666666669,90.5494013329347,197.4995634953181,200.78914033373198,235.83376983801526,0.14747050404548645,0.999872088432312,
2026-07-15T21:49:25.985,48.89104340504855,20260715_214837_front_fusion_ego_1533,speedsweep_slow,fusion_ego_1533,6339765,0,vehicle,0.4230087697505951,94.3659550035587,110.61604570480937,1.8770471743488129,23.68332700379162,7.391789436340332,2.7037925720214844,3.4701335430145264,27.92981773954457,154.56510416666669,217.7777777777778,94.97302272419135,200.05656050311197,214.157185609142,235.49899505244363,0.002672388218343258,0.9981687068939209,
2026-07-15T21:49:25.985,48.89104340504855,20260715_214837_front_fusion_ego_1533,speedsweep_slow,fusion_ego_1533,6339765,1,vehicle,0.2529192864894867,95.13732004881471,127.61672541297037,1.70961560988597,44.28579119783406,6.92236328125,2.4965343475341797,2.9805099964141846,16.63841628417145,368.0651041666667,226.66666666666669,331.70009712378186,207.36590723196667,404.4301112095515,245.9674261013667,0.0002342233492527157,0.999991774559021,
2026-07-15T21:49:25.985,48.89104340504855,20260715_214837_front_fusion_ego_1533,speedsweep_slow,fusion_ego_1533,6339765,2,vehicle,0.13835406303405762,91.8058327435438,131.7836934329549,1.2294958425443578,9.528777064157394,5.189867973327637,1.8741930723190308,2.1568000316619873,12.1128036192817,449.23958333333337,243.33333333333334,418.84804855038726,222.57828017075857,479.6311181162795,264.08838649590814,0.0037984070368111134,0.9999961853027344,
2026-07-15T21:49:25.985,48.89104340504855,20260715_214837_front_fusion_ego_1533,speedsweep_slow,fusion_ego_1533,6339765,3,person,0.12652088701725006,87.83138212740329,130.19174780810076,1.118595786539085,166.9000379259217,0.5404428839683533,0.45743507146835327,1.8183526992797852,8.969024961530538,66.71875,243.33333333333334,51.201726637780666,216.30164643128714,82.23577336221933,270.3650202353796,0.8559584617614746,0.9758610725402832,
2026-07-15T21:49:25.985,48.89104340504855,20260715_214837_front_fusion_ego_1533,speedsweep_slow,fusion_ego_1533,6339765,4,vehicle,0.08132920414209366,105.21354662588607,131.54842993961333,1.3773484741036737,-78.11625452066825,4.938292980194092,1.8677051067352295,2.1284358501434326,25.369173118581248,465.91927083333337,225.55555555555557,442.84504828726256,214.62426904175018,488.9934933794042,236.48684206936096,0.31839144229888916,0.3348507285118103,
2026-07-15T21:49:26.115,49.02258353703655,20260715_214837_front_fusion_ego_1533,speedsweep_slow,fusion_ego_1533,6339766,0,vehicle,0.27156782150268555,93.89529767209818,128.91774364393044,1.4250133491329107,101.31248976114013,6.121895790100098,2.2821261882781982,2.7025725841522217,14.322848385551652,368.0651041666667,234.44444444444446,330.85847739378613,210.45054879453448,405.27173093954724,258.43834009435443,0.014741793274879456,0.999987006187439,
2026-07-15T21:49:26.115,49.02258353703655,20260715_214837_front_fusion_ego_1533,speedsweep_slow,fusion_ego_1533,6339766,1,vehicle,0.2442549467086792,92.08336218640068,131.95199986349732,1.0554280331698658,24.264734741232644,5.598549842834473,2.0741536617279053,2.1747429370880127,11.709381226597516,457.02343750000006,235.55555555555557,423.36823067069054,214.1184202167723,490.6786443293095,256.9926908943388,0.11532218754291534,0.9999953508377075,
2026-07-15T21:49:26.115,49.02258353703655,20260715_214837_front_fusion_ego_1533,speedsweep_slow,fusion_ego_1533,6339766,2,vehicle,0.1514868140220642,95.06164975447791,105.90956780824843,1.509641927763706,-81.51349552684505,7.3452253341674805,2.6438820362091064,3.320978879928589,31.85726791723041,155.67708333333334,216.66666666666669,100.65213402112326,197.52665738264722,210.70203264554343,235.80667595068616,0.28533217310905457,0.9881184697151184,
2026-07-15T21:49:26.115,49.02258353703655,20260715_214837_front_fusion_ego_1533,speedsweep_slow,fusion_ego_1533,6339766,3,person,0.13521412014961243,103.64157954664813,139.90074993871778,1.3169792392483242,-149.74119676552888,0.7006492614746094,0.4849683940410614,1.8162447214126587,23.685922555160687,547.09375,225.55555555555557,542.9074669908732,214.28710642788147,551.2800330091268,236.82400468322967,0.9997749924659729,0.9991931319236755,
2026-07-15T21:49:26.301,49.20862972107716,20260715_214837_front_fusion_ego_1533,speedsweep_slow,fusion_ego_1533,6339767,0,vehicle,0.7020235061645508,92.7574251126012,131.68120080684082,1.0371681560417865,75.51279993464549,5.388584136962891,2.0317797660827637,2.272578001022339,11.835241795802041,458.1354166666667,234.44444444444446,422.9426656762759,209.9537875917223,493.32816765705746,258.9351012971666,0.0255141481757164,0.999996542930603,
2026-07-15T21:49:26.301,49.20862972107716,20260715_214837_front_fusion_ego_1533,speedsweep_slow,fusion_ego_1533,6339767,1,vehicle,0.21498891711235046,94.26736029659561,124.22028942938402,1.1970576800300337,9.002757693869501,7.42500638961792,2.6768922805786133,3.1533825397491455,16.383378288088245,360.28125,217.7777777777778,326.4910723641515,193.85176168547738,394.0714276358485,241.70379387007821,0.00297415885142982,0.9999781847000122,
2026-07-15T21:49:26.301,49.20862972107716,20260715_214837_front_fusion_ego_1533,speedsweep_slow,fusion_ego_1533,6339767,2,vehicle,0.19615837931632996,93.82239444667357,112.86527879436468,1.1208053202450161,63.915170906496535,7.091108322143555,2.6112539768218994,3.33025860786438,24.689100362385826,163.4609375,208.88888888888889,109.41802209615709,189.35575001769595,217.50385290384295,228.42202776008182,0.0049019972793757915,0.9546335935592651,
2026-07-15T21:49:26.456,49.36358928307891,20260715_214837_front_fusion_ego_1533,speedsweep_slow,fusion_ego_1533,6339768,0,vehicle,0.599509596824646,92.02706095813957,130.96154441800772,0.8855111354486735,-39.951520921189164,5.193914890289307,1.9927170276641846,2.0659806728363037,10.785918079341458,458.1354166666667,234.44444444444446,425.2000074783961,209.81274631288318,491.07082585493725,259.07614257600574,0.19444164633750916,0.9999990463256836,
2026-07-15T21:49:26.456,49.36358928307891,20260715_214837_front_fusion_ego_1533,speedsweep_slow,fusion_ego_1533,6339768,1,vehicle,0.37652644515037537,95.09753136703723,123.53734454739276,1.0790395903321026,22.189983839965773,7.49167013168335,2.6621949672698975,3.1495537757873535,16.94859824099995,360.28125,216.66666666666669,327.3351226821542,192.09646979967755,393.2273773178458,241.23686353365582,0.002002451801672578,0.9999727010726929,
2026-07-15T21:49:26.456,49.36358928307891,20260715_214837_front_fusion_ego_1533,speedsweep_slow,fusion_ego_1533,6339768,2,vehicle,0.256992369890213,95.79232071035202,115.8592433248714,1.1513619600892637,-151.14873820738998,7.3436279296875,2.6899685859680176,3.2297117710113525,22.884567390391584,164.57291666666669,207.7777777777778,117.75916491697232,188.4276835785972,211.38666841636103,227.1278719769584,0.04204120859503746,0.9925214648246765,
2026-07-15T21:49:26.601,49.508109127986245,20260715_214837_front_fusion_ego_1533,speedsweep_slow,fusion_ego_1533,6339769,0,vehicle,0.5759823322296143,92.33411586594681,130.36682581339863,0.9336642353952502,-12.065490739208718,5.043251037597656,1.9176483154296875,2.2855587005615234,10.804777504140237,467.03125000000006,234.44444444444446,435.15577442944056,210.63114371564654,498.90672557055956,258.25774517324237,0.06930998712778091,0.9999955892562866,
2026-07-15T21:49:26.601,49.508109127986245,20260715_214837_front_fusion_ego_1533,speedsweep_slow,fusion_ego_1533,6339769,1,person,0.33231186866760254,106.58299645539154,139.32357377647799,0.7593830358615961,-164.71095627725913,0.7167757749557495,0.5329364538192749,1.8726255893707275,25.18846040202371,564.8854166666667,217.7777777777778,560.7887615902971,206.56321780549158,568.9820717430364,228.99233775006402,0.9993159770965576,0.9947097301483154,
2026-07-15T21:49:26.601,49.508109127986245,20260715_214837_front_fusion_ego_1533,speedsweep_slow,fusion_ego_1533,6339769,2,vehicle,0.2554217278957367,96.5104853282705,124.40836785993756,1.138774339210742,32.65555309317417,7.461856365203857,2.6562306880950928,3.1544370651245117,17.156312690885443,368.0651041666667,217.7777777777778,333.3937652061383,197.51960383521188,402.73644312719506,238.03595172034372,0.0001230030320584774,0.999966025352478,
2026-07-15T21:49:26.601,49.508109127986245,20260715_214837_front_fusion_ego_1533,speedsweep_slow,fusion_ego_1533,6339769,3,vehicle,0.11854377388954163,97.42430883411357,112.71964635838891,0.9818229219787042,-13.73427186401974,6.794335842132568,2.5121707916259766,2.9145805835723877,25.96585728249503,181.25260416666669,216.66666666666669,142.08045567820471,198.85602454344433,220.42475265512866,234.47730878988904,0.996473491191864,0.8659600019454956,
2026-07-15T21:49:26.601,49.508109127986245,20260715_214837_front_fusion_ego_1533,speedsweep_slow,fusion_ego_1533,6339769,4,vehicle,0.11222267150878906,99.78359983963469,132.4112316336001,0.6692550233625871,145.54148176588424,4.795759677886963,1.787848949432373,2.040259599685669,17.791850332055436,474.8151041666667,224.44444444444446,443.090531843404,209.2600389983919,506.5396764899294,239.628849890497,0.21302983164787292,0.9651134610176086,
2026-07-15T21:49:26.740,49.6475682919845,20260715_214837_front_fusion_ego_1533,speedsweep_slow,fusion_ego_1533,6339770,0,vehicle,0.3316819369792938,93.65267905910179,129.75226061475894,0.9138865368531941,126.20612391811889,5.103367328643799,1.9446004629135132,2.2530205249786377,11.874510059117428,465.91927083333337,234.44444444444446,437.0323527430495,211.60305824544696,494.80618892361724,257.28583064344195,0.06645205616950989,0.9999966621398926,
2026-07-15T21:49:26.740,49.6475682919845,20260715_214837_front_fusion_ego_1533,speedsweep_slow,fusion_ego_1533,6339770,1,vehicle,0.32290029525756836,95.77488978536601,114.14242288073743,0.7614372149256461,123.09589467012468,6.719305038452148,2.456374168395996,2.8293538093566895,23.514365808707684,181.25260416666669,208.88888888888889,138.89628676573437,192.7038335137897,223.608921567599,225.07394426398807,0.5001136660575867,0.9932871460914612,
2026-07-15T21:49:26.740,49.6475682919845,20260715_214837_front_fusion_ego_1533,speedsweep_slow,fusion_ego_1533,6339770,2,vehicle,0.19678397476673126,95.10002934829177,123.12440930790882,1.1100290345183472,17.301596440192302,7.88215446472168,2.7904233932495117,3.3137004375457764,16.387472022964527,360.28125,216.66666666666669,328.3684439063072,191.82376960913342,392.1940560936928,241.50956372419995,0.0003399326524231583,0.9999557733535767,
2026-07-15T21:49:26.740,49.6475682919845,20260715_214837_front_fusion_ego_1533,speedsweep_slow,fusion_ego_1533,6339770,3,vehicle,0.10073342174291611,95.12816727286742,125.05788860437595,1.0082730871657124,40.12324372739702,7.246813774108887,2.544198513031006,3.139479160308838,15.268998629093126,370.2890625,216.66666666666669,332.83568332344294,192.05024639765423,407.74244167655706,241.28308693567914,0.00038645320455543697,0.9999432563781738,
2026-07-15T21:49:26.740,49.6475682919845,20260715_214837_front_fusion_ego_1533,speedsweep_slow,fusion_ego_1533,6339770,4,vehicle,0.09052830189466476,107.35877401464161,132.90499907238367,1.1660947450972436,-54.702708809740244,6.029800891876221,2.347055673599243,2.724886178970337,24.977791415778313,492.60677083333337,216.66666666666669,468.1869394530853,201.74476633469266,517.0266022135814,231.58856699864072,0.121492400765419,0.723709762096405,
2026-07-15T21:49:26.740,49.6475682919845,20260715_214837_front_fusion_ego_1533,speedsweep_slow,fusion_ego_1533,6339770,5,vehicle,0.050621312111616135,99.78448343281882,131.15352425308708,0.8050149039854366,77.16624204257594,4.53750467300415,1.7925629615783691,2.0442190170288086,17.56270984494112,475.92708333333337,225.55555555555557,443.4341652368506,211.68104711506103,508.4200014298161,239.4300639960501,0.034659288823604584,0.923740565776825,
2026-07-15T21:49:26.883,49.789927651989274,20260715_214837_front_fusion_ego_1533,speedsweep_slow,fusion_ego_1533,6339771,0,vehicle,0.45413827896118164,95.33876740905089,130.67747384524435,0.8422296858350276,-48.64516522841571,5.019993305206299,1.9030659198760986,2.2848923206329346,12.964972300119848,467.03125000000006,234.44444444444446,436.3118976131082,213.43134310510425,497.7506023868919,255.45754578378467,0.08043184876441956,0.9999977350234985,
2026-07-15T21:49:26.883,49.789927651989274,20260715_214837_front_fusion_ego_1533,speedsweep_slow,fusion_ego_1533,6339771,1,vehicle,0.35085588693618774,96.2984990823272,116.29969987778975,0.9361119552053339,88.91852154716958,7.039745807647705,2.572768449783325,3.0112884044647217,21.811877994564988,181.25260416666669,207.7777777777778,136.09654525170725,190.33061431513894,226.40866308162612,225.22494124041665,0.19145655632019043,0.9835115671157837,
2026-07-15T21:49:26.883,49.789927651989274,20260715_214837_front_fusion_ego_1533,speedsweep_slow,fusion_ego_1533,6339771,2,vehicle,0.2354670614004135,95.81854419875397,124.57169311591436,1.0964968496955336,45.77390713134657,7.606043338775635,2.6420278549194336,3.2466020584106445,15.800702576351808,369.17708333333337,216.66666666666669,330.31208926935994,191.6820041338603,408.0420773973068,241.65132919947308,0.00012278997746761888,0.9999920129776001,
2026-07-15T21:49:26.883,49.789927651989274,20260715_214837_front_fusion_ego_1533,speedsweep_slow,fusion_ego_1533,6339771,3,person,0.21634382009506226,103.1469591185035,140.85565277920097,0.9582584043712146,-56.90183140743922,0.5438199043273926,0.45791617035865784,1.791002869606018,21.83435169563266,581.5651041666667,225.55555555555557,575.1171268053974,212.12113681766724,588.013081527936,238.9899742934439,0.9999830722808838,0.9979630708694458,
2026-07-15T21:49:26.883,49.789927651989274,20260715_214837_front_fusion_ego_1533,speedsweep_slow,fusion_ego_1533,6339771,4,vehicle,0.0755811408162117,109.89161292729416,132.85677936719642,1.258921261081504,-54.06541377937525,6.807403564453125,2.553925037384033,3.1185543537139893,27.231993225787022,492.60677083333337,216.66666666666669,471.54063710694516,201.62370483080548,513.6729045597216,231.7096285025279,0.09653269499540329,0.9513939619064331,
2026-07-15T21:49:27.030,49.93637241306715,20260715_214837_front_fusion_ego_1533,speedsweep_slow,fusion_ego_1533,6339772,0,vehicle,0.45658591389656067,96.6382029309188,131.46109072190475,0.8173798746552645,140.76728220453626,5.279994010925293,1.9594190120697021,2.237264633178711,13.887722029114592,465.91927083333337,234.44444444444446,437.278096643587,212.71551516320972,494.56044502307975,256.1733737256792,0.11016042530536652,0.9999997615814209,
2026-07-15T21:49:27.030,49.93637241306715,20260715_214837_front_fusion_ego_1533,speedsweep_slow,fusion_ego_1533,6339772,1,person,0.45209431648254395,106.47376051620019,139.69194964445035,0.7920425842457499,28.59213780722039,0.53062903881073,0.419678658246994,1.8116880655288696,24.48203952768813,582.6770833333334,225.55555555555557,577.9060033153122,212.72871885034775,587.4481633513545,238.3823922607634,0.999964714050293,0.9981583952903748,
2026-07-15T21:49:27.030,49.93637241306715,20260715_214837_front_fusion_ego_1533,speedsweep_slow,fusion_ego_1533,6339772,2,vehicle,0.37126481533050537,96.89474944781186,122.52207251477355,1.0423540886126053,0.5802845044931615,7.343166351318359,2.6164863109588623,3.072894811630249,17.627954016044896,368.0651041666667,217.7777777777778,333.7290304626028,198.37494062052835,402.4011778707306,237.18061493502725,0.00030202860943973064,0.9999872446060181,
2026-07-15T21:49:27.030,49.93637241306715,20260715_214837_front_fusion_ego_1533,speedsweep_slow,fusion_ego_1533,6339772,3,vehicle,0.20994096994400024,97.28673804132069,119.30034351720435,1.0769876540375565,74.32973664888932,7.0543365478515625,2.5979526042938232,3.0095720291137695,20.026172992034635,181.25260416666669,207.7777777777778,133.66719480852288,189.2928050624,228.8380135248105,226.2627504931556,0.3411555290222168,0.9778664708137512,
2026-07-15T21:49:27.030,49.93637241306715,20260715_214837_front_fusion_ego_1533,speedsweep_slow,fusion_ego_1533,6339772,4,vehicle,0.20668894052505493,108.47340063515885,146.27999561908703,1.322072183648162,-57.72552187900082,6.4376373291015625,2.3660738468170166,2.7584400177001953,28.742090133313244,689.4270833333334,217.7777777777778,649.6417522107562,199.08287750350107,729.2124144559106,236.47267805205453,0.6500229239463806,0.9998138546943665,
2026-07-15T21:49:27.176,50.082794101093896,20260715_214837_front_fusion_ego_1533,speedsweep_slow,fusion_ego_1533,6339773,0,vehicle,0.338567852973938,95.77181095647141,111.07115528626963,0.907349766737112,32.34933430186203,6.903034210205078,2.580855131149292,3.1533405780792236,25.473032807952233,182.36458333333334,207.7777777777778,131.49250360329947,190.799135433303,233.23666306336722,224.7564201222526,0.13217271864414215,0.9114450216293335,
2026-07-15T21:49:27.176,50.082794101093896,20260715_214837_front_fusion_ego_1533,speedsweep_slow,fusion_ego_1533,6339773,1,vehicle,0.28618934750556946,97.10427171043486,132.08130665928718,0.8944736109478333,120.12141549369622,5.234290599822998,1.921144723892212,2.305791139602661,14.124008436234632,465.91927083333337,234.44444444444446,435.6087567110857,212.78872158792285,496.22978495558107,256.10016730096606,0.0923861637711525,0.9999997615814209,
2026-07-15T21:49:27.176,50.082794101093896,20260715_214837_front_fusion_ego_1533,speedsweep_slow,fusion_ego_1533,6339773,2,person,0.18263530731201172,109.59708456245187,139.90222097983246,1.1777984149311997,-152.56216200670258,0.7547560930252075,0.6147122383117676,1.9122576713562012,27.417419160329818,582.6770833333334,217.7777777777778,577.0417976484945,207.04601185189355,588.3123690181723,228.50954370366205,0.9998689889907837,0.9797398447990417,
2026-07-15T21:49:27.176,50.082794101093896,20260715_214837_front_fusion_ego_1533,speedsweep_slow,fusion_ego_1533,6339773,3,vehicle,0.169160857796669,96.43367892894757,124.02563779770425,1.1999469818001818,1.1627361260482805,7.527459144592285,2.653074026107788,3.2226977348327637,16.198905559443492,368.0651041666667,217.7777777777778,329.2156353245179,197.07880245314706,406.91457300881547,238.47675310240854,0.0001445102971047163,0.9999711513519287,
2026-07-15T21:49:27.176,50.082794101093896,20260715_214837_front_fusion_ego_1533,speedsweep_slow,fusion_ego_1533,6339773,4,vehicle,0.06771163642406464,109.31668905597452,146.20613590532912,1.3609422189389733,-113.65326837022505,6.351065635681152,2.3793110847473145,2.677401542663574,29.36026248120071,688.3151041666667,217.7777777777778,648.6895396659772,199.8572866784202,727.9406686673562,235.6982688771354,0.5549359917640686,0.998965859413147,
2026-07-15T21:49:27.327,50.23439987807069,20260715_214837_front_fusion_ego_1533,speedsweep_slow,fusion_ego_1533,6339774,0,vehicle,0.46076953411102295,98.90941938192849,131.30032341509235,0.9896359355802957,103.13998431757325,6.07626485824585,2.1927742958068848,2.586974859237671,15.85164375543585,458.1354166666667,235.55555555555557,426.32266235599917,213.08697495195602,489.9481709773342,258.0241361591551,0.0018282458186149597,0.9999994039535522,
2026-07-15T21:49:27.327,50.23439987807069,20260715_214837_front_fusion_ego_1533,speedsweep_slow,fusion_ego_1533,6339774,1,person,0.15072371065616608,103.24646433656056,140.05657707963576,1.042049001313849,-38.4418353674912,0.5893188714981079,0.49963802099227905,1.7581106424331665,21.274196742331945,590.4609375,225.55555555555557,583.6761340089142,211.91769662830566,597.2457409910858,239.19341448280548,0.9999827146530151,0.9942506551742554,
2026-07-15T21:49:27.327,50.23439987807069,20260715_214837_front_fusion_ego_1533,speedsweep_slow,fusion_ego_1533,6339774,2,vehicle,0.11910244077444077,108.08949688274859,145.59722917791942,1.375964930691282,-37.130048288780564,6.132330894470215,2.3382346630096436,2.5300703048706055,27.904075714044016,689.4270833333334,217.7777777777778,648.624770646294,200.74095831977,730.2293960203727,234.8145972357856,0.12169048190116882,0.9994495511054993,
2026-07-15T21:49:27.327,50.23439987807069,20260715_214837_front_fusion_ego_1533,speedsweep_slow,fusion_ego_1533,6339774,3,vehicle,0.08745996654033661,96.35047239959779,113.98665599814024,1.2290299899706127,55.77863741039505,7.315219402313232,2.7098748683929443,3.1934337615966797,23.182802473907028,182.36458333333334,207.7777777777778,127.41015925010046,189.57338379489053,237.31900741656622,225.98217176066507,0.039970677345991135,0.9629197120666504,
2026-07-15T21:49:27.327,50.23439987807069,20260715_214837_front_fusion_ego_1533,speedsweep_slow,fusion_ego_1533,6339774,4,vehicle,0.07656465470790863,104.99004012726974,133.49939008490875,1.1126445820628135,77.8877616268981,4.807406902313232,1.9115830659866333,2.2322030067443848,21.83398710371745,520.40625,226.66666666666669,498.30651985853916,211.48697833220166,542.5059801414609,241.8463550011317,0.016849203035235405,0.930147647857666,
2026-07-15T21:49:27.327,50.23439987807069,20260715_214837_front_fusion_ego_1533,speedsweep_slow,fusion_ego_1533,6339774,5,vehicle,0.05974956974387169,97.50756477561067,124.72611032773088,1.3246535117590685,6.128951930138576,7.260070323944092,2.5925989151000977,3.177691698074341,16.58540375872722,368.0651041666667,217.7777777777778,333.62439110378426,196.75048397647012,402.5058172295491,238.80507157908548,0.00020808119734283537,0.9991170763969421,
2026-07-15T21:49:27.473,50.37996935704723,20260715_214837_front_fusion_ego_1533,speedsweep_slow,fusion_ego_1533,6339775,0,person,0.3927440047264099,105.04551118575185,138.21568396060283,1.2120861159515322,0.7798055002636433,0.29600000381469727,0.4013479948043823,1.763647437095642,22.35124928190834,590.4609375,225.55555555555557,585.3846739334986,212.752060327265,595.5372010665014,238.35905078384613,0.9999946355819702,0.9909994006156921,
2026-07-15T21:49:27.473,50.37996935704723,20260715_214837_front_fusion_ego_1533,speedsweep_slow,fusion_ego_1533,6339775,1,vehicle,0.29892539978027344,98.398635811219,130.87173116949972,0.9468113005301042,97.0723303782583,5.540739059448242,2.091259717941284,2.039593458175659,15.234621072090876,458.1354166666667,243.33333333333334,425.23538144181174,225.34387012322745,491.03545189152163,261.32279654343927,0.0685814842581749,0.9998537302017212,
2026-07-15T21:49:27.473,50.37996935704723,20260715_214837_front_fusion_ego_1533,speedsweep_slow,fusion_ego_1533,6339775,2,vehicle,0.15491080284118652,95.16280233465375,108.82403494787313,1.3838311695334724,34.49724535030382,7.2553629875183105,2.715794086456299,3.182777166366577,26.89202178497503,182.36458333333334,208.88888888888889,126.40203787883124,190.61991446548038,238.32712878783545,227.1578633122974,0.04459843784570694,0.9491863250732422,
2026-07-15T21:49:27.473,50.37996935704723,20260715_214837_front_fusion_ego_1533,speedsweep_slow,fusion_ego_1533,6339775,3,vehicle,0.08981956541538239,107.3698479410588,133.7996512651449,1.1025280903330597,40.15150963892666,4.745935440063477,1.872783899307251,2.1894497871398926,24.066840990912787,520.40625,226.66666666666669,501.88644512742763,214.08930132786435,538.9260548725724,239.24403200546902,0.02409827709197998,0.6285675764083862,
2026-07-15T21:49:27.473,50.37996935704723,20260715_214837_front_fusion_ego_1533,speedsweep_slow,fusion_ego_1533,6339775,4,vehicle,0.07442494481801987,97.99835547843612,125.08903632953749,1.418329279687839,-53.65471717832925,5.509200572967529,2.1312804222106934,2.5340657234191895,16.658352879985607,368.0651041666667,234.44444444444446,342.4808906937639,216.10541429784564,393.64931763956946,252.78347459104327,0.005946027580648661,0.9983443021774292,
2026-07-15T21:49:27.473,50.37996935704723,20260715_214837_front_fusion_ego_1533,speedsweep_slow,fusion_ego_1533,6339775,5,vehicle,0.06431873887777328,98.71835166970997,122.06350482182592,1.5247197271609636,38.98248143582194,7.12673282623291,2.545294761657715,3.4464173316955566,18.866960092347618,376.9609375,216.66666666666669,349.9743288308382,192.48203019301098,403.9475461691618,240.8513031403224,0.00041760766180232167,0.9992044568061829,
2026-07-15T21:49:27.473,50.37996935704723,20260715_214837_front_fusion_ego_1533,speedsweep_slow,fusion_ego_1533,6339775,6,person,0.06268874555826187,102.5752918142884,132.31266074667232,1.059539193800859,29.044537211090503,1.9752506017684937,1.0298614501953125,1.665827989578247,19.271321965709557,520.40625,234.44444444444446,512.3013079464436,222.55593922403125,528.5111920535564,246.33294966485767,0.503196656703949,0.9452745318412781,
2026-07-15T21:49:27.617,50.524196193087846,20260715_214837_front_fusion_ego_1533,speedsweep_slow,fusion_ego_1533,6339776,0,vehicle,0.4639855921268463,99.01618030293693,131.2026608797122,1.0013143429429503,82.72103427092065,5.599364757537842,2.0856266021728516,2.3002803325653076,15.632787003027355,457.02343750000006,235.55555555555557,430.63105033338076,214.50333151552414,483.41582466661936,256.607779595587,0.11087867617607117,0.9999995231628418,
2026-07-15T21:49:27.617,50.524196193087846,20260715_214837_front_fusion_ego_1533,speedsweep_slow,fusion_ego_1533,6339776,1,person,0.1905931830406189,106.4528841706804,138.96815641170767,1.098882123657865,-76.96039061855124,0.6030532717704773,0.43807467818260193,1.7639050483703613,23.766163616469317,590.4609375,225.55555555555557,585.231370321475,213.31127855512833,595.690504678525,237.79983255598282,0.9999243021011353,0.9934874773025513,
2026-07-15T21:49:27.617,50.524196193087846,20260715_214837_front_fusion_ego_1533,speedsweep_slow,fusion_ego_1533,6339776,2,vehicle,0.14189386367797852,110.31905434194438,133.01659272240337,1.341530759652767,10.156353456252264,7.611598491668701,2.9215474128723145,3.052210807800293,26.836194108503236,501.5026041666667,217.7777777777778,476.11430754015845,204.16572438346017,526.890900793175,231.38983117209543,0.0006191142019815743,0.9921189546585083,
2026-07-15T21:49:27.617,50.524196193087846,20260715_214837_front_fusion_ego_1533,speedsweep_slow,fusion_ego_1533,6339776,3,vehicle,0.0855310782790184,98.71943358302758,115.06822179547419,1.5450772991915658,103.48978453393576,6.949007987976074,2.476182699203491,3.1575779914855957,23.439846256218626,207.94010416666669,216.66666666666669,176.87558601299924,199.3343124787013,239.00462232033414,233.99902085463208,0.8799698352813721,0.9755846858024597,
2026-07-15T21:49:27.617,50.524196193087846,20260715_214837_front_fusion_ego_1533,speedsweep_slow,fusion_ego_1533,6339776,4,vehicle,0.06670960783958435,104.6117222404939,132.2180611999339,0.9604656182882962,26.525413356234104,4.579899311065674,1.8554681539535522,1.7834218740463257,21.14672407540886,519.2942708333334,234.44444444444446,496.94492503007257,222.40188833740024,541.6436166365942,246.48700055148868,0.0019616689532995224,0.9992832541465759,
2026-07-15T21:49:27.754,50.6614303070819,20260715_214837_front_fusion_ego_1533,speedsweep_slow,fusion_ego_1533,6339777,0,vehicle,0.29094481468200684,101.2682167416852,130.51871916058172,1.0098056472805457,107.31700585333026,6.586664199829102,2.2763195037841797,2.656480073928833,17.784381423147938,449.23958333333337,235.55555555555557,420.0546509747704,214.72277018758987,478.4245156918963,256.38834092352124,0.0024716095067560673,0.9999998807907104,
2026-07-15T21:49:27.754,50.6614303070819,20260715_214837_front_fusion_ego_1533,speedsweep_slow,fusion_ego_1533,6339777,1,vehicle,0.25211089849472046,96.84863930337781,108.75426396905388,1.1340104863040779,-21.199875190671147,6.218020915985107,2.3661484718322754,2.9216339588165283,27.43743494752457,200.15625,216.66666666666669,160.0466771647334,200.0821141401927,240.26582283526662,233.25121919314068,0.9084571599960327,0.7825976610183716,
2026-07-15T21:49:27.754,50.6614303070819,20260715_214837_front_fusion_ego_1533,speedsweep_slow,fusion_ego_1533,6339777,2,vehicle,0.13693900406360626,98.2490781710681,122.88189118681107,1.320640278341585,55.392582577472275,6.890798091888428,2.4623262882232666,3.3810534477233887,17.659296572798496,376.9609375,216.66666666666669,350.13630652427673,189.02689973513287,403.78556847572327,244.3064335982005,0.030322358012199402,0.9992425441741943,
2026-07-15T21:49:27.754,50.6614303070819,20260715_214837_front_fusion_ego_1533,speedsweep_slow,fusion_ego_1533,6339777,3,person,0.1094411239027977,107.56885930383213,138.95548221436127,0.971304097707959,-90.90585578303035,0.7573503851890564,0.47412922978401184,1.7313247919082642,24.715963431980217,591.5729166666667,225.55555555555557,586.0939131776493,213.3746725651953,597.0519201556842,237.73643854591583,0.9992955923080444,0.9749400019645691,
2026-07-15T21:49:27.754,50.6614303070819,20260715_214837_front_fusion_ego_1533,speedsweep_slow,fusion_ego_1533,6339777,4,vehicle,0.07951031625270844,97.67714670816319,124.1499531777651,1.4026133397718623,26.44665672566328,7.111769676208496,2.542334794998169,3.1979000568389893,16.489106036486074,366.953125,216.66666666666669,332.8967598006129,195.1699237028758,401.0094901993871,238.16340963045758,6.40093203401193e-05,0.999703586101532,
2026-07-15T21:49:27.907,50.81394486804493,20260715_214837_front_fusion_ego_1533,speedsweep_slow,fusion_ego_1533,6339778,0,vehicle,0.4337649345397949,98.37249244252807,129.58765657779244,0.9516776467154537,36.7610385595045,5.316798210144043,1.9462625980377197,2.1777825355529785,14.898498648858755,457.02343750000006,235.55555555555557,434.4376056641341,216.86630937788223,479.60926933586603,254.2448017332289,0.03583111613988876,1.0,
2026-07-15T21:49:27.907,50.81394486804493,20260715_214837_front_fusion_ego_1533,speedsweep_slow,fusion_ego_1533,6339778,1,person,0.09174083918333054,103.234331078595,139.2166940114939,1.1491057579050579,-47.89011572744339,0.6442579627037048,0.5204356908798218,1.7495017051696777,20.485060336735543,599.3567708333334,225.55555555555557,592.1031827920427,210.15891048643326,606.610358874624,240.9522006246779,0.9999864101409912,0.9931777715682983,
2026-07-15T21:49:27.907,50.81394486804493,20260715_214837_front_fusion_ego_1533,speedsweep_slow,fusion_ego_1533,6339778,2,vehicle,0.08817972987890244,98.1882436782995,123.16248326149596,1.7379051493602002,-56.067134028542945,7.263125419616699,2.5864555835723877,3.3340866565704346,17.25169786505169,360.28125,225.55555555555557,325.74177998304367,201.8471470806334,394.82072001695633,249.26396403047775,0.009479782544076443,0.9999899864196777,
2026-07-15T21:49:27.907,50.81394486804493,20260715_214837_front_fusion_ego_1533,speedsweep_slow,fusion_ego_1533,6339778,3,vehicle,0.07981737703084946,99.91970727809192,118.53451614437427,1.6316231173632405,119.08096267566728,6.958752632141113,2.530930519104004,3.10168194770813,21.44987582179632,209.05208333333334,216.66666666666669,173.47040326644978,199.284848968188,244.6337634002169,234.04848436514538,0.8524954319000244,0.8718338012695312,
2026-07-15T21:49:27.907,50.81394486804493,20260715_214837_front_fusion_ego_1533,speedsweep_slow,fusion_ego_1533,6339778,4,person,0.06388875097036362,97.84159927051708,133.58262028233116,0.9846826362361552,81.05326586299914,0.8538900017738342,0.5665410161018372,1.8287220001220703,14.064542180043993,547.09375,234.44444444444446,539.5905828829855,217.80943956640033,554.5969171170145,251.07944932248859,0.9793175458908081,0.7459197044372559,
2026-07-15T21:49:28.069,50.97609937901143,20260715_214837_front_fusion_ego_1533,speedsweep_slow,fusion_ego_1533,6339779,0,vehicle,0.5333555936813354,99.52339963347659,128.03339793560184,0.8289231502675456,54.00615606872436,5.858268737792969,2.0321435928344727,2.437042236328125,16.207387553774044,449.23958333333337,235.55555555555557,421.0807536070546,217.59339544508194,477.39841305961215,253.5177156660292,0.008155322633683681,1.0,
2026-07-15T21:49:28.069,50.97609937901143,20260715_214837_front_fusion_ego_1533,speedsweep_slow,fusion_ego_1533,6339779,1,vehicle,0.16651193797588348,109.98559404057653,145.65456661692693,1.398263088144546,-120.3527324314279,5.749940872192383,2.163719654083252,2.5232176780700684,29.092031464342792,723.8984375,217.7777777777778,691.5697208940983,200.30499206648935,756.2271541059017,235.25056348906625,0.7914013266563416,0.9999094009399414,
2026-07-15T21:49:28.069,50.97609937901143,20260715_214837_front_fusion_ego_1533,speedsweep_slow,fusion_ego_1533,6339779,2,vehicle,0.10646266490221024,111.17401701526737,132.59320524695636,1.1249087477670088,1.0765390102394847,6.182741641998291,2.447004795074463,2.5776076316833496,27.188545618667323,510.39843750000006,217.7777777777778,486.42974106967455,204.2820723520385,534.3671339303255,231.2734832035171,0.00360580044798553,0.5180525183677673,
2026-07-15T21:49:28.069,50.97609937901143,20260715_214837_front_fusion_ego_1533,speedsweep_slow,fusion_ego_1533,6339779,3,person,0.06532348692417145,108.0876684029332,138.16573499804565,1.1858699417297984,-148.0955293494539,0.699712872505188,0.5521422624588013,1.9159743785858154,24.73653218808364,599.3567708333334,217.7777777777778,594.381985906822,205.8578951822387,604.3315557598447,229.6976603733169,0.9999113082885742,0.9514636993408203,
2026-07-15T21:49:28.216,51.123550447053276,20260715_214837_front_fusion_ego_1533,speedsweep_slow,fusion_ego_1533,6339780,0,vehicle,0.7172524929046631,99.22565512530446,128.38826445891365,0.7877991653219321,56.41565588853622,5.996404647827148,2.0579073429107666,2.349174737930298,15.641160733072567,449.23958333333337,235.55555555555557,421.09591614951694,216.42180654737686,477.3832505171498,254.68930456373428,0.023589346557855606,1.0,
2026-07-15T21:49:28.216,51.123550447053276,20260715_214837_front_fusion_ego_1533,speedsweep_slow,fusion_ego_1533,6339780,1,person,0.14177195727825165,107.82491698211648,138.1859774606996,1.1920318389517126,-79.94109268635698,0.840019941329956,0.6052197217941284,1.9068124294281006,24.350078683577006,600.46875,217.7777777777778,594.3194132447243,205.21816866265405,606.6180867552757,230.33738689290155,0.9970935583114624,0.6989988684654236,
2026-07-15T21:49:28.216,51.123550447053276,20260715_214837_front_fusion_ego_1533,speedsweep_slow,fusion_ego_1533,6339780,2,vehicle,0.1404472142457962,99.68039850154298,122.29497349557711,1.25500917918898,42.299917161835786,7.078185081481934,2.5344812870025635,3.077406883239746,18.580228565375148,368.0651041666667,217.7777777777778,337.1651088247697,199.4989417658912,398.9650995085637,236.0566137896644,0.0008824995020404458,0.9999055862426758,
2026-07-15T21:49:28.216,51.123550447053276,20260715_214837_front_fusion_ego_1533,speedsweep_slow,fusion_ego_1533,6339780,3,vehicle,0.07725273072719574,100.71675312423693,133.68931051939413,0.9815330406903655,36.196050407355195,4.274691581726074,1.7968714237213135,1.8418872356414795,16.617384408250768,545.9817708333334,226.66666666666669,515.8746721123656,210.4104236761729,576.0888695543011,242.92290965716046,0.030447719618678093,0.9320439696311951,
2026-07-15T21:49:28.361,51.26843034499325,20260715_214837_front_fusion_ego_1533,speedsweep_slow,fusion_ego_1533,6339781,0,vehicle,0.5864059329032898,98.97399174426101,127.96902617387786,0.8408379876554695,-3.0896047917426,5.727168083190918,2.038301944732666,2.2935397624969482,15.302285127712894,449.23958333333337,235.55555555555557,422.27596344550454,217.2338417503569,476.2032032211622,253.87726936075424,0.011943556368350983,1.0,
2026-07-15T21:49:28.361,51.26843034499325,20260715_214837_front_fusion_ego_1533,speedsweep_slow,fusion_ego_1533,6339781,1,vehicle,0.20375272631645203,99.7217300532985,115.73615414683984,1.5796219600338937,80.57874205380743,7.076000213623047,2.5893571376800537,3.2084550857543945,22.663606496588027,216.83593750000003,216.66666666666669,184.9731334373355,198.80634824434918,248.69874156266454,234.5269850889842,0.9562097191810608,0.8628349900245667,
2026-07-15T21:49:28.361,51.26843034499325,20260715_214837_front_fusion_ego_1533,speedsweep_slow,fusion_ego_1533,6339781,2,vehicle,0.14678433537483215,98.42556023366234,123.95043107061366,1.6461034015269238,-21.525744901191903,6.903800964355469,2.5047988891601562,3.132206678390503,16.41646470089583,368.0651041666667,225.55555555555557,337.3981684918205,203.22334203455185,398.73203984151286,247.8877690765593,0.012698306702077389,0.9999485015869141,
2026-07-15T21:49:28.361,51.26843034499325,20260715_214837_front_fusion_ego_1533,speedsweep_slow,fusion_ego_1533,6339781,3,person,0.12464676797389984,101.20378043768845,134.94980994094962,0.8921641542950649,113.08518303657758,0.7044654488563538,0.5833966732025146,1.7634598016738892,17.072995022064127,563.7734375,226.66666666666669,557.0673688352108,212.96000460783642,570.4795061647892,240.37332872549695,0.9877128601074219,0.2814004719257355,
2026-07-15T21:49:28.491,51.39804349502083,20260715_214837_front_fusion_ego_1533,speedsweep_slow,fusion_ego_1533,6339782,0,vehicle,0.6287923455238342,99.12233092707343,128.19889144046863,0.8059733152297728,47.47950952973819,5.475396156311035,1.9823472499847412,2.290740489959717,15.169444504878053,449.23958333333337,235.55555555555557,422.5868782823285,216.79230007860397,475.89228838433826,254.31881103250717,0.016508670523762703,1.0,
2026-07-15T21:49:28.491,51.39804349502083,20260715_214837_front_fusion_ego_1533,speedsweep_slow,fusion_ego_1533,6339782,1,vehicle,0.193770170211792,100.09632394412894,123.15650905184538,1.3809141682742978,172.8413817851894,6.694868087768555,2.4098498821258545,2.994018077850342,18.038625324199582,368.0651041666667,225.55555555555557,337.167526687185,205.22834155294632,398.9626816461484,245.88276955816482,0.010628029704093933,0.999951958656311,
2026-07-15T21:49:28.491,51.39804349502083,20260715_214837_front_fusion_ego_1533,speedsweep_slow,fusion_ego_1533,6339782,2,person,0.1668243110179901,102.5019727687324,133.42798372418352,0.9338113741216247,138.29793556173706,0.637305736541748,0.5586624145507812,1.8128845691680908,18.02345741412951,573.78125,226.66666666666669,567.934903617017,214.1437305013339,579.627596382983,239.18960283199948,0.9985476136207581,0.45593011379241943,
2026-07-15T21:49:28.491,51.39804349502083,20260715_214837_front_fusion_ego_1533,speedsweep_slow,fusion_ego_1533,6339782,3,vehicle,0.14145557582378387,98.56713890495425,111.05027791348732,1.3780819317444895,81.32350060811737,6.693488121032715,2.4837656021118164,3.148668050765991,25.43998201960066,217.94791666666669,216.66666666666669,184.89206293473643,199.26912943522137,251.00377039859694,234.064203898112,0.8768519163131714,0.843647301197052,
2026-07-15T21:49:28.627,51.53393362904899,20260715_214837_front_fusion_ego_1533,speedsweep_slow,fusion_ego_1533,6339783,0,vehicle,0.6551632881164551,99.19118285213459,127.16448253602125,0.8088729093504696,-63.229629038414544,5.628207683563232,1.9928925037384033,2.2879726886749268,15.337238024382442,449.23958333333337,235.55555555555557,419.14470118035877,217.9307011100981,479.334465486308,253.18041000101303,0.04675523191690445,1.0,
2026-07-15T21:49:28.627,51.53393362904899,20260715_214837_front_fusion_ego_1533,speedsweep_slow,fusion_ego_1533,6339783,1,vehicle,0.26364725828170776,99.01078734763874,112.05107613376366,1.5117798151766935,63.27280804440166,6.958415985107422,2.5915350914001465,3.2756621837615967,24.672500695197886,217.94791666666669,216.66666666666669,182.9508789132039,198.46032003561658,252.94495442012948,234.8730132977168,0.9005901217460632,0.8479101061820984,
2026-07-15T21:49:28.627,51.53393362904899,20260715_214837_front_fusion_ego_1533,speedsweep_slow,fusion_ego_1533,6339783,2,vehicle,0.11999581754207611,100.64747493683682,122.263414712197,1.2532705557225032,28.544852016597996,6.935263156890869,2.4885201454162598,3.0336670875549316,18.761958818557602,368.0651041666667,217.7777777777778,344.4972431945304,200.2582751380073,391.63296513880294,235.2972804175483,0.00032435235334560275,0.9989074468612671,
2026-07-15T21:49:28.627,51.53393362904899,20260715_214837_front_fusion_ego_1533,speedsweep_slow,fusion_ego_1533,6339783,3,person,0.10955813527107239,100.06703261276813,133.44325068662883,0.8496661303833899,128.86589908339107,0.733038067817688,0.6001977324485779,1.6926324367523193,15.42976064943928,573.78125,226.66666666666669,566.8784826602787,213.09953312079114,580.6840173397213,240.23380021254223,0.9849206805229187,0.8026829957962036,
2026-07-15T21:49:28.627,51.53393362904899,20260715_214837_front_fusion_ego_1533,speedsweep_slow,fusion_ego_1533,6339783,4,person,0.10731286555528641,107.07601300634306,135.98130781006608,1.2353177271406715,-70.06424836934264,0.9075444340705872,0.6812056303024292,1.829723596572876,22.696234759609297,609.3645833333334,217.7777777777778,602.5192378399273,205.4809437857734,616.2099288267394,230.0746117697822,0.9960691928863525,0.8068878054618835,
2026-07-15T21:49:28.627,51.53393362904899,20260715_214837_front_fusion_ego_1533,speedsweep_slow,fusion_ego_1533,6339783,5,vehicle,0.08948063105344772,104.2767723758708,131.8497083556752,0.7791894965626964,39.620246314226634,4.4780707359313965,1.7502927780151367,1.9458638429641724,19.587166373784992,547.09375,226.66666666666669,521.3484019041061,212.12851355473202,572.8390980958939,241.20481977860135,0.04146691411733627,0.9357770681381226,
2026-07-15T21:49:28.765,51.67071369604673,20260715_214837_front_fusion_ego_1533,speedsweep_slow,fusion_ego_1533,6339784,0,vehicle,0.8378020524978638,99.25910976200969,126.51064630082854,0.6963157459442526,-39.193918238433234,5.791055679321289,2.046708345413208,2.137571334838867,15.43578916050647,449.23958333333337,235.55555555555557,423.1089997639259,218.63701972696518,475.37016690274083,252.47409138414596,0.05716191977262497,1.0,
2026-07-15T21:49:28.765,51.67071369604673,20260715_214837_front_fusion_ego_1533,speedsweep_slow,fusion_ego_1533,6339784,1,vehicle,0.24611115455627441,98.72955647532291,110.64523585854464,1.271076416488024,34.60874785802853,6.703765392303467,2.5177464485168457,3.165782928466797,25.4983125809963,216.83593750000003,216.66666666666669,182.68932558596134,198.24017504851025,250.9825494140387,235.09315828482312,0.5853729248046875,0.7475277781486511,
2026-07-15T21:49:28.765,51.67071369604673,20260715_214837_front_fusion_ego_1533,speedsweep_slow,fusion_ego_1533,6339784,2,person,0.1645745486021042,106.32808450155213,136.07249369744076,1.2513187170884335,-148.04364818072906,0.6786609888076782,0.5528287291526794,1.9423335790634155,21.827478410341097,609.3645833333334,217.7777777777778,602.7247903452566,204.18805109130014,616.0043763214102,231.36750446425546,0.9991426467895508,0.52541184425354,
2026-07-15T21:49:28.765,51.67071369604673,20260715_214837_front_fusion_ego_1533,speedsweep_slow,fusion_ego_1533,6339784,3,vehicle,0.12723226845264435,101.2872241425563,121.38377190671066,1.2599178815398742,-5.822486733980561,6.873382091522217,2.5275795459747314,2.9101779460906982,19.57478622473006,368.0651041666667,217.7777777777778,340.37535883734625,201.17069111930002,395.7548494959871,234.38486443625558,0.0001925758842844516,0.9995743632316589,
2026-07-15T21:49:28.909,51.81647420907393,20260715_214837_front_fusion_ego_1533,speedsweep_slow,fusion_ego_1533,6339785,0,vehicle,0.7290569543838501,100.1578556351366,125.91790362621448,0.7977047314074275,-0.6288722043011878,5.955819606781006,2.125019073486328,2.2360503673553467,16.29800064341959,448.1276041666667,235.55555555555557,423.5780512864391,218.58088288042282,472.67715704689425,252.53022823068832,0.030370119959115982,1.0,
2026-07-15T21:49:28.909,51.81647420907393,20260715_214837_front_fusion_ego_1533,speedsweep_slow,fusion_ego_1533,6339785,1,vehicle,0.3969005048274994,98.5058258410697,111.07157248131476,1.467686935781213,54.700359267301174,6.792847156524658,2.5838325023651123,3.1513168811798096,24.848298473294406,217.94791666666669,216.66666666666669,178.68862650791806,198.54205230871838,257.2072068254153,234.791281024615,0.6341081857681274,0.9230814576148987,
2026-07-15T21:49:28.909,51.81647420907393,20260715_214837_front_fusion_ego_1533,speedsweep_slow,fusion_ego_1533,6339785,2,vehicle,0.12628959119319916,99.71152988240435,123.35679600120872,1.3922057249270132,122.01139505676608,6.375674724578857,2.3449532985687256,2.967247486114502,17.007848463532376,368.0651041666667,225.55555555555557,336.2014506707589,203.76957568857406,399.92875766257447,247.34153542253708,0.004825204145163298,0.9998050332069397,
2026-07-15T21:49:28.909,51.81647420907393,20260715_214837_front_fusion_ego_1533,speedsweep_slow,fusion_ego_1533,6339785,3,person,0.1004280298948288,108.65038017071379,137.66135954729424,1.1344706191010907,-101.85147446496111,0.9722858667373657,0.6198317408561707,1.9249026775360107,24.297791683733102,617.1484375,217.7777777777778,609.4754982646555,205.30744688378442,624.8213767353445,230.24810867177118,0.9992719292640686,0.7444713711738586,
2026-07-15T21:49:28.909,51.81647420907393,20260715_214837_front_fusion_ego_1533,speedsweep_slow,fusion_ego_1533,6339785,4,vehicle,0.06626227498054504,101.62710565488177,119.85673934589721,1.1975475797988717,30.537281112803424,6.888844013214111,2.476736307144165,3.1653971672058105,20.534705798258678,376.9609375,215.55555555555557,348.8805387765169,197.20642063352798,405.0413362234831,233.90469047758316,0.03311685845255852,0.97557133436203,
2026-07-15T21:49:29.041,51.94841940305196,20260715_214837_front_fusion_ego_1533,speedsweep_slow,fusion_ego_1533,6339786,0,vehicle,0.8113112449645996,101.7967083214355,127.95678661992078,0.8731450588901679,120.47813481729081,5.468280792236328,2.0227038860321045,2.1170778274536133,17.039672677052923,448.1276041666667,235.55555555555557,420.55672540764016,218.76573357317184,475.6984829256932,252.3453775379393,0.043024469166994095,1.0,
2026-07-15T21:49:29.041,51.94841940305196,20260715_214837_front_fusion_ego_1533,speedsweep_slow,fusion_ego_1533,6339786,1,vehicle,0.2730444669723511,98.06210372231803,111.50564725750068,1.4977663463134365,-147.69364446832236,6.83146858215332,2.5439612865448,3.1221578121185303,24.050465898644163,217.94791666666669,216.66666666666669,183.31523169080418,198.8618967930476,252.5806016425292,234.47143654028577,0.4364551603794098,0.9709033370018005,
2026-07-15T21:49:29.041,51.94841940305196,20260715_214837_front_fusion_ego_1533,speedsweep_slow,fusion_ego_1533,6339786,2,vehicle,0.1864849030971527,99.57507563814161,133.00240855320027,0.8767785672903721,-5.971981810096064,4.504825115203857,1.8215745687484741,1.9572255611419678,14.418605534194475,564.8854166666667,234.44444444444446,532.3035403216879,215.54742541578082,597.4672930116456,253.3414634731081,0.26397407054901123,0.9974886178970337,
2026-07-15T21:49:29.041,51.94841940305196,20260715_214837_front_fusion_ego_1533,speedsweep_slow,fusion_ego_1533,6339786,3,vehicle,0.14833272993564606,100.88193158591292,121.63393176921748,1.5484865632683429,-73.46665950179165,6.798320293426514,2.4460015296936035,3.081596851348877,18.69461699865028,368.0651041666667,225.55555555555557,340.8832785586516,205.69635841581558,395.24692977468175,245.41475269529556,0.0017881087260320783,0.9998570680618286,
2026-07-15T21:49:29.041,51.94841940305196,20260715_214837_front_fusion_ego_1533,speedsweep_slow,fusion_ego_1533,6339786,4,vehicle,0.14323319494724274,104.96175031945047,143.87572653297985,1.2553621013141179,-74.71269850501658,5.184264183044434,1.9312076568603516,2.414987087249756,23.124185355458195,760.59375,217.7777777777778,718.9889964982867,191.75571368800271,802.1985035017133,243.79984186755289,0.4258550703525543,0.9987232089042664,
2026-07-15T21:49:29.172,52.079467526986264,20260715_214837_front_fusion_ego_1533,speedsweep_slow,fusion_ego_1533,6339787,0,vehicle,0.48581817746162415,100.70596351274946,126.67827339793469,0.9360980318703416,-13.429677989458186,5.498007774353027,2.0209755897521973,2.0690765380859375,16.086982831903622,448.1276041666667,235.55555555555557,420.86251819382113,220.069533917639,475.39269013951224,251.04157719347214,0.04029858857393265,1.0,
2026-07-15T21:49:29.172,52.079467526986264,20260715_214837_front_fusion_ego_1533,speedsweep_slow,fusion_ego_1533,6339787,1,vehicle,0.3392561674118042,98.13797849369108,112.73390788495954,1.5588546095791256,93.72340943590888,7.634998321533203,2.7106714248657227,3.519901752471924,22.83040558783359,225.73177083333334,216.66666666666669,194.9966450755795,195.03936270872754,256.4668965910872,238.29397062460583,0.7510204315185547,0.9964079260826111,
2026-07-15T21:49:29.172,52.079467526986264,20260715_214837_front_fusion_ego_1533,speedsweep_slow,fusion_ego_1533,6339787,2,vehicle,0.14943978190422058,99.81728310254037,134.23685147239718,1.1258282892419706,71.56238040752706,4.827064037322998,1.9609870910644531,1.9623074531555176,14.607795297007344,572.6692708333334,234.44444444444446,527.224127834042,214.74349048402576,618.1144138326248,254.14539840486316,0.0038437815383076668,0.9915860891342163,
2026-07-15T21:49:29.172,52.079467526986264,20260715_214837_front_fusion_ego_1533,speedsweep_slow,fusion_ego_1533,6339787,3,vehicle,0.11859724670648575,100.4434758087187,122.31684168117573,1.6885691173967945,-34.250071633493235,6.526275634765625,2.367307186126709,3.2008323669433594,17.702045385034573,368.0651041666667,226.66666666666669,336.6330772886674,206.1849735180537,399.497131044666,247.14835981527966,0.0010741563746705651,0.9997019171714783,
2026-07-15T21:49:29.172,52.079467526986264,20260715_214837_front_fusion_ego_1533,speedsweep_slow,fusion_ego_1533,6339787,4,person,0.11836452037096024,99.9581814899335,134.8044650524016,0.9655511206679019,141.34099081460636,0.7122678756713867,0.6172176599502563,1.6053376197814941,14.859900550068323,591.5729166666667,234.44444444444446,582.5491860999416,217.19505455758838,600.5966472333919,251.69383433130054,0.9895852208137512,0.7627213597297668,
2026-07-15T21:49:29.172,52.079467526986264,20260715_214837_front_fusion_ego_1533,speedsweep_slow,fusion_ego_1533,6339787,5,person,0.10347054898738861,110.08763242148234,136.86787993390527,1.1486874500062159,179.98453162480848,0.7306773066520691,0.4684445261955261,1.8547983169555664,25.188907583065745,617.1484375,225.55555555555557,610.4701026715338,215.04487338993286,623.8267723284662,236.06623772117828,0.9985435009002686,0.9764665365219116,
2026-07-15T21:49:29.315,52.22247324907221,20260715_214837_front_fusion_ego_1533,speedsweep_slow,fusion_ego_1533,6339788,0,vehicle,0.7098576426506042,103.1121600327062,127.08982770444536,0.9126954314049143,-0.886143574149718,5.530503749847412,2.009929895401001,2.0070438385009766,17.994160146072254,448.1276041666667,235.55555555555557,423.5492707702021,221.18241373035644,472.7059375631313,249.9286973807547,0.19531714916229248,1.0,
2026-07-15T21:49:29.315,52.22247324907221,20260715_214837_front_fusion_ego_1533,speedsweep_slow,fusion_ego_1533,6339788,1,vehicle,0.6101852655410767,98.54851289387422,114.1811417644935,1.6545592457878477,108.24800326081157,7.890797138214111,2.807690382003784,3.581134080886841,21.608831585093103,225.73177083333334,216.66666666666669,192.1875884284576,192.5503710905711,259.2759532382091,240.78296224276227,0.5725357532501221,0.9997765421867371,
2026-07-15T21:49:29.315,52.22247324907221,20260715_214837_front_fusion_ego_1533,speedsweep_slow,fusion_ego_1533,6339788,2,person,0.17901863157749176,110.66485976813186,135.70922746231366,1.314367592746787,-113.61964871053983,0.7339242100715637,0.47170406579971313,2.0435712337493896,25.319897743245832,627.15625,225.55555555555557,622.1077341884375,214.16102919313644,632.2047658115625,236.9500819179747,0.99992835521698,0.9668642282485962,
2026-07-15T21:49:29.315,52.22247324907221,20260715_214837_front_fusion_ego_1533,speedsweep_slow,fusion_ego_1533,6339788,3,vehicle,0.15093597769737244,101.99545007696082,133.37714355290348,0.9268136120703638,77.8745613393864,3.947705030441284,1.6073089838027954,2.111665964126587,16.418996751472616,573.78125,234.44444444444446,549.1418258100748,213.95906415250568,598.4206741899252,254.92982473638324,0.1496294140815735,0.998441755771637,
2026-07-15T21:49:29.315,52.22247324907221,20260715_214837_front_fusion_ego_1533,speedsweep_slow,fusion_ego_1533,6339788,4,person,0.12048254907131195,101.88921472187897,134.5862676951122,0.9481724789859121,93.21105232198154,0.47227516770362854,0.4710361063480377,1.8219465017318726,16.492136705105395,600.46875,234.44444444444446,592.5883327182382,214.56110384729175,608.3491672817618,254.32778504159717,0.9995653033256531,0.8439887166023254,
2026-07-15T21:49:29.315,52.22247324907221,20260715_214837_front_fusion_ego_1533,speedsweep_slow,fusion_ego_1533,6339788,5,vehicle,0.09892044216394424,100.9735943145765,120.28896045733183,1.4854753909939387,36.12775723069894,6.365627288818359,2.3708906173706055,3.0511410236358643,18.98262033081816,369.17708333333337,217.7777777777778,342.48551432540023,197.95633541213144,395.8686523412665,237.59922014342416,5.9133381000719965e-05,0.9975951313972473,
2026-07-15T21:49:29.315,52.22247324907221,20260715_214837_front_fusion_ego_1533,speedsweep_slow,fusion_ego_1533,6339788,6,vehicle,0.0938212126493454,104.03968190665871,142.27281068732063,1.2128744929664452,-69.34216588959865,5.162777900695801,1.949074387550354,2.3495101928710938,21.256427276350916,778.3854166666667,216.66666666666669,738.5791773969929,190.8614359299342,818.1916559363406,242.47189740339917,0.322162002325058,0.9867205619812012,
2026-07-15T21:49:29.449,52.35642366798129,20260715_214837_front_fusion_ego_1533,speedsweep_slow,fusion_ego_1533,6339789,0,vehicle,0.7631136775016785,101.88735487445442,127.08536763997444,0.9144397167841931,-38.2234624584512,5.4989118576049805,2.040238857269287,2.0035407543182373,16.48817452985988,448.1276041666667,235.55555555555557,418.0347771967451,219.1347411606047,478.2204311365883,251.97636995050644,0.24124892055988312,1.0,
2026-07-15T21:49:29.449,52.35642366798129,20260715_214837_front_fusion_ego_1533,speedsweep_slow,fusion_ego_1533,6339789,1,vehicle,0.5781154036521912,98.15680984739288,114.75808146632752,1.6344498915153753,99.04599252794596,7.930857181549072,2.81994366645813,3.6010591983795166,20.596775868262768,225.73177083333334,216.66666666666669,190.96625295033058,190.81472436587018,260.49728871633613,242.5186089674632,0.581383466720581,0.9998037219047546,
2026-07-15T21:49:29.449,52.35642366798129,20260715_214837_front_fusion_ego_1533,speedsweep_slow,fusion_ego_1533,6339789,2,person,0.3158833980560303,109.45435302369975,136.3701208002536,1.1751774813717684,125.34593153144039,0.48820868134498596,0.44449934363365173,1.791167974472046,24.006934153708247,626.0442708333334,225.55555555555557,618.9684863494089,214.2608905169699,633.1200553172579,236.85022059414123,0.9996260404586792,0.8225988149642944,
2026-07-15T21:49:29.449,52.35642366798129,20260715_214837_front_fusion_ego_1533,speedsweep_slow,fusion_ego_1533,6339789,3,person,0.14686664938926697,101.9282463273033,133.2588707831004,0.9625305978866607,28.770203002833835,1.155137538909912,0.7131254076957703,1.574272871017456,16.07309418406412,555.9895833333334,234.44444444444446,547.9363103633126,219.92250081565646,564.0428563033541,248.96638807323245,0.9176729321479797,0.9410939812660217,
2026-07-15T21:49:29.449,52.35642366798129,20260715_214837_front_fusion_ego_1533,speedsweep_slow,fusion_ego_1533,6339789,4,person,0.12870654463768005,100.83877514412262,134.9955394673548,0.9235987434788493,96.89605586185485,0.4334266781806946,0.4797099828720093,1.8007351160049438,15.310337540718432,608.2526041666667,234.44444444444446,598.5667857217293,213.30545451905994,617.9384226116042,255.58343436982898,0.999777615070343,0.7297478914260864,
2026-07-15T21:49:29.582,52.4895511950599,20260715_214837_front_fusion_ego_1533,speedsweep_slow,fusion_ego_1533,6339790,0,vehicle,0.5855333805084229,99.65439749911283,126.68946387668406,0.8567080910846245,-16.654371244693667,5.13575553894043,1.938946008682251,1.835051417350769,14.110017974369079,448.1276041666667,235.55555555555557,420.1962221215169,219.22793540689682,476.0589862118165,251.88317570421432,0.17522671818733215,1.0,
2026-07-15T21:49:29.582,52.4895511950599,20260715_214837_front_fusion_ego_1533,speedsweep_slow,fusion_ego_1533,6339790,1,vehicle,0.42003631591796875,97.2053167497569,111.22902631552304,1.7220982007474466,126.87862673069898,7.306475639343262,2.68532133102417,3.2937164306640625,22.71423714188369,226.84375000000003,216.66666666666669,188.81139457970858,195.5440256992976,264.8761054202914,237.78930763403577,0.3363843262195587,0.9977157115936279,
2026-07-15T21:49:29.582,52.4895511950599,20260715_214837_front_fusion_ego_1533,speedsweep_slow,fusion_ego_1533,6339790,2,vehicle,0.24246381223201752,100.39394994423603,120.97669776040938,1.4969219105946099,-26.93127826698393,6.129771709442139,2.2527427673339844,2.8204574584960938,17.392225950525727,368.0651041666667,225.55555555555557,338.24787215391797,206.67270574304794,397.8823361794154,244.4384053680632,0.00028612290043383837,0.9997603297233582,
2026-07-15T21:49:29.582,52.4895511950599,20260715_214837_front_fusion_ego_1533,speedsweep_slow,fusion_ego_1533,6339790,3,person,0.15227840840816498,100.70770331155948,134.99374125662203,0.9690306284217289,83.28856977076589,0.43049055337905884,0.4210677146911621,1.889683723449707,14.940074631660218,626.0442708333334,234.44444444444446,616.6352371883889,211.42325189378528,635.4533044782778,257.46563699510364,0.9999986886978149,0.9969139099121094,
2026-07-15T21:49:29.709,52.6158542210469,20260715_214837_front_fusion_ego_1533,speedsweep_slow,fusion_ego_1533,6339791,0,vehicle,0.3842405676841736,99.51582067149894,117.59747330625646,1.7500960290950105,88.02272197600001,7.679315090179443,2.700512170791626,3.476548194885254,18.522083568504243,234.62760416666669,216.66666666666669,200.4392491305868,193.28615824381512,268.81595920274657,240.04717508951825,0.03540337085723877,0.9999483823776245,
2026-07-15T21:49:29.709,52.6158542210469,20260715_214837_front_fusion_ego_1533,speedsweep_slow,fusion_ego_1533,6339791,1,vehicle,0.37182682752609253,100.08328687213921,126.10248046572997,0.9105365411998245,-49.33103863508498,5.0816569328308105,1.894269585609436,1.8472635746002197,14.301145311343433,449.23958333333337,235.55555555555557,425.4067994033297,220.44204268190597,473.072367263337,250.66906842920517,0.09569688141345978,0.9999998807907104,
2026-07-15T21:49:29.709,52.6158542210469,20260715_214837_front_fusion_ego_1533,speedsweep_slow,fusion_ego_1533,6339791,2,person,0.20139744877815247,98.34992378287797,134.56243951154912,1.178762652999051,109.38074889073995,0.44564005732536316,0.40984269976615906,1.8052080869674683,12.292189130423896,636.0520833333334,234.44444444444446,623.5108163015296,208.2187005546358,648.5933503651371,260.6701883342531,0.9999414682388306,0.955912709236145,
2026-07-15T21:49:29.709,52.6158542210469,20260715_214837_front_fusion_ego_1533,speedsweep_slow,fusion_ego_1533,6339791,3,person,0.16819606721401215,106.326977430174,137.2028677297688,1.063573448360693,151.50736504814364,0.24443235993385315,0.32724741101264954,1.9820226430892944,20.694414266029327,652.7317708333334,225.55555555555557,644.8717558563998,205.55871460172867,660.591785810267,245.55239650938248,0.9999809265136719,0.7204011678695679,
2026-07-15T21:49:29.840,52.74700109299738,20260715_214837_front_fusion_ego_1533,speedsweep_slow,fusion_ego_1533,6339792,0,vehicle,0.6061820387840271,98.60597492044364,114.89159702471069,1.7444610217952317,64.53729252377168,7.557465553283691,2.715226650238037,3.518251657485962,19.546800138087303,234.62760416666669,216.66666666666669,202.37866747627658,191.61421219507855,266.8765408570568,241.71912113825482,0.09945079684257507,0.999925971031189,
2026-07-15T21:49:29.840,52.74700109299738,20260715_214837_front_fusion_ego_1533,speedsweep_slow,fusion_ego_1533,6339792,1,person,0.28379717469215393,102.90659112589313,135.9436842520086,1.223259334335408,-160.4950547408701,0.4955267906188965,0.3616507053375244,2.13663649559021,16.770019822853055,661.6276041666667,226.66666666666669,653.0620704578857,203.89450649420422,670.1931378754477,249.43882683912915,0.9997451901435852,0.8877226710319519,
2026-07-15T21:49:29.840,52.74700109299738,20260715_214837_front_fusion_ego_1533,speedsweep_slow,fusion_ego_1533,6339792,2,vehicle,0.21714681386947632,101.22246089900806,118.77965195849445,1.446347279186016,-41.5654055133739,6.721668243408203,2.3449854850769043,2.999225378036499,18.503446553931276,368.0651041666667,225.55555555555557,341.33417490373057,205.56693646642898,394.7960334296028,245.54417464468216,0.00015120564785320312,0.9999712705612183,
2026-07-15T21:49:29.840,52.74700109299738,20260715_214837_front_fusion_ego_1533,speedsweep_slow,fusion_ego_1533,6339792,3,vehicle,0.21610164642333984,103.37380493168591,126.83961027453212,0.9429734684477977,65.32200898496032,5.0818376541137695,1.8845876455307007,1.8452612161636353,16.809729075541455,457.02343750000006,235.55555555555557,434.2970260530711,219.40228078100418,479.74984894692903,251.70883033010696,0.9679825305938721,1.0,
2026-07-15T21:49:29.984,52.89072735304944,20260715_214837_front_fusion_ego_1533,speedsweep_slow,fusion_ego_1533,6339793,0,vehicle,0.8045021891593933,98.70637895092011,115.63338208937043,1.7346149036073524,91.04435559947149,7.727737903594971,2.8176114559173584,3.5778238773345947,18.516943933699373,234.62760416666669,216.66666666666669,199.50606876860064,188.71835986773175,269.74913956473273,244.61497346560162,0.40032079815864563,0.9999488592147827,
2026-07-15T21:49:29.984,52.89072735304944,20260715_214837_front_fusion_ego_1533,speedsweep_slow,fusion_ego_1533,6339793,1,vehicle,0.35656535625457764,100.84138082152532,118.9893432355028,1.6207606445296197,5.338725448453504,6.5440192222595215,2.398036241531372,3.0136921405792236,17.55618593438589,368.0651041666667,225.55555555555557,338.6635726938645,206.80946621629928,397.46663563946885,244.30164489481186,0.00022618190268985927,0.999983549118042,
2026-07-15T21:49:29.984,52.89072735304944,20260715_214837_front_fusion_ego_1533,speedsweep_slow,fusion_ego_1533,6339793,2,person,0.2564401924610138,105.83722048692852,134.11814195414132,0.9675838115154858,86.05693198105922,0.587391197681427,0.49938255548477173,1.7449889183044434,18.80076812380496,608.2526041666667,234.44444444444446,601.3380083894979,219.81359061267642,615.1671999438356,249.0752982762125,0.9990278482437134,0.8965146541595459,
2026-07-15T21:49:29.984,52.89072735304944,20260715_214837_front_fusion_ego_1533,speedsweep_slow,fusion_ego_1533,6339793,3,person,0.2009250670671463,101.70874244855162,135.08482811234708,1.1653189236541421,94.03750416937545,0.7202525734901428,0.44309738278388977,1.9446154832839966,15.054434879592716,671.6354166666667,226.66666666666669,661.2068523621808,200.50934592882794,682.0639809711527,252.82398740450543,0.9999122619628906,0.7030431032180786,
2026-07-15T21:49:29.984,52.89072735304944,20260715_214837_front_fusion_ego_1533,speedsweep_slow,fusion_ego_1533,6339793,4,vehicle,0.16110222041606903,101.40161289736731,124.4346372054665,0.8708354587333307,100.88657844783916,5.754269599914551,2.0168213844299316,2.0784192085266113,15.173373794808825,449.23958333333337,235.55555555555557,423.1554799874624,219.28738925192093,475.32368667920434,251.82372185919021,0.010656577534973621,1.0,
2026-07-15T21:49:30.119,53.026139514986426,20260715_214837_front_fusion_ego_1533,speedsweep_slow,fusion_ego_1533,6339794,0,vehicle,0.6673371195793152,98.88450097461934,116.34205568616579,1.804577944598941,79.91196873408843,7.495660781860352,2.7436153888702393,3.5234429836273193,17.513747756530034,234.62760416666669,216.66666666666669,200.37362961719435,189.89162782828015,268.881578716139,243.44170550505322,0.29737362265586853,0.9998764991760254,
2026-07-15T21:49:30.119,53.026139514986426,20260715_214837_front_fusion_ego_1533,speedsweep_slow,fusion_ego_1533,6339794,1,vehicle,0.22806298732757568,99.55025865452279,125.2479308180051,1.0992223542965416,11.696967700583208,5.0691328048706055,1.9433884620666504,1.7530808448791504,12.579077227487874,457.02343750000006,243.33333333333334,425.1069282591343,226.21159513791403,488.93994674086576,260.4550715287527,0.6842535138130188,0.9999946355819702,
2026-07-15T21:49:30.119,53.026139514986426,20260715_214837_front_fusion_ego_1533,speedsweep_slow,fusion_ego_1533,6339794,2,person,0.16457872092723846,109.55527699635385,135.18656843433143,1.2874133164055008,141.5960875793339,0.449550986289978,0.4870070815086365,1.8041887283325195,22.267646828252225,662.7395833333334,226.66666666666669,654.9979887356361,212.44899193445843,670.4811779310306,240.88434139887494,0.7935770750045776,0.10081212967634201,
2026-07-15T21:49:30.119,53.026139514986426,20260715_214837_front_fusion_ego_1533,speedsweep_slow,fusion_ego_1533,6339794,3,vehicle,0.13639268279075623,105.08392281455424,135.62992054335248,1.262141804174735,150.97108291102649,3.0590100288391113,1.320554256439209,2.0091464519500732,18.084626309761582,653.84375,234.44444444444446,626.4387175142765,210.30887093808917,681.2487824857235,258.58001795079974,0.5416738986968994,0.9969038367271423,
2026-07-15T21:49:30.119,53.026139514986426,20260715_214837_front_fusion_ego_1533,speedsweep_slow,fusion_ego_1533,6339794,4,person,0.09567081183195114,102.03388421824232,134.32408777367223,1.1113700565136702,83.1778440960115,0.7662551999092102,0.5296943187713623,1.8315225839614868,14.786212070637532,661.6276041666667,236.66666666666669,649.218845539416,210.46830276648205,674.0363627939175,262.8650305668513,0.9964166879653931,0.9122464656829834,
2026-07-15T21:49:30.245,53.15214550902601,20260715_214837_front_fusion_ego_1533,speedsweep_slow,fusion_ego_1533,6339795,0,vehicle,0.6349302530288696,98.58458950468574,115.29108502109139,1.8062739209531464,106.29549039778969,7.485100269317627,2.73116135597229,3.4790854454040527,17.555931323240134,234.62760416666669,216.66666666666669,201.5505241478483,188.40336481730145,267.70468418548506,244.92996851603192,0.11099585145711899,0.9999581575393677,
2026-07-15T21:49:30.245,53.15214550902601,20260715_214837_front_fusion_ego_1533,speedsweep_slow,fusion_ego_1533,6339795,1,vehicle,0.4577310383319855,101.42804105610827,124.24867505899778,1.0765981891191954,1.9954707539079384,5.55575704574585,2.0590624809265137,1.9259151220321655,14.07019141080759,458.1354166666667,243.33333333333334,424.9406885529558,227.96934505303702,491.33014478037757,258.6973216136297,0.05385013297200203,0.9999990463256836,
2026-07-15T21:49:30.245,53.15214550902601,20260715_214837_front_fusion_ego_1533,speedsweep_slow,fusion_ego_1533,6339795,2,person,0.190957173705101,98.29997138566597,132.43852944505187,1.1453016847871311,136.77970655685343,0.6647793650627136,0.43723437190055847,1.83146071434021,10.279128889138734,688.3151041666667,234.44444444444446,674.9675348984699,206.48624744680194,701.6626734348636,262.402641442087,0.9999499320983887,0.9892687201499939,
2026-07-15T21:49:30.245,53.15214550902601,20260715_214837_front_fusion_ego_1533,speedsweep_slow,fusion_ego_1533,6339795,3,vehicle,0.13506749272346497,101.8846209629222,117.7930712599196,1.585100127922546,-65.29862904054639,5.958058834075928,2.2690882682800293,2.760064125061035,17.90808419473626,368.0651041666667,234.44444444444446,335.7885147656004,214.67154290941028,400.341693567733,254.21734597947864,0.008803204633295536,0.9981800317764282,
2026-07-15T21:49:30.370,53.27677421004046,20260715_214837_front_fusion_ego_1533,speedsweep_slow,fusion_ego_1533,6339796,0,vehicle,0.41067084670066833,97.82426316391974,112.73097424948662,1.6724533256001561,110.64707971280187,7.356886863708496,2.6693708896636963,3.41355299949646,18.703912999353424,235.73958333333334,216.66666666666669,200.50699169685444,190.33430854479474,270.9721749698123,242.99902478853863,0.12426500767469406,0.9999756813049316,
2026-07-15T21:49:30.370,53.27677421004046,20260715_214837_front_fusion_ego_1533,speedsweep_slow,fusion_ego_1533,6339796,1,vehicle,0.3722407817840576,99.68081195183171,124.13366859352153,1.0062682110790409,-63.14501256043983,5.534582614898682,2.1013336181640625,1.928246259689331,11.887169855118973,465.91927083333337,243.33333333333334,432.43909815450513,223.71177097161612,499.3994435121616,262.9548956950506,0.4817197620868683,0.9999938011169434,
2026-07-15T21:49:30.370,53.27677421004046,20260715_214837_front_fusion_ego_1533,speedsweep_slow,fusion_ego_1533,6339796,2,vehicle,0.255182147026062,102.71146000624384,116.28999113756029,1.5937705993869975,-75.11832600716595,7.131781578063965,2.5728800296783447,3.176273822784424,18.871930335555565,369.17708333333337,226.66666666666669,340.59274799873435,207.5108752648036,397.7614186679324,245.82245806852978,0.003083189483731985,0.9999775886535645,
2026-07-15T21:49:30.370,53.27677421004046,20260715_214837_front_fusion_ego_1533,speedsweep_slow,fusion_ego_1533,6339796,3,person,0.1301736980676651,97.105718737113,132.282447035181,0.992496000700283,-173.98491042441708,0.8834643363952637,0.5425785779953003,1.7477526664733887,8.755719444932492,725.0104166666667,235.55555555555557,708.1062051902215,206.48051533434128,741.9146281431119,264.63059577676984,0.9989984631538391,0.6949242353439331,
2026-07-15T21:49:30.503,53.41012544406112,20260715_214837_front_fusion_ego_1533,speedsweep_slow,fusion_ego_1533,6339797,0,vehicle,0.3211139738559723,102.99150998261317,119.23710117073924,1.949220426790812,91.23886286222863,8.65680980682373,2.9956655502319336,3.8065261840820312,16.62711909741456,243.52343750000003,216.66666666666669,208.16665045171976,189.92699722448987,278.88022454828024,243.4063361088435,0.9859498143196106,0.999930739402771,
2026-07-15T21:49:30.503,53.41012544406112,20260715_214837_front_fusion_ego_1533,speedsweep_slow,fusion_ego_1533,6339797,1,vehicle,0.2948705554008484,103.5260940624017,123.02154168796366,0.8382615972920753,-25.699252269151323,5.263854026794434,1.9392975568771362,2.064168930053711,15.281372616934826,467.03125000000006,235.55555555555557,441.63793312758213,219.08345732423996,492.424566872418,252.02765378687118,0.0976899042725563,1.0,
2026-07-15T21:49:30.503,53.41012544406112,20260715_214837_front_fusion_ego_1533,speedsweep_slow,fusion_ego_1533,6339797,2,vehicle,0.1372871845960617,101.76825604913105,115.57603319918685,1.3244995128017198,16.57317740967618,6.463838577270508,2.3550729751586914,3.234330415725708,18.108166440347073,378.0729166666667,216.66666666666669,351.32420020798844,194.41821853319806,404.82163312534493,238.9151148001353,0.00015895070100668818,0.9996752738952637,
2026-07-15T21:49:30.503,53.41012544406112,20260715_214837_front_fusion_ego_1533,speedsweep_slow,fusion_ego_1533,6339797,3,person,0.1152724176645279,98.09495541758585,132.85976632310792,1.0762584566424158,105.65349510901014,0.6246065497398376,0.5632061958312988,1.5086079835891724,9.614661299753742,769.4895833333334,243.33333333333334,745.6621584681174,216.72351141770682,793.3170081985494,269.9431552489599,0.9953408241271973,0.5047280192375183,
2026-07-15T21:49:30.628,53.535524192033336,20260715_214837_front_fusion_ego_1533,speedsweep_slow,fusion_ego_1533,6339798,0,vehicle,0.3266073167324066,100.72452706103647,118.08691487236977,1.7065187289249653,-113.9133916291224,8.020362854003906,2.8118069171905518,3.891094923019409,15.066451299554101,235.73958333333334,208.88888888888889,206.06400942554077,176.51150756412082,265.41515724112594,241.26627021365695,0.9239499568939209,0.9999992847442627,
2026-07-15T21:49:30.628,53.535524192033336,20260715_214837_front_fusion_ego_1533,speedsweep_slow,fusion_ego_1533,6339798,1,vehicle,0.18742750585079193,102.41850780312427,122.39852711897416,0.7769898903167882,13.143782558677952,5.574460029602051,2.0442662239074707,2.047686815261841,14.018592571898388,467.03125000000006,235.55555555555557,438.5219606608153,218.37113234731888,495.5405393391848,252.73997876379227,0.016431977972388268,0.9999998807907104,
2026-07-15T21:49:30.628,53.535524192033336,20260715_214837_front_fusion_ego_1533,speedsweep_slow,fusion_ego_1533,6339798,2,vehicle,0.18339969217777252,102.47590795576116,115.07756493441023,1.2677207039635694,33.94294189164305,6.285831928253174,2.3257334232330322,3.0421395301818848,18.4343033136211,378.0729166666667,216.66666666666669,352.46668155739707,195.19503990809125,403.6791517759363,238.13829342524213,0.00017906278662849218,0.9996510744094849,
2026-07-15T21:49:30.628,53.535524192033336,20260715_214837_front_fusion_ego_1533,speedsweep_slow,fusion_ego_1533,6339798,3,person,0.12079272419214249,99.5883474692955,132.08502119602582,1.0299451697107171,-115.91911507914567,0.6447067260742188,0.5382234454154968,1.6990504264831543,10.451512728417942,732.7942708333334,234.44444444444446,716.6353193161389,207.59644058015613,748.9532223505279,261.2924483087328,0.9994624257087708,0.9910914301872253,
2026-07-15T21:49:30.755,53.66131420398597,20260715_214837_front_fusion_ego_1533,speedsweep_slow,fusion_ego_1533,6339799,0,vehicle,0.6098694801330566,101.14437839875987,119.24096486045775,1.8372793485592485,-94.16623871053328,8.197092056274414,2.9576268196105957,3.8444178104400635,14.171862725207506,235.73958333333334,208.88888888888889,201.0112941687306,170.39900713496738,270.4678724979361,247.3787706428104,0.203624427318573,0.9999994039535522,
2026-07-15T21:49:30.755,53.66131420398597,20260715_214837_front_fusion_ego_1533,speedsweep_slow,fusion_ego_1533,6339799,1,vehicle,0.2781813144683838,102.15392519636134,122.37837357867488,0.7108665378408343,3.4355576002366157,4.935058116912842,1.7986825704574585,1.9116307497024536,13.356383822554527,474.8151041666667,235.55555555555557,450.03536760310334,218.91252371999954,499.59484073023003,252.1985873911116,0.06372194737195969,1.0,
2026-07-15T21:49:30.755,53.66131420398597,20260715_214837_front_fusion_ego_1533,speedsweep_slow,fusion_ego_1533,6339799,2,vehicle,0.2698066532611847,101.53998134847092,115.98197814512409,1.28654260835936,19.19268244843097,6.875992298126221,2.5032448768615723,3.336176633834839,16.68663511264992,376.9609375,216.66666666666669,348.6110266521573,192.32872049013775,405.3108483478427,241.00461284319562,0.00023051859170664102,0.9997400641441345,
2026-07-15T21:49:30.755,53.66131420398597,20260715_214837_front_fusion_ego_1533,speedsweep_slow,fusion_ego_1533,6339799,3,person,0.20345288515090942,99.5748674459319,131.54936125437175,0.9841780892446588,139.51859885690945,0.6027148365974426,0.4770466089248657,1.7074204683303833,10.031634664257735,742.8020833333334,234.44444444444446,727.7787986112138,206.63740244176654,757.8253680554529,262.2514864471224,0.9989925026893616,0.8171296715736389,
2026-07-15T21:49:30.875,53.78248577006161,20260715_214837_front_fusion_ego_1533,speedsweep_slow,fusion_ego_1533,6339800,0,vehicle,0.6158084273338318,100.28894184162093,117.15350345979843,1.8986058828502768,-88.29957839690688,8.24351978302002,2.8908681869506836,4.072780132293701,14.601823809699958,235.73958333333334,208.88888888888889,206.112293501695,168.75953012042575,265.3668731649717,249.01824765735205,0.2385648787021637,0.9999998807907104,
2026-07-15T21:49:30.875,53.78248577006161,20260715_214837_front_fusion_ego_1533,speedsweep_slow,fusion_ego_1533,6339800,1,vehicle,0.4228958189487457,101.48387494868955,122.89785583323855,0.8331128266367323,-68.52006649282691,5.756285667419434,2.170018196105957,1.9383271932601929,12.164992787305005,475.92708333333337,243.33333333333334,437.86389062305295,223.67809851964316,513.9902760436138,262.98856814702356,0.26111114025115967,0.9999697208404541,
2026-07-15T21:49:30.875,53.78248577006161,20260715_214837_front_fusion_ego_1533,speedsweep_slow,fusion_ego_1533,6339800,2,person,0.1270822286605835,99.2132419602507,131.00763583063124,0.905758317415799,145.50565390114264,0.5077430009841919,0.477746844291687,1.5977563858032227,9.345774032500149,786.1692708333334,234.44444444444446,766.4685692315301,208.81145980623035,805.8699724351367,260.07742908265857,0.9998922348022461,0.838421106338501,
2026-07-15T21:49:30.875,53.78248577006161,20260715_214837_front_fusion_ego_1533,speedsweep_slow,fusion_ego_1533,6339800,3,vehicle,0.12158212065696716,101.67948045058051,115.51664065929029,1.487808616895441,-95.95828958828542,6.6142578125,2.4656951427459717,3.0767006874084473,16.742714039159168,369.17708333333337,225.55555555555557,336.1767481764158,203.16340002748703,402.17741849025094,247.9477110836241,0.0020237956196069717,0.999846339225769,
2026-07-15T21:49:31.009,53.91636675002519,20260715_214837_front_fusion_ego_1533,speedsweep_slow,fusion_ego_1533,6339801,0,vehicle,0.8484473824501038,101.57598059897143,118.94847331774102,1.9172083082955862,-90.93230150493754,8.570023536682129,3.0316548347473145,4.024710178375244,14.006231891950442,235.73958333333334,208.88888888888889,204.6165751790007,169.00695496135287,266.862591487666,248.7708228164249,0.45942923426628113,1.0,
2026-07-15T21:49:31.009,53.91636675002519,20260715_214837_front_fusion_ego_1533,speedsweep_slow,fusion_ego_1533,6339801,1,vehicle,0.5993238687515259,101.73048433992587,121.55494203387468,0.7856582415643256,-60.909206395461496,5.84494686126709,2.1361136436462402,2.042902708053589,12.694681436139028,475.92708333333337,243.33333333333334,438.5856925447782,224.3618937333425,513.2684741218885,262.3047729333242,0.08854680508375168,0.9999979734420776,
2026-07-15T21:49:31.009,53.91636675002519,20260715_214837_front_fusion_ego_1533,speedsweep_slow,fusion_ego_1533,6339801,2,person,0.21620792150497437,101.993697041182,132.48807599832188,0.8374272010785342,171.0518409907604,0.5381256341934204,0.504767119884491,1.5343852043151855,12.346556225626749,805.0729166666667,235.55555555555557,784.0970805572967,210.13227495882248,826.0487527760367,260.97883615228864,0.9983526468276978,0.971883237361908,
2026-07-15T21:49:31.131,54.03849916206673,20260715_214837_front_fusion_ego_1533,speedsweep_slow,fusion_ego_1533,6339802,0,vehicle,0.8239946365356445,100.72076394374136,116.33965646965036,1.9222834662637798,-78.30876971021735,8.63497543334961,3.1056628227233887,3.996203660964966,14.94544593447309,234.62760416666669,208.88888888888889,197.90048086891574,168.74626927905612,271.35472746441764,249.03150849872168,0.5280939340591431,1.0,
2026-07-15T21:49:31.131,54.03849916206673,20260715_214837_front_fusion_ego_1533,speedsweep_slow,fusion_ego_1533,6339802,1,vehicle,0.4710741639137268,102.83929062332217,122.17706235840727,0.9101496974751302,-72.20437740087131,5.968371391296387,2.2009334564208984,2.131439447402954,13.173568336889147,475.92708333333337,243.33333333333334,436.90847865243757,224.1420849164327,514.9456880142292,262.524581750234,0.19576692581176758,0.999985933303833,
2026-07-15T21:49:31.131,54.03849916206673,20260715_214837_front_fusion_ego_1533,speedsweep_slow,fusion_ego_1533,6339802,2,vehicle,0.14015290141105652,98.82407051290681,130.18706915268268,0.7823622345449017,-92.92899871039089,5.381802082061768,1.8474280834197998,1.5667475461959839,8.473792617147366,813.96875,296.6666666666667,781.5808275789022,212.09179560343426,846.3566724210978,381.2415377298991,0.006469236686825752,0.4597521722316742,
2026-07-15T21:49:31.131,54.03849916206673,20260715_214837_front_fusion_ego_1533,speedsweep_slow,fusion_ego_1533,6339802,3,person,0.12888620793819427,105.72401370912901,134.33753281892055,0.98836068879983,-138.80240949603547,0.862025260925293,0.6009945869445801,1.5471500158309937,16.403424111059365,830.6484375,235.55555555555557,810.7534256577492,216.5788856479857,850.5434493422508,254.53222546312546,0.9883469939231873,0.960761547088623,
2026-07-15T21:49:31.131,54.03849916206673,20260715_214837_front_fusion_ego_1533,speedsweep_slow,fusion_ego_1533,6339802,4,vehicle,0.10883492976427078,101.11764160162436,115.8296775861841,1.5409518854557902,34.66671091298484,6.696561813354492,2.443425178527832,3.292466640472412,15.58452106705514,376.9609375,217.7777777777778,343.6529420763254,191.11846552954782,410.2689329236746,244.43709002600778,3.785439912462607e-05,0.999826967716217,
2026-07-15T21:49:31.267,54.1745700200554,20260715_214837_front_fusion_ego_1533,speedsweep_slow,fusion_ego_1533,6339803,0,vehicle,0.9175171852111816,99.68207979831958,115.1134574116667,1.9147446680591265,-84.06238977398795,8.64831829071045,3.0976390838623047,4.061984062194824,15.088206281246345,234.62760416666669,208.88888888888889,197.40266208599013,165.59323602252536,271.85254624734324,252.18454175525244,0.4308992624282837,1.0,
2026-07-15T21:49:31.267,54.1745700200554,20260715_214837_front_fusion_ego_1533,speedsweep_slow,fusion_ego_1533,6339803,1,vehicle,0.4404180347919464,101.68693612682667,122.33418290118672,0.899684846061712,-49.32513180501722,5.5442728996276855,2.10038685798645,2.066964626312256,11.898975947162175,475.92708333333337,243.33333333333334,439.94376768668496,222.72493978341421,511.9103989799818,263.9417268832525,0.34397733211517334,0.9999709129333496,
2026-07-15T21:49:31.267,54.1745700200554,20260715_214837_front_fusion_ego_1533,speedsweep_slow,fusion_ego_1533,6339803,2,person,0.06043800711631775,114.03890987113994,134.16566489359843,1.1611497827874642,166.56525861052322,1.663917064666748,0.8690325617790222,1.874706506729126,24.072480202571427,787.28125,217.7777777777778,774.4473436716944,202.07458125220407,800.1151563283056,233.48097430335153,0.7241834402084351,0.46755051612854004,
2026-07-15T21:49:31.267,54.1745700200554,20260715_214837_front_fusion_ego_1533,speedsweep_slow,fusion_ego_1533,6339803,3,vehicle,0.05042567849159241,109.09290729808875,133.89362700938247,1.2537355398975887,43.805974416549745,4.860790729522705,1.9551080465316772,2.5526745319366455,19.28151772103189,839.5442708333334,234.44444444444446,815.2961251822611,200.30672219064502,863.7924164844056,268.5821666982439,0.8840999007225037,0.9387021064758301,
2026-07-15T21:49:31.394,54.30081628705375,20260715_214837_front_fusion_ego_1533,speedsweep_slow,fusion_ego_1533,6339804,0,vehicle,0.5739811062812805,99.0935329901651,115.71095028301585,1.861082990098807,-74.11638495720557,7.767356872558594,2.7935447692871094,3.794011354446411,14.116346784002518,234.62760416666669,208.88888888888889,201.33280518154305,164.90321450763278,267.9224031517903,252.87456327014502,0.20695634186267853,1.0,
2026-07-15T21:49:31.394,54.30081628705375,20260715_214837_front_fusion_ego_1533,speedsweep_slow,fusion_ego_1533,6339804,1,vehicle,0.5366093516349792,100.82103026415852,122.12623967846957,1.0064563428906403,-47.85874507521766,5.849025726318359,2.147947072982788,2.100008964538574,11.073662942489703,474.8151041666667,243.33333333333334,434.2222229043643,218.64123543103537,515.4079854289691,268.02543123563134,0.5192092657089233,0.999997615814209,
2026-07-15T21:49:31.394,54.30081628705375,20260715_214837_front_fusion_ego_1533,speedsweep_slow,fusion_ego_1533,6339804,2,vehicle,0.14076925814151764,102.5734324274255,117.02989343416499,1.363085443121787,-102.04381012589688,5.425689697265625,2.105485200881958,2.5444633960723877,15.442193252691418,376.9609375,234.44444444444446,344.0678345412016,213.89319088723926,409.8540404587984,254.99569800164966,0.017358608543872833,0.9995922446250916,
2026-07-15T21:49:31.394,54.30081628705375,20260715_214837_front_fusion_ego_1533,speedsweep_slow,fusion_ego_1533,6339804,3,person,0.12936313450336456,105.05143844370131,133.01460098553895,0.8562887281399334,176.2817271308815,1.481406331062317,0.7642693519592285,1.769486665725708,15.14086163411406,840.65625,244.44444444444446,826.5607134029269,218.61969437864093,854.7517865970732,270.269194510248,0.9885975122451782,0.9871610999107361,
2026-07-15T21:49:31.518,54.42563288798556,20260715_214837_front_fusion_ego_1533,speedsweep_slow,fusion_ego_1533,6339805,0,vehicle,0.7927674055099487,97.27852423321362,109.05496231547488,2.2828808177858275,-28.704919257583555,9.222140312194824,3.2526957988739014,4.3896331787109375,19.142946224999278,226.84375000000003,216.66666666666669,176.67302534729242,168.36408416430157,277.0144746527076,264.9692491690318,0.9075109362602234,0.9999986886978149,
2026-07-15T21:49:31.518,54.42563288798556,20260715_214837_front_fusion_ego_1533,speedsweep_slow,fusion_ego_1533,6339805,1,vehicle,0.26405420899391174,102.47413366991232,120.1561689925268,1.0182488253401996,90.25152901974019,5.358390808105469,1.9515206813812256,2.09206223487854,13.317936460660542,467.03125000000006,243.33333333333334,429.3692061156035,224.87477858861288,504.6932938843966,261.79188807805383,0.024525808170437813,0.9999833106994629,
2026-07-15T21:49:31.518,54.42563288798556,20260715_214837_front_fusion_ego_1533,speedsweep_slow,fusion_ego_1533,6339805,2,vehicle,0.0938185602426529,102.43754474752247,115.4247826559774,1.77181887946529,-39.39781927723224,7.537405014038086,2.652219295501709,3.509326219558716,16.28538669641297,369.17708333333337,225.55555555555557,341.537085523208,200.1086625787947,396.8170811434587,251.00244853231644,0.001185743953101337,0.999956488609314,
2026-07-15T21:49:31.651,54.55795220006257,20260715_214837_front_fusion_ego_1533,speedsweep_slow,fusion_ego_1533,6339806,0,vehicle,0.8963068127632141,97.33581178920173,114.94165269603798,2.0952034014082113,-81.28138142875457,8.547065734863281,2.9812405109405518,4.028094291687012,13.54646855401783,226.84375000000003,208.88888888888889,187.82167123258114,152.10063033633762,265.86582876741886,265.6771474414402,0.9353883862495422,1.0,
2026-07-15T21:49:31.651,54.55795220006257,20260715_214837_front_fusion_ego_1533,speedsweep_slow,fusion_ego_1533,6339806,1,vehicle,0.5149661302566528,101.67075765320736,120.14906048440854,0.9789752229291477,62.2530163262531,5.2914886474609375,1.9844779968261719,2.0453286170959473,12.470559880525823,467.03125000000006,243.33333333333334,427.7282887920738,224.11182602246603,506.33421120792633,262.5548406442007,0.04939477890729904,0.9999959468841553,
2026-07-15T21:49:31.651,54.55795220006257,20260715_214837_front_fusion_ego_1533,speedsweep_slow,fusion_ego_1533,6339806,2,vehicle,0.13759702444076538,102.98083753651886,113.80984690930056,1.790333412281685,-2.0985998335668103,7.157776832580566,2.6108205318450928,3.4569153785705566,17.66181226769076,369.17708333333337,217.7777777777778,341.1954161127409,194.0364138947593,397.15875055392587,241.5191416607963,0.00024314963957294822,0.9999363422393799,
2026-07-15T21:49:31.813,54.720318651990965,20260715_214837_front_fusion_ego_1533,speedsweep_slow,fusion_ego_1533,6339807,0,vehicle,0.8976374864578247,96.21074178232061,113.93819350664532,2.0487627030713043,-79.29756908651602,8.305768013000488,2.931220531463623,3.9229941368103027,13.862036260508223,225.73177083333334,208.88888888888889,180.01762155195078,153.77052360110812,271.44592011471593,264.0072541766697,0.9982774257659912,1.0,
2026-07-15T21:49:31.813,54.720318651990965,20260715_214837_front_fusion_ego_1533,speedsweep_slow,fusion_ego_1533,6339807,1,vehicle,0.6635413765907288,101.35578206684009,120.29883187807177,0.97635137848971,100.53227616185077,5.66876220703125,2.081493377685547,2.0167510509490967,11.956059509129403,467.03125000000006,243.33333333333334,429.9848034307361,224.17291780312857,504.077696569264,262.49374886353814,0.061149902641773224,0.9999988079071045,
2026-07-15T21:49:31.813,54.720318651990965,20260715_214837_front_fusion_ego_1533,speedsweep_slow,fusion_ego_1533,6339807,2,vehicle,0.09218677878379822,103.25096653655211,114.86260760479571,1.8789098483117659,15.030415063589809,7.201078414916992,2.52638578414917,3.5355396270751953,16.903943656145707,376.9609375,225.55555555555557,353.2397935949266,202.15922925207352,400.6820814050734,248.95188185903763,0.00032542963162995875,0.9999266862869263,
2026-07-15T21:49:31.943,54.85017228801735,20260715_214837_front_fusion_ego_1533,speedsweep_slow,fusion_ego_1533,6339808,0,vehicle,0.806951642036438,96.04908209996249,113.77117020063086,2.1754675189731096,130.3839723232328,8.663494110107422,3.069493293762207,4.056745529174805,13.794964241158299,217.94791666666669,208.88888888888889,169.22942380855483,151.09025292926364,266.66640952477854,266.68752484851416,0.9783294796943665,1.0,
2026-07-15T21:49:31.943,54.85017228801735,20260715_214837_front_fusion_ego_1533,speedsweep_slow,fusion_ego_1533,6339808,1,vehicle,0.5906949639320374,101.01791316772692,120.481644467028,0.9739548115602465,79.59630477134357,5.21044921875,1.962515950202942,1.8872947692871094,11.381071874151125,467.03125000000006,243.33333333333334,431.24253728240734,223.37383409341177,502.8199627175928,263.29283257325494,0.0555373840034008,0.9999994039535522,
2026-07-15T21:49:31.943,54.85017228801735,20260715_214837_front_fusion_ego_1533,speedsweep_slow,fusion_ego_1533,6339808,2,vehicle,0.3314981460571289,102.9502471741852,113.66555391831278,1.6449166909715573,-42.840534174128294,7.247395992279053,2.5965781211853027,3.297788143157959,17.381384413339603,368.0651041666667,225.55555555555557,340.0027853275339,201.0348615381453,396.12742300579947,250.07624957296585,0.0008661930332891643,0.9999884366989136,
2026-07-15T21:49:32.071,54.97855390503537,20260715_214837_front_fusion_ego_1533,speedsweep_slow,fusion_ego_1533,6339809,0,vehicle,0.9708327054977417,95.61059076295999,111.84413596801483,1.8812445770029855,-66.41200776398193,8.177233695983887,2.9069857597351074,3.7946414947509766,15.329780050940409,216.83593750000003,208.88888888888889,171.38485164940357,148.8381486468845,262.2870233505964,268.9396291308933,0.999541163444519,1.0,
2026-07-15T21:49:32.071,54.97855390503537,20260715_214837_front_fusion_ego_1533,speedsweep_slow,fusion_ego_1533,6339809,1,vehicle,0.6081972718238831,101.32565352671756,120.21251310222375,0.8958043495769958,60.6313671816004,5.407092571258545,2.0414252281188965,1.7760921716690063,11.595685155900398,465.91927083333337,243.33333333333334,427.74230178942287,223.6377133925756,504.0962398772439,263.0289532740911,0.008628464303910732,0.9999991655349731,
2026-07-15T21:49:32.071,54.97855390503537,20260715_214837_front_fusion_ego_1533,speedsweep_slow,fusion_ego_1533,6339809,2,vehicle,0.3584403991699219,102.92180856534463,113.21713985467733,1.7296371684570486,-49.88627508842556,7.161928176879883,2.5965981483459473,3.4235806465148926,17.509035516216315,369.17708333333337,225.55555555555557,343.11866818492615,202.046753499243,395.2354984817406,249.06435761186813,0.0006136078736744821,0.9999954700469971,
2026-07-15T21:49:32.071,54.97855390503537,20260715_214837_front_fusion_ego_1533,speedsweep_slow,fusion_ego_1533,6339809,3,person,0.18274593353271484,115.47801491822337,124.87178624997686,1.184390653882312,-73.84778222459667,0.6973752379417419,0.42355528473854065,1.8742592334747314,23.83624805997357,573.78125,226.66666666666669,567.866259389557,214.0547991792361,579.696240610443,239.27853415409726,0.9996875524520874,0.9437288045883179,
2026-07-15T21:49:32.207,55.11402518302202,20260715_214837_front_fusion_ego_1533,speedsweep_slow,fusion_ego_1533,6339810,0,vehicle,0.8349849581718445,96.14542487202051,111.82368360432575,1.839898339118725,-63.135639416083876,8.038127899169922,2.7390899658203125,3.80189847946167,15.330418776542167,216.83593750000003,208.88888888888889,180.30183279514313,158.62520032458835,253.3700422048569,259.15257745318945,0.9996405839920044,1.0,
2026-07-15T21:49:32.207,55.11402518302202,20260715_214837_front_fusion_ego_1533,speedsweep_slow,fusion_ego_1533,6339810,1,vehicle,0.36899569630622864,100.48319953590592,120.25485055924102,1.0039173098763388,74.0801805172592,5.544991493225098,2.094472646713257,1.8908218145370483,10.69138176731712,465.91927083333337,243.33333333333334,427.9642901917299,221.65414651234946,503.87425147493684,265.01252015431726,0.06710562855005264,0.9999978542327881,
2026-07-15T21:49:32.207,55.11402518302202,20260715_214837_front_fusion_ego_1533,speedsweep_slow,fusion_ego_1533,6339810,2,vehicle,0.190978541970253,102.58053474333379,114.32791254433369,1.720968621114824,-25.234481009497625,7.117758274078369,2.570136547088623,3.3915247917175293,16.256794055505793,368.0651041666667,225.55555555555557,342.4026951144139,202.069747183058,393.72751321891946,249.04136392805313,0.0009279674268327653,0.9999605417251587,
2026-07-15T21:49:32.349,55.255909397033975,20260715_214837_front_fusion_ego_1533,speedsweep_slow,fusion_ego_1533,6339811,0,vehicle,0.9107078909873962,96.50032350026738,112.8930017668193,1.8222178424835942,-56.206760084793395,7.776447296142578,2.7704429626464844,3.690091609954834,14.229215008464838,207.94010416666669,208.88888888888889,151.89442242185277,151.42493539386325,263.9857859114806,266.35284238391455,0.8663538694381714,1.0,
2026-07-15T21:49:32.349,55.255909397033975,20260715_214837_front_fusion_ego_1533,speedsweep_slow,fusion_ego_1533,6339811,1,vehicle,0.3974127769470215,101.62191683976162,118.99135891665672,1.1214715294638329,65.18156475059916,5.154783725738525,1.9721959829330444,1.9538482427597046,12.144216226018134,465.91927083333337,243.33333333333334,433.51791336884105,224.74950512250265,498.3206282978257,261.91716154416406,0.04560131952166557,0.9999959468841553,
2026-07-15T21:49:32.349,55.255909397033975,20260715_214837_front_fusion_ego_1533,speedsweep_slow,fusion_ego_1533,6339811,2,vehicle,0.28857603669166565,104.47943950622795,113.06507541796533,1.8900080948369113,-14.459821297730587,7.774226665496826,2.7844350337982178,3.690751552581787,18.259233335788647,369.17708333333337,225.55555555555557,344.594144863387,201.21377382013534,393.76002180327976,249.8973372909758,0.0031982120126485825,0.9999837875366211,
2026-07-15T21:49:32.349,55.255909397033975,20260715_214837_front_fusion_ego_1533,speedsweep_slow,fusion_ego_1533,6339811,3,person,0.12781895697116852,109.54293098645584,129.7618431437743,1.1427989778598748,162.79585479386475,0.4182744324207306,0.4342438280582428,1.6611926555633545,17.8695337534327,706.1067708333334,234.44444444444446,694.941813920935,215.97191360261706,717.2717277457317,252.91697528627185,0.992725133895874,0.8651159405708313,
2026-07-15T21:49:32.480,55.38740460400004,20260715_214837_front_fusion_ego_1533,speedsweep_slow,fusion_ego_1533,6339812,0,vehicle,0.8500016927719116,96.97384039568323,112.6596903957373,1.8193448992632473,-38.62471271212155,8.14040756225586,2.81105637550354,3.7416625022888184,14.407808950844293,207.94010416666669,208.88888888888889,157.27458305905265,159.0394549899631,258.6056252742807,258.7383227878147,0.7737899422645569,1.0,
2026-07-15T21:49:32.480,55.38740460400004,20260715_214837_front_fusion_ego_1533,speedsweep_slow,fusion_ego_1533,6339812,1,vehicle,0.4365478754043579,101.79233910924506,119.65080442950301,0.9708324012367955,71.85087462762775,5.2069807052612305,2.028503656387329,1.8199902772903442,11.691893886100575,465.91927083333337,243.33333333333334,430.35623375823104,225.28642257054648,501.4823079084357,261.38024409612024,0.1103149801492691,0.9999878406524658,
2026-07-15T21:49:32.480,55.38740460400004,20260715_214837_front_fusion_ego_1533,speedsweep_slow,fusion_ego_1533,6339812,2,person,0.4149133265018463,108.48965446723454,125.74574100353249,0.926401608414277,84.08029483631218,0.5015866756439209,0.42352914810180664,1.7934261560440063,16.364235342783267,590.4609375,234.44444444444446,582.6016065236181,215.4275342490938,598.3202684763819,253.4613546397951,0.999994158744812,0.9974929094314575,
2026-07-15T21:49:32.480,55.38740460400004,20260715_214837_front_fusion_ego_1533,speedsweep_slow,fusion_ego_1533,6339812,3,vehicle,0.20864072442054749,103.7504969199309,112.77168334951381,1.7561686591583425,-0.21762045019288515,7.246493816375732,2.6038219928741455,3.4664523601531982,17.773944994875734,369.17708333333337,225.55555555555557,345.38772071277106,201.43042657110428,392.9664459538957,249.68068454000687,0.0018379810499027371,0.9999308586120605,
2026-07-15T21:49:32.619,55.52468154707458,20260715_214837_front_fusion_ego_1533,speedsweep_slow,fusion_ego_1533,6339813,0,vehicle,0.9352167248725891,96.84336880930438,113.99971202997094,1.9244840966444072,-42.63396228528556,8.193737983703613,2.890185832977295,3.749098300933838,12.918391976419038,200.15625,208.88888888888889,135.35798266530037,147.8169780307346,264.95451733469963,269.9607997470432,0.15094518661499023,1.0,
2026-07-15T21:49:32.619,55.52468154707458,20260715_214837_front_fusion_ego_1533,speedsweep_slow,fusion_ego_1533,6339813,1,vehicle,0.3211514353752136,102.01487011639679,119.34152593560377,1.021185845713376,43.90015552895291,5.259596824645996,2.009629487991333,1.7963058948516846,11.849518313320814,465.91927083333337,243.33333333333334,429.2599113111695,224.9084331591924,502.57863035549724,261.7582335074743,0.312780499458313,0.9999967813491821,
2026-07-15T21:49:32.619,55.52468154707458,20260715_214837_front_fusion_ego_1533,speedsweep_slow,fusion_ego_1533,6339813,2,person,0.20926599204540253,113.8118342350909,130.5958392730805,1.3276130610220838,-174.11476251546634,0.412727028131485,0.3840700089931488,2.024388551712036,22.00127742368405,732.7942708333334,226.66666666666669,724.1590080404034,209.175767103831,741.4295336262634,244.15756622950238,0.9994052648544312,0.8407677412033081,
2026-07-15T21:49:32.619,55.52468154707458,20260715_214837_front_fusion_ego_1533,speedsweep_slow,fusion_ego_1533,6339813,3,person,0.2083309292793274,110.36998995947943,123.68529138997648,0.8954351790370478,149.68906950141215,0.676236093044281,0.5288857221603394,1.4984327554702759,18.2584087007453,591.5729166666667,234.44444444444446,583.0346101565908,220.65966841247348,600.1112231767427,248.22922047641543,0.9997650980949402,0.48184603452682495,
2026-07-15T21:49:32.749,55.65632867801469,20260715_214837_front_fusion_ego_1533,speedsweep_slow,fusion_ego_1533,6339814,0,vehicle,0.7826787829399109,95.96836100771024,114.51974897541761,1.867656452875277,-40.75115743159929,8.243844985961914,2.90191912651062,3.7509286403656006,11.965640111391854,191.26041666666669,208.88888888888889,131.3280719916026,156.01445251040988,251.19276134173077,261.7633252673679,0.06215928867459297,1.0,
2026-07-15T21:49:32.749,55.65632867801469,20260715_214837_front_fusion_ego_1533,speedsweep_slow,fusion_ego_1533,6339814,1,vehicle,0.22000929713249207,103.6895954201337,118.82425737894087,0.9356828135078545,-108.69909337422455,5.1738128662109375,1.948460340499878,1.8075932264328003,13.34922824470186,458.1354166666667,243.33333333333334,423.39634256313246,226.4085247119268,492.8744907702009,260.2581419547399,0.2137441486120224,0.9999738931655884,
2026-07-15T21:49:32.749,55.65632867801469,20260715_214837_front_fusion_ego_1533,speedsweep_slow,fusion_ego_1533,6339814,2,person,0.15335790812969208,110.68636530343748,129.05457580010963,1.0839886013060758,160.060974200326,0.47376495599746704,0.4709945619106293,1.562716007232666,18.54566282654479,725.0104166666667,234.44444444444446,713.1718846435349,216.99879195955066,736.8489486897986,251.89009692933826,0.9646955728530884,0.7459720373153687,
2026-07-15T21:49:32.876,55.78301884804387,20260715_214837_front_fusion_ego_1533,speedsweep_slow,fusion_ego_1533,6339815,0,vehicle,0.7691258788108826,95.6420431648702,114.29008061007016,1.9807281458619876,-41.50093956752428,8.714893341064453,3.0740275382995605,3.827446937561035,11.939044709042587,182.36458333333334,208.88888888888889,110.09387402733168,150.12146406703525,254.635292639335,267.65631371074255,0.044518254697322845,0.9999998807907104,
2026-07-15T21:49:32.876,55.78301884804387,20260715_214837_front_fusion_ego_1533,speedsweep_slow,fusion_ego_1533,6339815,1,vehicle,0.3700457215309143,104.6392676145245,118.11745785252134,1.0537613685933551,-134.5282169812623,5.615827560424805,2.1254615783691406,1.935204029083252,14.351194741512742,458.1354166666667,243.33333333333334,417.4890911007921,225.30590256055197,498.78174223254126,261.36076410611474,0.3078915774822235,0.9999823570251465,
2026-07-15T21:49:32.876,55.78301884804387,20260715_214837_front_fusion_ego_1533,speedsweep_slow,fusion_ego_1533,6339815,2,vehicle,0.20666079223155975,104.46095900935308,112.03290971796613,1.7930341139180381,-19.20449612917967,7.504543304443359,2.6965043544769287,3.4554402828216553,18.224301227733164,368.0651041666667,225.55555555555557,342.69062594200176,203.1046399805281,393.4395823913316,248.00647113058304,0.002658926649019122,0.9998596906661987,
2026-07-15T21:49:33.015,55.922355632064864,20260715_214837_front_fusion_ego_1533,speedsweep_slow,fusion_ego_1533,6339816,0,vehicle,0.7723619937896729,95.26780579487215,113.38694771272479,2.0227536481482113,-39.283006823189474,8.31149959564209,2.8669939041137695,3.802847146987915,12.552146068794514,181.25260416666669,208.88888888888889,127.38231141368549,156.1585407786899,235.12289691964787,261.6192369990879,0.15849538147449493,1.0,
2026-07-15T21:49:33.015,55.922355632064864,20260715_214837_front_fusion_ego_1533,speedsweep_slow,fusion_ego_1533,6339816,1,vehicle,0.395675927400589,103.34149007670896,117.6714398518899,1.1118830621997149,-72.26322570585512,5.379213333129883,2.0208778381347656,2.0179121494293213,13.334235120796258,458.1354166666667,243.33333333333334,421.26809870700043,224.7421916325887,495.00273462633294,261.924475034078,0.26850464940071106,0.9999954700469971,
2026-07-15T21:49:33.015,55.922355632064864,20260715_214837_front_fusion_ego_1533,speedsweep_slow,fusion_ego_1533,6339816,2,vehicle,0.2316427081823349,104.7387573067814,111.54996709125908,1.7459270969210323,-19.161816145697657,7.387078285217285,2.63466739654541,3.4261860847473145,18.56573660261078,368.0651041666667,225.55555555555557,341.31625727067393,202.47995350095962,394.81395106265944,248.63115761015152,0.0017049317248165607,0.9999885559082031,
2026-07-15T21:49:33.137,56.04383461608086,20260715_214837_front_fusion_ego_1533,speedsweep_slow,fusion_ego_1533,6339817,0,vehicle,0.759030818939209,95.27338124752869,112.3787972679446,1.8655091320378063,-7.024609197624802,9.135431289672852,3.161367177963257,3.841095209121704,13.359732056523347,164.57291666666669,208.88888888888889,61.13006251553695,144.16338019900851,268.0157708177964,273.6143975787693,0.013817323371767998,0.9999979734420776,
2026-07-15T21:49:33.137,56.04383461608086,20260715_214837_front_fusion_ego_1533,speedsweep_slow,fusion_ego_1533,6339817,1,vehicle,0.4869575798511505,104.77476412640097,116.77504748871375,1.1422811310106602,-67.76241940027305,5.5716423988342285,2.1271941661834717,2.0557472705841064,14.813393378706916,458.1354166666667,243.33333333333334,422.2213473270337,225.2632929881414,494.0494860062997,261.4033736785253,0.6257107853889465,0.9999889135360718,
2026-07-15T21:49:33.279,56.185982374008745,20260715_214837_front_fusion_ego_1533,speedsweep_slow,fusion_ego_1533,6339818,0,vehicle,0.498395174741745,94.22444638704543,112.28881672736671,1.9035048386952003,9.335552257040819,9.072609901428223,3.047795295715332,3.8364522457122803,13.139695693035327,155.67708333333334,207.7777777777778,52.71040173371633,141.98276864157782,258.6437649329504,273.5727869139777,0.05961171165108681,0.9999752044677734,
2026-07-15T21:49:33.279,56.185982374008745,20260715_214837_front_fusion_ego_1533,speedsweep_slow,fusion_ego_1533,6339818,1,vehicle,0.37728065252304077,106.51368360940445,117.46063876680024,1.0843371990050614,-131.38754521846283,5.525923252105713,2.100738525390625,2.038616418838501,15.703401909502436,458.1354166666667,243.33333333333334,422.398322130243,225.7628866036733,493.87251120309037,260.9037800629934,0.6671410799026489,0.9999898672103882,
2026-07-15T21:49:33.405,56.31150792108383,20260715_214837_front_fusion_ego_1533,speedsweep_slow,fusion_ego_1533,6339819,0,vehicle,0.563012421131134,104.32324040552115,115.856710515719,1.1605284372659763,-85.3002987664945,5.24625301361084,1.9951590299606323,2.0784687995910645,14.605777197200387,457.02343750000006,243.33333333333334,425.25482508540154,226.05091651280722,488.7920499145985,260.6157501538595,0.6057112812995911,0.9999985694885254,
2026-07-15T21:49:33.405,56.31150792108383,20260715_214837_front_fusion_ego_1533,speedsweep_slow,fusion_ego_1533,6339819,1,vehicle,0.5451918840408325,93.63287951461933,113.14085970696863,2.01206938528785,2.101045691277512,8.357467651367188,2.8773720264434814,3.8631250858306885,12.078482884932917,145.66927083333334,207.7777777777778,25.25063647826513,126.65227757559883,266.0879051884016,288.9032779799567,0.9380213022232056,0.9999325275421143,
2026-07-15T21:49:33.405,56.31150792108383,20260715_214837_front_fusion_ego_1533,speedsweep_slow,fusion_ego_1533,6339819,2,vehicle,0.2626090943813324,104.84305083599662,111.12215895562706,1.9407667535889206,-39.77301947970209,7.285147190093994,2.6651458740234375,3.366572856903076,18.33454373834171,368.0651041666667,225.55555555555557,339.45304294923943,199.69195816251968,396.67716538409394,251.41915294859146,0.00034214186598546803,0.9999923706054688,
2026-07-15T21:49:33.405,56.31150792108383,20260715_214837_front_fusion_ego_1533,speedsweep_slow,fusion_ego_1533,6339819,3,vehicle,0.16484999656677246,93.57322195102182,112.69262587343076,1.827098982591739,-15.082642092992115,8.357337951660156,2.744901180267334,3.9340736865997314,12.517968826984642,135.66145833333334,207.7777777777778,42.84771188100179,122.39984618292915,228.47520478566489,293.1557093726264,0.8928108811378479,0.9994359612464905,
2026-07-15T21:49:33.536,56.44347589102108,20260715_214837_front_fusion_ego_1533,speedsweep_slow,fusion_ego_1533,6339820,0,vehicle,0.6848497986793518,93.54568422789504,112.49564773949626,1.8128697453849574,13.444836202144959,8.013689041137695,2.7144200801849365,3.912846803665161,12.516430056835453,118.98177083333334,208.88888888888889,17.14169222613176,105.74195914798314,220.82184944053492,312.0358186297947,0.9292174577713013,0.9996811151504517,
2026-07-15T21:49:33.536,56.44347589102108,20260715_214837_front_fusion_ego_1533,speedsweep_slow,fusion_ego_1533,6339820,1,vehicle,0.4945846199989319,104.9831080070257,116.10354475239897,1.0927723452844091,-79.31934871813029,5.192317008972168,1.9763398170471191,1.9967646598815918,14.711236543133566,458.1354166666667,243.33333333333334,424.2110794807474,226.54034992059073,492.05975385258597,260.126316746076,0.805255115032196,0.9999997615814209,
2026-07-15T21:49:33.536,56.44347589102108,20260715_214837_front_fusion_ego_1533,speedsweep_slow,fusion_ego_1533,6339820,2,vehicle,0.2645954191684723,105.18955026465447,110.08935429195385,2.0460835247186453,-30.37008435276569,7.154714584350586,2.623006820678711,3.4274826049804688,19.094423176757438,368.0651041666667,225.55555555555557,341.5425580578546,202.67097863886093,394.5876502754788,248.4401324722502,0.0002917572855949402,0.9999799728393555,
2026-07-15T21:49:33.536,56.44347589102108,20260715_214837_front_fusion_ego_1533,speedsweep_slow,fusion_ego_1533,6339820,3,vehicle,0.19377821683883667,95.34580954740623,117.21955455625007,2.189610481462804,7.035860200383976,6.680251121520996,2.4829494953155518,3.634133815765381,8.081788318744284,207.94010416666669,207.7777777777778,160.73067559550208,129.8947321044074,255.1495327378313,285.66082345114813,0.05128234624862671,0.9983953833580017,
2026-07-15T21:49:33.667,56.5744818210369,20260715_214837_front_fusion_ego_1533,speedsweep_slow,fusion_ego_1533,6339821,0,vehicle,0.5833163857460022,103.85913988253947,114.74834258961529,1.1454698300663988,-66.10073886701642,5.136561870574951,1.9411557912826538,2.118652105331421,14.438339589009667,457.02343750000006,244.44444444444446,424.6548070758581,227.47369494703082,489.39206792414194,261.4151939418581,0.521198570728302,0.9999995231628418,
2026-07-15T21:49:33.667,56.5744818210369,20260715_214837_front_fusion_ego_1533,speedsweep_slow,fusion_ego_1533,6339821,1,vehicle,0.3821946978569031,93.43751644563183,116.3447426452214,1.7990440042216487,53.62946453715559,6.091485023498535,2.195279359817505,3.0593700408935547,8.443167950449775,154.56510416666669,200.0,75.48677597443263,121.31856441497803,233.64343235890072,278.681435585022,0.8545135855674744,0.4994465410709381,
2026-07-15T21:49:33.667,56.5744818210369,20260715_214837_front_fusion_ego_1533,speedsweep_slow,fusion_ego_1533,6339821,2,vehicle,0.3179408311843872,104.30078666400766,111.72772790679183,1.7740667886783135,-23.922191201270266,7.292195796966553,2.6974592208862305,3.3666579723358154,16.954712326418598,368.0651041666667,225.55555555555557,336.37646891425055,202.16391775343155,399.7537394190828,248.9471933576796,0.003306283848360181,0.9999874830245972,
2026-07-15T21:49:33.810,56.7170424250653,20260715_214837_front_fusion_ego_1533,speedsweep_slow,fusion_ego_1533,6339822,0,vehicle,0.6772626638412476,105.15193070215864,113.29379296023028,1.2540679530213017,-66.33678408217943,5.403019905090332,2.017289876937866,2.2775039672851562,16.03314722466232,457.02343750000006,243.33333333333334,424.25226797908545,226.80965979894003,489.7946070209146,259.8570068677267,0.6570475101470947,0.9999996423721313,
2026-07-15T21:49:33.810,56.7170424250653,20260715_214837_front_fusion_ego_1533,speedsweep_slow,fusion_ego_1533,6339822,1,vehicle,0.20464587211608887,105.1676857465807,109.74005499941886,1.8442501738121986,-12.576838983268027,7.329179763793945,2.675935745239258,3.453026056289673,18.70614802796268,368.0651041666667,226.66666666666669,340.89459160963696,203.34238092104596,395.2356167236964,249.9909524122874,0.0009870576905086637,0.9999598264694214,
2026-07-15T21:49:33.810,56.7170424250653,20260715_214837_front_fusion_ego_1533,speedsweep_slow,fusion_ego_1533,6339822,2,vehicle,0.1942404806613922,94.22035480605841,114.82351971088003,2.164584507993532,55.753245717736604,7.759103298187256,2.5067086219787598,3.870421886444092,9.739971450369973,127.87760416666667,207.7777777777778,15.830894778172176,51.07567416297065,239.92431355516118,364.4798813925849,0.9668115377426147,0.5791612267494202,
2026-07-15T21:49:33.810,56.7170424250653,20260715_214837_front_fusion_ego_1533,speedsweep_slow,fusion_ego_1533,6339822,3,vehicle,0.16269785165786743,113.74975107071535,117.58942384619021,1.116173050102403,-158.29856338791018,4.895516395568848,1.7954944372177124,1.6305979490280151,21.2032686929516,511.5104166666667,243.33333333333334,487.8650520692269,232.38125612338385,535.1557812641065,254.28541054328284,0.8041355013847351,0.9999880790710449,
2026-07-15T21:49:33.810,56.7170424250653,20260715_214837_front_fusion_ego_1533,speedsweep_slow,fusion_ego_1533,6339822,4,vehicle,0.122508704662323,91.89985678551608,114.38196191767165,1.4909330700584384,-84.17724838078261,7.253020286560059,2.407590866088867,3.394524097442627,10.31123925976811,92.29427083333334,261.11111111111114,47.28336956103643,171.57790846294827,137.30517210563025,350.644313759274,0.017497682943940163,0.9809517860412598,
2026-07-15T21:49:33.942,56.84884316800162,20260715_214837_front_fusion_ego_1533,speedsweep_slow,fusion_ego_1533,6339823,0,vehicle,0.3745133578777313,104.88345350038051,114.65972827488983,1.161496273591238,-64.42338191813225,5.013620376586914,1.9079296588897705,2.1342580318450928,14.527959174620912,458.1354166666667,244.44444444444446,425.67919599513215,226.4122894075182,490.5916373382012,262.4765994813707,0.22069717943668365,0.999992847442627,
2026-07-15T21:49:33.942,56.84884316800162,20260715_214837_front_fusion_ego_1533,speedsweep_slow,fusion_ego_1533,6339823,1,vehicle,0.23568235337734222,94.27642569379408,113.97918666843829,2.1197331771003696,43.76278481499176,8.619255065917969,2.681295156478882,4.175145149230957,10.27575513735534,102.30208333333334,207.7777777777778,-51.08327789107959,-0.054911507500542536,255.68744455774626,415.6104670630561,0.35944676399230957,0.8888512253761292,
2026-07-15T21:49:33.942,56.84884316800162,20260715_214837_front_fusion_ego_1533,speedsweep_slow,fusion_ego_1533,6339823,2,vehicle,0.22540751099586487,112.2402456196561,116.3937261516177,1.1418711985846381,163.03476283653103,4.964130401611328,1.8494622707366943,1.5489554405212402,19.89141366554268,519.2942708333334,243.33333333333334,494.5032291722795,231.88724865516028,544.0853124943873,254.7794180115064,0.5351225733757019,0.9999957084655762,
2026-07-15T21:49:33.942,56.84884316800162,20260715_214837_front_fusion_ego_1533,speedsweep_slow,fusion_ego_1533,6339823,3,vehicle,0.20495937764644623,106.31559161216072,108.6736647162119,2.070485275961091,15.364985349838312,7.735905170440674,2.8091976642608643,3.5795555114746094,19.873900845416262,369.17708333333337,225.55555555555557,338.3610005428394,202.79797408315872,399.99316612382734,248.31313702795242,3.862300218315795e-05,0.9999817609786987,
2026-07-15T21:49:34.077,56.98411981808022,20260715_214837_front_fusion_ego_1533,speedsweep_slow,fusion_ego_1533,6339824,0,vehicle,0.35837695002555847,105.82126187977447,114.38876417218681,1.187981447486167,-56.79677641304805,5.201241493225098,1.9701001644134521,2.2005810737609863,14.997485124797613,465.91927083333337,244.44444444444446,429.3155666862925,226.5199622180727,502.5229749803742,262.3689266708162,0.5107205510139465,0.9999992847442627,
2026-07-15T21:49:34.077,56.98411981808022,20260715_214837_front_fusion_ego_1533,speedsweep_slow,fusion_ego_1533,6339824,1,vehicle,0.2743999660015106,105.5898624870194,108.98110270545767,1.9249488106271309,-3.305343288335891,8.090934753417969,2.9043960571289062,3.6549649238586426,18.755401448169955,368.0651041666667,225.55555555555557,337.2920593271653,201.74665722582077,398.83814900616807,249.36445388529037,0.00040469830855727196,0.999988317489624,
2026-07-15T21:49:34.077,56.98411981808022,20260715_214837_front_fusion_ego_1533,speedsweep_slow,fusion_ego_1533,6339824,2,vehicle,0.18394768238067627,112.57134072118174,117.098924952599,1.0546796554868059,-109.7449075713439,4.927551746368408,1.8046663999557495,1.7108620405197144,19.565660826721853,520.40625,243.33333333333334,493.7509648352862,231.1162190635999,547.0615351647139,255.55044760306677,0.9005377292633057,0.9999780654907227,
2026-07-15T21:49:34.077,56.98411981808022,20260715_214837_front_fusion_ego_1533,speedsweep_slow,fusion_ego_1533,6339824,3,vehicle,0.09423352032899857,91.79683736157688,112.92999904111441,1.4461684988384351,9.186141545512312,5.624666213989258,2.0570716857910156,2.8002054691314697,11.24056948901545,65.60677083333334,253.33333333333334,6.3412917008002605,190.14509518941244,124.87224996586642,316.52157147725427,0.7873111367225647,0.9766011238098145,
2026-07-15T21:49:34.206,57.113093133084476,20260715_214837_front_fusion_ego_1533,speedsweep_slow,fusion_ego_1533,6339825,0,vehicle,0.6907099485397339,106.04810050746624,116.28431194580216,1.1418482923476252,-46.198858454168644,5.213977336883545,2.016197919845581,2.251434087753296,13.612175097181934,467.03125000000006,244.44444444444446,431.6733749136329,224.2762711313036,502.3891250863672,264.6126177575853,0.7879890203475952,0.9999984502792358,
2026-07-15T21:49:34.206,57.113093133084476,20260715_214837_front_fusion_ego_1533,speedsweep_slow,fusion_ego_1533,6339825,1,vehicle,0.25453370809555054,106.18192631415366,107.62627850502014,1.9023813290048446,-26.491130500524317,7.8797407150268555,2.8432016372680664,3.6314942836761475,19.721078618295532,369.17708333333337,225.55555555555557,338.44909981389844,203.3589616749022,399.9050668527683,247.75214943620895,0.0026319343596696854,0.9999911785125732,
2026-07-15T21:49:34.206,57.113093133084476,20260715_214837_front_fusion_ego_1533,speedsweep_slow,fusion_ego_1533,6339825,2,vehicle,0.19981488585472107,109.8848470381139,117.38494893583422,1.1785704465015303,55.236731890216745,4.893080711364746,1.8993240594863892,1.7624725103378296,16.539496748018955,537.0859375,244.44444444444446,509.4052496105433,230.38772818115024,564.7666253894567,258.5011607077387,0.5281043648719788,0.9999959468841553,
2026-07-15T21:49:34.341,57.248540848027915,20260715_214837_front_fusion_ego_1533,speedsweep_slow,fusion_ego_1533,6339826,0,vehicle,0.6914057731628418,106.81748781797849,115.40000946487575,1.2156476668339824,-38.86126205441725,5.304777145385742,1.985324740409851,2.2175099849700928,14.232197955002194,467.03125000000006,243.33333333333334,433.1438742950559,225.17918248971304,500.9186257049442,261.48748417695367,0.40404221415519714,0.9999995231628418,
2026-07-15T21:49:34.341,57.248540848027915,20260715_214837_front_fusion_ego_1533,speedsweep_slow,fusion_ego_1533,6339826,1,vehicle,0.32036519050598145,106.79882570058045,107.78488736044218,1.9190282937129133,61.320293415272296,7.7839484214782715,2.836695432662964,3.4161524772644043,19.440323604956415,369.17708333333337,225.55555555555557,337.0736892347535,203.98863348695969,401.28047743191325,247.12247762415146,0.00011272372648818418,0.9998838901519775,
2026-07-15T21:49:34.341,57.248540848027915,20260715_214837_front_fusion_ego_1533,speedsweep_slow,fusion_ego_1533,6339826,2,vehicle,0.17121665179729462,109.93459864077838,118.13607177291678,1.1717192771605185,69.00789848166737,4.824794769287109,1.8885477781295776,1.7202702760696411,15.871727003933982,545.9817708333334,244.44444444444446,515.3355651473006,229.51170798805026,576.6279765193661,259.37718090083865,0.05843176320195198,0.9999970197677612,
2026-07-15T21:49:34.473,57.38021496904548,20260715_214837_front_fusion_ego_1533,speedsweep_slow,fusion_ego_1533,6339827,0,vehicle,0.4528828561306,104.42550919242265,114.24632634216968,1.0662655402906749,-44.61138231733236,5.113483905792236,1.9122462272644043,2.0995476245880127,12.4767395599921,467.03125000000006,244.44444444444446,434.3715343922377,225.83317723539142,499.6909656077624,263.0557116534975,0.20939400792121887,0.9999995231628418,
2026-07-15T21:49:34.473,57.38021496904548,20260715_214837_front_fusion_ego_1533,speedsweep_slow,fusion_ego_1533,6339827,1,vehicle,0.22401215136051178,106.64379154745102,107.03513921927396,1.7883383614903985,-10.885077395692832,7.047381401062012,2.5985612869262695,3.1322572231292725,19.36074018014933,369.17708333333337,225.55555555555557,336.7226760586103,207.1311703655455,401.6314906080564,243.97994074556564,0.00024370038590859622,0.9991328120231628,
2026-07-15T21:49:34.473,57.38021496904548,20260715_214837_front_fusion_ego_1533,speedsweep_slow,fusion_ego_1533,6339827,2,vehicle,0.20636051893234253,107.00222584186862,117.65010971114476,0.7768542855873317,108.22295874497186,4.3420796394348145,1.653775930404663,1.418899416923523,12.810009372718975,555.9895833333334,252.22222222222223,520.3585725103816,238.01860137118234,591.6205941562852,266.4258430732621,0.004273112863302231,0.9998165965080261,
2026-07-15T21:49:34.604,57.51022063102573,20260715_214837_front_fusion_ego_1533,speedsweep_slow,fusion_ego_1533,6339828,0,vehicle,0.37994471192359924,105.78146731030964,115.10251308177862,1.148957970989897,-1.9844641566320733,4.9703545570373535,1.8681975603103638,2.225229501724243,12.361583536052514,474.8151041666667,244.44444444444446,441.8783269772927,223.2146903541353,507.75188135604066,265.6741985347536,0.6419891119003296,0.9999997615814209,
2026-07-15T21:49:34.604,57.51022063102573,20260715_214837_front_fusion_ego_1533,speedsweep_slow,fusion_ego_1533,6339828,1,vehicle,0.25479626655578613,106.04621453342178,105.53609109843197,1.9116383011353038,-6.167016577295709,6.966193675994873,2.553676128387451,3.2646963596343994,19.627867213282652,369.17708333333337,217.7777777777778,339.97356206675374,197.5993316041099,398.380604599913,237.9562239514457,0.0009183479705825448,0.999600350856781,
2026-07-15T21:49:34.604,57.51022063102573,20260715_214837_front_fusion_ego_1533,speedsweep_slow,fusion_ego_1533,6339828,2,vehicle,0.16423387825489044,103.67939458695933,103.03509994712942,0.6483133309001039,-71.68328264772808,4.749453544616699,1.7581716775894165,1.0068957805633545,20.782711063831496,235.73958333333334,234.44444444444446,216.17389548694095,225.78586336639194,255.30527117972574,243.10302552249698,0.0004272425139788538,0.9997922778129578,
2026-07-15T21:49:34.604,57.51022063102573,20260715_214837_front_fusion_ego_1533,speedsweep_slow,fusion_ego_1533,6339828,3,vehicle,0.15430012345314026,110.72239714727337,118.09915304806533,1.152222950465247,47.64199434816205,4.196781158447266,1.716359257698059,1.824553370475769,15.613140837054273,563.7734375,244.44444444444446,528.7909164652228,227.45365884568957,598.7559585347772,261.43523004319934,0.45731332898139954,0.9993243217468262,
2026-07-15T21:49:34.733,57.63969041407108,20260715_214837_front_fusion_ego_1533,speedsweep_slow,fusion_ego_1533,6339829,0,vehicle,0.7005175948143005,105.64878533368913,113.77877912868395,1.0537695831090186,29.79136227610144,5.535284042358398,2.082400321960449,2.3427159786224365,12.425881539236485,475.92708333333337,243.33333333333334,438.3254032929739,221.1229153474172,513.5287633736929,265.5437513192495,0.7005658745765686,0.9999990463256836,
2026-07-15T21:49:34.733,57.63969041407108,20260715_214837_front_fusion_ego_1533,speedsweep_slow,fusion_ego_1533,6339829,1,vehicle,0.3362489342689514,105.78915243280224,104.53967205418087,1.686024272442556,-1.1592327761168413,7.46074914932251,2.680811643600464,3.4183592796325684,19.692984000085413,369.17708333333337,217.7777777777778,339.0395895366868,194.0230010615455,399.31457712997997,241.5325544940101,0.000400753750000149,0.9999358654022217,
2026-07-15T21:49:34.733,57.63969041407108,20260715_214837_front_fusion_ego_1533,speedsweep_slow,fusion_ego_1533,6339829,2,vehicle,0.3237645626068115,104.7614466469269,92.90204306505073,1.183430972253995,170.2744790165027,5.409423351287842,2.0260095596313477,1.8524607419967651,30.04630001205645,243.52343750000003,226.66666666666669,227.3196441791952,217.9771454135577,259.72723082080483,235.35618791977566,0.27393513917922974,0.9994472861289978,
2026-07-15T21:49:34.733,57.63969041407108,20260715_214837_front_fusion_ego_1533,speedsweep_slow,fusion_ego_1533,6339829,3,vehicle,0.1817876100540161,110.70276372080785,119.43652579950017,0.8561754699301618,179.25679988718286,4.545602321624756,1.714846134185791,1.6520929336547852,14.834674961922087,590.4609375,252.22222222222223,550.204893104732,235.0242896212472,630.716981895268,269.42015482319727,0.4049404561519623,0.9996565580368042,
2026-07-15T21:49:34.733,57.63969041407108,20260715_214837_front_fusion_ego_1533,speedsweep_slow,fusion_ego_1533,6339829,4,vehicle,0.17129793763160706,94.38198839649529,117.34544374019976,1.949487154358439,-22.235176020782756,7.685649394989014,2.7634875774383545,3.4224934577941895,4.6401685759401445,145.66927083333334,198.88888888888889,80.47383142014345,109.63060908847386,210.86471024652323,288.14716868930395,0.10311739146709442,0.8232592940330505,
2026-07-15T21:49:34.857,57.7636948620202,20260715_214837_front_fusion_ego_1533,speedsweep_slow,fusion_ego_1533,6339830,0,vehicle,0.5889784693717957,107.22384132587887,86.81439063111793,0.7828938909885053,-78.76683896369731,5.193471431732178,2.0597047805786133,1.6990596055984497,36.02126578841878,243.52343750000003,225.55555555555557,229.93642190843823,218.0421543452475,257.1104530915618,233.06895676586365,0.24705356359481812,0.9996795654296875,
2026-07-15T21:49:34.857,57.7636948620202,20260715_214837_front_fusion_ego_1533,speedsweep_slow,fusion_ego_1533,6339830,1,vehicle,0.5813137292861938,107.1553463095935,114.1526816214872,1.0758330715094595,98.68424506003792,5.693200588226318,2.1902711391448975,2.3405208587646484,12.844566828824762,484.8229166666667,243.33333333333334,445.26460373649996,220.83623011906943,524.3812295968335,265.8304365475973,0.4338400363922119,0.9999830722808838,
2026-07-15T21:49:34.857,57.7636948620202,20260715_214837_front_fusion_ego_1533,speedsweep_slow,fusion_ego_1533,6339830,2,vehicle,0.16153733432292938,110.87269218051405,119.4534008876328,0.8579711903081293,-170.42633031438058,4.416853427886963,1.6956007480621338,1.7209314107894897,14.586280149035245,608.2526041666667,252.22222222222223,563.7061679015558,233.06408478154077,652.7990404317777,271.3803596629037,0.8943036794662476,0.9995096921920776,
2026-07-15T21:49:34.857,57.7636948620202,20260715_214837_front_fusion_ego_1533,speedsweep_slow,fusion_ego_1533,6339830,3,vehicle,0.15971514582633972,106.4127869770175,103.19655109103545,1.2885499610571378,-35.690254878245604,6.979714393615723,2.5154807567596436,3.200228214263916,20.56903101456937,378.0729166666667,217.7777777777778,354.43162584925693,198.68945287333597,401.71420748407644,236.86610268221963,0.0009495500707998872,0.9985270500183105,
2026-07-15T21:49:34.857,57.7636948620202,20260715_214837_front_fusion_ego_1533,speedsweep_slow,fusion_ego_1533,6339830,4,vehicle,0.1260838359594345,111.54444047143537,115.80175056435357,0.7598962781989598,-110.24149044600743,4.740817546844482,1.8524278402328491,1.7902776002883911,16.08158813011378,555.9895833333334,244.44444444444446,521.1010248859724,228.01327493455676,590.8781417806944,260.87561395433215,0.7738779783248901,0.9999700784683228,
2026-07-15T21:49:34.979,57.88619584799744,20260715_214837_front_fusion_ego_1533,speedsweep_slow,fusion_ego_1533,6339831,0,vehicle,0.39368346333503723,111.37652519820604,111.25634025279167,0.9426312304128928,130.2410120050783,5.666147708892822,2.1705422401428223,2.6270129680633545,17.47133432084337,484.8229166666667,235.55555555555557,456.17662678907317,214.78838059637283,513.4692065442603,256.3227305147383,0.06489665806293488,0.9999774694442749,
2026-07-15T21:49:34.979,57.88619584799744,20260715_214837_front_fusion_ego_1533,speedsweep_slow,fusion_ego_1533,6339831,1,vehicle,0.28517332673072815,106.5246134405241,103.55951924310132,1.056389901847286,-51.80641240682586,7.014193534851074,2.504410743713379,3.0314817428588867,19.787247893430912,376.9609375,217.7777777777778,351.51419223099947,198.37766574488748,402.40768276900053,237.17788981066812,0.00036027940222993493,0.9999587535858154,
2026-07-15T21:49:34.979,57.88619584799744,20260715_214837_front_fusion_ego_1533,speedsweep_slow,fusion_ego_1533,6339831,2,vehicle,0.27038612961769104,110.75244261907281,119.50165533506065,0.8792602250779824,-162.0497018205255,4.569633483886719,1.788790225982666,1.9199808835983276,14.109112413591573,626.0442708333334,252.22222222222223,571.949829508861,230.38567377461328,680.1387121578058,274.0587706698312,0.4864184260368347,0.9981141090393066,
2026-07-15T21:49:34.979,57.88619584799744,20260715_214837_front_fusion_ego_1533,speedsweep_slow,fusion_ego_1533,6339831,3,person,0.15588751435279846,111.91009078243532,123.60930763617935,0.9142443715049484,162.93749930696782,0.42097294330596924,0.4826131761074066,1.5508226156234741,15.47917016721265,840.65625,235.55555555555557,823.9849868416786,213.16653463575577,857.3275131583215,257.94457647535535,0.9976217150688171,0.8864763975143433,
2026-07-15T21:49:35.112,58.01883795601316,20260715_214837_front_fusion_ego_1533,speedsweep_slow,fusion_ego_1533,6339832,0,vehicle,0.3633227050304413,106.93409988089022,112.1071669030984,0.9695344521821778,142.82059368042104,6.054495334625244,2.258770704269409,2.26157283782959,12.948886209000896,484.8229166666667,243.33333333333334,444.2288646499316,220.9450258811315,525.4169686834018,265.7216407855352,0.21536561846733093,0.9999748468399048,
2026-07-15T21:49:35.112,58.01883795601316,20260715_214837_front_fusion_ego_1533,speedsweep_slow,fusion_ego_1533,6339832,1,vehicle,0.266431987285614,106.3613953050096,102.95365562199466,0.9240638371758783,-55.86176541944186,6.76995849609375,2.4461474418640137,2.8402419090270996,19.790971686924145,376.9609375,216.66666666666669,352.1181488111615,198.51714352766675,401.8037261888385,234.81618980566662,0.0006544979405589402,0.9999487400054932,
2026-07-15T21:49:35.112,58.01883795601316,20260715_214837_front_fusion_ego_1533,speedsweep_slow,fusion_ego_1533,6339832,2,vehicle,0.1582692712545395,110.9340635839139,115.95414224143329,0.8129304767498517,169.3864957520162,4.711958885192871,1.874828815460205,1.9409207105636597,14.65436330123556,581.5651041666667,244.44444444444446,542.2211665535967,223.92076041963367,620.9090417797368,264.96812846925525,0.18432487547397614,0.9998619556427002,
2026-07-15T21:49:35.246,58.1533425480593,20260715_214837_front_fusion_ego_1533,speedsweep_slow,fusion_ego_1533,6339833,0,vehicle,0.37909314036369324,111.28533983429331,111.35621278569732,0.9234366014621092,63.096289834425534,5.987381935119629,2.2444305419921875,2.613884210586548,16.57180349633327,492.60677083333337,235.55555555555557,456.28491627176606,214.43993124696945,528.9286253949007,256.67117986414166,0.047110844403505325,0.9999980926513672,
2026-07-15T21:49:35.246,58.1533425480593,20260715_214837_front_fusion_ego_1533,speedsweep_slow,fusion_ego_1533,6339833,1,vehicle,0.33315509557724,105.98976072313178,102.2880234976421,0.9551094147527279,-51.1867583186956,6.821279048919678,2.4473743438720703,2.983004570007324,19.829406445606903,378.0729166666667,216.66666666666669,354.48569211612147,198.14508716265362,401.6601412172119,235.18824617067975,0.000994345755316317,0.9999594688415527,
2026-07-15T21:49:35.246,58.1533425480593,20260715_214837_front_fusion_ego_1533,speedsweep_slow,fusion_ego_1533,6339833,2,vehicle,0.12499457597732544,108.19900492453266,86.42647934826795,0.35289711161769555,-42.88227760561186,5.337477684020996,2.0193991661071777,1.6545363664627075,35.397790956793386,244.63541666666669,225.55555555555557,224.32193328688544,218.98064139816498,264.94890004644793,232.13046971294617,0.00795749481767416,0.9970455765724182,
2026-07-15T21:49:35.376,58.28280876704957,20260715_214837_front_fusion_ego_1533,speedsweep_slow,fusion_ego_1533,6339834,0,vehicle,0.4869517683982849,111.68213312096039,109.62643743524879,0.9694706470277832,71.06463826162967,6.376939296722412,2.413599729537964,2.741696834564209,17.56846706710688,492.60677083333337,235.55555555555557,456.1057303970059,214.34574637148117,529.1078112696608,256.76536473962994,0.010236404836177826,0.9999899864196777,
2026-07-15T21:49:35.376,58.28280876704957,20260715_214837_front_fusion_ego_1533,speedsweep_slow,fusion_ego_1533,6339834,1,vehicle,0.25597748160362244,105.9767383645758,102.50523887985058,0.8814129273571174,-56.7010008589598,6.735785007476807,2.44209361076355,2.8678715229034424,19.319069508115266,378.0729166666667,216.66666666666669,355.03204789633554,198.90158812205,401.11378543699783,234.43174521128338,0.002359266858547926,0.9999334812164307,
2026-07-15T21:49:35.376,58.28280876704957,20260715_214837_front_fusion_ego_1533,speedsweep_slow,fusion_ego_1533,6339834,2,vehicle,0.11720143258571625,113.66920962616926,114.99001718018565,0.7652393489753901,-95.09514064385871,4.4688873291015625,1.7385066747665405,1.8042330741882324,17.017383430459816,599.3567708333334,252.22222222222223,563.0387053166827,235.94555689228906,635.674836349984,268.4988875521554,0.05819890275597572,0.9987194538116455,
2026-07-15T21:49:35.509,58.416179027059115,20260715_214837_front_fusion_ego_1533,speedsweep_slow,fusion_ego_1533,6339835,0,vehicle,0.39793241024017334,112.19061982906192,108.86210641485809,0.8859818479452244,104.11866891772637,6.396211624145508,2.380765199661255,2.778280258178711,18.201200877412816,492.60677083333337,235.55555555555557,455.87710878004634,215.94583604070877,529.3364328866204,255.16527507040237,0.007393300998955965,0.9999903440475464,
2026-07-15T21:49:35.509,58.416179027059115,20260715_214837_front_fusion_ego_1533,speedsweep_slow,fusion_ego_1533,6339835,1,vehicle,0.3820084035396576,105.45056418937385,102.49824211713849,0.8397057971256316,-65.82886716794019,7.05647611618042,2.534290313720703,2.8710904121398926,18.85529016148404,378.0729166666667,216.66666666666669,349.749844091634,198.45282415548962,406.3959892416994,234.88050917784375,0.0005146719631738961,0.9999923706054688,
2026-07-15T21:49:35.509,58.416179027059115,20260715_214837_front_fusion_ego_1533,speedsweep_slow,fusion_ego_1533,6339835,2,vehicle,0.15133464336395264,112.54502022591792,120.57607149087279,0.8488425113861089,82.38687578361014,4.599105358123779,1.8191232681274414,1.9237289428710938,15.1003726660345,697.2109375,262.22222222222223,640.0000242292881,236.7216600312127,754.4218507707119,287.72278441323175,0.35179781913757324,0.9569722414016724,
2026-07-15T21:49:35.643,58.54962515109219,20260715_214837_front_fusion_ego_1533,speedsweep_slow,fusion_ego_1533,6339836,0,vehicle,0.4172954857349396,105.97362342694832,103.24586803180142,0.9275334621341798,-60.90823670513618,6.794002532958984,2.4473423957824707,2.896256446838379,18.23793824748388,378.0729166666667,216.66666666666669,351.21828829000395,195.92524270216626,404.9275450433294,237.4080906311671,0.0009991147089749575,0.999996542930603,
2026-07-15T21:49:35.643,58.54962515109219,20260715_214837_front_fusion_ego_1533,speedsweep_slow,fusion_ego_1533,6339836,1,vehicle,0.3739776015281677,112.81659150555852,110.22846021503675,1.0123669548334076,113.79472568732997,6.261858940124512,2.2748215198516846,2.6344454288482666,17.800052777536095,492.60677083333337,235.55555555555557,457.14719281842315,216.2474611732695,528.0663488482436,254.86364993784164,0.010234844870865345,0.9999997615814209,
2026-07-15T21:49:35.643,58.54962515109219,20260715_214837_front_fusion_ego_1533,speedsweep_slow,fusion_ego_1533,6339836,2,vehicle,0.15773184597492218,112.14268887380942,119.53455706496827,0.7688822979126239,21.898099586177533,5.0844407081604,1.9869064092636108,2.037233829498291,14.573009637709516,697.2109375,262.22222222222223,630.3172742426395,233.695488108529,764.1046007573605,290.74895633591547,0.7428110241889954,0.9536495804786682,
2026-07-15T21:49:35.781,58.68781835702248,20260715_214837_front_fusion_ego_1533,speedsweep_slow,fusion_ego_1533,6339837,0,vehicle,0.3938835859298706,109.20383441882643,109.44718112462043,1.0039377627915282,67.42585550405714,5.963510990142822,2.2367920875549316,2.4627957344055176,15.1818390052603,484.8229166666667,243.33333333333334,442.999776105086,220.56849916776022,526.6460572282474,266.0981674989065,0.02930210717022419,0.9999749660491943,
2026-07-15T21:49:35.781,58.68781835702248,20260715_214837_front_fusion_ego_1533,speedsweep_slow,fusion_ego_1533,6339837,1,vehicle,0.3039412498474121,104.04083048899501,84.087639594428,0.5273747306378951,-50.66502812874119,5.221876621246338,1.9937262535095215,1.799981951713562,35.80391277227878,252.41927083333334,225.55555555555557,234.19614722331366,217.79538217518066,270.64239444335306,233.31572893593048,0.011386518366634846,0.9988584518432617,
2026-07-15T21:49:35.781,58.68781835702248,20260715_214837_front_fusion_ego_1533,speedsweep_slow,fusion_ego_1533,6339837,2,vehicle,0.30019301176071167,111.3022212339644,119.72963276932245,0.8213408507881057,40.563449725500924,5.342605113983154,2.018861770629883,2.1305506229400635,13.655758674370599,698.3229166666667,262.22222222222223,638.5377052823703,220.17618550194635,758.1081280509632,304.2682589424981,0.3616374731063843,0.9486716389656067,
2026-07-15T21:49:35.781,58.68781835702248,20260715_214837_front_fusion_ego_1533,speedsweep_slow,fusion_ego_1533,6339837,3,vehicle,0.22722089290618896,105.46314310910478,101.78369477564735,1.0757539586019291,-45.4956511738495,6.95532751083374,2.529794216156006,3.07840633392334,19.182578661198733,378.0729166666667,217.7777777777778,352.7073399933676,199.02660654650796,403.43849333996576,236.52894900904764,0.0023269387893378735,0.9999520778656006,
2026-07-15T21:49:35.781,58.68781835702248,20260715_214837_front_fusion_ego_1533,speedsweep_slow,fusion_ego_1533,6339837,4,vehicle,0.2250872701406479,116.55508542483149,108.6530167344882,1.0649853203745998,47.14257839904615,5.4693284034729,2.074307918548584,2.6400678157806396,21.687322686254806,537.0859375,235.55555555555557,509.2392824441195,219.4987079832289,564.9325925558805,251.61240312788223,0.03577052056789398,0.9997997879981995,
2026-07-15T21:49:35.905,58.81195113901049,20260715_214837_front_fusion_ego_1533,speedsweep_slow,fusion_ego_1533,6339838,0,vehicle,0.8302276730537415,108.34343273650154,108.36176099144564,1.1454682121884234,95.78882229335767,6.071087837219238,2.2622876167297363,2.6347384452819824,15.117388999682149,484.8229166666667,243.33333333333334,440.7601705963413,220.4035880168279,528.8856627369921,266.2630786498388,0.02485637180507183,0.9999986886978149,
2026-07-15T21:49:35.905,58.81195113901049,20260715_214837_front_fusion_ego_1533,speedsweep_slow,fusion_ego_1533,6339838,1,vehicle,0.26995667815208435,103.67671145421886,83.9216934751874,0.7147414169060085,-85.24139777283958,5.048351764678955,1.937666893005371,1.705782413482666,35.7363825019263,252.41927083333334,226.66666666666669,235.9964525823792,218.69922826687497,268.8420890842875,234.6341050664584,0.014958709478378296,0.9997979998588562,
2026-07-15T21:49:35.905,58.81195113901049,20260715_214837_front_fusion_ego_1533,speedsweep_slow,fusion_ego_1533,6339838,2,vehicle,0.26950734853744507,112.68256389166433,120.1259079936817,0.9520927888170609,-56.9432238613951,5.174757480621338,2.0305488109588623,2.0377049446105957,14.957655570330635,715.0026041666667,271.11111111111114,629.7607692728441,239.8868328995175,800.2444390604894,302.33538932270477,0.4263097643852234,0.9875680208206177,
2026-07-15T21:49:35.905,58.81195113901049,20260715_214837_front_fusion_ego_1533,speedsweep_slow,fusion_ego_1533,6339838,3,vehicle,0.12244292348623276,111.80216105520824,105.63195992638747,1.1093932715639712,-97.33682207905757,5.43951940536499,2.0313661098480225,2.4854607582092285,19.495597268350576,538.1979166666667,235.55555555555557,508.33757989356917,220.66882524225448,568.0582534397643,250.44228586885666,0.08380814641714096,0.9999464750289917,
2026-07-15T21:49:35.905,58.81195113901049,20260715_214837_front_fusion_ego_1533,speedsweep_slow,fusion_ego_1533,6339838,4,vehicle,0.0890301764011383,106.59855601545932,102.14900791332254,1.3374712366855643,-18.816226545056715,6.822823524475098,2.4235453605651855,2.979735851287842,19.165081485483764,378.0729166666667,225.55555555555557,353.877451783667,207.3034218284819,402.26838154966634,243.80768928262924,0.002511336700990796,0.9940155744552612,
2026-07-15T21:49:36.028,58.93560949503444,20260715_214837_front_fusion_ego_1533,speedsweep_slow,fusion_ego_1533,6339839,0,vehicle,0.6609240174293518,109.63792447588737,109.33971850684419,1.0150784193347828,86.35018180704294,5.877688884735107,2.236011505126953,2.458557605743408,15.236857601550502,483.71093750000006,243.33333333333334,439.72731915861374,221.45321508248648,527.6945558413863,265.21345158418023,0.10213305801153183,0.9999878406524658,
2026-07-15T21:49:36.028,58.93560949503444,20260715_214837_front_fusion_ego_1533,speedsweep_slow,fusion_ego_1533,6339839,1,vehicle,0.2667011618614197,105.17483947671049,102.96010777576622,1.2502735259719102,-24.5477874444503,6.472127914428711,2.3735291957855225,2.939718723297119,17.629948500876832,378.0729166666667,217.7777777777778,350.779726224641,198.8130437003242,405.36610710869235,236.7425118552314,0.0014940645778551698,0.9991990923881531,
2026-07-15T21:49:36.028,58.93560949503444,20260715_214837_front_fusion_ego_1533,speedsweep_slow,fusion_ego_1533,6339839,2,vehicle,0.21568536758422852,103.1037854134338,83.88854590755491,0.7331742174621354,-69.5229101567467,5.0512919425964355,1.9401707649230957,1.7543975114822388,35.51028683043303,253.53125000000003,225.55555555555557,238.5883051194251,217.9487043950293,268.47419488057494,233.16240671608185,0.019428379833698273,0.9998791217803955,
2026-07-15T21:49:36.028,58.93560949503444,20260715_214837_front_fusion_ego_1533,speedsweep_slow,fusion_ego_1533,6339839,3,vehicle,0.13493749499320984,109.64946268774037,120.68437974294102,1.0300312661270365,123.70291869914146,5.30351448059082,1.9926073551177979,2.3563530445098877,11.91178487522666,716.1145833333334,262.22222222222223,654.0278850694498,214.9393583668603,778.201281597217,309.50508607758417,0.9842334389686584,0.9752272963523865,
2026-07-15T21:49:36.028,58.93560949503444,20260715_214837_front_fusion_ego_1533,speedsweep_slow,fusion_ego_1533,6339839,4,vehicle,0.1318950355052948,117.07364426223218,108.30492502497265,1.1196729900387141,45.11983066494663,5.968843460083008,2.133777379989624,2.754230499267578,21.98817118206768,545.9817708333334,235.55555555555557,508.63889115055406,218.4172734949324,583.3246505161127,252.69383761617874,0.12452707439661026,0.9999586343765259,
2026-07-15T21:49:36.028,58.93560949503444,20260715_214837_front_fusion_ego_1533,speedsweep_slow,fusion_ego_1533,6339839,5,vehicle,0.10832230746746063,119.42034396090764,121.17049051224141,0.8717568285778121,39.57506227098351,4.59583044052124,1.6731101274490356,1.8948328495025635,21.67170116133447,768.3776041666667,278.8888888888889,737.8021782214444,252.26493888431128,798.9530301118891,305.51283889346655,0.006193442270159721,0.6608489751815796,
2026-07-15T21:49:36.156,59.062958433059976,20260715_214837_front_fusion_ego_1533,speedsweep_slow,fusion_ego_1533,6339840,0,vehicle,0.268561452627182,105.20336085252114,85.98769213824721,0.6759131135263257,-68.73792798461935,5.19863748550415,1.9702703952789307,1.7274194955825806,33.66478753334513,252.41927083333334,225.55555555555557,236.5714982089897,217.71138790580963,268.267043457677,233.3997232053015,0.013670060783624649,0.9992220401763916,
2026-07-15T21:49:36.156,59.062958433059976,20260715_214837_front_fusion_ego_1533,speedsweep_slow,fusion_ego_1533,6339840,1,vehicle,0.26340776681900024,111.15754885438947,106.92536863598711,0.9023935465405288,171.6357492355835,5.5017313957214355,2.0916614532470703,2.3059473037719727,17.798036899617586,475.92708333333337,243.33333333333334,441.5709286456307,224.90707417329153,510.283238021036,261.7595924933752,0.06628761440515518,0.9997848868370056,
2026-07-15T21:49:36.156,59.062958433059976,20260715_214837_front_fusion_ego_1533,speedsweep_slow,fusion_ego_1533,6339840,2,vehicle,0.20952938497066498,105.13557268579778,102.49239801560229,1.2482861120966917,-19.641123711610028,6.300116539001465,2.337754249572754,2.9813027381896973,17.866860823661703,378.0729166666667,217.7777777777778,349.96241555611294,198.83654879199136,406.1834177772204,236.71900676356424,0.0005373975145630538,0.9999371767044067,
2026-07-15T21:49:36.156,59.062958433059976,20260715_214837_front_fusion_ego_1533,speedsweep_slow,fusion_ego_1533,6339840,3,vehicle,0.20747217535972595,117.1235944679362,108.78338002034955,1.2245521478768824,6.0144910889233145,5.865092754364014,2.187223434448242,2.7135510444641113,21.648322566789524,545.9817708333334,235.55555555555557,508.63119216760003,218.7989929649565,583.3323494990667,252.31211814615463,0.4958971440792084,0.999756395816803,
2026-07-15T21:49:36.284,59.19126155809499,20260715_214837_front_fusion_ego_1533,speedsweep_slow,fusion_ego_1533,6339841,0,vehicle,0.5403310656547546,104.3297990491037,85.24407165332943,0.6104529964307392,-63.616721173026484,5.064447402954102,1.9529036283493042,1.5500953197479248,34.03365234466145,253.53125000000003,226.66666666666669,238.42292969301346,219.00181005398434,268.63957030698657,234.33152327934903,0.020092666149139404,0.9998511075973511,
2026-07-15T21:49:36.284,59.19126155809499,20260715_214837_front_fusion_ego_1533,speedsweep_slow,fusion_ego_1533,6339841,1,vehicle,0.3454567790031433,109.36569637688415,108.20280790545387,0.9427677283969835,-103.8628993135535,5.584768772125244,2.0880544185638428,2.300579071044922,15.41991128108349,475.92708333333337,243.33333333333334,440.50469267865026,223.13489933808646,511.3494739880165,263.53176732858026,0.17603372037410736,0.9999817609786987,
2026-07-15T21:49:36.284,59.19126155809499,20260715_214837_front_fusion_ego_1533,speedsweep_slow,fusion_ego_1533,6339841,2,vehicle,0.25142088532447815,106.66998715723042,99.69179464368122,1.2243124302906987,7.255428134957127,6.56992244720459,2.3518435955047607,2.9868640899658203,20.851237580358273,378.0729166666667,217.7777777777778,352.12061545501155,201.25564383135904,404.0252178783218,234.29991172419656,0.0005337508046068251,0.9997950196266174,
2026-07-15T21:49:36.284,59.19126155809499,20260715_214837_front_fusion_ego_1533,speedsweep_slow,fusion_ego_1533,6339841,3,vehicle,0.21525907516479492,111.6019143351468,117.29991432058013,0.8655614734528077,9.063681040932822,4.4830708503723145,1.7864924669265747,1.5512676239013672,13.616975418087055,652.7317708333334,261.11111111111114,595.8037347396215,239.54601830906338,709.6598069270452,282.6762039131589,0.07808500528335571,0.9998192191123962,
2026-07-15T21:49:36.284,59.19126155809499,20260715_214837_front_fusion_ego_1533,speedsweep_slow,fusion_ego_1533,6339841,4,vehicle,0.16751284897327423,118.12290722373515,109.12780323878427,1.2242847926625258,-130.78067803336776,6.4180169105529785,2.345135450363159,2.863995313644409,22.215033796262016,547.09375,235.55555555555557,507.04687933623796,218.13703629705643,587.1406206637621,252.97407481405472,0.6829685568809509,0.9997197985649109,
2026-07-15T21:49:36.410,59.31765018601436,20260715_214837_front_fusion_ego_1533,speedsweep_slow,fusion_ego_1533,6339842,0,vehicle,0.538349449634552,112.9693873270138,106.80665779755553,1.079867874001592,127.65674912672706,5.823503017425537,2.165820360183716,2.5259323120117188,18.832505033053067,475.92708333333337,243.33333333333334,442.9386911441883,227.15978463490805,508.91547552247846,259.50688203175866,0.20164720714092255,0.9999780654907227,
2026-07-15T21:49:36.410,59.31765018601436,20260715_214837_front_fusion_ego_1533,speedsweep_slow,fusion_ego_1533,6339842,1,vehicle,0.4442287087440491,103.6729685734366,86.49595143144231,0.785542331883148,-106.84726895287724,5.11949348449707,1.8870410919189453,1.7766088247299194,32.460256130662714,253.53125000000003,226.66666666666669,238.12670655176046,218.18823794523877,268.93579344823956,235.1450953880946,0.011928975582122803,0.999915361404419,
2026-07-15T21:49:36.410,59.31765018601436,20260715_214837_front_fusion_ego_1533,speedsweep_slow,fusion_ego_1533,6339842,2,vehicle,0.26784008741378784,114.18630071024155,110.52726835604682,1.0036732693226131,96.35325034140713,4.970210552215576,1.9101660251617432,2.0958240032196045,17.86385028947973,554.8776041666667,244.44444444444446,521.3742836366098,227.48368170526294,588.3809246967237,261.405207183626,0.3660989999771118,0.9998520612716675,
2026-07-15T21:49:36.410,59.31765018601436,20260715_214837_front_fusion_ego_1533,speedsweep_slow,fusion_ego_1533,6339842,3,vehicle,0.22683198750019073,107.54547886203166,102.32898355801561,1.7076561358996656,4.42933875302243,7.088593482971191,2.492762804031372,3.3688879013061523,18.663693120635575,378.0729166666667,225.55555555555557,354.4905167060594,203.41291341516708,401.655316627274,247.69819769594406,0.0005552205839194357,0.9999603033065796,
2026-07-15T21:49:36.410,59.31765018601436,20260715_214837_front_fusion_ego_1533,speedsweep_slow,fusion_ego_1533,6339842,4,vehicle,0.19491590559482574,107.85157430912325,120.83784445272516,1.6002127524700347,-41.55530586176456,5.779879093170166,2.070748805999756,2.8449463844299316,9.934954782206896,796.1770833333334,243.33333333333334,747.6327052017053,155.46995957692465,844.7214614649614,331.19670708974206,0.49258920550346375,0.9179992079734802,
2026-07-15T21:49:36.410,59.31765018601436,20260715_214837_front_fusion_ego_1533,speedsweep_slow,fusion_ego_1533,6339842,5,vehicle,0.18346700072288513,106.79910305429006,117.28555381029129,0.8117362807108159,-14.025221746129896,5.610850811004639,1.9791373014450073,1.8964606523513794,8.710392408805987,732.7942708333334,297.77777777777777,639.9971058269342,234.87619982825387,825.5914358397325,360.6793557273017,0.027077775448560715,0.999869704246521,
2026-07-15T21:49:36.410,59.31765018601436,20260715_214837_front_fusion_ego_1533,speedsweep_slow,fusion_ego_1533,6339842,6,vehicle,0.18302594125270844,119.60502976004376,121.41960320918118,0.8488476692481387,70.49558123004833,4.626017093658447,1.579602599143982,2.1320178508758545,21.615669474730453,787.28125,287.77777777777777,771.9255728237331,246.6032479868995,802.6369271762669,328.95230756865607,0.556812584400177,0.016431013122200966,
2026-07-15T21:49:36.410,59.31765018601436,20260715_214837_front_fusion_ego_1533,speedsweep_slow,fusion_ego_1533,6339842,7,vehicle,0.17836086452007294,110.37103796491984,117.29551601485879,0.8957438853883948,-11.280080847693988,3.921139717102051,1.6139053106307983,1.418501377105713,12.244401139050437,661.6276041666667,262.22222222222223,606.7419682691495,238.52092338932886,716.513240064184,285.9235210551156,0.8468800187110901,0.9990992546081543,
2026-07-15T21:49:36.537,59.44420133100357,20260715_214837_front_fusion_ego_1533,speedsweep_slow,fusion_ego_1533,6339843,0,vehicle,0.7706391215324402,108.90026660165677,108.09002584902264,1.1277240264780206,88.08929515418389,5.895641803741455,2.2089974880218506,2.497549533843994,14.64908933488614,475.92708333333337,244.44444444444446,435.4842940618595,223.6871221330431,516.3698726048073,265.2017667558458,0.18521077930927277,0.9999991655349731,
2026-07-15T21:49:36.537,59.44420133100357,20260715_214837_front_fusion_ego_1533,speedsweep_slow,fusion_ego_1533,6339843,1,vehicle,0.5865744948387146,104.26879138088434,87.80093898931335,0.9216534572269683,-88.53843310302506,5.41702938079834,2.0228941440582275,1.9102691411972046,31.021305982117667,253.53125000000003,226.66666666666669,235.84215425327423,217.35095868508023,271.2203457467258,235.98237464825314,0.03431716188788414,0.9999591112136841,
2026-07-15T21:49:36.537,59.44420133100357,20260715_214837_front_fusion_ego_1533,speedsweep_slow,fusion_ego_1533,6339843,2,vehicle,0.3703213334083557,112.07715387425921,111.29961652476159,1.0141334627141068,74.49905195366814,5.143963813781738,1.960257887840271,2.1068813800811768,15.392213454045239,563.7734375,244.44444444444446,524.4257362931967,225.3256764676836,603.1211387068033,263.5632124212053,0.2964801788330078,0.9999978542327881,
2026-07-15T21:49:36.537,59.44420133100357,20260715_214837_front_fusion_ego_1533,speedsweep_slow,fusion_ego_1533,6339843,3,vehicle,0.17326638102531433,105.95965151363363,102.46913860355538,1.5302073400114535,15.671872983637945,6.505435466766357,2.390328884124756,3.1564269065856934,17.516406888199036,376.9609375,217.7777777777778,350.8138933777809,196.87800692187417,403.1079816222191,238.67754863368143,0.00027522427262738347,0.9995014667510986,
2026-07-15T21:49:36.665,59.57177390600555,20260715_214837_front_fusion_ego_1533,speedsweep_slow,fusion_ego_1533,6339844,0,vehicle,0.7269445657730103,108.68598242724369,108.39390749875238,1.1301161313865111,124.34415435871335,5.701546669006348,2.176720142364502,2.3340706825256348,13.973597035125346,475.92708333333337,244.44444444444446,435.8721382816633,223.2207414176729,515.9820283850034,265.668147471216,0.1587935984134674,0.999997615814209,
2026-07-15T21:49:36.665,59.57177390600555,20260715_214837_front_fusion_ego_1533,speedsweep_slow,fusion_ego_1533,6339844,1,vehicle,0.5174245834350586,103.38089604375541,87.07658052442781,0.9561205777778561,-91.60096076052393,5.144195079803467,1.9415260553359985,1.820623517036438,31.284606869318843,253.53125000000003,226.66666666666669,237.84806381538513,217.65326778093976,269.2144361846149,235.68006555239361,0.027741584926843643,0.9999614953994751,
2026-07-15T21:49:36.665,59.57177390600555,20260715_214837_front_fusion_ego_1533,speedsweep_slow,fusion_ego_1533,6339844,2,vehicle,0.37553688883781433,113.34999476050464,110.74218109336542,1.0610734834626456,57.18193439300666,5.1641058921813965,1.9803836345672607,2.2647852897644043,16.503942483301618,564.8854166666667,244.44444444444446,523.7906221623223,223.9517327811983,605.9802111710112,264.9371561076906,0.1284722536802292,0.9999949932098389,
2026-07-15T21:49:36.665,59.57177390600555,20260715_214837_front_fusion_ego_1533,speedsweep_slow,fusion_ego_1533,6339844,3,vehicle,0.1612878143787384,107.05939988560114,101.9377534330133,1.6343929859879762,30.21862992495763,6.643105983734131,2.3718276023864746,3.2243974208831787,18.16941950279032,376.9609375,225.55555555555557,352.5972641557455,204.582433435652,401.3246108442545,246.52867767545914,0.0006556832231581211,0.9985384941101074,
2026-07-15T21:49:36.788,59.695006586029194,20260715_214837_front_fusion_ego_1533,speedsweep_slow,fusion_ego_1533,6339845,0,vehicle,0.48754048347473145,110.49769856182269,108.19056625375788,1.1755509771682406,117.13649248893594,5.862004280090332,2.1718316078186035,2.51324200630188,15.132495941303329,475.92708333333337,244.44444444444446,435.9739525591334,223.552446630266,515.8802141075333,265.3364422586229,0.03427550941705704,0.9999961853027344,
2026-07-15T21:49:36.788,59.695006586029194,20260715_214837_front_fusion_ego_1533,speedsweep_slow,fusion_ego_1533,6339845,1,vehicle,0.27297088503837585,102.53494864083777,86.25332002025036,1.125086835807648,-127.22608125798428,5.16770601272583,1.9060927629470825,1.867383360862732,31.64743501047263,253.53125000000003,226.66666666666669,236.93058683350685,217.70877073208493,270.1319131664932,235.62456260124844,0.07447456568479538,0.9999582767486572,
2026-07-15T21:49:36.788,59.695006586029194,20260715_214837_front_fusion_ego_1533,speedsweep_slow,fusion_ego_1533,6339845,2,vehicle,0.1723942756652832,106.43464717925144,103.5720257207453,1.6128764636560318,69.34767637624509,6.487009525299072,2.33469557762146,3.204153060913086,16.074990465587366,378.0729166666667,225.55555555555557,352.1153852368395,201.6064974996779,404.0304480964939,249.50461361143326,0.004857989028096199,0.9998311996459961,
2026-07-15T21:49:36.788,59.695006586029194,20260715_214837_front_fusion_ego_1533,speedsweep_slow,fusion_ego_1533,6339845,3,vehicle,0.172109916806221,112.77728906531819,110.38406120782014,1.051449268601605,69.03215576803123,5.2142229080200195,1.973002314567566,2.2744197845458984,15.852614527061517,573.78125,244.44444444444446,532.2943195700645,224.9136981036928,615.2681804299355,263.9751907851961,0.10805229842662811,0.999975323677063,
2026-07-15T21:49:36.916,59.823382109054364,20260715_214837_front_fusion_ego_1533,speedsweep_slow,fusion_ego_1533,6339846,0,vehicle,0.47724512219429016,107.72121743752362,100.49372719038763,1.668290929047819,4.251391896604878,7.379051685333252,2.6500401496887207,3.3142812252044678,18.99526355609286,378.0729166666667,225.55555555555557,350.0270997385184,202.49714824888443,406.11873359481496,248.6139628622267,0.020766867324709892,0.9999871253967285,
2026-07-15T21:49:36.916,59.823382109054364,20260715_214837_front_fusion_ego_1533,speedsweep_slow,fusion_ego_1533,6339846,1,vehicle,0.37937453389167786,111.54204078431061,106.6673024065364,1.1088295120643148,139.98740403774787,5.737526893615723,2.1251144409179688,2.439824104309082,16.533052629755684,475.92708333333337,244.44444444444446,437.1444811125597,225.30332472589282,514.7096855541071,263.5855641629961,0.02552204765379429,0.9999961853027344,
2026-07-15T21:49:36.916,59.823382109054364,20260715_214837_front_fusion_ego_1533,speedsweep_slow,fusion_ego_1533,6339846,2,vehicle,0.29305368661880493,112.88886082727262,108.34962123373234,1.294055290060877,68.5695519225623,5.61276912689209,2.124410390853882,2.1497843265533447,16.615682443475585,590.4609375,252.22222222222223,547.3236155435443,233.88156844509973,633.5982594564557,270.5628759993447,0.1713099628686905,0.99888676404953,
2026-07-15T21:49:36.916,59.823382109054364,20260715_214837_front_fusion_ego_1533,speedsweep_slow,fusion_ego_1533,6339846,3,vehicle,0.19866856932640076,101.33911848455784,89.99971862714256,0.2549910184386399,-27.784788404562402,4.994909286499023,1.8446933031082153,1.3005865812301636,27.455085092012776,253.53125000000003,234.44444444444446,232.0590124204755,225.66901293065814,275.0034875795245,243.21987595823077,6.449298962252215e-05,0.9994144439697266,
2026-07-15T21:49:37.054,59.96083315007854,20260715_214837_front_fusion_ego_1533,speedsweep_slow,fusion_ego_1533,6339847,0,vehicle,0.5019578337669373,109.13831670460728,108.62231116342558,1.1359953092714028,106.25821689173996,5.5063958168029785,2.0376827716827393,2.5609283447265625,13.01512549146778,483.71093750000006,244.44444444444446,446.4020733237267,220.87580945756702,521.0198016762733,268.0130794313219,0.039990294724702835,0.999998927116394,
2026-07-15T21:49:37.054,59.96083315007854,20260715_214837_front_fusion_ego_1533,speedsweep_slow,fusion_ego_1533,6339847,1,vehicle,0.23866017162799835,101.262626962701,89.90536627323296,0.3631525167850844,-30.221830497774604,4.984179973602295,1.8825099468231201,1.2832999229431152,27.13500169821243,253.53125000000003,234.44444444444446,233.01270166412,225.24029042985705,274.04979833588004,243.64859845903186,0.00023427001724485308,0.9995406866073608,
2026-07-15T21:49:37.054,59.96083315007854,20260715_214837_front_fusion_ego_1533,speedsweep_slow,fusion_ego_1533,6339847,2,vehicle,0.23537693917751312,107.73555834936477,99.26642910240874,1.6349493629727874,4.3355841160349975,7.0564799308776855,2.5107638835906982,3.1467723846435547,19.65081696653236,378.0729166666667,226.66666666666669,348.2046582127611,207.51987497011822,407.94117512057227,245.81345836321515,0.001591770094819367,0.9996511936187744,
2026-07-15T21:49:37.054,59.96083315007854,20260715_214837_front_fusion_ego_1533,speedsweep_slow,fusion_ego_1533,6339847,3,vehicle,0.19816406071186066,117.47046434632571,109.38478664014806,1.3241982231006424,168.30844481851835,5.1624436378479,2.0150890350341797,2.176830291748047,19.835086764641225,600.46875,252.22222222222223,561.9773570373654,235.18234683407678,638.9601429626346,269.2620976103677,0.47894513607025146,0.9730858206748962,
2026-07-15T21:49:37.054,59.96083315007854,20260715_214837_front_fusion_ego_1533,speedsweep_slow,fusion_ego_1533,6339847,4,vehicle,0.15095315873622894,113.81832652882866,106.73591761738298,1.4364925712353545,140.30841620868298,5.674296855926514,2.1809725761413574,2.6323630809783936,17.881756149698962,555.9895833333334,244.44444444444446,513.2585099836191,225.27654555108813,598.7206566830477,263.6123433378008,0.08270788937807083,0.9975027441978455,
2026-07-15T21:49:37.178,60.085317320073955,20260715_214837_front_fusion_ego_1533,speedsweep_slow,fusion_ego_1533,6339848,0,vehicle,0.47476619482040405,109.8403572849738,108.14479629605967,1.1763072366555498,96.98598493129123,5.426629066467285,2.046621561050415,2.501042604446411,13.393168520735323,483.71093750000006,244.44444444444446,448.50777697563177,221.6505065229204,518.9140980243683,267.2383823659685,0.005077988840639591,0.999998927116394,
2026-07-15T21:49:37.178,60.085317320073955,20260715_214837_front_fusion_ego_1533,speedsweep_slow,fusion_ego_1533,6339848,1,vehicle,0.29720422625541687,113.59670266990517,110.54533136233648,1.2327746457870017,-55.14859149881386,5.123456001281738,1.9547394514083862,2.0896975994110107,15.416812929079203,618.2604166666667,253.33333333333334,571.9508910352986,233.13176115353903,664.5699422980349,273.5349055131277,0.21039925515651703,0.9981803894042969,
2026-07-15T21:49:37.178,60.085317320073955,20260715_214837_front_fusion_ego_1533,speedsweep_slow,fusion_ego_1533,6339848,2,vehicle,0.2511892020702362,101.13033124659643,90.58204275237713,0.5929375139706643,-34.2756093848172,4.773136138916016,1.8357882499694824,1.3248839378356934,25.99523544505704,253.53125000000003,234.44444444444446,234.6857717856765,224.91699841287402,272.3767282143235,243.9718904760149,0.0014772751601412892,0.9986684322357178,
2026-07-15T21:49:37.178,60.085317320073955,20260715_214837_front_fusion_ego_1533,speedsweep_slow,fusion_ego_1533,6339848,3,vehicle,0.24586589634418488,116.6854984583121,106.51911070536511,1.3155400629334633,168.99220556070796,5.65240478515625,2.1618924140930176,2.4055423736572266,19.979380263875758,573.78125,252.22222222222223,535.3822162002325,231.9564844502343,612.1802837997675,272.48795999421014,0.050340354442596436,0.9994550347328186,
2026-07-15T21:49:37.178,60.085317320073955,20260715_214837_front_fusion_ego_1533,speedsweep_slow,fusion_ego_1533,6339848,4,vehicle,0.18378691375255585,106.60778792324587,99.01006832179849,1.565081724710788,45.87041342470458,6.767360687255859,2.4733519554138184,2.9953508377075195,18.92607664613043,378.0729166666667,226.66666666666669,346.49470455447835,209.16407624880475,409.651128778855,244.16925708452862,0.0011459870729595423,0.9981164932250977,
2026-07-15T21:49:37.298,60.20555212209001,20260715_214837_front_fusion_ego_1533,speedsweep_slow,fusion_ego_1533,6339849,0,vehicle,0.38826024532318115,100.66077959472626,89.0169049534193,0.918701952778542,-62.5052487335529,4.7084221839904785,1.8357568979263306,1.4823046922683716,27.030213360090425,253.53125000000003,234.44444444444446,234.0070571266115,224.21434190538196,273.05544287338853,244.67454698350696,0.003574907314032316,0.999687910079956,
2026-07-15T21:49:37.298,60.20555212209001,20260715_214837_front_fusion_ego_1533,speedsweep_slow,fusion_ego_1533,6339849,1,vehicle,0.3013211488723755,110.20120684901745,106.99887412026678,1.2041883668200755,-130.61481852528138,5.68991756439209,2.225377321243286,1.9569307565689087,13.881039512192043,484.8229166666667,252.22222222222223,442.9145369107525,233.36825443638696,526.731296422581,271.0761900080575,0.04305339977145195,0.9998012185096741,
2026-07-15T21:49:37.298,60.20555212209001,20260715_214837_front_fusion_ego_1533,speedsweep_slow,fusion_ego_1533,6339849,2,vehicle,0.27259886264801025,118.43988736568784,106.75886178252851,1.4310159590098925,134.36164118929065,5.414309978485107,2.1397883892059326,2.28314208984375,20.942424686276954,582.6770833333334,252.22222222222223,542.5286115457615,234.04814077748193,622.8255551209053,270.3963036669625,0.017773402854800224,0.9991031885147095,
2026-07-15T21:49:37.298,60.20555212209001,20260715_214837_front_fusion_ego_1533,speedsweep_slow,fusion_ego_1533,6339849,3,vehicle,0.10650522261857986,115.29950293452248,110.16843146421809,1.1511346684875838,-81.66243256934256,4.779470443725586,1.8487292528152466,1.8461849689483643,16.70544471190901,643.8359375,261.11111111111114,601.6769685745239,243.57082850403256,685.9949064254761,278.6513937181897,0.0653490498661995,0.9862285852432251,
2026-07-15T21:49:37.428,60.335090445005335,20260715_214837_front_fusion_ego_1533,speedsweep_slow,fusion_ego_1533,6339850,0,vehicle,0.5119888186454773,109.70526448611064,104.501743164385,1.2317935992808884,-104.57627067842341,5.9059672355651855,2.2226345539093018,2.1880385875701904,14.687086888653536,484.8229166666667,252.22222222222223,445.2184225643675,231.78619099987878,524.427410768966,272.6582534445657,0.3527986407279968,0.9999852180480957,
2026-07-15T21:49:37.428,60.335090445005335,20260715_214837_front_fusion_ego_1533,speedsweep_slow,fusion_ego_1533,6339850,1,vehicle,0.4045657515525818,99.86072194331648,88.26779472649237,1.0398739789818237,-67.49061436396687,4.8872199058532715,1.897339105606079,1.652785062789917,27.223535100397473,253.53125000000003,234.44444444444446,232.8530654795468,224.22269072797565,274.2094345204532,244.66619816091327,0.0009905125480145216,0.9994007349014282,
2026-07-15T21:49:37.428,60.335090445005335,20260715_214837_front_fusion_ego_1533,speedsweep_slow,fusion_ego_1533,6339850,2,vehicle,0.2674843668937683,106.75712218761673,98.44861129841127,1.5712041957399112,24.88256258140971,6.948411464691162,2.5391738414764404,3.004192352294922,18.34362413394614,378.0729166666667,226.66666666666669,344.3837643216054,208.2587359348933,411.762069011728,245.07459739844006,0.0004787766665685922,0.9997915625572205,
2026-07-15T21:49:37.550,60.45753657899331,20260715_214837_front_fusion_ego_1533,speedsweep_slow,fusion_ego_1533,6339851,0,vehicle,0.8318929672241211,110.50329564091817,106.12720853051245,1.2904452472281651,30.153776008361017,6.017675876617432,2.3443961143493652,2.287285804748535,13.468647050498877,493.71875000000006,252.22222222222223,443.45189304649836,230.33444358242883,543.9856069535017,274.1100008620156,0.1926402747631073,0.999977707862854,
2026-07-15T21:49:37.550,60.45753657899331,20260715_214837_front_fusion_ego_1533,speedsweep_slow,fusion_ego_1533,6339851,1,vehicle,0.1891440451145172,107.01984306991851,98.44507379685828,1.7151179443818996,46.946977038616716,6.5358781814575195,2.3700077533721924,3.064512252807617,17.770058288819722,385.85677083333337,226.66666666666669,356.74074119081104,206.9339446226756,414.9728004758557,246.39938871065777,0.0003657791530713439,0.9999198913574219,
2026-07-15T21:49:37.550,60.45753657899331,20260715_214837_front_fusion_ego_1533,speedsweep_slow,fusion_ego_1533,6339851,2,vehicle,0.1527409553527832,116.04477300430015,111.4053934312059,1.306751387064363,35.05358637259396,4.951030254364014,1.961195707321167,2.139336109161377,16.153317764491835,707.21875,270.0,648.0917634814978,244.76950585842133,766.3457365185022,295.2304941415787,0.060165561735630035,0.9966296553611755,
2026-07-15T21:49:37.550,60.45753657899331,20260715_214837_front_fusion_ego_1533,speedsweep_slow,fusion_ego_1533,6339851,3,vehicle,0.14866764843463898,100.50426152345146,89.00957194733473,1.2051992144598866,-69.46261828461971,5.077969074249268,1.8888341188430786,1.6662315130233765,25.87651440291643,261.3151041666667,235.55555555555557,241.64022119964164,225.734218094084,280.9899871336917,245.37689301702713,0.7183529138565063,0.9999924898147583,
2026-07-15T21:49:37.672,60.57925687904935,20260715_214837_front_fusion_ego_1533,speedsweep_slow,fusion_ego_1533,6339852,0,vehicle,0.8351435661315918,108.88749064632634,106.20598858039656,1.417738178276669,56.27588794677157,6.113554954528809,2.311269998550415,2.4497153759002686,11.521664997915131,501.5026041666667,252.22222222222223,452.28437096128863,225.37907315625085,550.7208373720448,279.0653712881936,0.22370371222496033,0.9999984502792358,
2026-07-15T21:49:37.672,60.57925687904935,20260715_214837_front_fusion_ego_1533,speedsweep_slow,fusion_ego_1533,6339852,1,vehicle,0.40784236788749695,105.08594553983612,95.85757571202552,1.7567455912909562,67.12619730865978,7.53808069229126,2.7635278701782227,3.2725136280059814,18.899270234773823,378.0729166666667,225.55555555555557,343.6943617562453,202.56602201196884,412.45147157708806,248.5450890991423,0.00036281190114095807,0.9999288320541382,
2026-07-15T21:49:37.672,60.57925687904935,20260715_214837_front_fusion_ego_1533,speedsweep_slow,fusion_ego_1533,6339852,2,vehicle,0.14122456312179565,100.28983461815282,87.89163908306338,1.1795750873836655,-66.86907514848181,5.051449298858643,1.9255183935165405,1.6682623624801636,26.32991321453914,261.3151041666667,235.55555555555557,238.44350167239708,224.8720094892714,284.1867066609363,246.23910162183975,0.040465619415044785,0.9997960925102234,
2026-07-15T21:49:37.816,60.72305187606253,20260715_214837_front_fusion_ego_1533,speedsweep_slow,fusion_ego_1533,6339853,0,vehicle,0.9526254534721375,108.2145908475678,106.960225587185,1.2447310405053345,5.252227922189859,5.815194129943848,2.2388854026794434,2.1482181549072266,9.803077189444974,510.39843750000006,252.22222222222223,467.3639892265201,226.28410233391656,553.4328857734799,278.1603421105279,0.6984306573867798,0.9999998807907104,
2026-07-15T21:49:37.816,60.72305187606253,20260715_214837_front_fusion_ego_1533,speedsweep_slow,fusion_ego_1533,6339853,1,vehicle,0.31280428171157837,99.04449633720992,87.2605755114581,0.9616283381131634,-82.91075476748584,5.071244716644287,1.8876254558563232,1.7683563232421875,26.35389678856592,253.53125000000003,234.44444444444446,232.86168706789616,223.71101823118,274.2008129321039,245.17787065770892,0.0008354356978088617,0.9999123811721802,
2026-07-15T21:49:37.816,60.72305187606253,20260715_214837_front_fusion_ego_1533,speedsweep_slow,fusion_ego_1533,6339853,2,vehicle,0.2171018123626709,107.45615931685363,102.74474239789849,1.1407216697113451,146.34177066481277,5.963985919952393,2.1134443283081055,2.674588203430176,12.608211535223495,385.85677083333337,234.44444444444446,349.2065832813581,208.05013802316455,422.5069583853086,260.83875086572436,0.3773350417613983,0.999574601650238,
2026-07-15T21:49:37.816,60.72305187606253,20260715_214837_front_fusion_ego_1533,speedsweep_slow,fusion_ego_1533,6339853,3,vehicle,0.12566307187080383,107.2528606383937,97.09726590456941,1.8781005055662279,2.345909816701307,6.2978434562683105,2.3813767433166504,3.091890335083008,17.61144237852283,385.85677083333337,217.7777777777778,357.55855452020967,196.18284093009103,414.1549871464571,239.37271462546457,0.0004662012215703726,0.9797704219818115,
2026-07-15T21:49:37.958,60.865327845094725,20260715_214837_front_fusion_ego_1533,speedsweep_slow,fusion_ego_1533,6339854,0,vehicle,0.7804626226425171,107.21450534422377,107.212599973088,1.103517065831313,21.652455212700307,5.222782135009766,2.063394784927368,1.9590630531311035,8.253116184891526,519.2942708333334,252.22222222222223,468.6636051212748,222.27575374974145,569.9249365453919,282.168690694703,0.2773016691207886,0.9999984502792358,
2026-07-15T21:49:37.958,60.865327845094725,20260715_214837_front_fusion_ego_1533,speedsweep_slow,fusion_ego_1533,6339854,1,vehicle,0.27077072858810425,99.21439799745596,88.33761354236883,0.834025045356416,-76.53781715980381,4.966327667236328,1.900231957435608,1.7744430303573608,24.65551925484751,253.53125000000003,234.44444444444446,231.68406081572178,222.57607546117572,275.37843918427825,246.3128134277132,0.0032069110311567783,0.9998030066490173,
2026-07-15T21:49:37.958,60.865327845094725,20260715_214837_front_fusion_ego_1533,speedsweep_slow,fusion_ego_1533,6339854,2,vehicle,0.1634930819272995,105.48577351958915,98.09563268847734,1.4496075652879168,8.981302445935725,6.72020959854126,2.5149455070495605,3.075519323348999,15.399204266461897,385.85677083333337,217.7777777777778,345.8436070804795,193.45310317145456,425.86993458618724,242.10245238410104,0.0012417229590937495,0.9993509650230408,
2026-07-15T21:49:38.092,60.99877034698147,20260715_214837_front_fusion_ego_1533,speedsweep_slow,fusion_ego_1533,6339855,0,vehicle,0.6772134304046631,106.63342527192702,107.12028274636914,1.1175786368943557,1.243599928740385,5.021983623504639,1.8805299997329712,1.8695603609085083,7.321101677267915,528.1901041666667,252.22222222222223,482.6518925527732,219.0024126900567,573.7283157805603,285.44203175438776,0.2954568862915039,1.0,
2026-07-15T21:49:38.092,60.99877034698147,20260715_214837_front_fusion_ego_1533,speedsweep_slow,fusion_ego_1533,6339855,1,vehicle,0.46963316202163696,100.77468027629291,88.56890852753722,0.5083612526914996,-63.95456801139715,5.196792125701904,1.9475065469741821,1.7416170835494995,23.790170681824762,253.53125000000003,234.44444444444446,231.40960798040035,222.3100593354967,275.6528920195997,246.5788295533922,0.00048419510130770504,0.999981164932251,
2026-07-15T21:49:38.092,60.99877034698147,20260715_214837_front_fusion_ego_1533,speedsweep_slow,fusion_ego_1533,6339855,2,vehicle,0.20364277064800262,105.69456408937077,98.68098298785006,1.3039757973526678,74.15349464733755,6.6571574211120605,2.5044825077056885,2.942134141921997,14.27749095176047,385.85677083333337,217.7777777777778,339.9428393070897,189.56288443671335,431.77070235957706,245.99267111884225,0.002427738392725587,0.9996933937072754,
2026-07-15T21:49:38.223,61.129777973052114,20260715_214837_front_fusion_ego_1533,speedsweep_slow,fusion_ego_1533,6339856,0,vehicle,0.8440559506416321,107.08620239802022,106.52164780399374,0.9671207673710502,11.340695607852446,5.347128868103027,2.0741662979125977,1.9854029417037964,7.559925406009103,529.3020833333334,253.33333333333334,465.8429363717636,216.5076514085134,592.7612302949032,290.1590152581533,0.253964364528656,0.9999996423721313,
2026-07-15T21:49:38.223,61.129777973052114,20260715_214837_front_fusion_ego_1533,speedsweep_slow,fusion_ego_1533,6339856,1,vehicle,0.5652434825897217,100.58400005906765,88.92431304284625,0.4853648783577391,-48.223795963244655,5.125442028045654,1.9337695837020874,1.787636637687683,22.951091542065672,253.53125000000003,234.44444444444446,231.48587563261393,222.46769275930194,275.5766243673861,246.42119612958697,0.0014756211312487721,0.9999936819076538,
2026-07-15T21:49:38.223,61.129777973052114,20260715_214837_front_fusion_ego_1533,speedsweep_slow,fusion_ego_1533,6339856,2,vehicle,0.33364567160606384,104.24924255905259,113.13388410529333,1.2247678569709777,6.510922133976143,5.8874921798706055,2.251762628555298,2.288245916366577,2.8570719026737605,750.5859375,244.44444444444446,665.1553757190704,147.5159909990099,836.0164992809296,341.372897889879,0.15526770055294037,0.6446466445922852,
2026-07-15T21:49:38.223,61.129777973052114,20260715_214837_front_fusion_ego_1533,speedsweep_slow,fusion_ego_1533,6339856,3,vehicle,0.24544329941272736,104.26414693661533,95.97073353304907,1.3674855655927054,54.51448841440023,6.827235221862793,2.5097038745880127,3.142324447631836,16.056662088892203,378.0729166666667,216.66666666666669,339.89250216881436,189.33557371298474,416.253331164519,243.99775962034863,0.00039138944703154266,0.9996424913406372,
2026-07-15T21:49:38.349,61.25629722198937,20260715_214837_front_fusion_ego_1533,speedsweep_slow,fusion_ego_1533,6339857,0,vehicle,0.8679975867271423,108.82523559147924,106.3797860016258,1.1214992577025509,-3.3867478309144468,4.936276912689209,1.8499008417129517,1.7694005966186523,8.540172881548036,537.0859375,253.33333333333334,483.0282540470362,218.74067266782126,591.1436209529638,287.92599399884546,0.0920075923204422,1.0,
2026-07-15T21:49:38.349,61.25629722198937,20260715_214837_front_fusion_ego_1533,speedsweep_slow,fusion_ego_1533,6339857,1,vehicle,0.6175978779792786,101.81840967389171,89.03447885007519,0.5563142834391925,-51.539122317222905,5.236647605895996,1.9541879892349243,1.793238878250122,22.372517473022135,252.41927083333334,234.44444444444446,229.40519261484346,221.92712750699786,275.43334905182326,246.96176138189105,0.003313319990411401,0.9999996423721313,
2026-07-15T21:49:38.349,61.25629722198937,20260715_214837_front_fusion_ego_1533,speedsweep_slow,fusion_ego_1533,6339857,2,vehicle,0.4531019330024719,105.12836929216421,112.43453292464181,1.5637784319011612,0.27581877161132057,6.681760787963867,2.5784926414489746,2.8589425086975098,3.3783848069882625,839.5442708333334,253.33333333333334,788.2271739815673,149.5547612508138,890.8613676850995,357.1119054158529,0.02394700236618519,0.005649837665259838,
2026-07-15T21:49:38.349,61.25629722198937,20260715_214837_front_fusion_ego_1533,speedsweep_slow,fusion_ego_1533,6339857,3,vehicle,0.25549545884132385,107.83720068226964,98.42655385549247,1.1359424883313198,104.7238555949741,7.091272354125977,2.442406177520752,3.006596326828003,14.253059203678111,385.85677083333337,225.55555555555557,345.01644680400693,199.13846108648514,426.6970948626598,251.972650024626,0.002712308894842863,0.9998867511749268,
2026-07-15T21:49:38.349,61.25629722198937,20260715_214837_front_fusion_ego_1533,speedsweep_slow,fusion_ego_1533,6339857,4,vehicle,0.14920710027217865,105.78664804041115,96.94490460400561,1.473479279048882,62.16537786593412,7.239241600036621,2.6203558444976807,3.2184011936187744,14.951468040794131,378.0729166666667,215.55555555555557,336.3407449970643,183.35203144285416,419.8050883362691,247.759079668257,0.00014994473895058036,0.9999216794967651,
2026-07-15T21:49:38.483,61.39065004803706,20260715_214837_front_fusion_ego_1533,speedsweep_slow,fusion_ego_1533,6339858,0,vehicle,0.983146607875824,108.58784019256966,106.05796880182308,1.0222774998782649,-17.8884244798607,5.073877811431885,1.9659720659255981,1.696063756942749,8.192891986182145,537.0859375,253.33333333333334,473.48381215333944,219.3097480138143,600.6880628466606,287.3569186528524,0.04740048944950104,1.0,
2026-07-15T21:49:38.483,61.39065004803706,20260715_214837_front_fusion_ego_1533,speedsweep_slow,fusion_ego_1533,6339858,1,vehicle,0.4938814342021942,101.96122967086056,89.52243248539484,0.6695658046909436,-47.764717927566316,5.250655651092529,1.9882100820541382,1.8411461114883423,21.505768071601317,252.41927083333334,234.44444444444446,227.67750425388417,220.87911870744495,277.16103741278255,248.00977018144397,0.0276171937584877,0.9999997615814209,
2026-07-15T21:49:38.483,61.39065004803706,20260715_214837_front_fusion_ego_1533,speedsweep_slow,fusion_ego_1533,6339858,2,vehicle,0.35185956954956055,103.52427887561622,94.42981600442589,1.4235298922844253,63.418100296770554,7.423346519470215,2.7154324054718018,3.294184923171997,16.64508576202608,378.0729166666667,217.7777777777778,333.9332125807802,186.51174293624032,422.21262075255316,249.04381261931528,0.0014121237909421325,0.9998539686203003,
2026-07-15T21:49:38.483,61.39065004803706,20260715_214837_front_fusion_ego_1533,speedsweep_slow,fusion_ego_1533,6339858,3,vehicle,0.17795032262802124,106.93834555957281,111.83940419285764,1.3048509572720772,13.586330591819838,6.0966997146606445,2.220263957977295,2.615248918533325,4.932370087394382,830.6484375,261.11111111111114,768.6489604413509,126.91870636410184,892.6479145586492,395.3035158581204,0.011522369459271431,0.36286571621894836,
2026-07-15T21:49:38.608,61.514673227095045,20260715_214837_front_fusion_ego_1533,speedsweep_slow,fusion_ego_1533,6339859,0,vehicle,0.9259754419326782,108.50979615892358,105.91387411795615,0.9532203916299244,5.975083412837973,4.95381498336792,1.9222649335861206,1.865777611732483,7.933531738105394,538.1979166666667,253.33333333333334,476.77511888245743,215.33492167790732,599.620714450876,291.3317449887594,0.063873790204525,0.9999998807907104,
2026-07-15T21:49:38.608,61.514673227095045,20260715_214837_front_fusion_ego_1533,speedsweep_slow,fusion_ego_1533,6339859,1,vehicle,0.40230584144592285,98.69588868599169,86.65393845727584,0.5874155557243306,-58.69224134467871,5.186408042907715,1.9285637140274048,1.7858905792236328,24.31274428148657,244.63541666666669,234.44444444444446,220.7403584631781,220.42578336265353,268.5304748701553,248.46310552623538,0.010295256972312927,0.9999990463256836,
2026-07-15T21:49:38.608,61.514673227095045,20260715_214837_front_fusion_ego_1533,speedsweep_slow,fusion_ego_1533,6339859,2,vehicle,0.39540547132492065,105.98911835653813,95.24635418952694,1.3638122900890624,66.01157206788551,6.940254211425781,2.479613780975342,3.0303821563720703,15.906849921531174,385.85677083333337,225.55555555555557,343.2194946383437,201.98736760351395,428.49404702832305,249.1237435075972,0.00034850905649363995,0.9999438524246216,
2026-07-15T21:49:38.736,61.643344504060224,20260715_214837_front_fusion_ego_1533,speedsweep_slow,fusion_ego_1533,6339860,0,vehicle,0.971818745136261,108.31410372505506,105.61635583343603,1.0538812446441526,-0.7508712672409317,5.17631721496582,1.9781930446624756,1.908644676208496,7.725852497337599,537.0859375,253.33333333333334,477.15012510120874,214.00408824284872,597.0217498987913,292.662578423818,0.03558386117219925,1.0,
2026-07-15T21:49:38.736,61.643344504060224,20260715_214837_front_fusion_ego_1533,speedsweep_slow,fusion_ego_1533,6339860,1,vehicle,0.5416445732116699,98.79669135657389,88.24886249712787,0.6421057015056426,-27.784169678808254,5.326945781707764,1.9723145961761475,1.9004095792770386,22.48409113067903,244.63541666666669,234.44444444444446,219.18816396469873,220.15061017539767,270.08266936863464,248.73827871349124,0.029408680275082588,0.9999996423721313,
2026-07-15T21:49:38.736,61.643344504060224,20260715_214837_front_fusion_ego_1533,speedsweep_slow,fusion_ego_1533,6339860,2,vehicle,0.3835781216621399,105.97698614826959,95.92318784492458,1.446344030039636,83.91190190612517,7.0616230964660645,2.5550551414489746,3.1374454498291016,14.978361307505342,385.85677083333337,225.55555555555557,343.45909844090545,200.26586684915756,428.2544432257613,250.84524426195358,0.0010427669622004032,0.9995840191841125,
2026-07-15T21:49:38.736,61.643344504060224,20260715_214837_front_fusion_ego_1533,speedsweep_slow,fusion_ego_1533,6339860,3,vehicle,0.18524818122386932,104.1513604893061,93.66146404281419,1.5174534602842242,65.14004242368728,7.910618305206299,2.8347854614257812,3.5848283767700195,16.88309198006593,378.0729166666667,215.55555555555557,341.04256478945416,183.94835445615982,415.1032685438792,247.16275665495132,5.5675816838629544e-05,0.9999434947967529,
2026-07-15T21:49:38.865,61.77267605706584,20260715_214837_front_fusion_ego_1533,speedsweep_slow,fusion_ego_1533,6339861,0,vehicle,0.9623935222625732,109.88693613780318,105.41994252215655,0.8531412874543953,4.501152318845081,5.009031295776367,1.9587513208389282,1.605400800704956,8.961531370996813,537.0859375,253.33333333333334,478.8866657018662,222.61268456776938,595.2852092981339,284.05398209889734,0.06413397938013077,1.0,
2026-07-15T21:49:38.865,61.77267605706584,20260715_214837_front_fusion_ego_1533,speedsweep_slow,fusion_ego_1533,6339861,1,vehicle,0.48316720128059387,99.10507400987802,87.84438515680192,0.7169314912151863,-23.693005599315644,5.278694152832031,1.9975062608718872,1.8186030387878418,22.660444134833917,243.52343750000003,234.44444444444446,214.1208879798651,219.56300344732074,272.9259870201349,249.32588544156818,0.09408027678728104,0.9999997615814209,
2026-07-15T21:49:38.865,61.77267605706584,20260715_214837_front_fusion_ego_1533,speedsweep_slow,fusion_ego_1533,6339861,2,vehicle,0.41998544335365295,103.79666018480142,96.52128330668477,1.5354562253444066,62.24393284652443,7.620296478271484,2.7317376136779785,3.3425087928771973,13.807861005880765,378.0729166666667,225.55555555555557,335.9473715076844,189.64134189817642,420.19846182564896,261.4697692129347,0.00019989925203844905,0.9999003410339355,
2026-07-15T21:49:39.000,61.90737341402564,20260715_214837_front_fusion_ego_1533,speedsweep_slow,fusion_ego_1533,6339862,0,vehicle,0.7573797106742859,108.65003609654221,104.54858872600609,0.9220667745703455,44.855457036085134,5.3593645095825195,2.056654214859009,1.9877830743789673,8.350447412949645,529.3020833333334,253.33333333333334,459.376439695557,214.4780453046163,599.2277269711097,292.1886213620504,0.04812605679035187,0.9999996423721313,
2026-07-15T21:49:39.000,61.90737341402564,20260715_214837_front_fusion_ego_1533,speedsweep_slow,fusion_ego_1533,6339862,1,vehicle,0.5815086960792542,99.82778523159179,89.18474601713663,0.8381030449671805,-31.808326247191292,5.278607368469238,1.9863957166671753,1.8752717971801758,21.079189283046095,243.52343750000003,235.55555555555557,211.28033231198788,218.7364510032866,275.7665426880121,252.37466010782455,0.22364196181297302,0.9999997615814209,
2026-07-15T21:49:39.000,61.90737341402564,20260715_214837_front_fusion_ego_1533,speedsweep_slow,fusion_ego_1533,6339862,2,vehicle,0.3165096342563629,105.27427006583551,98.04396461777712,1.3044047614394645,-43.637299778155345,5.7859625816345215,2.1959805488586426,2.756747007369995,12.380235256612481,385.85677083333337,234.44444444444446,350.6378210311135,207.84048941400317,421.07572063555324,261.04839947488574,0.0071416692808270454,0.9999485015869141,
2026-07-15T21:49:39.000,61.90737341402564,20260715_214837_front_fusion_ego_1533,speedsweep_slow,fusion_ego_1533,6339862,3,vehicle,0.19438157975673676,104.00439612817455,93.63809065162857,1.4788211912904634,44.3917211408765,7.296260356903076,2.6339831352233887,3.235029458999634,16.528763076698322,378.0729166666667,224.44444444444446,340.40288747350377,197.4290904071596,415.7429458598296,251.4597984817293,0.0007299563148990273,0.9999598264694214,
2026-07-15T21:49:39.122,62.02908984501846,20260715_214837_front_fusion_ego_1533,speedsweep_slow,fusion_ego_1533,6339863,0,vehicle,0.7842879891395569,109.85051161093507,104.1410019445932,1.0166274323224254,24.39495098650236,4.94445276260376,1.9637662172317505,1.7751215696334839,9.347247338026255,528.1901041666667,253.33333333333334,467.86283348004025,221.4563842614492,588.5173748532932,285.2102824052175,0.06794183701276779,0.9999997615814209,
2026-07-15T21:49:39.122,62.02908984501846,20260715_214837_front_fusion_ego_1533,speedsweep_slow,fusion_ego_1533,6339863,1,vehicle,0.24077746272087097,101.07594722399611,92.00724606426492,0.9844035606862036,-11.977513245814016,5.315185546875,2.046029806137085,1.5615657567977905,17.957810952061926,243.52343750000003,243.33333333333334,209.6773817911744,227.93643792470297,277.3694932088256,258.73022874196374,0.7803720235824585,0.9999997615814209,
2026-07-15T21:49:39.122,62.02908984501846,20260715_214837_front_fusion_ego_1533,speedsweep_slow,fusion_ego_1533,6339863,2,vehicle,0.18862950801849365,108.51522230173963,97.3052732711892,1.0035688075589915,-57.32004384777381,5.228694915771484,2.0273027420043945,2.343334197998047,13.964776750106154,394.7526041666667,243.33333333333334,354.87799983719987,220.83153088887533,434.6272084961335,265.8351357777914,0.01056238729506731,0.999916672706604,
2026-07-15T21:49:39.247,62.154709695023485,20260715_214837_front_fusion_ego_1533,speedsweep_slow,fusion_ego_1533,6339864,0,vehicle,0.849156379699707,109.82287493326483,104.12571764944617,1.0599437509826333,-4.114221284361343,4.903895854949951,1.9411734342575073,1.756623387336731,9.15207600868161,528.1901041666667,253.33333333333334,477.54586979250115,221.50089104970297,578.8343385408323,285.16577561696374,0.17148125171661377,0.9999998807907104,
2026-07-15T21:49:39.247,62.154709695023485,20260715_214837_front_fusion_ego_1533,speedsweep_slow,fusion_ego_1533,6339864,1,vehicle,0.5786358118057251,99.44803079005445,90.68192487591887,1.0780611787032117,-78.05126068655686,5.284842014312744,2.081892967224121,2.0295917987823486,19.281593923475498,235.73958333333334,235.55555555555557,202.98212245603403,219.6075913641188,268.4970442106327,251.50351974699234,0.3163239359855652,0.9999963045120239,
2026-07-15T21:49:39.247,62.154709695023485,20260715_214837_front_fusion_ego_1533,speedsweep_slow,fusion_ego_1533,6339864,2,vehicle,0.1348026990890503,109.92603173931867,93.31319690146285,0.5395731923370404,170.28298444480956,4.744107246398926,1.762629747390747,1.7652291059494019,17.986502862205,394.7526041666667,252.22222222222223,367.2171025524537,238.3645929230584,422.2881057808797,266.07985152138605,0.07308906316757202,0.9997438788414001,
2026-07-15T21:49:39.247,62.154709695023485,20260715_214837_front_fusion_ego_1533,speedsweep_slow,fusion_ego_1533,6339864,3,vehicle,0.07159417867660522,105.76736231599493,94.20628224046831,1.7849557712767927,7.894706206569634,6.882866859436035,2.4371767044067383,3.5595686435699463,15.82294589691432,386.96875,217.7777777777778,355.9616497159004,191.41296492682565,417.9758502840996,244.14259062872995,0.0002146424085367471,0.9987101554870605,
2026-07-15T21:49:39.380,62.28749440307729,20260715_214837_front_fusion_ego_1533,speedsweep_slow,fusion_ego_1533,6339865,0,vehicle,0.7884721755981445,99.88351933091342,92.01042695711806,0.9038331166269389,-13.314894204252461,4.9785919189453125,1.9888503551483154,1.9804267883300781,17.73010342574234,234.62760416666669,235.55555555555557,198.38291123012704,216.93240258428787,270.87229710320634,254.17870852682327,0.016015736386179924,0.9999967813491821,
2026-07-15T21:49:39.380,62.28749440307729,20260715_214837_front_fusion_ego_1533,speedsweep_slow,fusion_ego_1533,6339865,1,vehicle,0.7256153225898743,109.4401977822881,103.50231434260364,1.2179167961881172,-2.6736381844044623,5.376487731933594,2.012641191482544,1.8480182886123657,9.07138952061756,528.1901041666667,253.33333333333334,475.009834351639,221.2146027882894,581.3703739816945,285.4520638783773,0.11916889995336533,1.0,
2026-07-15T21:49:39.380,62.28749440307729,20260715_214837_front_fusion_ego_1533,speedsweep_slow,fusion_ego_1533,6339865,2,vehicle,0.09528626501560211,105.2654074252693,91.67255647107997,1.764902751129957,-27.258769157925883,8.097131729125977,2.807537078857422,3.5292296409606934,18.032435498309813,378.0729166666667,225.55555555555557,344.4827407921354,203.7291530105803,411.66309254119795,247.38195810053085,0.00017483266128692776,0.9997590184211731,
2026-07-15T21:49:39.497,62.40428120398428,20260715_214837_front_fusion_ego_1533,speedsweep_slow,fusion_ego_1533,6339866,0,vehicle,0.43799710273742676,110.18995973585544,104.14380659626134,1.1307183710803173,13.516778017591506,4.483346939086914,1.7709357738494873,1.6632697582244873,9.10583035867736,528.1901041666667,253.33333333333334,482.725160146753,219.039177497228,573.6550481865804,287.6274891694387,0.22979296743869781,0.9999997615814209,
2026-07-15T21:49:39.497,62.40428120398428,20260715_214837_front_fusion_ego_1533,speedsweep_slow,fusion_ego_1533,6339866,1,vehicle,0.2937062382698059,98.1881510423011,91.38031274316326,0.9897583959261305,-42.022373248234906,5.217782974243164,1.9877293109893799,2.0990397930145264,18.524908508587636,226.84375000000003,235.55555555555557,190.55567552149296,217.99215230676865,263.13182447850704,253.1189588043425,0.04938254505395889,0.999998927116394,
2026-07-15T21:49:39.497,62.40428120398428,20260715_214837_front_fusion_ego_1533,speedsweep_slow,fusion_ego_1533,6339866,2,vehicle,0.13904526829719543,105.71090532035294,93.42979034474008,1.5190681792647471,-21.229373449584116,6.593588352203369,2.431725025177002,3.093588352203369,16.18478819535735,385.85677083333337,217.7777777777778,349.75206894924247,196.10759066210855,421.9614727174243,239.44796489344705,0.0006253967876546085,0.9951125979423523,
2026-07-15T21:49:39.629,62.536247520009056,20260715_214837_front_fusion_ego_1533,speedsweep_slow,fusion_ego_1533,6339867,0,vehicle,0.9340610504150391,110.38816653357141,103.59435580668229,1.0421253192176607,2.991243213880734,5.233653545379639,2.0284430980682373,1.7667479515075684,9.443038473843927,528.1901041666667,253.33333333333334,476.75582052270573,220.95757921536764,579.6243878106277,285.70908745129907,0.07830940186977386,0.9999998807907104,
2026-07-15T21:49:39.629,62.536247520009056,20260715_214837_front_fusion_ego_1533,speedsweep_slow,fusion_ego_1533,6339867,1,vehicle,0.726986825466156,100.43203724947337,93.22614727337722,0.6788865174792797,25.889805850380636,4.881326675415039,1.9661256074905396,1.6000556945800781,16.136218159041118,226.84375000000003,243.33333333333334,192.99436336755753,224.9399205048879,260.6931366324425,261.7267461617788,0.01782665029168129,0.9999996423721313,
2026-07-15T21:49:39.629,62.536247520009056,20260715_214837_front_fusion_ego_1533,speedsweep_slow,fusion_ego_1533,6339867,2,vehicle,0.10073782503604889,105.20478945541183,92.45490000384673,1.5724763385571379,42.0692959865127,7.643050670623779,2.7031044960021973,3.236351490020752,16.889551401689285,378.0729166666667,225.55555555555557,341.0972148428361,204.21522114011978,415.0486184904973,246.89588997099136,0.0001661377609707415,0.9951953291893005,
2026-07-15T21:49:39.764,62.67081273498479,20260715_214837_front_fusion_ego_1533,speedsweep_slow,fusion_ego_1533,6339868,0,vehicle,0.9513963460922241,109.478662405364,103.24470542716182,1.0182231944913624,1.5781598375261257,5.276381015777588,2.054365873336792,1.9603756666183472,8.777289864102835,529.3020833333334,253.33333333333334,469.7895177503427,215.33638079961142,588.814648916324,291.3302858670553,0.09356669336557388,0.9999998807907104,
2026-07-15T21:49:39.764,62.67081273498479,20260715_214837_front_fusion_ego_1533,speedsweep_slow,fusion_ego_1533,6339868,1,vehicle,0.5824713110923767,99.58796531237752,92.98467220374383,0.903834853013272,31.432013273970288,5.075768947601318,2.0171444416046143,1.706045150756836,16.334557919602346,225.73177083333334,243.33333333333334,183.01997675498328,222.98126419385275,268.44356491168344,263.68540247281396,0.40811723470687866,0.9999998807907104,
2026-07-15T21:49:39.764,62.67081273498479,20260715_214837_front_fusion_ego_1533,speedsweep_slow,fusion_ego_1533,6339868,2,vehicle,0.35412710905075073,104.81162070755138,91.36358803152257,1.5491718363212825,67.6708050615073,7.22963285446167,2.6269190311431885,3.1155102252960205,17.723781782802263,378.0729166666667,225.55555555555557,345.5651414419214,203.88416681024765,410.58069189141196,247.2269443008635,0.00391973415389657,0.9987707734107971,
2026-07-15T21:49:39.895,62.80208293907344,20260715_214837_front_fusion_ego_1533,speedsweep_slow,fusion_ego_1533,6339869,0,vehicle,0.9333209991455078,109.13529288347067,102.78272598728799,0.9122057258301006,30.957081138705835,5.665708065032959,2.130528211593628,2.042667865753174,8.658443594839028,529.3020833333334,253.33333333333334,458.9286133994659,212.92044361432394,599.6755532672008,293.74622305234277,0.21833288669586182,0.9999998807907104,
2026-07-15T21:49:39.895,62.80208293907344,20260715_214837_front_fusion_ego_1533,speedsweep_slow,fusion_ego_1533,6339869,1,vehicle,0.702402651309967,99.51971070187513,92.21401656714066,0.791170756549989,3.8789227351712725,5.0932440757751465,1.9578933715820312,1.7405930757522583,16.931553999206496,217.94791666666669,243.33333333333334,180.8794675494234,223.52854212125143,255.01636578390998,263.1381245454153,0.08468462526798248,1.0,
2026-07-15T21:49:39.895,62.80208293907344,20260715_214837_front_fusion_ego_1533,speedsweep_slow,fusion_ego_1533,6339869,2,vehicle,0.09365654736757278,106.57974453958619,92.33242591956288,1.580546840766421,-15.751425652217629,6.0828680992126465,2.278120756149292,3.139451026916504,16.854034232809447,385.85677083333337,217.7777777777778,358.9298101936778,197.40524159537424,412.78373147298896,238.15031396018136,0.002125699305906892,0.9904849529266357,
2026-07-15T21:49:40.024,62.93165978905745,20260715_214837_front_fusion_ego_1533,speedsweep_slow,fusion_ego_1533,6339870,0,vehicle,0.9072635769844055,108.62122751978764,102.11915947652861,0.9503296528745848,4.450926471770304,5.260182857513428,2.0331032276153564,2.1324238777160645,8.604519096458331,538.1979166666667,253.33333333333334,472.127891878287,207.99037535985312,604.2679414550464,298.6762913068136,0.539377748966217,0.9999998807907104,
2026-07-15T21:49:40.024,62.93165978905745,20260715_214837_front_fusion_ego_1533,speedsweep_slow,fusion_ego_1533,6339870,1,vehicle,0.8638344407081604,100.42399937891618,94.75423951456463,0.8927809273756973,-9.715833576989139,4.764481544494629,1.941917061805725,1.6408740282058716,14.09087085329089,216.83593750000003,244.44444444444446,173.40113575011492,222.67728653219012,260.2707392498851,266.2116023566988,0.33575811982154846,0.9999998807907104,
2026-07-15T21:49:40.024,62.93165978905745,20260715_214837_front_fusion_ego_1533,speedsweep_slow,fusion_ego_1533,6339870,2,vehicle,0.21887964010238647,105.20464924588998,91.78600816201978,1.579163820324686,2.2590107625427707,7.636593341827393,2.7529187202453613,3.3845150470733643,16.957317399470245,378.0729166666667,217.7777777777778,341.07621761659783,195.3468249903785,415.06961571673554,240.2087305651771,0.00010848595411516726,0.9993758797645569,
2026-07-15T21:49:40.155,63.0622853920795,20260715_214837_front_fusion_ego_1533,speedsweep_slow,fusion_ego_1533,6339871,0,vehicle,0.817662239074707,108.36495779872567,103.6479112246604,0.6973462065203204,37.75870303649672,5.305448532104492,2.08347487449646,1.8198403120040894,7.195013467306671,547.09375,261.11111111111114,458.75624313950544,219.18551630443997,635.4312568604946,303.0367059177823,0.01686781458556652,0.9999997615814209,
2026-07-15T21:49:40.155,63.0622853920795,20260715_214837_front_fusion_ego_1533,speedsweep_slow,fusion_ego_1533,6339871,1,vehicle,0.7912313342094421,100.077211042763,95.88201021280342,0.7636913869464825,28.6644141283535,4.2635674476623535,1.7543610334396362,1.4425631761550903,12.905761814543872,209.05208333333334,244.44444444444446,169.83006643255553,225.70972767141131,248.27410023411116,263.1791612174776,0.3737800419330597,1.0,
2026-07-15T21:49:40.155,63.0622853920795,20260715_214837_front_fusion_ego_1533,speedsweep_slow,fusion_ego_1533,6339871,2,vehicle,0.22894440591335297,106.08814143647696,91.47760614558538,1.4010983293444537,0.8891914131330433,6.888343811035156,2.4805893898010254,2.9980392456054688,17.215985108285928,378.0729166666667,225.55555555555557,341.4097967321674,207.0214769575331,414.73603660116595,244.08963415357803,0.00043225428089499474,0.9984885454177856,
2026-07-15T21:49:40.294,63.20145932107698,20260715_214837_front_fusion_ego_1533,speedsweep_slow,fusion_ego_1533,6339872,0,vehicle,0.876517117023468,107.38773085754066,103.46440589465027,0.8541146085863729,18.154867284357774,4.847056865692139,1.9588757753372192,1.8151237964630127,6.46610108483175,554.8776041666667,261.11111111111114,478.9878702114026,221.9441146320767,630.7673381219308,300.27810759014557,0.10087551176548004,0.9999995231628418,
2026-07-15T21:49:40.294,63.20145932107698,20260715_214837_front_fusion_ego_1533,speedsweep_slow,fusion_ego_1533,6339872,1,vehicle,0.8260798454284668,100.55539733564333,96.57105168396525,0.9136139009481556,-73.85282198978065,4.240037441253662,1.7486546039581299,1.701514482498169,11.97324826990097,207.94010416666669,244.44444444444446,164.90969626853865,221.7249843147066,250.97051206479472,267.1639045741823,0.8878076672554016,0.9999997615814209,
2026-07-15T21:49:40.294,63.20145932107698,20260715_214837_front_fusion_ego_1533,speedsweep_slow,fusion_ego_1533,6339872,2,vehicle,0.14475493133068085,105.78357027908997,91.49447999274683,1.631535103408035,10.781600500249175,7.82617712020874,2.7865264415740967,3.5352835655212402,16.97761800687798,378.0729166666667,217.7777777777778,341.0159269447128,193.03122030364145,415.12990638862055,242.52433525191415,4.5734457671642303e-05,0.9997047781944275,
2026-07-15T21:49:40.294,63.20145932107698,20260715_214837_front_fusion_ego_1533,speedsweep_slow,fusion_ego_1533,6339872,3,vehicle,0.11417416483163834,102.16439808325384,96.92844746728127,0.7509506822522458,-46.5144434637796,4.04190731048584,1.5858601331710815,1.4124484062194824,11.391445743419224,778.3854166666667,234.44444444444446,745.0030497039359,219.69521668222217,811.7677836293976,249.19367220666675,0.036951497197151184,0.9977993369102478,
2026-07-15T21:49:40.439,63.3458509540651,20260715_214837_front_fusion_ego_1533,speedsweep_slow,fusion_ego_1533,6339873,0,vehicle,0.9216130971908569,108.18360655617712,104.15440424006218,0.851315402549816,17.48453759159431,4.790658950805664,1.8911247253417969,1.6391265392303467,6.403291852723769,564.8854166666667,270.0,475.3345055530469,222.18302249908447,654.4363277802865,317.8169775009155,0.01671086810529232,0.9999997615814209,
2026-07-15T21:49:40.439,63.3458509540651,20260715_214837_front_fusion_ego_1533,speedsweep_slow,fusion_ego_1533,6339873,1,vehicle,0.4973645508289337,102.1334961908563,98.33574290394891,0.7614215617627842,-62.29952473933903,4.474606990814209,1.8625140190124512,1.4698996543884277,9.814081662682312,200.15625,252.22222222222223,142.7866804152727,227.25246204270258,257.5258195847273,277.1919824017419,0.23124396800994873,0.9999988079071045,
2026-07-15T21:49:40.439,63.3458509540651,20260715_214837_front_fusion_ego_1533,speedsweep_slow,fusion_ego_1533,6339873,2,vehicle,0.20874081552028656,112.12678680510427,98.79559974681754,0.8901965143728248,-72.12846865467068,4.416796684265137,1.6994332075119019,1.4814409017562866,12.915146425326855,786.1692708333334,234.44444444444446,757.9411502604684,218.0777391460207,814.3973914061984,250.81114974286822,0.1884024441242218,0.9990763664245605,
2026-07-15T21:49:40.562,63.46908976905979,20260715_214837_front_fusion_ego_1533,speedsweep_slow,fusion_ego_1533,6339874,0,vehicle,0.8723545670509338,107.78942636872836,104.05232849537283,0.8523407163872361,25.290680518465543,5.07431697845459,2.0357728004455566,1.6304538249969482,5.992308346360835,572.6692708333334,270.0,463.79442789157235,215.71523308753967,681.5441137750944,324.2847669124603,0.01039288379251957,0.9999994039535522,
2026-07-15T21:49:40.562,63.46908976905979,20260715_214837_front_fusion_ego_1533,speedsweep_slow,fusion_ego_1533,6339874,1,vehicle,0.7909336686134338,102.20708348126266,98.63396806450919,0.7571431096001315,-38.143780481074245,4.533799171447754,1.843748927116394,1.6793767213821411,9.326643247386684,191.26041666666669,252.22222222222223,131.66286321977776,221.00663794411554,250.8579701135556,283.4378065003289,0.1879683881998062,0.9999998807907104,
2026-07-15T21:49:40.697,63.60399042698555,20260715_214837_front_fusion_ego_1533,speedsweep_slow,fusion_ego_1533,6339875,0,vehicle,0.7086055874824524,102.05323056165928,99.33082870795062,0.8234681097561207,-47.90081203639824,4.597731590270996,1.8472201824188232,1.9278274774551392,8.477700394825098,190.1484375,252.22222222222223,114.86650961637498,215.0969089402093,265.43036538362503,289.34753550423517,0.08227457106113434,0.9999945163726807,
2026-07-15T21:49:40.697,63.60399042698555,20260715_214837_front_fusion_ego_1533,speedsweep_slow,fusion_ego_1533,6339875,1,vehicle,0.6802523136138916,107.71859551864237,103.74168608941983,0.7572723941619179,17.43418546232906,4.447913646697998,1.805965542793274,1.7332160472869873,5.986821994863757,573.78125,270.0,488.23824489116674,216.63044571876526,659.3242551088333,323.36955428123474,0.061667025089263916,0.9999889135360718,
2026-07-15T21:49:40.697,63.60399042698555,20260715_214837_front_fusion_ego_1533,speedsweep_slow,fusion_ego_1533,6339875,2,vehicle,0.17309537529945374,108.75374617919213,91.02229566128595,1.4858860803251719,72.07205656305047,7.218017578125,2.5088307857513428,3.2997310161590576,17.54532802092701,386.96875,226.66666666666669,353.8236994147301,206.371133128802,420.1138005852699,246.96220020453137,3.935271524824202e-05,0.9996103644371033,
2026-07-15T21:49:40.826,63.73363818298094,20260715_214837_front_fusion_ego_1533,speedsweep_slow,fusion_ego_1533,6339876,0,vehicle,0.6627041697502136,107.90768739154524,103.37499961177481,0.8154863663518293,16.277210944320732,4.248467922210693,1.797722578048706,1.6939468383789062,6.207785193122562,582.6770833333334,271.11111111111114,502.55850165088975,226.498976416058,662.795665015777,315.72324580616424,0.14971406757831573,0.9999679327011108,
2026-07-15T21:49:40.826,63.73363818298094,20260715_214837_front_fusion_ego_1533,speedsweep_slow,fusion_ego_1533,6339876,1,vehicle,0.23446565866470337,101.96831359085829,100.65533666872177,0.9776147738901195,-45.219078864782624,4.604456424713135,1.8164246082305908,2.0553078651428223,7.019828256806472,181.25260416666669,252.22222222222223,104.56901598970096,211.44804252518549,257.9361923436324,292.996401919259,0.040659766644239426,0.9999982118606567,
2026-07-15T21:49:40.826,63.73363818298094,20260715_214837_front_fusion_ego_1533,speedsweep_slow,fusion_ego_1533,6339876,2,vehicle,0.22106251120567322,108.30055811185156,89.4301184458041,1.4069775269486169,71.7871908642757,7.250347137451172,2.5287928581237793,3.2574775218963623,18.75989362904644,385.85677083333337,225.55555555555557,353.98447984208667,206.0900029871199,417.72906182458007,245.02110812399124,2.8879032470285892e-05,0.999715268611908,
2026-07-15T21:49:40.970,63.87747211300302,20260715_214837_front_fusion_ego_1533,speedsweep_slow,fusion_ego_1533,6339877,0,vehicle,0.6140973567962646,100.44923975169237,99.30150997095576,0.8020061991993264,-72.7229475375847,4.360210418701172,1.7528865337371826,1.579789400100708,8.607055592432745,155.67708333333334,261.11111111111114,95.93908389409384,230.0970286793179,215.41508277257284,292.12519354290436,0.04848557338118553,0.9999985694885254,
2026-07-15T21:49:40.970,63.87747211300302,20260715_214837_front_fusion_ego_1533,speedsweep_slow,fusion_ego_1533,6339877,1,vehicle,0.4091067612171173,107.52021450456284,104.06548119323794,0.7560529035515793,54.72908995495418,4.067113399505615,1.7157789468765259,1.6547160148620605,5.335240854381723,590.4609375,271.11111111111114,521.2799445837736,229.51678342289395,659.6419304162264,312.7054387993283,0.17112129926681519,0.9996576309204102,
2026-07-15T21:49:40.970,63.87747211300302,20260715_214837_front_fusion_ego_1533,speedsweep_slow,fusion_ego_1533,6339877,2,vehicle,0.1281796544790268,107.93422255130369,86.71295438482286,1.3561181563748066,13.26586291320867,6.97728157043457,2.4877285957336426,3.279865264892578,21.143013998333892,385.85677083333337,226.66666666666669,360.116412760069,210.63242117563885,411.59712890659773,242.70091215769452,8.90253868419677e-05,0.9947638511657715,
2026-07-15T21:49:41.105,64.01169657509308,20260715_214837_front_fusion_ego_1533,speedsweep_slow,fusion_ego_1533,6339878,0,vehicle,0.6231269836425781,100.96154654825487,99.65225142706402,0.8544571713873805,-110.26614000322671,4.194752216339111,1.6823034286499023,1.5625841617584229,7.950751939706482,145.66927083333334,262.22222222222223,84.562659462293,226.384480131997,206.7758822043737,298.05996431244745,0.35460415482521057,0.9999994039535522,
2026-07-15T21:49:41.105,64.01169657509308,20260715_214837_front_fusion_ego_1533,speedsweep_slow,fusion_ego_1533,6339878,1,vehicle,0.6127509474754333,107.6049958743928,103.65749254819792,0.7363239191704873,75.07028652709535,4.234307289123535,1.7702778577804565,1.4972070455551147,5.497875418901027,599.3567708333334,280.0,491.44426258405053,224.05242443084717,707.2692790826162,335.94757556915283,0.06758593022823334,0.9999608993530273,
2026-07-15T21:49:41.105,64.01169657509308,20260715_214837_front_fusion_ego_1533,speedsweep_slow,fusion_ego_1533,6339878,2,vehicle,0.37537094950675964,108.0326544557276,88.60313087155913,1.47544868753871,96.58505159284783,7.714531898498535,2.6745445728302,3.4203786849975586,19.13004591070221,385.85677083333337,226.66666666666669,352.3303183590373,207.185142437617,419.38322330762946,246.14819089571637,4.297812847653404e-05,0.9997038245201111,
2026-07-15T21:49:41.231,64.13849300704896,20260715_214837_front_fusion_ego_1533,speedsweep_slow,fusion_ego_1533,6339879,0,vehicle,0.3524636924266815,107.4645459138775,103.78628128427047,0.7485455758556996,77.56952748233864,3.8948915004730225,1.705488920211792,1.5459789037704468,5.14199575258136,600.46875,278.8888888888889,512.7321964800358,227.46025615268283,688.2053035199642,330.31752162509497,0.06715638190507889,0.9994679093360901,
2026-07-15T21:49:41.231,64.13849300704896,20260715_214837_front_fusion_ego_1533,speedsweep_slow,fusion_ego_1533,6339879,1,vehicle,0.14410975575447083,106.59957618535577,88.90375376421485,1.5771597223938276,58.17980363872112,7.371454238891602,2.6390907764434814,3.4196040630340576,18.346147980980238,378.0729166666667,217.7777777777778,342.2304383243124,195.8779631720649,413.915395009021,239.6775923834907,3.1602441595168784e-05,0.9997768998146057,
2026-07-15T21:49:41.231,64.13849300704896,20260715_214837_front_fusion_ego_1533,speedsweep_slow,fusion_ego_1533,6339879,2,vehicle,0.11200765520334244,101.01630780377997,99.83512842937655,0.8441768091413575,-11.374179086055118,4.299091339111328,1.6874629259109497,1.7939039468765259,7.602822100577322,136.7734375,270.0,56.9613835066557,224.84249711036682,216.58549149334434,315.1575028896332,0.16434600949287415,0.9999245405197144,
2026-07-15T21:49:41.357,64.26454663509503,20260715_214837_front_fusion_ego_1533,speedsweep_slow,fusion_ego_1533,6339880,0,vehicle,0.5009146332740784,107.96238494513882,103.46553224897875,0.7220328834895835,95.11312108029378,4.133699893951416,1.6934864521026611,1.506934404373169,5.574892042417675,608.2526041666667,280.0,506.4713177929322,228.57505083084106,710.0338905404012,331.42494916915894,0.07106941938400269,0.9999216794967651,
2026-07-15T21:49:41.357,64.26454663509503,20260715_214837_front_fusion_ego_1533,speedsweep_slow,fusion_ego_1533,6339880,1,vehicle,0.21447037160396576,107.56234862208738,88.16807400387903,1.5273806923733042,-51.56590499339739,7.628981113433838,2.6231577396392822,3.4179224967956543,19.063537284962944,378.0729166666667,225.55555555555557,350.56715157876414,205.16177091333603,405.57868175456923,245.94934019777511,0.00014512216148432344,0.9999067783355713,
2026-07-15T21:49:41.488,64.3947510389844,20260715_214837_front_fusion_ego_1533,speedsweep_slow,fusion_ego_1533,6339881,0,vehicle,0.5156188607215881,108.02610653106179,102.82656448969969,0.6614608116007805,106.11033303645758,4.04994535446167,1.680641531944275,1.5384225845336914,5.855407991061902,609.3645833333334,280.0,519.8101154168447,231.96234464645386,698.919051249822,328.03765535354614,0.03620920702815056,0.9996069073677063,
2026-07-15T21:49:41.488,64.3947510389844,20260715_214837_front_fusion_ego_1533,speedsweep_slow,fusion_ego_1533,6339881,1,vehicle,0.28041526675224304,107.73675373869004,88.4940624290394,1.732249868545758,30.032081471800225,7.630390644073486,2.670433759689331,3.5375750064849854,18.572049660391485,378.0729166666667,225.55555555555557,345.1000783319275,203.12909457418655,411.0457550014059,247.9820165369246,3.9054157241480425e-05,0.9999724626541138,
2026-07-15T21:49:41.620,64.5270534720039,20260715_214837_front_fusion_ego_1533,speedsweep_slow,fusion_ego_1533,6339882,0,vehicle,0.9439197182655334,108.54962652681539,102.4638844046379,0.8361571480321546,64.78790547950649,5.115713119506836,1.9257614612579346,1.555004358291626,6.253293243591887,617.1484375,287.77777777777777,462.3789518475533,216.56305419074167,771.9179231524467,358.9925013648139,0.032996147871017456,1.0,
2026-07-15T21:49:41.620,64.5270534720039,20260715_214837_front_fusion_ego_1533,speedsweep_slow,fusion_ego_1533,6339882,1,vehicle,0.2656247019767761,107.96389530337756,86.96659382618435,1.7073509677316379,92.12794033883557,7.782413005828857,2.708134651184082,3.486713409423828,19.860254257555493,378.0729166666667,226.66666666666669,343.5047790730993,207.49756077925366,412.64105426023406,245.8357725540797,1.8350381651544012e-05,0.9997507929801941,
2026-07-15T21:49:41.748,64.65564867807552,20260715_214837_front_fusion_ego_1533,speedsweep_slow,fusion_ego_1533,6339883,0,vehicle,0.9315325617790222,108.15049926026693,102.57027087709628,0.6036182496246938,81.12948089057119,4.722769260406494,1.8996832370758057,1.5804312229156494,5.673502088404436,618.2604166666667,287.77777777777777,467.19669965902966,210.36894665824045,769.3241336743038,365.1866088973151,0.0913429781794548,0.9999994039535522,
2026-07-15T21:49:41.748,64.65564867807552,20260715_214837_front_fusion_ego_1533,speedsweep_slow,fusion_ego_1533,6339883,1,vehicle,0.2533782422542572,107.69036269475431,86.282156071293,1.804121495527722,63.33927170647087,8.329458236694336,2.894134998321533,3.6607699394226074,20.182028201148952,378.0729166666667,226.66666666666669,342.5360434080164,206.06603900591534,413.609789925317,247.26729432741803,1.780036836862564e-05,0.9999576807022095,
2026-07-15T21:49:41.872,64.77833883801941,20260715_214837_front_fusion_ego_1533,speedsweep_slow,fusion_ego_1533,6339884,0,vehicle,0.82679682970047,108.16826784119067,102.10183817393667,0.6787944968063515,86.38350705361121,4.545555591583252,1.8239517211914062,1.5281537771224976,5.701250932813895,626.0442708333334,287.77777777777777,508.3903985222181,226.89774142371286,743.6981431444486,348.6578141318427,0.07669132947921753,0.9999951124191284,
2026-07-15T21:49:41.872,64.77833883801941,20260715_214837_front_fusion_ego_1533,speedsweep_slow,fusion_ego_1533,6339884,1,vehicle,0.21605974435806274,107.60690155950809,84.8401692089623,1.5563540557989735,72.43850422763141,7.459246635437012,2.6409552097320557,3.515305519104004,21.248437755716918,385.85677083333337,226.66666666666669,360.7770189022025,208.08189074198407,410.93652276446426,245.2514425913493,0.00016743739251978695,0.9928985834121704,
2026-07-15T21:49:42.007,64.91385876806453,20260715_214837_front_fusion_ego_1533,speedsweep_slow,fusion_ego_1533,6339885,0,vehicle,0.8486073017120361,108.34728906775004,101.31005799847338,0.703500201720201,56.742322603273344,4.352898597717285,1.7394400835037231,1.4417946338653564,6.041493361097904,634.9401041666667,288.8888888888889,518.3903932670753,230.36628537707858,751.4898150662582,347.4114924006992,0.187720388174057,0.9999864101409912,
2026-07-15T21:49:42.007,64.91385876806453,20260715_214837_front_fusion_ego_1533,speedsweep_slow,fusion_ego_1533,6339885,1,vehicle,0.3241291344165802,107.23803105935355,87.61795575376848,1.6768827523098662,159.9454224406872,7.679256439208984,2.734978437423706,3.239151954650879,18.07831012446502,378.0729166666667,226.66666666666669,340.1765055606763,204.80217854181927,415.9693277726571,248.5311547915141,4.0641989471623674e-05,0.9999430179595947,
2026-07-15T21:49:42.007,64.91385876806453,20260715_214837_front_fusion_ego_1533,speedsweep_slow,fusion_ego_1533,6339885,2,vehicle,0.24575300514698029,100.97411098048345,101.86212321684734,0.8154098264218779,77.97693842173473,4.343252182006836,1.6545113325119019,1.7391554117202759,4.6860150643502,31.135416666666668,341.11111111111114,-31.701455225547157,270.6835121578641,93.97228855888049,411.5387100643582,0.5269747972488403,0.9701837301254272,
2026-07-15T21:49:42.141,65.04812888009474,20260715_214837_front_fusion_ego_1533,speedsweep_slow,fusion_ego_1533,6339886,0,vehicle,0.8616140484809875,108.06446238278261,101.37505261745477,0.6712100600189408,63.77057327600602,4.216607093811035,1.704838514328003,1.5231186151504517,5.44760653239253,643.8359375,296.6666666666667,549.1112143993378,237.8780523935954,738.5606606006622,355.455280939738,0.2157706767320633,0.9999884366989136,
2026-07-15T21:49:42.141,65.04812888009474,20260715_214837_front_fusion_ego_1533,speedsweep_slow,fusion_ego_1533,6339886,1,vehicle,0.15100917220115662,111.03618280030035,82.13498279295581,1.0185743181282725,148.90523409360753,5.408681869506836,2.046525239944458,2.134524345397949,23.901343477254116,386.96875,243.33333333333334,363.3935686312616,232.44248737891516,410.5439313687384,254.22417928775153,0.01604788564145565,0.9998297691345215,
2026-07-15T21:49:42.141,65.04812888009474,20260715_214837_front_fusion_ego_1533,speedsweep_slow,fusion_ego_1533,6339886,2,vehicle,0.1179802343249321,102.5636441010341,100.73072527329249,1.1585963927833927,-67.53582475523915,3.8862547874450684,1.588271141052246,2.0038154125213623,4.541447434531258,92.29427083333334,278.8888888888889,37.80963741739591,224.734834962421,146.77890424927077,333.0429428153568,0.6399554014205933,0.9928243160247803,
2026-07-15T21:49:42.141,65.04812888009474,20260715_214837_front_fusion_ego_1533,speedsweep_slow,fusion_ego_1533,6339886,3,vehicle,0.09235524386167526,108.53621038299937,82.2559621589106,1.465744726884258,-27.361556209082416,7.29964017868042,2.588679313659668,3.47483491897583,23.17325255694636,385.85677083333337,226.66666666666669,362.49020167936885,208.3945433298747,409.2233399872979,244.93879000345868,0.0006945039494894445,0.9900800585746765,
2026-07-15T21:49:42.141,65.04812888009474,20260715_214837_front_fusion_ego_1533,speedsweep_slow,fusion_ego_1533,6339886,4,person,0.0846395194530487,98.49751675465635,76.50871053831067,1.0152450139084417,-73.5132762139536,0.7367286086082458,0.5191584825515747,1.9429112672805786,29.03451143302995,199.04427083333334,226.66666666666669,194.69558461879691,215.4703779021899,203.39295704786977,237.86295543114346,0.999826967716217,0.9926173090934753,
2026-07-15T21:49:42.270,65.17744006006978,20260715_214837_front_fusion_ego_1533,speedsweep_slow,fusion_ego_1533,6339887,0,vehicle,0.6631191968917847,108.86684485573234,100.73116919991193,0.5650811720423472,-62.053206098368626,4.306872367858887,1.7159829139709473,1.28004789352417,6.099389284430998,661.6276041666667,297.77777777777777,547.8269392053287,248.98512350188363,775.4282691280048,346.57043205367194,0.396417498588562,0.999993085861206,
2026-07-15T21:49:42.270,65.17744006006978,20260715_214837_front_fusion_ego_1533,speedsweep_slow,fusion_ego_1533,6339887,1,vehicle,0.5731992125511169,105.13517157660252,103.05708604193683,1.0803436996006504,-60.365692172610686,4.053775787353516,1.6547391414642334,2.218228816986084,1.8095715794462546,57.82291666666667,261.11111111111114,19.40116450438897,176.66768259472317,96.24466882894437,345.5545396274991,0.5893107652664185,0.9994370341300964,
2026-07-15T21:49:42.270,65.17744006006978,20260715_214837_front_fusion_ego_1533,speedsweep_slow,fusion_ego_1533,6339887,2,vehicle,0.22572985291481018,107.42352572672587,86.54713382598301,1.680825460220023,129.5880958703904,6.7288055419921875,2.435129404067993,3.0829367637634277,18.289323071515813,385.85677083333337,234.44444444444446,356.018182096382,214.20079198148517,415.6953595702847,254.68809690740375,0.014955230988562107,0.9986870884895325,
2026-07-15T21:49:42.395,65.30262255202979,20260715_214837_front_fusion_ego_1533,speedsweep_slow,fusion_ego_1533,6339888,0,vehicle,0.2437196969985962,109.14898394723782,100.6495819793353,0.7033280441561272,-28.26342858036785,3.8153305053710938,1.593428611755371,1.3673115968704224,5.94528774688947,680.53125,306.6666666666667,579.4146149158478,252.60977307955426,781.6478850841522,360.7235602537791,0.07256695628166199,0.999382495880127,
2026-07-15T21:49:42.395,65.30262255202979,20260715_214837_front_fusion_ego_1533,speedsweep_slow,fusion_ego_1533,6339888,1,vehicle,0.19928555190563202,103.57320737977349,100.83817324292575,1.2199332958516327,-17.181331030832236,4.175854682922363,1.7454115152359009,1.9664407968521118,3.315709351340093,30.023437500000004,270.0,-19.329200223088264,212.51570105552673,79.37607522308826,327.48429894447327,0.8732525706291199,0.9957641363143921,
2026-07-15T21:49:42.395,65.30262255202979,20260715_214837_front_fusion_ego_1533,speedsweep_slow,fusion_ego_1533,6339888,2,vehicle,0.13454490900039673,101.16753886963355,73.61217907252605,1.140315329767247,-12.916874698802376,4.631962299346924,1.7514811754226685,1.9072871208190918,30.60651935386351,332.48177083333337,234.44444444444446,317.8097712968787,226.00570258167056,347.15377036978805,242.88318630721835,0.0009031068184413016,0.9950823783874512,
2026-07-15T21:49:42.395,65.30262255202979,20260715_214837_front_fusion_ego_1533,speedsweep_slow,fusion_ego_1533,6339888,3,vehicle,0.11949193477630615,106.80861689687615,84.68081244257331,1.7991438718731683,33.56579104239686,6.846843719482422,2.442309856414795,3.365915298461914,19.529940533660003,385.85677083333337,226.66666666666669,359.6989083675047,206.80234293142956,412.014633299162,246.5309904019038,0.00019211885228287429,0.9979227185249329,
2026-07-15T21:49:42.395,65.30262255202979,20260715_214837_front_fusion_ego_1533,speedsweep_slow,fusion_ego_1533,6339888,4,vehicle,0.07652377337217331,126.1878519475292,87.5260022129845,1.1645453170684699,150.16315984044812,4.5256452560424805,1.816344976425171,2.0359621047973633,27.396583630548683,555.9895833333334,244.44444444444446,526.3472709407409,232.7614161041048,585.6318957259258,256.1274727847841,0.198370561003685,0.36636871099472046,
2026-07-15T21:49:42.395,65.30262255202979,20260715_214837_front_fusion_ego_1533,speedsweep_slow,fusion_ego_1533,6339888,5,vehicle,0.06127200275659561,100.95750494924921,101.84397510519302,1.0244734821997326,74.67987550278528,4.113943099975586,1.68522047996521,1.8153355121612549,4.066891506394066,48.927083333333336,278.8888888888889,11.749133681257566,232.55642467074924,86.10503298540911,325.22135310702856,0.019591309130191803,0.9993416666984558,
2026-07-15T21:49:42.395,65.30262255202979,20260715_214837_front_fusion_ego_1533,speedsweep_slow,fusion_ego_1533,6339888,6,vehicle,0.05897486209869385,106.46429844847742,107.34637352230254,1.7416299824525148,-0.7759382670422978,7.058358192443848,2.5830044746398926,3.35032057762146,3.927744644765906,795.0651041666667,252.22222222222223,733.6807249436777,107.64614952935113,856.4494833896558,396.7982949150933,0.530992329120636,0.01607515662908554,
2026-07-15T21:49:42.517,65.42386758106295,20260715_214837_front_fusion_ego_1533,speedsweep_slow,fusion_ego_1533,6339889,0,vehicle,0.44449979066848755,108.13998849532447,100.56826460415247,0.970732772159429,42.71531194417246,4.034010887145996,1.7018790245056152,1.5961766242980957,4.713481437982155,725.0104166666667,323.33333333333337,604.0761413375537,247.77609904607138,845.9446919957797,398.89056762059533,0.0961902067065239,0.9999970197677612,
2026-07-15T21:49:42.517,65.42386758106295,20260715_214837_front_fusion_ego_1533,speedsweep_slow,fusion_ego_1533,6339889,1,vehicle,0.20602580904960632,107.94391053179191,85.5686174992147,1.4737864188705663,121.73707561090687,6.1443986892700195,2.2500510215759277,2.73991060256958,18.258787564411985,385.85677083333337,234.44444444444446,352.1929042388996,216.1371358897951,419.52063742776716,252.7517529990938,0.36688467860221863,0.9993707537651062,
2026-07-15T21:49:42.517,65.42386758106295,20260715_214837_front_fusion_ego_1533,speedsweep_slow,fusion_ego_1533,6339889,2,vehicle,0.18651701509952545,101.53410606244914,73.88069826745293,0.9919822492974275,17.793081262102444,4.817873477935791,1.7985612154006958,1.723835825920105,29.76702856282015,332.48177083333337,234.44444444444446,315.6346909006437,226.59325745370654,349.32885076602304,242.29563143518237,0.00024758672225289047,0.9995834231376648,
2026-07-15T21:49:42.517,65.42386758106295,20260715_214837_front_fusion_ego_1533,speedsweep_slow,fusion_ego_1533,6339889,3,vehicle,0.15753498673439026,108.58436079095668,100.75014664166493,0.9624604495714189,57.35985410638164,4.7369232177734375,1.8969612121582031,1.8516814708709717,4.963817631917886,662.7395833333334,315.55555555555554,546.0615475674471,205.20492765638565,779.4176190992197,425.9061834547255,0.18866369128227234,0.9995505213737488,
2026-07-15T21:49:42.654,65.56111434299964,20260715_214837_front_fusion_ego_1533,speedsweep_slow,fusion_ego_1533,6339890,0,vehicle,0.7950087785720825,108.68268080908945,100.25363817537381,0.7551683720765516,99.1595214918658,4.78036642074585,1.9429913759231567,1.582425594329834,4.8905257964550986,679.4192708333334,341.11111111111114,514.8529757161936,186.54511875576443,843.9855659504732,495.6771034664578,0.030087532475590706,0.9999133348464966,
2026-07-15T21:49:42.654,65.56111434299964,20260715_214837_front_fusion_ego_1533,speedsweep_slow,fusion_ego_1533,6339890,1,vehicle,0.34001263976097107,102.05491414007143,72.18769269853932,1.11878760715018,144.03612353749077,5.060683727264404,1.8681855201721191,1.8729662895202637,30.797818872809444,333.59375,234.44444444444446,317.9642387703061,225.8233204152849,349.2232612296939,243.065568473604,9.092292020795867e-05,0.9997541308403015,
2026-07-15T21:49:42.782,65.68937222403474,20260715_214837_front_fusion_ego_1533,speedsweep_slow,fusion_ego_1533,6339891,0,vehicle,0.2679416537284851,102.37332067913329,72.5002146665784,1.040724388991885,-108.83856379219722,5.32477331161499,1.9541682004928589,1.875232219696045,29.789954642090823,333.59375,234.44444444444446,318.1289922334254,225.29152598645953,349.0585077665746,243.59736290242938,3.1701598345534876e-05,0.9994829893112183,
2026-07-15T21:49:42.782,65.68937222403474,20260715_214837_front_fusion_ego_1533,speedsweep_slow,fusion_ego_1533,6339891,1,vehicle,0.17792417109012604,92.81178947411337,72.44902605789069,1.2746991690943332,-41.43959819981521,4.402787208557129,1.8365364074707031,1.9380515813827515,32.0554504372136,207.94010416666669,226.66666666666669,181.59718137482804,217.04057166973752,234.28302695850533,236.29276166359585,0.7637408971786499,0.9826838374137878,
2026-07-15T21:49:42.782,65.68937222403474,20260715_214837_front_fusion_ego_1533,speedsweep_slow,fusion_ego_1533,6339891,2,vehicle,0.13719849288463593,106.77658572512249,82.8653623189599,2.090634933412076,5.765736044359247,7.084918975830078,2.550945520401001,3.5526604652404785,19.43803933805731,385.85677083333337,217.7777777777778,358.5270961200198,196.1067538128959,413.18644554664695,239.4488017426597,2.67678260570392e-05,0.9938704967498779,
2026-07-15T21:49:42.782,65.68937222403474,20260715_214837_front_fusion_ego_1533,speedsweep_slow,fusion_ego_1533,6339891,3,vehicle,0.11494037508964539,108.48707934992883,99.72059125336538,0.8647923098988084,98.27567197000161,4.356379985809326,1.8228943347930908,1.6487884521484375,4.508291518935121,679.4192708333334,358.8888888888889,571.1350989540418,274.3345885806614,787.7034427126249,443.44318919711645,0.41974449157714844,0.9473585486412048,
2026-07-15T21:49:42.782,65.68937222403474,20260715_214837_front_fusion_ego_1533,speedsweep_slow,fusion_ego_1533,6339891,4,vehicle,0.08932529389858246,126.16647508647713,96.8113004432279,1.91109173274643,-4.301528035704819,8.04747486114502,3.0531210899353027,3.7162740230560303,22.06758545739037,840.65625,93.33333333333334,796.7618857771158,-23.38706890741984,884.5506142228843,210.05373557408652,0.0007851615082472563,0.48641523718833923,
2026-07-15T21:49:42.782,65.68937222403474,20260715_214837_front_fusion_ego_1533,speedsweep_slow,fusion_ego_1533,6339891,5,vehicle,0.06760956346988678,126.46545324323046,96.15676095781818,1.439342659918725,24.66439483219799,5.551441192626953,2.183988094329834,2.8544981479644775,22.520281919207143,840.65625,103.33333333333334,801.549180187285,40.03845055898031,879.7633198127152,166.62821610768637,0.05739181488752365,0.02243194356560707,
2026-07-15T21:49:42.914,65.82092076505069,20260715_214837_front_fusion_ego_1533,speedsweep_slow,fusion_ego_1533,6339892,0,vehicle,0.34056270122528076,102.73011199741954,71.82780998841855,1.0566166852296566,51.747683789738495,5.576224327087402,2.0093448162078857,1.9938488006591797,29.695204631207872,332.48177083333337,234.44444444444446,316.6264042121669,225.2247202065256,348.33713745449984,243.6641686823633,1.3632099580718204e-05,0.9995966553688049,
2026-07-15T21:49:42.914,65.82092076505069,20260715_214837_front_fusion_ego_1533,speedsweep_slow,fusion_ego_1533,6339892,1,vehicle,0.23622816801071167,91.4679566782239,70.49729830190832,1.349609960423642,-42.92630578729532,4.5966901779174805,1.8772315979003906,1.9768325090408325,33.743478639451006,207.94010416666669,226.66666666666669,179.18759377549094,216.10004166762036,236.69261455784243,237.233291665713,0.6502053737640381,0.9993987083435059,
2026-07-15T21:49:42.914,65.82092076505069,20260715_214837_front_fusion_ego_1533,speedsweep_slow,fusion_ego_1533,6339892,2,vehicle,0.1972082406282425,109.04552199398286,99.20544519561894,0.6739239622383604,3.8469540413563905,4.248699188232422,1.7640501260757446,1.46843421459198,4.751083924555089,652.7317708333334,342.22222222222223,531.2062136133512,248.90851391686334,774.2573280533155,435.5359305275811,0.10435862094163895,0.9772924184799194,
2026-07-15T21:49:42.914,65.82092076505069,20260715_214837_front_fusion_ego_1533,speedsweep_slow,fusion_ego_1533,6339892,3,vehicle,0.16102489829063416,106.49495434141954,82.83568197615756,2.025537275494448,26.837531531581416,7.084526062011719,2.55417799949646,3.539440393447876,18.675826235669646,386.96875,217.7777777777778,358.6233249232173,196.00705073939432,415.3141750767827,239.54850481616128,2.262149064335972e-05,0.9949187636375427,
2026-07-15T21:49:43.059,65.96653928700835,20260715_214837_front_fusion_ego_1533,speedsweep_slow,fusion_ego_1533,6339893,0,vehicle,0.14037884771823883,102.73981862058622,69.18401522446862,0.9375216375140984,-72.31273796528242,5.333475589752197,1.9945553541183472,2.317514419555664,31.577601457374644,332.48177083333337,226.66666666666669,315.7785966632267,217.73949096600217,349.18494500344,235.5938423673312,0.000178686881554313,0.9997386336326599,
2026-07-15T21:49:43.059,65.96653928700835,20260715_214837_front_fusion_ego_1533,speedsweep_slow,fusion_ego_1533,6339893,1,vehicle,0.13068123161792755,92.23252588836671,71.39658850315983,0.8222810050179987,-55.51129972446854,4.618603229522705,1.8353538513183594,1.745919942855835,31.979364521778844,207.94010416666669,226.66666666666669,180.60296271244687,217.7139840523402,235.2772456208865,235.61934928099316,0.0350794680416584,0.9989769458770752,
2026-07-15T21:49:43.059,65.96653928700835,20260715_214837_front_fusion_ego_1533,speedsweep_slow,fusion_ego_1533,6339893,2,vehicle,0.12036935985088348,110.97609805570708,98.55288395857525,0.8164421003680955,59.30894403240975,4.3840789794921875,1.7491388320922852,1.7982169389724731,6.2868577344646965,688.3151041666667,341.11111111111114,557.8491443494956,233.1758303112454,818.7810639838378,449.04639191097687,0.05669785290956497,0.9572793245315552,
2026-07-15T21:49:43.059,65.96653928700835,20260715_214837_front_fusion_ego_1533,speedsweep_slow,fusion_ego_1533,6339893,3,vehicle,0.0936669334769249,105.87755186093547,81.8182508698503,1.440595365120374,40.33722934395605,7.063663005828857,2.4966330528259277,3.3574748039245605,18.867593466731655,385.85677083333337,217.7777777777778,358.2061503355702,197.3886118994819,413.5073913310965,238.1669436560737,0.0001090562145691365,0.9869339466094971,
2026-07-15T21:49:43.059,65.96653928700835,20260715_214837_front_fusion_ego_1533,speedsweep_slow,fusion_ego_1533,6339893,4,vehicle,0.07848767936229706,107.48764366698626,98.16291330903412,1.0713621271419098,37.64283635205148,4.009209156036377,1.6731008291244507,1.939002513885498,3.489639987168286,725.0104166666667,306.6666666666667,635.6279860238235,223.28058640162152,814.39284730951,390.05274693171185,0.17646318674087524,0.5876035094261169,
2026-07-15T21:49:43.194,66.10139101103414,20260715_214837_front_fusion_ego_1533,speedsweep_slow,fusion_ego_1533,6339894,0,vehicle,0.3092615604400635,93.29633840289263,71.71561366103643,0.6428847172371555,-61.60747038335306,4.73292350769043,1.817556619644165,1.8622803688049316,30.6586594819141,207.94010416666669,225.55555555555557,179.975899639229,215.41937235328888,235.90430869410437,235.69173875782226,0.08594363182783127,0.9998643398284912,
2026-07-15T21:49:43.194,66.10139101103414,20260715_214837_front_fusion_ego_1533,speedsweep_slow,fusion_ego_1533,6339894,1,vehicle,0.20612090826034546,102.68885670688826,68.94509885608429,0.6554562638662151,-97.29563398726268,5.691028118133545,2.038125991821289,2.3132596015930176,31.119333872394783,332.48177083333337,225.55555555555557,318.0670907137295,215.95327768060898,346.89645095293724,235.15783343050217,0.0009201009524986148,0.9995319843292236,
2026-07-15T21:49:43.194,66.10139101103414,20260715_214837_front_fusion_ego_1533,speedsweep_slow,fusion_ego_1533,6339894,2,vehicle,0.11300665885210037,105.3684485416596,82.94187462257517,0.8241164444191247,91.71477692060907,6.355262279510498,2.314404249191284,2.7518844604492188,17.02187960573761,385.85677083333337,217.7777777777778,352.8494493265947,200.54339216815103,418.86409234007203,235.01216338740457,0.00038415842573158443,0.9916003942489624,
2026-07-15T21:49:43.194,66.10139101103414,20260715_214837_front_fusion_ego_1533,speedsweep_slow,fusion_ego_1533,6339894,3,vehicle,0.08793862164020538,110.0445899284186,98.36813680994061,0.8073821078374452,61.3516239951858,4.235579967498779,1.7232959270477295,1.5989189147949219,5.122990037400892,706.1067708333334,341.11111111111114,594.562086035808,252.10942215389676,817.6514556308588,430.1128000683255,0.033843498677015305,0.9921122789382935,
2026-07-15T21:49:43.317,66.22395225707442,20260715_214837_front_fusion_ego_1533,speedsweep_slow,fusion_ego_1533,6339895,0,vehicle,0.24587255716323853,124.77158360337015,91.6890434785534,0.6955992737330616,86.88948423950865,4.052196025848389,1.6659053564071655,1.763106346130371,20.91135644272272,725.0104166666667,253.33333333333334,678.1352321232359,235.2557917435964,771.8856012100975,271.4108749230703,0.009953230619430542,0.9173517823219299,
2026-07-15T21:49:43.317,66.22395225707442,20260715_214837_front_fusion_ego_1533,speedsweep_slow,fusion_ego_1533,6339895,1,vehicle,0.22418399155139923,106.10257908614858,84.52467889712315,1.4482985662915893,53.88771772908032,7.316229820251465,2.6782631874084473,3.5434772968292236,14.807655262006707,385.85677083333337,208.88888888888889,349.30339958270395,180.84976070457034,422.4101420839628,236.92801707320743,0.0001988607255043462,0.9989134073257446,
2026-07-15T21:49:43.317,66.22395225707442,20260715_214837_front_fusion_ego_1533,speedsweep_slow,fusion_ego_1533,6339895,2,vehicle,0.20102061331272125,93.58266814605675,69.94737137540656,0.4488897005812378,-73.28678420896561,5.0044050216674805,1.8344261646270752,1.7679955959320068,31.635441656608734,216.83593750000003,225.55555555555557,188.68756821006536,217.03404251072143,244.98430678993466,234.0770686003897,0.00177543715108186,0.9996312856674194,
2026-07-15T21:49:43.441,66.34616284898948,20260715_214837_front_fusion_ego_1533,speedsweep_slow,fusion_ego_1533,6339896,0,vehicle,0.33114638924598694,109.26006331772179,96.76603333546954,0.6919224228616145,-128.06748972379785,4.508172035217285,1.8346993923187256,1.4416265487670898,4.40119995614268,608.2526041666667,270.0,554.06016942362,223.4445869922638,662.4450389097135,316.5554130077362,0.4180920124053955,0.9984862208366394,
2026-07-15T21:49:43.441,66.34616284898948,20260715_214837_front_fusion_ego_1533,speedsweep_slow,fusion_ego_1533,6339896,1,vehicle,0.23493742942810059,92.25491250836295,70.17388603587769,0.5379262246263021,-95.65951799259635,4.960068225860596,1.83323073387146,1.8268861770629883,31.46471265599807,217.94791666666669,225.55555555555557,190.76481531808776,216.33093181583618,245.13101801524562,234.78017929527496,0.00034981773933395743,0.9999065399169922,
2026-07-15T21:49:43.441,66.34616284898948,20260715_214837_front_fusion_ego_1533,speedsweep_slow,fusion_ego_1533,6339896,2,vehicle,0.13738146424293518,105.68382469791975,83.62523982738803,1.0385627342008874,114.42948410813027,6.999945640563965,2.5026803016662598,2.924161911010742,15.129556402368472,385.85677083333337,216.66666666666669,349.02752148111665,193.05218915144604,422.6860201855501,240.28114418188733,0.00029318465385586023,0.9992020726203918,
2026-07-15T21:49:43.441,66.34616284898948,20260715_214837_front_fusion_ego_1533,speedsweep_slow,fusion_ego_1533,6339896,3,vehicle,0.12777993083000183,102.63470913108716,66.52218854579056,0.5122181241249835,-46.556192631904366,5.320725440979004,1.8997372388839722,2.105205535888672,32.356379728710046,332.48177083333337,225.55555555555557,320.4046387386819,216.81975904438232,344.55890292798483,234.29135206672882,4.846381489187479e-05,0.9999737739562988,
2026-07-15T21:49:43.441,66.34616284898948,20260715_214837_front_fusion_ego_1533,speedsweep_slow,fusion_ego_1533,6339896,4,person,0.12070820480585098,85.73679051406914,80.6799027562331,0.6507497545457968,-69.27996197120235,0.4244769215583801,0.4278057813644409,1.5338495969772339,26.714978271201552,31.135416666666668,226.66666666666669,20.72698027143876,212.21847126881283,41.54385306189458,241.11486206452054,0.9721179604530334,0.9888598918914795,
2026-07-15T21:49:43.441,66.34616284898948,20260715_214837_front_fusion_ego_1533,speedsweep_slow,fusion_ego_1533,6339896,5,vehicle,0.1049690842628479,108.71918439481867,97.10259077431138,0.6909953152173114,96.19788955797651,4.7357707023620605,1.8203834295272827,1.7548702955245972,3.777451083494822,609.3645833333334,260.0,554.8895704646906,207.50754237174988,663.8395962019762,312.4924576282501,0.5960215926170349,0.8792991638183594,
2026-07-15T21:49:43.572,66.47822954203002,20260715_214837_front_fusion_ego_1533,speedsweep_slow,fusion_ego_1533,6339897,0,vehicle,0.45785585045814514,109.15994858244441,96.7603355726545,0.5993801621738926,-161.98076268542428,4.626509189605713,1.838680386543274,1.5365036725997925,4.076785772584788,618.2604166666667,270.0,562.7182293186586,225.19266843795776,673.8026040146749,314.80733156204224,0.045534804463386536,0.9947826266288757,
2026-07-15T21:49:43.572,66.47822954203002,20260715_214837_front_fusion_ego_1533,speedsweep_slow,fusion_ego_1533,6339897,1,vehicle,0.24921482801437378,106.40185316396074,81.7533431405968,1.5110801372224232,103.19076400190968,7.40816068649292,2.684053897857666,3.6340761184692383,16.523651836219738,385.85677083333337,208.88888888888889,346.10957830895984,177.33841829829746,425.6039633577069,240.43935947948032,4.35544025094714e-05,0.9994117021560669,
2026-07-15T21:49:43.572,66.47822954203002,20260715_214837_front_fusion_ego_1533,speedsweep_slow,fusion_ego_1533,6339897,2,vehicle,0.23695652186870575,93.42432803718428,73.61299048795726,0.7363733008609348,-96.39937272944636,4.858664512634277,1.8832120895385742,1.8973515033721924,27.427632514610103,217.94791666666669,225.55555555555557,189.85162367920083,214.4269496533606,246.04420965413254,236.68416145775055,0.013256223872303963,0.9997038245201111,
2026-07-15T21:49:43.703,66.61002401506994,20260715_214837_front_fusion_ego_1533,speedsweep_slow,fusion_ego_1533,6339898,0,vehicle,0.7953802347183228,109.10339734973788,97.187663507096,0.7456332255596598,-128.1618394220713,4.763938903808594,1.8422285318374634,1.6046009063720703,3.7191160256454556,634.9401041666667,271.11111111111114,580.718661437432,220.90337342686124,689.1615468959014,321.318848795361,0.16725412011146545,0.9972327351570129,
2026-07-15T21:49:43.703,66.61002401506994,20260715_214837_front_fusion_ego_1533,speedsweep_slow,fusion_ego_1533,6339898,1,vehicle,0.3623471260070801,106.26650725797242,83.54383771534226,1.4972423629158933,47.52489388988031,7.543907165527344,2.699760675430298,3.5774149894714355,14.296940714040812,386.96875,208.88888888888889,343.25390888005495,177.16111712985568,430.6835911199451,240.6166606479221,4.782792166224681e-05,0.9999090433120728,
2026-07-15T21:49:43.703,66.61002401506994,20260715_214837_front_fusion_ego_1533,speedsweep_slow,fusion_ego_1533,6339898,2,vehicle,0.36177724599838257,93.09601556134642,72.32053647505317,0.784088824557033,-83.40882439408061,5.088332653045654,1.9503880739212036,1.9412741661071777,28.36576484300237,217.94791666666669,225.55555555555557,187.2270785669486,213.38640722963547,248.66875476638478,237.72470388147568,0.059703320264816284,0.9999879598617554,
2026-07-15T21:49:43.831,66.73822085000575,20260715_214837_front_fusion_ego_1533,speedsweep_slow,fusion_ego_1533,6339899,0,vehicle,0.4617776870727539,93.10183647071774,70.84428528639212,0.9796074442179368,-59.34704394424877,4.885405540466309,1.9590699672698975,1.9988980293273926,29.343326449874624,226.84375000000003,226.66666666666669,195.46847289800644,216.27748052279156,258.21902710199356,237.0558528105418,0.7760900259017944,0.9998138546943665,
2026-07-15T21:49:43.831,66.73822085000575,20260715_214837_front_fusion_ego_1533,speedsweep_slow,fusion_ego_1533,6339899,1,vehicle,0.20397049188613892,105.14872163114873,84.36126566136596,1.7453663353695286,35.36768202765375,7.732913494110107,2.758251428604126,3.743079900741577,13.060480472705128,386.96875,208.88888888888889,341.5024984255433,174.7187798553043,432.43500157445675,243.05899792247348,3.8158123061293736e-05,0.9998811483383179,
2026-07-15T21:49:43.831,66.73822085000575,20260715_214837_front_fusion_ego_1533,speedsweep_slow,fusion_ego_1533,6339899,2,vehicle,0.1539919674396515,108.71687619491651,97.01479887025843,0.8816537214410938,87.6225995287229,4.354341506958008,1.7404851913452148,1.6901404857635498,3.2412353164676158,634.9401041666667,271.11111111111114,578.3334083507459,218.5740143722958,691.5467999825876,323.64820784992645,0.007904186844825745,0.9635515809059143,
2026-07-15T21:49:43.831,66.73822085000575,20260715_214837_front_fusion_ego_1533,speedsweep_slow,fusion_ego_1533,6339899,3,vehicle,0.13083681464195251,103.32216544360189,70.59233742021121,0.6507195277377997,50.28789011976759,5.914728164672852,2.156766414642334,1.982973337173462,26.9239823902669,333.59375,234.44444444444446,311.39843793958426,223.31570443179874,355.78906206041574,245.57318445709018,0.00011621540761552751,0.9975724816322327,
2026-07-15T21:49:43.956,66.86363479099236,20260715_214837_front_fusion_ego_1533,speedsweep_slow,fusion_ego_1533,6339900,0,vehicle,0.5351467728614807,109.19465834609494,95.78900178087893,0.5871952150757718,105.66406125055813,4.637633800506592,1.8119887113571167,1.4396424293518066,3.8961561102345965,643.8359375,278.8888888888889,585.2118918150663,229.73429017596774,702.4599831849337,328.04348760181006,0.0007030133856460452,0.9971421360969543,
2026-07-15T21:49:43.956,66.86363479099236,20260715_214837_front_fusion_ego_1533,speedsweep_slow,fusion_ego_1533,6339900,1,vehicle,0.43101200461387634,92.93403674262413,72.22344488773138,1.1318666475936068,-45.009025694962865,5.093689918518066,2.01064395904541,2.087501287460327,27.83278863229893,226.84375000000003,226.66666666666669,189.88789373636246,215.02499262491864,263.79960626363754,238.30834070841473,0.7746132612228394,0.9999630451202393,
2026-07-15T21:49:43.956,66.86363479099236,20260715_214837_front_fusion_ego_1533,speedsweep_slow,fusion_ego_1533,6339900,2,vehicle,0.21781596541404724,100.99434406549122,69.3214806000984,0.5497866321093898,97.32076547960418,5.432720184326172,1.979164958000183,1.7154552936553955,28.080011874358327,333.59375,234.44444444444446,314.1392440572381,224.1435128119257,353.0482559427619,244.74537607696323,2.2751301003154367e-05,0.9985910058021545,
2026-07-15T21:49:43.956,66.86363479099236,20260715_214837_front_fusion_ego_1533,speedsweep_slow,fusion_ego_1533,6339900,3,person,0.14085999131202698,92.74506842815876,81.32653818417779,0.7987141960476603,-88.93305037662894,0.943279504776001,0.549526035785675,1.8516318798065186,20.284431150514788,145.66927083333334,234.44444444444446,138.44182752010724,218.94452181127338,152.89671414655945,249.94436707761554,0.9982237219810486,0.8762069940567017,
2026-07-15T21:49:44.075,66.9823943329975,20260715_214837_front_fusion_ego_1533,speedsweep_slow,fusion_ego_1533,6339901,0,vehicle,0.5541538596153259,109.07907322003958,96.43269156856798,0.8773167557833381,60.86816571437576,4.765720367431641,1.8371661901474,1.8546116352081299,3.4971643674112487,644.9479166666667,271.11111111111114,579.9552213797967,205.97450918621487,709.9406119535367,336.2477130360074,0.005927213467657566,0.9841015934944153,
2026-07-15T21:49:44.075,66.9823943329975,20260715_214837_front_fusion_ego_1533,speedsweep_slow,fusion_ego_1533,6339901,1,vehicle,0.2780340909957886,104.71538656328715,81.15721392320596,1.437782875208003,91.70212338977053,7.449195861816406,2.6627349853515625,3.3239643573760986,15.520734347470869,394.7526041666667,216.66666666666669,355.80870825300616,188.64720980326337,433.6965000803272,244.68612353007,0.00015818819520063698,0.9997116923332214,
2026-07-15T21:49:44.075,66.9823943329975,20260715_214837_front_fusion_ego_1533,speedsweep_slow,fusion_ego_1533,6339901,2,person,0.25126904249191284,93.09413801958837,81.75625590261843,0.776264319577272,-142.67502046557246,0.74946129322052,0.4346611201763153,2.0048024654388428,19.48224967059236,145.66927083333334,234.44444444444446,137.6154880442967,218.2146176364687,153.72305362236997,250.67427125242023,0.9997397065162659,0.9728138446807861,
2026-07-15T21:49:44.075,66.9823943329975,20260715_214837_front_fusion_ego_1533,speedsweep_slow,fusion_ego_1533,6339901,3,vehicle,0.23872067034244537,101.0908825886768,68.97590929866853,0.2961926106167674,92.62134403653549,5.712616443634033,2.0596249103546143,1.5805156230926514,28.068775268081083,333.59375,234.44444444444446,312.3784946091473,225.2524032857683,354.8090053908527,243.6364856031206,5.988586963212583e-06,0.9971416592597961,
2026-07-15T21:49:44.075,66.9823943329975,20260715_214837_front_fusion_ego_1533,speedsweep_slow,fusion_ego_1533,6339901,4,vehicle,0.19757798314094543,92.91657957031477,69.63200415407067,0.9554999226306498,-39.28042101183991,5.340304851531982,2.015930652618408,2.0450239181518555,29.86639119866912,226.84375000000003,226.66666666666669,195.83349058777094,215.97309182087582,257.85400941222906,237.36024151245755,0.13615618646144867,0.9999121427536011,
2026-07-15T21:49:44.195,67.10256097803358,20260715_214837_front_fusion_ego_1533,speedsweep_slow,fusion_ego_1533,6339902,0,vehicle,0.6663649678230286,95.53907333122949,71.90301589772793,0.952145217975179,-108.98583287319526,5.139634132385254,1.9882303476333618,2.0738437175750732,26.438636984608763,234.62760416666669,226.66666666666669,200.87575919429463,215.8151329557101,268.37944913903874,237.51820037762326,0.22413630783557892,0.9999876022338867,
2026-07-15T21:49:44.195,67.10256097803358,20260715_214837_front_fusion_ego_1533,speedsweep_slow,fusion_ego_1533,6339902,1,person,0.3492423892021179,92.36889039365954,80.65733502907469,0.9083877226369292,-145.10520819563644,0.4744097888469696,0.3612125515937805,2.001431941986084,20.554482765629427,145.66927083333334,234.44444444444446,138.39976546292505,216.2467470433977,152.93877620374164,252.6421418454912,0.9998581409454346,0.989950954914093,
2026-07-15T21:49:44.195,67.10256097803358,20260715_214837_front_fusion_ego_1533,speedsweep_slow,fusion_ego_1533,6339902,2,vehicle,0.3132613003253937,109.28307610373676,95.94077247267435,0.7674423651629829,51.57050400842981,4.727758407592773,1.7968491315841675,1.6822681427001953,3.695422047926753,652.7317708333334,271.11111111111114,576.8440347959598,207.89829678005643,728.6195068707069,334.32392544216583,0.0662345364689827,0.9841629266738892,
2026-07-15T21:49:44.195,67.10256097803358,20260715_214837_front_fusion_ego_1533,speedsweep_slow,fusion_ego_1533,6339902,3,vehicle,0.2876552939414978,103.63119169757904,80.35663596921451,1.4440604648218134,59.11965289846964,6.871046543121338,2.499392509460449,3.2788755893707275,16.09162411604726,395.86458333333337,216.66666666666669,363.50153944393,191.39223257700604,428.2276272227367,241.94110075632733,0.0003214426396880299,0.9999403953552246,
2026-07-15T21:49:44.195,67.10256097803358,20260715_214837_front_fusion_ego_1533,speedsweep_slow,fusion_ego_1533,6339902,4,vehicle,0.18169938027858734,101.07588342923597,69.69151419533311,0.5389166428647414,96.76197175324631,5.559893608093262,2.0617637634277344,1.6790372133255005,27.035707850613395,333.59375,234.44444444444446,312.02824337780476,224.10745140579013,355.15925662219524,244.78143748309878,5.097633766126819e-05,0.9974324107170105,
2026-07-15T21:49:44.333,67.24067473807372,20260715_214837_front_fusion_ego_1533,speedsweep_slow,fusion_ego_1533,6339903,0,vehicle,0.41866230964660645,109.81320099691924,95.1890459868151,0.7387747094333514,43.29021734295433,4.82796573638916,1.8158223628997803,1.5933932065963745,4.236997522728426,653.84375,278.8888888888889,585.9213371872902,220.7808690600925,721.7661628127098,336.9969087176853,0.00044135114876553416,0.991690993309021,
2026-07-15T21:49:44.333,67.24067473807372,20260715_214837_front_fusion_ego_1533,speedsweep_slow,fusion_ego_1533,6339903,1,vehicle,0.3950005769729614,101.0572584522196,69.5603360158378,0.9061361690822878,102.34045705408887,5.327513217926025,1.960505485534668,1.769262433052063,26.802570446494883,333.59375,234.44444444444446,318.5675049871206,223.31727263000278,348.6199950128794,245.57161625888614,7.483766239602119e-05,0.999937891960144,
2026-07-15T21:49:44.333,67.24067473807372,20260715_214837_front_fusion_ego_1533,speedsweep_slow,fusion_ego_1533,6339903,2,vehicle,0.23036563396453857,93.05814390305365,71.431637904035,1.2730845370128065,-26.05272498414933,5.065334320068359,1.9824059009552002,2.160801649093628,27.590300538407067,234.62760416666669,226.66666666666669,199.11269846061867,214.7664089004199,270.1425098727147,238.56692443291348,0.4396052956581116,0.9999709129333496,
2026-07-15T21:49:44.333,67.24067473807372,20260715_214837_front_fusion_ego_1533,speedsweep_slow,fusion_ego_1533,6339903,3,vehicle,0.17825280129909515,105.96293911172441,82.25558531701753,1.543117160958793,75.50394285714951,6.96666955947876,2.5248184204101562,3.2855894565582275,13.697700237584801,394.7526041666667,216.66666666666669,359.9198951597015,186.09353582064313,429.58531317363185,247.23979751269025,0.0001688514748821035,0.9938628673553467,
2026-07-15T21:49:44.466,67.37364020501263,20260715_214837_front_fusion_ego_1533,speedsweep_slow,fusion_ego_1533,6339904,0,vehicle,0.7121293544769287,109.43671703376114,94.90586298655317,0.7048219223006198,96.75706164022003,4.819395542144775,1.7786024808883667,1.5762571096420288,3.839125695127161,661.6276041666667,278.8888888888889,605.1167956839006,224.17542272143893,718.1384126494329,333.60235505633887,0.00030758260982111096,0.9990444779396057,
2026-07-15T21:49:44.466,67.37364020501263,20260715_214837_front_fusion_ego_1533,speedsweep_slow,fusion_ego_1533,6339904,1,vehicle,0.2871517539024353,96.9164577112866,73.72380374744921,0.7473580645922908,61.20241579321477,4.871774196624756,1.8736915588378906,1.5519382953643799,23.567493665514498,244.63541666666669,234.44444444444446,213.32821829865378,223.22566982772616,275.9426150346796,245.66321906116275,0.00043953341082669795,0.9994716048240662,
2026-07-15T21:49:44.466,67.37364020501263,20260715_214837_front_fusion_ego_1533,speedsweep_slow,fusion_ego_1533,6339904,2,vehicle,0.24924112856388092,102.96539738795606,70.91114918011647,1.2507458499224047,36.22038443769961,5.6856465339660645,2.1080963611602783,2.194775342941284,24.813903143933224,341.3776041666667,234.44444444444446,322.7440325046579,222.50824775960712,360.01117582867545,246.3806411292818,0.005893280729651451,0.9999206066131592,
2026-07-15T21:49:44.596,67.50334822805598,20260715_214837_front_fusion_ego_1533,speedsweep_slow,fusion_ego_1533,6339905,0,vehicle,0.4112197756767273,100.84317371468332,70.55416785796788,0.7357646645101719,114.27239775629825,5.370883941650391,1.9597278833389282,1.7955824136734009,25.134746052241983,333.59375,234.44444444444446,318.56035797670484,222.64679816034106,348.62714202329516,246.24209072854785,0.00018963348702527583,0.999897837638855,
2026-07-15T21:49:44.596,67.50334822805598,20260715_214837_front_fusion_ego_1533,speedsweep_slow,fusion_ego_1533,6339905,1,vehicle,0.251811683177948,93.44478405692799,70.64350390584588,1.1816569464086717,-43.62970075824252,4.863829612731934,1.9105534553527832,2.140686511993408,27.463829714435082,244.63541666666669,226.66666666666669,212.02092781166238,214.6297852198283,277.249905521671,238.70354811350506,0.9203057289123535,0.9999346733093262,
2026-07-15T21:49:44.596,67.50334822805598,20260715_214837_front_fusion_ego_1533,speedsweep_slow,fusion_ego_1533,6339905,2,vehicle,0.20718182623386383,109.82081627233632,94.28785534056446,0.7627246228498228,21.033020282912386,4.3452582359313965,1.6768075227737427,1.6117695569992065,4.227320358283979,662.7395833333334,278.8888888888889,607.4233643164238,225.0475948386722,718.055802350243,332.7301829391056,0.002190030412748456,0.9824244379997253,
2026-07-15T21:49:44.723,67.63033779803663,20260715_214837_front_fusion_ego_1533,speedsweep_slow,fusion_ego_1533,6339906,0,vehicle,0.3915332853794098,94.65669438378804,71.34149238460196,1.1173586459404383,-40.5234216928181,4.78925085067749,1.8949943780899048,2.050692558288574,25.989094286917823,252.41927083333334,226.66666666666669,219.5598016132911,214.28554872671765,285.2787400533756,239.04778460661572,0.18589115142822266,0.9999949932098389,
2026-07-15T21:49:44.723,67.63033779803663,20260715_214837_front_fusion_ego_1533,speedsweep_slow,fusion_ego_1533,6339906,1,vehicle,0.33062440156936646,102.98689824398176,72.92569251061796,1.0119368321651283,62.566829045769296,5.374291896820068,2.009582757949829,1.9313254356384277,22.086259871459696,341.3776041666667,234.44444444444446,320.47201491395634,220.6156623032358,362.283193419377,248.2732265856531,0.3932957351207733,0.999990701675415,
2026-07-15T21:49:44.723,67.63033779803663,20260715_214837_front_fusion_ego_1533,speedsweep_slow,fusion_ego_1533,6339906,2,vehicle,0.20891070365905762,109.74627041122925,94.04775842223943,0.7399868550275537,74.30630735816159,4.476428031921387,1.681546688079834,1.5644482374191284,4.112445778791587,671.6354166666667,278.8888888888889,619.5439707438152,230.31085782580905,723.7268625895183,327.46691995196875,0.00036561652086675167,0.9884040355682373,
2026-07-15T21:49:44.723,67.63033779803663,20260715_214837_front_fusion_ego_1533,speedsweep_slow,fusion_ego_1533,6339906,3,vehicle,0.14751876890659332,104.94580888492005,79.74316232755454,1.4260567469186807,117.84759061673397,7.4683003425598145,2.649991512298584,3.2823212146759033,15.110701340391763,395.86458333333337,217.7777777777778,357.71184381594264,190.65447376834024,434.0173228507241,244.90108178721536,3.932124309358187e-05,0.9988277554512024,
2026-07-15T21:49:44.852,67.7594982450828,20260715_214837_front_fusion_ego_1533,speedsweep_slow,fusion_ego_1533,6339907,0,vehicle,0.377432644367218,98.43835095870345,75.22587409050388,0.7126163006121402,37.280131143551216,5.13566255569458,2.0141096115112305,1.5921964645385742,20.62178090164732,253.53125000000003,234.44444444444446,221.14452378451827,221.47841182019977,285.91797621548176,247.41047706868915,0.20919717848300934,0.9998064637184143,
2026-07-15T21:49:44.852,67.7594982450828,20260715_214837_front_fusion_ego_1533,speedsweep_slow,fusion_ego_1533,6339907,1,vehicle,0.32165926694869995,109.50192343909104,93.63619908829152,0.9071710755605089,-59.1205215876805,5.132476806640625,1.9422351121902466,2.142927885055542,3.841293113306117,670.5234375,271.11111111111114,596.873929426074,209.91784281200833,744.172945573926,332.3043794102139,0.2035808563232422,0.9951077699661255,
2026-07-15T21:49:44.852,67.7594982450828,20260715_214837_front_fusion_ego_1533,speedsweep_slow,fusion_ego_1533,6339907,2,vehicle,0.2646867036819458,103.59807092971043,80.10652677404013,1.5145966863618945,-4.188589450143747,6.8983659744262695,2.468351125717163,3.2914209365844727,14.537332756372864,403.6484375,217.7777777777778,361.4961972311139,186.94205151663888,445.80067776888615,248.61350403891672,0.0002458113303873688,0.9998835325241089,
2026-07-15T21:49:44.852,67.7594982450828,20260715_214837_front_fusion_ego_1533,speedsweep_slow,fusion_ego_1533,6339907,3,vehicle,0.15582473576068878,103.22322499182278,72.11947560562425,1.1183246803978655,72.46685305088835,5.36600399017334,1.976356029510498,2.0261359214782715,22.50727449751314,341.3776041666667,234.44444444444446,319.9292079831163,221.13204744127063,362.82600035021704,247.75684144761829,0.001094851060770452,0.9996387958526611,
2026-07-15T21:49:44.980,67.88672936905641,20260715_214837_front_fusion_ego_1533,speedsweep_slow,fusion_ego_1533,6339908,0,vehicle,0.32795023918151855,97.36737615323442,74.51864558842826,0.7256828276024994,20.86860100800699,5.086782455444336,1.9873735904693604,1.6830358505249023,21.368026476631737,253.53125000000003,234.44444444444446,222.98843338340524,221.82374086644916,284.0740666165948,247.06514802243976,0.289145827293396,0.9993422627449036,
2026-07-15T21:49:44.980,67.88672936905641,20260715_214837_front_fusion_ego_1533,speedsweep_slow,fusion_ego_1533,6339908,1,vehicle,0.249825119972229,101.79851523354193,73.39214623117022,0.9325940890466544,130.73407273957872,4.891293048858643,1.8540738821029663,1.9098650217056274,21.132098669582135,333.59375,234.44444444444446,313.9179269298911,221.22543480661182,353.2695730701089,247.6634540822771,0.000787647906690836,0.99982750415802,
2026-07-15T21:49:44.980,67.88672936905641,20260715_214837_front_fusion_ego_1533,speedsweep_slow,fusion_ego_1533,6339908,2,vehicle,0.244873046875,109.48115727554506,93.20813894599102,0.7974766162834062,58.314935476176245,4.3413190841674805,1.6867005825042725,1.5543162822723389,3.8379478797547693,679.4192708333334,278.8888888888889,622.8926444401344,221.8157332473331,735.9458972265323,335.9620445304447,0.0011893563205376267,0.9952090382575989,
2026-07-15T21:49:44.980,67.88672936905641,20260715_214837_front_fusion_ego_1533,speedsweep_slow,fusion_ego_1533,6339908,3,vehicle,0.14696864783763885,103.1169110229629,78.84570040353299,1.5481088417827569,-18.382750912471238,7.079759120941162,2.5357844829559326,3.32662034034729,15.523327003028651,403.6484375,217.7777777777778,369.7527169883251,189.06179057227243,437.54415801167494,246.49376498328317,0.002502243034541607,0.9998860359191895,
2026-07-15T21:49:45.112,68.01935861201491,20260715_214837_front_fusion_ego_1533,speedsweep_slow,fusion_ego_1533,6339909,0,vehicle,0.3488410413265228,109.2495606335171,93.55886912943316,0.9356833009056218,-54.87795050876942,4.755491733551025,1.8182036876678467,2.0587964057922363,3.4634915499453136,671.6354166666667,271.11111111111114,607.1448923150699,203.77740807003445,736.1259410182636,338.4448141521878,0.21472933888435364,0.9282845854759216,
2026-07-15T21:49:45.112,68.01935861201491,20260715_214837_front_fusion_ego_1533,speedsweep_slow,fusion_ego_1533,6339909,1,vehicle,0.311553955078125,97.65473119737162,73.5702575422278,0.830755729689459,40.05966774962427,5.165252685546875,2.016758680343628,1.6555193662643433,21.826337756424262,253.53125000000003,234.44444444444446,221.83957333117726,222.31556144025592,285.22292666882277,246.573327448633,0.27159255743026733,0.9992935657501221,
2026-07-15T21:49:45.112,68.01935861201491,20260715_214837_front_fusion_ego_1533,speedsweep_slow,fusion_ego_1533,6339909,2,vehicle,0.2770194113254547,104.41692171620386,80.1719016956929,1.6011835847955687,150.66886315633883,7.13068962097168,2.608461618423462,3.1327450275421143,13.69870813028176,403.6484375,225.55555555555557,360.12116841971874,194.18245050642227,447.1757065802813,256.92866060468884,0.0068266019225120544,0.9998764991760254,
2026-07-15T21:49:45.112,68.01935861201491,20260715_214837_front_fusion_ego_1533,speedsweep_slow,fusion_ego_1533,6339909,3,vehicle,0.20986320078372955,99.9710845468637,72.91650260441853,1.0769910254189687,117.92803963549946,4.988998889923096,1.915832281112671,1.8357988595962524,21.690722792028552,333.59375,234.44444444444446,306.08163802325726,221.62041243579654,361.10586197674274,247.26847645309238,0.0003722989640664309,0.9999420642852783,
2026-07-15T21:49:45.242,68.1493637120584,20260715_214837_front_fusion_ego_1533,speedsweep_slow,fusion_ego_1533,6339910,0,vehicle,0.3327212333679199,98.29458180198623,74.62861014530723,0.9759944643184717,67.81957583756687,5.120803356170654,1.999927282333374,1.8634510040283203,20.267268200239766,261.3151041666667,234.44444444444446,228.85017919043702,221.89087298181323,293.78002914289635,246.99801590707568,0.16759701073169708,0.9985297918319702,
2026-07-15T21:49:45.242,68.1493637120584,20260715_214837_front_fusion_ego_1533,speedsweep_slow,fusion_ego_1533,6339910,1,vehicle,0.3163207769393921,110.11496280531398,92.90258187536602,0.7390189653092012,42.48184105032807,5.371208190917969,2.0249385833740234,1.841029405593872,4.354266747189184,688.3151041666667,280.0,602.5428984264533,210.15807390213013,774.0873099068801,349.8419260978699,0.003062153235077858,0.9715498089790344,
2026-07-15T21:49:45.242,68.1493637120584,20260715_214837_front_fusion_ego_1533,speedsweep_slow,fusion_ego_1533,6339910,2,vehicle,0.3074369430541992,98.70717713783243,72.08648815465106,1.575114772767936,23.06070065387665,5.890890598297119,2.2714099884033203,2.582925796508789,22.505593207726022,341.3776041666667,234.44444444444446,311.06956517199677,216.0433801677492,371.6856431613366,252.8455087211397,0.05200212821364403,0.9998911619186401,
2026-07-15T21:49:45.242,68.1493637120584,20260715_214837_front_fusion_ego_1533,speedsweep_slow,fusion_ego_1533,6339910,3,vehicle,0.11949246376752853,105.41891408266784,74.354460324623,1.2038457394817432,-105.85196025171575,5.496102809906006,2.0527572631835938,2.2665960788726807,19.079166017033806,403.6484375,244.44444444444446,378.40800588577986,231.4374562766817,428.8888691142202,257.4514326122072,0.0008125017629936337,0.9997270703315735,
2026-07-15T21:49:45.363,68.27002512104809,20260715_214837_front_fusion_ego_1533,speedsweep_slow,fusion_ego_1533,6339911,0,vehicle,0.40750476717948914,96.92251602384873,73.41674660180794,1.0627999202143563,30.80663402426327,5.243719577789307,2.0113015174865723,1.943638563156128,21.58174111723577,253.53125000000003,234.44444444444446,224.99413297325376,220.29723134305743,282.0683670267463,248.59165754583148,0.866928219795227,0.9998595714569092,
2026-07-15T21:49:45.363,68.27002512104809,20260715_214837_front_fusion_ego_1533,speedsweep_slow,fusion_ego_1533,6339911,1,vehicle,0.35760682821273804,109.81043300180266,92.60655770412077,0.7946656714608844,5.783332786522147,5.114638328552246,1.9083600044250488,1.9226619005203247,4.018383461097313,697.2109375,278.8888888888889,618.4442781358957,205.82876258426242,775.9775968641043,351.9490151935154,0.01753721386194229,0.9531126022338867,
2026-07-15T21:49:45.363,68.27002512104809,20260715_214837_front_fusion_ego_1533,speedsweep_slow,fusion_ego_1533,6339911,2,vehicle,0.2783065438270569,99.46562428736566,74.47231459393832,1.3200424816173921,78.7423349911486,5.572911262512207,2.1623430252075195,2.2750747203826904,19.652887201730852,332.48177083333337,235.55555555555557,294.86604492117965,217.75227162573074,370.0974967454871,253.3588394853804,0.004067824687808752,0.995014488697052,
2026-07-15T21:49:45.491,68.39809393405449,20260715_214837_front_fusion_ego_1533,speedsweep_slow,fusion_ego_1533,6339912,0,vehicle,0.5849533081054688,109.33408503875553,92.18989243102372,0.5623256558916716,-54.82046228210723,4.510247707366943,1.8207470178604126,1.3015809059143066,3.599912968698361,652.7317708333334,296.6666666666667,616.7625042398771,239.93374745051068,688.7010374267896,353.3995858828227,0.03336075693368912,0.16452360153198242,
2026-07-15T21:49:45.491,68.39809393405449,20260715_214837_front_fusion_ego_1533,speedsweep_slow,fusion_ego_1533,6339912,1,vehicle,0.5671066045761108,109.11625381869518,92.69442772947096,0.9461152910945154,-11.95408163573837,4.983754634857178,1.8432027101516724,2.1020150184631348,3.2679935657964023,697.2109375,271.11111111111114,623.2810401022434,194.71234268612332,771.1408348977566,347.50987953609894,0.8624463081359863,0.9831122756004333,
2026-07-15T21:49:45.491,68.39809393405449,20260715_214837_front_fusion_ego_1533,speedsweep_slow,fusion_ego_1533,6339912,2,vehicle,0.34432369470596313,103.69976646913592,80.20630729153423,1.0569570016180085,-5.4634729216261855,5.183535099029541,1.9556565284729004,2.0159544944763184,12.71638070786773,323.5859375,243.33333333333334,290.7641487568617,223.3838834365209,356.4077262431383,263.2827832301458,0.005881815683096647,0.9999921321868896,
2026-07-15T21:49:45.491,68.39809393405449,20260715_214837_front_fusion_ego_1533,speedsweep_slow,fusion_ego_1533,6339912,3,vehicle,0.29944270849227905,99.5088002247734,74.76447953757221,0.8779785068205355,31.539561139282277,5.212438583374023,1.9757483005523682,1.916775107383728,19.070154236502894,261.3151041666667,234.44444444444446,229.37954153368872,221.33157607581882,293.25066679964465,247.5573128130701,0.08902385830879211,0.9995299577713013,
2026-07-15T21:49:45.625,68.53247294202447,20260715_214837_front_fusion_ego_1533,speedsweep_slow,fusion_ego_1533,6339913,0,vehicle,0.7119176387786865,109.84493513055769,92.22678207487934,0.866185435909999,16.803242523112374,5.424922466278076,2.0239431858062744,1.9283632040023804,3.9937206865483197,698.3229166666667,278.8888888888889,620.2342386494081,199.58217673831516,776.4115946839254,358.19560103946264,0.0005660377792082727,0.9719017148017883,
2026-07-15T21:49:45.625,68.53247294202447,20260715_214837_front_fusion_ego_1533,speedsweep_slow,fusion_ego_1533,6339913,1,vehicle,0.47237375378608704,99.4681068118155,74.67389458590479,0.8568066498309275,1.3876731504265019,4.888815879821777,1.9427622556686401,1.7233942747116089,18.896409522175226,261.3151041666667,234.44444444444446,231.9403250689308,221.5308874514368,290.68988326440257,247.35800143745212,0.8758237361907959,0.9996453523635864,
2026-07-15T21:49:45.625,68.53247294202447,20260715_214837_front_fusion_ego_1533,speedsweep_slow,fusion_ego_1533,6339913,2,vehicle,0.2014549821615219,101.57063492819898,76.41471728725533,1.0222821924550125,129.60489313327136,5.325458526611328,2.0557310581207275,2.1302905082702637,16.597472148575406,323.5859375,235.55555555555557,280.3626668974757,216.34240421983932,366.8092081025243,254.76870689127182,0.008402137085795403,0.9998917579650879,
2026-07-15T21:49:45.750,68.65734895900823,20260715_214837_front_fusion_ego_1533,speedsweep_slow,fusion_ego_1533,6339914,0,vehicle,0.5741932988166809,109.59507695466571,92.21841706805935,0.8510210102859705,2.6237476117051064,5.443099498748779,1.9983307123184204,1.940846562385559,3.7353273316876523,697.2109375,278.8888888888889,620.6344924420118,189.6977358394199,773.7873825579882,368.0800419383579,0.0019174717599526048,0.7465083003044128,
2026-07-15T21:49:45.750,68.65734895900823,20260715_214837_front_fusion_ego_1533,speedsweep_slow,fusion_ego_1533,6339914,1,vehicle,0.5178717374801636,102.69745065863505,79.91540453625876,1.1349966223899202,67.74427788067143,5.129458904266357,2.0345065593719482,1.9133564233779907,12.614146127240993,315.80208333333337,243.33333333333334,270.18190936495864,220.88906248410544,361.4222573017081,265.7776041825613,0.015422873198986053,0.9999685287475586,
2026-07-15T21:49:45.750,68.65734895900823,20260715_214837_front_fusion_ego_1533,speedsweep_slow,fusion_ego_1533,6339914,2,vehicle,0.33487027883529663,98.51630005751309,73.29997821139213,1.194454249332523,-26.002841414076197,4.9672722816467285,1.9880125522613525,1.9575917720794678,20.21237548082743,261.3151041666667,234.44444444444446,230.6974483455221,220.7722729113367,291.93275998781127,248.11661597755221,0.9994341731071472,0.9998055100440979,
2026-07-15T21:49:45.750,68.65734895900823,20260715_214837_front_fusion_ego_1533,speedsweep_slow,fusion_ego_1533,6339914,3,person,0.1422308385372162,87.9612685139878,77.94150012826842,1.104664003192795,-88.03898094055988,0.8000913262367249,0.5240494608879089,1.6203621625900269,22.872165929878925,111.19791666666667,235.55555555555557,102.7735932810853,219.38687953684067,119.62224005224805,251.72423157427048,0.9642282128334045,0.9787409901618958,
2026-07-15T21:49:45.880,68.78679337608628,20260715_214837_front_fusion_ego_1533,speedsweep_slow,fusion_ego_1533,6339915,0,vehicle,0.5813629627227783,109.27975902344315,91.93678992302152,0.8844849985597683,-2.343986891243909,4.976903438568115,1.8859269618988037,1.890066385269165,3.408974930570687,698.3229166666667,278.8888888888889,626.208452175061,200.84457450442844,770.4373811582725,356.93320327334936,0.006815718952566385,0.8688797354698181,
2026-07-15T21:49:45.880,68.78679337608628,20260715_214837_front_fusion_ego_1533,speedsweep_slow,fusion_ego_1533,6339915,1,vehicle,0.5138193368911743,102.24285050077377,80.01576979171335,1.2489624699298165,68.02353113382122,5.43088960647583,2.129633903503418,2.156399965286255,12.326632355073198,314.6901041666667,243.33333333333334,260.775163675348,214.29358025391898,368.6050446579854,272.37308641274774,0.09473154693841934,0.9999723434448242,
2026-07-15T21:49:45.880,68.78679337608628,20260715_214837_front_fusion_ego_1533,speedsweep_slow,fusion_ego_1533,6339915,2,vehicle,0.19603896141052246,101.28804844235766,72.74207451422554,1.0728126548870005,-40.81757935932559,4.964365005493164,1.892169713973999,1.8783037662506104,19.595981961344197,261.3151041666667,234.44444444444446,232.15356780836981,220.16108688380984,290.47664052496356,248.72780200507907,0.9664267301559448,0.9998266100883484,
2026-07-15T21:49:46.024,68.9306514490163,20260715_214837_front_fusion_ego_1533,speedsweep_slow,fusion_ego_1533,6339916,0,vehicle,0.3925577402114868,102.77032007006036,81.94310200831002,1.1549795282061917,45.580832956840055,4.985219955444336,1.962348222732544,2.017239570617676,10.028928949497354,305.79427083333337,243.33333333333334,255.85323674728474,210.57868321736655,355.735304919382,276.08798344930017,0.23451995849609375,0.9999769926071167,
2026-07-15T21:49:46.024,68.9306514490163,20260715_214837_front_fusion_ego_1533,speedsweep_slow,fusion_ego_1533,6339916,1,vehicle,0.3620014190673828,109.30609295196442,91.36331433868608,0.8817710496527862,13.893566545907653,4.840447425842285,1.868932843208313,1.8820455074310303,3.4218206685798895,698.3229166666667,278.8888888888889,634.184382180373,206.54633575015598,762.4614511529605,351.2314420276218,0.014081224799156189,0.8741821050643921,
2026-07-15T21:49:46.024,68.9306514490163,20260715_214837_front_fusion_ego_1533,speedsweep_slow,fusion_ego_1533,6339916,2,vehicle,0.2863629162311554,98.31446280679873,69.35277329892348,1.248511269919085,-125.5868666295488,5.339384078979492,1.9719902276992798,1.9679930210113525,23.379354797851494,253.53125000000003,234.44444444444446,229.77136144042018,219.61479958560733,277.29113855957985,249.27408930328158,0.04792698845267296,0.9999778270721436,
2026-07-15T21:49:46.160,69.06730299408082,20260715_214837_front_fusion_ego_1533,speedsweep_slow,fusion_ego_1533,6339917,0,vehicle,0.5711721777915955,102.94779099964155,81.84865773669692,1.0559121693678453,16.557818244760913,4.860342025756836,1.8810480833053589,1.8652230501174927,9.736246635764372,298.0104166666667,244.44444444444446,245.95438606540364,214.26549818780688,350.06644726792973,274.62339070108203,0.1085243672132492,0.9999996423721313,
2026-07-15T21:49:46.160,69.06730299408082,20260715_214837_front_fusion_ego_1533,speedsweep_slow,fusion_ego_1533,6339917,1,vehicle,0.4822551906108856,109.37044581206324,91.29380711254647,0.866564875244082,14.489264708943768,4.992916107177734,1.8960672616958618,1.8773101568222046,3.483055161838597,707.21875,280.0,644.9317827373743,194.26032781600952,769.5057172626257,365.7396721839905,0.09359166026115417,0.6196796894073486,
2026-07-15T21:49:46.297,69.20413129206281,20260715_214837_front_fusion_ego_1533,speedsweep_slow,fusion_ego_1533,6339918,0,vehicle,0.7145170569419861,109.59976465277886,90.7029095717609,0.8387471094926748,27.115627188697086,4.8815741539001465,1.8323256969451904,1.7230229377746582,3.6969310631513417,715.0026041666667,280.0,634.6397293011348,203.62662315368652,795.3654790321987,356.3733768463135,0.11827214807271957,0.8999342918395996,
2026-07-15T21:49:46.297,69.20413129206281,20260715_214837_front_fusion_ego_1533,speedsweep_slow,fusion_ego_1533,6339918,1,vehicle,0.5322041511535645,102.28572095001593,81.41866971524101,1.0395207529114465,57.86269588732736,4.725902080535889,1.8633480072021484,1.9323605298995972,10.03445358222119,289.11458333333337,243.33333333333334,228.7971813430389,210.05425055821738,349.4319853236278,276.61241610844934,0.01496860571205616,0.9999969005584717,
2026-07-15T21:49:46.433,69.34021798102185,20260715_214837_front_fusion_ego_1533,speedsweep_slow,fusion_ego_1533,6339919,0,vehicle,0.521354079246521,103.01471486656821,81.99569628970046,1.193448244986263,70.79379086919906,4.87118673324585,1.9390500783920288,2.23159122467041,8.913437144951097,280.21875,244.44444444444446,199.6168885231018,198.12956836488513,360.8206114768982,290.7593205240038,0.00660348916426301,0.9999864101409912,
2026-07-15T21:49:46.433,69.34021798102185,20260715_214837_front_fusion_ego_1533,speedsweep_slow,fusion_ego_1533,6339919,1,vehicle,0.20163464546203613,107.3936156127376,73.81091016490956,1.2363802158332282,-162.86329664073966,6.143164157867432,2.2999520301818848,2.5945522785186768,16.650495658547197,413.65625,243.33333333333334,380.1003505066037,221.31900091965994,447.21214949339634,265.3476657470068,0.33785688877105713,0.999067485332489,
2026-07-15T21:49:46.433,69.34021798102185,20260715_214837_front_fusion_ego_1533,speedsweep_slow,fusion_ego_1533,6339919,2,vehicle,0.17685620486736298,109.07301426181886,90.22560163320996,0.8910580683107325,50.74399889891824,4.340995788574219,1.6776413917541504,1.695164680480957,3.163132632089913,716.1145833333334,280.0,653.8706476589044,210.42383432388306,778.3585190077623,349.57616567611694,0.04205772653222084,0.36248520016670227,
2026-07-15T21:49:46.568,69.47493060899433,20260715_214837_front_fusion_ego_1533,speedsweep_slow,fusion_ego_1533,6339920,0,vehicle,0.5702828168869019,104.03645601232678,82.65261433956573,0.9878754474827653,20.424437474113443,4.990659236907959,2.0490691661834717,1.9676849842071533,7.679355249716656,271.3229166666667,252.22222222222223,160.98460523287457,205.12249244583978,381.6612281004588,299.3219519986047,0.06096956878900528,0.9999918937683105,
2026-07-15T21:49:46.568,69.47493060899433,20260715_214837_front_fusion_ego_1533,speedsweep_slow,fusion_ego_1533,6339920,1,vehicle,0.22621378302574158,109.21216415006162,89.49597239866053,0.8551102195998181,68.16004079887446,4.684297561645508,1.836718201637268,1.7833160161972046,3.341123422960441,707.21875,280.0,638.9945116043091,224.3444812297821,775.4429883956909,335.6555187702179,0.007030491717159748,0.8863699436187744,
2026-07-15T21:49:46.707,69.61404335102998,20260715_214837_front_fusion_ego_1533,speedsweep_slow,fusion_ego_1533,6339921,0,vehicle,0.3828344941139221,109.02247434668575,89.25369680238835,0.950323901473282,91.22659736796784,4.303896427154541,1.6518733501434326,1.6761784553527832,3.1196654573493845,715.0026041666667,287.77777777777777,663.1208505431812,236.12498746977914,766.8843577901523,339.43056808577643,0.002591298660263419,0.9856594800949097,
2026-07-15T21:49:46.707,69.61404335102998,20260715_214837_front_fusion_ego_1533,speedsweep_slow,fusion_ego_1533,6339921,1,vehicle,0.1790671944618225,103.02623983647307,82.77295412260753,1.0560225907352934,6.762988656978777,4.83919620513916,1.8829851150512695,2.1645407676696777,7.584070926007004,253.53125000000003,252.22222222222223,159.8545048236847,204.79309214486017,347.2079951763153,299.6513522995843,0.016494695097208023,0.9999814033508301,
2026-07-15T21:49:46.840,69.74673097603954,20260715_214837_front_fusion_ego_1533,speedsweep_slow,fusion_ego_1533,6339922,0,vehicle,0.4906465709209442,109.88324708181251,89.0186567848886,0.7529130324580906,92.40452185591349,5.167510032653809,1.9657421112060547,1.6976547241210938,3.9756545064452067,707.21875,287.77777777777777,643.5660849660635,224.24903498755563,770.8714150339365,351.30652056799994,0.0013717800611630082,0.9857785701751709,
2026-07-15T21:49:46.840,69.74673097603954,20260715_214837_front_fusion_ego_1533,speedsweep_slow,fusion_ego_1533,6339922,1,vehicle,0.20943501591682434,105.32293215470051,72.86467759483192,1.5613995424142877,-152.98339376752688,6.256469249725342,2.3738863468170166,2.5475521087646484,16.53408314794903,413.65625,243.33333333333334,378.15513883531094,223.03933580716452,449.1573611646891,263.6273308595022,0.01725565455853939,0.9997395873069763,
2026-07-15T21:49:46.840,69.74673097603954,20260715_214837_front_fusion_ego_1533,speedsweep_slow,fusion_ego_1533,6339922,2,vehicle,0.10519637167453766,109.22544591367219,88.82637917325387,0.8166825613755571,97.63248256402807,4.459502696990967,1.6776727437973022,1.5415006875991821,3.3484717297200413,717.2265625,287.77777777777777,663.1187020391226,231.11280428038705,771.3344229608774,344.4427512751685,0.0016536626499146223,0.9902182221412659,
2026-07-15T21:49:46.969,69.87623586703558,20260715_214837_front_fusion_ego_1533,speedsweep_slow,fusion_ego_1533,6339923,0,vehicle,0.12197571992874146,109.374396492047,88.83570592381339,0.9584330241482799,91.01609757287687,4.728157997131348,1.7933869361877441,1.662625789642334,3.419623969437779,723.8984375,288.8888888888889,665.031110316515,230.7051878505283,782.765764683485,347.0725899272495,0.0010361385066062212,0.8652837872505188,
2026-07-15T21:49:46.969,69.87623586703558,20260715_214837_front_fusion_ego_1533,speedsweep_slow,fusion_ego_1533,6339923,1,vehicle,0.10496313124895096,105.13772752314838,83.90573298611645,1.1804632547570835,-136.6739336199898,4.490603923797607,1.8097416162490845,1.9020013809204102,5.202555514954132,216.83593750000003,270.0,140.29988983273506,225.6471025943756,293.37198516726494,314.3528974056244,0.08678416907787323,0.9999637603759766,
2026-07-15T21:49:46.969,69.87623586703558,20260715_214837_front_fusion_ego_1533,speedsweep_slow,fusion_ego_1533,6339923,2,vehicle,0.09456130117177963,108.26935677770166,71.48064396907792,1.5350279091808843,-122.2677666497801,6.481206893920898,2.4449331760406494,2.638821840286255,17.689437162063463,412.54427083333337,243.33333333333334,379.20630664130056,224.09134109814963,445.8822350253662,262.5753255685171,0.0013286321191117167,0.9999048709869385,
2026-07-15T21:49:47.102,70.00939439400099,20260715_214837_front_fusion_ego_1533,speedsweep_slow,fusion_ego_1533,6339924,0,vehicle,0.6043459177017212,109.52538611522944,88.46203645500941,0.7491588303780818,88.44924536754296,5.219775199890137,1.9500377178192139,1.6777470111846924,3.602406395042546,723.8984375,287.77777777777777,655.5368963330984,215.76850520239938,792.2599786669016,359.7870503531562,0.0007168988231569529,0.9546549320220947,
2026-07-15T21:49:47.229,70.13568735308945,20260715_214837_front_fusion_ego_1533,speedsweep_slow,fusion_ego_1533,6339925,0,vehicle,0.40775007009506226,109.44824076794413,88.28125083345029,0.8146180323344632,70.8616605134289,5.155128479003906,1.957651138305664,1.6447052955627441,3.5024493391623,733.90625,287.77777777777777,665.5676721632481,207.50908242331613,802.2448278367519,368.04647313223944,0.0007325735641643405,0.6337606906890869,
2026-07-15T21:49:47.229,70.13568735308945,20260715_214837_front_fusion_ego_1533,speedsweep_slow,fusion_ego_1533,6339925,1,vehicle,0.07350824773311615,97.19278201821689,69.72568736426756,1.7075917982806992,89.46890592927672,6.017913818359375,2.3169734477996826,2.5116841793060303,20.5950306678422,182.36458333333334,225.55555555555557,125.46014684935412,206.049855682585,239.26901981731257,245.06125542852615,0.004187086597084999,0.6144130825996399,
2026-07-15T21:49:47.229,70.13568735308945,20260715_214837_front_fusion_ego_1533,speedsweep_slow,fusion_ego_1533,6339925,2,vehicle,0.06343735754489899,101.98012036328741,84.46836418557496,0.9470882187815244,12.495537595420933,3.836670398712158,1.6556482315063477,1.5475265979766846,5.6176104013135335,118.98177083333334,314.44444444444446,37.34402074416479,265.3772428300646,200.6195209225019,363.51164605882434,0.3036598861217499,0.9962078332901001,
2026-07-15T21:49:47.363,70.27022900106385,20260715_214837_front_fusion_ego_1533,speedsweep_slow,fusion_ego_1533,6339926,0,vehicle,0.677746593952179,102.13219258752697,83.46370018319496,1.1230762441547713,90.173695785179,5.472801685333252,2.146712064743042,2.2375402450561523,5.9923795373816136,111.19791666666667,306.6666666666667,-28.79616447289785,205.4044000307719,251.1919978062312,407.92893330256146,0.44613951444625854,0.9875202178955078,
2026-07-15T21:49:47.363,70.27022900106385,20260715_214837_front_fusion_ego_1533,speedsweep_slow,fusion_ego_1533,6339926,1,vehicle,0.35711073875427246,106.99937700869867,73.36330576402071,1.4833476881036733,-148.6405303520477,6.115795135498047,2.4005584716796875,2.4727425575256348,14.674527289942048,413.65625,243.33333333333334,379.7188340872526,221.55935724576315,447.59366591274744,265.10730942090356,0.0010261994320899248,0.9996974468231201,
2026-07-15T21:49:47.363,70.27022900106385,20260715_214837_front_fusion_ego_1533,speedsweep_slow,fusion_ego_1533,6339926,2,vehicle,0.23389357328414917,109.54687741623381,87.08853241772621,0.8869979867151574,64.9875638493955,5.015549659729004,1.9042071104049683,1.851022481918335,3.6972297421485854,725.0104166666667,287.77777777777777,657.8471044848363,212.67419444190134,792.1737288484971,362.88136111365424,0.005706727039068937,0.8817980885505676,
2026-07-15T21:49:47.363,70.27022900106385,20260715_214837_front_fusion_ego_1533,speedsweep_slow,fusion_ego_1533,6339926,3,vehicle,0.1279735565185547,102.66474943939575,85.2122784051438,1.2076434170778778,102.77061391020597,4.533271312713623,1.7594982385635376,2.0223753452301025,4.37779469217871,173.46875,324.44444444444446,53.66151669621468,240.031299855974,293.2759833037853,408.8575890329149,0.7659643292427063,0.9781156182289124,
2026-07-15T21:49:47.492,70.39894903905224,20260715_214837_front_fusion_ego_1533,speedsweep_slow,fusion_ego_1533,6339927,0,vehicle,0.6466861367225647,109.62943379591034,87.87074177546134,0.7883761816205149,42.54825969685544,5.415560722351074,1.9379026889801025,1.8253594636917114,3.682625049646744,723.8984375,288.8888888888889,650.9454074203968,209.0436463885837,796.8514675796032,368.7341313891941,0.0002732273133005947,0.9849355220794678,
2026-07-15T21:49:47.492,70.39894903905224,20260715_214837_front_fusion_ego_1533,speedsweep_slow,fusion_ego_1533,6339927,1,vehicle,0.40688207745552063,107.89134132770941,85.55568396762378,1.1256345893983406,-13.787240974711091,3.8205809593200684,1.5678880214691162,1.8735253810882568,2.8608409797622336,146.78125,252.22222222222223,79.86256822943687,176.0910381211175,213.69993177056315,328.35340632332696,0.1892922818660736,0.9143279790878296,
2026-07-15T21:49:47.492,70.39894903905224,20260715_214837_front_fusion_ego_1533,speedsweep_slow,fusion_ego_1533,6339927,2,vehicle,0.2433861345052719,104.22404251138707,74.43403308569071,1.0392623849103442,-138.8354096872618,5.065698623657227,1.9869195222854614,2.0461368560791016,13.38411023462213,413.65625,243.33333333333334,384.99949968606234,223.5063942273458,442.3130003139377,263.1602724393209,0.007335111498832703,0.9998435974121094,
2026-07-15T21:49:47.492,70.39894903905224,20260715_214837_front_fusion_ego_1533,speedsweep_slow,fusion_ego_1533,6339927,3,vehicle,0.15676502883434296,126.50065958730444,74.39797324196752,1.1217948864167795,-29.363640119057873,4.505289077758789,1.8502730131149292,2.109264850616455,24.413466042525044,812.8567708333334,252.22222222222223,777.3702177455028,231.1183281077279,848.3433239211639,273.32611633671655,0.4062369167804718,0.8178165555000305,
2026-07-15T21:49:47.492,70.39894903905224,20260715_214837_front_fusion_ego_1533,speedsweep_slow,fusion_ego_1533,6339927,4,vehicle,0.09516017884016037,104.15819497557689,85.43892962942834,1.3577538099370634,46.46284292836165,4.59952449798584,1.8188538551330566,1.952712059020996,2.9273403997906415,145.66927083333334,323.33333333333337,10.979534437259039,222.76508649190268,280.35900722940767,423.90158017476404,0.3307938575744629,0.9903468489646912,
2026-07-15T21:49:47.633,70.54021139105316,20260715_214837_front_fusion_ego_1533,speedsweep_slow,fusion_ego_1533,6339928,0,vehicle,0.28923463821411133,105.44406041492611,73.42085754483034,1.6922585218305346,152.65093234958357,6.29285192489624,2.4342706203460693,2.8589844703674316,13.972336839807255,413.65625,234.44444444444446,381.82134679704905,209.346667793062,445.491153202951,259.5422210958269,0.0025397345889359713,0.9992884397506714,
2026-07-15T21:49:47.633,70.54021139105316,20260715_214837_front_fusion_ego_1533,speedsweep_slow,fusion_ego_1533,6339928,1,vehicle,0.14015725255012512,101.61912762195776,77.16931375611728,1.3979136481016443,157.00366462703462,4.713771343231201,1.857507348060608,2.3324999809265137,11.12261920451643,146.78125,217.7777777777778,98.45164486020803,184.3770872222053,195.11085513979197,251.1784683333503,0.5741767883300781,0.7166885733604431,
2026-07-15T21:49:47.633,70.54021139105316,20260715_214837_front_fusion_ego_1533,speedsweep_slow,fusion_ego_1533,6339928,2,vehicle,0.13552725315093994,110.05922743065916,87.11541076438625,0.9458667077395355,-95.55896813301253,4.991487979888916,1.9264886379241943,1.7317595481872559,4.08155448777487,679.4192708333334,306.6666666666667,643.7099562635025,217.66080776850384,715.1285854031643,395.6725255648295,0.0520239919424057,0.11712467670440674,
2026-07-15T21:49:47.633,70.54021139105316,20260715_214837_front_fusion_ego_1533,speedsweep_slow,fusion_ego_1533,6339928,3,vehicle,0.1196756437420845,109.59329662380425,87.4089924839758,1.0294631259301323,13.82887677190583,4.733170509338379,1.8136179447174072,1.7781398296356201,3.600030298611585,751.6979166666667,296.6666666666667,698.98872598509,206.8261472384135,804.4071073482435,386.50718609491986,0.0008321150671690702,0.6975623369216919,
2026-07-15T21:49:47.633,70.54021139105316,20260715_214837_front_fusion_ego_1533,speedsweep_slow,fusion_ego_1533,6339928,4,person,0.06111447513103485,130.5807593065245,72.84904278773482,1.1325540966662189,15.519964468037038,0.6922628283500671,0.44033607840538025,1.786787986755371,28.53323953644465,840.65625,252.22222222222223,831.0735152103007,231.37940718068018,850.2389847896993,273.0650372637643,0.9906174540519714,0.930819034576416,
2026-07-15T21:49:47.755,70.66179387201555,20260715_214837_front_fusion_ego_1533,speedsweep_slow,fusion_ego_1533,6339929,0,vehicle,0.35695263743400574,110.5572035223288,86.48156230345901,0.989353526718109,-80.43612971273816,4.547483444213867,1.775491714477539,1.7588119506835938,4.59499561322701,680.53125,306.6666666666667,647.7596223577857,215.9319059054057,713.3028776422143,397.4014274279277,0.8615354895591736,0.16633495688438416,
2026-07-15T21:49:47.755,70.66179387201555,20260715_214837_front_fusion_ego_1533,speedsweep_slow,fusion_ego_1533,6339929,1,vehicle,0.11324544996023178,109.16824259193966,86.54210013241973,1.0023963484182221,-1.3942793866500516,4.272991180419922,1.6933627128601074,1.6360079050064087,3.2230770600620997,768.3776041666667,297.77777777777777,706.4656791786354,230.78693972693551,830.2895291546981,364.76861582862006,0.028027577325701714,0.9826725721359253,
2026-07-15T21:49:47.755,70.66179387201555,20260715_214837_front_fusion_ego_1533,speedsweep_slow,fusion_ego_1533,6339929,2,vehicle,0.06177229806780815,109.09124644185275,86.6935045296522,1.1319142033168677,13.30555745312886,5.042971134185791,1.8825420141220093,2.2500221729278564,3.1080236524490283,733.90625,288.8888888888889,665.7591923177242,204.45975833468967,802.0533076822758,373.31801944308813,0.02999945543706417,0.40423184633255005,
2026-07-15T21:49:47.755,70.66179387201555,20260715_214837_front_fusion_ego_1533,speedsweep_slow,fusion_ego_1533,6339929,3,vehicle,0.05820893496274948,109.1919784905368,86.5614920356136,1.0835457100941426,5.463509876613203,5.325206279754639,1.963165044784546,2.2674431800842285,3.230821637736702,750.5859375,288.8888888888889,690.581375092268,172.28021674686008,810.590499907732,405.4975610309177,0.15948745608329773,0.04125239700078964,
2026-07-15T21:49:47.879,70.78644642198924,20260715_214837_front_fusion_ego_1533,speedsweep_slow,fusion_ego_1533,6339930,0,vehicle,0.17692039906978607,109.23598575342157,86.57485216426848,1.1400177917491239,-6.705674135092748,5.21152400970459,1.9331183433532715,2.2786507606506348,3.232064394411247,725.0104166666667,288.8888888888889,661.7689154992502,185.074053340488,788.2519178340833,392.7037244372898,0.3301941752433777,0.2806217670440674,
2026-07-15T21:49:47.879,70.78644642198924,20260715_214837_front_fusion_ego_1533,speedsweep_slow,fusion_ego_1533,6339930,1,vehicle,0.07772835344076157,104.25449951166718,72.41571003843559,1.6933679123663687,-76.49166500318323,5.62133264541626,2.2035436630249023,2.654057741165161,14.397478626881977,413.65625,244.44444444444446,384.562299259007,222.87121382024554,442.7502007409931,266.01767506864337,0.014461321756243706,0.9988151788711548,
2026-07-15T21:49:47.879,70.78644642198924,20260715_214837_front_fusion_ego_1533,speedsweep_slow,fusion_ego_1533,6339930,2,vehicle,0.06058674305677414,102.91456746321427,84.43371155316797,1.7535313601924538,-12.45177848967612,7.682071208953857,2.8010573387145996,3.673801898956299,3.8608275607818894,217.94791666666669,198.88888888888889,161.96079173187417,96.63906150394017,273.9350416014592,301.13871627383764,0.07802028208971024,0.49641820788383484,
2026-07-15T21:49:48.003,70.90976535098162,20260715_214837_front_fusion_ego_1533,speedsweep_slow,fusion_ego_1533,6339931,0,vehicle,0.11760552227497101,109.28824279971654,87.3736750139025,1.084325157448844,35.51066025585448,5.427330017089844,2.086122751235962,2.165220260620117,3.43826805309955,725.0104166666667,288.8888888888889,660.3035508940618,179.62512069278293,789.7172824392717,398.15265708499487,0.0832703709602356,0.13635870814323425,
2026-07-15T21:49:48.003,70.90976535098162,20260715_214837_front_fusion_ego_1533,speedsweep_slow,fusion_ego_1533,6339931,1,vehicle,0.07209797203540802,103.80348637387034,86.76983681355703,1.9137875028895912,-4.14190453122146,8.498650550842285,3.1304128170013428,4.129824638366699,2.293921220602973,190.1484375,198.88888888888889,140.150939963758,-0.5830616421169705,240.14593503624204,398.3608394198948,0.10054945200681686,0.8718318343162537,
2026-07-15T21:49:48.127,71.0339625220513,20260715_214837_front_fusion_ego_1533,speedsweep_slow,fusion_ego_1533,6339932,0,vehicle,0.27719682455062866,109.32739129983426,86.3734773217531,1.0189624466248197,21.303836111667042,5.004208564758301,1.9049930572509766,1.898679256439209,3.3535903146857855,725.0104166666667,288.8888888888889,671.1419563988845,207.4444776111179,778.878876934449,370.3333001666599,0.008541612885892391,0.12808825075626373,
2026-07-15T21:49:48.127,71.0339625220513,20260715_214837_front_fusion_ego_1533,speedsweep_slow,fusion_ego_1533,6339932,1,vehicle,0.20713062584400177,105.12269758073417,74.56582355304967,1.1823574628423574,-124.64898342703484,5.201355934143066,2.149890661239624,2.1542787551879883,11.526816389911637,421.4401041666667,243.33333333333334,388.5643430079023,220.08621474107107,454.31586532543105,266.58045192559564,0.14919506013393402,0.9995463490486145,
2026-07-15T21:49:48.127,71.0339625220513,20260715_214837_front_fusion_ego_1533,speedsweep_slow,fusion_ego_1533,6339932,2,vehicle,0.1204431876540184,97.61755732519343,72.6518165817853,1.582958335320292,59.337202319258026,5.175403594970703,2.1087234020233154,2.4315481185913086,15.82156905874901,74.50260416666667,207.7777777777778,26.282079617182415,184.66784523593057,122.72312871615092,230.88771031962503,0.9808498024940491,0.3341626524925232,
2026-07-15T21:49:48.127,71.0339625220513,20260715_214837_front_fusion_ego_1533,speedsweep_slow,fusion_ego_1533,6339932,3,vehicle,0.10229919105768204,108.87026523147539,85.59554086567304,1.0332671258912558,47.511916958090886,4.435214996337891,1.7325419187545776,1.7430980205535889,2.920674554490201,742.8020833333334,288.8888888888889,679.511607726415,219.2844205432468,806.0925589402517,358.493357234531,0.003638810245320201,0.6019008755683899,
2026-07-15T21:49:48.127,71.0339625220513,20260715_214837_front_fusion_ego_1533,speedsweep_slow,fusion_ego_1533,6339932,4,vehicle,0.05198563262820244,109.54425502194997,86.26828886099119,0.9794401784681592,-101.42680729989023,4.81549072265625,1.8693060874938965,2.056858777999878,3.5650664368943286,679.4192708333334,305.55555555555554,649.5841657270988,195.26474449369644,709.2543759395679,415.84636661741473,0.8751930594444275,0.0027896000538021326,
2026-07-15T21:49:48.258,71.16457477398217,20260715_214837_front_fusion_ego_1533,speedsweep_slow,fusion_ego_1533,6339933,0,vehicle,0.5598099827766418,105.32595762422434,79.08279942753546,1.2162028873080621,-50.96699749018045,5.12755012512207,1.9799286127090454,2.2893612384796143,6.705766239868033,155.67708333333334,253.33333333333334,84.13009115060171,204.40737326939902,227.22407551606497,302.2592933972677,0.08954914659261703,0.9999915361404419,
2026-07-15T21:49:48.258,71.16457477398217,20260715_214837_front_fusion_ego_1533,speedsweep_slow,fusion_ego_1533,6339933,1,vehicle,0.25846683979034424,109.2053806171688,85.34367837606015,0.8665228781678391,47.44250438165054,4.560163974761963,1.7797269821166992,1.6749248504638672,3.268937385348092,725.0104166666667,296.6666666666667,663.4479300628107,235.0492302576701,786.5729032705228,358.28410307566327,0.029073819518089294,0.9123906493186951,
2026-07-15T21:49:48.258,71.16457477398217,20260715_214837_front_fusion_ego_1533,speedsweep_slow,fusion_ego_1533,6339933,2,vehicle,0.12703020870685577,103.78037086020278,72.54373583015486,1.1564959677960909,-112.1906095236378,5.070085525512695,1.945443868637085,2.2567241191864014,13.395796848969123,413.65625,243.33333333333334,384.6834532544017,219.9786545832952,442.6290467455984,266.6880120833715,0.06442303955554962,0.9998953342437744,
2026-07-15T21:49:48.383,71.29053111106623,20260715_214837_front_fusion_ego_1533,speedsweep_slow,fusion_ego_1533,6339934,0,vehicle,0.6458006501197815,109.38445690621734,85.01293490463473,0.766630228553661,39.06981332951502,4.395644187927246,1.7325907945632935,1.4495699405670166,3.4623631215209447,725.0104166666667,296.6666666666667,662.2161691437166,236.56602303187054,787.8046641896169,356.7673103014628,0.004862615372985601,0.9690334796905518,
2026-07-15T21:49:48.383,71.29053111106623,20260715_214837_front_fusion_ego_1533,speedsweep_slow,fusion_ego_1533,6339934,1,vehicle,0.15939755737781525,107.72433532372754,78.66930043770238,1.2143750973199356,-54.505918477044624,4.683988094329834,1.8292423486709595,1.7486406564712524,6.953373177675646,145.66927083333334,262.22222222222223,72.37268159290156,225.59081806076898,218.96586007376513,298.8536263836755,0.08043712377548218,0.9999815225601196,
2026-07-15T21:49:48.383,71.29053111106623,20260715_214837_front_fusion_ego_1533,speedsweep_slow,fusion_ego_1533,6339934,2,person,0.05475064739584923,96.4898484165434,73.20880145580063,1.3072430885178434,-41.23407448580898,0.7820476293563843,0.5746929049491882,1.7595419883728027,15.490701093381645,66.71875,234.44444444444446,57.58750488609076,219.7217544582155,75.84999511390924,249.1671344306734,0.9667786955833435,0.06005960702896118,
2026-07-15T21:49:48.383,71.29053111106623,20260715_214837_front_fusion_ego_1533,speedsweep_slow,fusion_ego_1533,6339934,3,vehicle,0.0512746199965477,105.63822648834088,62.656260332952684,2.016347753440715,-1.3905847309516162,5.228437900543213,2.042487144470215,2.746912956237793,22.757887249119268,421.4401041666667,226.66666666666669,398.47221984590095,212.0890913407008,444.4079884874324,241.24424199263257,0.0006850821664556861,0.7185042500495911,
2026-07-15T21:49:48.514,71.42083069705404,20260715_214837_front_fusion_ego_1533,speedsweep_slow,fusion_ego_1533,6339935,0,vehicle,0.5384084582328796,109.33850855093563,84.97670100354173,0.859531722868309,15.838711248161095,4.423832893371582,1.7350744009017944,1.5369858741760254,3.3731573394594623,725.0104166666667,296.6666666666667,664.5423436711233,232.11118857065838,785.4784896622102,361.222144762675,0.006081876344978809,0.8839755654335022,
2026-07-15T21:49:48.514,71.42083069705404,20260715_214837_front_fusion_ego_1533,speedsweep_slow,fusion_ego_1533,6339935,1,vehicle,0.4072093963623047,109.69257576501892,84.95706871648882,0.9561933143983345,-102.033487996891,5.0065598487854,1.9610154628753662,1.9273065328598022,3.703957185938705,680.53125,305.55555555555554,629.975843437016,216.10386345121597,731.086656562984,395.0072476598952,0.9814720153808594,0.06543083488941193,
2026-07-15T21:49:48.514,71.42083069705404,20260715_214837_front_fusion_ego_1533,speedsweep_slow,fusion_ego_1533,6339935,2,vehicle,0.06815002113580704,105.89915666819049,72.93247850511216,1.3841774077476434,-110.0524547424272,4.979166507720947,1.9617727994918823,2.315840244293213,12.133598880645657,422.55208333333337,243.33333333333334,390.5060911973318,219.72104092439017,454.59807546933496,266.94562574227655,0.0058903819881379604,0.9983518123626709,
2026-07-15T21:49:48.651,71.55831151199527,20260715_214837_front_fusion_ego_1533,speedsweep_slow,fusion_ego_1533,6339936,0,vehicle,0.3785512149333954,105.67153359673073,72.89990134095629,1.4540141483013111,-137.7177152556985,5.35558557510376,2.1325788497924805,2.429630756378174,11.83765079747857,422.55208333333337,243.33333333333334,390.6168006633719,218.1938554843267,454.4873660032948,268.47281118234,0.01844317652285099,0.9997630715370178,
2026-07-15T21:49:48.651,71.55831151199527,20260715_214837_front_fusion_ego_1533,speedsweep_slow,fusion_ego_1533,6339936,1,vehicle,0.28280285000801086,109.3332295934652,84.28198929750168,0.8405767101524046,0.807120738738782,4.381414890289307,1.7508457899093628,1.5655083656311035,3.3985934897703656,725.0104166666667,296.6666666666667,666.5330270628135,234.0049997965495,783.48780627052,359.3283335367839,0.020923562347888947,0.9702877402305603,
2026-07-15T21:49:48.651,71.55831151199527,20260715_214837_front_fusion_ego_1533,speedsweep_slow,fusion_ego_1533,6339936,2,vehicle,0.18927383422851562,109.33831521508642,83.98966401815629,1.105825614467004,-93.39526003777978,4.946639060974121,1.858232021331787,2.1626904010772705,3.409416096823798,680.53125,297.77777777777777,647.1693235188723,191.37836562262643,713.8931764811277,404.17718993292914,0.995349109172821,0.09094395488500595,
2026-07-15T21:49:48.651,71.55831151199527,20260715_214837_front_fusion_ego_1533,speedsweep_slow,fusion_ego_1533,6339936,3,vehicle,0.10117504745721817,101.04785499627195,78.6021448827668,1.4299803891900764,5.173919028386048,5.496711730957031,2.040288209915161,2.3556876182556152,7.906497515529979,155.67708333333334,253.33333333333334,96.3930184741815,202.126118739446,214.96114819248518,304.5405479272207,0.5302162170410156,0.9998574256896973,
2026-07-15T21:49:48.772,71.67913260799833,20260715_214837_front_fusion_ego_1533,speedsweep_slow,fusion_ego_1533,6339937,0,vehicle,0.3499811887741089,106.78536685455994,72.24274364758077,1.4571514678491448,171.3173497687676,5.671671390533447,2.1553232669830322,2.4561474323272705,12.151143515274292,421.4401041666667,243.33333333333334,383.6440375323097,216.9841488202413,459.23617080102366,269.6825178464254,0.005575693678110838,0.999321699142456,
2026-07-15T21:49:48.772,71.67913260799833,20260715_214837_front_fusion_ego_1533,speedsweep_slow,fusion_ego_1533,6339937,1,vehicle,0.12397614866495132,109.73157637198474,83.82081915731517,0.907518686488852,37.51130109288652,4.748660564422607,1.8669683933258057,1.6446453332901,3.786517075538453,733.90625,296.6666666666667,668.5770518928766,237.73911754290265,799.2354481071234,355.5942157904307,0.0018711247248575091,0.8914055228233337,
2026-07-15T21:49:48.772,71.67913260799833,20260715_214837_front_fusion_ego_1533,speedsweep_slow,fusion_ego_1533,6339937,2,person,0.072405606508255,126.2721521453711,67.56439116586719,1.6720570905184104,-42.22273073679011,1.5072458982467651,0.9251062870025635,1.7647895812988281,26.29980906696908,759.4817708333334,252.22222222222223,746.5684591991206,239.32540668381586,772.3950824675461,265.1190377606286,0.9770781993865967,0.4109363853931427,
2026-07-15T21:49:48.772,71.67913260799833,20260715_214837_front_fusion_ego_1533,speedsweep_slow,fusion_ego_1533,6339937,3,vehicle,0.05811261385679245,103.11476495091033,78.83401795725429,1.3098519723758661,-53.13996537399765,4.586824417114258,1.7068790197372437,1.9552850723266602,6.268536101999643,145.66927083333334,253.33333333333334,88.09866871436438,213.21295460065207,203.2398729523023,293.45371206601465,0.25189462304115295,0.9999420642852783,
2026-07-15T21:49:48.772,71.67913260799833,20260715_214837_front_fusion_ego_1533,speedsweep_slow,fusion_ego_1533,6339937,4,vehicle,0.05301573872566223,101.62361348640732,80.00774981246282,1.1321967861855358,-15.878857087253408,4.973198890686035,1.852986454963684,2.213125705718994,6.225216612177174,83.3984375,280.0,2.356588691473007,198.64519596099854,164.440286308527,361.35480403900146,0.38941583037376404,0.994081437587738,
2026-07-15T21:49:48.898,71.80507890298031,20260715_214837_front_fusion_ego_1533,speedsweep_slow,fusion_ego_1533,6339938,0,vehicle,0.2220103144645691,102.1249832635637,79.78752697322939,0.916421980358205,-64.21361397330266,5.574512004852295,2.067842721939087,1.9839906692504883,5.794923053303505,110.08593750000001,280.0,37.33591242134571,184.23523902893066,182.8359625786543,375.76476097106934,0.057791441679000854,0.9992227554321289,
2026-07-15T21:49:48.898,71.80507890298031,20260715_214837_front_fusion_ego_1533,speedsweep_slow,fusion_ego_1533,6339938,1,vehicle,0.1723482757806778,106.74645512178162,72.4573846715358,1.4720746052639457,117.25403405956409,5.198148727416992,2.0260748863220215,2.6156020164489746,11.57016733009507,422.55208333333337,243.33333333333334,391.46549900372827,219.72329755624136,453.6386676629385,266.94336911042535,0.010448349639773369,0.996820330619812,
2026-07-15T21:49:48.898,71.80507890298031,20260715_214837_front_fusion_ego_1533,speedsweep_slow,fusion_ego_1533,6339938,2,vehicle,0.14519193768501282,110.05637140321156,83.68878124808279,0.9261805864350672,-6.210533985932309,4.970493316650391,1.9149357080459595,1.6886321306228638,4.073822809550576,733.90625,296.6666666666667,670.7606743425131,220.34768501917523,797.0518256574869,372.98564831415814,0.0003998605825472623,0.07132545858621597,
2026-07-15T21:49:48.898,71.80507890298031,20260715_214837_front_fusion_ego_1533,speedsweep_slow,fusion_ego_1533,6339938,3,vehicle,0.07666206359863281,109.22539102360193,83.69988030129643,1.154162528402427,59.859594154832536,4.550889015197754,1.7766993045806885,1.6852288246154785,3.2209805831222473,760.59375,297.77777777777777,699.7926609963179,221.75630675421823,821.3948390036821,373.79924880133734,0.022997504100203514,0.8633019328117371,
2026-07-15T21:49:48.898,71.80507890298031,20260715_214837_front_fusion_ego_1533,speedsweep_slow,fusion_ego_1533,6339938,4,person,0.053270403295755386,125.74895742555954,69.43873982957889,1.3866572298110214,-94.06816497902591,1.302225947380066,0.7585843801498413,1.635684847831726,24.504544684848106,760.59375,252.22222222222223,745.7608353570104,236.90278900994196,775.4266646429896,267.5416554345025,0.9852055907249451,0.6581485867500305,
2026-07-15T21:49:49.036,71.94292614003643,20260715_214837_front_fusion_ego_1533,speedsweep_slow,fusion_ego_1533,6339939,0,vehicle,0.18555733561515808,106.81160974375872,73.90985069744411,1.4000550701494758,126.73359766687334,5.397200107574463,2.1160454750061035,2.603104829788208,9.814126739786877,421.4401041666667,244.44444444444446,381.7818508024017,216.90199699666766,461.09835753093165,271.98689189222125,0.030179793015122414,0.9996697902679443,
2026-07-15T21:49:49.036,71.94292614003643,20260715_214837_front_fusion_ego_1533,speedsweep_slow,fusion_ego_1533,6339939,1,person,0.163981094956398,89.39575835995994,56.804179842468365,0.9800097798056804,-96.17434055900257,0.38459181785583496,0.4139155149459839,1.6283321380615234,31.631752651719466,234.62760416666669,226.66666666666669,231.47494660286856,218.2907036940257,237.78026173046482,235.04262963930768,0.9999973773956299,0.9961209893226624,
2026-07-15T21:49:49.036,71.94292614003643,20260715_214837_front_fusion_ego_1533,speedsweep_slow,fusion_ego_1533,6339939,2,vehicle,0.13490280508995056,103.22102009537383,80.84772116897412,1.0133843455476266,30.77336194722833,4.78082275390625,1.8344767093658447,1.802466869354248,4.0457219605192805,92.29427083333334,287.77777777777777,37.734200110038124,192.52930270300973,146.85434155662855,383.02625285254584,0.00856788456439972,0.9884918928146362,
2026-07-15T21:49:49.036,71.94292614003643,20260715_214837_front_fusion_ego_1533,speedsweep_slow,fusion_ego_1533,6339939,3,vehicle,0.11145267635583878,108.21893890363859,78.36005767822743,1.156426610559114,-82.95223612839597,4.225787162780762,1.62886381149292,1.8449604511260986,5.772112194622901,110.08593750000001,253.33333333333334,35.95166073739529,204.7504242261251,184.2202142626047,301.9162424405416,0.5616505146026611,0.9994511008262634,
2026-07-15T21:49:49.036,71.94292614003643,20260715_214837_front_fusion_ego_1533,speedsweep_slow,fusion_ego_1533,6339939,4,vehicle,0.07157091051340103,108.74749371828105,82.88452916936902,1.0744619432879048,-113.62208447751871,5.1781110763549805,1.9459377527236938,2.1390016078948975,2.8600027310886142,689.4270833333334,297.77777777777777,653.4493414958318,183.430007563697,725.4048251708349,412.1255479918586,0.9897342920303345,0.16276979446411133,
2026-07-15T21:49:49.165,72.07225250802003,20260715_214837_front_fusion_ego_1533,speedsweep_slow,fusion_ego_1533,6339940,0,vehicle,0.5606809854507446,109.50114028697918,83.73078127481983,0.9999258673741709,-134.90499753167248,5.394556522369385,2.0583019256591797,2.02215838432312,3.514080788679465,680.53125,305.55555555555554,625.1070288866758,206.8970486852858,735.9554711133242,404.2140624258254,0.9704149961471558,0.2996397316455841,
2026-07-15T21:49:49.165,72.07225250802003,20260715_214837_front_fusion_ego_1533,speedsweep_slow,fusion_ego_1533,6339940,1,person,0.16531629860401154,90.30921939029061,59.61531878738822,0.377800943399375,57.45061321110074,0.42475783824920654,0.387188583612442,1.3684074878692627,28.551994860702138,226.84375000000003,234.44444444444446,222.75020633079114,224.9105825689104,230.9372936692089,243.97830631997851,0.997992753982544,0.7138018012046814,
2026-07-15T21:49:49.165,72.07225250802003,20260715_214837_front_fusion_ego_1533,speedsweep_slow,fusion_ego_1533,6339940,2,vehicle,0.15892082452774048,109.83529140715355,82.88773602493396,1.203756436184086,-51.073161155757234,5.165209770202637,1.9480570554733276,2.178004503250122,3.8409892002785804,725.0104166666667,288.8888888888889,667.4301749120157,193.2752185397678,782.5906584213178,384.50255923801,0.06171990558505058,0.018472978845238686,
2026-07-15T21:49:49.165,72.07225250802003,20260715_214837_front_fusion_ego_1533,speedsweep_slow,fusion_ego_1533,6339940,3,vehicle,0.13220880925655365,106.59589491037777,69.91221278025075,1.1781197354396187,-151.94868848427592,5.3162384033203125,2.075197219848633,2.170112133026123,13.513931440655094,422.55208333333337,252.22222222222223,388.77746591468656,231.4748795164956,456.3267007519802,272.96956492794885,0.005170587915927172,0.9999629259109497,
2026-07-15T21:49:49.165,72.07225250802003,20260715_214837_front_fusion_ego_1533,speedsweep_slow,fusion_ego_1533,6339940,4,vehicle,0.08906328678131104,106.8467739424717,78.84867621491298,1.1481271448961925,-74.11919098227581,4.523116588592529,1.7988518476486206,1.9920990467071533,4.648669555738169,92.29427083333334,261.11111111111114,25.786059384544693,211.02873272365994,158.80248228212199,311.1934894985623,0.050079505890607834,0.9765915870666504,
2026-07-15T21:49:49.296,72.2034022990847,20260715_214837_front_fusion_ego_1533,speedsweep_slow,fusion_ego_1533,6339941,0,vehicle,0.392111212015152,109.51345215837762,83.26492821234851,1.0477110901220232,-97.38222480788227,5.102006435394287,1.9645136594772339,2.0298683643341064,3.5108439081780496,680.53125,305.55555555555554,640.7054196819663,200.9309646818373,720.3570803180337,410.18014642927386,0.9105656743049622,0.08642244338989258,
2026-07-15T21:49:49.296,72.2034022990847,20260715_214837_front_fusion_ego_1533,speedsweep_slow,fusion_ego_1533,6339941,1,vehicle,0.3237386643886566,109.43824833166791,82.61843735101714,1.1059260663562192,-8.650020222562377,5.295594215393066,1.9502519369125366,2.116792678833008,3.4579557960714236,725.0104166666667,288.8888888888889,659.8116049716871,198.3801990085178,790.2092283616464,379.39757876926,0.01845686510205269,0.2049579620361328,
2026-07-15T21:49:49.296,72.2034022990847,20260715_214837_front_fusion_ego_1533,speedsweep_slow,fusion_ego_1533,6339941,2,vehicle,0.21378572285175323,107.3980126148418,69.41169865867339,1.3278187280879445,136.7286663285637,5.255197048187256,2.126857042312622,2.195383310317993,13.757163675895313,422.55208333333337,252.22222222222223,386.9078474392494,232.79498053921594,458.19631922741735,271.6494639052285,0.0026885108090937138,0.9997633099555969,
2026-07-15T21:49:49.296,72.2034022990847,20260715_214837_front_fusion_ego_1533,speedsweep_slow,fusion_ego_1533,6339941,3,person,0.21117280423641205,92.28067167626038,59.62302654929366,0.6135429230110043,51.07239455704957,0.42985254526138306,0.44842103123664856,1.2640974521636963,27.23161692691079,226.84375000000003,234.44444444444446,222.92393173370513,225.89139309194354,230.76356826629493,242.99749579694537,0.9832907915115356,0.9637430310249329,
2026-07-15T21:49:49.296,72.2034022990847,20260715_214837_front_fusion_ego_1533,speedsweep_slow,fusion_ego_1533,6339941,4,vehicle,0.05943679064512253,106.79477819086071,62.29810414381147,1.5428119271798895,-9.820052762169851,6.196354389190674,2.3812601566314697,2.7530438899993896,20.815481587251483,421.4401041666667,226.66666666666669,389.4891435677807,211.42271796862286,453.3910647655527,241.9106153647105,5.3865722293267027e-05,0.8376535177230835,
2026-07-15T21:49:49.427,72.33458172809333,20260715_214837_front_fusion_ego_1533,speedsweep_slow,fusion_ego_1533,6339942,0,vehicle,0.1614958941936493,109.88703213532953,81.99072531980036,1.0491859735334164,-16.720304763189336,4.73514986038208,1.811974287033081,1.8609833717346191,3.951663837427032,733.90625,296.6666666666667,666.090859413147,228.23461691538495,801.721640586853,365.0987164179484,0.0008990599890239537,0.5005106329917908,
2026-07-15T21:49:49.565,72.47262838704046,20260715_214837_front_fusion_ego_1533,speedsweep_slow,fusion_ego_1533,6339943,0,vehicle,0.11110334098339081,106.96990699049725,64.38629986830892,1.715077050348908,126.51069994805403,6.280100345611572,2.281083106994629,2.8876991271972656,18.019313939614367,422.55208333333337,234.44444444444446,395.03602324177825,217.01123383310107,450.0681434248885,251.87765505578784,0.03816176578402519,0.9252637624740601,
2026-07-15T21:49:49.565,72.47262838704046,20260715_214837_front_fusion_ego_1533,speedsweep_slow,fusion_ego_1533,6339943,1,vehicle,0.09193446487188339,108.84052962817523,82.18611493123376,1.1538961886206718,-1.7303877672763819,5.016533374786377,1.865143895149231,2.3108479976654053,2.835589374309061,742.8020833333334,288.8888888888889,674.545642827948,180.61439090304904,811.0585238387188,397.16338687472876,0.040053773671388626,0.41749823093414307,
2026-07-15T21:49:49.565,72.47262838704046,20260715_214837_front_fusion_ego_1533,speedsweep_slow,fusion_ego_1533,6339943,2,vehicle,0.07635508477687836,103.85614143471577,61.850284350960784,1.7680393265675687,110.76075845122845,6.62319803237915,2.3728933334350586,3.1092352867126465,20.647980152469415,421.4401041666667,224.44444444444446,392.89066240439814,208.06658115651874,449.98954592893523,240.82230773237018,5.185225745663047e-06,0.9861613512039185,
2026-07-15T21:49:49.695,72.60191633703653,20260715_214837_front_fusion_ego_1533,speedsweep_slow,fusion_ego_1533,6339944,0,vehicle,0.8112037181854248,109.87216849688748,82.67727510030169,0.9533192223699949,-9.08364180929229,5.778896331787109,2.059417247772217,1.7943940162658691,3.9253025559858963,750.5859375,288.8888888888889,655.6835715025663,192.78441005282932,845.4883034974337,384.9933677249485,0.0089133121073246,0.9902532696723938,
2026-07-15T21:49:49.695,72.60191633703653,20260715_214837_front_fusion_ego_1533,speedsweep_slow,fusion_ego_1533,6339944,1,vehicle,0.2794896066188812,108.87027803344981,82.0027921524227,1.1256915906556677,-7.070817540984228,5.337952613830566,1.9978001117706299,2.195596694946289,2.8626869620941138,740.578125,288.8888888888889,668.5735459923744,194.91715245776706,812.5827040076256,382.86062532001074,0.014706051908433437,0.7039712071418762,
2026-07-15T21:49:49.695,72.60191633703653,20260715_214837_front_fusion_ego_1533,speedsweep_slow,fusion_ego_1533,6339944,2,vehicle,0.13340134918689728,106.19355954267164,61.65266315369557,1.5506754761623458,116.25165356857579,6.4914422035217285,2.3942627906799316,2.8986523151397705,20.419856290472215,422.55208333333337,225.55555555555557,391.8101557468375,209.39325782987808,453.29401091982925,241.71785328123306,2.1139761884114705e-05,0.9760939478874207,
2026-07-15T21:49:49.695,72.60191633703653,20260715_214837_front_fusion_ego_1533,speedsweep_slow,fusion_ego_1533,6339944,3,person,0.12175831198692322,85.42678903319545,57.47580285452289,0.9697750699198888,12.208846649472257,0.5406254529953003,0.47164303064346313,1.7780252695083618,32.09831323206294,216.83593750000003,226.66666666666669,213.22903357911855,217.24286834398907,220.44284142088148,236.0904649893443,0.9988491535186768,0.9853455424308777,
2026-07-15T21:49:49.695,72.60191633703653,20260715_214837_front_fusion_ego_1533,speedsweep_slow,fusion_ego_1533,6339944,4,vehicle,0.10951824486255646,107.4118264126468,67.36570904962127,1.05786233292968,136.85433428697223,5.074952602386475,2.001217842102051,2.066742181777954,14.778510786097398,422.55208333333337,243.33333333333334,388.3250647683939,226.51291271050772,456.77910189827287,260.153753956159,0.004249757621437311,0.7536612153053284,
2026-07-15T21:49:49.824,72.73097678006161,20260715_214837_front_fusion_ego_1533,speedsweep_slow,fusion_ego_1533,6339945,0,vehicle,0.453587144613266,109.34264471743553,81.84776453134596,1.0463340071454683,23.374179004339585,5.172041893005371,1.927402377128601,1.8396055698394775,3.3433114256875753,741.6901041666667,288.8888888888889,664.4927711288135,218.99121575885349,818.88743720452,358.7865620189243,0.001976249972358346,0.9645377397537231,
2026-07-15T21:49:49.824,72.73097678006161,20260715_214837_front_fusion_ego_1533,speedsweep_slow,fusion_ego_1533,6339945,1,person,0.23710227012634277,85.5186528430695,58.25352357735625,1.1035346399396522,-141.42728469784214,0.44709908962249756,0.4317929744720459,1.861966609954834,31.233422567696753,216.83593750000003,226.66666666666669,212.78562306333333,216.21866683165234,220.8862519366667,237.11466650168103,0.9999507665634155,0.9982684850692749,
2026-07-15T21:49:49.824,72.73097678006161,20260715_214837_front_fusion_ego_1533,speedsweep_slow,fusion_ego_1533,6339945,2,vehicle,0.10125293582677841,110.07237958320971,63.21485363047189,0.976403406330788,115.37292009068914,5.370144367218018,2.0201125144958496,2.0127978324890137,19.021082462225547,430.33593750000006,243.33333333333334,402.3002883195877,230.851662059625,458.37158668041235,255.8150046070417,0.0002446942962706089,0.024012751877307892,
2026-07-15T21:49:49.824,72.73097678006161,20260715_214837_front_fusion_ego_1533,speedsweep_slow,fusion_ego_1533,6339945,3,vehicle,0.08509179204702377,108.93620541164478,81.34420155161199,1.1605630484889942,35.12018954581206,4.83479118347168,1.8430511951446533,2.086536407470703,2.958492419021942,731.6822916666667,288.8888888888889,669.8708352247875,211.33693509631686,793.493748108546,366.44084268146094,0.019366834312677383,0.3037670850753784,
2026-07-15T21:49:49.955,72.86212908406742,20260715_214837_front_fusion_ego_1533,speedsweep_slow,fusion_ego_1533,6339946,0,vehicle,0.413629949092865,108.98890026439237,81.13172313519173,1.01208643227561,23.57236401832093,4.530050277709961,1.812237024307251,1.7724049091339111,3.0264519671099155,725.0104166666667,296.6666666666667,652.5414999077718,222.5739614168803,797.4793334255617,370.75937191645306,0.08319910615682602,0.9909203052520752,
2026-07-15T21:49:49.955,72.86212908406742,20260715_214837_front_fusion_ego_1533,speedsweep_slow,fusion_ego_1533,6339946,1,vehicle,0.10845700651407242,108.87035278628377,81.12700503442063,1.1101639618380166,35.621153210138154,4.552065849304199,1.7811014652252197,1.9368492364883423,2.8940219545790535,735.0182291666667,288.8888888888889,673.7326323489349,223.8234978251987,796.3038259843986,353.9542799525791,0.016840366646647453,0.7617430686950684,
2026-07-15T21:49:49.955,72.86212908406742,20260715_214837_front_fusion_ego_1533,speedsweep_slow,fusion_ego_1533,6339946,2,person,0.09346214681863785,85.30992886742139,57.87392820071951,1.1791980985167392,-157.76067174701987,0.6563316583633423,0.5004815459251404,1.8746877908706665,31.42539335274958,216.83593750000003,226.66666666666669,212.70827453117818,215.96626470486325,220.96360046882185,237.36706862847012,0.9994673132896423,0.984681248664856,
2026-07-15T21:49:49.955,72.86212908406742,20260715_214837_front_fusion_ego_1533,speedsweep_slow,fusion_ego_1533,6339946,3,vehicle,0.08184584975242615,104.01718481078748,62.32536048409362,1.9286432257664048,118.78144552251105,7.329833507537842,2.5781476497650146,3.2536256313323975,19.274487873511273,421.4401041666667,225.55555555555557,389.7719571168224,206.90894577238296,453.10825121651095,244.20216533872818,1.9915175926144e-06,0.9942383766174316,
2026-07-15T21:49:50.087,72.99403174908366,20260715_214837_front_fusion_ego_1533,speedsweep_slow,fusion_ego_1533,6339947,0,vehicle,0.5268057584762573,109.49613447017335,80.67502486780297,0.9091062776350696,22.377894314593114,4.451861381530762,1.7664674520492554,1.581199049949646,3.5580338947190717,733.90625,296.6666666666667,666.8941751122475,239.21167532602948,800.9183248877525,354.1216580073039,0.0013666811864823103,0.975836992263794,
2026-07-15T21:49:50.087,72.99403174908366,20260715_214837_front_fusion_ego_1533,speedsweep_slow,fusion_ego_1533,6339947,1,vehicle,0.11968974769115448,108.28041540148318,58.62057094020125,1.6768401539216888,123.04469869507125,6.162210464477539,2.2519500255584717,2.6511757373809814,22.631051977554186,430.33593750000006,234.44444444444446,404.4651421122253,221.68331113126544,456.20673288777476,247.20557775762347,0.00509746465831995,0.9422269463539124,
2026-07-15T21:49:50.087,72.99403174908366,20260715_214837_front_fusion_ego_1533,speedsweep_slow,fusion_ego_1533,6339947,2,vehicle,0.061619844287633896,107.04497769411526,64.29318434690269,1.512835785528201,126.72218446963919,5.634185314178467,2.0968964099884033,2.297879457473755,16.87700153666344,430.33593750000006,244.44444444444446,395.7148996219039,229.85853460099963,464.95697537809616,259.0303542878893,0.0036550958175212145,0.905143141746521,
2026-07-15T21:49:50.221,73.12856653006747,20260715_214837_front_fusion_ego_1533,speedsweep_slow,fusion_ego_1533,6339948,0,vehicle,0.3982519507408142,109.49951861015442,80.48955774010295,0.8441233767721079,30.226139082565034,4.79475736618042,1.8920009136199951,1.5231345891952515,3.5554509680378197,733.90625,296.6666666666667,666.2533206790686,233.71128002802533,801.5591793209314,359.62205330530804,0.004889394156634808,0.974809467792511,
2026-07-15T21:49:50.221,73.12856653006747,20260715_214837_front_fusion_ego_1533,speedsweep_slow,fusion_ego_1533,6339948,1,person,0.139853835105896,85.83467811413836,57.19353510925004,1.128965658105857,-120.96391493236985,0.6087551712989807,0.41210612654685974,1.9166659116744995,31.0581474872917,209.05208333333334,226.66666666666669,205.56803903480372,215.5809537569682,212.53612763186297,237.75237957636517,0.9829131960868835,0.9965644478797913,
2026-07-15T21:49:50.221,73.12856653006747,20260715_214837_front_fusion_ego_1533,speedsweep_slow,fusion_ego_1533,6339948,2,vehicle,0.1099853590130806,103.91499275971061,60.38710736394988,1.5728398946147957,143.0155379090169,6.701949119567871,2.4477217197418213,2.8840558528900146,20.504616635440023,422.55208333333337,226.66666666666669,390.6317309637865,211.3005594412486,454.47243570288026,242.03277389208478,5.770180905528832e-06,0.975300669670105,
2026-07-15T21:49:50.221,73.12856653006747,20260715_214837_front_fusion_ego_1533,speedsweep_slow,fusion_ego_1533,6339948,3,vehicle,0.10488445311784744,107.35164591599097,65.45925929614646,1.386173322925866,123.5273720361005,5.456713676452637,2.0537734031677246,2.2717349529266357,15.380561072451476,430.33593750000006,243.33333333333334,392.5082191377878,227.39078541596731,468.16365586221224,259.2758812506994,0.0007481962093152106,0.9852620959281921,
2026-07-15T21:49:50.367,73.27448332298081,20260715_214837_front_fusion_ego_1533,speedsweep_slow,fusion_ego_1533,6339949,0,vehicle,0.31825482845306396,109.42395668655853,80.47833384307592,0.9349287559782639,7.701672029035507,4.695432186126709,1.8730939626693726,1.6355124711990356,3.450948522517654,733.90625,296.6666666666667,668.6980849951506,227.4453107515971,799.1144150048494,365.88802258173627,0.026033926755189896,0.9214054346084595,
2026-07-15T21:49:50.367,73.27448332298081,20260715_214837_front_fusion_ego_1533,speedsweep_slow,fusion_ego_1533,6339949,1,vehicle,0.15914838016033173,109.59894251492672,63.34205521525076,1.103395017608677,119.4859174863389,5.020981788635254,1.871386170387268,1.9925363063812256,17.466912382120817,430.33593750000006,243.33333333333334,393.6761166751385,228.6956720550855,466.9957583248616,257.9709946115812,0.00420152535662055,0.49602535367012024,
2026-07-15T21:49:50.367,73.27448332298081,20260715_214837_front_fusion_ego_1533,speedsweep_slow,fusion_ego_1533,6339949,2,vehicle,0.09657952934503555,105.14096336088892,56.999256331104,1.527932204487346,152.63954861220563,6.783080101013184,2.4519248008728027,2.8538355827331543,23.45238949890658,422.55208333333337,225.55555555555557,392.66327941169345,211.7468273970816,452.4408872549733,239.36428371402954,1.428471296094358e-05,0.9532753825187683,
2026-07-15T21:49:50.488,73.39539263898041,20260715_214837_front_fusion_ego_1533,speedsweep_slow,fusion_ego_1533,6339950,0,vehicle,0.07750354707241058,109.62814377180037,79.36494600418766,0.8723870963332769,48.04312275168356,4.796224117279053,1.8549859523773193,1.5549761056900024,3.7360054869018064,741.6901041666667,296.6666666666667,674.7152070949476,240.65424243609112,808.6650012383859,352.67909089724225,0.0006299068918451667,0.8148529529571533,
2026-07-15T21:49:50.488,73.39539263898041,20260715_214837_front_fusion_ego_1533,speedsweep_slow,fusion_ego_1533,6339950,1,vehicle,0.06896601617336273,109.24904254248419,59.96846000321547,1.0828617963793319,97.15404761309247,5.879501819610596,2.1740520000457764,2.1347618103027344,20.393923102440315,431.4479166666667,243.33333333333334,394.0607455621163,230.47867675622305,468.83508777121705,256.18798991044366,0.0027149247471243143,0.90675950050354,
2026-07-15T21:49:50.488,73.39539263898041,20260715_214837_front_fusion_ego_1533,speedsweep_slow,fusion_ego_1533,6339950,2,person,0.06881343573331833,91.97861395486935,59.17193059920979,1.3062809496571486,-46.96984481539819,0.8624094724655151,0.5544732809066772,2.063417434692383,25.211499804319175,172.35677083333334,226.66666666666669,166.83904098284742,215.74303696552914,177.87450068381926,237.59029636780423,0.9672663807868958,0.9268116354942322,
