cell_id,action_id,profile_id,network_profile_id,frame_id,capture_id,route_tick,carla_timestamp,capture_wall_s,delivered,service_target_met,processing_horizon_met,window_callbacks,service_record_bytes,ue_first_send_wall_ns,ue_final_send_wall_ns,ue_datagrams_observed,edge_first_datagram_wall_ns,edge_complete_reassembly_wall_ns,edge_admitted_wall_ns,edge_worker_start_wall_ns,edge_tail_finished_wall_ns,edge_result_published_wall_ns,edge_feature_datagrams,edge_duplicate_datagrams,prep_queue_wait_ms,prep_sensor_wait_ms,prep_radar_window_ms,prep_radar_prepare_ms,prep_rgb_convert_ms,prep_scene_snapshot_ms,prep_pre_front_compute_ms,ue_front_ms,ue_send_loop_ms,application_feature_uplink_ms,post_send_to_reassembly_ms,edge_first_to_complete_reassembly_ms,edge_queue_wait_ms,edge_total_edge_processing_ms,edge_zstd_decompression_ms,edge_unpack_dequantize_ms,edge_ae_decode_ms,edge_frozen_tail_ms,edge_output_serialization_ms,edge_service_wall_ms,deployed_tail_service_ms,decode_tail_cuda_ms,decode_tail_inference_block_ms,post_processing_ms,tail_camera_pose_reconstruct_ms,tail_decode_tail_launch_ms,tail_finite_check_outputs_ms,tail_camera_aware_postprocess_ms,tail_finite_check_postprocess_ms,tail_p025_service_filter_ms,tail_finite_check_p025_ms,tail_segmentation_upsample_argmax_ms,tail_output_serialization_ms,tail_tail_call_total_ms,tail_camera_pose_reconstruct_cuda_ms,tail_decode_tail_launch_cuda_ms,tail_finite_check_outputs_cuda_ms,tail_camera_aware_postprocess_cuda_ms,tail_finite_check_postprocess_cuda_ms,tail_p025_service_filter_cuda_ms,tail_finite_check_p025_cuda_ms,tail_segmentation_upsample_argmax_cuda_ms,tail_output_serialization_cuda_ms,tail_tail_call_total_cuda_ms,detection_count,ego_speed_mps,window_returns,payload_bytes,payload_bytes_uncompressed,payload_chunks
live_a15__favorable_stable,15,split_noae_uint4_q7000,FAVORABLE_STABLE,740,ue288_live_a15__favorable_stable:740,5,6.769574753940105,1789019258.4258196,True,False,False,4,41780,1789019258857585003,1789019258857829575,39,1789019258893737923,1789019258924840472,1789019258925295681,1789019258925321979,1789019259132823779,1789019259137710739,39,0,119.50185429304838,10.86487341672182,3.204776905477047,100.55498220026493,4.728326573967934,0.1860717311501503,108.80666878074408,322.858528,0.244572,67.255469,67.010897,31.102549,0.481507,207.440768,0.655884,55.039517,1.731808,136.505417,2.905629,207.5018,212.38876,48.12857437133789,54.719274,73.324652,0.151304,47.851569,6.867705,63.246573,0.789494,10.078079,7.238549,0.075747,2.888592,136.415401,0.14140799641609192,48.13622283935547,6.569439888000488,63.52054214477539,0.5044159889221191,10.065919876098633,7.22540807723999,0.0788159966468811,2.787584066390991,136.3460235595703,40,1.9100776372571917,36565,479872,479660,39
live_a15__favorable_stable,15,split_noae_uint4_q7000,FAVORABLE_STABLE,748,ue288_live_a15__favorable_stable:748,13,7.16957475990057,1789019258.8276935,False,,,4,,1789019258899574649,1789019258899795984,39,,,,,,,,,68.72205622494221,0.004452653229236603,2.7769599109888077,19.397134892642498,2.273361198604107,0.09420700371265411,24.593626148998737,16.692199,0.221335,,,,,,,,,,,,,,,,,,,,,,,,,,,,,,,,,,,,,1.9100776372571917,36192,481583,481371,39
live_a15__favorable_stable,15,split_noae_uint4_q7000,FAVORABLE_STABLE,750,ue288_live_a15__favorable_stable:750,15,7.269574761390686,1789019258.9340808,True,False,True,4,41760,1789019258975803731,1789019258976023304,39,1789019259024199975,1789019259070449719,1789019259070928838,1789019259137727887,1789019259296443833,1789019259298786455,39,0,32.53928478807211,13.696636073291302,1.5421826392412186,14.587841928005219,2.544047310948372,0.09452085942029953,18.82094144821167,22.786722,0.219573,94.645988,94.426415,46.249744,67.278168,158.671086,0.445884,45.347355,3.06456,103.348263,2.606747,158.715946,161.058568,20.560640335083008,25.451035,69.19844499999999,1.073348,10.67289,14.778145,59.057035,6.877474,10.14141,0.512544,0.06246,2.593356,103.284375,2.212928056716919,20.562559127807617,3.748800039291382,60.075904846191406,5.848063945770264,10.128352165222168,0.5008640289306641,0.07552000135183334,2.5840001106262207,103.2270736694336,40,2.20953977869503,36219,481236,481024,39
live_a15__favorable_stable,15,split_noae_uint4_q7000,FAVORABLE_STABLE,752,ue288_live_a15__favorable_stable:752,17,7.369574762880802,1789019259.0397856,False,,,4,,1789019259115270634,1789019259116132365,39,,,,,,,,,42.73878689855337,16.295562498271465,4.71536535769701,19.149952568113804,2.3240651935338974,0.09754206985235214,26.334349997341633,49.045595,0.861731,,,,,,,,,,,,,,,,,,,,,,,,,,,,,,,,,,,,,2.656933346079165,36148,478568,478356,39
live_a15__favorable_stable,15,split_noae_uint4_q7000,FAVORABLE_STABLE,754,ue288_live_a15__favorable_stable:754,19,7.469574764370918,1789019259.1320176,True,False,True,4,41786,1789019259175451481,1789019259175687709,39,1789019259186712382,1789019259223708491,1789019259223802111,1789019259298801078,1789019259404473386,1789019259412028956,39,0,40.36075621843338,14.94042482227087,3.6871125921607018,17.20829401165247,4.183889366686344,0.09313877671957016,25.232475250959396,17.126481,0.236228,48.25701,48.020782,36.996109,75.092587,105.630153,0.483683,11.904483,2.587921,86.251717,2.884465,105.672308,113.227878,20.32454490661621,26.133681,47.513746,0.17097,9.092872,17.040809,36.62496,10.986638,10.888786,1.142348,0.074186,2.872076,86.136589,0.16124799847602844,20.331071853637695,5.792128086090088,36.61404800415039,10.971391677856445,10.873472213745117,1.1308159828186035,0.0843840017914772,2.8626880645751953,86.07180786132812,40,2.8056605075037675,36032,481971,481759,39
live_a15__favorable_stable,15,split_noae_uint4_q7000,FAVORABLE_STABLE,756,ue288_live_a15__favorable_stable:756,21,7.569574765861034,1789019259.2433584,True,False,True,4,45933,1789019259279020749,1789019259279251268,39,1789019259322101784,1789019259354690070,1789019259354798795,1789019259412045698,1789019259540600167,1789019259546218318,39,0,37.945895455777645,22.64189999550581,1.4858320355415344,11.225049383938313,2.4704672396183014,0.1130085438489914,15.341361053287983,20.211897,0.230519,75.669321,75.438802,32.588286,57.355628,128.511423,0.547132,24.855021,2.724825,94.236877,2.879747,128.554469,134.17262,20.76691246032715,25.164579,67.605517,0.163661,8.653727,16.510852,55.93027,0.520519,11.675247,0.537651,0.065517,2.867686,94.165374,0.15436799824237823,20.77395248413086,4.3803839683532715,55.91126251220703,0.5051199793815613,11.664287567138672,0.5269439816474915,0.07791999727487564,2.8558080196380615,94.1072006225586,44,3.1026844045444695,35997,481229,481017,39
live_a15__favorable_stable,15,split_noae_uint4_q7000,FAVORABLE_STABLE,758,ue288_live_a15__favorable_stable:758,23,7.6695747673511505,1789019259.3432918,True,False,True,4,30358,1789019259395673900,1789019259395895971,39,1789019259437747328,1789019259470242930,1789019259470346744,1789019259546234118,1789019259614828260,1789019259616047700,39,0,41.246447712183,13.81330844014883,6.128671579062939,18.849183805286884,2.323043532669544,0.09458139538764954,27.45398785918951,24.843893,0.222071,74.56903,74.346959,32.495602,75.991188,68.552318,0.572683,18.863264,2.596011,42.652268,2.145506,68.594142,69.813582,14.855456352233887,17.358607,23.662786999999998,0.175139,8.271305,9.087302,17.09358,0.496048,6.569207,0.725208,0.064568,2.13481,42.585711,0.16624000668525696,14.862560272216797,2.4866878986358643,17.081632614135742,0.48524799942970276,6.558047771453857,0.7138239741325378,0.06985600292682648,2.1249279975891113,42.52278518676758,29,3.398878705632671,36017,483345,483133,39
live_a15__favorable_stable,15,split_noae_uint4_q7000,FAVORABLE_STABLE,760,ue288_live_a15__favorable_stable:760,25,7.769574768841267,1789019259.429997,True,False,True,4,43824,1789019259488068633,1789019259488297741,39,1789019259528236407,1789019259566573754,1789019259566906185,1789019259616059189,1789019259735386401,1789019259736567493,39,0,43.1472584605217,12.565854005515575,8.912612684071064,18.637427128851414,2.7280133217573166,0.37912558764219284,30.86891584098339,27.002815,0.229108,78.505121,78.276013,38.337347,49.485435,119.291267,0.501916,15.307509,1.945833,96.856445,2.908415,119.327212,120.508304,22.672800064086914,31.097579,56.239661999999996,0.721792,7.521263,23.576316,42.803242,6.582037,13.43642,1.978947,0.067989,2.892925,96.794375,0.7117440104484558,22.679872512817383,8.40726375579834,42.78630447387695,6.569087982177734,13.425024032592773,1.9676159620285034,0.07964800298213959,2.8823680877685547,96.73817443847656,42,3.7037306956861493,35938,484900,484688,39
live_a15__favorable_stable,15,split_noae_uint4_q7000,FAVORABLE_STABLE,762,ue288_live_a15__favorable_stable:762,27,7.869574770331383,1789019259.5245824,True,False,True,4,47027,1789019259573808277,1789019259574096962,39,1789019259611205559,1789019259647871572,1789019259647968326,1789019259736581282,1789019259853296705,1789019259855931942,39,0,43.91809832304716,10.739514604210854,2.5231242179870605,20.223178900778294,10.280879214406013,0.08801370859146118,33.180877566337585,15.946272,0.288685,74.063295,73.77461,36.666013,88.70971,116.675631,0.602733,15.962535,1.934128,91.33152,3.031651,116.715423,119.35066,22.41926383972168,30.034321,58.827972,1.210577,7.089024,22.945297,53.148271,0.511287,5.679701,0.503129,0.05955,3.018142,91.260349,2.898848056793213,22.420000076293945,5.922016143798828,53.13276672363281,0.49987199902534485,5.66867208480835,0.4928640127182007,0.06911999732255936,3.0084800720214844,91.19097900390625,45,3.8652754424340614,35928,484624,484412,39
live_a15__favorable_stable,15,split_noae_uint4_q7000,FAVORABLE_STABLE,764,ue288_live_a15__favorable_stable:764,29,7.969574771821499,1789019259.6894805,True,False,True,4,47006,1789019259742609785,1789019259742997348,40,1789019259779086733,1789019259814586617,1789019259814664144,1789019259855945529,1789019259997551911,1789019260000044745,40,0,41.425989009439945,15.956206247210503,4.508412443101406,16.55836310237646,3.763800486922264,0.07721409201622009,24.9568996950984,28.064827,0.387563,71.976832,71.589269,35.499884,41.358912,141.564361,0.586311,16.231117,1.997035,117.112715,4.11822,141.606382,144.099216,22.076448440551758,25.73515,73.801177,0.230278,10.215861,15.519289,65.619276,4.634242,8.181901,12.438764,0.088969,4.100705,117.037623,0.2199999988079071,22.077152252197266,3.0336320400238037,66.56082916259766,3.682368040084839,8.169407844543457,12.425600051879883,1.2500799894332886,2.992255926132202,118.12940979003906,45,4.577780161765898,35821,490491,490279,40
live_a15__favorable_stable,15,split_noae_uint4_q7000,FAVORABLE_STABLE,766,ue288_live_a15__favorable_stable:766,31,8.069574773311615,1789019259.789765,True,False,True,4,51214,1789019259827912614,1789019259828404939,40,1789019259871113799,1789019259906825536,1789019259906917145,1789019260000058360,1789019260089043265,1789019260105232872,40,0,56.46578688174486,35.476245917379856,3.361362963914871,13.505450449883938,2.5487812235951424,0.09111873805522919,19.55871284008026,18.470755,0.492325,78.912922,78.420597,35.711737,93.232824,88.93804,0.558936,12.977523,1.705443,68.433825,3.447144,88.984905,105.174512,21.475807189941406,26.415616,40.366741,0.154297,7.669996,18.74562,28.211581,0.673902,12.15516,0.589007,0.070098,3.425513,68.369117,0.14476799964904785,21.481792449951172,4.922688007354736,28.195743560791016,0.6614400148391724,12.141983985900879,0.5775039792060852,0.0798719972372055,3.414720058441162,68.31571197509766,49,4.77336987640036,35672,490830,490618,40
live_a15__favorable_stable,15,split_noae_uint4_q7000,FAVORABLE_STABLE,768,ue288_live_a15__favorable_stable:768,33,8.169574774801731,1789019259.9026124,True,False,True,4,52333,1789019259950129596,1789019259950613985,40,1789019259988664646,1789019260019933284,1789019260020011082,1789019260105268872,1789019260251710644,1789019260256014881,40,0,49.75284170359373,29.059499502182007,2.3063067346811295,15.307359397411346,2.476014196872711,0.0886702910065651,20.234327763319016,27.196395,0.484389,69.803688,69.319299,31.268638,85.335588,146.381473,0.567511,19.111947,1.985267,119.508882,3.157163,146.441772,150.746009,21.71811294555664,35.616926,76.723375,0.15825,7.970585,27.646341,67.740885,6.264571,8.98249,0.519411,0.064739,3.143509,119.445966,0.14905600249767303,21.724735260009766,13.882304191589355,67.70674896240234,6.0917439460754395,8.963680267333984,0.5086079835891724,0.07430399954319,3.1347200870513916,119.3936996459961,50,5.4026466234043555,35552,491681,491469,40
live_a15__favorable_stable,15,split_noae_uint4_q7000,FAVORABLE_STABLE,770,ue288_live_a15__favorable_stable:770,35,8.269574776291847,1789019259.9642463,False,,,4,,1789019260061089438,1789019260061812117,40,,,,,,,,,45.85697781294584,15.19209798425436,2.97665037214756,16.15292765200138,2.405954524874687,0.08600670844316483,21.672284230589867,72.745708,0.722679,,,,,,,,,,,,,,,,,,,,,,,,,,,,,,,,,,,,,5.862667012280455,35491,490601,490389,40
live_a15__favorable_stable,15,split_noae_uint4_q7000,FAVORABLE_STABLE,772,ue288_live_a15__favorable_stable:772,37,8.369574777781963,1789019260.07212,True,False,True,4,51208,1789019260172016817,1789019260172517055,40,1789019260202935270,1789019260237891891,1789019260238285390,1789019260256030090,1789019260370099053,1789019260371374846,40,0,75.86643006652594,8.773581124842167,3.334036096930504,59.99878793954849,2.42652278393507,0.08220039308071136,65.89545775204897,33.895968,0.500238,65.875074,65.374836,34.956621,18.138199,114.025668,0.577921,12.274445,1.986588,94.311581,3.338664,114.068963,115.344756,23.326688766479492,26.413186000000003,65.856291,0.29491,7.481854,18.931332,50.771656,0.657256,15.084635,0.841056,0.070763,3.320694,94.241031,0.28543999791145325,23.33318328857422,3.0677120685577393,50.756160736083984,0.6452159881591797,15.070719718933105,0.8291199803352356,0.21318399906158447,3.2297921180725098,94.3130874633789,49,6.34535843650229,35453,492119,491907,40
live_a15__favorable_stable,15,split_noae_uint4_q7000,FAVORABLE_STABLE,774,ue288_live_a15__favorable_stable:774,39,8.46957477927208,1789019260.163161,True,False,True,4,52169,1789019260249488456,1789019260249953480,40,1789019260283096698,1789019260316757015,1789019260316840484,1789019260371388575,1789019260502937083,1789019260507973327,40,0,82.37259089946747,0.004266388714313507,13.066040351986885,22.560231387615204,6.230750121176243,0.121372751891613,42.05356165766716,34.42531,0.465024,67.268559,66.803535,33.660317,54.63156,131.488537,0.583566,19.857878,2.003559,102.319635,3.677484,131.548508,136.584752,21.026464462280273,29.229256,66.29519,0.242183,9.009362,20.219894,46.328268,0.554475,19.966922,5.698011,0.083858,3.647518,102.216476,0.2321919947862625,21.03379249572754,8.183584213256836,46.31574249267578,0.5408639907836914,19.954591751098633,5.685184001922607,0.21139200031757355,3.595168113708496,102.27161407470703,50,6.479516101257537,35376,490120,489908,40
live_a15__favorable_stable,15,split_noae_uint4_q7000,FAVORABLE_STABLE,776,ue288_live_a15__favorable_stable:776,41,8.569574780762196,1789019260.2322605,False,,,4,,1789019260352335157,1789019260353096241,40,,,,,,,,,93.58495753258467,0.005077570676803589,5.882157012820244,50.96974968910217,3.9763152599334717,0.19080284982919693,61.522144824266434,38.61276,0.761084,,,,,,,,,,,,,,,,,,,,,,,,,,,,,,,,,,,,,6.591402157975579,35470,488736,488524,40
live_a15__favorable_stable,15,split_noae_uint4_q7000,FAVORABLE_STABLE,778,ue288_live_a15__favorable_stable:778,43,8.669574782252312,1789019260.3411815,True,False,True,4,39541,1789019260435371984,1789019260435602726,40,1789019260464726415,1789019260498438982,1789019260498618548,1789019260507987475,1789019260630889712,1789019260633531592,40,0,43.679545633494854,0.004434958100318909,4.795638844370842,18.89756601303816,3.0828313902020454,0.09745731949806213,26.92826185375452,54.646013,0.230742,63.066998,62.836256,33.712567,9.548493,122.864209,0.449764,33.487878,2.949162,78.519538,2.663449,122.902237,125.544117,21.329376220703125,25.752999000000003,51.209573999999996,0.168265,10.747087,15.005912,43.959351,0.574281,7.250223,0.5873,0.063393,2.651886,78.461646,0.15891200304031372,21.336448669433594,4.406335830688477,43.897377014160156,0.5628799796104431,7.237919807434082,0.576479971408844,0.07913599908351898,2.6423680782318115,78.40707397460938,38,6.617639039686964,35748,489828,489616,40
live_a15__favorable_stable,15,split_noae_uint4_q7000,FAVORABLE_STABLE,780,ue288_live_a15__favorable_stable:780,45,8.769574783742428,1789019260.445673,True,False,True,4,38629,1789019260514460457,1789019260514689692,40,1789019260546088330,1789019260582912260,1789019260582986441,1789019260633545989,1789019260771384001,1789019260772785948,40,0,31.939055770635605,5.848403088748455,3.1005162745714188,19.195998087525368,3.4446483477950096,0.41704438626766205,26.43451653420925,42.261591,0.229235,68.451803,68.222568,36.82393,50.633729,137.794962,0.445655,16.89723,2.426524,110.64171,3.444402,137.838012,139.239959,24.198623657226562,38.431275,66.953698,0.152974,8.414787,30.016488,59.972114,0.561759,6.981584,4.286816,0.072335,3.403138,110.56996,0.14319999516010284,24.205312728881836,14.21945571899414,59.953086853027344,0.5497599840164185,6.968639850616455,4.276895999908447,0.25040000677108765,3.264415979385376,110.67430114746094,37,6.65832378588826,36142,489784,489572,40
live_a15__favorable_stable,15,split_noae_uint4_q7000,FAVORABLE_STABLE,782,ue288_live_a15__favorable_stable:782,47,8.869574785232544,1789019260.540128,True,False,True,4,47032,1789019260640836162,1789019260641118445,40,1789019260685911742,1789019260718975957,1789019260719057988,1789019260772797670,1789019260920774344,1789019260922918997,40,0,86.50220278650522,10.561902076005936,8.81230179220438,63.98766674101353,2.9829712584614754,0.09092409163713455,75.95426589250565,24.565037,0.282283,78.139795,77.857512,33.064215,53.821713,147.93473,0.442582,16.800323,2.326236,122.983005,3.685544,147.976674,150.121327,19.165023803710938,28.296892999999997,91.80421799999999,1.37263,9.927341,18.369552,84.103078,0.521692,7.70114,0.502339,0.066719,3.670486,122.915775,2.53385591506958,19.166784286499023,7.963583946228027,84.08489227294922,0.5086719989776611,7.689760208129883,0.4936000108718872,0.07475200295448303,3.6600000858306885,122.60966491699219,45,6.802525925807546,36456,490847,490635,40
live_a15__favorable_stable,15,split_noae_uint4_q7000,FAVORABLE_STABLE,784,ue288_live_a15__favorable_stable:784,49,8.96957478672266,1789019260.651638,False,,,4,,1789019260728270656,1789019260728553485,40,,,,,,,,,38.31497672945261,9.43000242114067,3.894871100783348,18.260191194713116,2.363503910601139,0.08442997932434082,24.66016449034214,51.797228,0.282829,,,,,,,,,,,,,,,,,,,,,,,,,,,,,,,,,,,,,6.72744479250158,36570,488909,488697,40
live_a15__favorable_stable,15,split_noae_uint4_q7000,FAVORABLE_STABLE,786,ue288_live_a15__favorable_stable:786,51,9.069574788212776,1789019260.7348244,True,False,True,4,50032,1789019260789074963,1789019260790179696,40,1789019260804099577,1789019260841713843,1789019260841804545,1789019260922933602,1789019261042589891,1789019261046864173,40,0,32.8503493219614,5.8873482048511505,4.503527656197548,15.227983705699444,3.017106093466282,0.08932407945394516,22.892586886882782,31.25993,1.104733,52.63888,51.534147,37.614266,81.219759,119.616075,1.132096,14.949578,2.654655,95.312943,3.230283,119.656289,123.930571,24.09619140625,40.601894,52.873865,0.465573,10.382355,30.219539,41.911186,0.519601,10.962679,0.513093,0.119333,3.216632,95.22552,0.4559679925441742,24.103456497192383,16.487520217895508,41.8941764831543,0.5072640180587769,10.951040267944336,0.5020800232887268,0.1125119999051094,3.206847906112671,95.13619232177734,48,6.892521126537367,36596,487988,487776,40
live_a15__favorable_stable,15,split_noae_uint4_q7000,FAVORABLE_STABLE,788,ue288_live_a15__favorable_stable:788,53,9.169574789702892,1789019260.8471036,True,False,True,4,50104,1789019260909750336,1789019260910190532,39,1789019260947443756,1789019260983059903,1789019260983143540,1789019261046880198,1789019261171301115,1789019261175281706,39,0,38.245380856096745,17.97188352793455,3.249713219702244,14.062182977795601,2.3719649761915207,0.09378790855407715,19.834112375974655,42.709502,0.440196,73.309567,72.869371,35.616147,63.820295,124.376586,0.534624,15.088303,2.337212,100.793077,3.816481,124.420917,128.401508,17.80681610107422,27.16633,71.964952,0.148841,9.215276,17.951054,62.732594,0.652906,9.232358,0.618534,0.067844,3.798819,100.727535,0.13929599523544312,17.812992095947266,9.343647956848145,62.717342376708984,0.6390720009803772,9.220288276672363,0.6068159937858582,0.07926400005817413,3.7877120971679688,100.66899108886719,48,6.862444029643125,36633,485989,485777,39
live_a15__favorable_stable,15,split_noae_uint4_q7000,FAVORABLE_STABLE,790,ue288_live_a15__favorable_stable:790,55,9.269574791193008,1789019260.9377859,False,,,4,,1789019260999448154,1789019260999692951,40,,,,,,,,,40.756615810096264,12.63101864606142,5.090458318591118,19.321064464747906,3.064078278839588,0.09254738688468933,27.62731909751892,33.840945,0.244797,,,,,,,,,,,,,,,,,,,,,,,,,,,,,,,,,,,,,6.785332051136962,36684,489833,489621,40
live_a15__favorable_stable,15,split_noae_uint4_q7000,FAVORABLE_STABLE,792,ue288_live_a15__favorable_stable:792,57,9.369574792683125,1789019261.026709,True,False,True,4,36515,1789019261078232921,1789019261078681205,40,1789019261116035039,1789019261148615647,1789019261148700100,1789019261175297596,1789019261301904448,1789019261304268587,40,0,33.96231587976217,11.179457418620586,4.478928633034229,15.804561786353588,2.377904951572418,0.09996630251407623,22.81881682574749,28.584889,0.448284,70.382726,69.934442,32.580608,26.681949,126.56458,0.500703,22.405404,1.750162,96.383479,2.366433,126.606852,128.970991,18.763103485107422,27.284792000000003,66.564549,1.155304,7.50935,19.775442,53.705592,0.53947,12.858957,0.599998,0.068732,2.352778,96.312622,1.5217599868774414,18.76380729675293,8.151167869567871,53.68960189819336,0.5238720178604126,12.846112251281738,0.5891519784927368,0.07996799796819687,2.343616008758545,96.25833892822266,35,6.855494714194118,36802,488648,488436,40
live_a15__favorable_stable,15,split_noae_uint4_q7000,FAVORABLE_STABLE,794,ue288_live_a15__favorable_stable:794,59,9.46957479417324,1789019261.127065,True,False,True,4,38632,1789019261178222751,1789019261178549696,39,1789019261215603119,1789019261249275629,1789019261249363638,1789019261304281241,1789019261431076873,1789019261434143680,39,0,39.49492517858744,11.499778367578983,4.432697780430317,16.667267307639122,6.2389373779296875,0.12580305337905884,27.54262089729309,23.327167,0.326945,71.052878,70.725933,33.67251,55.005612,126.755165,0.449361,25.116633,2.088999,92.406574,3.767907,126.795632,129.862439,20.519935607910156,30.062684,60.464544,0.604102,7.624505,22.438179,46.87253,0.514958,13.592014,0.526926,0.068061,3.756028,92.344333,0.5932480096817017,20.526559829711914,9.523648262023926,46.848575592041016,0.5045120120048523,13.579232215881348,0.5165119767189026,0.08099199831485748,2.5736639499664307,92.29100799560547,37,6.843108351975787,36915,485458,485246,39
live_a15__favorable_stable,15,split_noae_uint4_q7000,FAVORABLE_STABLE,796,ue288_live_a15__favorable_stable:796,61,9.569574795663357,1789019261.23119,True,False,True,4,42778,1789019261291741605,1789019261292559097,39,1789019261332290629,1789019261364599237,1789019261364723760,1789019261434158918,1789019261566785646,1789019261569919686,39,0,41.20286926627159,16.54512993991375,2.2470084950327873,17.211426980793476,5.029376596212387,0.11818017810583115,24.66733194887638,35.747715,0.817492,72.857632,72.04014,32.308608,69.559681,132.583874,0.499964,27.588841,2.473048,96.906246,3.252504,132.626728,135.760768,25.042720794677734,35.582716000000005,59.669889,0.189474,8.429582,27.153134,52.514085,0.567154,7.155804,0.649877,0.068568,3.206179,96.83661,0.179967999458313,25.050687789916992,10.519359588623047,52.49769592285156,0.5517759919166565,7.144192218780518,0.6379520297050476,0.07264000177383423,3.1954879760742188,96.77251434326172,41,6.848037649649554,36966,486108,485896,39
live_a15__favorable_stable,15,split_noae_uint4_q7000,FAVORABLE_STABLE,798,ue288_live_a15__favorable_stable:798,63,9.669574797153473,1789019261.3374171,True,False,True,4,44771,1789019261401671415,1789019261401952924,39,1789019261440152740,1789019261468333839,1789019261468430177,1789019261569936324,1789019261713278669,1789019261716727979,39,0,56.82524852454662,18.349827267229557,7.06857442855835,25.49378015100956,5.760454572737217,0.11009909212589264,38.47427573055029,25.667316,0.281509,66.662424,66.380915,28.181099,101.602485,143.292043,0.660871,19.928442,1.865567,113.59768,3.02378,143.342345,146.791655,21.099424362182617,38.301868,73.343786,0.490752,8.41426,29.887608,64.220016,0.598803,9.12377,0.565466,0.063644,3.005635,113.48631,0.48022401332855225,21.106176376342773,17.181631088256836,64.19312286376953,0.5724480152130127,9.110431671142578,0.5543680191040039,0.07583999633789062,2.9936959743499756,113.41596984863281,43,6.843568047992535,37212,483420,483208,39
live_a15__favorable_stable,15,split_noae_uint4_q7000,FAVORABLE_STABLE,800,ue288_live_a15__favorable_stable:800,65,9.769574798643589,1789019261.4272454,False,,,4,,1789019261515777489,1789019261516089343,39,,,,,,,,,51.82167049497366,12.638486921787262,3.2935291528701782,23.6539114266634,12.067894451320171,0.12175552546977997,39.20318093150854,49.223444,0.311854,,,,,,,,,,,,,,,,,,,,,,,,,,,,,,,,,,,,,6.808104255896453,37422,483128,482916,39
live_a15__favorable_stable,15,split_noae_uint4_q7000,FAVORABLE_STABLE,802,ue288_live_a15__favorable_stable:802,67,9.869574800133705,1789019261.5260909,True,False,True,4,35478,1789019261594919497,1789019261595183881,39,1789019261624115357,1789019261653463640,1789019261653561648,1789019261716744041,1789019261831897447,1789019261837758739,39,0,54.418770596385,9.296976961195469,5.542752332985401,29.729080386459827,4.569000564515591,0.49973465502262115,40.402667596936226,28.338532,0.264384,58.544143,58.279759,29.348283,63.280401,115.075461,0.492541,13.906876,2.234749,93.071039,2.520922,115.153406,121.014698,22.0163516998291,30.281888000000002,60.756373,0.248489,8.475283,21.806605,45.587682,0.841451,15.168691,0.619478,0.077434,2.506878,92.995428,0.23759999871253967,22.02351951599121,8.279808044433594,45.71721649169922,0.6877440214157104,15.156031608581543,0.6071360111236572,0.08374399691820145,2.4960319995880127,92.87619018554688,34,6.848818614706693,37484,479572,479360,39
live_a15__favorable_stable,15,split_noae_uint4_q7000,FAVORABLE_STABLE,804,ue288_live_a15__favorable_stable:804,69,9.969574801623821,1789019261.6365771,False,,,4,,1789019261698503207,1789019261700268962,39,,,,,,,,,56.52010254561901,18.87734793126583,7.428865879774094,23.92615657299757,6.139772012829781,1.0259654372930527,38.5848693549633,23.151974,1.765755,,,,,,,,,,,,,,,,,,,,,,,,,,,,,,,,,,,,,6.848426741447876,37619,481205,480993,39
live_a15__favorable_stable,15,split_noae_uint4_q7000,FAVORABLE_STABLE,806,ue288_live_a15__favorable_stable:806,71,10.069574803113937,1789019261.7294228,True,False,True,4,39649,1789019261771802818,1789019261772019354,39,1789019261808425517,1789019261837638258,1789019261837752092,1789019261837770253,1789019261955834715,1789019261958290154,39,0,40.054683573544025,10.535629466176033,7.508332841098309,18.254744820296764,2.339942380785942,0.09334087371826172,28.270293027162552,13.961197,0.216536,65.83544,65.618904,29.212741,0.131995,118.017582,0.478025,16.105421,1.748516,94.487519,3.137114,118.064462,120.519901,15.779840469360352,36.123646,55.290964,0.162857,8.192022,27.931624,44.408464,2.103897,10.8825,0.566688,0.064531,3.123112,94.419879,0.15263999998569489,15.786175727844238,20.32486343383789,44.866432189941406,1.6343679428100586,10.86905574798584,0.5558720231056213,0.07788799703121185,3.1125121116638184,94.36608123779297,38,6.837845115690286,37633,483959,483747,39
live_a15__favorable_stable,15,split_noae_uint4_q7000,FAVORABLE_STABLE,808,ue288_live_a15__favorable_stable:808,73,10.169574804604053,1789019261.8294919,True,False,True,4,41769,1789019261903744997,1789019261904386849,39,1789019261933127960,1789019261960270394,1789019261960385176,1789019261960399750,1789019262080094542,1789019262082618653,39,0,49.87188149243593,12.937248684465885,6.266404874622822,27.39791478961706,3.1230002641677856,0.09095203131437302,36.9463711977005,36.848331,0.641852,56.525397,55.883545,27.142434,0.129356,119.58296,0.540296,17.44988,1.959137,92.801838,3.195722,119.694792,122.218903,23.116191864013672,34.669225,56.101836,0.317015,8.684699,25.984526,42.564825,0.720529,13.537011,0.743173,0.079441,3.1802,92.732245,0.38144001364707947,23.116928100585938,11.482912063598633,42.548255920410156,0.7078400254249573,13.524160385131836,0.731328010559082,0.08233600109815598,3.169408082962036,92.67337799072266,40,6.799840818343186,37449,485812,485600,39
live_a15__favorable_stable,15,split_noae_uint4_q7000,FAVORABLE_STABLE,810,ue288_live_a15__favorable_stable:810,75,10.26957480609417,1789019261.9265032,True,False,True,4,45886,1789019262022726590,1789019262022940100,40,1789019262055712812,1789019262083345600,1789019262083436341,1789019262083462978,1789019262227249551,1789019262228748428,40,0,80.50199784338474,12.1071208268404,23.95170647650957,40.83706997334957,3.4795673564076424,0.07967744022607803,68.38988792151213,27.750319,0.21351,60.61901,60.4055,27.632788,0.117378,142.02714,0.451188,13.022995,1.927985,119.892099,3.587517,143.786573,145.28545,21.7379207611084,28.649019,84.44803900000001,0.219641,7.538013,21.111006,72.46098,5.715203,11.987059,0.600629,0.079208,3.568414,119.813667,0.2104959934949875,21.745216369628906,6.891136169433594,73.36483001708984,4.789535999298096,11.971551895141602,0.5890880227088928,0.08691199868917465,3.556447982788086,119.757568359375,44,6.8063253519483,37059,488815,488603,40
live_a15__favorable_stable,15,split_noae_uint4_q7000,FAVORABLE_STABLE,812,ue288_live_a15__favorable_stable:812,77,10.369574807584286,1789019262.0523698,True,False,True,4,31219,1789019262158221902,1789019262158672243,39,1789019262192639711,1789019262224111601,1789019262224208700,1789019262228760437,1789019262364329381,1789019262368509551,39,0,79.32702079415321,0.004327856004238129,18.829835578799248,57.700895704329014,2.5868769735097885,0.08361227810382843,79.26438841968775,26.297136,0.450341,65.889699,65.439358,31.47189,4.648836,135.516211,0.450383,30.217487,2.080689,99.038938,2.115882,135.568944,139.749114,22.03433609008789,34.487994,61.722893,0.209368,7.25245,27.235544,51.658692,1.761809,10.064201,0.599185,0.068184,2.099921,98.964221,0.19939200580120087,22.04070472717285,12.43712043762207,52.5544319152832,0.8556159734725952,10.051072120666504,0.5869439840316772,0.07302399724721909,2.0976319313049316,98.89568328857422,30,6.838583377330764,36763,483710,483498,39
live_a15__favorable_stable,15,split_noae_uint4_q7000,FAVORABLE_STABLE,814,ue288_live_a15__favorable_stable:814,79,10.469574809074402,1789019262.1685333,True,False,True,4,33430,1789019262345526033,1789019262345760919,39,1789019262378660212,1789019262408976544,1789019262409086216,1789019262409105509,1789019262532841485,1789019262534026446,39,0,124.15139563381672,7.251440547406673,15.225525014102459,87.47115172445774,14.081225730478764,0.64813531935215,117.48898029327393,59.398132,0.234886,63.450511,63.215625,30.316332,0.128965,123.672359,0.457012,16.209997,1.541912,96.035957,4.358057,123.735976,124.920937,19.730592727661133,24.761008,65.980194,0.855211,7.347713,17.413295,54.95287,2.267695,11.027324,1.934111,0.068535,4.335293,95.96901,2.0157439708709717,19.73129653930664,3.8686718940734863,55.29993438720703,1.9106240272521973,11.015392303466797,1.9217599630355835,1.7833280563354492,2.6609280109405518,97.61869049072266,32,6.845792338463727,36751,486919,486707,39
live_a15__favorable_stable,15,split_noae_uint4_q7000,FAVORABLE_STABLE,818,ue288_live_a15__favorable_stable:818,83,10.669574812054634,1789019262.3315911,True,False,True,4,38661,1789019262414315523,1789019262414548425,39,1789019262449538942,1789019262480696761,1789019262480794517,1789019262534041237,1789019262631970807,1789019262636993814,39,0,71.94599695503712,0.00417511910200119,4.475099965929985,19.66976188123226,14.808470383286476,0.27845706790685654,39.28540367633104,28.155453,0.232902,66.381238,66.148336,31.157819,53.344476,97.887232,0.456771,16.078747,1.82259,74.530216,2.740639,97.92957,102.952577,16.225343704223633,31.94773,40.406206,0.157866,8.371141,23.576589,27.471228,0.504542,12.934978,1.244006,0.08193,2.725553,74.444638,0.14841599762439728,16.23196792602539,15.704768180847168,27.455488204956055,0.4915519952774048,12.922080039978027,1.2304960489273071,0.08051200211048126,2.7134718894958496,74.38419342041016,37,6.769255369967796,36734,483839,483627,39
live_a15__favorable_stable,15,split_noae_uint4_q7000,FAVORABLE_STABLE,820,ue288_live_a15__favorable_stable:820,85,10.76957481354475,1789019262.4390924,True,False,True,4,48160,1789019262488595346,1789019262488807204,39,1789019262522641840,1789019262551128208,1789019262551247755,1789019262637008859,1789019262707894300,1789019262709412298,39,0,41.47007130086422,15.128334052860737,4.360814578831196,18.78882572054863,3.009847365319729,0.10792259126901627,26.32216177880764,23.05573,0.211858,62.532862,62.321004,28.486368,85.880651,69.273287,0.530277,17.397492,1.77069,44.770342,3.04605,70.885441,72.403439,17.423967361450195,22.597354,20.790894,0.161587,9.017621,13.579733,14.647239,0.507081,6.143655,0.491314,0.059917,3.032859,44.708096,0.15270400047302246,17.430143356323242,5.157087802886963,14.632479667663574,0.49427199363708496,6.130879878997803,0.48099198937416077,0.06976000219583511,3.023616075515747,44.65385437011719,46,6.807943330799463,36962,485817,485605,39
live_a15__favorable_stable,15,split_noae_uint4_q7000,FAVORABLE_STABLE,822,ue288_live_a15__favorable_stable:822,87,10.869574815034866,1789019262.5292368,True,False,True,4,45014,1789019262591093174,1789019262591314795,39,1789019262627998170,1789019262662223692,1789019262662330551,1789019262709427508,1789019262867179165,1789019262869712161,39,0,48.57569746673107,14.78000357747078,4.293469712138176,26.733663864433765,2.569804899394512,0.09197182953357697,33.75425189733505,27.92935,0.221621,71.130518,70.908897,34.225522,47.203816,157.70532,0.445162,13.554476,1.959752,135.627481,3.073244,157.751657,160.284653,24.031967163085938,28.033251,105.98894899999999,0.156727,10.444604,17.588647,96.176165,0.593516,9.812784,0.534802,0.107771,3.054657,135.522695,0.14681600034236908,24.03843116760254,3.9815359115600586,96.14681243896484,0.5796160101890564,9.79753589630127,0.5145279765129089,0.10044799745082855,3.041152000427246,135.45677185058594,43,6.91720444249246,37064,486332,486120,39
live_a15__favorable_stable,15,split_noae_uint4_q7000,FAVORABLE_STABLE,824,ue288_live_a15__favorable_stable:824,89,10.969574816524982,1789019262.6308663,True,False,True,4,47934,1789019262685587480,1789019262685812031,40,1789019262729960406,1789019262773941155,1789019262774047001,1789019262869726057,1789019263025221666,1789019263030874534,40,0,50.211803056299686,15.987692400813103,1.9298046827316284,29.761034063994884,2.3453161120414734,0.08894689381122589,34.177256748080254,20.427337,0.224551,88.353675,88.129124,43.980749,95.784902,155.347544,0.502771,22.091163,3.492334,120.550607,3.299737,155.495609,161.148477,26.358783721923828,38.233,79.55499499999999,1.153812,13.00062,25.23238,63.212278,0.596559,16.342717,0.681705,0.074494,3.273625,120.478774,1.5325119495391846,26.359519958496094,11.489312171936035,63.191200256347656,0.5831040143966675,16.33014488220215,0.6686080098152161,0.08064000308513641,3.261535882949829,120.3388442993164,46,6.828680280947958,37250,489507,489295,40
live_a15__favorable_stable,15,split_noae_uint4_q7000,FAVORABLE_STABLE,826,ue288_live_a15__favorable_stable:826,91,11.069574818015099,1789019262.79171,False,,,4,,1789019262839569691,1789019262839868059,39,,,,,,,,,48.902287147939205,25.291147641837597,4.882076755166054,16.205611638724804,2.3354440927505493,0.0921487808227539,23.562881164252758,23.708562,0.298368,,,,,,,,,,,,,,,,,,,,,,,,,,,,,,,,,,,,,6.792931943439182,37365,485743,485531,39
live_a15__favorable_stable,15,split_noae_uint4_q7000,FAVORABLE_STABLE,828,ue288_live_a15__favorable_stable:828,93,11.169574819505215,1789019262.854316,True,False,True,4,35519,1789019262916142897,1789019262916368446,39,1789019262934647825,1789019262971902569,1789019262972027297,1789019263030889538,1789019263155336260,1789019263158828202,39,0,43.68488024920225,14.19252809137106,5.078734830021858,20.307607017457485,3.547857515513897,1.005571335554123,29.99394480139017,31.707541,0.225549,55.759672,55.534123,37.254744,58.986969,124.391565,0.596482,21.979321,2.325118,94.057534,2.638627,124.446722,127.938664,22.417951583862305,34.311641,57.93417,0.439358,9.305302,25.006339,50.662261,0.570647,7.271909,0.543766,0.07257,2.620533,93.987841,0.44150400161743164,22.426176071166992,11.866080284118652,50.646175384521484,0.5589759945869446,7.258656024932861,0.5318719744682312,0.07814399898052216,2.610464096069336,93.92729949951172,34,6.834434820714945,37603,484309,484097,39
live_a15__favorable_stable,15,split_noae_uint4_q7000,FAVORABLE_STABLE,830,ue288_live_a15__favorable_stable:830,95,11.26957482099533,1789019262.9405365,True,False,True,4,36569,1789019262987334307,1789019262987547795,39,1789019263025171478,1789019263061864378,1789019263061969113,1789019263158843015,1789019263269431597,1789019263272510593,39,0,39.748551324009895,18.24114006012678,3.564131446182728,15.483426861464977,2.3405300453305244,0.09810645133256912,21.537186577916145,25.153271,0.213488,74.530071,74.316583,36.6929,96.978637,110.540322,0.498374,20.239164,1.601774,82.196983,2.38445,110.588582,113.667578,22.987871170043945,26.066679999999998,53.949262000000004,0.737996,9.705069,16.361611,46.686323,0.671553,7.262939,0.537632,0.071461,2.368558,82.130575,0.8369280099868774,22.988576889038086,2.9759678840637207,46.75971221923828,0.5900160074234009,7.250016212463379,0.5249919891357422,0.08246400207281113,2.3584001064300537,82.0799331665039,35,6.874814957159528,37875,483206,482994,39
live_a15__favorable_stable,15,split_noae_uint4_q7000,FAVORABLE_STABLE,832,ue288_live_a15__favorable_stable:832,97,11.369574822485447,1789019263.0230896,False,,,4,,1789019263095337254,1789019263095575090,39,,,,,,,,,43.83402597159147,11.515346355736256,4.399298690259457,24.957305751740932,2.845289185643196,0.09820889681577682,32.36140124499798,39.786663,0.237836,,,,,,,,,,,,,,,,,,,,,,,,,,,,,,,,,,,,,6.813971841952488,38113,484203,483991,39
live_a15__favorable_stable,15,split_noae_uint4_q7000,FAVORABLE_STABLE,834,ue288_live_a15__favorable_stable:834,99,11.469574823975563,1789019263.1235912,True,False,True,4,41904,1789019263179954326,1789019263180203715,39,1789019263217273262,1789019263249173649,1789019263249282226,1789019263272524447,1789019263380698827,1789019263387139477,39,0,42.017209343612194,11.742178350687027,8.724161423742771,18.94412189722061,2.433912828564644,0.08979346603155136,30.250919051468372,25.982164,0.249389,69.219323,68.969934,31.900387,23.350798,108.133488,0.43939,12.634414,1.690685,89.06677,2.851708,108.17438,114.61503,23.589216232299805,38.528149,42.609804000000004,0.166181,7.793126,30.735023,33.548385,0.522381,9.061419,6.977154,0.070157,2.836509,88.987572,0.15699200332164764,23.596256256103516,14.920736312866211,33.53433609008789,0.5078080296516418,9.049504280090332,6.9667840003967285,0.08211199939250946,2.826495885848999,88.92345428466797,40,6.898772496473521,38510,483320,483108,39
live_a15__favorable_stable,15,split_noae_uint4_q7000,FAVORABLE_STABLE,836,ue288_live_a15__favorable_stable:836,101,11.56957482546568,1789019263.2317939,True,False,True,4,39703,1789019263271825344,1789019263272041999,39,1789019263308255030,1789019263341252852,1789019263341341880,1789019263387154590,1789019263492172198,1789019263493326843,39,0,37.32308931648731,12.10231427103281,4.3242136016488075,17.83568412065506,2.921123057603836,0.08615385740995407,25.22091381251812,14.712135,0.216655,69.427508,69.210853,32.997822,45.901738,104.972946,0.454243,13.87785,1.935472,84.41389,2.727054,105.017608,106.172253,15.376992225646973,18.786563,64.061121,0.246239,9.622807,9.163756,55.239604,0.584005,8.821517,0.512159,0.067396,2.715254,84.356013,0.23766399919986725,15.385184288024902,3.389631986618042,55.32508850097656,0.4914880096912384,8.8090238571167,0.5010240077972412,0.07945600152015686,2.705631971359253,84.30719757080078,38,6.8172091384727445,38787,483235,483023,39
live_a15__favorable_stable,15,split_noae_uint4_q7000,FAVORABLE_STABLE,838,ue288_live_a15__favorable_stable:838,103,11.669574826955795,1789019263.3286948,True,False,True,4,31297,1789019263363901676,1789019263364135178,39,1789019263400026285,1789019263433006877,1789019263433126160,1789019263493340098,1789019263608607360,1789019263610974401,39,0,34.24775134772062,11.409016326069832,3.2951589673757553,17.055275849997997,2.3513855412602425,0.08679088205099106,22.845737636089325,12.255173,0.233502,69.105201,68.871699,32.980592,60.333221,115.232191,0.433908,12.684408,1.766059,96.964531,2.051982,115.267262,117.634303,17.907072067260742,26.366429,63.682465,0.208869,7.152513,19.213916,54.380122,5.608519,9.302343,0.872371,0.063942,2.041755,96.899037,0.32899200916290283,17.908672332763672,8.33347225189209,55.515872955322266,4.4617919921875,9.259455680847168,0.8561279773712158,0.07583999633789062,2.031327962875366,96.84925079345703,30,6.89647961624531,38848,483551,483339,39
live_a15__favorable_stable,15,split_noae_uint4_q7000,FAVORABLE_STABLE,840,ue288_live_a15__favorable_stable:840,105,11.769574828445911,1789019263.4369092,True,False,True,4,49163,1789019263483898047,1789019263484379756,39,1789019263522520134,1789019263558218351,1789019263558302072,1789019263610988647,1789019263831188187,1789019263834003865,39,0,34.867530688643456,10.84785908460617,3.072272054851055,18.490652553737164,2.311031334102154,0.09313691407442093,24.019431322813034,22.855008,0.481709,74.320304,73.838595,35.698217,52.770296,220.158485,0.469831,15.721812,1.837004,194.245609,3.991441,220.19954,223.015218,20.471328735351562,39.106404,153.261041,0.543815,9.922858,29.183546,139.940829,0.563459,13.320212,0.528079,0.066919,3.977487,194.177615,0.5341759920120239,20.478368759155273,18.61280059814453,139.92044067382812,0.5494719743728638,13.307552337646484,0.5157120227813721,0.0777600035071373,3.9690239429473877,194.1196746826172,47,6.811218311449207,38819,481319,481107,39
live_a15__favorable_stable,15,split_noae_uint4_q7000,FAVORABLE_STABLE,842,ue288_live_a15__favorable_stable:842,107,11.869574829936028,1789019263.5364528,False,,,4,,1789019263585488114,1789019263586018918,39,,,,,,,,,40.456037037074566,15.356695279479027,4.077145829796791,18.546713516116142,2.3281900212168694,0.10586250573396683,25.118019431829453,23.794049,0.530804,,,,,,,,,,,,,,,,,,,,,,,,,,,,,,,,,,,,,6.921101575026796,38739,482687,482475,39
live_a15__favorable_stable,15,split_noae_uint4_q7000,FAVORABLE_STABLE,844,ue288_live_a15__favorable_stable:844,109,11.969574831426144,1789019263.6354063,False,,,4,,1789019263686527909,1789019263686935357,39,,,,,,,,,35.519867204129696,10.279256850481033,2.1403655409812927,20.20286861807108,2.3500071838498116,0.09823217988014221,24.908396415412426,26.102218,0.407448,,,,,,,,,,,,,,,,,,,,,,,,,,,,,,,,,,,,,6.835490503754896,38600,484021,483809,39
live_a15__favorable_stable,15,split_noae_uint4_q7000,FAVORABLE_STABLE,846,ue288_live_a15__favorable_stable:846,111,12.06957483291626,1789019263.7244616,True,False,True,4,33451,1789019263758612423,1789019263759063626,39,1789019263778594291,1789019263815667408,1789019263815934605,1789019263834019468,1789019263949824038,1789019263952257350,39,0,31.08264785259962,11.785168200731277,2.1481728181242943,14.65990487486124,2.3450562730431557,0.08183065801858902,19.28147953003645,14.757239,0.451203,57.054985,56.603782,37.073117,18.35206,115.757615,0.633312,11.305812,1.701696,94.349152,3.782408,115.80457,118.237882,19.80441665649414,35.966149,56.473396,0.15287,10.251677,25.714472,45.863508,0.52258,10.609888,0.983654,0.073345,3.76409,94.275833,0.14422400295734406,19.811168670654297,16.143295288085938,45.84806442260742,0.5113279819488525,10.600159645080566,0.9721919894218445,0.08233600109815598,3.753119945526123,94.21939086914062,32,6.831173429660026,38515,480796,480584,39
live_a15__favorable_stable,15,split_noae_uint4_q7000,FAVORABLE_STABLE,848,ue288_live_a15__favorable_stable:848,113,12.169574834406376,1789019263.8259325,True,False,True,4,34427,1789019263891189278,1789019263892297682,39,1789019263932193313,1789019263967951176,1789019263968040494,1789019263968060843,1789019264090816282,1789019264092603634,39,0,42.900826781988144,12.217910960316658,4.303913563489914,23.484484292566776,2.338198944926262,0.08687097579240799,30.27130663394928,34.883656,1.108404,76.761898,75.653494,35.757863,0.109667,122.707478,0.523117,11.006256,2.033113,104.879185,2.495196,122.755439,124.542791,23.701536178588867,33.775242,59.99835,0.27365,8.106103,25.669139,46.56002,9.809177,13.43833,0.526133,0.069905,2.480697,104.802852,0.263808012008667,23.708576202392578,10.052639961242676,46.610687255859375,9.747712135314941,13.423135757446289,0.5142719745635986,0.07955200225114822,2.4661760330200195,104.5035171508789,33,6.794249458489446,38443,482038,481826,39
live_a15__favorable_stable,15,split_noae_uint4_q7000,FAVORABLE_STABLE,850,ue288_live_a15__favorable_stable:850,115,12.269574835896492,1789019263.9299603,True,False,True,4,34439,1789019264019700091,1789019264020193490,39,1789019264054199094,1789019264094224599,1789019264096616345,1789019264097367653,1789019264196651467,1789019264199249630,39,0,70.15179097652435,13.124281540513039,5.419306457042694,48.92830457538366,2.5079362094402313,0.08628703653812408,57.0015087723732,32.634219,0.493399,74.524508,74.031109,40.025505,3.143054,99.232702,0.44193,20.580573,1.79416,69.786087,2.520228,99.283814,101.881977,17.805856704711914,25.306962,40.521555,0.960211,9.78519,15.521772,29.82051,0.653611,10.701045,1.856653,0.060668,2.509008,69.724889,1.8254079818725586,17.806623458862305,6.397088050842285,29.805408477783203,0.6420159935951233,10.690208435058594,1.8469120264053345,0.07699199765920639,2.4983999729156494,69.41404724121094,33,6.896842029293892,38409,484414,484202,39
live_a15__favorable_stable,15,split_noae_uint4_q7000,FAVORABLE_STABLE,852,ue288_live_a15__favorable_stable:852,117,12.369574837386608,1789019264.0270948,True,False,True,4,32384,1789019264082343774,1789019264082822025,39,1789019264098880390,1789019264131877425,1789019264132000840,1789019264199262850,1789019264311413751,1789019264319449759,39,0,38.39684743434191,6.594071164727211,3.9694737643003464,21.648593246936798,2.6540523394942284,0.08886866271495819,28.408930636942387,26.729834,0.478251,49.533651,49.0554,32.997035,67.385425,112.025865,0.59408,16.304508,2.330597,88.764979,2.39495,112.150901,120.186909,19.054367065429688,21.726629,64.783175,0.176549,7.741968,13.984661,41.12835,0.694321,23.654825,0.951254,0.199571,2.382889,88.695857,0.1642560064792633,19.06265640258789,2.6540160179138184,41.11276626586914,0.6824960112571716,23.641088485717773,0.9389439821243286,0.08371199667453766,2.3482561111450195,88.67040252685547,31,6.772042946733123,38394,485317,485105,39
live_a15__favorable_stable,15,split_noae_uint4_q7000,FAVORABLE_STABLE,854,ue288_live_a15__favorable_stable:854,119,12.469574838876724,1789019264.1371162,True,False,True,4,38588,1789019264173079111,1789019264173768091,39,1789019264211122859,1789019264243134776,1789019264243217404,1789019264319467679,1789019264442936398,1789019264447955709,39,0,42.94644761830568,20.00251319259405,2.9658684507012367,17.448246479034424,2.312632277607918,0.08670706301927567,22.86174427717924,12.913341,0.68898,70.055665,69.366685,32.011917,76.332903,123.42187,0.435943,11.987187,1.672431,103.942246,2.784195,123.468719,128.48803,21.7410888671875,42.412569,58.040034,0.222989,7.997284,34.415285,46.556612,0.806366,11.483422,2.207808,0.074637,2.770425,103.868173,0.21475200355052948,21.7476806640625,20.653919219970703,46.5431022644043,0.7941120266914368,11.470815658569336,2.1949760913848877,0.08310399949550629,2.759392023086548,103.81219482421875,37,6.819168845819503,38390,485031,484819,39
live_a15__favorable_stable,15,split_noae_uint4_q7000,FAVORABLE_STABLE,856,ue288_live_a15__favorable_stable:856,121,12.56957484036684,1789019264.2764933,False,,,4,,1789019264324741861,1789019264326439776,39,,,,,,,,,50.72306748479605,29.64648511260748,2.4659503251314163,15.97391813993454,2.363879233598709,0.09840447455644608,20.949396304786205,27.066597,1.697915,,,,,,,,,,,,,,,,,,,,,,,,,,,,,,,,,,,,,6.83315626359225,38472,483426,483214,39
live_a15__favorable_stable,15,split_noae_uint4_q7000,FAVORABLE_STABLE,858,ue288_live_a15__favorable_stable:858,123,12.669574841856956,1789019264.3374379,True,False,True,4,45976,1789019264382695154,1789019264383083638,39,1789019264402724284,1789019264440392495,1789019264440493844,1789019264447970624,1789019264562591819,1789019264564212959,39,0,36.1529802903533,10.454051196575165,3.0907290056347847,16.09213463962078,2.3931674659252167,0.0920221209526062,21.716427989304066,23.425157,0.388484,57.697341,57.308857,37.668211,7.578129,114.576997,0.448385,18.727891,2.264635,85.743497,2.955216,114.621195,116.242335,19.417600631713867,23.324571,59.832152,1.117817,8.268607,15.055964,52.987828,0.638889,6.844324,0.531122,0.129534,2.939702,85.67407,2.2653119564056396,19.419456481933594,2.754431962966919,53.06560134887695,0.5516160130500793,6.831200122833252,0.5195199847221375,0.12252800166606903,2.9296000003814697,85.6151351928711,44,6.828611297246956,38529,485500,485288,39
live_a15__favorable_stable,15,split_noae_uint4_q7000,FAVORABLE_STABLE,860,ue288_live_a15__favorable_stable:860,125,12.769574843347073,1789019264.4275608,True,False,True,4,41665,1789019264474631701,1789019264475021078,39,1789019264499494112,1789019264535218389,1789019264535301245,1789019264564227350,1789019264664566713,1789019264665838907,39,0,40.6282776966691,13.153267093002796,4.703966900706291,19.876770675182343,2.739332616329193,0.21324865520000458,27.603370137512684,19.363797,0.389377,60.586688,60.197311,35.724277,29.008961,100.302237,0.487422,13.779311,1.921441,79.87857,2.649534,100.339363,101.611557,22.308767318725586,24.906621,53.566299,0.147284,7.416495,17.490126,44.700567,0.508591,8.865732,0.520824,0.063703,2.636366,79.812253,0.13702400028705597,22.3154239654541,2.5825281143188477,44.685569763183594,0.49852800369262695,8.854207992553711,0.5097919702529907,0.07811199873685837,2.6270079612731934,79.76105499267578,40,6.754951274207039,38576,483538,483326,39
live_a15__favorable_stable,15,split_noae_uint4_q7000,FAVORABLE_STABLE,862,ue288_live_a15__favorable_stable:862,127,12.869574844837189,1789019264.5261915,True,False,True,4,47977,1789019264566475705,1789019264567069189,39,1789019264605640236,1789019264641603580,1789019264641707807,1789019264665848637,1789019264786905716,1789019264789296929,39,0,34.468475729227066,11.637082323431969,5.202117376029491,15.075267292559147,2.362568862736225,0.09073596447706223,22.792027331888676,17.380316,0.593484,75.127875,74.534391,35.963344,24.245057,121.020242,0.484061,16.057371,1.727938,97.405644,3.169638,121.057079,123.448292,21.45369529724121,29.617535,62.075242,0.15082,7.379777,22.237758,48.215362,0.569262,13.85988,4.736847,0.074132,3.153481,97.326644,0.1422719955444336,21.460224151611328,8.144800186157227,48.28313446044922,0.4918400049209595,13.846528053283691,4.7244157791137695,0.08243200182914734,3.109951972961426,97.2708511352539,46,6.823679558115907,38630,483131,482919,39
live_a15__favorable_stable,15,split_noae_uint4_q7000,FAVORABLE_STABLE,864,ue288_live_a15__favorable_stable:864,129,12.969574846327305,1789019264.6258771,True,False,True,4,48022,1789019264680412878,1789019264682035088,39,1789019264712850773,1789019264748937228,1789019264749041962,1789019264789313051,1789019264900193653,1789019264901369677,39,0,31.01642057299614,10.04762202501297,2.4943798780441284,15.905778855085373,2.352440729737282,0.08701533079147339,20.894424058496952,33.548439,1.62221,68.52435,66.90214,36.086455,40.375823,110.844077,0.474467,11.018183,1.853926,92.760726,3.188806,110.880602,112.056626,19.84329605102539,27.009877,61.712509999999995,0.165503,8.406035,18.603842,49.045573,2.939799,12.666937,0.61764,0.067412,3.176251,92.6903,0.1353279948234558,19.849727630615234,7.22976016998291,50.334495544433594,1.6399999856948853,12.654335975646973,0.6046079993247986,0.07971200346946716,3.166624069213867,92.6418228149414,46,6.8739043403316575,38647,483819,483607,39
live_a15__favorable_stable,15,split_noae_uint4_q7000,FAVORABLE_STABLE,866,ue288_live_a15__favorable_stable:866,131,13.069574847817421,1789019264.7311718,True,False,True,4,48101,1789019264776794656,1789019264777300915,39,1789019264813046863,1789019264848353196,1789019264848463016,1789019264901382794,1789019265018186671,1789019265024093319,39,0,29.546567238867283,7.7304961159825325,3.4434255212545395,15.498329885303974,2.7371421456336975,0.09436067193746567,21.82991150766611,23.699902,0.506259,71.55854,71.052281,35.306333,53.029598,116.770506,0.581744,13.242648,1.578216,96.685728,2.981843,116.803877,122.710525,23.53343963623047,28.151345,65.160538,0.336606,9.234186,18.917159,57.414679,0.552798,7.745859,2.256735,0.064336,2.970319,96.618913,0.3182080090045929,23.534175872802734,4.466368198394775,57.39932632446289,0.5409600138664246,7.732895851135254,2.2453439235687256,0.07763200253248215,2.9616000652313232,96.57186889648438,46,6.869558972684518,38647,483184,482972,39
live_a15__favorable_stable,15,split_noae_uint4_q7000,FAVORABLE_STABLE,868,ue288_live_a15__favorable_stable:868,133,13.169574849307537,1789019264.8325884,True,False,True,4,48078,1789019264894841287,1789019264895420358,39,1789019264936633658,1789019264969978119,1789019264970189642,1789019265024106752,1789019265145290163,1789019265146670502,39,0,43.411655351519585,17.112846486270428,5.305626429617405,18.508960492908955,2.3429282009601593,0.08724723011255264,26.31706092506647,35.74298,0.579071,75.136832,74.557761,33.344461,54.128633,121.091433,0.449215,14.066996,2.070401,97.101585,3.27476,121.183411,122.56375,14.425344467163086,18.045437,76.513973,1.116528,8.237122,9.808315,64.440435,0.609221,12.073538,0.581985,0.072223,3.256688,97.039675,1.450816035270691,14.426079750061035,3.2844479084014893,64.42400360107422,0.5959360003471375,12.060447692871094,0.5713599920272827,0.08265600353479385,3.2464001178741455,96.98802947998047,46,6.835237229960197,38644,484222,484010,39
live_a15__favorable_stable,15,split_noae_uint4_q7000,FAVORABLE_STABLE,870,ue288_live_a15__favorable_stable:870,135,13.269574850797653,1789019264.9476604,True,False,True,4,48009,1789019265004900951,1789019265005321310,39,1789019265043740580,1789019265079811060,1789019265079920156,1789019265146683142,1789019265281838647,1789019265284768987,39,0,43.99671219289303,20.881677977740765,3.691914491355419,16.32807031273842,2.9051359742879868,0.08582882583141327,23.1034979224205,33.875286,0.420359,74.910109,74.48975,36.07048,66.872082,135.115764,0.446601,18.718518,2.379466,106.691769,3.370995,135.155505,138.085845,22.164384841918945,29.404374,74.77768499999999,1.091143,9.537543,19.866831,59.147802,0.553305,15.629883,0.620856,0.069983,3.356859,106.622709,1.081536054611206,22.171424865722656,7.21619176864624,59.1080322265625,0.5385280251502991,15.617728233337402,0.608959972858429,0.07846400141716003,3.3468480110168457,106.56893157958984,46,6.891760666640425,38716,485613,485401,39
live_a15__favorable_stable,15,split_noae_uint4_q7000,FAVORABLE_STABLE,872,ue288_live_a15__favorable_stable:872,137,13.36957485228777,1789019265.0255728,False,,,4,,1789019265096576184,1789019265097083930,39,,,,,,,,,46.15758825093508,12.390566058456898,9.238569997251034,21.762516349554062,2.629609778523445,0.2769380807876587,33.971693366765976,36.944385,0.507746,,,,,,,,,,,,,,,,,,,,,,,,,,,,,,,,,,,,,6.8010112730819525,38897,485080,484868,39
live_a15__favorable_stable,15,split_noae_uint4_q7000,FAVORABLE_STABLE,874,ue288_live_a15__favorable_stable:874,139,13.469574853777885,1789019265.1214678,True,False,True,4,46022,1789019265172530661,1789019265173554515,39,1789019265188726772,1789019265224182864,1789019265224369391,1789019265284783587,1789019265380270338,1789019265389354112,39,0,31.499731354415417,11.24565303325653,3.482408821582794,14.130271971225739,2.3761484771966934,0.14565419405698776,20.182954147458076,30.776744,1.023854,51.652203,50.628349,35.456092,60.600723,95.446503,0.527417,12.495561,1.77675,75.469864,3.084667,95.486751,104.570525,15.162240028381348,24.438719,49.245599000000006,0.281863,8.533126,15.905593,41.73705,0.642613,7.508549,0.614962,0.074965,3.067172,75.399115,0.2726080119609833,15.1693115234375,9.253791809082031,41.719966888427734,0.6312000155448914,7.494751930236816,0.601472020149231,0.07945600152015686,3.0548160076141357,75.3420181274414,44,6.86036568768143,39060,486670,486458,39
live_a15__favorable_stable,15,split_noae_uint4_q7000,FAVORABLE_STABLE,876,ue288_live_a15__favorable_stable:876,141,13.569574855268002,1789019265.2342596,True,False,True,4,47113,1789019265277567000,1789019265277957102,40,1789019265317171739,1789019265348822009,1789019265349206950,1789019265389370196,1789019265509938330,1789019265511283752,40,0,32.00547769665718,10.287662968039513,3.036835230886936,16.151733696460724,2.3679547011852264,0.09328965097665787,21.707691252231598,21.502958,0.390102,71.255009,70.864907,31.65027,40.548187,120.520404,0.441795,10.016945,1.834973,103.253222,2.951079,120.568134,121.913556,22.767871856689453,33.994575,58.489704,0.152988,8.571345,25.42323,49.839765,4.59846,8.649939,5.74788,0.079706,2.932507,103.172017,0.14403200149536133,22.774751663208008,11.208224296569824,50.84617614746094,3.5773119926452637,8.63526439666748,5.733503818511963,0.08460800349712372,2.9165759086608887,103.11341094970703,45,6.861408323180202,39111,487333,487121,40
live_a15__favorable_stable,15,split_noae_uint4_q7000,FAVORABLE_STABLE,878,ue288_live_a15__favorable_stable:878,143,13.669574856758118,1789019265.330612,True,False,True,4,40744,1789019265373365915,1789019265373572608,39,1789019265416071987,1789019265449439612,1789019265449558656,1789019265511297557,1789019265635839163,1789019265638250977,39,0,36.7403207346797,11.471898294985294,3.01994476467371,18.96259281784296,3.089582547545433,0.0856081023812294,25.21727979183197,17.017059,0.206693,76.073697,75.867004,33.367625,61.857945,124.498686,0.444104,11.207425,1.598352,106.367612,2.700612,124.541606,126.95342,21.5548152923584,23.957079999999998,75.888999,0.216001,6.907717,17.049363,60.53841,1.127139,15.350589,4.93775,0.067208,2.685882,106.295306,0.32310399413108826,21.556352615356445,2.292128086090088,60.52406311035156,1.1158720254898071,15.336447715759277,4.926527976989746,0.08022399991750717,2.575007915496826,106.24348449707031,39,6.844909082996957,39056,485123,484911,39
live_a15__favorable_stable,15,split_noae_uint4_q7000,FAVORABLE_STABLE,880,ue288_live_a15__favorable_stable:880,145,13.769574858248234,1789019265.4380357,True,False,True,4,37468,1789019265505465232,1789019265505737964,39,1789019265553110625,1789019265584075896,1789019265584184784,1789019265638264908,1789019265766001504,1789019265769138123,39,0,43.64753793925047,14.220278710126877,5.665110424160957,20.440599881112576,3.0122529715299606,0.09187497198581696,29.282928444445133,37.432783,0.272732,78.610664,78.337932,30.965271,54.189012,127.688804,0.571865,15.772848,1.633578,104.791493,2.674797,127.736596,130.873215,16.532255172729492,39.238910000000004,63.574332999999996,0.160495,11.289547,27.949363,50.602546,0.902844,12.971787,0.649491,0.078981,2.659458,104.715641,0.1504639983177185,16.539520263671875,22.68739128112793,51.003456115722656,0.492031991481781,12.958271980285645,0.6371200084686279,0.08473599702119827,2.647200107574463,104.65062713623047,36,6.878697626946495,38911,486623,486411,39
live_a15__favorable_stable,15,split_noae_uint4_q7000,FAVORABLE_STABLE,882,ue288_live_a15__favorable_stable:882,147,13.86957485973835,1789019265.5490952,False,,,4,,1789019265609429940,1789019265609656402,40,,,,,,,,,51.84114445000887,22.267491556704044,4.595842212438583,21.96664549410343,2.8447872027754784,0.08636899292469025,29.556045308709145,30.667685,0.226462,,,,,,,,,,,,,,,,,,,,,,,,,,,,,,,,,,,,,6.824719963816471,38848,488689,488477,40
live_a15__favorable_stable,15,split_noae_uint4_q7000,FAVORABLE_STABLE,884,ue288_live_a15__favorable_stable:884,149,13.969574861228466,1789019265.6273398,True,False,True,4,36460,1789019265695917606,1789019265696137505,40,1789019265727242188,1789019265759482218,1789019265759596171,1789019265769153333,1789019265884447160,1789019265885728575,40,0,47.69514501094818,11.442151851952076,8.04173480719328,25.0777006149292,2.968261018395424,0.0883033499121666,36.23754810541868,32.242725,0.219899,63.564612,63.344713,32.24003,9.671115,115.248748,0.536158,10.109873,1.76055,96.711826,2.49418,115.293827,116.575242,20.97225570678711,26.771174,56.315706,1.200646,7.587922,19.183252,48.94726,0.587055,7.368446,11.578666,0.083267,2.476255,96.636226,2.4320321083068848,20.97395133972168,4.565824031829834,48.931617736816406,0.5740159749984741,7.35584020614624,11.565728187561035,0.08297599852085114,2.50217604637146,96.57901000976562,35,6.895338014392557,38963,490629,490417,40
live_a15__favorable_stable,15,split_noae_uint4_q7000,FAVORABLE_STABLE,886,ue288_live_a15__favorable_stable:886,151,14.069574862718582,1789019265.7373884,True,False,True,4,35305,1789019265825265847,1789019265825477890,40,1789019265856473870,1789019265900813063,1789019265901639733,1789019265901736057,1789019266066998097,1789019266071251054,40,0,63.336863182485104,17.237413674592972,5.240361206233501,27.309313416481018,10.369867086410522,0.19893795251846313,43.17713715136051,44.596641,0.212043,75.547216,75.335173,44.339193,0.922994,165.196242,0.462465,59.535559,2.682977,97.984102,2.362919,165.26204,169.514997,26.83660888671875,33.505862,52.962946,0.163684,13.833808,19.672054,43.909638,4.741835,9.053308,6.343214,0.08434,2.346839,97.911189,0.15385599434375763,26.84332847595215,6.647039890289307,43.88934326171875,4.710239887237549,9.040096282958984,6.329887866973877,0.0857279971241951,2.3353281021118164,97.847900390625,34,6.818676315676893,39033,491217,491005,40
live_a15__favorable_stable,15,split_noae_uint4_q7000,FAVORABLE_STABLE,888,ue288_live_a15__favorable_stable:888,153,14.169574864208698,1789019265.837934,True,False,True,4,23904,1789019265906686853,1789019265906909146,40,1789019265945694462,1789019265986066654,1789019265986143092,1789019266071266764,1789019266209363758,1789019266211940377,40,0,49.79031439870596,10.2776400744915,5.323117598891258,16.598094254732132,2.407778985798359,0.0985981896519661,24.480356834828854,44.11779,0.222293,79.379801,79.157508,40.372192,85.20011,138.052223,0.53017,19.711264,3.961305,109.292758,1.737618,138.096994,140.673613,23.59894371032715,37.736028,69.871612,0.167218,9.360179,28.375849,60.81408,0.530819,9.057532,0.623838,0.068949,1.7265,109.10702,0.15801599621772766,23.60598373413086,14.117695808410645,60.797950744628906,0.5188159942626953,9.045663833618164,0.6125119924545288,0.07100799679756165,1.7167359590530396,109.03981018066406,23,6.920648310527652,38985,491897,491685,40
live_a15__favorable_stable,15,split_noae_uint4_q7000,FAVORABLE_STABLE,890,ue288_live_a15__favorable_stable:890,155,14.269574865698814,1789019265.9318264,False,,,4,,1789019266011705079,1789019266011926589,40,,,,,,,,,52.68041230738163,19.998724572360516,2.6655029505491257,21.367802284657955,8.488915860652924,0.1279544085264206,32.72913582623005,44.20723,0.22151,,,,,,,,,,,,,,,,,,,,,,,,,,,,,,,,,,,,,6.8349714876733785,38998,489257,489045,40
live_a15__favorable_stable,15,split_noae_uint4_q7000,FAVORABLE_STABLE,892,ue288_live_a15__favorable_stable:892,157,14.36957486718893,1789019266.0437653,True,False,True,4,32213,1789019266101095286,1789019266101435824,40,1789019266142382374,1789019266174700647,1789019266174789614,1789019266211956163,1789019266358079151,1789019266361058555,40,0,56.25619739294052,20.462457090616226,3.7645725533366203,25.47363843768835,5.947515368461609,0.14382321387529373,35.405803471803665,21.798959,0.340538,73.605361,73.264823,32.318273,37.255516,146.085484,0.445236,41.163849,1.762326,97.189559,2.178916,146.122988,149.102392,19.462432861328125,33.446329,62.327091,0.162309,10.088947,23.357382,55.471986,0.516075,6.855105,0.51168,0.061638,2.167354,97.129224,0.15174399316310883,19.469696044921875,13.961183547973633,55.45481491088867,0.5046719908714294,6.843808174133301,0.5001279711723328,0.07091200351715088,2.1578240394592285,97.07469177246094,31,6.881511935588693,39063,488950,488738,40
live_a15__favorable_stable,15,split_noae_uint4_q7000,FAVORABLE_STABLE,894,ue288_live_a15__favorable_stable:894,159,14.469574868679047,1789019266.1302092,True,False,True,4,31403,1789019266196707926,1789019266196987597,40,1789019266235920424,1789019266269397282,1789019266269484247,1789019266361072142,1789019266478649965,1789019266485642952,40,0,51.360017620027065,16.031308099627495,4.29840013384819,25.224133394658566,5.641681142151356,0.12225378304719925,35.34396830946207,31.043551,0.279671,72.689356,72.409685,33.476858,91.67486,117.535958,0.681198,22.733307,1.752962,88.468718,2.136884,117.577823,124.57081,21.422143936157227,23.892847,61.556839,0.163922,7.031392,16.861455,54.882507,0.588904,6.674332,2.030639,0.064186,2.125149,88.398517,0.1544640064239502,21.428800582885742,2.4530560970306396,54.868255615234375,0.5770879983901978,6.674943923950195,2.0100159645080566,0.07660800218582153,2.1160318851470947,88.34662628173828,30,6.796218399954659,38981,489996,489784,40
live_a15__favorable_stable,15,split_noae_uint4_q7000,FAVORABLE_STABLE,896,ue288_live_a15__favorable_stable:896,161,14.569574870169163,1789019266.226281,False,,,4,,1789019266300176076,1789019266300456407,40,,,,,,,,,49.77256711572409,10.140333324670792,8.43180064111948,24.297823198139668,6.712048314511776,0.11767260730266571,39.658937603235245,34.109335,0.280331,,,,,,,,,,,,,,,,,,,,,,,,,,,,,,,,,,,,,6.865316218044821,38836,488412,488200,40
live_a15__favorable_stable,15,split_noae_uint4_q7000,FAVORABLE_STABLE,898,ue288_live_a15__favorable_stable:898,163,14.669574871659279,1789019266.3239832,True,False,True,4,36566,1789019266380970637,1789019266381253573,40,1789019266418936366,1789019266451757080,1789019266451868592,1789019266485659379,1789019266599355603,1789019266601884587,40,0,41.21208377182484,9.025652892887592,2.6550162583589554,24.574088864028454,4.839571192860603,0.11937133967876434,32.25031681358814,24.605743,0.282936,70.786443,70.503507,32.820714,33.902299,113.638099,0.443963,21.091469,1.990146,85.111585,2.640902,113.696224,116.225208,15.304479598999023,28.253428,53.182494999999996,0.1469,8.863624,19.389804,33.876279,1.031501,19.306216,2.242604,0.078811,2.623069,85.035907,0.1377599984407425,15.31123161315918,12.933119773864746,33.8600959777832,0.49088001251220703,19.292800903320312,2.2287681102752686,0.14345599710941315,2.611327886581421,85.03990173339844,35,6.811336562956817,38748,487672,487460,40
live_a15__favorable_stable,15,split_noae_uint4_q7000,FAVORABLE_STABLE,900,ue288_live_a15__favorable_stable:900,165,14.769574873149395,1789019266.4454718,True,False,True,4,39675,1789019266505536845,1789019266505803409,40,1789019266527493076,1789019266564458474,1789019266564563072,1789019266601899667,1789019266723553543,1789019266726070435,40,0,55.029586888849735,21.87802642583847,1.931249164044857,25.740438140928745,5.236043594777584,0.11658575385808945,33.17142929881811,26.752284,0.266564,58.921629,58.655065,36.965398,37.441193,121.54178,0.446079,22.021032,1.731328,92.558634,2.788138,121.653876,124.170768,22.527807235717773,24.846537,66.281094,0.160142,7.280449,17.566088,58.525674,0.513849,7.75542,0.522203,0.067804,2.77193,92.490601,0.15161600708961487,22.53411293029785,2.302079916000366,58.51078414916992,0.5022079944610596,7.744800090789795,0.510591983795166,0.07443200051784515,2.7710719108581543,92.43638610839844,38,6.927408086124464,38692,489826,489614,40
live_a15__favorable_stable,15,split_noae_uint4_q7000,FAVORABLE_STABLE,902,ue288_live_a15__favorable_stable:902,167,14.869574874639511,1789019266.541144,True,False,True,4,37526,1789019266603419380,1789019266603689553,40,1789019266646162476,1789019266728962292,1789019266729046581,1789019266729340907,1789019266887134633,1789019266889901124,40,0,44.27541885524988,8.728593587875366,6.0425130650401115,21.32584247738123,8.033113554120064,0.12314971536397934,35.57813540101051,26.581407,0.270173,125.542912,125.272739,82.799816,0.378615,157.500024,0.627126,48.016386,2.140212,99.072682,3.031333,157.793726,160.560217,20.83772850036621,24.973264,71.557111,1.139571,8.093028,16.880236,50.14088,0.602202,21.416231,0.547817,0.075593,3.014001,99.000013,2.296895980834961,20.83945655822754,2.9806718826293945,50.1242561340332,0.5886399745941162,21.402111053466797,0.5342400074005127,0.08342400193214417,2.9958078861236572,98.9471664428711,36,6.8404788434059265,38661,490270,490058,40
live_a15__favorable_stable,15,split_noae_uint4_q7000,FAVORABLE_STABLE,904,ue288_live_a15__favorable_stable:904,169,14.969574876129627,1789019266.652263,True,False,True,4,41674,1789019266703657846,1789019266703943884,40,1789019266729543337,1789019266782224531,1789019266782326765,1789019266889914868,1789019267024103042,1789019267029019822,40,0,55.56363984942436,28.215219266712666,2.858784981071949,19.452898763120174,4.816429689526558,0.11876784265041351,27.317441068589687,23.945642,0.286038,78.566685,78.280647,52.681194,107.690337,134.148427,0.462309,19.922451,2.11029,105.42022,3.749813,134.188174,139.104954,25.526464462280273,37.340405000000004,66.649854,0.155727,8.844093,28.496312,58.534217,0.513466,8.115637,0.525697,0.065207,3.735696,105.352606,0.14688000082969666,25.533023834228516,11.796895980834961,58.5186882019043,0.5026879906654358,8.102848052978516,0.5138559937477112,1.2435840368270874,2.6091198921203613,106.46476745605469,40,6.877966721608663,38650,489583,489371,40
live_a15__favorable_stable,15,split_noae_uint4_q7000,FAVORABLE_STABLE,906,ue288_live_a15__favorable_stable:906,171,15.069574877619743,1789019266.735509,False,,,4,,1789019266826963508,1789019266827229449,40,,,,,,,,,55.79255986958742,11.489554308354855,8.429151959717274,29.256894253194332,6.459939293563366,0.11918134987354279,44.320463202893734,47.032327,0.265941,,,,,,,,,,,,,,,,,,,,,,,,,,,,,,,,,,,,,6.82165983416459,38626,492003,491791,40
live_a15__favorable_stable,15,split_noae_uint4_q7000,FAVORABLE_STABLE,908,ue288_live_a15__favorable_stable:908,173,15.16957487910986,1789019266.8323889,True,False,True,4,35468,1789019266899932416,1789019266900195261,40,1789019266924774157,1789019266991514530,1789019266991598467,1789019267029036428,1789019267123273117,1789019267130961247,40,0,45.381730422377586,4.772340878844261,4.108889028429985,17.749500460922718,4.811231046915054,0.12085773050785065,26.85183845460415,40.591623,0.262845,91.582114,91.319269,66.740373,37.521898,94.194626,0.443277,16.889687,1.937038,70.099761,2.529856,94.236689,101.924819,14.901439666748047,28.824373,39.815965,0.158245,7.304971,21.519402,31.521579,0.521983,8.294386,0.533273,0.069304,2.51827,70.029721,0.14934399724006653,14.908415794372559,13.902560234069824,31.50387191772461,0.509663999080658,8.281984329223633,0.5215039849281311,0.07980799674987793,2.50927996635437,69.97161865234375,34,6.898186244752484,38621,490682,490470,40
live_a15__favorable_stable,15,split_noae_uint4_q7000,FAVORABLE_STABLE,910,ue288_live_a15__favorable_stable:910,175,15.269574880599976,1789019266.952605,True,False,True,4,31325,1789019267023459755,1789019267023668489,40,1789019267059499729,1789019267120881129,1789019267120986201,1789019267130981121,1789019267270083229,1789019267271380485,40,0,54.82675228267908,15.249297022819519,8.271726779639721,28.557308949530125,2.5889957323670387,0.09544845670461655,39.573024958372116,31.1434,0.208734,97.421374,97.21264,61.3814,10.099992,138.968324,0.44445,40.94456,2.13554,91.488613,2.164064,139.102108,140.399364,22.66192054748535,34.53387,55.439168,0.23094,8.627191,25.906679,49.089658,0.520122,6.34951,0.523937,0.069099,2.149047,91.420111,1.1375360488891602,22.66262435913086,10.960639953613281,49.0753288269043,0.508512020111084,6.33951997756958,0.5135359764099121,0.07212799787521362,2.1383039951324463,91.35737609863281,30,6.821288889628988,38657,490773,490561,40
live_a15__favorable_stable,15,split_noae_uint4_q7000,FAVORABLE_STABLE,912,ue288_live_a15__favorable_stable:912,177,15.369574882090092,1789019267.0285208,True,False,True,4,34507,1789019267090015692,1789019267090224770,40,1789019267121330531,1789019267187891683,1789019267187991968,1789019267271393549,1789019267411815022,1789019267414413650,40,0,40.50426371395588,4.569917917251587,6.110708229243755,21.57352026551962,2.4952786043286324,0.08972641080617905,30.332209542393684,30.992704,0.209078,97.875991,97.666913,66.561152,83.501866,140.382944,0.514164,56.000544,1.882607,76.47688,2.273285,140.421473,143.020101,19.11097526550293,30.077602000000002,44.901802,0.217992,8.275123,21.802479,38.291231,0.523996,6.610571,0.536526,0.06315,2.260901,76.41851,0.2080959975719452,19.117599487304688,10.949248313903809,38.24070358276367,0.5119040012359619,6.599584102630615,0.5255039930343628,0.06892800331115723,2.250368118286133,76.36358642578125,33,6.9318345911630255,38688,492156,491944,40
live_a15__favorable_stable,15,split_noae_uint4_q7000,FAVORABLE_STABLE,914,ue288_live_a15__favorable_stable:914,179,15.469574883580208,1789019267.1301193,False,,,4,,1789019267217928913,1789019267218153366,40,,,,,,,,,39.01560138911009,9.543727152049541,3.086668439209461,23.770326748490334,2.468097023665905,0.09124632924795151,29.486587271094322,58.197748,0.224453,,,,,,,,,,,,,,,,,,,,,,,,,,,,,,,,,,,,,6.844813768991843,38693,492153,491941,40
live_a15__favorable_stable,15,split_noae_uint4_q7000,FAVORABLE_STABLE,916,ue288_live_a15__favorable_stable:916,181,15.569574885070324,1789019267.2391515,True,False,True,4,40685,1789019267291400951,1789019267291649219,40,1789019267318311725,1789019267378566433,1789019267378666412,1789019267414432358,1789019267529471507,1789019267533025831,40,0,44.269658625125885,13.808741234242916,3.8634156808257103,21.037661470472813,5.406978540122509,0.10033324360847473,30.46642616391182,21.66784,0.248268,87.165482,86.917214,60.254708,35.865925,114.992712,0.466331,13.834515,2.461127,90.493233,3.752258,115.039149,118.593473,19.06447982788086,34.547353,53.146203,0.227025,8.564292,25.983061,38.789439,1.335692,14.356764,0.988033,0.071384,3.738745,90.425906,1.9820799827575684,19.06617546081543,13.748255729675293,38.855743408203125,1.2518399953842163,14.344096183776855,0.9756479859352112,1.2479679584503174,2.639008045196533,91.5351333618164,39,6.855774591946309,38761,491259,491047,40
live_a15__favorable_stable,15,split_noae_uint4_q7000,FAVORABLE_STABLE,918,ue288_live_a15__favorable_stable:918,183,15.66957488656044,1789019267.3273723,True,False,True,4,48992,1789019267374087923,1789019267374296180,40,1789019267383765586,1789019267445200574,1789019267445293149,1789019267533042175,1789019267619197816,1789019267625081686,40,0,33.61019678413868,10.589895769953728,1.8850378692150116,17.31616724282503,3.186841495335102,0.11224951595067978,22.573821246623993,24.041479,0.208257,71.112651,70.904394,61.434988,87.841601,86.10752,0.447598,11.616564,1.925729,67.48619,3.065799,86.155641,92.039511,14.571104049682617,16.986556,49.044928999999996,0.154053,7.40083,9.585726,37.999612,0.523925,11.045317,0.54501,0.063126,3.051561,67.416897,0.14486399292945862,14.577823638916016,2.3994879722595215,37.98521423339844,0.5112959742546082,11.034463882446289,0.5331839919090271,0.07667200267314911,3.040544033050537,67.36768341064453,47,6.8466515137837956,38843,491848,491636,40
live_a15__favorable_stable,15,split_noae_uint4_q7000,FAVORABLE_STABLE,920,ue288_live_a15__favorable_stable:920,185,15.769574888050556,1789019267.432132,True,False,True,4,32413,1789019267474013480,1789019267474232300,40,1789019267510231835,1789019267562863181,1789019267562976197,1789019267625096154,1789019267740085039,1789019267743850418,40,0,39.1772510483861,12.96453271061182,6.094315089285374,17.130695283412933,2.6413556188344955,0.0872025266289711,26.02117508649826,15.746378,0.21882,88.849701,88.630881,52.631346,62.232973,114.946352,0.467766,14.999978,2.480518,91.359833,2.461824,114.988885,118.754264,22.771615982055664,39.130944,50.456096,0.161911,8.390796,30.740148,40.136187,0.535393,10.319909,0.647173,0.200249,2.447632,91.287082,0.152319997549057,22.777856826782227,16.339807510375977,40.116512298583984,0.5236480236053467,10.30793571472168,0.6348159909248352,0.1937279999256134,2.35916805267334,91.35596466064453,31,6.853273014968248,38777,489779,489567,40
live_a15__favorable_stable,15,split_noae_uint4_q7000,FAVORABLE_STABLE,922,ue288_live_a15__favorable_stable:922,187,15.869574889540672,1789019267.524557,True,False,True,4,37529,1789019267582443511,1789019267582661664,40,1789019267615065098,1789019267679560265,1789019267679663986,1789019267743866850,1789019267859075674,1789019267861840821,40,0,53.41799184679985,12.348017655313015,5.25753665715456,33.280027098953724,2.3648198693990707,0.09091384708881378,41.0502627491951,16.732758,0.218153,97.116754,96.898601,64.495167,64.306585,115.162527,0.514476,17.710281,2.784625,89.684262,2.513986,115.208824,117.973971,15.396767616271973,26.398565,61.804672,0.211903,9.063302,17.335263,55.328173,0.520552,6.476499,0.518362,0.065693,2.501351,89.621178,0.20278400182724,15.403103828430176,10.986144065856934,55.311038970947266,0.5077440142631531,6.4648637771606445,0.5074880123138428,0.07049600034952164,2.4911680221557617,89.56217956542969,36,6.851374829616968,38754,488779,488567,40
live_a15__favorable_stable,15,split_noae_uint4_q7000,FAVORABLE_STABLE,924,ue288_live_a15__favorable_stable:924,189,15.969574891030788,1789019267.6257205,False,,,4,,1789019267686594107,1789019267687153939,40,,,,,,,,,47.78094030916691,14.56599310040474,5.496050231158733,25.096244178712368,2.465573139488697,0.15120301395654678,33.27656164765358,27.485151,0.559832,,,,,,,,,,,,,,,,,,,,,,,,,,,,,,,,,,,,,6.852548594194907,38790,489275,489063,40
live_a15__favorable_stable,15,split_noae_uint4_q7000,FAVORABLE_STABLE,926,ue288_live_a15__favorable_stable:926,191,16.069574892520905,1789019267.724887,True,False,True,4,48123,1789019267771687678,1789019267772086645,40,1789019267780850145,1789019267841366509,1789019267841466442,1789019267861855691,1789019267977677213,1789019267980402495,40,0,40.56576732546091,13.757343403995037,4.334692843258381,19.25988309085369,3.0679311603307724,0.08933804929256439,26.81671641767025,19.882922,0.398967,69.678831,69.279864,60.516364,20.489182,115.7797,0.45326,13.079824,1.958426,92.3848,5.560096,115.821522,118.546804,22.098112106323242,29.254382,60.31257,0.241875,8.616901,20.637481,51.773742,0.940725,8.538828,1.187231,0.120119,5.504634,92.307125,0.3672960102558136,22.105632781982422,7.134304046630859,51.764766693115234,0.9254720211029053,8.527520179748535,1.1763520240783691,0.11568000167608261,5.49510383605957,92.23487854003906,46,6.813864487358984,38810,489946,489734,40
live_a15__favorable_stable,15,split_noae_uint4_q7000,FAVORABLE_STABLE,928,ue288_live_a15__favorable_stable:928,193,16.16957489401102,1789019267.830557,True,False,True,4,39627,1789019267909502394,1789019267909700366,40,1789019267938785544,1789019267993251672,1789019267993396306,1789019267993604120,1789019268085650510,1789019268088286696,40,0,43.5660257935524,12.357836589217186,4.78787999600172,23.35504535585642,2.9118070378899574,0.09037274867296219,31.207767315208912,47.631483,0.197972,83.749278,83.551306,54.466128,0.352448,91.987768,0.514124,12.014564,2.071072,72.916733,2.659564,92.04639,94.682576,23.678144454956055,37.629122,33.832066000000005,0.153835,8.786128,28.842994,27.533073,0.509436,6.298993,0.565623,0.061468,2.646342,72.85656,0.1446399986743927,23.687904357910156,13.92950439453125,27.515840530395508,0.49647998809814453,6.28652811050415,0.5553280115127563,0.06812799721956253,2.6357760429382324,72.7955551147461,38,6.845315300234158,38837,488859,488647,40
live_a15__favorable_stable,15,split_noae_uint4_q7000,FAVORABLE_STABLE,930,ue288_live_a15__favorable_stable:930,195,16.269574895501137,1789019267.9332855,True,False,True,4,40683,1789019267977968445,1789019267978205088,40,1789019267993747580,1789019268038061637,1789019268038158639,1789019268088300642,1789019268196736917,1789019268197911595,40,0,37.926419638097286,11.147425509989262,2.0492738112807274,21.313863806426525,3.2761869952082634,0.08955691009759903,26.784474961459637,17.640177,0.236643,60.093192,59.856549,44.314057,50.239005,108.397036,0.499073,11.790027,1.673059,89.894192,2.603349,108.436275,109.610953,21.7794246673584,28.659817,59.829756,0.157232,7.218446,21.441371,53.572507,0.511622,6.257249,0.509858,0.062608,2.589934,89.82922,0.14553600549697876,21.786495208740234,6.870751857757568,53.5555534362793,0.49932798743247986,6.244768142700195,0.4992319941520691,0.0703359991312027,2.579551935195923,89.77471923828125,39,6.853189155168868,38951,489068,488856,40
live_a15__favorable_stable,15,split_noae_uint4_q7000,FAVORABLE_STABLE,932,ue288_live_a15__favorable_stable:932,197,16.369574896991253,1789019268.0447497,True,False,True,4,35489,1789019268171273287,1789019268171503960,40,1789019268201321509,1789019268234981808,1789019268235097100,1789019268235119837,1789019268355118424,1789019268357539245,40,0,81.20284043252468,21.60278707742691,3.565206192433834,53.43127716332674,2.3479554802179337,0.09196624159812927,59.490528889000416,66.886838,0.230673,63.708521,63.477848,33.660299,0.138029,119.931682,0.636349,12.163862,2.119878,98.407541,3.406154,119.998587,122.419408,21.951679229736328,37.508582,59.332817,0.169881,9.259108,28.249474,45.510067,0.516437,13.82275,0.524066,0.173237,3.371483,98.338624,0.16067199409008026,21.95907211303711,15.532992362976074,45.48963165283203,0.5041919946670532,13.810336112976074,0.5102720260620117,0.16758400201797485,3.3320000171661377,98.274658203125,34,6.811502476566243,39189,491911,491699,40
live_a15__favorable_stable,15,split_noae_uint4_q7000,FAVORABLE_STABLE,934,ue288_live_a15__favorable_stable:934,199,16.46957489848137,1789019268.161401,True,False,True,4,52216,1789019268225232206,1789019268225535539,40,1789019268235426805,1789019268270241879,1789019268270393413,1789019268357552695,1789019268486209019,1789019268491675238,40,0,57.477849535644054,0.0025909394025802612,4.759715870022774,18.837807700037956,2.315487712621689,0.10135490447282791,26.060028932988644,27.245938,0.303333,45.009673,44.70634,34.815074,87.310816,128.606604,0.653017,14.617414,3.006679,100.370185,7.227742,128.656324,134.122543,22.041248321533203,29.534951,64.989379,0.157191,9.411274,20.123677,47.366313,0.523311,17.623066,4.836921,0.11708,7.194098,100.271036,0.14691199362277985,22.048416137695312,7.47654390335083,47.15919876098633,0.5097280144691467,17.60812759399414,4.810624122619629,0.10675200074911118,7.175807952880859,100.2119369506836,50,6.851874988075529,39367,489959,489747,40
live_a15__favorable_stable,15,split_noae_uint4_q7000,FAVORABLE_STABLE,936,ue288_live_a15__favorable_stable:936,201,16.569574899971485,1789019268.2554977,False,,,4,,1789019268325107446,1789019268325335044,40,,,,,,,,,56.23374879360199,18.89989711344242,4.278029315173626,30.41754011064768,2.4849465116858482,0.10294001549482346,37.331304512917995,32.169879,0.227598,,,,,,,,,,,,,,,,,,,,,,,,,,,,,,,,,,,,,6.700329521829487,39570,490974,490762,40
live_a15__favorable_stable,15,split_noae_uint4_q7000,FAVORABLE_STABLE,938,ue288_live_a15__favorable_stable:938,203,16.6695749014616,1789019268.3296897,True,False,True,4,31374,1789019268382961241,1789019268383178072,40,1789019268388254902,1789019268422202461,1789019268422297958,1789019268491691455,1789019268590820225,1789019268593405151,40,0,34.56725273281336,4.078137688338757,5.610411055386066,19.594366662204266,2.9299892485141754,0.10442174971103668,28.298030607402325,24.838706,0.216831,39.24122,39.024389,33.947559,69.488994,99.084387,0.474829,18.189703,2.28433,74.226858,2.047313,99.12877,101.713696,23.62838363647461,28.467593,40.797244000000006,0.198601,11.431162,17.036431,33.793809,0.520275,7.003435,3.982606,0.070608,2.036082,74.151381,0.18691200017929077,23.637535095214844,4.813119888305664,33.77724838256836,0.509119987487793,6.993311882019043,3.971168041229248,0.07385600358247757,2.0261759757995605,74.0832290649414,30,6.874974727261047,39779,492078,491866,40
live_a15__favorable_stable,15,split_noae_uint4_q7000,FAVORABLE_STABLE,940,ue288_live_a15__favorable_stable:940,205,16.769574902951717,1789019268.4412334,True,False,True,4,24041,1789019268500073880,1789019268500320076,40,1789019268531650329,1789019268564796305,1789019268564903223,1789019268593419080,1789019268739942408,1789019268742272841,40,0,52.759974263608456,18.392644822597504,5.052963271737099,26.76624897867441,2.392606809735298,0.09386520832777023,34.36591196805239,24.374835,0.246196,64.722425,64.476229,33.145976,28.622775,146.486799,0.442643,50.156439,1.84746,88.508304,1.811901,146.523328,148.853761,20.890560150146484,24.701804000000003,61.321198,1.218225,7.340841,17.360963,51.77501,0.517519,9.546188,0.512466,0.069266,1.80152,88.442846,2.7083520889282227,20.89129638671875,2.319391965866089,51.76044845581055,0.5062400102615356,9.533472061157227,0.5015040040016174,0.07968000322580338,1.7917120456695557,88.38819122314453,23,6.848446562556855,39821,491562,491350,40
live_a15__favorable_stable,15,split_noae_uint4_q7000,FAVORABLE_STABLE,942,ue288_live_a15__favorable_stable:942,207,16.869574904441833,1789019268.5407522,True,False,True,4,30267,1789019268625682640,1789019268625904456,40,1789019268654694209,1789019268686636484,1789019268686752061,1789019268742287614,1789019268894458843,1789019268901683709,40,0,58.597033843398094,23.17366749048233,2.761002629995346,30.088557861745358,2.440350130200386,0.08982047438621521,35.4277053847909,49.409895,0.221816,60.953844,60.732028,31.942275,55.65113,152.129813,0.434993,56.46475,2.206573,88.031172,2.279839,152.171229,159.396095,23.26780891418457,31.056866,51.597772,0.159087,8.77569,22.281176,44.321161,3.07996,7.276611,1.637102,0.070304,2.266878,87.702575,0.15036800503730774,23.274272918701172,7.772255897521973,45.79423904418945,1.5968639850616455,7.264480113983154,1.6263999938964844,0.07635200023651123,2.2564480304718018,87.64498901367188,29,6.832002456689665,39745,492802,492590,40
live_a15__favorable_stable,15,split_noae_uint4_q7000,FAVORABLE_STABLE,944,ue288_live_a15__favorable_stable:944,209,16.96957490593195,1789019268.699294,True,False,True,4,29233,1789019268945034813,1789019268945273319,40,1789019268972543614,1789019269005394770,1789019269005618752,1789019269005780350,1789019269121543854,1789019269130590779,40,0,248.99770971387625,22.557551972568035,25.808547623455524,195.72234526276588,2.412291243672371,0.08889194577932358,225.23940168321133,19.193064,0.238506,60.359957,60.121451,32.851156,0.38558,115.71167,0.6537,23.035875,2.359329,83.250673,2.320376,115.763504,124.810429,19.33475112915039,25.512403,55.445733000000004,1.073406,7.490232,18.022171,47.044072,0.500619,8.401661,0.498496,0.062346,2.308315,83.190433,1.7304320335388184,19.336511611938477,5.516448020935059,47.02947235107422,0.48953598737716675,8.388671875,0.4888319969177246,0.07619199901819229,2.2991039752960205,83.14128112792969,28,6.831136103958137,39641,493415,493203,40
live_a15__favorable_stable,15,split_noae_uint4_q7000,FAVORABLE_STABLE,950,ue288_live_a15__favorable_stable:950,215,17.269574910402298,1789019268.928191,True,False,True,4,28188,1789019268988199398,1789019268988426339,40,1789019269005715594,1789019269070460509,1789019269070622722,1789019269130605275,1789019269227989041,1789019269230347708,40,0,53.50782535970211,0.0037690624594688416,5.875032395124435,15.18543902784586,2.4952609091997147,0.08686259388923645,23.68231024593115,18.850158,0.226941,82.261111,82.03417,64.744915,60.144766,97.341368,0.432035,29.77662,3.527167,60.017514,1.89109,97.383766,99.742433,24.774208068847656,34.143038000000004,24.478104,0.175896,10.025503,24.117535,18.619487,0.501164,5.858617,0.493536,0.055779,1.881313,59.952032,0.16547200083732605,24.781824111938477,9.351072311401367,18.60550308227539,0.49088001251220703,5.848544120788574,0.48467200994491577,0.06876800209283829,1.8724160194396973,59.895774841308594,27,6.7299216133471464,39473,488436,488224,40
live_a15__favorable_stable,15,split_noae_uint4_q7000,FAVORABLE_STABLE,952,ue288_live_a15__favorable_stable:952,217,17.369574911892414,1789019269.0400305,True,False,True,4,34411,1789019269096200889,1789019269096431777,40,1789019269130545512,1789019269161220823,1789019269161342800,1789019269230362683,1789019269384087591,1789019269388149406,40,0,39.4622515887022,17.07726437598467,4.193815402686596,15.139831230044365,2.3086192086338997,0.09768921881914139,21.793493069708347,34.257153,0.230888,65.019934,64.789046,30.675311,69.14186,153.687615,0.424959,24.175692,2.600739,122.703394,2.28103,153.724908,157.786723,24.269535064697266,40.91366,77.9528,0.393966,10.728046,30.185614,61.709824,2.660525,16.242976,0.532155,0.071426,2.267985,122.635301,0.4934079945087433,24.270240783691406,16.54400062561035,61.8408317565918,2.5167360305786133,16.178495407104492,0.5216959714889526,0.08102399855852127,2.1766719818115234,122.57807922363281,33,6.831661410872554,39486,489763,489551,40
live_a15__favorable_stable,15,split_noae_uint4_q7000,FAVORABLE_STABLE,954,ue288_live_a15__favorable_stable:954,219,17.46957491338253,1789019269.1284745,False,,,4,,1789019269208053384,1789019269208293664,40,,,,,,,,,46.265811659395695,9.127793833613396,2.1548811346292496,31.945121474564075,2.892731688916683,0.10736100375652313,37.15754207223654,42.274008,0.24028,,,,,,,,,,,,,,,,,,,,,,,,,,,,,,,,,,,,,6.766418316853945,39458,488159,487947,40
live_a15__favorable_stable,15,split_noae_uint4_q7000,FAVORABLE_STABLE,956,ue288_live_a15__favorable_stable:956,221,17.569574914872646,1789019269.2495325,True,False,True,4,25005,1789019269305493920,1789019269305723689,40,1789019269333768584,1789019269366824025,1789019269366926114,1789019269388164633,1789019269481575835,1789019269487505832,40,0,48.66903368383646,20.420297980308533,6.284529343247414,18.399126827716827,3.1409412622451782,0.09001512080430984,28.2383905723691,27.322294,0.229769,61.330105,61.100336,33.055441,21.340608,93.37121,0.442444,12.542976,1.805431,74.254283,2.829357,93.411202,99.341199,15.173439979553223,18.34197,54.025527999999994,0.153701,8.240764,10.101206,41.470704,0.986188,12.554824,0.509064,0.072818,2.819403,74.187069,0.144896000623703,15.180095672607422,3.152031898498535,41.4543342590332,0.9730560183525085,12.5414400100708,0.4978559911251068,0.08534400165081024,1.7104320526123047,74.13817596435547,24,6.714190848370374,39482,488843,488631,40
live_a15__favorable_stable,15,split_noae_uint4_q7000,FAVORABLE_STABLE,958,ue288_live_a15__favorable_stable:958,223,17.669574916362762,1789019269.3290565,True,False,True,4,32344,1789019269373667773,1789019269373980359,40,1789019269407167960,1789019269440038424,1789019269440140108,1789019269487523345,1789019269684277764,1789019269690850364,40,0,35.82774940878153,12.018416076898575,3.5900669172406197,17.538422718644142,2.5666579604148865,0.1044347882270813,23.855132050812244,20.652756,0.312586,66.370651,66.058065,32.870464,47.484921,196.713075,0.441043,75.141111,2.086201,108.488492,3.197714,196.754419,203.327019,21.683263778686523,38.963339000000005,67.208092,1.058265,10.201256,28.762083,58.455649,0.508364,8.752443,0.503554,0.066266,3.18673,108.413473,1.6278719902038574,21.68524742126465,16.70515251159668,58.43724822998047,0.49663999676704407,8.739423751831055,0.49270400404930115,1.2492480278015137,2.054624080657959,109.52464294433594,31,6.854888612107961,39550,488240,488028,40
live_a15__favorable_stable,15,split_noae_uint4_q7000,FAVORABLE_STABLE,960,ue288_live_a15__favorable_stable:960,225,17.76957491785288,1789019269.43573,True,False,True,4,29148,1789019269533183487,1789019269533417932,40,1789019269579918641,1789019269612159074,1789019269612505368,1789019269690868342,1789019269795226971,1789019269799589999,40,0,39.2855741083622,8.348149247467518,6.490246392786503,21.583915688097477,2.5578662753105164,0.08785352110862732,30.769502744078636,66.210059,0.234445,78.975587,78.741142,32.240433,78.709268,104.304729,0.431625,14.05324,2.0036,82.144586,2.011088,104.358629,108.721657,16.228864669799805,26.793053999999998,44.558202,1.170624,7.814835,18.978219,35.680061,0.520794,8.878141,8.825352,0.075356,1.998286,82.062122,2.3042240142822266,16.23084831237793,9.43008041381836,35.6644172668457,0.5093119740486145,8.864992141723633,8.810111999511719,0.14390400052070618,1.9845119714736938,82.05340576171875,28,6.840552211899762,39600,487978,487766,40
live_a15__favorable_stable,15,split_noae_uint4_q7000,FAVORABLE_STABLE,962,ue288_live_a15__favorable_stable:962,227,17.869574919342995,1789019269.5769737,False,,,4,,1789019269659832991,1789019269660059435,40,,,,,,,,,56.08037766069174,21.769540384411812,6.001264788210392,24.551309645175934,3.5950420424342155,0.4681544378399849,34.67995207756758,47.878591,0.226444,,,,,,,,,,,,,,,,,,,,,,,,,,,,,,,,,,,,,6.753716663711688,39599,489150,488938,40
live_a15__favorable_stable,15,split_noae_uint4_q7000,FAVORABLE_STABLE,964,ue288_live_a15__favorable_stable:964,229,17.96957492083311,1789019269.6474237,True,False,True,4,39609,1789019269716100422,1789019269716508858,39,1789019269719393083,1789019269763857139,1789019269764360404,1789019269799609301,1789019269908641184,1789019269912526859,39,0,55.2650922909379,0.0042477622628211975,4.836362786591053,15.503624454140663,3.1561218202114105,0.09438116103410721,23.635270074009895,31.503771,0.408436,47.756717,47.348281,44.464056,35.752162,108.978821,0.516363,13.344665,1.705739,88.971315,2.569631,109.031883,112.917558,21.43328094482422,29.401658,55.132464999999996,1.0729,7.289368,22.11229,47.014253,2.544797,8.118212,0.522006,0.069639,2.554624,88.899958,2.2234880924224854,21.435136795043945,6.812543869018555,46.997886657714844,2.53273606300354,8.105759620666504,0.5095679759979248,0.07971200346946716,2.544895887374878,88.84083557128906,38,6.628623227358429,39587,485325,485113,39
live_a15__favorable_stable,15,split_noae_uint4_q7000,FAVORABLE_STABLE,966,ue288_live_a15__favorable_stable:966,231,18.069574922323227,1789019269.7386181,True,False,True,4,43875,1789019269805523599,1789019269806000308,39,1789019269855393732,1789019269928217033,1789019269928485754,1789019269928613410,1789019270044192029,1789019270048262448,39,0,48.163289204239845,9.984906762838364,9.249969385564327,23.87502696365118,3.737489692866802,0.09828153997659683,37.02433127909899,29.774822,0.476709,122.693434,122.216725,72.823301,0.396377,115.503936,0.50618,16.885684,2.158097,90.415284,3.463546,115.578619,119.649038,22.682559967041016,38.392922,45.151339,0.188057,7.752566,30.640356,35.315458,5.759976,9.835881,0.669371,0.07515,3.446291,90.344722,0.1789119988679886,22.689151763916016,15.692543983459473,36.25580978393555,4.8084797859191895,9.820704460144043,0.6572480201721191,0.08486399799585342,2.905503988265991,90.28790283203125,42,6.079917655983237,39574,486456,486244,39
live_a15__favorable_stable,15,split_noae_uint4_q7000,FAVORABLE_STABLE,968,ue288_live_a15__favorable_stable:968,233,18.169574923813343,1789019269.8475785,True,False,True,4,40748,1789019269903316521,1789019269904030764,39,1789019269928801818,1789019269990015191,1789019269990120994,1789019270048280168,1789019270162963399,1789019270167806892,39,0,45.02210859209299,13.300610706210136,3.6762524396181107,23.729095235466957,3.8377800956368446,0.10567530989646912,31.553790904581547,24.067025,0.714243,86.69867,85.984427,61.213373,58.264977,114.622608,0.496901,16.865672,2.757695,89.295772,2.732866,114.683231,119.526724,20.762847900390625,27.620402,59.927331,0.161964,8.397824,19.222578,44.897469,0.532945,15.029862,0.809633,0.065929,2.700814,89.22365,0.15222400426864624,20.90959930419922,6.698239803314209,44.881534576416016,0.5207359790802002,15.016927719116211,0.7981119751930237,0.07715199887752533,2.690943956375122,89.16998291015625,39,5.368831063095363,39573,486444,486232,39
live_a15__favorable_stable,15,split_noae_uint4_q7000,FAVORABLE_STABLE,970,ue288_live_a15__favorable_stable:970,235,18.26957492530346,1789019269.9370542,True,False,True,4,45915,1789019270006365198,1789019270006589319,39,1789019270035541323,1789019270097856831,1789019270097995910,1789019270167823348,1789019270432181372,1789019270464752120,39,0,44.02506072074175,12.928781099617481,5.451023578643799,22.911648266017437,2.5801006704568863,0.1185387372970581,31.111846677958965,38.044076,0.224121,91.491633,91.267512,62.315508,69.966517,264.288563,0.501424,16.653071,1.64128,212.597693,28.152106,264.358024,296.928772,21.7524471282959,28.078052,175.090912,0.145034,7.679401,20.398651,77.699478,2.684791,97.391434,5.179635,1.2131,26.968877,212.501453,0.13622400164604187,21.75904083251953,6.3094401359558105,77.68204498291016,2.6665279865264893,96.2221450805664,5.1572160720825195,1.1968319416046143,26.899263381958008,212.43833923339844,44,4.6587986973950795,39571,485898,485686,39
live_a15__favorable_stable,15,split_noae_uint4_q7000,FAVORABLE_STABLE,972,ue288_live_a15__favorable_stable:972,237,18.369574926793575,1789019270.0313601,False,,,4,,1789019270103003734,1789019270103222277,39,,,,,,,,,40.78837390989065,10.026868432760239,2.0650941878557205,25.280321016907692,3.1921472400426865,0.08881743997335434,30.685362406075,40.86249,0.218543,,,,,,,,,,,,,,,,,,,,,,,,,,,,,,,,,,,,,3.9523676724518904,39641,483850,483638,39
live_a15__favorable_stable,15,split_noae_uint4_q7000,FAVORABLE_STABLE,974,ue288_live_a15__favorable_stable:974,239,18.46957492828369,1789019270.1343915,False,,,4,,1789019270190550773,1789019270190772572,39,,,,,,,,,41.711713187396526,15.998125076293945,2.511954866349697,20.674407482147217,2.402292564511299,0.12222304940223694,25.767477229237556,30.148894,0.221799,,,,,,,,,,,,,,,,,,,,,,,,,,,,,,,,,,,,,3.2507052096378426,39673,484836,484624,39
live_a15__favorable_stable,15,split_noae_uint4_q7000,FAVORABLE_STABLE,976,ue288_live_a15__favorable_stable:976,241,18.569574929773808,1789019270.2430072,True,False,True,4,46873,1789019270285698644,1789019270285913322,39,1789019270313086719,1789019270365231518,1789019270365430989,1789019270464772587,1789019270624959430,1789019270626291461,39,0,39.43578712642193,19.25568375736475,1.9802376627922058,15.675593167543411,2.385079860687256,0.09209010750055313,20.184015855193138,22.400537,0.214678,79.532874,79.318196,52.144799,99.541069,160.13485,4.908291,31.233281,8.713377,104.37945,3.017256,160.186843,161.518874,24.964576721191406,36.402128,65.150501,0.161444,7.719262,28.682866,54.247745,1.888338,10.902756,0.535632,0.06334,3.000238,104.309154,0.15244799852371216,24.970815658569336,11.419743537902832,55.182945251464844,0.9410560131072998,10.88758373260498,0.5238080024719238,0.0759039968252182,2.989759922027588,104.253662109375,45,2.554064589941904,39642,483160,482948,39
live_a15__favorable_stable,15,split_noae_uint4_q7000,FAVORABLE_STABLE,978,ue288_live_a15__favorable_stable:978,243,18.669574931263924,1789019270.3237817,False,,,4,,1789019270387419901,1789019270387700607,39,,,,,,,,,34.60957668721676,12.621816247701645,3.553556278347969,15.697809867560863,2.6145316660404205,0.10856986045837402,22.020064294338226,41.523442,0.280706,,,,,,,,,,,,,,,,,,,,,,,,,,,,,,,,,,,,,1.8630272724119015,39647,483333,483121,39
live_a15__favorable_stable,15,split_noae_uint4_q7000,FAVORABLE_STABLE,980,ue288_live_a15__favorable_stable:980,245,18.76957493275404,1789019270.4230623,True,False,True,4,45990,1789019270509375261,1789019270509584898,39,1789019270542165508,1789019270604041440,1789019270604159632,1789019270626308114,1789019270770529724,1789019270771915220,39,0,33.58267154544592,10.090119205415249,2.998737618327141,17.773558385670185,2.5144945830106735,0.09480584412813187,23.428265936672688,62.775646,0.209637,94.666179,94.456542,61.875932,22.266674,144.18116,0.441356,27.007173,2.527201,105.449186,4.446201,144.22161,145.607106,16.429119110107422,30.610115999999998,71.905452,1.364878,8.799155,21.810961,59.11359,0.544993,12.791862,0.777131,0.077043,4.425548,105.384118,2.693279981613159,16.431072235107422,12.850111961364746,59.098175048828125,0.5320640206336975,12.77939224243164,0.7659519910812378,0.08752000331878662,4.081759929656982,105.33222198486328,44,1.177908759683367,39617,482433,482221,39
live_a15__favorable_stable,15,split_noae_uint4_q7000,FAVORABLE_STABLE,982,ue288_live_a15__favorable_stable:982,247,18.869574934244156,1789019270.553779,True,False,True,4,40756,1789019270611545261,1789019270611777110,39,1789019270647196818,1789019270716331447,1789019270716455981,1789019270771929011,1789019270877526855,1789019270885648463,39,0,69.15392447263002,29.61811050772667,7.643425837159157,24.824395775794983,6.857207976281643,0.14435593038797379,39.528981782495975,18.129301,0.231849,104.786186,104.554337,69.134629,55.597564,105.558039,0.449872,19.353949,1.905681,79.544809,2.680259,105.597844,113.719452,20.944480895996094,36.730971,39.843177,0.284727,8.42042,28.310551,31.360163,0.594995,8.483014,1.83617,0.073337,2.665932,79.472312,0.27532801032066345,20.951744079589844,15.76540756225586,31.339519500732422,0.5836799740791321,8.470687866210938,1.823456048965454,0.08249600231647491,2.6558079719543457,79.4148178100586,39,0.4957344666762856,39614,483772,483560,39
live_a15__favorable_stable,15,split_noae_uint4_q7000,FAVORABLE_STABLE,984,ue288_live_a15__favorable_stable:984,249,18.969574935734272,1789019270.635911,False,,,4,,1789019270707182357,1789019270707689475,39,,,,,,,,,42.84344147890806,12.204309925436974,10.605381801724434,15.497547574341297,2.331622876226902,0.09171571582555771,28.588111512362957,42.588067,0.507118,,,,,,,,,,,,,,,,,,,,,,,,,,,,,,,,,,,,,0.008006128196319882,39659,484241,484029,39
live_a15__favorable_stable,15,split_noae_uint4_q7000,FAVORABLE_STABLE,986,ue288_live_a15__favorable_stable:986,251,19.069574937224388,1789019270.7327793,True,False,True,4,43926,1789019270775896735,1789019270778011419,39,1789019270790878406,1789019270843359821,1789019270843453107,1789019270885663214,1789019271008012182,1789019271018491752,39,0,33.60101208090782,12.23741564899683,2.2588539868593216,14.677423983812332,2.3871464654803276,0.17488747835159302,19.545309245586395,23.465761,2.114684,67.463086,65.348402,52.481415,42.303393,122.304272,0.492917,25.915363,1.928885,87.874852,4.006377,122.348968,132.828538,21.787328720092773,26.795388,58.650992,0.16448,8.346698,18.44869,48.821388,0.769494,9.829604,1.240318,0.077548,3.985043,87.799415,0.1558080017566681,21.793983459472656,4.990367889404297,48.80863952636719,0.7550719976425171,9.817567825317383,1.2185280323028564,0.1998720020055771,3.913439989089966,87.85734558105469,42,0.006099071229528293,39643,484434,484222,39
live_a15__favorable_stable,15,split_noae_uint4_q7000,FAVORABLE_STABLE,988,ue288_live_a15__favorable_stable:988,253,19.169574938714504,1789019270.8328493,True,False,True,4,33418,1789019270910705335,1789019270911190805,39,1789019270938663116,1789019271020800686,1789019271021262631,1789019271021292285,1789019271172491455,1789019271177170336,39,0,46.56388610601425,15.694888308644295,5.289031192660332,21.656887605786324,3.7723612040281296,0.0912575051188469,30.868309549987316,46.54075,0.48547,110.095351,109.609881,82.13757,0.491599,151.128031,1.37727,34.116551,2.393199,107.458263,2.549639,151.19917,155.878051,21.16796875,35.100785,70.359892,0.221576,11.173863,23.926922,60.468808,0.655985,9.891084,0.860043,0.083985,2.531062,107.383457,0.328575998544693,21.37491226196289,13.611807823181152,60.451263427734375,0.6451200246810913,9.87936019897461,0.8468480110168457,0.08534400165081024,2.5179519653320312,107.3235855102539,32,0.005729036484071265,39633,486897,486685,39
live_a15__favorable_stable,15,split_noae_uint4_q7000,FAVORABLE_STABLE,990,ue288_live_a15__favorable_stable:990,255,19.26957494020462,1789019270.9466581,True,False,True,4,42874,1789019271112103175,1789019271112581472,39,1789019271149760287,1789019271201602144,1789019271201737346,1789019271201760518,1789019271338988316,1789019271346653392,39,0,136.11189927905798,24.376618675887585,4.553493112325668,102.55038551986217,2.396468073129654,0.0993805006146431,109.67134218662977,55.670721,0.478297,89.498969,89.020672,51.841857,0.158374,137.167393,0.593514,39.815737,2.534432,88.927442,2.972798,137.227798,144.892874,21.051488876342773,31.313398,55.683491,0.35965,10.814171,20.499227,38.723212,0.803551,16.960279,0.522734,0.066183,2.959532,88.857479,0.34915199875831604,21.058847427368164,10.239295959472656,38.9628791809082,0.5541759729385376,16.948928833007812,0.5118399858474731,0.19673599302768707,2.8743679523468018,88.91680145263672,41,0.0,39664,485588,485376,39
live_a15__favorable_stable,15,split_noae_uint4_q7000,FAVORABLE_STABLE,992,ue288_live_a15__favorable_stable:992,257,19.369574941694736,1789019271.0353832,True,False,True,4,47107,1789019271200478385,1789019271200951854,39,1789019271219715973,1789019271257568125,1789019271257663729,1789019271346670004,1789019271456704282,1789019271463593543,39,0,107.09036514163017,0.00454392284154892,7.696770131587982,24.95412528514862,2.32072826474905,0.08801929652690887,35.11727321892977,52.330987,0.473469,57.08974,56.616271,37.852152,89.101879,109.983252,0.46465,16.933948,1.719311,84.638734,3.529557,110.034278,116.923539,16.684064865112305,35.623176,46.907595,0.149483,8.512988,27.110188,38.913027,0.520043,7.994568,1.198637,0.075718,3.510897,84.573044,0.14044800400733948,16.690719604492188,18.92153549194336,38.89712142944336,0.5090240240097046,7.981152057647705,1.1840640306472778,0.08204799890518188,3.466399908065796,84.51904296875,45,0.0,39645,485216,485004,39
live_a15__favorable_stable,15,split_noae_uint4_q7000,FAVORABLE_STABLE,994,ue288_live_a15__favorable_stable:994,259,19.469574943184853,1789019271.1328056,False,,,4,,1789019271291685805,1789019271292907769,39,,,,,,,,,124.85755793750286,0.004552304744720459,3.408544696867466,38.50792068988085,5.0210608169436455,0.11763162910938263,47.11776413023472,43.170477,1.221964,,,,,,,,,,,,,,,,,,,,,,,,,,,,,,,,,,,,,0.0,39620,484760,484548,39
live_a15__favorable_stable,15,split_noae_uint4_q7000,FAVORABLE_STABLE,996,ue288_live_a15__favorable_stable:996,261,19.56957494467497,1789019271.2377014,False,,,4,,1789019271347312299,1789019271347936039,39,,,,,,,,,94.32694874703884,0.0036247074604034424,1.3959966599941254,24.49353877454996,2.4752430617809296,0.09583588689565659,28.508230112493038,25.480472,0.62374,,,,,,,,,,,,,,,,,,,,,,,,,,,,,,,,,,,,,0.0,39623,485257,485045,39
live_a15__favorable_stable,15,split_noae_uint4_q7000,FAVORABLE_STABLE,998,ue288_live_a15__favorable_stable:998,263,19.669574946165085,1789019271.3507037,True,False,True,4,48115,1789019271405750398,1789019271405971724,39,1789019271425162071,1789019271461971039,1789019271462080521,1789019271463605954,1789019271573874327,1789019271575668322,39,0,53.724629804492,2.2954698652029037,4.314177669584751,20.929538644850254,2.422640100121498,0.0904761254787445,27.8171394020319,27.13866,0.221326,56.220641,55.999315,36.808968,1.634915,110.222949,0.502725,18.236434,1.807287,83.280448,3.190998,110.268373,112.062368,20.14899253845215,29.092203,50.016869,0.217868,7.789673,21.30253,41.510098,3.114855,8.506771,0.544817,0.117204,3.173399,83.207812,0.20895999670028687,20.15564727783203,8.9137601852417,42.393760681152344,2.2160959243774414,8.493087768554688,0.5327039957046509,0.11075200140476227,3.162303924560547,83.14530944824219,46,0.0,39628,484774,484562,39
live_a15__favorable_stable,15,split_noae_uint4_q7000,FAVORABLE_STABLE,1000,ue288_live_a15__favorable_stable:1000,265,19.7695749476552,1789019271.435852,True,False,True,4,42974,1789019271483411086,1789019271483706517,39,1789019271507393414,1789019271543132634,1789019271543502303,1789019271575682513,1789019271689844968,1789019271692820396,39,0,32.73979760706425,10.56719571352005,4.374761134386063,14.969649724662304,2.4673286825418472,0.0902293249964714,21.975618787109852,25.483531,0.295431,59.721548,59.426117,35.73922,32.549879,114.11636,0.508208,15.564915,1.860553,91.29163,3.194269,114.162455,117.137883,22.95404815673828,26.667468,62.335924999999996,0.279353,8.063281,18.604187,48.996762,1.055974,13.339163,0.673591,0.082025,3.170305,91.199427,0.417279988527298,22.954784393310547,3.5726399421691895,48.932254791259766,1.0338879823684692,13.326016426086426,0.6602240204811096,0.08035200089216232,3.1534080505371094,91.14947509765625,41,0.0,39609,485572,485360,39
live_a15__favorable_stable,15,split_noae_uint4_q7000,FAVORABLE_STABLE,1002,ue288_live_a15__favorable_stable:1002,267,19.869574949145317,1789019271.5413687,True,False,True,4,42903,1789019271634043699,1789019271634265844,39,1789019271673646461,1789019271708671113,1789019271708800029,1789019271708823670,1789019271829768870,1789019271835004298,39,0,41.311562061309814,9.808367118239403,6.210568360984325,18.896033987402916,6.200358271598816,0.20810775458812714,31.641731970012188,60.903592,0.222145,74.627414,74.405269,35.024652,0.152557,120.87984,0.489034,17.00677,1.690579,95.857048,2.913674,120.9452,126.180628,21.676319122314453,28.10476,66.213802,0.186475,8.073941,20.030819,58.460104,0.561691,7.753698,0.575618,0.063897,2.898374,95.797309,0.17721599340438843,21.690719604492188,6.354752063751221,58.445343017578125,0.5506240129470825,7.742464065551758,0.5643519759178162,0.07248000055551529,2.887615919113159,95.7488021850586,41,0.0,39593,485542,485330,39
live_a15__favorable_stable,15,split_noae_uint4_q7000,FAVORABLE_STABLE,1004,ue288_live_a15__favorable_stable:1004,269,19.969574950635433,1789019271.6406631,True,False,True,4,37720,1789019271712260153,1789019271712503365,39,1789019271748291586,1789019271786708158,1789019271786808949,1789019271835019533,1789019271995811173,1789019272004574646,39,0,49.89487770944834,8.965925313532352,6.722543388605118,20.544005557894707,8.64373054355383,0.14123879373073578,36.120787262916565,32.46974,0.243212,74.448005,74.204793,38.416572,48.311375,160.748231,0.489313,61.991649,2.475615,91.161411,2.439554,160.79164,169.555113,22.035648345947266,32.024446,56.907454,0.173011,8.345203,23.679243,35.890434,0.757828,21.01702,1.047621,0.072496,2.425471,91.087198,0.16435199975967407,22.037504196166992,8.788127899169922,35.87388610839844,0.7455679774284363,21.004480361938477,1.037376046180725,0.0830719992518425,2.416287899017334,91.0330581665039,36,0.0,39602,486008,485796,39
live_a15__favorable_stable,15,split_noae_uint4_q7000,FAVORABLE_STABLE,1006,ue288_live_a15__favorable_stable:1006,271,20.06957495212555,1789019271.7527335,False,,,4,,1789019271814241484,1789019271814472805,39,,,,,,,,,59.436010196805,22.44977280497551,2.2650035098195076,26.92381013184786,5.478058010339737,0.14960486441850662,34.8710585385561,26.511903,0.231321,,,,,,,,,,,,,,,,,,,,,,,,,,,,,,,,,,,,,0.0,39615,485650,485438,39
live_a15__favorable_stable,15,split_noae_uint4_q7000,FAVORABLE_STABLE,1008,ue288_live_a15__favorable_stable:1008,273,20.169574953615665,1789019271.8430688,True,False,True,4,34532,1789019271897058108,1789019271897277093,39,1789019271931907213,1789019271963846197,1789019271963931924,1789019272004589218,1789019272115677044,1789019272116713597,39,0,34.88894086331129,10.769128799438477,5.250287242233753,13.424486853182316,3.5282615572214127,0.09576231241226196,22.361994720995426,31.537249,0.218985,66.788089,66.569104,31.938984,40.743021,111.047727,0.480061,13.009805,1.473152,91.959015,2.175102,111.087826,112.124379,22.490400314331055,27.873116,60.974050000000005,0.142395,10.58992,17.283196,48.226381,2.237078,12.747669,0.511112,0.062849,2.164611,91.893122,0.13388800621032715,22.49737548828125,5.365312099456787,48.20956802368164,2.2265920639038086,12.734720230102539,0.5007359981536865,0.07734400033950806,2.1558079719543457,91.84921264648438,33,0.0,39617,485457,485245,39
live_a15__favorable_stable,15,split_noae_uint4_q7000,FAVORABLE_STABLE,1010,ue288_live_a15__favorable_stable:1010,275,20.26957495510578,1789019271.9344025,True,False,True,4,37650,1789019272002645748,1789019272002868620,39,1789019272038524637,1789019272074411795,1789019272074522265,1789019272116726511,1789019272221548072,1789019272222650547,39,0,48.94513450562954,15.117475762963295,2.9406901448965073,23.803208023309708,4.991388879716396,0.10186061263084412,31.891893595457077,36.252263,0.222872,71.766047,71.543175,35.887158,42.314716,104.787501,0.440118,14.634039,1.593559,81.632662,3.297062,104.821561,105.924036,20.509695053100586,26.491158000000002,49.338232999999995,1.07714,7.226009,19.265149,41.256308,3.861814,8.081925,0.626581,0.072636,3.284045,81.564548,2.5333120822906494,20.510400772094727,4.526048183441162,41.303585052490234,3.806432008743286,8.06931209564209,0.614080011844635,0.08009599894285202,2.3322560787200928,81.51119995117188,36,0.0,39637,485566,485354,39
live_a15__favorable_stable,15,split_noae_uint4_q7000,FAVORABLE_STABLE,1012,ue288_live_a15__favorable_stable:1012,277,20.369574956595898,1789019272.0490022,True,False,True,4,41900,1789019272109995109,1789019272112064457,39,1789019272150819278,1789019272188443788,1789019272188546570,1789019272222663588,1789019272355076723,1789019272358417854,39,0,62.1259855106473,18.18283461034298,3.5532787442207336,34.72712263464928,5.50417322665453,0.08393265306949615,43.91965363174677,16.964771,2.069348,78.448679,76.379331,37.62451,34.2198,132.375472,0.445143,11.705656,1.456877,111.978813,5.38628,132.413135,135.754266,20.945024490356445,36.777251,68.620591,0.138254,6.941322,29.835929,57.298529,0.527071,11.322062,5.688083,0.066004,5.368694,111.911355,0.12950399518013,20.95110321044922,15.814784049987793,57.346561431884766,0.4684799909591675,11.310303688049316,5.677472114562988,0.07836800068616867,5.355775833129883,111.86255645751953,40,0.0,39639,485827,485615,39
live_a15__favorable_stable,15,split_noae_uint4_q7000,FAVORABLE_STABLE,1014,ue288_live_a15__favorable_stable:1014,279,20.469574958086014,1789019272.1472542,True,False,True,4,40782,1789019272220333663,1789019272221043597,39,1789019272256409927,1789019272292356701,1789019272292464338,1789019272358434686,1789019272474392302,1789019272480897908,39,0,64.35322854667902,12.913390062749386,5.205949768424034,38.748376071453094,5.88048342615366,0.12467429041862488,50.185222178697586,22.763793,0.709934,72.023038,71.313104,35.946774,66.077985,115.905944,0.501178,21.065023,2.216712,84.301516,2.890427,115.957616,122.463222,22.258304595947266,34.408295,45.71529,0.32185,7.337991,27.070304,37.081195,0.530859,8.634095,3.06542,0.075269,2.877116,84.227229,0.42102399468421936,22.25904083251953,12.050399780273438,37.067073822021484,0.5071359872817993,8.622367858886719,3.0518081188201904,0.0828159973025322,2.8665919303894043,84.1657943725586,39,0.0,39626,485947,485735,39
live_a15__favorable_stable,15,split_noae_uint4_q7000,FAVORABLE_STABLE,1016,ue288_live_a15__favorable_stable:1016,281,20.56957495957613,1789019272.2691185,True,False,True,4,39793,1789019272418560157,1789019272419177401,39,1789019272456092005,1789019272492604265,1789019272492708269,1789019272492738663,1789019272584104056,1789019272585203957,39,0,151.67583711445332,49.8371347784996,5.150070413947105,90.49856010824442,2.763812430202961,0.1037372276186943,98.58155064284801,48.606044,0.617244,74.044108,73.426864,36.51226,0.134398,91.320316,0.496766,20.90264,2.247551,62.772848,2.476504,91.365393,92.465294,22.004575729370117,28.452133,32.935546,0.153834,7.478155,20.973978,26.323127,0.522131,6.612419,0.49628,0.05547,2.465383,62.711672,0.144896000623703,22.01113510131836,6.429664134979248,26.310976028442383,0.508575975894928,6.601888179779053,0.487199991941452,0.06905599683523178,2.4565439224243164,62.66352081298828,38,0.0,39623,486077,485865,39
live_a15__favorable_stable,15,split_noae_uint4_q7000,FAVORABLE_STABLE,1020,ue288_live_a15__favorable_stable:1020,285,20.769574962556362,1789019272.422538,True,False,True,4,42924,1789019272489973879,1789019272490551343,39,1789019272496395304,1789019272542525401,1789019272542630364,1789019272585216242,1789019272735339321,1789019272737954669,39,0,29.0602445602417,3.0109407380223274,2.3750104010105133,12.969830073416233,2.3215757682919502,0.09685102850198746,17.80905108898878,49.533066,0.577464,52.551522,51.974058,46.130097,42.690841,150.069288,0.512636,29.50198,2.310089,113.145927,3.061928,150.123079,152.738427,21.655487060546875,33.860103,75.31455199999999,1.790157,10.46141,23.398693,60.056101,1.38059,15.258451,0.549321,0.068356,3.04074,113.069305,2.822495937347412,21.65622329711914,11.169535636901855,60.939327239990234,0.48953598737716675,15.246560096740723,0.5378559827804565,0.08124800026416779,2.9906880855560303,113.0125732421875,41,0.0,39618,486432,486220,39
live_a15__favorable_stable,15,split_noae_uint4_q7000,FAVORABLE_STABLE,1022,ue288_live_a15__favorable_stable:1022,287,20.86957496404648,1789019272.5396764,True,False,True,4,42962,1789019272637506603,1789019272637714002,39,1789019272680109325,1789019272713053415,1789019272713173857,1789019272737968696,1789019272865590715,1789019272872756242,39,0,77.87054870277643,18.212618306279182,3.21340374648571,53.86144854128361,2.3269401863217354,0.12288428843021393,59.59373712539673,38.103042,0.207399,75.546812,75.339413,32.94409,24.915281,127.556484,0.522764,37.290641,1.715036,80.128216,3.798563,127.622019,134.787546,21.929855346679688,38.426998,39.568946999999994,0.261124,9.539376,28.887622,29.453649,0.509519,10.115298,1.077276,0.07336,3.78289,80.053482,0.3585279881954193,21.930559158325195,16.395999908447266,29.439136505126953,0.49875199794769287,10.103872299194336,1.0651520490646362,1.0510400533676147,2.857664108276367,80.92908477783203,41,0.0,39610,485886,485674,39
live_a15__favorable_stable,15,split_noae_uint4_q7000,FAVORABLE_STABLE,1024,ue288_live_a15__favorable_stable:1024,289,20.969574965536594,1789019272.6549351,True,False,True,4,35588,1789019272709458700,1789019272709681565,39,1789019272718242306,1789019272754918220,1789019272755041414,1789019272872774472,1789019273012835596,1789019273016451310,39,0,48.85166883468628,16.9264180585742,5.682602524757385,18.701734021306038,2.3239152505993843,0.0929487869143486,26.858601719141006,27.558847,0.222865,45.45952,45.236655,36.675914,117.856252,140.008748,0.551846,45.849029,1.985348,84.880966,2.362279,140.061124,143.676838,19.383039474487305,29.256906,53.295628,1.059229,7.837458,21.419448,46.375431,0.507419,6.920197,0.51922,0.063914,2.349714,84.819853,1.5841599702835083,19.38377571105957,9.34563159942627,46.36137771606445,0.4966079890727997,6.909664154052734,0.5087360143661499,0.06960000097751617,2.3399040699005127,84.76105499267578,34,0.0,39599,487094,486882,39
live_a15__favorable_stable,15,split_noae_uint4_q7000,FAVORABLE_STABLE,1026,ue288_live_a15__favorable_stable:1026,291,21.06957496702671,1789019272.7313554,False,,,4,,1789019272824502675,1789019272825164262,39,,,,,,,,,40.621230378746986,16.340065747499466,5.716376937925816,16.010906547307968,2.4054227396845818,0.10295305401086807,24.301480501890182,65.799349,0.661587,,,,,,,,,,,,,,,,,,,,,,,,,,,,,,,,,,,,,0.0,39597,486574,486362,39
live_a15__favorable_stable,15,split_noae_uint4_q7000,FAVORABLE_STABLE,1028,ue288_live_a15__favorable_stable:1028,293,21.169574968516827,1789019272.8217194,True,False,True,4,41957,1789019272865823357,1789019272866438654,39,1789019272939424711,1789019273012975387,1789019273013084922,1789019273016464547,1789019273131899609,1789019273135000987,39,0,38.777309469878674,0.003557652235031128,4.4709742069244385,17.58619211614132,2.33660452067852,0.0880332663655281,24.531220085918903,15.639314,0.615297,147.15203,146.536733,73.550676,3.48916,115.391197,0.534907,21.80494,1.983924,84.823117,2.577062,115.435062,118.53644,21.137184143066406,24.08045,59.240677,0.159274,7.344564,16.735886,46.207628,0.598767,13.033049,0.513473,0.065196,2.563041,84.75519,0.15052799880504608,21.144287109375,2.9254400730133057,46.19257736206055,0.5868160128593445,13.021183967590332,0.5035520195960999,0.08038400113582611,2.5538558959960938,84.71052551269531,40,0.0,39585,486907,486695,39
live_a15__favorable_stable,15,split_noae_uint4_q7000,FAVORABLE_STABLE,1030,ue288_live_a15__favorable_stable:1030,295,21.269574970006943,1789019272.9291203,True,False,True,4,47144,1789019272984206858,1789019272984748241,39,1789019273013101965,1789019273089109781,1789019273089222682,1789019273135015015,1789019273259233133,1789019273264087375,39,0,33.022886142134666,10.4510597884655,4.694269970059395,15.290677547454834,2.328590489923954,0.0976957380771637,22.46785443276167,32.500122,0.541383,104.902923,104.36154,76.007816,45.905234,124.179961,0.545295,21.340355,2.058013,94.668506,3.939602,124.218118,129.07236,17.716096878051758,34.703735,58.575118,0.138385,7.783892,26.919843,44.879984,0.518423,13.695134,0.515728,0.066091,3.905886,94.608457,0.1303039938211441,17.72256088256836,16.970848083496094,44.86537551879883,0.5071679949760437,13.684703826904297,0.5049920082092285,0.07859200239181519,3.8952319622039795,94.56348419189453,45,0.0,39610,486745,486533,39
live_a15__favorable_stable,15,split_noae_uint4_q7000,FAVORABLE_STABLE,1032,ue288_live_a15__favorable_stable:1032,297,21.36957497149706,1789019273.033236,True,False,True,4,45059,1789019273107788687,1789019273107999147,39,1789019273147435968,1789019273215532617,1789019273215632672,1789019273264171292,1789019273407462487,1789019273409002976,39,0,56.20948784053326,14.690837822854519,8.615806698799133,28.369825333356857,4.364099353551865,0.2729678526520729,41.69130697846413,31.992719,0.21046,107.74393,107.53347,68.096649,48.638675,143.224746,0.754598,39.403236,1.716025,92.818755,3.700502,143.291195,144.831684,17.262367248535156,25.992099,64.437417,0.149328,8.188437,17.803662,50.556293,1.481296,13.881124,0.525851,0.066806,3.486715,92.751477,0.14051200449466705,17.268991470336914,8.713855743408203,50.61983871459961,1.4099839925765991,13.868255615234375,0.5144640207290649,0.08003199845552444,3.476896047592163,92.70140838623047,43,0.0,39650,486529,486317,39
live_a15__favorable_stable,15,split_noae_uint4_q7000,FAVORABLE_STABLE,1034,ue288_live_a15__favorable_stable:1034,299,21.469574972987175,1789019273.1292856,False,,,4,,1789019273205689398,1789019273206128175,40,,,,,,,,,68.64275969564915,14.221877790987492,9.183784946799278,42.447613552212715,2.6466259732842445,0.08501950651407242,54.41777780652046,21.842827,0.438777,,,,,,,,,,,,,,,,,,,,,,,,,,,,,,,,,,,,,0.0,39625,487259,487047,40
live_a15__favorable_stable,15,split_noae_uint4_q7000,FAVORABLE_STABLE,1036,ue288_live_a15__favorable_stable:1036,301,21.56957497447729,1789019273.2314663,True,False,True,4,47131,1789019273310798294,1789019273311270584,39,1789019273347876506,1789019273407328779,1789019273407421052,1789019273409014771,1789019273528899293,1789019273530182568,39,0,34.38510466367006,9.57222655415535,6.807992234826088,15.40694385766983,2.3681586608290672,0.0922931358218193,24.737908504903316,54.490914,0.47229,96.530485,96.058195,59.452273,1.685992,119.846056,0.677187,23.931318,2.562153,86.721944,3.863007,119.884522,121.167797,19.671199798583984,26.530686000000003,58.758663999999996,0.143453,10.049095,16.481591,49.602737,0.507699,9.155927,0.51875,0.060973,3.851546,86.659228,0.1342719942331314,19.677120208740234,6.845727920532227,49.5863037109375,0.49584001302719116,9.143903732299805,0.5075520277023315,0.0764160007238388,2.846496105194092,86.61065673828125,45,0.0,39603,486967,486755,39
live_a15__favorable_stable,15,split_noae_uint4_q7000,FAVORABLE_STABLE,1038,ue288_live_a15__favorable_stable:1038,303,21.669574975967407,1789019273.337231,True,False,True,4,48138,1789019273395382646,1789019273395862727,40,1789019273407930684,1789019273472414512,1789019273472554226,1789019273530196374,1789019273614927653,1789019273618875719,40,0,37.22407482564449,11.32187433540821,4.998231306672096,18.31001788377762,2.332031726837158,0.09059533476829529,25.783661752939224,32.147813,0.480081,77.031866,76.551785,64.483828,57.781862,84.688161,0.44659,12.763173,3.04097,63.292768,3.470898,84.731279,88.679345,15.44598388671875,18.345762999999998,38.300332,0.149993,8.557418,9.788345,19.365534,1.491531,18.934798,4.740332,0.089543,3.450933,63.219434,0.14127999544143677,15.45206356048584,2.8852479457855225,19.352415084838867,1.4791040420532227,18.920352935791016,4.724224090576172,0.08963199704885483,3.4396159648895264,63.16419219970703,46,0.0,39636,487776,487564,40
live_a15__favorable_stable,15,split_noae_uint4_q7000,FAVORABLE_STABLE,1040,ue288_live_a15__favorable_stable:1040,305,21.769574977457523,1789019273.4356787,True,False,True,4,40832,1789019273507199373,1789019273507504393,40,1789019273543733107,1789019273608824547,1789019273608931204,1789019273618892341,1789019273733315688,1789019273734509124,40,0,41.87486506998539,10.015608742833138,7.116641849279404,22.02013973146677,2.5154948234558105,0.09738374501466751,31.856185756623745,39.536782,0.30502,101.625174,101.320154,65.09144,10.067794,114.375427,0.443443,25.668094,1.936814,79.464197,3.5103,114.423347,115.616783,20.7490234375,25.261221,51.459072,0.155914,8.414709,16.846512,41.53705,1.83547,9.922022,0.515331,0.06142,3.495488,79.392832,0.14697599411010742,20.75574493408203,4.4964799880981445,42.48783874511719,0.875935971736908,9.910112380981445,0.5056319832801819,0.07625599950551987,3.4687678813934326,79.33968353271484,39,0.0,39653,488026,487814,40
live_a15__favorable_stable,15,split_noae_uint4_q7000,FAVORABLE_STABLE,1042,ue288_live_a15__favorable_stable:1042,307,21.86957497894764,1789019273.5237956,True,False,True,4,41881,1789019273618731634,1789019273618963357,40,1789019273655868177,1789019273717979866,1789019273718104471,1789019273734527450,1789019273852804776,1789019273855127909,40,0,81.32984396070242,9.368021041154861,7.847733795642853,61.58825475722551,2.382650040090084,0.09277090430259705,71.96768466383219,22.798447,0.231723,99.248232,99.016509,62.111689,16.547584,118.231942,0.438636,14.193981,3.078048,94.407928,3.347152,118.277326,120.600459,19.06051254272461,22.767574,69.492797,0.19089,8.517892,14.249682,53.186206,0.524591,16.306591,0.878026,0.08307,3.330156,94.327418,0.16646400094032288,19.06732749938965,3.688607931137085,53.16582489013672,0.5130559802055359,16.293920516967773,0.8647040128707886,0.14844800531864166,3.315392017364502,94.04656219482422,40,0.0,39620,487957,487745,40
live_a15__favorable_stable,15,split_noae_uint4_q7000,FAVORABLE_STABLE,1044,ue288_live_a15__favorable_stable:1044,309,21.969574980437756,1789019273.6542528,True,False,True,4,51253,1789019273695787592,1789019273696751624,40,1789019273721602763,1789019273858542801,1789019273858684512,1789019273858820976,1789019273992014433,1789019273995584311,40,0,40.27215950191021,22.756549529731274,1.7554396763443947,13.31416703760624,2.326071262359619,0.08626654744148254,17.52752810716629,23.856302,0.964032,162.755209,161.791177,136.940038,0.278175,133.142014,0.442522,30.915837,1.959558,94.74128,3.437838,133.193457,136.763335,21.420703887939453,31.036846,61.065707,0.172898,8.144478,22.892368,44.967008,0.5301,16.098699,1.468106,0.114986,3.422259,94.665721,0.14467200636863708,21.42723274230957,9.599648475646973,44.95161437988281,0.5184320211410522,16.086912155151367,1.4561920166015625,0.122079998254776,3.4077439308166504,94.46514892578125,49,0.0,39638,487547,487335,40
live_a15__favorable_stable,15,split_noae_uint4_q7000,FAVORABLE_STABLE,1046,ue288_live_a15__favorable_stable:1046,311,22.06957498192787,1789019273.756504,True,False,True,4,41957,1789019273824966691,1789019273825180424,40,1789019273864280457,1789019273997103728,1789019273997202010,1789019273997228170,1789019274125126932,1789019274126589495,40,0,32.47368987649679,8.987406268715858,1.9008144736289978,18.581651151180267,2.8362469747662544,0.09102560579776764,23.46054371446371,44.898088,0.213733,172.137037,171.923304,132.823271,0.124442,127.847956,0.471219,16.571702,1.968018,102.349577,2.91905,127.898762,129.361325,18.974336624145508,26.405152,74.27358,0.232276,8.864944,17.540208,62.047001,0.635892,12.226579,0.565683,0.071503,2.901384,102.283741,0.22412799298763275,18.980703353881836,7.412831783294678,62.0918083190918,0.5790079832077026,12.214719772338867,0.5544319748878479,0.08220800012350082,2.8889598846435547,102.23212432861328,40,0.0,39634,487655,487443,40
live_a15__favorable_stable,15,split_noae_uint4_q7000,FAVORABLE_STABLE,1048,ue288_live_a15__favorable_stable:1048,313,22.169574983417988,1789019273.8479536,True,False,True,4,41886,1789019273910005286,1789019273910226900,40,1789019273997628144,1789019274072324611,1789019274072407013,1789019274126602661,1789019274268110294,1789019274270617710,40,0,42.107357643544674,16.916168853640556,2.231735736131668,19.69473995268345,2.9961438849568367,0.09732600301504135,25.068335235118866,36.878139,0.221614,162.319325,162.097711,74.696467,54.27805,141.464607,0.444005,21.296882,2.094492,113.104729,2.736015,141.507633,144.015049,24.36275291442871,43.976299,64.33003000000001,0.187652,16.208167,27.768132,57.180556,0.520158,7.149474,3.712859,0.073908,2.722002,113.023682,0.1753920018672943,24.371551513671875,19.594560623168945,57.115169525146484,0.5074880123138428,7.136447906494141,3.7002880573272705,0.0822720006108284,2.712575912475586,112.8539810180664,40,0.0,39584,487621,487409,40
live_a15__favorable_stable,15,split_noae_uint4_q7000,FAVORABLE_STABLE,1050,ue288_live_a15__favorable_stable:1050,315,22.269574984908104,1789019273.9351609,False,,,4,,1789019273981371694,1789019273981592235,40,,,,,,,,,33.41291286051273,11.870707385241985,3.897649236023426,14.968016184866428,2.5229640305042267,0.08871406316757202,21.53210900723934,24.534343,0.220541,,,,,,,,,,,,,,,,,,,,,,,,,,,,,,,,,,,,,0.0,39617,487865,487653,40
live_a15__favorable_stable,15,split_noae_uint4_q7000,FAVORABLE_STABLE,1052,ue288_live_a15__favorable_stable:1052,317,22.36957498639822,1789019274.0471869,True,False,True,4,40788,1789019274126594754,1789019274126810377,39,1789019274147968737,1789019274200114135,1789019274200222856,1789019274270633891,1789019274359048483,1789019274360628889,39,0,42.67785418778658,12.400222010910511,5.504750646650791,22.318835370242596,2.3200809955596924,0.09102839976549149,30.28983250260353,49.008994,0.215623,73.519381,73.303758,52.145398,70.519756,88.369122,0.502363,11.377315,2.024563,69.983804,2.651799,88.414592,89.994998,22.899168014526367,27.862844,40.582444,0.228307,7.823127,20.039717,34.063473,0.509724,6.518971,0.535989,0.083518,2.634937,69.91125,0.21910400688648224,22.90608024597168,4.945856094360352,34.050174713134766,0.4986560046672821,6.507359981536865,0.5243200063705444,0.08560000360012054,2.623199939727783,69.84429168701172,39,0.0,39650,487006,486794,39
live_a15__favorable_stable,15,split_noae_uint4_q7000,FAVORABLE_STABLE,1054,ue288_live_a15__favorable_stable:1054,319,22.469574987888336,1789019274.1415844,True,False,False,4,41830,1789019274233116440,1789019274233337417,40,1789019274320317921,1789019274475717719,1789019274475829692,1789019274475864838,1789019274661177560,1789019274687801358,40,0,32.44813345372677,6.750567816197872,3.3032195642590523,19.761616364121437,2.500748261809349,0.10644923895597458,25.730576366186142,65.666668,0.220977,242.601279,242.380302,155.399798,0.147119,184.437002,0.504325,11.669313,2.083245,65.296251,102.405528,185.312722,211.93652,15.857536315917969,18.41388,45.092121,0.227908,8.296315,10.117565,35.343333,0.56989,9.748788,0.51762,0.068788,100.980743,64.997868,0.32236799597740173,15.858240127563477,2.4609599113464355,35.33065414428711,0.5576959848403931,9.7357759475708,0.50627201795578,0.07903999835252762,100.95878601074219,64.94025421142578,40,0.0,39628,487398,487186,40
live_a15__favorable_stable,15,split_noae_uint4_q7000,FAVORABLE_STABLE,1056,ue288_live_a15__favorable_stable:1056,321,22.569574989378452,1789019274.2345645,True,False,False,4,45997,1789019274307016422,1789019274307234808,40,1789019274476981955,1789019274615242164,1789019274615355251,1789019274687816812,1789019274822981338,1789019274824467067,40,0,23.138984106481075,0.7966607809066772,1.5556225553154945,15.065371990203857,2.4636099115014076,0.09444728493690491,19.226412288844585,53.124054,0.218386,308.225742,308.007356,138.260209,72.574648,135.070953,0.529001,30.659168,1.805749,93.378526,5.370188,135.164526,136.650255,20.339744567871094,26.944001999999998,64.018292,1.059186,8.39129,18.552712,51.099646,0.537647,12.918646,0.572459,0.071797,5.348978,93.309985,2.5610880851745605,20.3404483795166,5.097536087036133,51.084129333496094,0.5254080295562744,12.906144142150879,0.5615360140800476,0.08073599636554718,5.335648059844971,93.25132751464844,44,0.0,39603,487352,487140,40
live_a15__favorable_stable,15,split_noae_uint4_q7000,FAVORABLE_STABLE,1058,ue288_live_a15__favorable_stable:1058,323,22.66957499086857,1789019274.3290956,True,False,False,4,42922,1789019274390112817,1789019274390380082,40,1789019274616565862,1789019274750485926,1789019274750599527,1789019274824479162,1789019274952721548,1789019274953966466,40,0,32.950667664408684,8.794888854026794,3.109271638095379,18.391869962215424,2.5167316198349,0.15263259410858154,24.226301349699497,36.68229,0.267265,360.373109,360.105844,133.920064,73.993236,128.200244,0.447858,22.348263,2.750283,96.411111,3.254457,128.242386,129.487304,14.534048080444336,21.720662,72.518906,0.167635,9.122486,12.598176,63.630192,0.550558,8.888714,1.202875,0.070528,3.238537,96.342229,0.1573439985513687,16.314464569091797,5.396448135375977,63.616512298583984,0.5387840270996094,8.875904083251953,1.1919039487838745,0.08140800148248672,3.229343891143799,96.2825927734375,41,0.0,39608,488297,488085,40
live_a15__favorable_stable,15,split_noae_uint4_q7000,FAVORABLE_STABLE,1060,ue288_live_a15__favorable_stable:1060,325,22.769574992358685,1789019274.432197,True,False,False,4,36610,1789019274497514664,1789019274497720341,40,1789019274755151601,1789019274881084963,1789019274881199524,1789019274953980431,1789019275107585633,1789019275109357311,40,0,27.005920186638832,0.10206177830696106,4.161451943218708,19.16066836565733,2.858963795006275,0.09263493120670319,26.32332220673561,38.916483,0.205677,383.570299,383.364622,125.933362,72.895468,153.558312,0.448973,54.333283,2.30061,91.693074,3.205613,153.605202,155.37688,21.951520919799805,26.298939,63.867029,0.170479,8.145297,18.153642,43.015786,0.531223,20.851243,0.529275,0.074471,3.18828,91.617174,0.15852800011634827,21.95840072631836,4.329279899597168,43.00143814086914,0.519711971282959,20.84003257751465,0.5184959769248962,0.08310399949550629,3.1098239421844482,91.55897521972656,35,0.0,39625,488114,487902,40
live_a15__favorable_stable,15,split_noae_uint4_q7000,FAVORABLE_STABLE,1062,ue288_live_a15__favorable_stable:1062,327,22.8695749938488,1789019274.546852,True,False,False,4,40805,1789019274621499355,1789019274621709539,40,1789019274886710947,1789019275020011202,1789019275020112404,1789019275109371028,1789019275219846276,1789019275224766688,40,0,52.84488759934902,31.651477329432964,2.2301990538835526,16.112245619297028,2.7290452271699905,0.09122584015130997,21.22006006538868,53.320865,0.210184,398.511847,398.301663,133.300255,89.359826,110.436709,0.479792,13.778047,1.716868,89.335007,2.965415,110.475248,115.39566,18.89027214050293,28.493634999999998,59.200745,0.166792,10.054591,18.439044,50.623635,0.523831,8.57711,0.690203,0.067219,2.94549,89.267649,0.14979200065135956,18.896831512451172,9.586048126220703,50.607486724853516,0.511680006980896,8.566271781921387,0.6783360242843628,0.07295999675989151,2.9353599548339844,89.18876647949219,39,0.0,39599,488330,488118,40
live_a15__favorable_stable,15,split_noae_uint4_q7000,FAVORABLE_STABLE,1064,ue288_live_a15__favorable_stable:1064,329,22.969574995338917,1789019274.6272526,True,False,False,4,40785,1789019274688610951,1789019274688833269,40,1789019275025893867,1789019275155387659,1789019275155503823,1789019275224778364,1789019275368936193,1789019275370399723,40,0,30.73877189308405,5.162375047802925,2.841256558895111,16.72029122710228,2.6907678693532944,0.1013241708278656,22.410188801586628,38.851301,0.222318,466.776708,466.55439,129.493792,69.390705,144.115119,0.488053,19.652791,1.806069,114.233149,3.758862,144.157829,145.621359,20.983808517456055,38.613671000000004,72.45437,1.059616,9.353778,29.259893,61.792764,0.623447,10.661606,1.223576,0.08184,3.695383,114.163394,1.582368016242981,20.98454475402832,17.10492706298828,61.77811050415039,0.6113280057907104,10.647711753845215,1.12608003616333,0.08643200248479843,3.68393611907959,114.10294342041016,39,0.0,39578,488191,487979,40
live_a15__favorable_stable,15,split_noae_uint4_q7000,FAVORABLE_STABLE,1066,ue288_live_a15__favorable_stable:1066,331,23.069574996829033,1789019274.7349849,True,False,False,4,39757,1789019274823732500,1789019274823951467,40,1789019275159988037,1789019275276804281,1789019275276912271,1789019275370415225,1789019275486921128,1789019275488426030,40,0,41.74560494720936,16.287638805806637,1.8127448856830597,21.103649400174618,2.3846356198191643,0.09005796164274216,25.439457967877388,63.008403,0.218967,453.071781,452.852814,116.816244,93.610944,116.461266,0.526092,35.50464,1.806075,73.017971,3.061845,116.505903,118.010805,15.397215843200684,18.571386,52.855492999999996,0.134482,10.072252,8.499134,43.649328,0.593454,9.206165,0.604416,0.061674,3.042744,72.959157,0.12556800246238708,15.404255867004395,3.1569600105285645,43.6343994140625,0.5797759890556335,9.195199966430664,0.5939840078353882,0.07558400183916092,3.0293118953704834,72.9158706665039,38,0.0,39586,488539,488327,40
live_a15__favorable_stable,15,split_noae_uint4_q7000,FAVORABLE_STABLE,1068,ue288_live_a15__favorable_stable:1068,333,23.16957499831915,1789019274.850191,True,False,False,4,40791,1789019274885263448,1789019274885495978,40,1789019275282439365,1789019275409516350,1789019275409634849,1789019275488439963,1789019275593219280,1789019275600852971,40,0,34.68224871903658,15.259381383657455,1.8690871074795723,15.119022689759731,2.2969376295804977,0.0890735536813736,19.428755156695843,15.52514,0.23253,524.252902,524.020372,127.076985,78.923613,104.735241,0.497639,21.71743,1.974907,72.65441,2.697417,104.779317,112.413008,23.483552932739258,30.150222,39.492469,0.294666,8.964264,21.185958,22.988647,1.890628,16.503822,0.551323,0.06757,2.683996,72.584845,0.2850559949874878,23.4902400970459,6.6493120193481445,23.98863983154297,0.8799039721488953,16.487712860107422,0.5398399829864502,0.07868800312280655,2.6742401123046875,72.49510192871094,39,0.0,39624,488554,488342,40
live_a15__favorable_stable,15,split_noae_uint4_q7000,FAVORABLE_STABLE,1070,ue288_live_a15__favorable_stable:1070,335,23.269574999809265,1789019274.938224,True,False,False,4,40819,1789019274977921384,1789019274978134848,40,1789019275414432156,1789019275530564334,1789019275530655151,1789019275600868263,1789019275702729821,1789019275710657267,40,0,29.967520385980606,10.218028910458088,2.4320008233189583,14.264887198805809,2.8932858258485794,0.11140666902065277,19.76227853447199,19.821002,0.213464,552.64295,552.429486,116.132178,70.303929,101.806452,0.434186,21.939321,1.831599,72.829739,2.945579,101.861558,109.789004,20.60540771484375,26.032698,39.1943,0.171627,7.78708,18.245618,22.888021,1.065818,16.306279,3.966951,0.078467,2.905347,72.754108,0.16022400557994843,20.606111526489258,5.315135955810547,22.873151779174805,1.054368019104004,16.29427146911621,3.9547200202941895,0.08326400071382523,2.894399881362915,72.69602966308594,39,0.0,39652,488045,487833,40
live_a15__favorable_stable,15,split_noae_uint4_q7000,FAVORABLE_STABLE,1072,ue288_live_a15__favorable_stable:1072,337,23.36957500129938,1789019275.039076,False,,,4,,1789019275095739639,1789019275096005735,40,,,,,,,,,48.78866299986839,22.44354784488678,3.7732888013124466,19.866972230374813,2.5746216997504234,0.09103026241064072,26.35557483881712,30.184104,0.266096,,,,,,,,,,,,,,,,,,,,,,,,,,,,,,,,,,,,,0.0,39625,488239,488027,40
live_a15__favorable_stable,15,split_noae_uint4_q7000,FAVORABLE_STABLE,1074,ue288_live_a15__favorable_stable:1074,339,23.469575002789497,1789019275.1564887,True,False,False,4,42909,1789019275362088365,1789019275365355735,40,1789019275604957793,1789019275666038483,1789019275666141941,1789019275710673167,1789019275883610345,1789019275893456903,40,0,196.06867618858814,20.341028459370136,37.28601336479187,134.25809238106012,2.791290171444416,0.0958787277340889,174.4876094162464,30.451751,3.26737,303.950118,300.682748,61.08069,44.634684,172.876332,0.448311,26.55652,2.761069,134.360504,4.282563,172.937178,182.783736,20.216896057128906,41.994673999999996,88.60954199999999,1.890124,9.849708,32.144966,72.92651,0.565657,15.683032,1.055034,0.068661,4.262843,134.292861,2.935904026031494,20.217632293701172,20.7325439453125,72.91081237792969,0.5540159940719604,15.671135902404785,1.0427520275115967,0.07846400141716003,3.2104640007019043,134.23452758789062,41,0.0,39632,488117,487905,40
live_a15__favorable_stable,15,split_noae_uint4_q7000,FAVORABLE_STABLE,1078,ue288_live_a15__favorable_stable:1078,343,23.66957500576973,1789019275.3325572,False,,,4,,1789019275450687449,1789019275451241478,40,,,,,,,,,104.62582297623158,0.004565343260765076,6.512193940579891,56.84434063732624,2.390339970588684,0.09409245103597641,65.89418929070234,18.893434,0.554029,,,,,,,,,,,,,,,,,,,,,,,,,,,,,,,,,,,,,0.0,39641,489764,489552,40
live_a15__favorable_stable,15,split_noae_uint4_q7000,FAVORABLE_STABLE,1080,ue288_live_a15__favorable_stable:1080,345,23.769575007259846,1789019275.4687808,False,,,4,,1789019275554367594,1789019275554838480,40,,,,,,,,,27.219461277127266,0.005611218512058258,2.314678393304348,20.52925806492567,4.197007045149803,0.10439567267894745,27.197997085750103,41.940623,0.470886,,,,,,,,,,,,,,,,,,,,,,,,,,,,,,,,,,,,,0.0,39640,489514,489302,40
live_a15__favorable_stable,15,split_noae_uint4_q7000,FAVORABLE_STABLE,1082,ue288_live_a15__favorable_stable:1082,347,23.869575008749962,1789019275.5903628,True,False,True,4,46057,1789019275662070892,1789019275662286685,40,1789019275796124173,1789019275853989971,1789019275854455953,1789019275893472590,1789019275993935769,1789019275995216341,40,0,61.246429570019245,19.076800905168056,3.896847367286682,32.65962563455105,2.9373066499829292,0.09468570351600647,39.65579904615879,31.931675,0.215793,191.919079,191.703286,57.865798,39.482619,100.415477,0.439248,21.361963,1.784372,71.034982,3.29859,100.463179,101.743751,15.423487663269043,26.337289999999996,42.812401,0.148344,8.498553,17.838737,28.15222,0.527881,14.660181,0.973576,0.069275,3.28253,70.967397,0.1398719996213913,15.4301118850708,10.897151947021484,28.137792587280273,0.5167999863624573,14.648575782775879,0.9624959826469421,0.07583999633789062,3.2633280754089355,70.91327667236328,44,0.0,39630,490377,490165,40
live_a15__favorable_stable,15,split_noae_uint4_q7000,FAVORABLE_STABLE,1084,ue288_live_a15__favorable_stable:1084,349,23.969575010240078,1789019275.7095625,False,,,4,,1789019275799783125,1789019275805915176,40,,,,,,,,,60.160196386277676,18.306496553122997,4.6057384461164474,34.437947906553745,2.451571635901928,0.0916365534067154,41.77574161440134,48.195266,6.132051,,,,,,,,,,,,,,,,,,,,,,,,,,,,,,,,,,,,,0.0,39604,488171,487959,40
live_a15__favorable_stable,15,split_noae_uint4_q7000,FAVORABLE_STABLE,1086,ue288_live_a15__favorable_stable:1086,351,24.069575011730194,1789019275.7832966,True,False,True,4,39778,1789019275859248077,1789019275859731644,40,1789019275915532456,1789019275970725104,1789019275971286093,1789019275995229831,1789019276168810030,1789019276170015546,40,0,62.60040868073702,0.007224269211292267,2.890867181122303,16.59400202333927,2.346562221646309,0.09035784751176834,21.964837796986103,30.896875,0.483567,111.477027,110.99346,55.192648,24.504727,173.536578,0.446784,46.912065,2.844144,116.866683,2.654345,173.580199,174.785715,21.728416442871094,30.004861000000002,84.51128100000001,0.749331,10.054814,19.950047,70.540231,0.506995,13.97105,0.545082,0.06711,2.639874,116.798866,0.8480960130691528,21.72915267944336,8.174880027770996,70.52278137207031,0.49487999081611633,13.959839820861816,0.5337600111961365,0.07657600194215775,2.629983901977539,116.43020629882812,38,0.0,39622,487854,487642,40
live_a15__favorable_stable,15,split_noae_uint4_q7000,FAVORABLE_STABLE,1088,ue288_live_a15__favorable_stable:1088,353,24.16957501322031,1789019275.8512821,True,False,True,4,41832,1789019275915984568,1789019275916852271,40,1789019275971349538,1789019276040260635,1789019276040371957,1789019276170032084,1789019276320901361,1789019276325970820,40,0,40.223365649580956,0.005032867193222046,3.512706607580185,14.06459417194128,2.3564230650663376,0.09404122829437256,20.066799595952034,35.627764,0.867703,124.276067,123.408364,68.911097,129.771449,150.817005,0.795649,23.115062,3.220578,116.396877,4.294018,150.869277,155.938736,24.685344696044922,37.600328000000005,75.355816,1.548124,11.625529,25.974799,66.970854,0.721513,8.384962,0.875186,0.085721,4.269254,116.309399,1.6633599996566772,24.686080932617188,12.797856330871582,66.95155334472656,0.7055040001869202,8.370816230773926,0.8613759875297546,0.4153600037097931,4.0008320808410645,116.565185546875,40,0.0,39640,489490,489278,40
live_a15__favorable_stable,15,split_noae_uint4_q7000,FAVORABLE_STABLE,1090,ue288_live_a15__favorable_stable:1090,355,24.269575014710426,1789019275.954619,False,,,4,,1789019276128860700,1789019276129327447,40,,,,,,,,,147.87739422172308,20.250282250344753,6.186275742948055,112.2622573748231,8.114270865917206,0.09261816740036011,126.71640887856483,47.326776,0.466747,,,,,,,,,,,,,,,,,,,,,,,,,,,,,,,,,,,,,0.0,39620,489642,489430,40
live_a15__favorable_stable,15,split_noae_uint4_q7000,FAVORABLE_STABLE,1094,ue288_live_a15__favorable_stable:1094,359,24.46957501769066,1789019276.1430995,True,False,True,4,46986,1789019276206585136,1789019276207032460,40,1789019276237267416,1789019276295661158,1789019276295769231,1789019276325991127,1789019276487798249,1789019276493213714,40,0,47.20244184136391,13.514929451048374,6.320600397884846,17.882167361676693,2.3916205391287804,0.09265821427106857,26.75518114119768,36.560611,0.447324,89.076022,88.628698,58.393742,30.329969,161.746385,0.473405,53.205031,2.038497,92.913298,5.343284,161.807122,167.222587,26.184703826904297,38.534113000000005,51.922278,0.212823,17.798064,20.736049,34.028402,1.088043,17.893876,0.82956,0.10583,5.295121,92.824735,0.20156799256801605,26.194047927856445,12.327903747558594,34.00940704345703,0.9327679872512817,17.877824783325195,0.8142399787902832,0.09539200365543365,5.010496139526367,92.7495346069336,45,0.0,39617,489216,489004,40
live_a15__favorable_stable,15,split_noae_uint4_q7000,FAVORABLE_STABLE,1096,ue288_live_a15__favorable_stable:1096,361,24.569575019180775,1789019276.2440171,False,,,4,,1789019276338281349,1789019276338883570,40,,,,,,,,,44.730983674526215,13.223444111645222,7.334575988352299,19.198658876121044,2.3586954921483994,0.0880388543009758,29.036611318588257,64.564287,0.602221,,,,,,,,,,,,,,,,,,,,,,,,,,,,,,,,,,,,,0.0,39633,488768,488556,40
live_a15__favorable_stable,15,split_noae_uint4_q7000,FAVORABLE_STABLE,1098,ue288_live_a15__favorable_stable:1098,363,24.66957502067089,1789019276.3304794,True,False,True,4,38772,1789019276379446837,1789019276379903502,40,1789019276424561008,1789019276487561039,1789019276487699671,1789019276493235531,1789019276618379548,1789019276623002344,40,0,35.95034312456846,0.003766268491744995,4.75581269711256,11.809850111603737,2.3863567039370537,0.09651016443967819,19.098973833024502,20.993934,0.456665,108.114202,107.657537,63.000031,5.674492,125.084447,0.481441,25.691702,1.969337,91.605513,2.644588,125.144017,129.766813,20.57651138305664,28.030789000000002,57.373702,1.231556,7.866585,20.164204,49.637878,1.199177,7.735824,3.511651,0.083653,2.628025,91.529573,2.3932480812072754,20.57823944091797,6.288288116455078,49.62144088745117,1.1870720386505127,7.723392009735107,3.4985599517822266,0.07964800298213959,2.6180479526519775,91.4714584350586,37,0.0,39644,488551,488339,40
live_a15__favorable_stable,15,split_noae_uint4_q7000,FAVORABLE_STABLE,1100,ue288_live_a15__favorable_stable:1100,365,24.769575022161007,1789019276.4297793,True,False,True,4,34490,1789019276489295926,1789019276489731252,40,1789019276504324195,1789019276630308929,1789019276630452253,1789019276630591644,1789019276765268699,1789019276769481085,40,0,42.41862054914236,14.88863117992878,5.069258622825146,19.939464516937733,2.3257341235876083,0.09726360440254211,27.495105750858784,31.911737,0.435326,141.013003,140.577677,125.984734,0.282715,134.604099,0.498042,23.547047,2.542806,103.341186,2.416667,134.677055,138.889441,17.86854362487793,27.115822,74.495525,0.211337,14.499593,12.616229,67.610298,0.515402,6.885227,0.524965,0.072084,2.400592,103.26448,0.19679999351501465,17.876928329467773,9.226207733154297,67.5923843383789,0.5032960176467896,6.872672080993652,0.5139840245246887,0.08035200089216232,2.405184030532837,102.98767852783203,33,0.0,39595,488576,488364,40
live_a15__favorable_stable,15,split_noae_uint4_q7000,FAVORABLE_STABLE,1102,ue288_live_a15__favorable_stable:1102,367,24.869575023651123,1789019276.5441096,True,False,True,4,36621,1789019276593914214,1789019276594483941,40,1789019276635600252,1789019276771649733,1789019276771755281,1789019276771770722,1789019276887306454,1789019276890466919,40,0,44.973695650696754,23.483233526349068,3.123931586742401,15.851028263568878,2.3559806868433952,0.09382609277963638,21.48636244237423,28.212745,0.569727,177.735519,177.165792,136.049481,0.120989,115.475911,0.586096,28.018625,2.228634,80.073119,2.343453,115.535732,118.696197,16.298112869262695,27.079159,51.22197,0.160749,8.494301,18.584858,34.998585,0.802345,16.223385,0.565107,0.068804,2.328918,80.005802,0.15212799608707428,16.30499267578125,10.766079902648926,34.98387145996094,0.7892799973487854,16.211200714111328,0.5539199709892273,0.07974400371313095,2.3336000442504883,79.94751739501953,35,0.0,39591,488370,488158,40
live_a15__favorable_stable,15,split_noae_uint4_q7000,FAVORABLE_STABLE,1104,ue288_live_a15__favorable_stable:1104,369,24.96957502514124,1789019276.6302907,True,False,True,4,40815,1789019276689484219,1789019276689711519,40,1789019276778281677,1789019276912423817,1789019276912534229,1789019276912554825,1789019277026931664,1789019277028245362,40,0,40.924232453107834,11.800700798630714,4.731210879981518,21.866019815206528,2.342240884900093,0.08736085146665573,29.09866999834776,29.969184,0.2273,222.939598,222.712298,134.14214,0.131008,114.322793,0.460298,19.433674,2.733123,83.614208,3.098428,114.376839,115.690537,20.39449691772461,24.604804,56.183059,1.42141,13.453321,11.151483,49.518123,0.56041,6.664936,0.590635,0.06662,3.082693,83.541616,1.648800015449524,20.395200729370117,3.980832099914551,49.500640869140625,0.5432000160217285,6.650207996368408,0.5803840160369873,0.07347200065851212,3.070591926574707,83.47708892822266,39,0.0,39603,488786,488574,40
live_a15__favorable_stable,15,split_noae_uint4_q7000,FAVORABLE_STABLE,1106,ue288_live_a15__favorable_stable:1106,371,25.069575026631355,1789019276.7323802,True,False,True,4,46094,1789019276807787307,1789019276808021305,40,1789019276913236690,1789019277052908682,1789019277053008193,1789019277053431352,1789019277185866922,1789019277187228497,40,0,48.97752683609724,14.196974225342274,7.964449003338814,23.458772338926792,3.2164016738533974,0.08965842425823212,34.79094337671995,40.471168,0.233998,245.121375,244.887377,139.671992,0.52267,132.370698,0.433923,34.392614,1.82809,88.295136,3.503428,132.43557,133.797145,17.115007400512695,34.945205,45.22153,0.856628,8.458394,26.486811,26.219415,0.519479,19.002115,6.214108,0.100351,3.481828,88.133882,2.341439962387085,17.11667251586914,16.338560104370117,26.20476722717285,0.5071679949760437,18.989120483398438,6.199359893798828,0.08928000181913376,3.4662399291992188,87.90294647216797,44,0.0,39605,488562,488350,40
live_a15__favorable_stable,15,split_noae_uint4_q7000,FAVORABLE_STABLE,1108,ue288_live_a15__favorable_stable:1108,373,25.16957502812147,1789019276.8332856,True,False,True,4,41886,1789019276889681906,1789019276889915823,40,1789019277054337852,1789019277194980964,1789019277195096590,1789019277195118670,1789019277314987257,1789019277316300029,40,0,38.85843884199858,11.063708923757076,10.391070507466793,13.223719783127308,4.06119879335165,0.08820369839668274,27.81682461500168,28.480549,0.233917,305.299058,305.065141,140.643112,0.137706,119.814663,0.450802,26.66951,1.8564,83.650518,2.91916,119.868587,121.181359,20.003103256225586,25.519371,49.741394,1.419036,10.003583,15.515788,34.378369,6.078361,15.363025,0.661557,0.069119,2.906503,83.585358,2.582047939300537,20.003807067871094,4.350175857543945,35.34899139404297,5.096896171569824,15.349568367004395,0.6499840021133423,0.0783040001988411,2.8967039585113525,83.53388977050781,40,0.0,39624,489514,489302,40
live_a15__favorable_stable,15,split_noae_uint4_q7000,FAVORABLE_STABLE,1110,ue288_live_a15__favorable_stable:1110,375,25.269575029611588,1789019276.9312572,True,False,False,4,37642,1789019277030872581,1789019277032233402,40,1789019277196330985,1789019277332838022,1789019277332944131,1789019277332963305,1789019277455204142,1789019277456537336,40,0,40.04746675491333,6.607837975025177,7.9673295840620995,20.295877009630203,3.8473354652523994,0.3568492829799652,33.3332484588027,66.116354,1.360821,301.965441,300.60462,136.507037,0.125283,122.188248,0.486691,15.622878,2.149958,96.477698,2.774762,122.240837,123.574031,19.20150375366211,24.126455999999997,68.507046,1.446086,8.019794,16.106662,58.986412,0.645602,9.520634,1.509381,0.068897,2.760101,96.407244,2.582751989364624,19.203296661376953,3.7879679203033447,58.97324752807617,0.6339840292930603,9.509183883666992,1.4986560344696045,0.07983999699354172,2.7179839611053467,96.35430145263672,36,0.0,39609,488350,488138,40
live_a15__favorable_stable,15,split_noae_uint4_q7000,FAVORABLE_STABLE,1112,ue288_live_a15__favorable_stable:1112,377,25.369575031101704,1789019277.0455987,True,False,False,4,37710,1789019277127930970,1789019277135431708,40,1789019277334145326,1789019277474847223,1789019277474966160,1789019277475051397,1789019277571537725,1789019277572915605,40,0,41.20541363954544,11.657429859042168,5.08558563888073,21.79852034896612,2.4827057495713234,0.5608676001429558,29.995108023285866,51.822991,7.500738,346.916253,339.415515,140.701897,0.204174,96.426422,0.637888,15.064766,2.040847,74.233319,2.673749,96.486328,97.864208,22.635488510131836,40.170436,31.738526,1.067894,7.783012,32.387424,24.788118,0.487508,6.950408,0.523992,0.068876,2.658127,74.163964,1.4178880453109741,22.636192321777344,17.18035125732422,24.770591735839844,0.4736959934234619,6.939743995666504,0.5117440223693848,0.07209599763154984,2.646496057510376,74.09964752197266,36,0.0,39602,487598,487386,40
live_a15__favorable_stable,15,split_noae_uint4_q7000,FAVORABLE_STABLE,1114,ue288_live_a15__favorable_stable:1114,379,25.46957503259182,1789019277.1258125,True,False,False,4,39799,1789019277190628927,1789019277190920412,40,1789019277475955134,1789019277608606295,1789019277608694649,1789019277608718781,1789019277768710514,1789019277770169758,40,0,48.66040404886007,0.003932975232601166,2.577885054051876,18.84151715785265,5.139542743563652,0.12408662587404251,26.747732423245907,27.815041,0.291485,417.977368,417.685883,132.651161,0.112486,159.902614,0.486252,53.240205,2.179105,99.105134,2.511121,159.991733,161.450977,23.312959671020508,32.3949,64.466704,0.345632,8.256317,24.138583,55.823138,0.585343,8.643566,1.048482,0.067394,2.497611,99.039123,0.3424000144004822,23.313663482666016,8.925087928771973,55.808414459228516,0.574400007724762,8.447039604187012,1.0314240455627441,0.07395199686288834,2.488352060317993,98.98521423339844,38,0.0,39607,487903,487691,40
live_a15__favorable_stable,15,split_noae_uint4_q7000,FAVORABLE_STABLE,1116,ue288_live_a15__favorable_stable:1116,381,25.569575034081936,1789019277.2362118,True,False,False,4,39747,1789019277344236657,1789019277344595088,40,1789019277611449069,1789019277730090856,1789019277730184046,1789019277770183321,1789019277873206364,1789019277876697272,40,0,56.24692514538765,13.325859792530537,9.102837182581425,28.066827915608883,5.51151018589735,0.1293513923883438,42.87557024508715,65.025925,0.358431,385.854199,385.495768,118.641787,40.092465,102.983562,0.466845,29.096676,1.92245,65.574469,2.544869,103.023043,106.513951,15.484448432922363,20.233560999999998,42.907628,0.290395,7.784667,12.448894,31.226302,0.521359,11.681326,1.388818,0.068891,2.53251,65.508547,0.28169599175453186,15.491616249084473,4.7317118644714355,31.213056564331055,0.5102400183677673,11.667648315429688,1.3750720024108887,0.07929600030183792,2.524672031402588,65.4590072631836,38,0.0,39606,488573,488361,40
live_a15__favorable_stable,15,split_noae_uint4_q7000,FAVORABLE_STABLE,1118,ue288_live_a15__favorable_stable:1118,383,25.669575035572052,1789019277.36366,True,False,False,4,41808,1789019277474295841,1789019277474579645,40,1789019277735377829,1789019277864265773,1789019277864391741,1789019277876710241,1789019278000114563,1789019278001312276,40,0,57.458861730992794,17.900888808071613,2.758398652076721,31.3093364238739,5.342641845345497,0.20949728786945343,39.68370798975229,70.843051,0.283804,389.969932,389.686128,128.887944,12.444468,123.366133,0.471874,20.351458,2.188992,93.794369,3.045943,123.404322,124.602035,21.52022361755371,34.203045,57.491507,0.169553,8.709489,25.493556,47.584084,0.531045,9.907423,1.157913,0.064702,3.030703,93.72843,0.16016000509262085,21.526752471923828,12.666015625,47.567230224609375,0.5188800096511841,9.896191596984863,1.147711992263794,0.07807999849319458,3.02128005027771,93.66812896728516,40,0.0,39622,488774,488562,40
live_a15__favorable_stable,15,split_noae_uint4_q7000,FAVORABLE_STABLE,1120,ue288_live_a15__favorable_stable:1120,385,25.769575037062168,1789019277.4416075,True,False,False,4,38602,1789019277540892646,1789019277541104947,40,1789019277870103310,1789019278006479847,1789019278006579624,1789019278006596828,1789019278119614374,1789019278120736283,40,0,83.46836641430855,0.0033406540751457214,11.249900795519352,18.750429153442383,2.42704339325428,0.09973812848329544,32.58137684315443,32.976493,0.212301,465.587201,465.3749,136.376537,0.116981,112.968292,0.436154,16.082864,1.701259,90.452322,2.673786,113.017546,114.139455,22.73436737060547,29.296613,59.553995,0.208256,8.482867,20.813746,47.511106,0.517961,12.042889,0.632447,0.068887,2.660645,90.371885,0.20192000269889832,22.738079071044922,6.546175956726074,47.49571228027344,0.5066239833831787,12.031455993652344,0.6222720146179199,0.07891199737787247,2.6472959518432617,90.32182312011719,37,0.0,39633,488541,488329,40
live_a15__favorable_stable,15,split_noae_uint4_q7000,FAVORABLE_STABLE,1122,ue288_live_a15__favorable_stable:1122,387,25.869575038552284,1789019277.5301049,True,False,False,4,36605,1789019277608007453,1789019277608844635,40,1789019278012424224,1789019278147133029,1789019278147231461,1789019278148019794,1789019278229385003,1789019278230559782,40,0,55.290778167545795,0.004892237484455109,4.323670640587807,22.25734107196331,2.386626787483692,0.0865049660205841,29.109402559697628,37.347687,0.837182,539.125576,538.288394,134.708805,0.886765,81.310389,0.442957,15.899117,2.079713,56.4219,2.387168,81.365209,82.539988,16.713024139404297,21.595525000000002,31.760173,1.359692,8.138749,13.456776,25.416302,0.700191,6.343871,0.791179,0.057077,2.376672,56.361894,1.480064034461975,16.713727951049805,4.761312007904053,25.40438461303711,0.6872959733009338,6.332159996032715,0.781440019607544,0.0687360018491745,2.3690240383148193,56.31129455566406,35,0.0,39640,489102,488890,40
live_a15__favorable_stable,15,split_noae_uint4_q7000,FAVORABLE_STABLE,1124,ue288_live_a15__favorable_stable:1124,389,25.9695750400424,1789019277.6275015,True,False,False,4,42864,1789019277721725704,1789019277722217437,40,1789019278153097368,1789019278286952398,1789019278287053920,1789019278287088249,1789019278431038554,1789019278432412757,40,0,47.565437853336334,12.051311321556568,4.518536850810051,28.12252566218376,2.718016505241394,0.09854324162006378,35.531725734472275,58.587496,0.491733,565.226694,564.734961,133.85503,0.135851,143.885512,0.466102,17.106671,1.933715,118.777324,3.257518,143.950305,145.324508,26.542688369750977,40.377161,76.23035,0.157894,7.917296,32.459865,53.143132,0.528045,23.087218,1.021238,0.093147,3.236819,118.517086,0.14803199470043182,26.549184799194336,13.816032409667969,53.126625061035156,0.5171200037002563,23.074047088623047,1.0073280334472656,0.09046400338411331,3.1954240798950195,118.45404815673828,41,0.0,39645,488167,487955,40
live_a15__favorable_stable,15,split_noae_uint4_q7000,FAVORABLE_STABLE,1126,ue288_live_a15__favorable_stable:1126,391,26.069575041532516,1789019277.7318416,True,False,False,4,45990,1789019277794263761,1789019277795369816,40,1789019278287062521,1789019278372174121,1789019278372259855,1789019278432425488,1789019278549080095,1789019278555069472,40,0,43.95602364093065,9.229383431375027,5.990270525217056,22.180446423590183,3.8121314719319344,0.10763667523860931,32.17766899615526,30.011071,1.106055,577.91036,576.804305,85.1116,60.251367,116.606884,0.471645,14.234884,2.881266,92.099147,5.238274,116.654607,122.643984,22.814655303955078,32.166967,54.499914,0.176433,9.200267,22.9667,44.545649,3.282277,9.954265,1.692353,0.083894,5.211542,92.017913,0.16707199811935425,22.82134437561035,9.335968017578125,44.61715316772461,3.200767993927002,9.94108772277832,1.677567958831787,0.08057600259780884,5.1071038246154785,91.95033264160156,44,0.0,39627,489229,489017,40
live_a15__favorable_stable,15,split_noae_uint4_q7000,FAVORABLE_STABLE,1128,ue288_live_a15__favorable_stable:1128,393,26.169575043022633,1789019277.8359177,False,,,4,,1789019277888776491,1789019277889427039,40,,,,,,,,,35.53020488470793,12.279517017304897,2.264164388179779,18.373029306530952,2.446441911160946,0.14231260865926743,23.280717432498932,26.898481,0.650548,,,,,,,,,,,,,,,,,,,,,,,,,,,,,,,,,,,,,0.0,39609,489149,488937,40
live_a15__favorable_stable,15,split_noae_uint4_q7000,FAVORABLE_STABLE,1130,ue288_live_a15__favorable_stable:1130,395,26.26957504451275,1789019277.937948,True,False,False,4,43864,1789019277990630326,1789019277991077616,40,1789019278449477096,1789019278510636100,1789019278510735132,1789019278555087171,1789019278729093020,1789019278734948748,40,0,40.114772506058216,16.228127293288708,2.78482586145401,18.442947417497635,2.5267601013183594,0.15089381486177444,23.95547926425934,28.625718,0.44729,520.005774,519.558484,61.159004,44.451071,173.950383,0.5974,15.200724,2.078719,147.445976,4.091026,174.005849,179.861577,20.32294464111328,27.831659,110.55967600000001,1.047398,8.296429,19.53523,89.098419,4.93082,21.461257,2.642481,0.08507,4.067629,147.328285,2.157952070236206,20.32464027404785,6.39404821395874,89.24380493164062,4.77235221862793,21.44767951965332,2.630496025085449,0.0878399983048439,3.954751968383789,147.14303588867188,42,0.0,39631,489602,489390,40
live_a15__favorable_stable,15,split_noae_uint4_q7000,FAVORABLE_STABLE,1132,ue288_live_a15__favorable_stable:1132,397,26.369575046002865,1789019278.0481505,False,,,4,,1789019278092124004,1789019278093153752,40,,,,,,,,,45.07126100361347,23.136288858950138,2.8129788115620613,16.460363753139973,2.468169666826725,0.09282119572162628,21.888834424316883,21.921494,1.029748,,,,,,,,,,,,,,,,,,,,,,,,,,,,,,,,,,,,,0.0,39642,488863,488651,40
live_a15__favorable_stable,15,split_noae_uint4_q7000,FAVORABLE_STABLE,1134,ue288_live_a15__favorable_stable:1134,399,26.46957504749298,1789019278.144317,False,,,4,,1789019278203951612,1789019278204461320,40,,,,,,,,,34.61694810539484,7.519487291574478,2.120744436979294,21.974346600472927,2.8342213481664658,0.0949464738368988,27.077660895884037,32.416767,0.509708,,,,,,,,,,,,,,,,,,,,,,,,,,,,,,,,,,,,,0.0,39614,489126,488914,40
live_a15__favorable_stable,15,split_noae_uint4_q7000,FAVORABLE_STABLE,1136,ue288_live_a15__favorable_stable:1136,401,26.569575048983097,1789019278.2877579,True,False,False,4,41769,1789019278365164865,1789019278365644132,40,1789019278646286677,1789019278712635096,1789019278712719040,1789019278734965538,1789019278869028256,1789019278871600751,40,0,45.92418298125267,20.253549329936504,2.3530088365077972,20.452468656003475,2.6613371446728706,0.0972328707575798,25.63309296965599,51.658925,0.479267,347.470231,346.990964,66.348419,22.330442,134.008966,0.669134,52.743624,1.860983,73.822818,3.170074,134.062718,136.635213,23.02787208557129,38.050226,33.979231999999996,0.150431,10.302786,27.74744,25.789889,0.512848,8.189343,0.861584,0.073274,3.154395,73.727646,0.1420159935951233,23.03411293029785,15.006848335266113,25.775264739990234,0.5022720098495483,8.177375793457031,0.8480640053749084,0.07417599856853485,2.942336082458496,73.6674575805664,40,0.0,39612,489482,489270,40
live_a15__favorable_stable,15,split_noae_uint4_q7000,FAVORABLE_STABLE,1138,ue288_live_a15__favorable_stable:1138,403,26.669575050473213,1789019278.3923495,False,,,4,,1789019278469791920,1789019278470060479,40,,,,,,,,,53.71048394590616,13.109425082802773,5.181221291422844,28.90295907855034,6.378713995218277,0.0937124714255333,40.618148632347584,36.687138,0.268559,,,,,,,,,,,,,,,,,,,,,,,,,,,,,,,,,,,,,0.0,39642,489009,488797,40
live_a15__favorable_stable,15,split_noae_uint4_q7000,FAVORABLE_STABLE,1140,ue288_live_a15__favorable_stable:1140,405,26.76957505196333,1789019278.4838462,True,False,False,4,43965,1789019278574557658,1789019278575231120,40,1789019278773546523,1789019278829532388,1789019278829678132,1789019278871618732,1789019279049581786,1789019279052143969,40,0,61.034150421619415,13.441340997815132,3.5802023485302925,19.10652220249176,2.621685154736042,0.09387731552124023,25.450780987739563,65.167923,0.673462,254.97473,254.301268,55.985865,42.086344,177.90919,0.701386,15.658445,2.523467,151.092303,3.293312,177.963054,180.525237,27.283008575439453,44.856704,88.992611,0.385523,15.95993,28.896774,78.600838,15.761738,10.391773,0.648448,0.078454,3.273052,151.01011,0.18486399948596954,27.289823532104492,17.55241584777832,78.661376953125,15.685888290405273,10.37667179107666,0.635968029499054,0.0833280012011528,3.2272961139678955,150.8638153076172,42,0.0,39655,488817,488605,40
live_a15__favorable_stable,15,split_noae_uint4_q7000,FAVORABLE_STABLE,1142,ue288_live_a15__favorable_stable:1142,407,26.869575053453445,1789019278.630735,False,,,4,,1789019278730816835,1789019278731435221,40,,,,,,,,,54.66271284967661,21.057105623185635,5.671468563377857,24.480399675667286,2.8724269941449165,0.0974796712398529,33.26914459466934,66.648027,0.618386,,,,,,,,,,,,,,,,,,,,,,,,,,,,,,,,,,,,,0.0,39633,488740,488528,40
live_a15__favorable_stable,15,split_noae_uint4_q7000,FAVORABLE_STABLE,1144,ue288_live_a15__favorable_stable:1144,409,26.96957505494356,1789019278.6942184,False,,,4,,1789019278782297077,1789019278783004064,40,,,,,,,,,83.33074394613504,0.004858709871768951,1.7924988642334938,20.166042260825634,2.3681698366999626,0.09159557521343231,24.468029849231243,25.860117,0.706987,,,,,,,,,,,,,,,,,,,,,,,,,,,,,,,,,,,,,0.0,39638,488911,488699,40
live_a15__favorable_stable,15,split_noae_uint4_q7000,FAVORABLE_STABLE,1146,ue288_live_a15__favorable_stable:1146,411,27.069575056433678,1789019278.7608945,True,False,True,4,45034,1789019278869955784,1789019278870667246,40,1789019278948098906,1789019279008309241,1789019279008393957,1789019279052157140,1789019279175025800,1789019279185575583,40,0,65.45013189315796,0.004106201231479645,1.994425430893898,17.00449176132679,2.4286024272441864,0.08481647819280624,21.555159240961075,64.982113,0.711462,138.353457,137.641995,60.210335,43.847899,122.824004,0.518412,15.467092,2.113247,99.376856,3.664229,122.86866,133.418443,18.159679412841797,34.849740999999995,62.927626999999994,0.152201,9.40457,25.445171,55.701843,0.59854,7.225784,0.598963,0.072452,3.64263,99.299026,0.143327996134758,18.165727615356445,16.674047470092773,55.68697738647461,0.5862079858779907,7.213376045227051,0.5853440165519714,0.07580800354480743,3.1221120357513428,99.2422103881836,43,0.0,39635,489192,488980,40
live_a15__favorable_stable,15,split_noae_uint4_q7000,FAVORABLE_STABLE,1148,ue288_live_a15__favorable_stable:1148,413,27.169575057923794,1789019278.8899343,False,,,4,,1789019278968992398,1789019278969628168,40,,,,,,,,,59.05612464994192,18.700181506574154,4.374952986836433,31.366162933409214,2.6212558150291443,0.08721090853214264,38.505082949995995,40.433897,0.63577,,,,,,,,,,,,,,,,,,,,,,,,,,,,,,,,,,,,,0.0,39597,489109,488897,40
live_a15__favorable_stable,15,split_noae_uint4_q7000,FAVORABLE_STABLE,1150,ue288_live_a15__favorable_stable:1150,415,27.26957505941391,1789019278.9717429,True,False,True,4,38706,1789019279034653462,1789019279035296943,40,1789019279081113295,1789019279147084839,1789019279147165799,1789019279185591587,1789019279305078527,1789019279306301855,40,0,54.49855048209429,2.124256454408169,7.495281286537647,19.121614284813404,2.8262054547667503,0.30755531042814255,29.839777387678623,32.391162,0.643481,112.431377,111.787896,65.971544,38.506748,119.437257,0.498624,20.026521,2.004168,92.402622,2.608107,119.48694,120.710268,16.438112258911133,27.209604,60.058386,0.148282,8.672426,18.537178,45.611399,4.147275,14.446987,0.55999,0.117348,2.596306,92.338798,0.13996799290180206,16.45142364501953,10.740927696228027,46.38515090942383,3.360352039337158,14.43177604675293,0.5471680164337158,0.12275200337171555,2.5870399475097656,92.28479766845703,37,0.0,39614,488890,488678,40
live_a15__favorable_stable,15,split_noae_uint4_q7000,FAVORABLE_STABLE,1152,ue288_live_a15__favorable_stable:1152,417,27.369575060904026,1789019279.0367045,False,,,4,,1789019279113865438,1789019279114471820,40,,,,,,,,,53.285314701497555,0.783165916800499,5.679887719452381,30.334314331412315,3.3293263986706734,0.09648222476243973,39.62149377912283,37.441773,0.606382,,,,,,,,,,,,,,,,,,,,,,,,,,,,,,,,,,,,,0.0,39621,488817,488605,40
live_a15__favorable_stable,15,split_noae_uint4_q7000,FAVORABLE_STABLE,1154,ue288_live_a15__favorable_stable:1154,419,27.469575062394142,1789019279.1353066,True,False,True,4,41850,1789019279207978019,1789019279208294446,40,1789019279214657831,1789019279288415086,1789019279288519372,1789019279306319946,1789019279439709144,1789019279441603227,40,0,40.38025252521038,9.539163671433926,3.110921010375023,24.90940783172846,2.447882667183876,0.09490828961133957,30.622278340160847,41.945038,0.316427,80.437067,80.12064,73.757255,17.90486,133.345728,0.491566,15.183802,1.625193,108.929128,3.379623,133.389198,135.283281,20.88572883605957,29.052601,73.343255,0.289093,8.266039,20.786562,54.937685,0.60269,18.40557,5.363358,0.085277,3.360374,108.845957,0.2813439965248108,20.89276885986328,8.148544311523438,54.92262268066406,0.5911999940872192,18.392288208007812,5.349343776702881,0.08816000074148178,3.3411519527435303,108.78297424316406,40,0.0,39641,489037,488825,40
live_a15__favorable_stable,15,split_noae_uint4_q7000,FAVORABLE_STABLE,1156,ue288_live_a15__favorable_stable:1156,421,27.56957506388426,1789019279.2376323,True,False,True,4,45053,1789019279293435216,1789019279293655244,40,1789019279332593212,1789019279386101245,1789019279386199892,1789019279441617795,1789019279558726803,1789019279562282660,40,0,35.32002214342356,11.228245683014393,6.052803248167038,15.5348414555192,2.365304157137871,0.09164493530988693,24.09496158361435,31.509109,0.220028,92.666029,92.446001,53.508033,55.51655,117.066027,0.427768,17.863203,1.930435,91.652731,3.109894,117.109008,120.664865,20.907424926757812,26.704542,63.22421,0.282772,9.707947,16.996595,53.597438,0.608232,9.626772,0.594129,0.069381,3.090545,91.58647,0.27404800057411194,20.91449546813965,5.779232025146484,53.582496643066406,0.5963839888572693,9.614527702331543,0.5820479989051819,0.07782399654388428,3.0770881175994873,91.53372955322266,43,0.0,39653,489038,488826,40
live_a15__favorable_stable,15,split_noae_uint4_q7000,FAVORABLE_STABLE,1158,ue288_live_a15__favorable_stable:1158,423,27.669575065374374,1789019279.3297918,True,False,True,4,41862,1789019279378074892,1789019279378294921,40,1789019279386214442,1789019279443352316,1789019279443481804,1789019279562297263,1789019279692411959,1789019279693782752,40,0,40.13435635715723,10.740208439528942,4.927771165966988,21.99880313128233,2.3258989676833153,0.08815061300992966,29.398429207503796,18.708691,0.220029,65.277424,65.057395,57.137874,118.944947,130.065408,0.433445,18.590048,1.910504,103.928146,3.221017,130.114696,131.485489,21.18364715576172,39.609207999999995,61.492363000000005,0.150744,9.244601,30.364607,47.01599,1.773629,14.476373,0.660672,0.06911,3.206369,103.859828,0.1417279988527298,21.189855575561523,18.40764808654785,47.00099182128906,1.7610880136489868,14.462976455688477,0.648639976978302,0.0772479996085167,3.196063995361328,103.80159759521484,40,0.0,39613,488843,488631,40
live_a15__favorable_stable,15,split_noae_uint4_q7000,FAVORABLE_STABLE,1160,ue288_live_a15__favorable_stable:1160,425,27.76957506686449,1789019279.4301386,False,,,4,,1789019279477727122,1789019279477945493,40,,,,,,,,,38.737441413104534,12.124143540859222,3.2981112599372864,20.82256507128477,2.354927361011505,0.087798573076725,26.62045694887638,20.337333,0.218371,,,,,,,,,,,,,,,,,,,,,,,,,,,,,,,,,,,,,0.0,39619,489189,488977,40
live_a15__favorable_stable,15,split_noae_uint4_q7000,FAVORABLE_STABLE,1162,ue288_live_a15__favorable_stable:1162,427,27.869575068354607,1789019279.531503,True,False,True,4,44004,1789019279580489445,1789019279581090445,40,1789019279618390119,1789019279684115772,1789019279684215708,1789019279693794334,1789019279804781869,1789019279805977041,40,0,38.228511810302734,13.010641559958458,3.996143117547035,18.578912131488323,2.5125620886683464,0.08874479681253433,25.23079887032509,23.07792,0.601,103.626327,103.025327,65.725653,9.678562,110.945919,0.512861,12.814431,1.826369,88.950951,2.889059,110.987535,112.182707,23.12371253967285,31.780586999999997,52.105629,1.074283,10.599672,21.180915,34.132222,2.657364,17.973407,1.08781,0.073726,2.87225,88.881967,1.4603519439697266,23.12441635131836,8.271295547485352,34.11711883544922,2.6438400745391846,17.960128784179688,1.0754239559173584,0.08156800270080566,2.8609280586242676,88.82908630371094,42,0.0,39620,488961,488749,40
live_a15__favorable_stable,15,split_noae_uint4_q7000,FAVORABLE_STABLE,1164,ue288_live_a15__favorable_stable:1164,429,27.969575069844723,1789019279.625229,True,False,True,4,41912,1789019279662448183,1789019279662692486,40,1789019279688639561,1789019279755439665,1789019279755552779,1789019279805992179,1789019279904137576,1789019279906774828,40,0,29.41017970442772,11.171401478350163,1.977633684873581,13.749622739851475,2.3835767060518265,0.08357502520084381,18.243353813886642,18.866742,0.244303,92.991482,92.747179,66.800104,50.552514,98.109035,0.436843,34.737926,2.187679,55.792593,2.588012,98.145397,100.782649,20.573984146118164,23.32311,30.704061,0.50574,8.146837,15.176273,24.112612,0.533099,6.591449,0.503042,0.060396,2.552895,55.72774,0.4963200092315674,20.58095932006836,2.7318079471588135,24.10051155090332,0.5225600004196167,6.580128192901611,0.4939199984073639,0.0674239993095398,2.543776035308838,55.67068862915039,40,0.0,39588,489350,489138,40
live_a15__favorable_stable,15,split_noae_uint4_q7000,FAVORABLE_STABLE,1166,ue288_live_a15__favorable_stable:1166,431,28.06957507133484,1789019279.7476482,True,False,True,4,44981,1789019279842475856,1789019279843452195,40,1789019279889050717,1789019279941457860,1789019279941571829,1789019279941591999,1789019280079926097,1789019280081836548,40,0,51.81112885475159,23.560219444334507,8.90625175088644,16.741140745580196,2.4503404274582863,0.0892961397767067,28.247058391571045,66.463712,0.976339,98.982004,98.005665,52.407143,0.134139,138.278499,0.551097,17.741319,1.934438,112.907971,2.74545,138.334098,140.244549,23.953311920166016,31.439687999999997,80.007745,0.182341,11.728456,19.711232,70.68884,0.521492,9.318905,0.508431,0.065869,2.72986,112.840083,0.17123199999332428,23.961856842041016,7.465280055999756,70.67100524902344,0.5079360008239746,9.306367874145508,0.49856001138687134,0.08012799918651581,2.721791982650757,112.78015899658203,43,0.0,39592,489842,489630,40
live_a15__favorable_stable,15,split_noae_uint4_q7000,FAVORABLE_STABLE,1168,ue288_live_a15__favorable_stable:1168,433,28.169575072824955,1789019279.8327155,True,False,True,4,50293,1789019279896021789,1789019279896242106,40,1789019279942018294,1789019280014384098,1789019280014494491,1789019280081852695,1789019280220980106,1789019280222814149,40,0,36.41383443027735,0.0050691887736320496,4.263104870915413,12.404030188918114,2.3202383890748024,0.09040255099534988,19.12701688706875,32.751811,0.220317,118.362309,118.141992,72.365804,67.468597,139.085044,0.434955,27.587525,2.034485,101.623615,3.437489,139.127411,140.961454,23.67407989501953,31.220004000000003,67.562194,1.350772,7.078752,24.141252,55.422584,0.619838,12.13961,0.611063,0.070481,3.420136,101.547825,2.535007953643799,23.674816131591797,6.361087799072266,55.40972900390625,0.5324159860610962,12.127615928649902,0.5998079776763916,0.08025600016117096,3.4102399349212646,101.48236846923828,48,0.0,39619,489377,489165,40
live_a15__favorable_stable,15,split_noae_uint4_q7000,FAVORABLE_STABLE,1170,ue288_live_a15__favorable_stable:1170,435,28.26957507431507,1789019279.995248,True,False,True,4,51376,1789019280113737669,1789019280113959894,40,1789019280160563359,1789019280233314758,1789019280233423514,1789019280233448680,1789019280349529939,1789019280356079706,40,0,102.64278668910265,34.81281362473965,6.408119574189186,56.867423467338085,4.33717854321003,0.09068939834833145,67.76976864784956,49.59033,0.222225,119.577089,119.354864,72.751399,0.133922,115.997097,0.713822,10.703248,2.560212,96.371392,3.947516,116.081259,122.631026,22.370975494384766,34.123432,58.730331,0.367401,8.633391,25.490041,36.913168,1.232002,21.817163,1.491466,0.091144,3.921056,96.181688,0.26739200949668884,22.37820816040039,11.73100757598877,36.89731216430664,1.219167947769165,21.80473518371582,1.478943943977356,0.08790399879217148,3.903968095779419,96.0841293334961,49,0.0,39630,489010,488798,40
live_a15__favorable_stable,15,split_noae_uint4_q7000,FAVORABLE_STABLE,1172,ue288_live_a15__favorable_stable:1172,437,28.369575075805187,1789019280.056085,True,False,True,4,49222,1789019280192804158,1789019280193025979,40,1789019280233990469,1789019280315594852,1789019280315702239,1789019280356096449,1789019280472300696,1789019280473702619,40,0,99.1174653172493,0.004246830940246582,6.732805632054806,23.373630829155445,2.7172910049557686,0.22179726511240005,33.10929145663977,45.298871,0.221821,122.790694,122.568873,81.604383,40.501597,116.1538,0.444241,23.758248,2.865923,84.193682,3.196809,116.204247,117.60617,23.210464477539062,32.550698,49.817182,0.449606,10.107069,22.443629,40.527489,0.548356,9.289693,0.568729,0.080209,3.182076,84.120892,0.4403199851512909,23.21721649169922,9.320992469787598,40.50697708129883,0.5336319804191589,9.277983665466309,0.5564479827880859,0.08179199695587158,3.17193603515625,84.05728149414062,47,0.0,39626,488696,488484,40
live_a15__favorable_stable,15,split_noae_uint4_q7000,FAVORABLE_STABLE,1174,ue288_live_a15__favorable_stable:1174,439,28.469575077295303,1789019280.1478703,False,,,4,,1789019280294578559,1789019280294805883,40,,,,,,,,,96.23776003718376,0.004441477358341217,7.526815868914127,24.598855525255203,4.028503783047199,0.08043646812438965,36.29014641046524,64.851877,0.227324,,,,,,,,,,,,,,,,,,,,,,,,,,,,,,,,,,,,,0.0,39621,488480,488268,40
live_a15__favorable_stable,15,split_noae_uint4_q7000,FAVORABLE_STABLE,1176,ue288_live_a15__favorable_stable:1176,441,28.56957507878542,1789019280.2300658,True,False,True,4,40837,1789019280351420114,1789019280351671358,40,1789019280391184804,1789019280451540158,1789019280451653074,1789019280473715943,1789019280612603622,1789019280618351337,40,0,100.7076995447278,0.00395067036151886,3.4235669299960136,16.7723735794425,5.896523594856262,0.09915512055158615,26.524645276367664,29.653584,0.251244,100.120044,99.8688,60.355354,22.175785,138.839821,0.441592,16.256352,2.985296,114.533808,2.732564,138.887679,144.635394,23.61689567565918,35.852768999999995,74.710716,0.171175,9.887189,25.96558,63.969734,1.120852,10.740982,2.400406,0.084215,2.716341,114.449402,0.16233600676059723,23.62335968017578,12.219103813171387,64.14790344238281,0.9327999949455261,10.728447914123535,2.38755202293396,0.14582400023937225,2.7034881114959717,114.44393920898438,39,0.0,39630,489394,489182,40
live_a15__favorable_stable,15,split_noae_uint4_q7000,FAVORABLE_STABLE,1178,ue288_live_a15__favorable_stable:1178,443,28.669575080275536,1789019280.3404047,True,False,True,4,41877,1789019280421904870,1789019280422115647,40,1789019280457550722,1789019280519644113,1789019280519748298,1789019280618367452,1789019280751373969,1789019280756353228,40,0,49.05427806079388,0.004218891263008118,3.3033648505806923,29.304079711437225,2.3422809317708015,0.08949264883995056,35.108309239149094,33.120641,0.210777,97.739243,97.528466,62.093391,98.723339,132.956302,0.437294,13.882361,1.729601,110.829912,4.445656,133.006517,137.985776,15.588319778442383,18.168172,83.632403,0.22652,8.358775,9.809397,57.533229,5.944626,26.099174,2.606023,0.083868,4.423147,110.758542,0.3601920008659363,15.590592384338379,2.4431679248809814,57.52640151977539,5.931168079376221,26.084064483642578,2.594304084777832,0.08425600081682205,4.316319942474365,110.70320129394531,40,0.0,39632,488707,488495,40
live_a15__favorable_stable,15,split_noae_uint4_q7000,FAVORABLE_STABLE,1180,ue288_live_a15__favorable_stable:1180,445,28.76957508176565,1789019280.48546,False,,,4,,1789019280563478744,1789019280563798652,40,,,,,,,,,37.24892437458038,14.817462302744389,3.1444625928997993,15.958452597260475,2.3770099505782127,0.0896276906132698,21.623646840453148,56.189279,0.319908,,,,,,,,,,,,,,,,,,,,,,,,,,,,,,,,,,,,,0.0,39637,488513,488301,40
live_a15__favorable_stable,15,split_noae_uint4_q7000,FAVORABLE_STABLE,1182,ue288_live_a15__favorable_stable:1182,447,28.869575083255768,1789019280.568058,True,False,True,4,50332,1789019280649589189,1789019280650059154,40,1789019280691580179,1789019280753154478,1789019280753232373,1789019280756367523,1789019280866477174,1789019280870638186,40,0,46.361107379198074,3.9244191721081734,3.097248263657093,15.602665022015572,2.3140115663409233,0.086992047727108,21.15186769515276,60.292723,0.469965,103.565289,103.095324,61.574299,3.213045,110.056244,0.441454,15.246835,1.875103,85.085621,3.473214,110.109651,114.270663,19.570751190185547,34.130282,47.958725,1.44581,9.439027,24.691255,40.715349,0.532503,7.243376,0.781985,0.067102,3.448988,85.015659,2.58841609954834,19.57244873046875,13.416223526000977,40.69987106323242,0.5208320021629333,7.231935977935791,0.7712000012397766,0.07081600278615952,3.4359679222106934,84.9576644897461,48,0.0,39628,488618,488406,40
live_a15__favorable_stable,15,split_noae_uint4_q7000,FAVORABLE_STABLE,1184,ue288_live_a15__favorable_stable:1184,449,28.969575084745884,1789019280.671911,True,False,True,4,51348,1789019280740175291,1789019280740643117,40,1789019280754820329,1789019280816061247,1789019280816167008,1789019280870653201,1789019280982500731,1789019280983821054,40,0,35.94832308590412,12.151705101132393,1.6755210235714912,19.559631124138832,2.3388704285025597,0.10116212069988251,23.721640929579735,44.440389,0.467826,75.885956,75.41813,61.240918,54.591954,111.800198,0.443097,13.057363,1.871397,91.019221,3.379244,111.84753,113.167853,22.549184799194336,26.284653,53.092155999999996,0.376812,8.593601,17.691052,45.244355,3.173868,7.847801,7.835297,0.080587,3.360929,90.948361,0.23420800268650055,22.556352615356445,3.716639995574951,45.293888092041016,3.1122560501098633,7.833280086517334,7.821536064147949,0.08489599823951721,3.211199998855591,90.89158630371094,49,0.0,39603,488481,488269,40
live_a15__favorable_stable,15,split_noae_uint4_q7000,FAVORABLE_STABLE,1186,ue288_live_a15__favorable_stable:1186,451,29.069575086236,1789019280.7485547,True,False,True,4,52385,1789019280832986503,1789019280833470784,40,1789019280867745382,1789019280936281748,1789019280936362735,1789019280983834232,1789019281088440493,1789019281091382412,40,0,59.967076405882835,7.622993551194668,5.365260876715183,26.070643216371536,3.073454834520817,0.1070760190486908,34.67605356127024,49.652306,0.484281,103.295245,102.810964,68.536366,47.552484,104.562389,0.451148,17.583856,1.91309,79.428205,3.425627,104.606261,107.54818,18.11452865600586,26.23728,44.89126,0.167773,9.341166,16.896114,32.096561,2.631323,12.794699,5.255252,0.07889,3.40566,79.360164,0.15859200060367584,18.120832443237305,8.106752395629883,32.0813102722168,2.617664098739624,12.782464027404785,5.237760066986084,0.08339200168848038,3.3927359580993652,79.30668640136719,50,0.0,39611,489359,489147,40
live_a15__favorable_stable,15,split_noae_uint4_q7000,FAVORABLE_STABLE,1188,ue288_live_a15__favorable_stable:1188,453,29.169575087726116,1789019280.840734,False,,,4,,1789019280926970356,1789019280927438078,40,,,,,,,,,33.94439071416855,6.970579735934734,3.450852818787098,16.137552447617054,2.3234058171510696,0.09071361273527145,22.054186090826988,64.084635,0.467722,,,,,,,,,,,,,,,,,,,,,,,,,,,,,,,,,,,,,0.0,39619,489558,489346,40
live_a15__favorable_stable,15,split_noae_uint4_q7000,FAVORABLE_STABLE,1190,ue288_live_a15__favorable_stable:1190,455,29.269575089216232,1789019280.927986,True,False,True,4,48275,1789019280979997970,1789019280980214808,40,1789019281011271641,1789019281084313567,1789019281084392918,1789019281091399878,1789019281211420837,1789019281214146447,40,0,33.62986631691456,0.0026440247893333435,3.467249684035778,18.878399394452572,2.713124267756939,0.0949520617723465,25.19944217056036,26.653094,0.216838,104.315597,104.098759,73.041926,7.086311,119.978677,0.455476,17.851951,2.360166,94.505276,3.150493,120.020959,122.746569,21.786367416381836,31.205387,59.068009,0.147327,9.550398,21.654989,44.552629,3.333032,14.51538,0.519819,0.067411,3.136719,94.438852,0.13868799805641174,21.792448043823242,9.404031753540039,44.5399055480957,3.3208320140838623,14.501248359680176,0.5085440278053284,0.07891199737787247,3.0630719661712646,94.389404296875,46,0.0,39612,489826,489614,40
live_a15__favorable_stable,15,split_noae_uint4_q7000,FAVORABLE_STABLE,1192,ue288_live_a15__favorable_stable:1192,457,29.36957509070635,1789019281.0329213,True,False,True,4,45092,1789019281098453479,1789019281098683840,40,1789019281136891895,1789019281205193725,1789019281205298852,1789019281214158682,1789019281351437212,1789019281353134379,40,0,43.32893993705511,16.944045200943947,5.541423335671425,18.2387912645936,2.4713780730962753,0.10978337377309799,26.419836096465588,38.997627,0.230361,106.740246,106.509885,68.30183,8.964957,137.230866,0.514732,15.74117,2.535474,113.698691,3.254199,137.27853,138.975697,22.981536865234375,27.334794000000002,84.78008,0.176513,7.661207,19.673587,74.658098,0.660648,10.121982,0.505643,0.063606,3.068633,113.62925,0.16758400201797485,22.98793601989746,4.334144115447998,74.64147186279297,0.6498559713363647,10.109824180603027,0.49507200717926025,0.07702399790287018,3.0588159561157227,113.56944274902344,43,0.0,39631,489138,488926,40
live_a15__favorable_stable,15,split_noae_uint4_q7000,FAVORABLE_STABLE,1194,ue288_live_a15__favorable_stable:1194,459,29.469575092196465,1789019281.1430986,True,False,True,4,53463,1789019281194802350,1789019281195032527,40,1789019281210158736,1789019281279422096,1789019281279500606,1789019281353147786,1789019281550119157,1789019281553734280,40,0,42.26242005825043,18.5839906334877,3.0959974974393845,17.602561973035336,2.8346478939056396,0.09667035192251205,23.680216632783413,27.914431,0.230177,84.619746,84.389569,69.26336,73.72569,196.9282,0.567439,17.054766,2.870848,169.916132,3.866659,196.971371,200.586494,21.964160919189453,29.732176,137.31319100000002,0.175271,10.897637,18.834539,128.902678,0.929565,8.410513,0.514466,0.063671,3.753956,168.834849,0.16601599752902985,21.97052764892578,7.7506561279296875,128.88645935058594,0.917568027973175,8.39907169342041,0.5040959715843201,0.07436800003051758,3.743488073348999,168.77587890625,51,0.0,39621,488168,487956,40
live_a15__favorable_stable,15,split_noae_uint4_q7000,FAVORABLE_STABLE,1196,ue288_live_a15__favorable_stable:1196,461,29.56957509368658,1789019281.2614918,False,,,4,,1789019281317952608,1789019281318170636,40,,,,,,,,,46.80378269404173,20.06405685096979,4.989190027117729,18.822808749973774,2.4937856942415237,0.09012129157781601,26.742213405668736,29.120279,0.218028,,,,,,,,,,,,,,,,,,,,,,,,,,,,,,,,,,,,,0.0,39642,489144,488932,40
live_a15__favorable_stable,15,split_noae_uint4_q7000,FAVORABLE_STABLE,1198,ue288_live_a15__favorable_stable:1198,463,29.669575095176697,1789019281.32569,True,False,True,4,48205,1789019281375553247,1789019281375956543,40,1789019281426394487,1789019281502245493,1789019281502331811,1789019281553747267,1789019281710139369,1789019281711808899,40,0,36.92906256765127,7.215018384158611,5.071582272648811,14.99428041279316,2.3684846237301826,0.09339023381471634,22.576256655156612,27.198566,0.403296,126.692246,126.28895,75.851006,51.501774,156.342788,0.668764,24.367866,2.215976,123.820317,3.657519,156.392102,158.061632,22.652799606323242,37.888098,82.975411,1.363874,9.234085,28.654013,69.852734,0.643914,13.122677,0.58779,0.065656,3.635849,123.628502,2.5107200145721436,22.65452766418457,14.084639549255371,69.83596801757812,0.6306880116462708,13.107839584350586,0.5760319828987122,0.0772159993648529,3.6212480068206787,123.5766372680664,46,0.0,39632,489191,488979,40
live_a15__favorable_stable,15,split_noae_uint4_q7000,FAVORABLE_STABLE,1200,ue288_live_a15__favorable_stable:1200,465,29.769575096666813,1789019281.4307256,True,False,True,4,49254,1789019281472786698,1789019281473025014,40,1789019281502340215,1789019281561368032,1789019281561463394,1789019281711823999,1789019281816348969,1789019281819717418,40,0,33.70197582989931,12.001951225101948,2.488858997821808,16.684722155332565,2.3852968588471413,0.08862931281328201,21.698380820453167,20.254514,0.238316,88.581334,88.343018,59.027817,150.455967,104.474291,0.497191,14.000951,1.963358,80.745978,3.457848,104.52497,107.893419,21.895423889160156,30.135582,48.640367,0.423031,8.937715,21.197867,38.316598,0.698639,10.323769,0.598141,0.068589,3.432983,80.681431,0.41328001022338867,21.901920318603516,8.220928192138672,38.30022430419922,0.6872320175170898,10.310815811157227,0.5863360166549683,0.07859200239181519,3.421344041824341,80.63075256347656,47,0.0,39613,489403,489191,40
live_a15__favorable_stable,15,split_noae_uint4_q7000,FAVORABLE_STABLE,1202,ue288_live_a15__favorable_stable:1202,467,29.86957509815693,1789019281.527455,False,,,4,,1789019281652412133,1789019281652635753,40,,,,,,,,,81.43734838813543,13.24639841914177,5.03290630877018,60.70109270513058,2.3230304941534996,0.08798576891422272,68.19602008908987,56.661932,0.22362,,,,,,,,,,,,,,,,,,,,,,,,,,,,,,,,,,,,,0.0,39643,488342,488130,40
live_a15__favorable_stable,15,split_noae_uint4_q7000,FAVORABLE_STABLE,1204,ue288_live_a15__favorable_stable:1204,469,29.969575099647045,1789019281.6431315,True,False,True,4,51424,1789019281698339128,1789019281698563235,40,1789019281744284845,1789019281800327818,1789019281800412742,1789019281819742611,1789019281979514128,1789019281981395251,40,0,50.503297708928585,0.004297122359275818,1.2837834656238556,19.56268586218357,2.3490292951464653,0.10277889668941498,23.343712091445923,21.922341,0.224107,101.98869,101.764583,56.042973,19.414793,159.684685,0.446587,74.085703,1.768574,75.038398,5.173862,159.771517,161.65264,14.688128471374512,17.251019,47.482296999999996,0.143793,8.480479,8.77054,37.92896,2.051354,9.553337,7.708647,0.075974,5.1579,74.857088,0.13519999384880066,14.694592475891113,2.5473599433898926,38.07881546020508,1.8925440311431885,9.537280082702637,7.694528102874756,1.982591986656189,3.3469440937042236,76.65878295898438,49,0.0,39604,489640,489428,40
live_a15__favorable_stable,15,split_noae_uint4_q7000,FAVORABLE_STABLE,1206,ue288_live_a15__favorable_stable:1206,471,30.06957510113716,1789019281.7343943,True,False,True,4,47157,1789019281823079325,1789019281823390315,40,1789019281862050564,1789019281927692438,1789019281927779115,1789019281981410463,1789019282099275224,1789019282102148089,40,0,90.24740662425756,18.648565746843815,19.83679085969925,49.1035720333457,2.4047549813985825,0.101456418633461,71.52372691780329,16.929812,0.31099,104.613113,104.302123,65.641874,53.718025,117.81383,0.449207,12.135962,2.671327,96.508931,3.676775,117.864761,120.737626,23.196640014648438,33.55583,50.404581,0.303625,8.947302,24.608528,39.267975,7.632115,11.136606,4.228803,0.182825,3.654598,96.420793,0.416703999042511,23.197343826293945,5.66044807434082,39.141727447509766,7.616991996765137,11.12179183959961,4.213856220245361,0.1167680025100708,3.47273588180542,96.38623809814453,45,0.0,39607,489255,489043,40
live_a15__favorable_stable,15,split_noae_uint4_q7000,FAVORABLE_STABLE,1208,ue288_live_a15__favorable_stable:1208,473,30.169575102627277,1789019281.832688,True,False,True,4,47160,1789019281965216914,1789019281965720837,40,1789019282002882059,1789019282069254446,1789019282069358750,1789019282102161420,1789019282217669198,1789019282219416612,40,0,105.77765945345163,1.0779006406664848,75.17122942954302,19.233823753893375,7.955742068588734,0.08473079651594162,102.4921890348196,28.770442,0.503923,104.037532,103.533609,66.372387,32.906974,114.81873,0.456288,13.733512,1.751383,94.220811,3.152693,115.507778,117.255192,22.522911071777344,33.335246,59.500812,0.14645,8.905725,24.429521,49.252937,0.503205,10.247875,0.510439,0.065592,3.132448,94.156266,0.1377280056476593,22.529727935791016,10.794624328613281,49.23769760131836,0.492576003074646,10.236960411071777,0.5,0.07075200229883194,3.1222400665283203,94.10115051269531,45,0.0,39613,489443,489231,40
live_a15__favorable_stable,15,split_noae_uint4_q7000,FAVORABLE_STABLE,1210,ue288_live_a15__favorable_stable:1210,475,30.269575104117393,1789019281.9471295,False,,,4,,1789019282033664745,1789019282033893429,40,,,,,,,,,55.502790957689285,0.004030764102935791,4.179998300969601,16.946393065154552,4.3373797088861465,0.09348243474960327,25.60654003173113,41.925699,0.228684,,,,,,,,,,,,,,,,,,,,,,,,,,,,,,,,,,,,,0.0,39590,489049,488837,40
live_a15__favorable_stable,15,split_noae_uint4_q7000,FAVORABLE_STABLE,1212,ue288_live_a15__favorable_stable:1212,477,30.36957510560751,1789019282.0416229,True,False,True,4,45047,1789019282102565638,1789019282102808107,40,1789019282144359922,1789019282205111568,1789019282206268161,1789019282219432303,1789019282352375586,1789019282353730545,40,0,46.47961352020502,7.690864615142345,5.520117469131947,23.99523463100195,2.5535160675644875,0.15386100858449936,32.8220147639513,27.726354,0.242469,102.54593,102.303461,60.751646,14.320735,132.894257,0.440196,22.247557,2.213473,101.931682,2.85139,132.943283,134.298242,23.080543518066406,42.878106,56.047829,0.351881,12.267238,30.610868,43.514957,1.410917,12.532872,0.982638,0.068891,2.835789,101.856868,0.4645119905471802,23.08140754699707,19.679168701171875,43.998687744140625,0.9161919951438904,12.521023750305176,0.9703360199928284,0.0796160027384758,2.8251841068267822,101.79353332519531,43,0.0,39623,489319,489107,40
live_a15__favorable_stable,15,split_noae_uint4_q7000,FAVORABLE_STABLE,1214,ue288_live_a15__favorable_stable:1214,479,30.469575107097626,1789019282.1466265,True,False,False,4,45065,1789019282195326198,1789019282195546845,40,1789019282206301633,1789019282242089634,1789019282242230334,1789019282353742891,1789019282708083389,1789019282720330244,40,0,43.24560519307852,21.053964272141457,2.4873940274119377,16.95743016898632,2.6039639487862587,0.08367281407117844,22.179672494530678,26.422438,0.220647,46.763436,46.542789,35.788001,111.653257,353.759884,0.546464,44.555694,1.773855,289.854777,12.132734,354.340498,366.587353,15.40617561340332,28.200807,234.20872500000002,1.154147,7.756248,20.444559,176.075927,15.085009,58.132798,9.315246,0.687754,12.103943,289.263256,1.7393280267715454,15.408096313476562,12.20348834991455,176.05833435058594,15.068575859069824,58.11686325073242,9.277664184570312,0.6823359727859497,12.085151672363281,289.2040710449219,43,0.0,39628,489488,489276,40
live_a15__favorable_stable,15,split_noae_uint4_q7000,FAVORABLE_STABLE,1216,ue288_live_a15__favorable_stable:1216,481,30.569575108587742,1789019282.2344015,False,,,4,,1789019282303544234,1789019282304004821,40,,,,,,,,,34.467400051653385,9.478835389018059,2.726810984313488,19.286664202809334,2.810862846672535,0.08987635374069214,24.972861632704735,44.061662,0.460587,,,,,,,,,,,,,,,,,,,,,,,,,,,,,,,,,,,,,0.0,39610,489526,489314,40
live_a15__favorable_stable,15,split_noae_uint4_q7000,FAVORABLE_STABLE,1218,ue288_live_a15__favorable_stable:1218,483,30.669575110077858,1789019282.3237152,False,,,4,,1789019282448716868,1789019282449075754,40,,,,,,,,,79.82823438942432,12.45173066854477,9.87736601382494,49.710627645254135,7.552391849458218,0.4523294046521187,67.65557546168566,56.66997,0.358886,,,,,,,,,,,,,,,,,,,,,,,,,,,,,,,,,,,,,0.0,39608,489171,488959,40
live_a15__favorable_stable,15,split_noae_uint4_q7000,FAVORABLE_STABLE,1220,ue288_live_a15__favorable_stable:1220,485,30.769575111567974,1789019282.4371607,False,,,4,,1789019282521940269,1789019282522215413,40,,,,,,,,,54.06575743108988,0.004393048584461212,4.002289846539497,32.8442994505167,6.819917820394039,0.39856787770986557,44.11626327782869,27.98614,0.275144,,,,,,,,,,,,,,,,,,,,,,,,,,,,,,,,,,,,,0.0,39622,488958,488746,40
live_a15__favorable_stable,15,split_noae_uint4_q7000,FAVORABLE_STABLE,1222,ue288_live_a15__favorable_stable:1222,487,30.86957511305809,1789019282.5387025,True,False,True,4,50340,1789019282611005832,1789019282611288945,40,1789019282641840425,1789019282673315260,1789019282673559892,1789019282720346777,1789019282861763982,1789019282866922470,40,0,56.87505565583706,10.75658667832613,3.975789062678814,34.58939678966999,7.415254600346088,0.12215226888656616,46.1498973891139,26.026936,0.283113,62.309428,62.026315,31.474835,47.031517,141.365406,0.435836,42.362503,1.814383,89.68504,3.498013,141.417205,146.575693,20.706687927246094,35.070039,51.489771,0.137669,8.009464,27.060575,42.70332,1.879183,8.786451,0.719548,0.22907,3.48096,89.619841,0.12883199751377106,20.713056564331055,14.345088005065918,42.68742370605469,1.8661760091781616,8.77558422088623,0.7082560062408447,0.22252799570560455,3.4667840003967285,89.56694030761719,48,0.0,39598,489853,489641,40
live_a15__favorable_stable,15,split_noae_uint4_q7000,FAVORABLE_STABLE,1224,ue288_live_a15__favorable_stable:1224,489,30.969575114548206,1789019282.627978,True,False,True,4,49351,1789019282700114583,1789019282700652418,40,1789019282733918848,1789019282764426826,1789019282764533175,1789019282866937049,1789019282981486179,1789019282985853077,40,0,56.90659675747156,11.286175809800625,4.24072053283453,30.45045118778944,10.492177680134773,0.127546489238739,45.38162238895893,26.64369,0.537835,64.312243,63.774408,30.507978,102.510223,114.501635,0.489325,24.365684,1.742927,80.123375,4.130831,114.54913,118.916028,16.22710418701172,27.435091,49.24024,1.213091,8.309609,19.125482,34.416354,1.37413,14.823886,0.601425,0.08184,4.113558,80.047464,2.2608320713043213,16.227840423583984,10.158271789550781,34.47673416137695,1.3019200563430786,14.81056022644043,0.5162879824638367,1.1132479906082153,3.133631944656372,81.02127838134766,47,0.0,39585,489589,489377,40
live_a15__favorable_stable,15,split_noae_uint4_q7000,FAVORABLE_STABLE,1226,ue288_live_a15__favorable_stable:1226,491,31.069575116038322,1789019282.724081,True,False,True,4,43046,1789019282817248843,1789019282817537015,40,1789019282850802505,1789019282878289222,1789019282878400170,1789019282985869518,1789019283099190293,1789019283108161157,40,0,56.90540187060833,11.516294442117214,3.366924822330475,35.32520588487387,6.545534357428551,0.1332610845565796,45.43587286025286,47.041315,0.288172,61.040379,60.752207,27.486717,107.580296,113.274727,0.519542,20.76801,3.113105,84.518361,2.776355,113.320775,122.291639,19.763328552246094,34.07409,47.922781,0.161097,9.97046,24.10363,35.022578,1.598077,12.900203,0.526772,0.069616,2.761578,84.452045,0.15113599598407745,19.769792556762695,14.294464111328125,34.91312026977539,1.585919976234436,12.889472007751465,0.5151360034942627,0.07763200253248215,2.7521920204162598,84.39836883544922,41,0.0,39612,489248,489036,40
live_a15__favorable_stable,15,split_noae_uint4_q7000,FAVORABLE_STABLE,1228,ue288_live_a15__favorable_stable:1228,493,31.16957511752844,1789019282.8269315,True,False,True,4,49297,1789019282973643932,1789019282973929987,40,1789019283009719293,1789019283036305272,1789019283036417435,1789019283108174421,1789019283220775817,1789019283223253328,40,0,119.85110677778721,9.003491140902042,9.358308278024197,86.01954579353333,9.694622829556465,0.6110994145274162,106.23847134411335,40.368946,0.286055,62.66134,62.375285,26.585979,71.869149,112.560688,0.457915,14.973954,1.85761,90.431031,3.338574,112.601396,115.078907,16.146656036376953,23.380664,59.380604,0.273149,7.998182,15.382482,49.357253,0.899456,10.023351,6.161262,0.115841,3.322072,90.360075,0.46937599778175354,16.14739227294922,7.035232067108154,49.34272003173828,0.8856639862060547,10.0098876953125,6.1440958976745605,0.28009599447250366,3.030463933944702,90.41725158691406,47,0.0,39618,490463,490251,40
live_a15__favorable_stable,15,split_noae_uint4_q7000,FAVORABLE_STABLE,1230,ue288_live_a15__favorable_stable:1230,495,31.269575119018555,1789019282.9245338,False,,,4,,1789019283056181073,1789019283056618212,40,,,,,,,,,101.59973613917828,0.004584901034832001,2.3081768304109573,33.53012353181839,4.648472182452679,0.1294417306780815,40.684981271624565,41.087802,0.437139,,,,,,,,,,,,,,,,,,,,,,,,,,,,,,,,,,,,,0.0,39629,489723,489511,40
live_a15__favorable_stable,15,split_noae_uint4_q7000,FAVORABLE_STABLE,1232,ue288_live_a15__favorable_stable:1232,497,31.36957512050867,1789019283.039996,True,False,True,4,49285,1789019283158804030,1789019283159083364,40,1789019283189153215,1789019283220633673,1789019283220727230,1789019283223264348,1789019283337837472,1789019283339762262,40,0,92.05247648060322,0.005095265805721283,3.0164653435349464,46.68202716857195,6.69014360755682,0.14751870185136795,57.122732512652874,44.052517,0.279334,61.829643,61.550309,31.480458,2.630675,114.528173,0.434311,14.026652,1.97103,93.024798,3.08543,114.573124,116.497914,22.94086456298828,27.289883,63.418559,1.093717,7.114664,20.175219,54.383033,0.500338,9.035526,0.504045,0.058006,3.072439,92.961485,1.0853439569473267,22.947616577148438,4.332736015319824,54.36969757080078,0.4891839921474457,9.024319648742676,0.49401599168777466,0.07398399710655212,3.063584089279175,92.91516876220703,47,0.0,39628,489839,489627,40
live_a15__favorable_stable,15,split_noae_uint4_q7000,FAVORABLE_STABLE,1234,ue288_live_a15__favorable_stable:1234,499,31.469575121998787,1789019283.1604934,True,False,True,4,46174,1789019283243734133,1789019283244018731,40,1789019283267057120,1789019283297541980,1789019283297655267,1789019283339778134,1789019283437530017,1789019283440953070,40,0,39.10397179424763,0.004559755325317383,5.078853107988834,24.663002230226994,9.21675469726324,0.13377517461776733,39.1647182404995,43.074108,0.284598,53.807847,53.523249,30.48486,42.236154,97.711154,0.446429,14.061092,2.187847,75.363847,3.058551,97.751883,101.174936,20.555904388427734,34.239205,38.598067,0.191699,8.284391,25.954814,28.224016,1.562852,10.374051,0.500825,0.059014,3.0438,75.303267,0.18323199450969696,20.562591552734375,13.66543960571289,28.21014404296875,1.5512959957122803,10.362784385681152,0.491456001996994,0.19200000166893005,2.9519999027252197,75.36774444580078,44,0.0,39629,489842,489630,40
live_a15__favorable_stable,15,split_noae_uint4_q7000,FAVORABLE_STABLE,1236,ue288_live_a15__favorable_stable:1236,501,31.569575123488903,1789019283.2669582,True,False,True,4,47210,1789019283315539772,1789019283315850817,40,1789019283344902843,1789019283376334831,1789019283376459980,1789019283440969592,1789019283546713925,1789019283549096272,40,0,53.103758953511715,22.568893618881702,3.0250251293182373,21.242396906018257,5.0679100677371025,0.12079812586307526,29.51218094676733,18.907511,0.311045,60.795059,60.484014,31.431988,64.634761,105.694359,0.442858,18.626141,2.441562,78.298476,3.069126,105.744333,108.12668,18.796480178833008,35.676893,41.216485999999996,0.169037,8.235347,27.441546,33.165645,0.498388,8.050841,0.491549,0.068344,3.008686,78.229725,0.15939199924468994,18.80303955078125,16.86297607421875,33.15039825439453,0.48716801404953003,8.03974437713623,0.48211199045181274,0.07983999699354172,2.9970879554748535,78.16828918457031,45,0.0,39638,489569,489357,40
live_a15__favorable_stable,15,split_noae_uint4_q7000,FAVORABLE_STABLE,1238,ue288_live_a15__favorable_stable:1238,503,31.66957512497902,1789019283.3337057,True,False,True,4,47169,1789019283408848463,1789019283409144479,40,1789019283442423287,1789019283470187268,1789019283470284313,1789019283549110594,1789019283682921449,1789019283684870594,40,0,55.443684570491314,13.279826380312443,3.162473440170288,32.66120422631502,6.189226172864437,0.4001567140221596,42.486113496124744,32.530011,0.296016,61.338805,61.042789,27.763981,78.923326,133.769286,0.440969,52.162429,2.011575,74.402825,2.85864,133.810855,135.76,22.028831481933594,33.071271,39.946186999999995,0.147173,7.912764,25.158507,24.228599,0.505347,15.717588,0.512012,0.05955,2.845516,74.336758,0.14025600254535675,22.03513526916504,11.024415969848633,24.214656829833984,0.4941760003566742,15.70633602142334,0.5029439926147461,0.07334399968385696,2.845151901245117,74.28924560546875,45,0.0,39646,489588,489376,40
live_a15__favorable_stable,15,split_noae_uint4_q7000,FAVORABLE_STABLE,1240,ue288_live_a15__favorable_stable:1240,505,31.769575126469135,1789019283.4356277,True,False,True,4,46093,1789019283505677280,1789019283505960153,40,1789019283539585972,1789019283590965772,1789019283591085832,1789019283684885590,1789019283797489114,1789019283801837678,40,0,62.18198500573635,15.250921249389648,5.517586134374142,35.69807857275009,5.56095689535141,0.11434592306613922,46.9472287222743,22.999983,0.282873,85.288492,85.005619,51.3798,93.919818,112.567051,0.436903,18.808679,1.821619,84.88072,2.789792,112.603524,116.952088,22.396127700805664,30.234701,53.018941,0.158185,7.046393,23.188308,38.476842,0.501489,14.542099,0.733894,0.064413,2.776944,84.813379,0.1491519957780838,22.404096603393555,7.819488048553467,38.46134567260742,0.4898560047149658,14.53052806854248,0.7232000231742859,0.07916799932718277,2.768320083618164,84.7619857788086,44,0.0,39647,489790,489578,40
live_a15__favorable_stable,15,split_noae_uint4_q7000,FAVORABLE_STABLE,1242,ue288_live_a15__favorable_stable:1242,507,31.86957512795925,1789019283.5325873,True,False,True,4,44072,1789019283708413736,1789019283708633208,40,1789019283725134974,1789019283759553339,1789019283759656694,1789019283801855671,1789019283904496337,1789019283906442370,40,0,141.0445673391223,10.699157603085041,28.456727974116802,90.94374068081379,8.493880741298199,0.14549866318702698,130.41988667100668,45.294533,0.219472,51.139603,50.920131,34.418365,42.302332,102.591558,0.510872,14.135121,5.311003,77.794389,3.112689,102.640666,104.586699,14.580927848815918,16.781391,56.041852000000006,0.81594,7.539079,9.242312,44.324063,1.94333,11.717789,1.612141,0.071538,3.093894,77.723318,0.7820159792900085,14.587424278259277,2.183840036392212,44.677886962890625,1.5820159912109375,11.678048133850098,1.5997120141983032,0.08038400113582611,3.082911968231201,77.66799926757812,42,0.0,39600,490100,489888,40
live_a15__favorable_stable,15,split_noae_uint4_q7000,FAVORABLE_STABLE,1244,ue288_live_a15__favorable_stable:1244,509,31.969575129449368,1789019283.641051,True,False,True,4,48185,1789019283828994137,1789019283829447898,40,1789019283856957541,1789019283891493072,1789019283891601780,1789019283906458594,1789019284023469967,1789019284025654233,40,0,152.30125933885574,0.0031795352697372437,7.292761467397213,51.92869529128075,6.349231116473675,0.09503122419118881,65.72719756513834,54.173718,0.453761,62.498935,62.045174,34.535531,14.965522,116.965436,0.509849,18.21415,2.478812,91.009878,2.916785,117.011373,119.195639,23.399776458740234,33.053526,51.19234,0.160919,7.88576,25.167766,44.309502,5.69004,6.882838,0.674892,0.067107,2.903635,90.940187,0.15174399316310883,23.406848907470703,9.635680198669434,44.29529571533203,5.678400039672852,6.869887828826904,0.6632000207901001,0.07568000257015228,2.894943952560425,90.88495635986328,46,0.0,39607,490143,489931,40
live_a15__favorable_stable,15,split_noae_uint4_q7000,FAVORABLE_STABLE,1246,ue288_live_a15__favorable_stable:1246,511,32.069575130939484,1789019283.7496839,False,,,4,,1789019283887938811,1789019283888326119,40,,,,,,,,,132.494630292058,0.005064532160758972,7.384524680674076,28.4441951662302,2.4306224659085274,0.09055063128471375,38.39889448136091,19.610761,0.387308,,,,,,,,,,,,,,,,,,,,,,,,,,,,,,,,,,,,,0.0,39664,489758,489546,40
live_a15__favorable_stable,15,split_noae_uint4_q7000,FAVORABLE_STABLE,1248,ue288_live_a15__favorable_stable:1248,513,32.1695751324296,1789019283.8632364,True,False,True,4,50352,1789019283938597982,1789019283939138488,40,1789019283971528482,1789019283999005782,1789019283999109077,1789019284025668645,1789019284130152824,1789019284132091615,40,0,62.144484370946884,0.3385161980986595,2.072056755423546,19.809093326330185,2.354975789785385,0.13749022036790848,24.431305937469006,24.839443,0.540506,60.4078,59.867294,27.4773,26.662863,104.443134,0.429241,20.230588,2.510929,75.504551,3.781369,104.484179,106.42297,22.60848045349121,31.860113,42.039837,0.148753,9.796482,22.063631,34.845231,0.508175,7.194606,0.544391,0.074765,3.762603,75.436087,0.14009599387645721,22.648672103881836,9.19696044921875,34.830753326416016,0.49689599871635437,7.182079792022705,0.5317760109901428,0.07817599922418594,3.750432014465332,75.37439727783203,48,0.0,39647,490060,489848,40
live_a15__favorable_stable,15,split_noae_uint4_q7000,FAVORABLE_STABLE,1250,ue288_live_a15__favorable_stable:1250,515,32.269575133919716,1789019283.9560509,True,False,True,4,50341,1789019284010113784,1789019284010585378,40,1789019284037413324,1789019284068731590,1789019284068845501,1789019284132104754,1789019284242162742,1789019284249371152,40,0,47.855290584266186,16.652489081025124,3.594023175537586,24.44836124777794,2.3276973515748978,0.10400637984275818,30.52629716694355,23.416864,0.471594,58.617806,58.146212,31.318266,63.373164,110.020076,0.434643,20.055056,2.039545,81.916065,3.008935,110.057988,117.266398,23.467456817626953,31.467667,48.97701,0.235162,7.453797,24.01387,39.907468,0.509601,9.069542,0.502826,0.06068,2.997233,81.852098,0.3592959940433502,23.469791412353516,7.865983963012695,39.89254379272461,0.4966079890727997,9.057791709899902,0.4930559992790222,0.07548800110816956,2.988960027694702,81.80271911621094,48,0.0,39634,489340,489128,40
live_a15__favorable_stable,15,split_noae_uint4_q7000,FAVORABLE_STABLE,1252,ue288_live_a15__favorable_stable:1252,517,32.36957513540983,1789019284.0336182,True,False,True,4,54537,1789019284085104077,1789019284085349608,40,1789019284115549460,1789019284148472651,1789019284148645460,1789019284249385399,1789019284365649260,1789019284367995006,40,0,40.5694916844368,11.66488230228424,4.242337308824062,22.074113599956036,2.423870377242565,0.096137635409832,28.888672590255737,22.489011,0.245531,63.368574,63.123043,32.923191,100.912748,116.224306,0.432162,14.533289,2.228404,93.973644,3.627238,116.263861,118.609607,18.131296157836914,29.910604999999997,62.610096,0.160617,8.644138,21.266467,52.498025,0.510922,10.112071,0.531686,0.069094,3.599581,93.906575,0.15379199385643005,18.1375675201416,11.76195240020752,52.480926513671875,0.4975999891757965,10.100640296936035,0.5207359790802002,0.07862400263547897,3.574336051940918,93.84041595458984,52,0.0,39632,490367,490155,40
live_a15__favorable_stable,15,split_noae_uint4_q7000,FAVORABLE_STABLE,1254,ue288_live_a15__favorable_stable:1254,519,32.46957513689995,1789019284.1432748,True,False,True,4,48244,1789019284228770476,1789019284229004610,40,1789019284261892515,1789019284291986709,1789019284292086934,1789019284368007667,1789019284492664687,1789019284498507568,40,0,54.87347673624754,13.525217771530151,6.1968183144927025,28.37009821087122,6.640259176492691,0.09561236947774887,41.369074024260044,44.021914,0.234134,63.216233,62.982099,30.094194,76.020958,124.610863,0.444627,17.562449,1.641363,97.501622,4.508934,124.65702,130.499901,20.193824768066406,41.166818,49.422603,2.351641,7.210913,33.955905,26.272034,0.93358,23.150569,3.37167,0.079616,4.486533,97.42654,3.5727360248565674,20.194528579711914,19.750463485717773,26.253503799438477,0.9127039909362793,23.138559341430664,3.358527898788452,0.08403199911117554,4.471712112426758,97.36799621582031,46,0.0,39654,490307,490095,40
live_a15__favorable_stable,15,split_noae_uint4_q7000,FAVORABLE_STABLE,1256,ue288_live_a15__favorable_stable:1256,521,32.569575138390064,1789019284.2284794,False,,,4,,1789019284319173808,1789019284319400861,40,,,,,,,,,54.150694981217384,0.003351829946041107,6.976244039833546,30.46674933284521,2.8598951175808907,0.09319651871919632,40.455080568790436,49.267293,0.227053,,,,,,,,,,,,,,,,,,,,,,,,,,,,,,,,,,,,,0.0,39641,489667,489455,40
live_a15__favorable_stable,15,split_noae_uint4_q7000,FAVORABLE_STABLE,1258,ue288_live_a15__favorable_stable:1258,523,32.66957513988018,1789019284.3272064,True,False,True,4,49279,1789019284431456757,1789019284431716939,40,1789019284463409482,1789019284498000872,1789019284498106433,1789019284498518675,1789019284616004234,1789019284618172636,40,0,59.348760172724724,10.606387630105019,6.749678403139114,27.10760571062565,9.406511671841145,0.13601966202259064,43.4780465438962,57.555857,0.260182,66.544115,66.283933,34.59139,0.517803,117.436422,0.439729,28.485293,2.028808,79.466411,3.448836,117.485559,119.653961,22.691007614135742,31.302823000000004,46.050705,0.164178,8.740595,22.562228,38.352644,0.586585,7.698061,1.119928,0.06803,3.430839,79.3974,0.15478399395942688,22.69718360900879,8.595359802246094,38.33580780029297,0.5752000212669373,7.687327861785889,1.1088000535964966,0.07321599870920181,3.4187839031219482,79.3334732055664,47,0.0,39609,489943,489731,40
live_a15__favorable_stable,15,split_noae_uint4_q7000,FAVORABLE_STABLE,1260,ue288_live_a15__favorable_stable:1260,525,32.7695751413703,1789019284.4347804,True,False,True,4,52360,1789019284487648948,1789019284487877531,40,1789019284498147774,1789019284528667236,1789019284528836549,1789019284618190895,1789019284740968609,1789019284743197863,40,0,38.74892834573984,2.8469720855355263,4.329044371843338,15.847056172788143,2.3749182000756264,0.0909753143787384,22.689483128488064,29.964411,0.228583,41.018288,40.789705,30.519462,89.523659,122.727885,0.438218,27.008213,1.734894,86.911012,4.575778,122.777714,125.006968,23.73529624938965,40.674679000000005,37.121648,0.150823,7.167191,33.507488,26.616076,7.400551,10.505572,1.210909,0.070339,4.518012,86.838974,0.1404159963130951,23.74224090576172,16.92416000366211,26.60211181640625,7.387904167175293,10.490431785583496,1.1990400552749634,0.07811199873685837,3.396480083465576,87.94572448730469,50,0.0,39616,490493,490281,40
live_a15__favorable_stable,15,split_noae_uint4_q7000,FAVORABLE_STABLE,1262,ue288_live_a15__favorable_stable:1262,527,32.86957514286041,1789019284.5284586,True,False,True,4,47242,1789019284572018163,1789019284572257903,40,1789019284598893489,1789019284632736699,1789019284632852806,1789019284743210873,1789019284856929370,1789019284859255352,40,0,37.367177195847034,13.746521435678005,6.2551358714699745,14.785085804760456,2.4403324350714684,0.08875783532857895,23.628308437764645,19.825305,0.23974,60.718536,60.478796,33.84321,110.474174,113.674192,0.53736,15.211201,2.28684,90.330196,3.352582,113.718497,116.044479,18.345184326171875,28.113332999999997,57.893967,0.51712,8.070928,20.042405,44.905662,2.898559,12.988305,0.643213,0.084181,3.331929,90.25599,0.6847360134124756,18.345888137817383,9.599712371826172,44.89139175415039,2.8865599632263184,12.974592208862305,0.6310080289840698,0.08211199939250946,3.3207359313964844,90.19558715820312,45,0.0,39631,490059,489847,40
live_a15__favorable_stable,15,split_noae_uint4_q7000,FAVORABLE_STABLE,1264,ue288_live_a15__favorable_stable:1264,529,32.96957514435053,1789019284.6360314,True,False,True,4,46184,1789019284695756592,1789019284696000897,40,1789019284722242552,1789019284756932790,1789019284757060099,1789019284859269601,1789019285009150305,1789019285010891663,40,0,41.23012721538544,13.212981633841991,5.252388305962086,17.951599322259426,4.451306536793709,0.09583029896020889,27.808413840830326,31.761095,0.244305,61.176198,60.931893,34.690238,102.336811,149.835314,0.443459,50.793351,2.138632,87.358877,2.9177,149.880704,151.622062,21.754432678222656,24.232594,56.679504,0.140566,7.76953,16.463064,50.810262,5.60323,5.869242,0.494202,0.058446,2.904749,87.300026,0.1324480026960373,21.760927200317383,2.4590399265289307,51.94579315185547,4.458687782287598,5.858687877655029,0.484607994556427,0.069023996591568,2.8963520526885986,87.2524185180664,44,0.0,39640,489778,489566,40
live_a15__favorable_stable,15,split_noae_uint4_q7000,FAVORABLE_STABLE,1266,ue288_live_a15__favorable_stable:1266,531,33.069575145840645,1789019284.726292,False,,,4,,1789019284795025503,1789019284795255774,40,,,,,,,,,41.25780612230301,12.941515073180199,5.041440017521381,17.403680831193924,5.745532922446728,0.11971686035394669,28.37333269417286,40.242011,0.230271,,,,,,,,,,,,,,,,,,,,,,,,,,,,,,,,,,,,,0.0,39642,489153,488941,40
live_a15__favorable_stable,15,split_noae_uint4_q7000,FAVORABLE_STABLE,1268,ue288_live_a15__favorable_stable:1268,533,33.16957514733076,1789019284.8242955,True,False,True,4,46081,1789019284874651384,1789019284874872512,40,1789019284914011170,1789019284956181173,1789019284956286275,1789019285010906080,1789019285128353182,1789019285130981728,40,0,37.30960004031658,9.614123962819576,4.636120982468128,20.565137267112732,2.3485608398914337,0.09593088179826736,27.705020271241665,22.291483,0.221128,81.529789,81.308661,42.170003,54.724907,117.40427,0.432157,12.287402,2.088319,95.269401,4.112872,117.447102,120.075648,20.344928741455078,26.298696,59.818849,1.076613,8.371574,17.927122,51.402888,0.49172,8.415961,7.344584,0.072743,4.085098,95.203874,2.594304084777832,20.346656799316406,4.435679912567139,51.38825607299805,0.4779840111732483,8.404576301574707,7.3330559730529785,0.08320000022649765,4.071392059326172,95.15087890625,44,0.0,39628,489331,489119,40
live_a15__favorable_stable,15,split_noae_uint4_q7000,FAVORABLE_STABLE,1270,ue288_live_a15__favorable_stable:1270,535,33.26957514882088,1789019284.941995,True,False,True,4,51352,1789019284986616929,1789019284986849275,40,1789019285028067380,1789019285078941856,1789019285079058757,1789019285130994277,1789019285244587821,1789019285247382006,40,0,44.05017010867596,24.744052439928055,2.913540229201317,13.906121253967285,2.332325093448162,0.10056700557470322,19.299833104014397,24.476772,0.232346,92.324927,92.092581,50.874476,52.052421,113.551331,0.495608,29.410966,2.554218,75.54897,3.754424,113.593544,116.387729,19.585376739501953,28.378196000000003,38.486715000000004,0.568215,7.980806,20.39739,28.53752,7.154329,9.949195,0.714378,0.069744,3.737574,75.480153,0.8469120264053345,19.58608055114746,8.511615753173828,29.537343978881836,6.145887851715088,9.936415672302246,0.7041280269622803,0.07823999971151352,3.7285759449005127,75.42012786865234,49,0.0,39609,489388,489176,40
live_a15__favorable_stable,15,split_noae_uint4_q7000,FAVORABLE_STABLE,1272,ue288_live_a15__favorable_stable:1272,537,33.36957515031099,1789019285.0398731,True,False,True,4,49236,1789019285087189710,1789019285087548057,40,1789019285125750095,1789019285159123898,1789019285159223048,1789019285247399197,1789019285391623551,1789019285395839211,40,0,32.6508954167366,8.061251603066921,3.8290712982416153,13.92357051372528,6.683167070150375,0.15651527792215347,24.642537347972393,22.387825,0.358347,71.934188,71.575841,33.373803,88.275299,144.177205,0.676789,39.198121,2.001262,92.560526,4.907238,144.224354,148.440014,21.764223098754883,32.955925,53.02969,0.162191,7.843705,25.11222,36.399539,4.283337,16.630151,1.57668,0.379896,4.888815,92.492889,0.15244799852371216,21.771520614624023,11.107711791992188,36.4892463684082,4.182528018951416,16.61302375793457,1.5657600164413452,1.97542405128479,3.343519926071167,94.02092742919922,47,0.0,39624,489294,489082,40
live_a15__favorable_stable,15,split_noae_uint4_q7000,FAVORABLE_STABLE,1274,ue288_live_a15__favorable_stable:1274,539,33.46957515180111,1789019285.1268756,False,,,4,,1789019285197946196,1789019285198177481,40,,,,,,,,,44.02187746018171,11.521099135279655,5.357618443667889,24.51421320438385,2.489538863301277,0.09059254080057144,32.51645993441343,38.433748,0.231285,,,,,,,,,,,,,,,,,,,,,,,,,,,,,,,,,,,,,0.0,39646,489489,489277,40
live_a15__favorable_stable,15,split_noae_uint4_q7000,FAVORABLE_STABLE,1276,ue288_live_a15__favorable_stable:1276,541,33.569575153291225,1789019285.231673,True,False,True,4,48215,1789019285292191087,1789019285292898022,40,1789019285332417389,1789019285368677880,1789019285368810355,1789019285395852833,1789019285550616437,1789019285555142114,40,0,39.34936784207821,11.169045232236385,1.8607787787914276,22.999313659965992,3.126933239400387,0.09327568113803864,28.182207606732845,32.028514,0.706935,76.486793,75.779858,36.260491,27.174953,154.721829,0.4329,47.607647,3.568482,97.871539,2.96945,154.763604,159.289281,21.069536209106445,37.492317,58.238417999999996,0.172134,8.465273,29.027044,45.94956,0.958344,12.288858,0.731317,0.06766,2.956501,97.807888,0.1605439931154251,21.07651138305664,16.404319763183594,46.4169921875,0.4835200011730194,12.277215957641602,0.7192000150680542,0.0764160007238388,2.946592092514038,97.7083511352539,46,0.0,39633,490123,489911,40
live_a15__favorable_stable,15,split_noae_uint4_q7000,FAVORABLE_STABLE,1278,ue288_live_a15__favorable_stable:1278,543,33.66957515478134,1789019285.3295748,True,False,True,4,45046,1789019285375862114,1789019285376209280,40,1789019285417208204,1789019285453432269,1789019285453509855,1789019285555156765,1789019285690596059,1789019285694356258,40,0,36.06369439512491,11.514398269355297,3.540809266269207,18.38093437254429,2.4922210723161697,0.09157136082649231,24.559108540415764,21.625023,0.347166,77.570155,77.222989,36.224065,101.724496,135.390557,0.441812,34.89742,1.906908,92.376212,3.995829,135.439294,139.199493,21.393280029296875,36.59108,54.397073,0.147999,7.765146,28.825934,43.835221,0.511496,10.561852,0.510506,0.061336,3.983404,92.313175,0.1390399932861328,21.399423599243164,15.18131160736084,43.81990432739258,0.49884799122810364,10.550911903381348,0.5004479885101318,0.07664000242948532,2.8889598846435547,92.2681884765625,43,0.0,39618,490452,490240,40
live_a15__favorable_stable,15,split_noae_uint4_q7000,FAVORABLE_STABLE,1280,ue288_live_a15__favorable_stable:1280,545,33.76957515627146,1789019285.4422414,False,,,4,,1789019285495358048,1789019285495589251,40,,,,,,,,,45.7257516682148,19.743933342397213,4.4282060116529465,19.053629599511623,2.3399805650115013,0.08562207221984863,25.973191484808922,27.050013,0.231203,,,,,,,,,,,,,,,,,,,,,,,,,,,,,,,,,,,,,0.0,39632,489541,489329,40
live_a15__favorable_stable,15,split_noae_uint4_q7000,FAVORABLE_STABLE,1282,ue288_live_a15__favorable_stable:1282,547,33.869575157761574,1789019285.5248084,True,False,True,4,50316,1789019285594932120,1789019285595150614,40,1789019285629955751,1789019285662431589,1789019285662513279,1789019285694371606,1789019285825927680,1789019285833992937,40,0,43.00855752080679,11.882206425070763,11.692087166011333,16.535398550331593,2.7664555236697197,0.09236112236976624,31.147505156695843,38.885476,0.218494,67.499469,67.280975,32.475838,31.940017,131.515277,0.430713,25.04335,2.686613,97.800008,3.000276,131.556074,139.621331,22.100704193115234,28.850112000000003,67.501694,0.157391,8.197303,20.652809,51.076429,0.495871,16.425265,0.575003,0.06067,2.987449,97.738885,0.15113599598407745,22.109024047851562,6.727680206298828,51.06089782714844,0.4852159917354584,16.412927627563477,0.5644800066947937,0.07340800017118454,2.998271942138672,97.68726348876953,48,0.0,39615,489836,489624,40
live_a15__favorable_stable,15,split_noae_uint4_q7000,FAVORABLE_STABLE,1284,ue288_live_a15__favorable_stable:1284,549,33.96957515925169,1789019285.6310241,True,False,True,4,49226,1789019285677974232,1789019285678229198,40,1789019285716052112,1789019285749571756,1789019285749681930,1789019285834010050,1789019285957319727,1789019285959257557,40,0,32.83883910626173,11.42631471157074,1.9804518669843674,16.56229328364134,2.7373814955353737,0.09303074330091476,21.427285857498646,25.323025,0.254966,71.597524,71.342558,33.519644,84.438294,123.245822,0.440596,21.86981,1.772475,94.061613,3.447177,123.309677,125.247507,20.805631637573242,35.146368,56.967996,0.154005,8.435169,26.711199,49.208903,0.686002,7.759093,0.859953,0.067726,3.428219,93.986759,0.14534400403499603,20.812671661376953,14.322239875793457,49.19257736206055,0.6727039813995361,7.747392177581787,0.8493760228157043,0.17081600427627563,3.3731839656829834,94.0222396850586,47,0.0,39587,489880,489668,40
live_a15__favorable_stable,15,split_noae_uint4_q7000,FAVORABLE_STABLE,1286,ue288_live_a15__favorable_stable:1286,551,34.069575160741806,1789019285.746424,True,False,True,4,44078,1789019285795880026,1789019285796116913,40,1789019285833412621,1789019285867593193,1789019285867697953,1789019285959272156,1789019286086321376,1789019286089743268,40,0,45.35538889467716,21.707648411393166,4.378351382911205,16.81065373122692,2.3190006613731384,0.08789170533418655,23.64200819283724,25.637311,0.236887,71.713167,71.47628,34.180572,91.678963,127.000581,0.437008,24.221592,2.102043,94.856848,3.472453,127.04922,130.471112,21.239295959472656,38.657378,54.635977999999994,0.168664,7.935235,30.722143,32.028805,0.513378,22.607173,0.561311,0.070818,3.450441,94.725551,0.15971200168132782,21.24630355834961,17.396703720092773,32.01148986816406,0.5020480155944824,22.594303131103516,0.5484799742698669,0.07983999699354172,3.437983989715576,94.65379333496094,42,0.0,39589,489715,489503,40
live_a15__favorable_stable,15,split_noae_uint4_q7000,FAVORABLE_STABLE,1288,ue288_live_a15__favorable_stable:1288,553,34.16957516223192,1789019285.8325682,False,,,4,,1789019285902262489,1789019285902497039,40,,,,,,,,,48.192135989665985,21.319744177162647,1.6270726919174194,22.578181698918343,2.5143753737211227,0.12508686631917953,26.90601535141468,42.661009,0.23455,,,,,,,,,,,,,,,,,,,,,,,,,,,,,,,,,,,,,0.0,39618,489718,489506,40
live_a15__favorable_stable,15,split_noae_uint4_q7000,FAVORABLE_STABLE,1290,ue288_live_a15__favorable_stable:1290,555,34.26957516372204,1789019285.923094,True,False,True,4,47190,1789019285972240258,1789019285972493527,40,1789019285979269926,1789019286025013584,1789019286025113277,1789019286089760362,1789019286190714238,1789019286194761373,40,0,27.854910120368004,3.803132101893425,5.284753628075123,15.511912293732166,3.141217865049839,0.08844304829835892,24.07905552536249,24.967362,0.253269,52.773326,52.520057,45.743658,64.746778,100.910314,0.490873,14.695738,1.654166,77.949645,2.890707,100.953876,105.001011,19.256256103515625,27.064121999999998,48.901298,0.209602,7.314362,19.74976,29.146342,0.833112,19.754956,0.688678,0.077101,2.875064,77.874612,0.201664000749588,19.262496948242188,7.790272235870361,29.12940788269043,0.8198080062866211,19.73967933654785,0.675711989402771,0.08495999872684479,2.8649280071258545,77.82173156738281,45,0.0,39611,488623,488411,40
live_a15__favorable_stable,15,split_noae_uint4_q7000,FAVORABLE_STABLE,1292,ue288_live_a15__favorable_stable:1292,557,34.369575165212154,1789019286.029433,True,False,True,4,45095,1789019286095698380,1789019286096689363,40,1789019286134357891,1789019286167026420,1789019286167108904,1789019286194775915,1789019286315311065,1789019286319357170,40,0,40.78973177820444,12.463442049920559,8.871360681951046,16.980967484414577,2.3178281262516975,0.09084772318601608,28.32109108567238,37.728723,0.990983,71.32804,70.337057,32.668529,27.749495,120.469995,0.438038,38.503949,2.001838,74.138862,3.434473,120.53515,124.581255,22.274080276489258,39.931484,32.801973,0.165777,8.233353,31.698131,26.487775,0.500764,6.314198,0.512748,0.066021,3.343392,74.075773,0.15670399367809296,22.28112030029297,17.637088775634766,26.472896575927734,0.4907200038433075,6.302815914154053,0.5023999810218811,0.07257600128650665,3.3354880809783936,74.02185821533203,43,0.0,39593,489817,489605,40
live_a15__favorable_stable,15,split_noae_uint4_q7000,FAVORABLE_STABLE,1294,ue288_live_a15__favorable_stable:1294,559,34.46957516670227,1789019286.1360648,True,False,True,4,47140,1789019286185752406,1789019286185975838,40,1789019286223358457,1789019286256404172,1789019286256495357,1789019286319372353,1789019286429892357,1789019286432577581,40,0,34.046039916574955,6.777843460440636,7.100578397512436,17.69463252276182,2.3231226950883865,0.09409710764884949,27.266928926110268,22.316636,0.223432,70.651766,70.428334,33.045715,62.968181,110.4742,0.479537,15.245512,2.869988,83.286787,3.904638,110.520004,113.205228,21.272031784057617,38.837496,42.847662,0.231775,9.011802,29.825694,29.102965,0.50699,13.744697,0.605414,0.068439,3.885945,83.21043,0.22259199619293213,21.27984046936035,17.546016693115234,29.087839126586914,0.4963200092315674,13.732159614562988,0.5936319828033447,0.08105599880218506,3.8552000522613525,83.15078735351562,45,0.0,39585,489881,489669,40
live_a15__favorable_stable,15,split_noae_uint4_q7000,FAVORABLE_STABLE,1296,ue288_live_a15__favorable_stable:1296,561,34.56957516819239,1789019286.2283666,True,False,True,4,48223,1789019286274504807,1789019286274736980,40,1789019286314004019,1789019286350835645,1789019286351028841,1789019286432596046,1789019286548496896,1789019286551964518,40,0,29.523390345275402,6.785490550100803,3.4584952518343925,16.52441080659628,2.486978657543659,0.08565466850996017,22.613280452787876,23.421754,0.232173,76.330838,76.098665,36.831626,81.760401,115.847876,0.508177,30.157171,2.631771,76.096675,3.495422,115.90085,119.368472,16.273632049560547,22.034377999999997,52.002001,0.21407,11.287268,10.74711,38.588052,0.766018,13.413949,0.836923,0.071312,3.476148,76.025609,0.3306559920310974,16.275455474853516,5.642079830169678,38.57408142089844,0.7533439993858337,13.401568412780762,0.8243839740753174,0.07999999821186066,3.464735984802246,75.97151947021484,46,0.0,39583,489747,489535,40
live_a15__favorable_stable,15,split_noae_uint4_q7000,FAVORABLE_STABLE,1298,ue288_live_a15__favorable_stable:1298,563,34.6695751696825,1789019286.3347187,False,,,4,,1789019286388314382,1789019286388567684,40,,,,,,,,,40.91229755431414,17.80435349792242,2.782931551337242,17.443343065679073,2.3857317864894867,0.09770598262548447,23.1267549097538,30.240834,0.253302,,,,,,,,,,,,,,,,,,,,,,,,,,,,,,,,,,,,,0.0,39592,489989,489777,40
live_a15__favorable_stable,15,split_noae_uint4_q7000,FAVORABLE_STABLE,1300,ue288_live_a15__favorable_stable:1300,565,34.76957517117262,1789019286.4252243,True,False,True,4,50316,1789019286477783744,1789019286478027164,40,1789019286513526721,1789019286546190248,1789019286546290493,1789019286551984310,1789019286684357470,1789019286688144856,40,0,44.40555069595575,11.014224961400032,6.3523175194859505,23.934911005198956,2.96611525118351,0.09611435234546661,33.41057803481817,18.878467,0.24342,68.406504,68.163084,32.663527,5.794062,131.90349,0.434294,18.979219,2.231292,100.515253,3.777431,132.37316,136.160546,20.920352935791016,28.569075,69.056036,1.258053,8.208824,20.360251,51.858843,0.721225,17.197193,0.664194,0.075682,3.739079,100.442432,2.867583990097046,20.922143936157227,6.031744003295898,51.84348678588867,0.7094079852104187,17.18351936340332,0.6522240042686462,0.0825280025601387,3.722559928894043,100.38448333740234,48,0.0,39611,490002,489790,40
live_a15__favorable_stable,15,split_noae_uint4_q7000,FAVORABLE_STABLE,1302,ue288_live_a15__favorable_stable:1302,567,34.869575172662735,1789019286.543651,True,False,True,4,48236,1789019286616065060,1789019286616296184,40,1789019286652095470,1789019286684016981,1789019286684342184,1789019286688164847,1789019286838869412,1789019286840768603,40,0,35.340563394129276,9.679235517978668,4.757096990942955,16.28653332591057,4.3938420712947845,0.1081228256225586,25.60671791434288,46.541097,0.231124,67.951921,67.720797,31.921511,4.147866,150.65258,0.486222,29.219144,3.517604,112.241112,3.008211,150.704565,152.603756,20.57606315612793,26.189118999999998,84.48699,0.17192,8.371082,17.818037,61.936447,0.506937,22.550543,0.622519,0.079693,2.991039,112.166356,0.1615999937057495,20.5830078125,5.5960001945495605,61.92124938964844,0.49673599004745483,22.53830337524414,0.6099519729614258,0.08723200112581253,2.982815980911255,112.1041259765625,46,0.0,39645,490331,490119,40
live_a15__favorable_stable,15,split_noae_uint4_q7000,FAVORABLE_STABLE,1304,ue288_live_a15__favorable_stable:1304,569,34.96957517415285,1789019286.6273916,True,False,True,4,53458,1789019286675927132,1789019286676145411,40,1789019286684551124,1789019286722809000,1789019286722955495,1789019286840784779,1789019286934005547,1789019286937185494,40,0,24.952907115221024,7.405653595924377,3.215453587472439,11.908710934221745,2.318013459444046,0.0826660543680191,17.568066716194153,30.884925,0.218279,46.881868,46.663589,38.257876,117.975779,93.175625,0.470397,19.936406,2.374145,64.332738,4.264575,93.220768,96.400715,16.46556854248047,18.912212,43.28072,0.310978,7.651119,11.261093,36.429398,1.091034,6.851322,0.513393,0.062481,4.248991,64.266624,0.3019840121269226,16.472288131713867,2.430079936981201,36.41664123535156,1.0801600217819214,6.83897590637207,0.5023360252380371,0.07292799651622772,3.1737918853759766,64.21449279785156,51,0.0,39639,489978,489766,40
live_a15__favorable_stable,15,split_noae_uint4_q7000,FAVORABLE_STABLE,1306,ue288_live_a15__favorable_stable:1306,571,35.06957517564297,1789019286.7502506,True,False,True,4,46166,1789019286843661190,1789019286843974069,40,1789019286881286510,1789019286917087627,1789019286917196408,1789019286937201745,1789019287060418514,1789019287061832751,40,0,50.206443294882774,20.04852704703808,4.105408675968647,23.517989553511143,2.3941276594996452,0.08269306272268295,30.146615579724312,63.147261,0.312879,73.426437,73.113558,35.801117,20.114118,123.169074,0.436916,16.594964,2.144782,97.657514,3.833685,123.216769,124.631006,21.894432067871094,47.477193,47.307491,0.161152,9.780467,37.696726,37.08547,1.88687,10.222021,0.51333,0.063979,3.813697,97.585824,0.14921599626541138,21.901472091674805,25.564960479736328,38.08582305908203,0.8775680065155029,10.209759712219238,0.5024960041046143,0.07820799946784973,3.802112102508545,97.45990753173828,44,0.0,39616,490033,489821,40
live_a15__favorable_stable,15,split_noae_uint4_q7000,FAVORABLE_STABLE,1308,ue288_live_a15__favorable_stable:1308,573,35.16957517713308,1789019286.8300762,True,False,True,4,51314,1789019286934655664,1789019286934884064,40,1789019286975281120,1789019287012568791,1789019287012671954,1789019287061846620,1789019287231429188,1789019287236485911,40,0,44.66216824948788,0.005187466740608215,6.316944025456905,15.932351350784302,2.336091361939907,0.09182095527648926,24.73900467157364,65.155737,0.2284,77.913127,77.684727,37.287671,49.277829,169.53475,0.464469,14.285033,2.083387,129.634696,21.50798,169.582568,174.639291,20.70956802368164,26.437238,90.61268799999999,0.161763,8.425572,18.011666,51.358671,0.56315,39.254017,9.561486,0.771115,21.477785,128.220159,0.15222400426864624,20.715776443481445,5.709856033325195,51.34428787231445,0.536575973033905,39.23807907104492,9.53600025177002,0.7504640221595764,20.81507110595703,128.15724182128906,49,0.0,39593,489975,489763,40
live_a15__favorable_stable,15,split_noae_uint4_q7000,FAVORABLE_STABLE,1310,ue288_live_a15__favorable_stable:1310,575,35.2695751786232,1789019286.9610038,False,,,4,,1789019287020494189,1789019287021199609,40,,,,,,,,,43.4977263212204,19.747496582567692,2.4857185781002045,16.850334592163563,2.9479339718818665,0.35789143294095993,22.68697042018175,36.690058,0.70542,,,,,,,,,,,,,,,,,,,,,,,,,,,,,,,,,,,,,0.0,39590,489813,489601,40
live_a15__favorable_stable,15,split_noae_uint4_q7000,FAVORABLE_STABLE,1312,ue288_live_a15__favorable_stable:1312,577,35.369575180113316,1789019287.03392,True,False,True,4,48138,1789019287092501880,1789019287092727340,40,1789019287103193841,1789019287142136836,1789019287142229010,1789019287236502586,1789019287360002910,1789019287361366379,40,0,35.42192094027996,12.206518091261387,3.3202040940523148,16.329855658113956,3.1642699614167213,0.09871087968349457,22.979527711868286,35.194872,0.22546,49.634956,49.409496,38.942995,94.36575,123.437752,0.587541,14.170625,2.12963,100.599477,3.187123,123.500324,124.863793,15.71350383758545,34.741316999999995,59.265801999999994,0.150692,8.91067,25.830647,48.996179,5.645666,10.269623,0.546997,0.07359,3.045111,100.525698,0.14153599739074707,15.720416069030762,19.008319854736328,50.13516616821289,4.497856140136719,10.25545597076416,0.5358719825744629,0.08361600339412689,3.034656047821045,100.4717788696289,46,0.0,39609,489335,489123,40
live_a15__favorable_stable,15,split_noae_uint4_q7000,FAVORABLE_STABLE,1314,ue288_live_a15__favorable_stable:1314,579,35.46957518160343,1789019287.1373184,True,False,True,4,51374,1789019287196791495,1789019287197020362,40,1789019287237553028,1789019287270921211,1789019287271056322,1789019287361381955,1789019287464652846,1789019287467614138,40,0,45.97355891019106,19.342674873769283,5.519534461200237,16.722623258829117,3.7582796066999435,0.10078772902488708,26.15869976580143,33.209937,0.228867,74.129716,73.900849,33.368183,90.460744,103.223213,0.507398,12.918067,1.724475,81.212467,3.22895,103.270891,106.232183,19.749727249145508,31.398289,47.887427,0.659978,7.554508,23.843781,41.136605,0.507944,6.750822,0.529268,0.069333,3.205811,81.147709,0.8755519986152649,19.750463485717773,11.431584358215332,41.12188720703125,0.4962559938430786,6.738560199737549,0.5184959769248962,0.07760000228881836,3.2000319957733154,81.09391784667969,49,0.0,39624,489868,489656,40
live_a15__favorable_stable,15,split_noae_uint4_q7000,FAVORABLE_STABLE,1316,ue288_live_a15__favorable_stable:1316,581,35.56957518309355,1789019287.2308676,False,,,4,,1789019287323631486,1789019287323869625,40,,,,,,,,,34.62945111095905,3.652178682386875,4.434123635292053,23.999830707907677,2.4070004001259804,0.09214319288730621,30.991002917289734,61.613443,0.238139,,,,,,,,,,,,,,,,,,,,,,,,,,,,,,,,,,,,,0.0,39610,490043,489831,40
live_a15__favorable_stable,15,split_noae_uint4_q7000,FAVORABLE_STABLE,1318,ue288_live_a15__favorable_stable:1318,583,35.669575184583664,1789019287.3270118,True,False,True,4,45060,1789019287358788951,1789019287359252283,40,1789019287392549927,1789019287429961419,1789019287430069346,1789019287467628480,1789019287610206801,1789019287613880805,40,0,30.40871024131775,2.612820826470852,1.8221409991383553,15.331500209867954,2.5160666555166245,0.09162817150354385,19.802937284111977,11.880894,0.463332,71.172468,70.709136,37.411492,37.667061,142.534612,0.442798,51.924639,1.749922,84.111489,2.86847,142.578321,146.252325,21.103200912475586,28.738757999999997,53.998028,0.158271,8.827771,19.910987,47.930994,0.504998,6.067034,0.491905,0.055893,2.855266,84.050705,0.1491200029850006,21.10393524169922,7.503935813903809,47.91545486450195,0.49452799558639526,6.05679988861084,0.48259198665618896,0.06566400080919266,2.8445119857788086,83.99199676513672,43,0.0,39633,489351,489139,40
live_a15__favorable_stable,15,split_noae_uint4_q7000,FAVORABLE_STABLE,1320,ue288_live_a15__favorable_stable:1320,585,35.76957518607378,1789019287.431867,True,False,True,4,50277,1789019287493229453,1789019287493682192,40,1789019287518580155,1789019287556302660,1789019287556401439,1789019287613896244,1789019287729444554,1789019287730648892,40,0,38.501341827213764,12.171133421361446,6.941745989024639,16.850030981004238,2.3490125313401222,0.11104252189397812,26.3116043061018,34.951291,0.452739,63.073207,62.620468,37.722505,57.593584,115.505142,0.446013,13.160667,3.220149,91.020263,3.642888,115.54831,116.752648,16.804832458496094,24.513875,64.082975,0.153263,10.262623,14.251252,48.024978,0.521942,16.057997,1.517039,0.069602,3.629482,90.953415,0.14480000734329224,16.811424255371094,7.692416191101074,48.00892639160156,0.5099520087242126,16.046079635620117,1.5049279928207397,0.07980799674987793,3.6202239990234375,90.90614318847656,48,0.0,39656,490202,489990,40
live_a15__favorable_stable,15,split_noae_uint4_q7000,FAVORABLE_STABLE,1322,ue288_live_a15__favorable_stable:1322,587,35.869575187563896,1789019287.5247583,True,False,True,4,51404,1789019287586732332,1789019287587221724,40,1789019287623121792,1789019287664608468,1789019287664735127,1789019287730663083,1789019287841861332,1789019287845907757,40,0,37.46215719729662,12.784221209585667,5.580442026257515,16.34203363209963,2.4936022236943245,0.09430665522813797,24.571442045271397,37.293513,0.489392,77.876136,77.386744,41.486676,66.054615,111.158008,0.434598,13.137986,2.344247,90.372381,3.350315,111.198249,115.244674,21.95270347595215,27.286184,60.103128000000005,0.161534,8.403484,18.8827,50.105276,0.553278,9.997852,2.042009,0.061879,3.334052,90.307348,0.15248000621795654,21.959104537963867,5.315839767456055,50.09059143066406,0.5369600057601929,9.985183715820312,2.031775951385498,0.07558400183916092,3.3243839740753174,90.25737762451172,49,0.0,39614,489877,489665,40
live_a15__favorable_stable,15,split_noae_uint4_q7000,FAVORABLE_STABLE,1324,ue288_live_a15__favorable_stable:1324,589,35.96957518905401,1789019287.625428,True,False,True,4,47143,1789019287704032651,1789019287704430726,40,1789019287744126599,1789019287783261820,1789019287783432501,1789019287845921227,1789019287953569750,1789019287957124966,40,0,45.65712809562683,9.194186888635159,12.070152908563614,21.75272349268198,2.4571549147367477,0.10007340461015701,36.44138015806675,39.18762,0.398075,79.229169,78.831094,39.135221,62.659407,107.604265,0.441643,15.840402,1.986117,84.408979,3.33169,107.648523,111.203739,20.930912017822266,29.32715,53.173648,0.156654,9.087281,20.239869,37.148458,0.576392,16.02519,0.678364,0.081806,3.283715,84.119645,0.14720000326633453,20.943071365356445,8.37168025970459,37.132896423339844,0.5649920105934143,16.01203155517578,0.6666880249977112,0.08716800063848495,3.2736001014709473,84.0558090209961,45,0.0,39610,490016,489804,40
live_a15__favorable_stable,15,split_noae_uint4_q7000,FAVORABLE_STABLE,1326,ue288_live_a15__favorable_stable:1326,591,36.06957519054413,1789019287.726391,False,,,4,,1789019287808327848,1789019287808714563,40,,,,,,,,,42.79131069779396,6.805911660194397,7.699866779148579,25.51798615604639,2.6264693588018417,0.08744560182094574,36.0008655115962,45.840738,0.386715,,,,,,,,,,,,,,,,,,,,,,,,,,,,,,,,,,,,,0.0,39616,490013,489801,40
live_a15__favorable_stable,15,split_noae_uint4_q7000,FAVORABLE_STABLE,1328,ue288_live_a15__favorable_stable:1328,593,36.169575192034245,1789019287.8278089,True,False,True,4,48259,1789019287881311400,1789019287881634515,40,1789019287889113052,1789019287927431796,1789019287927526728,1789019287957143569,1789019288052994033,1789019288056597708,40,0,36.48258652538061,9.702065028250217,3.897099755704403,18.2130616158247,4.516554065048695,0.216570682823658,26.897880248725414,26.488063,0.323115,46.120396,45.797281,38.318744,29.711773,95.803604,0.48588,24.165454,1.911367,62.884117,3.034779,95.850464,99.454139,15.657952308654785,19.865458,41.018046,0.219257,7.342623,12.522835,28.262321,1.013266,12.755725,0.536013,0.064113,3.021397,62.814854,0.36528000235557556,15.659744262695312,4.056543827056885,28.248672485351562,1.0026880502700806,12.66966438293457,0.5244799852371216,0.07894399762153625,3.0117759704589844,62.76249694824219,46,0.0,39605,490075,489863,40
live_a15__favorable_stable,15,split_noae_uint4_q7000,FAVORABLE_STABLE,1330,ue288_live_a15__favorable_stable:1330,595,36.26957519352436,1789019287.9503074,True,False,True,4,53493,1789019288010310663,1789019288010640854,40,1789019288041735899,1789019288067828996,1789019288067947368,1789019288067976237,1789019288196988507,1789019288198405769,40,0,50.55887997150421,20.133080892264843,2.39736121147871,24.438343942165375,3.3256737515330315,0.08746422827243805,30.301660299301147,29.601714,0.330191,57.518333,57.188142,26.093097,0.147241,128.949485,0.478454,17.803953,1.701545,102.569603,4.370762,129.01227,130.429532,23.233312606811523,31.406670000000002,69.156003,0.160043,8.109127,23.297543,42.849432,1.027099,26.306571,0.573524,0.070001,4.311671,102.495491,0.1520960032939911,23.23961639404297,8.154496192932129,42.835262298583984,1.0157760381698608,26.294496536254883,0.5611839890480042,0.0820159986615181,4.011328220367432,102.44137573242188,51,0.0,39618,488764,488552,40
live_a15__favorable_stable,15,split_noae_uint4_q7000,FAVORABLE_STABLE,1332,ue288_live_a15__favorable_stable:1332,597,36.36957519501448,1789019288.0713747,True,False,True,4,49296,1789019288144614954,1789019288144830691,40,1789019288177260088,1789019288205746713,1789019288205872433,1789019288205890674,1789019288314852118,1789019288318038523,40,0,76.26972533762455,33.648181706666946,3.358909860253334,34.78844463825226,3.5394495353102684,0.08054915815591812,41.82215686887503,31.311572,0.215737,61.131759,60.916022,28.486625,0.143961,108.907999,0.460221,21.317122,1.932631,79.353535,3.594969,108.961444,112.147849,21.63190460205078,31.872177,45.87652,0.168784,7.761602,24.110575,39.132619,0.511271,6.743901,0.677281,0.065997,3.539644,79.279907,0.15904000401496887,21.638656616210938,10.222559928894043,39.119998931884766,0.49939200282096863,6.73203182220459,0.6671680212020874,0.07708799839019775,3.197535991668701,79.21916961669922,47,0.0,39632,489934,489722,40
live_a15__favorable_stable,15,split_noae_uint4_q7000,FAVORABLE_STABLE,1334,ue288_live_a15__favorable_stable:1334,599,36.46957519650459,1789019288.1705854,True,False,True,4,55574,1789019288232086821,1789019288232329469,40,1789019288274475243,1789019288306816735,1789019288306920642,1789019288318052955,1789019288435173552,1789019288436944907,40,0,55.950503796339035,25.478343479335308,2.525685355067253,20.474920980632305,2.7348697185516357,0.10255258530378342,25.902600027620792,35.478802,0.242648,74.729914,74.487266,32.341492,11.23622,117.074567,0.441602,17.431941,3.047792,85.758574,8.673165,117.120597,118.891952,22.15235137939453,32.704883,51.467613,0.171698,8.595148,24.109735,37.59957,0.507056,13.868043,0.645876,0.066049,8.653336,85.679269,0.16150400042533875,22.15894317626953,10.536800384521484,37.585025787353516,0.49532800912857056,13.857695579528809,0.6353600025177002,0.07955200225114822,8.640704154968262,85.61968231201172,53,0.0,39623,489436,489224,40
live_a15__favorable_stable,15,split_noae_uint4_q7000,FAVORABLE_STABLE,1336,ue288_live_a15__favorable_stable:1336,601,36.56957519799471,1789019288.2324457,True,False,True,4,51394,1789019288275336135,1789019288275559949,40,1789019288312599680,1789019288350445744,1789019288350542282,1789019288436956602,1789019288552669838,1789019288556078093,40,0,29.530356638133526,0.003022141754627228,4.80245053768158,16.74285437911749,2.398441545665264,0.09558349847793579,24.09218344837427,18.444131,0.223814,75.109609,74.885795,37.846064,86.510858,115.671994,0.489202,14.316906,1.976465,94.080467,3.316446,115.713236,119.121491,17.987808227539062,34.432559,58.104883,0.177705,8.450649,25.98191,44.966572,0.52715,13.138311,0.535067,0.071207,3.300074,94.013016,0.1502400040626526,17.994848251342773,16.424800872802734,44.94892883300781,0.5159040093421936,13.127039909362793,0.5237119793891907,0.08240000158548355,3.289599895477295,93.9032974243164,49,0.0,39598,490093,489881,40
live_a15__favorable_stable,15,split_noae_uint4_q7000,FAVORABLE_STABLE,1338,ue288_live_a15__favorable_stable:1338,603,36.669575199484825,1789019288.3290007,True,False,True,4,52405,1789019288382475121,1789019288382691687,40,1789019288420624253,1789019288458169738,1789019288458271045,1789019288556093283,1789019288666030496,1789019288669246339,40,0,40.694355964660645,12.409931980073452,3.2029952853918076,22.520952858030796,2.36615352332592,0.0863661989569664,28.232187032699585,25.114378,0.216566,75.694617,75.478051,37.545485,97.923545,109.892837,0.491199,24.047769,2.203499,76.265224,3.205914,109.937213,113.153056,22.630207061767578,25.163892,48.336377,1.206088,7.589351,17.574541,39.947536,0.825488,8.388841,0.509724,0.060617,3.188345,76.199485,1.4075839519500732,22.630943298339844,2.3295679092407227,39.931968688964844,0.8109440207481384,8.376959800720215,0.49955201148986816,0.07462400197982788,3.17903995513916,76.15206146240234,50,0.24944996153326307,39569,490059,489847,40
live_a15__favorable_stable,15,split_noae_uint4_q7000,FAVORABLE_STABLE,1340,ue288_live_a15__favorable_stable:1340,605,36.76957520097494,1789019288.4265325,False,,,4,,1789019288496241155,1789019288496461900,40,,,,,,,,,43.809725902974606,10.77452301979065,2.9483605176210403,27.47900038957596,2.4360930547118187,0.09541772305965424,33.047460950911045,36.569568,0.220745,,,,,,,,,,,,,,,,,,,,,,,,,,,,,,,,,,,,,0.553309052607967,39600,489826,489614,40
live_a15__favorable_stable,15,split_noae_uint4_q7000,FAVORABLE_STABLE,1342,ue288_live_a15__favorable_stable:1342,607,36.86957520246506,1789019288.5281312,True,False,True,4,47127,1789019288574420863,1789019288576263912,40,1789019288593286958,1789019288639073732,1789019288639149875,1789019288669261439,1789019288775002643,1789019288776363168,40,0,36.961689591407776,11.790838092565536,4.345671273767948,18.15910916775465,2.54268292337656,0.09245797991752625,25.194215588271618,20.981355,1.843049,64.652869,62.80982,45.786774,30.187707,105.701803,0.434424,14.396509,4.895784,81.368021,2.954455,105.741204,107.101729,21.763904571533203,26.010438,53.331514,0.65488,7.733492,18.276946,32.037741,0.585606,21.293773,0.552561,0.07071,2.939839,81.299697,0.648639976978302,21.770431518554688,4.228096008300781,32.024192810058594,0.5742400288581848,21.281152725219727,0.5412480235099792,0.07849600166082382,2.9302399158477783,81.25027465820312,45,0.8566619849554427,39626,489829,489617,40
live_a15__favorable_stable,15,split_noae_uint4_q7000,FAVORABLE_STABLE,1344,ue288_live_a15__favorable_stable:1344,609,36.96957520395517,1789019288.6276696,True,False,True,4,53396,1789019288678945032,1789019288680437491,39,1789019288739405334,1789019288808546388,1789019288808669495,1789019288808693773,1789019288941867204,1789019288944539524,39,0,34.97445210814476,10.992183350026608,4.523259587585926,16.917863860726357,2.3918114602565765,0.14070328325033188,24.027743376791477,27.134592,1.492459,129.601356,128.108897,69.141054,0.147385,133.118165,0.446534,15.549998,2.22168,108.02241,3.216805,133.173431,135.845751,20.615007400512695,33.774005,72.68553,0.170092,7.773263,26.000742,51.187452,0.615644,21.498078,0.520633,0.069345,3.202294,107.945265,0.15984000265598297,20.622047424316406,13.141695976257324,51.17097473144531,0.6037120223045349,21.48476791381836,0.5093759894371033,0.0790719985961914,3.192512035369873,107.88473510742188,51,1.1595873291816192,39601,483261,483049,39
live_a15__favorable_stable,15,split_noae_uint4_q7000,FAVORABLE_STABLE,1346,ue288_live_a15__favorable_stable:1346,611,37.06957520544529,1789019288.727721,True,False,True,4,49181,1789019288784463320,1789019288784660201,39,1789019288809377323,1789019288869172443,1789019288869270331,1789019288944556673,1789019289070869494,1789019289072248905,39,0,38.69103826582432,12.016053311526775,3.1320853158831596,20.85535880178213,2.5429604575037956,0.09430479258298874,26.68367139995098,29.948334,0.196881,84.709123,84.512242,59.79512,75.38423,126.263544,0.519425,16.418228,1.840661,101.985716,3.399057,126.312821,127.692232,16.099519729614258,30.231465,68.460243,0.154526,8.3619,21.869565,52.937725,2.12883,15.522518,0.582807,0.081455,3.374886,101.917598,0.14364799857139587,16.106143951416016,14.024928092956543,53.92473602294922,1.1308799982070923,15.507648468017578,0.5714240074157715,0.08816000074148178,3.3649280071258545,101.86137390136719,47,1.4624119009776502,39591,484156,483944,39
live_a15__favorable_stable,15,split_noae_uint4_q7000,FAVORABLE_STABLE,1348,ue288_live_a15__favorable_stable:1348,613,37.169575206935406,1789019288.8641186,False,,,4,,1789019288929403556,1789019288930013874,39,,,,,,,,,58.83158557116985,28.821611776947975,5.720796994864941,18.351160921156406,5.73353935033083,0.08599180728197098,29.94945552200079,34.992873,0.610318,,,,,,,,,,,,,,,,,,,,,,,,,,,,,,,,,,,,,1.9162713930028537,39591,484336,484124,39
live_a15__favorable_stable,15,split_noae_uint4_q7000,FAVORABLE_STABLE,1350,ue288_live_a15__favorable_stable:1350,615,37.26957520842552,1789019288.938178,True,False,True,4,55456,1789019289006694923,1789019289007148370,39,1789019289024451465,1789019289064274285,1789019289064396284,1789019289072264826,1789019289190858910,1789019289197858583,39,0,44.35414168983698,7.783764973282814,6.333118304610252,24.862793274223804,2.3545408621430397,0.09730178862810135,33.707741647958755,34.728083,0.453447,57.579362,57.125915,39.82282,7.990541,118.553221,0.440522,12.708207,2.479363,95.684927,3.910192,118.594084,125.593757,22.157855987548828,37.981864,49.381145999999994,0.244617,8.537505,29.444359,40.272907,7.196525,9.108239,0.612583,0.067295,3.895556,95.600427,0.23580799996852875,22.16521644592285,15.805536270141602,41.27743911743164,6.178431987762451,9.093152046203613,0.6007360219955444,0.6207039952278137,3.397183895111084,96.07679748535156,53,2.0673884608941355,39590,483648,483436,39
live_a15__favorable_stable,15,split_noae_uint4_q7000,FAVORABLE_STABLE,1352,ue288_live_a15__favorable_stable:1352,617,37.36957520991564,1789019289.0357714,True,False,True,4,49108,1789019289072014278,1789019289072454777,39,1789019289108397524,1789019289146040870,1789019289146142907,1789019289197873397,1789019289315198909,1789019289318192399,39,0,34.715306013822556,13.099350966513157,2.5553181767463684,15.937801450490952,2.9844166710972786,0.08760672062635422,21.613425575196743,14.519877,0.440499,74.026592,73.586093,37.643346,51.832527,117.281132,0.53761,14.355157,2.016329,95.469256,3.377755,117.325512,120.319002,22.413312911987305,27.02621,66.425026,0.154077,9.510587,17.515623,60.024811,0.501529,6.400215,1.048903,0.07387,3.355797,95.404353,0.14486399292945862,22.42006492614746,4.574399948120117,60.00787353515625,0.49113601446151733,6.388991832733154,1.036895990371704,0.08140800148248672,3.3444159030914307,95.347900390625,47,2.3693651538308513,39590,484095,483883,39
live_a15__favorable_stable,15,split_noae_uint4_q7000,FAVORABLE_STABLE,1354,ue288_live_a15__favorable_stable:1354,619,37.469575211405754,1789019289.1298025,True,False,True,4,48122,1789019289175259979,1789019289175515765,39,1789019289212866826,1789019289252271058,1789019289252537625,1789019289318206701,1789019289395173236,1789019289398467766,39,0,36.52175888419151,10.415610857307911,4.565090872347355,19.023058004677296,2.339506521821022,0.09967200458049774,26.091448962688446,19.264746,0.255786,77.011079,76.755293,39.404232,65.935643,76.928497,0.436841,13.410753,1.957912,56.109404,2.877863,76.966535,80.261065,21.49398422241211,24.745649,29.12442,0.158997,9.148973,15.596676,21.374577,0.498031,7.749843,1.375944,0.056706,2.865628,56.052482,0.150751993060112,21.500192642211914,3.2352640628814697,21.359968185424805,0.4872959852218628,7.739264011383057,1.367743968963623,0.07321599870920181,2.85315203666687,56.00822448730469,46,2.6709930613368638,39574,485153,484941,39
live_a15__favorable_stable,15,split_noae_uint4_q7000,FAVORABLE_STABLE,1356,ue288_live_a15__favorable_stable:1356,621,37.56957521289587,1789019289.2436423,True,False,True,4,40826,1789019289294052640,1789019289294270038,39,1789019289335920217,1789019289371529182,1789019289371616799,1789019289398481880,1789019289461071049,1789019289466116127,39,0,39.2136313021183,17.113161273300648,2.170211635529995,16.94732252508402,2.6564057916402817,0.08724350482225418,22.06217311322689,28.048809,0.217398,77.476542,77.259144,35.608965,26.952698,62.554149,0.435521,11.983762,2.171828,43.8954,2.449695,62.589169,67.634247,14.415776252746582,16.547652,26.007041,0.138938,7.020438,9.527214,19.545678,0.50394,6.461363,0.493143,0.055204,2.439496,43.834883,0.1303039938211441,14.422464370727539,2.1175999641418457,19.534271240234375,0.49347200989723206,6.451039791107178,0.48368000984191895,0.06470400094985962,2.43123197555542,43.78470230102539,39,2.972273155341687,39555,484710,484498,39
