cell_id,action_id,profile_id,network_profile_id,frame_id,capture_id,route_tick,carla_timestamp,capture_wall_s,delivered,service_target_met,processing_horizon_met,window_callbacks,service_record_bytes,ue_first_send_wall_ns,ue_final_send_wall_ns,ue_datagrams_observed,edge_first_datagram_wall_ns,edge_complete_reassembly_wall_ns,edge_admitted_wall_ns,edge_worker_start_wall_ns,edge_tail_finished_wall_ns,edge_result_published_wall_ns,edge_feature_datagrams,edge_duplicate_datagrams,prep_queue_wait_ms,prep_sensor_wait_ms,prep_radar_window_ms,prep_radar_prepare_ms,prep_rgb_convert_ms,prep_scene_snapshot_ms,prep_pre_front_compute_ms,ue_front_ms,ue_send_loop_ms,application_feature_uplink_ms,post_send_to_reassembly_ms,edge_first_to_complete_reassembly_ms,edge_queue_wait_ms,edge_total_edge_processing_ms,edge_zstd_decompression_ms,edge_unpack_dequantize_ms,edge_ae_decode_ms,edge_frozen_tail_ms,edge_output_serialization_ms,edge_service_wall_ms,deployed_tail_service_ms,decode_tail_cuda_ms,decode_tail_inference_block_ms,post_processing_ms,tail_camera_pose_reconstruct_ms,tail_decode_tail_launch_ms,tail_finite_check_outputs_ms,tail_camera_aware_postprocess_ms,tail_finite_check_postprocess_ms,tail_p025_service_filter_ms,tail_finite_check_p025_ms,tail_segmentation_upsample_argmax_ms,tail_output_serialization_ms,tail_tail_call_total_ms,tail_camera_pose_reconstruct_cuda_ms,tail_decode_tail_launch_cuda_ms,tail_finite_check_outputs_cuda_ms,tail_camera_aware_postprocess_cuda_ms,tail_finite_check_postprocess_cuda_ms,tail_p025_service_filter_cuda_ms,tail_finite_check_p025_cuda_ms,tail_segmentation_upsample_argmax_cuda_ms,tail_output_serialization_cuda_ms,tail_tail_call_total_cuda_ms,detection_count,ego_speed_mps,window_returns,payload_bytes,payload_bytes_uncompressed,payload_chunks
live_a71__favorable_stable,71,split_ae32_uint4_q9800,FAVORABLE_STABLE,631,ue288_live_a71__favorable_stable:631,5,6.5955955311656,1789019547.700488,True,False,False,4,38748,1789019548030774515,1789019548030807750,1,1789019548077548993,1789019548077642016,1789019548077713796,1789019548077740595,1789019548243709117,1789019548245896247,1,0,45.44102121144533,9.825640358030796,4.947192035615444,24.398336187005043,6.118823774158955,0.20446628332138062,35.817649215459824,294.384494,0.033235,46.867501,46.834266,0.093023,0.098579,165.909453,0.0572,33.566436,11.998368,115.188247,2.434142,165.968522,168.155652,45.493247985839844,51.084323,61.640592,1.200876,46.660281,4.424042,48.369183,0.506911,13.271409,0.521593,0.069643,2.420625,115.121228,2.35263991355896,45.50406265258789,4.41264009475708,48.35174560546875,0.4944320023059845,13.258527755737305,0.5097600221633911,0.07983999699354172,2.4198079109191895,115.06988525390625,37,1.45885218921397,36571,6516,6304,1
live_a71__favorable_stable,71,split_ae32_uint4_q9800,FAVORABLE_STABLE,637,ue288_live_a71__favorable_stable:637,11,6.895595535635948,1789019548.0065346,False,,,4,,1789019548061888054,1789019548061915648,1,,,,,,,,,54.89124357700348,0.0037383288145065308,1.6440479084849358,15.611817128956318,2.338450402021408,0.08773338049650192,19.71283834427595,10.591485,0.027594,,,,,,,,,,,,,,,,,,,,,,,,,,,,,,,,,,,,,1.609282270225044,36130,6487,6275,1
live_a71__favorable_stable,71,split_ae32_uint4_q9800,FAVORABLE_STABLE,639,ue288_live_a71__favorable_stable:639,13,6.995595537126064,1789019548.1056077,True,False,True,4,43951,1789019548155456101,1789019548155481753,1,1789019548206986333,1789019548207031043,1789019548207090259,1789019548245910201,1789019548347492839,1789019548349259880,1,0,34.71072390675545,4.833953455090523,3.6811232566833496,23.685967549681664,2.346971072256565,0.09081698954105377,29.851938597857952,19.917911,0.025652,51.574942,51.54929,0.04471,38.879158,101.540829,0.021591,19.460302,0.878754,77.6603,2.818646,101.582638,103.349679,18.071840286254883,40.874361,35.08907,0.396041,7.314347,33.560014,27.748842,0.507563,7.340228,0.547033,0.071725,2.804855,77.592785,1.54476797580719,18.07366371154785,21.644512176513672,27.732383728027344,0.4941439926624298,7.327455997467041,0.5356159806251526,0.07919999957084656,2.795167922973633,77.52700805664062,42,1.9100776372571917,36170,6475,6263,1
live_a71__favorable_stable,71,split_ae32_uint4_q9800,FAVORABLE_STABLE,641,ue288_live_a71__favorable_stable:641,15,7.09559553861618,1789019548.225436,True,False,True,4,41876,1789019548265144128,1789019548265170718,1,1789019548297933345,1789019548297987453,1789019548298043797,1789019548349272313,1789019548416163731,1789019548422360654,1,0,25.99781285971403,6.97952788323164,1.595909707248211,14.94271494448185,2.344312146306038,0.09532086551189423,19.028427079319954,20.592504,0.02659,32.843325,32.816735,0.054108,51.28486,66.85355,0.019735,5.378048,1.86648,54.308589,2.497751,66.891418,73.088341,19.504287719726562,22.89388,28.386262,1.101365,7.107169,15.786711,22.240477,0.490981,6.145785,1.218037,0.065379,2.484926,54.247504,2.25433611869812,19.505023956298828,2.2320001125335693,22.22710418701172,0.479775995016098,6.133440017700195,1.207360029220581,0.07388799637556076,2.476223945617676,54.19606399536133,40,2.20953977869503,36200,6471,6259,1
live_a71__favorable_stable,71,split_ae32_uint4_q9800,FAVORABLE_STABLE,643,ue288_live_a71__favorable_stable:643,17,7.1955955401062965,1789019548.3128421,True,False,True,4,44050,1789019548355594741,1789019548355678355,1,1789019548394919001,1789019548394980103,1789019548395033480,1789019548422373255,1789019548536608111,1789019548541305966,1,0,50.053209997713566,15.25723934173584,5.046725273132324,27.21182070672512,2.3961858823895454,0.0886647030711174,34.798297099769115,7.856681,0.083614,39.385362,39.301748,0.061102,27.393152,114.194303,0.020923,4.756549,0.599387,105.360523,2.800362,114.234856,118.932711,18.52342414855957,26.508507,75.380838,0.195546,7.281798,19.226709,65.824212,0.511815,9.556626,2.530512,0.072453,2.78823,105.299063,0.4973120093345642,18.524160385131836,7.67468786239624,65.80953979492188,0.5007680058479309,9.545951843261719,2.5141758918762207,0.08137600123882294,2.77891206741333,105.24140930175781,42,2.507999516013127,36126,6487,6275,1
live_a71__favorable_stable,71,split_ae32_uint4_q9800,FAVORABLE_STABLE,645,ue288_live_a71__favorable_stable:645,19,7.295595541596413,1789019548.45566,True,False,True,4,48148,1789019548493725005,1789019548493752315,1,1789019548519624664,1789019548519688478,1789019548519817053,1789019548541317317,1789019548662896916,1789019548667696954,1,0,46.613339334726334,17.342109233140945,4.627631977200508,22.084565833210945,2.4020271375775337,0.09352155029773712,29.26559466868639,8.648093,0.02731,25.963473,25.936163,0.063814,21.628839,121.540753,0.021853,8.996531,1.318581,107.254471,2.769449,121.579599,126.379637,23.044479370117188,34.375824,68.782691,0.134637,6.946478,27.429346,58.311853,2.981316,10.470838,0.773531,0.06201,2.757603,107.199968,0.1268479973077774,23.0501766204834,11.312607765197754,58.80284881591797,2.480384111404419,10.4584321975708,0.7633280158042908,0.07840000092983246,2.7469120025634766,107.15769958496094,46,2.9542681107403093,36009,6487,6275,1
live_a71__favorable_stable,71,split_ae32_uint4_q9800,FAVORABLE_STABLE,647,ue288_live_a71__favorable_stable:647,21,7.395595543086529,1789019548.5230904,True,False,True,4,43935,1789019548584195417,1789019548584219717,1,1789019548611701693,1789019548611775372,1789019548611852898,1789019548667711375,1789019548746918499,1789019548748153474,1,0,48.843598924577236,18.75371392816305,4.572336561977863,22.91080169379711,2.458508126437664,0.08963420987129211,30.090276151895523,30.92195,0.0243,27.579955,27.555655,0.073679,55.936003,79.167788,0.022677,5.566034,0.806726,69.491626,2.640289,79.207124,80.442099,17.726591110229492,23.672141,43.441430999999994,1.14179,7.149915,16.522226,36.75196,0.498183,6.689471,0.520635,0.065864,2.627118,69.43587,2.2932798862457275,17.728384017944336,4.778592109680176,36.734336853027344,0.4866560101509094,6.677472114562988,0.5093759894371033,0.07027199864387512,2.6175999641418457,69.37859344482422,42,3.1026844045444695,35982,6474,6262,1
live_a71__favorable_stable,71,split_ae32_uint4_q9800,FAVORABLE_STABLE,649,ue288_live_a71__favorable_stable:649,23,7.495595544576645,1789019548.6064043,True,False,True,4,49184,1789019548644914805,1789019548644949200,1,1789019548696206303,1789019548696259501,1789019548696316145,1789019548748167873,1789019548840191290,1789019548841425769,1,0,38.707745261490345,11.220401152968407,3.7227096036076546,21.28796186298132,2.3351572453975677,0.08707679808139801,27.483951300382614,10.937876,0.034395,51.344696,51.310301,0.053198,51.908372,91.984922,0.022151,2.982371,0.742088,82.003441,2.954626,92.023417,93.257896,19.846912384033203,23.540705,56.096168,1.090302,6.884515,16.65619,49.947327,0.536998,6.148841,0.526179,0.067945,2.939217,81.946716,2.2562239170074463,19.848800659179688,2.5192959308624268,49.9315185546875,0.5132160186767578,6.135680198669434,0.5154240131378174,0.07180800288915634,2.9266879558563232,81.89389038085938,47,3.398878705632671,36017,6437,6225,1
live_a71__favorable_stable,71,split_ae32_uint4_q9800,FAVORABLE_STABLE,651,ue288_live_a71__favorable_stable:651,25,7.595595546066761,1789019548.7096364,True,False,True,4,43995,1789019548805564600,1789019548805590864,1,1789019548831129897,1789019548831169227,1789019548831216382,1789019548841439192,1789019548923282614,1789019548924523151,1,0,63.721624203026295,11.430162005126476,6.704473868012428,38.17229066044092,7.283997721970081,0.08786749094724655,52.30506416410208,43.522553,0.026264,25.604627,25.578363,0.03933,10.269965,81.806379,0.020478,2.804482,1.56386,74.122149,2.68177,81.843422,83.083959,22.473695755004883,33.047945,30.529472,0.115904,6.748551,26.299394,21.257569,0.510843,9.271903,9.701559,0.0726,2.667305,74.062667,0.10649599879980087,22.480031967163086,10.559391975402832,21.244895935058594,0.49980801343917847,9.259296417236328,9.688608169555664,0.08003199845552444,2.65500807762146,74.01795196533203,42,3.8652754424340614,35950,6569,6357,1
live_a71__favorable_stable,71,split_ae32_uint4_q9800,FAVORABLE_STABLE,653,ue288_live_a71__favorable_stable:653,27,7.695595547556877,1789019548.8068674,True,False,True,4,51338,1789019548878482604,1789019548878501693,1,1789019548901958482,1789019548901996514,1789019548902042971,1789019548924536647,1789019549055315413,1789019549060848428,1,0,56.879748590290546,0.05654245615005493,4.251662641763687,36.918969824910164,5.411649122834206,0.08878298103809357,46.71268630772829,24.831261,0.019089,23.51391,23.494821,0.038032,22.540133,130.737875,0.022124,3.938981,0.678865,121.817684,3.621906,130.778766,136.311781,18.801279067993164,31.283133,82.10181800000001,1.211332,7.051261,24.231872,71.936209,0.503312,10.165609,6.49478,0.069779,3.603858,121.756591,2.4004480838775635,18.801984786987305,11.287679672241211,71.92070770263672,0.4912000000476837,10.153792381286621,6.482944011688232,0.6371200084686279,3.0825281143188477,122.26294708251953,49,4.033296988622644,35951,6413,6201,1
live_a71__favorable_stable,71,split_ae32_uint4_q9800,FAVORABLE_STABLE,655,ue288_live_a71__favorable_stable:655,29,7.795595549046993,1789019548.9471586,True,False,True,4,50283,1789019549032177582,1789019549032205810,1,1789019549060946718,1789019549061371974,1789019549061436915,1789019549061468432,1789019549149557847,1789019549150866371,1,0,77.38012541085482,19.506060518324375,8.334251120686531,44.6019172668457,4.784540273249149,0.08711498230695724,57.85999074578285,27.066037,0.028228,29.194392,29.166164,0.425256,0.096458,88.048368,0.021202,11.122798,0.735833,72.404873,3.027238,88.089415,89.397939,14.734623908996582,16.935980999999998,54.089074999999994,0.135426,7.106104,9.829877,46.716438,0.499878,7.372637,0.530434,0.069349,3.013116,72.347151,0.12169600278139114,14.741024017333984,2.1856000423431396,46.702911376953125,0.48745599389076233,7.359424114227295,0.5187199711799622,0.07507199794054031,3.0038719177246094,72.29708862304688,48,4.577780161765898,35868,6473,6261,1
live_a71__favorable_stable,71,split_ae32_uint4_q9800,FAVORABLE_STABLE,657,ue288_live_a71__favorable_stable:657,31,7.895595550537109,1789019549.0118365,True,False,True,4,51349,1789019549116078042,1789019549116105708,1,1789019549144627493,1789019549144685786,1789019549144744743,1789019549150878451,1789019549246209000,1789019549247438000,1,0,91.48328751325607,0.004153698682785034,7.559755817055702,41.84669256210327,4.83397301286459,0.09225308895111084,54.400197230279446,28.537531,0.027666,28.607744,28.580078,0.058293,6.192665,95.296016,0.042576,2.917658,1.20993,85.625131,3.069795,95.330549,96.559549,19.60063934326172,32.103237,52.085304,0.193831,7.054705,25.048532,44.318041,0.527007,7.767263,0.503488,0.06397,3.056177,85.566775,0.1839040070772171,19.606975555419922,12.485759735107422,44.30031967163086,0.5139840245246887,7.7539520263671875,0.493696004152298,0.07379200309515,3.046976089477539,85.5173110961914,49,4.97588705873284,35745,6457,6245,1
live_a71__favorable_stable,71,split_ae32_uint4_q9800,FAVORABLE_STABLE,659,ue288_live_a71__favorable_stable:659,33,7.9955955520272255,1789019549.1041057,True,False,True,4,58583,1789019549202039543,1789019549202068151,1,1789019549228097746,1789019549228137230,1789019549228184784,1789019549247451399,1789019549358342204,1789019549362942233,1,0,73.30844551324844,0.004431232810020447,7.961701601743698,38.90910744667053,4.777897149324417,0.747043639421463,52.4464026093483,32.198013,0.028608,26.097687,26.069079,0.039484,19.314169,110.853002,0.020852,2.366803,1.36158,100.69658,3.624379,110.890805,115.490834,20.545791625976562,33.514146,64.652219,0.556637,7.172304,26.341842,46.907421,0.609792,17.744798,1.147056,0.073294,3.609838,100.637029,0.5469440221786499,20.551647186279297,12.95359992980957,47.032894134521484,0.474016010761261,17.73161506652832,1.1335999965667725,0.07955200225114822,3.602976083755493,100.59225463867188,56,5.4026466234043555,35635,6501,6289,1
live_a71__favorable_stable,71,split_ae32_uint4_q9800,FAVORABLE_STABLE,661,ue288_live_a71__favorable_stable:661,35,8.095595553517342,1789019549.2033913,True,False,True,4,58671,1789019549290505622,1789019549290534776,1,1789019549305894170,1789019549305961389,1789019549306026025,1789019549362955093,1789019549425241257,1789019549426513855,1,0,59.365030378103256,1.8660826608538628,7.176525890827179,36.72385215759277,3.748140297830105,0.6858948618173599,48.38226642459631,37.510692,0.029154,15.455767,15.426613,0.067219,56.993704,62.248099,0.020116,9.264059,0.970665,46.611334,3.350908,62.286164,63.558762,14.336319923400879,16.515916999999998,28.768781999999998,0.132347,7.208638,9.307279,22.510958,0.495491,6.257824,0.490404,0.058032,3.33656,46.559186,0.12265600264072418,14.342464447021484,2.16540789604187,22.497343063354492,0.4849280118942261,6.247168064117432,0.4790079891681671,0.07052800059318542,3.327552080154419,46.50128173828125,56,5.862667012280455,35563,6499,6287,1
live_a71__favorable_stable,71,split_ae32_uint4_q9800,FAVORABLE_STABLE,663,ue288_live_a71__favorable_stable:663,37,8.195595555007458,1789019549.3073137,True,False,True,4,50233,1789019549361789264,1789019549361814064,1,1789019549408494704,1789019549408558261,1789019549408612028,1789019549426525499,1789019549510296257,1789019549513015854,1,0,45.17104662954807,10.3638069704175,3.3701863139867783,28.80375925451517,2.49690655618906,0.1504635438323021,34.86844804137945,19.480876,0.0248,46.768997,46.744197,0.063557,17.967238,83.7323,0.021079,3.133131,0.451259,76.426523,3.120716,83.770758,86.490355,14.418272018432617,16.908611999999998,58.229089,0.098882,7.316818,9.591794,45.489027,0.507888,12.740062,0.508053,0.063044,3.109132,76.379354,0.09036800265312195,14.424415588378906,2.4752960205078125,45.473567962646484,0.4963519871234894,12.727807998657227,0.496832013130188,0.07676800340414047,3.1008639335632324,76.35775756835938,48,6.102035308768449,35529,6555,6343,1
live_a71__favorable_stable,71,split_ae32_uint4_q9800,FAVORABLE_STABLE,665,ue288_live_a71__favorable_stable:665,39,8.295595556497574,1789019549.4697938,True,False,True,4,63846,1789019549552939212,1789019549552966234,1,1789019549591408788,1789019549591472956,1789019549591554891,1789019549591582039,1789019549732948048,1789019549734262748,1,0,73.54158256202936,7.631461136043072,6.373211741447449,44.53464038670063,8.625861257314682,0.08393265306949615,59.664382599294186,23.397822,0.027022,38.533744,38.506722,0.064168,0.109083,141.311143,0.02485,6.00664,0.819523,129.572654,4.072165,141.366009,142.680709,21.303007125854492,37.774615,74.221434,0.139141,7.27701,30.497605,61.859411,9.483295,12.362023,7.722614,0.071746,4.05646,129.514311,0.12969599664211273,21.309247970581055,16.453184127807617,62.696319580078125,8.633184432983398,12.346752166748047,7.712992191314697,0.4535680115222931,3.722208023071289,129.83001708984375,61,6.34535843650229,35455,6442,6230,1
live_a71__favorable_stable,71,split_ae32_uint4_q9800,FAVORABLE_STABLE,667,ue288_live_a71__favorable_stable:667,41,8.39559555798769,1789019549.5702596,True,False,True,4,67093,1789019549652867216,1789019549652892537,1,1789019549671667695,1789019549671732300,1789019549671802199,1789019549734274948,1789019549780238293,1789019549781574113,1,0,53.42457164078951,10.322065092623234,7.0432377979159355,30.945620499551296,4.622793756425381,0.0990554690361023,42.76957083493471,39.744896,0.025321,18.865084,18.839763,0.064605,62.542648,45.93423,0.019465,2.397678,0.467736,38.641156,3.830244,45.963345,47.299165,14.466879844665527,16.660465000000002,20.596688,0.100405,7.367362,9.293103,14.76013,0.494954,5.836558,0.624428,0.05867,3.815786,38.60147,0.09094399958848953,14.472928047180176,2.1790080070495605,14.746848106384277,0.48371198773384094,5.825664043426514,0.6144639849662781,0.07027199864387512,3.806879997253418,38.57545471191406,64,6.700282706947759,35541,6532,6320,1
live_a71__favorable_stable,71,split_ae32_uint4_q9800,FAVORABLE_STABLE,669,ue288_live_a71__favorable_stable:669,43,8.495595559477806,1789019549.6391518,True,False,True,4,49294,1789019549729921001,1789019549729948009,1,1789019549763635872,1789019549763690078,1789019549763746339,1789019549781584665,1789019549862383243,1789019549866281036,1,0,70.67630905658007,0.003351829946041107,5.577730014920235,27.96213049441576,2.3462334647774696,0.09854044765233994,36.03564575314522,40.600283,0.027008,33.769077,33.742069,0.054206,17.894587,80.763338,0.0245,6.457839,0.759014,69.391663,3.3688,80.798578,84.696371,23.92527961730957,33.843009,34.162642,0.147667,8.377199,25.46581,27.727083,0.523725,6.435559,0.495013,0.066707,3.354167,69.333752,0.14070400595664978,23.92902374267578,9.90169620513916,27.711200714111328,0.5111680030822754,6.422719955444336,0.4848000109195709,0.07440000027418137,3.3440959453582764,69.27958679199219,47,6.617639039686964,35827,6544,6332,1
live_a71__favorable_stable,71,split_ae32_uint4_q9800,FAVORABLE_STABLE,671,ue288_live_a71__favorable_stable:671,45,8.595595560967922,1789019549.7097692,True,False,True,4,49181,1789019549825753602,1789019549825780049,1,1789019549866138673,1789019549866178837,1789019549866233071,1789019549866291280,1789019549957853122,1789019549959109129,1,0,96.54960874468088,0.0039050355553627014,10.325979441404343,46.28906957805157,5.225874483585358,0.09037181735038757,61.99829373508692,32.187083,0.026447,40.425235,40.398788,0.040164,0.112443,91.51911,0.021082,3.926506,0.684931,82.729585,2.964794,91.561842,92.817849,23.055744171142578,31.226645,48.933519000000004,1.210014,7.621973,23.604672,18.664921,0.622584,30.268598,0.510171,0.067474,2.949992,82.669915,1.6190400123596191,23.056447982788086,7.7599358558654785,18.649919509887695,0.6093760132789612,30.255264282226562,0.4978240132331848,0.07891199737787247,2.9402880668640137,82.61942291259766,47,6.65832378588826,36189,6409,6197,1
live_a71__favorable_stable,71,split_ae32_uint4_q9800,FAVORABLE_STABLE,673,ue288_live_a71__favorable_stable:673,47,8.695595562458038,1789019549.852169,True,False,True,4,54490,1789019549949885307,1789019549949911717,1,1789019549988347064,1789019549988413323,1789019549988480927,1789019549988605968,1789019550119269787,1789019550120768374,1,0,72.60123454034328,5.212538875639439,4.781849682331085,55.98640535026789,5.566582083702087,0.08498597890138626,66.47472735494375,31.152192,0.02641,38.528016,38.501606,0.066259,0.192645,130.598872,0.025982,4.759659,0.754674,120.980665,3.161205,130.663819,132.162406,22.913440704345703,34.318283,77.947731,0.140557,7.110282,27.208001,68.274355,7.039176,9.673376,1.314741,0.067323,3.149731,120.920357,0.1311360001564026,22.919679641723633,11.388704299926758,68.25827026367188,7.02675199508667,9.657888412475586,1.3003519773483276,0.0799039974808693,3.1407999992370605,120.87187194824219,52,6.802525925807546,36486,6460,6248,1
live_a71__favorable_stable,71,split_ae32_uint4_q9800,FAVORABLE_STABLE,675,ue288_live_a71__favorable_stable:675,49,8.795595563948154,1789019549.9482844,False,,,4,,1789019549991513404,1789019549991541624,1,,,,,,,,,50.43046362698078,0.004100613296031952,1.8862374126911163,24.957801215350628,2.332117408514023,0.09325612336397171,29.309273697435856,11.59856,0.02822,,,,,,,,,,,,,,,,,,,,,,,,,,,,,,,,,,,,,6.72744479250158,36617,6555,6343,1
live_a71__favorable_stable,71,split_ae32_uint4_q9800,FAVORABLE_STABLE,677,ue288_live_a71__favorable_stable:677,51,8.89559556543827,1789019550.0309122,True,False,True,4,50262,1789019550071567056,1789019550071592220,1,1789019550103653461,1789019550103701323,1789019550103761875,1789019550120781592,1789019550194792500,1789019550197938269,1,0,51.993126049637794,32.53432177007198,1.6425950452685356,15.309669077396393,2.3937541991472244,0.08552148938179016,19.471261650323868,21.089297,0.025164,32.134267,32.109103,0.047862,17.080269,73.970478,0.020006,3.328559,1.192227,65.737863,3.080261,74.010908,77.156677,14.761119842529297,29.732519,34.372413,0.135737,7.257753,22.474766,27.698524,0.498925,6.673889,0.549406,0.133154,3.059102,65.672426,0.12624000012874603,14.767359733581543,14.95689582824707,27.683807373046875,0.4878079891204834,6.662559986114502,0.5373439788818359,0.12422399967908859,3.046560049057007,65.4612808227539,48,6.892521126537367,36635,6528,6316,1
live_a71__favorable_stable,71,split_ae32_uint4_q9800,FAVORABLE_STABLE,679,ue288_live_a71__favorable_stable:679,53,8.995595566928387,1789019550.107693,True,False,True,4,60744,1789019550156331566,1789019550156377156,1,1789019550189778758,1789019550189834150,1789019550189897563,1789019550197950341,1789019550268404569,1789019550274108435,1,0,26.709656231105328,0.005705282092094421,4.234811291098595,19.85361333936453,2.358032390475273,0.08964072912931442,26.583753526210785,18.151539,0.04559,33.502584,33.456994,0.055392,8.116191,70.416213,0.020433,3.80751,1.288754,59.295884,3.632718,70.454228,76.158094,19.407167434692383,22.289473,35.666187,0.134763,7.798102,14.491371,27.774972,0.511076,7.891215,0.492169,0.056815,3.621192,59.24294,0.12399999797344208,19.41324806213379,2.865600109100342,27.75833511352539,0.4989759922027588,7.880799770355225,0.4824320077896118,0.0745600014925003,3.612704038619995,59.19919967651367,58,6.862444029643125,36655,6476,6264,1
live_a71__favorable_stable,71,split_ae32_uint4_q9800,FAVORABLE_STABLE,681,ue288_live_a71__favorable_stable:681,55,9.095595568418503,1789019550.2083423,True,False,True,4,61684,1789019550263514820,1789019550263549232,1,1789019550294936967,1789019550295011906,1789019550295081417,1789019550295237738,1789019550412610715,1789019550413949568,1,0,56.16420600563288,13.29055242240429,10.84804441779852,27.035457082092762,4.826376214623451,0.11717714369297028,42.891002260148525,12.178819,0.034412,31.497086,31.462674,0.074939,0.225832,117.290521,0.027956,2.671782,1.059789,108.121788,3.985232,117.372977,118.71183,23.357120513916016,32.224086,73.315929,0.126522,6.991608,25.232478,60.778669,0.535775,12.53726,1.711045,0.064117,3.968457,108.067223,0.11737599968910217,23.368576049804688,8.845952033996582,60.8284797668457,0.47708800435066223,12.52460765838623,1.7005120515823364,0.31014400720596313,3.76694393157959,108.25202941894531,59,6.785332051136962,36699,6535,6323,1
live_a71__favorable_stable,71,split_ae32_uint4_q9800,FAVORABLE_STABLE,683,ue288_live_a71__favorable_stable:683,57,9.195595569908619,1789019550.3324425,True,False,True,4,49192,1789019550397374191,1789019550397404905,1,1789019550427887839,1789019550427946619,1789019550428026648,1789019550428048282,1789019550524261552,1789019550525450031,1,0,68.04898660629988,31.619598157703876,8.022828958928585,22.92048931121826,5.291417241096497,0.11713709682226181,36.42267268151045,28.399975,0.030714,30.572428,30.541714,0.05878,0.101663,96.165911,0.022059,3.169888,0.684139,88.579474,2.888496,96.21327,97.401749,15.055135726928711,27.366136,52.953558,0.136023,7.260306,20.10583,35.942227,7.032542,17.011331,0.863189,0.064649,2.876535,88.518866,0.12636800110340118,15.06214427947998,12.293343544006348,35.926849365234375,5.832767963409424,17.00054359436035,0.8525440096855164,0.07756800204515457,2.8671040534973145,88.46022033691406,47,6.8010731260322155,36818,6435,6223,1
live_a71__favorable_stable,71,split_ae32_uint4_q9800,FAVORABLE_STABLE,685,ue288_live_a71__favorable_stable:685,59,9.295595571398735,1789019550.40619,True,False,True,4,55518,1789019550478687324,1789019550478724087,1,1789019550513853490,1789019550513900771,1789019550513954338,1789019550525462017,1789019550610276662,1789019550612473423,1,0,44.80320680886507,8.1391716375947,3.836815245449543,26.641780510544777,4.600862972438335,0.12321490794420242,35.263040103018284,37.141449,0.036763,35.213447,35.176684,0.047281,11.561246,84.78127,0.02025,2.303129,0.694789,78.013631,3.175047,84.814645,87.011406,14.305343627929688,16.586703999999997,60.104974999999996,0.104765,7.490974,9.09573,47.050286,0.506622,13.054689,0.519179,0.069902,3.162693,77.964894,0.0958079993724823,14.311264038085938,2.2679359912872314,47.03654479980469,0.4952319860458374,13.042976379394531,0.5076479911804199,0.0798719972372055,3.1537599563598633,77.93231964111328,53,6.843108351975787,36936,6556,6344,1
live_a71__favorable_stable,71,split_ae32_uint4_q9800,FAVORABLE_STABLE,687,ue288_live_a71__favorable_stable:687,61,9.395595572888851,1789019550.5043488,True,False,True,4,59645,1789019550565200561,1789019550565235320,1,1789019550598787974,1789019550598832383,1789019550598882656,1789019550612487948,1789019550724713136,1789019550725950511,1,0,55.90469017624855,12.54794467240572,5.752392113208771,30.786634422838688,6.454261019825935,0.12400653213262558,43.18400006741285,17.430009,0.034759,33.631822,33.597063,0.044409,13.655565,112.183253,0.020712,5.266273,0.726702,99.688967,3.614134,112.225188,113.462563,14.580448150634766,19.54175,72.428791,1.306498,6.946742,12.595008,60.132223,0.49723,12.296568,5.689142,0.068695,3.599563,99.625793,2.4523839950561523,14.581151962280273,3.807647943496704,60.11967849731445,0.4862079918384552,12.283647537231445,5.67907190322876,0.07791999727487564,3.589632034301758,99.57411193847656,57,6.848037649649554,36990,6577,6365,1
live_a71__favorable_stable,71,split_ae32_uint4_q9800,FAVORABLE_STABLE,689,ue288_live_a71__favorable_stable:689,63,9.495595574378967,1789019550.6062267,True,False,True,4,45013,1789019550663957443,1789019550663989182,1,1789019550698435495,1789019550698476192,1789019550698527879,1789019550725963069,1789019550834411173,1789019550836111317,1,0,43.45834534615278,11.48056611418724,3.1682681292295456,22.95898925513029,5.707618780434132,0.12545660138130188,32.01357368379831,25.481368,0.031739,34.518749,34.48701,0.040697,27.486877,108.406494,0.020006,8.951699,0.689262,95.342195,2.780941,108.448104,110.148248,20.023103713989258,34.707291,59.288964,0.137142,7.163327,27.543964,52.51175,0.501673,6.777214,0.494589,0.060454,2.767241,95.286745,0.1281599998474121,20.02886390686035,14.66982364654541,52.49737548828125,0.49062401056289673,6.766240119934082,0.4846400022506714,0.06905599683523178,2.7583999633789062,95.22809600830078,43,6.843568047992535,37230,6517,6305,1
live_a71__favorable_stable,71,split_ae32_uint4_q9800,FAVORABLE_STABLE,691,ue288_live_a71__favorable_stable:691,65,9.595595575869083,1789019550.70304,True,False,True,4,52286,1789019550769253245,1789019550769813713,1,1789019550804201213,1789019550804240223,1789019550804624578,1789019550836124069,1789019550930201102,1789019550931396374,1,0,44.119177386164665,11.371848173439503,3.011285327374935,23.078941740095615,6.365744397044182,0.13027247041463852,32.67871495336294,33.44821,0.560468,34.986978,34.42651,0.03901,31.883846,94.035049,0.025257,4.397421,0.688987,84.948799,3.138519,94.077033,95.272305,21.87068748474121,26.914797,56.089842,0.197507,7.433632,19.481165,45.672422,1.042028,10.41742,0.4956,0.065344,3.125363,84.89406,0.18928000330924988,21.8768310546875,5.029024124145508,46.2295036315918,0.47567999362945557,10.404800415039062,0.4850560128688812,0.07939200103282928,3.1160318851470947,84.84893035888672,50,6.8465034261755005,37444,6558,6346,1
live_a71__favorable_stable,71,split_ae32_uint4_q9800,FAVORABLE_STABLE,693,ue288_live_a71__favorable_stable:693,67,9.6955955773592,1789019550.8036768,True,False,True,4,48185,1789019550868037517,1789019550868068583,1,1789019550903399407,1789019550903449126,1789019550903500223,1789019550931409922,1789019551020784842,1789019551022800454,1,0,40.621547028422356,10.812330059707165,5.849864333868027,19.186366349458694,4.62581031024456,0.11716224253177643,29.84429895877838,34.412607,0.031066,35.411609,35.380543,0.049719,27.960796,89.340079,0.019968,1.99362,0.481833,82.306497,3.962708,89.37492,91.390532,20.70649528503418,34.217245,46.769486,0.103654,8.049448,26.167797,35.906229,0.508274,10.863257,0.509133,0.071574,3.95109,82.253957,0.09542399644851685,20.712575912475586,13.495264053344727,35.89187240600586,0.49692800641059875,10.852031707763672,0.49830400943756104,0.08204799890518188,2.76476788520813,82.22195434570312,46,6.848818614706693,37495,6498,6286,1
live_a71__favorable_stable,71,split_ae32_uint4_q9800,FAVORABLE_STABLE,695,ue288_live_a71__favorable_stable:695,69,9.795595578849316,1789019550.9062228,True,False,True,4,59690,1789019550967781038,1789019550967819190,1,1789019551002695243,1789019551002739045,1789019551002791454,1789019551022813973,1789019551098796660,1789019551101566754,1,0,39.12957664579153,11.725584976375103,1.9786255434155464,20.34493163228035,4.940102808177471,0.14312006533145905,27.463696897029877,33.991225,0.038152,34.958007,34.919855,0.043802,20.074928,75.949842,0.019886,2.544024,0.501016,68.957609,3.34666,75.982687,78.752781,14.304863929748535,16.877741,50.740727,0.106124,7.245285,9.632456,44.334405,0.504404,6.406322,0.524553,0.074466,3.332702,68.905332,0.09769599884748459,14.310591697692871,2.5594561100006104,44.32032012939453,0.4933440089225769,6.394400119781494,0.5129600167274475,0.07836800068616867,3.3234241008758545,68.86249542236328,57,6.848426741447876,37608,6481,6269,1
live_a71__favorable_stable,71,split_ae32_uint4_q9800,FAVORABLE_STABLE,697,ue288_live_a71__favorable_stable:697,71,9.895595580339432,1789019551.003926,True,False,True,4,45022,1789019551056193179,1789019551056225389,1,1789019551088561427,1789019551088606039,1789019551088664232,1789019551101575622,1789019551193098869,1789019551194295565,1,0,44.16721314191818,10.511908680200577,5.33306784927845,23.666471242904663,4.512962885200977,0.12032035738229752,33.70037954300642,18.475719,0.03221,32.41286,32.38065,0.044612,12.969583,91.491988,0.019527,6.313422,0.64098,81.28749,2.630549,91.523247,92.719943,19.522144317626953,21.732457,57.988143,0.340244,7.268983,14.463474,51.733223,0.494229,6.25492,0.50913,0.069777,2.618777,81.227041,0.3309760093688965,19.528831481933594,2.1949119567871094,51.720096588134766,0.48291200399398804,6.242656230926514,0.49798399209976196,0.07539200037717819,2.609855890274048,81.16937255859375,43,6.837845115690286,37616,6474,6262,1
live_a71__favorable_stable,71,split_ae32_uint4_q9800,FAVORABLE_STABLE,699,ue288_live_a71__favorable_stable:699,73,9.995595581829548,1789019551.109004,True,False,True,4,49129,1789019551164307231,1789019551164340438,1,1789019551200087439,1789019551200125756,1789019551200176119,1789019551200407216,1789019551297894067,1789019551299648992,1,0,43.31380035728216,13.499217107892036,4.0436116978526115,20.66353801637888,4.929022863507271,0.12464448809623718,29.82578705996275,25.338132,0.033207,35.818525,35.785318,0.038317,0.28146,97.434801,0.023248,2.579637,0.657896,90.379901,2.915513,97.486851,99.241776,20.83843231201172,29.179883,59.817707,0.120777,6.844174,22.335709,52.690481,0.509525,7.127226,0.533453,0.071052,2.899889,90.322578,0.11209599673748016,20.845439910888672,8.324671745300293,52.6794548034668,0.4963519871234894,7.113855838775635,0.5214080214500427,0.0806720033288002,2.8910720348358154,90.275390625,47,6.799840818343186,37449,6418,6206,1
live_a71__favorable_stable,71,split_ae32_uint4_q9800,FAVORABLE_STABLE,701,ue288_live_a71__favorable_stable:701,75,10.095595583319664,1789019551.2030203,True,False,True,4,59671,1789019551248746849,1789019551248786477,1,1789019551283612444,1789019551283661805,1789019551283721812,1789019551299660187,1789019551393841419,1789019551395567041,1,0,41.86557698994875,9.418351575732231,4.6899085864424706,23.026016540825367,4.596862010657787,0.11979881674051285,32.485755160450935,13.14292,0.039628,34.914956,34.875328,0.049361,15.998382,94.144622,0.021545,1.995413,1.348101,84.922034,3.378587,94.181232,95.906854,21.217248916625977,29.316614,53.738614999999996,0.650784,7.583228,21.733386,47.133458,0.498399,6.605157,0.516259,0.066597,3.362088,84.869913,0.6414399743080139,21.223424911499023,8.084128379821777,47.1195182800293,0.48764801025390625,6.592480182647705,0.5049920082092285,0.07420799881219864,3.3537919521331787,84.82608032226562,57,6.8063253519483,37089,6537,6325,1
live_a71__favorable_stable,71,split_ae32_uint4_q9800,FAVORABLE_STABLE,703,ue288_live_a71__favorable_stable:703,77,10.19559558480978,1789019551.3082652,True,False,True,4,59671,1789019551429543275,1789019551429591761,1,1789019551459002879,1789019551459080868,1789019551459164315,1789019551459192189,1789019551541752645,1789019551543061840,1,0,124.91261772811413,11.161857284605503,11.652618646621704,95.66075447946787,6.292111240327358,0.10070204734802246,113.75264637172222,7.407647,0.048486,29.537593,29.489107,0.077989,0.111321,82.502865,0.023255,3.459305,1.94977,72.655198,3.377895,82.560456,83.869651,20.862335205078125,23.844492000000002,47.487750999999996,0.127762,9.81999,14.024502,40.651959,0.497785,6.835792,0.493118,0.060577,3.362127,72.600411,0.11859200149774551,20.86835289001465,2.9681921005249023,40.63868713378906,0.4861440062522888,6.824128150939941,0.4824639856815338,0.07011199742555618,3.3523519039154053,72.54978942871094,57,6.838583377330764,36824,6483,6271,1
live_a71__favorable_stable,71,split_ae32_uint4_q9800,FAVORABLE_STABLE,705,ue288_live_a71__favorable_stable:705,79,10.295595586299896,1789019551.4039705,True,False,True,4,48122,1789019551524131562,1789019551524159175,1,1789019551556400733,1789019551556468306,1789019551556549503,1789019551556689888,1789019551635677758,1789019551638068933,1,0,61.91841512918472,0.0036871060729026794,3.077100031077862,19.648979417979717,2.3224595934152603,0.09031873196363449,25.187275372445583,68.671552,0.027613,32.336744,32.309131,0.067573,0.221582,78.904548,0.024299,8.100324,0.702106,66.020655,3.18669,78.98787,81.379045,22.738367080688477,25.320352,37.918256,0.140147,6.771191,18.549161,23.542852,1.890239,14.375404,0.522889,0.072493,3.171357,65.957166,0.13116799294948578,22.744863510131836,2.5673599243164062,23.526527404785156,1.873952031135559,14.361599922180176,0.5117759704589844,0.08182399719953537,3.1603519916534424,65.90684509277344,46,6.857283899213532,36838,6497,6285,1
live_a71__favorable_stable,71,split_ae32_uint4_q9800,FAVORABLE_STABLE,707,ue288_live_a71__favorable_stable:707,81,10.395595587790012,1789019551.5083308,True,False,True,4,51335,1789019551599619634,1789019551599644068,1,1789019551632928838,1789019551632968844,1789019551633023753,1789019551638081034,1789019551732121972,1789019551733393260,1,0,72.5488867610693,0.004280358552932739,1.7902106046676636,40.00885412096977,14.163175597786903,0.08947774767875671,56.09573982656002,18.405016,0.024434,33.34921,33.324776,0.040006,5.11219,94.003258,0.025077,6.530955,1.526041,81.942308,3.059076,94.040938,95.312226,21.789087295532227,39.842183,40.724636,0.137563,6.773454,33.068729,26.707029,0.489403,14.017607,0.522185,0.066472,3.045045,81.881582,0.12883199751377106,21.794912338256836,18.0347843170166,26.691360473632812,0.4784959852695465,14.005536079406738,0.5101119875907898,0.07705599814653397,3.0352320671081543,81.82752227783203,49,6.882798803408524,36752,6480,6268,1
live_a71__favorable_stable,71,split_ae32_uint4_q9800,FAVORABLE_STABLE,709,ue288_live_a71__favorable_stable:709,83,10.495595589280128,1789019551.6334283,True,False,True,4,55493,1789019551690227621,1789019551690266138,1,1789019551724336768,1789019551724383304,1789019551724437378,1789019551733404765,1789019551832284689,1789019551834592129,1,0,62.37894110381603,24.44789744913578,3.4050187095999718,29.30252067744732,4.6651773154735565,0.11097639799118042,37.53328509628773,18.199765,0.038517,34.155683,34.117166,0.046536,9.021461,98.843337,0.021566,6.218143,0.797016,87.513873,3.666208,98.879924,101.187364,22.571712493896484,44.125824,41.960903,0.136628,7.252465,36.873359,29.475875,0.517252,12.485028,0.549932,0.068292,3.651418,87.451802,0.12755200266838074,22.582176208496094,21.534975051879883,29.461952209472656,0.5058240294456482,12.472319602966309,0.5389119982719421,0.07884799689054489,3.6413118839263916,87.40223693847656,53,6.769255369967796,36787,6542,6330,1
live_a71__favorable_stable,71,split_ae32_uint4_q9800,FAVORABLE_STABLE,711,ue288_live_a71__favorable_stable:711,85,10.595595590770245,1789019551.7287767,True,False,True,4,53424,1789019551784169769,1789019551784204825,1,1789019551817840648,1789019551817883907,1789019551817933262,1789019551834606271,1789019551942777028,1789019551945492091,1,0,71.19057141244411,35.97789537161589,2.3823799565434456,26.169859804213047,5.787339992821217,0.2308012917637825,34.639861434698105,20.530683,0.035056,33.714138,33.679082,0.043259,16.722364,108.131086,0.023651,10.964283,0.864086,91.832504,3.088799,108.170757,110.88582,21.38595199584961,28.738652,60.52557,1.315157,6.949955,21.788697,53.975963,0.498185,6.549607,0.521431,0.067943,3.073462,91.767743,1.5452799797058105,21.386655807495117,7.117631912231445,53.961761474609375,0.4875839948654175,6.53715181350708,0.5106880068778992,0.07603199779987335,3.0639679431915283,91.70748901367188,51,6.807943330799463,36982,6497,6285,1
live_a71__favorable_stable,71,split_ae32_uint4_q9800,FAVORABLE_STABLE,713,ue288_live_a71__favorable_stable:713,87,10.69559559226036,1789019551.827678,True,False,True,4,58554,1789019551909755631,1789019551909791018,1,1789019551947356375,1789019551947389679,1789019551947436571,1789019551947533596,1789019552048067176,1789019552049400254,1,0,71.6400919482112,35.74830759316683,3.124391660094261,26.831037364900112,5.785712972283363,0.11676084250211716,35.907466895878315,46.069563,0.035387,37.634048,37.598661,0.033304,0.143917,100.475976,0.033743,6.520681,0.804732,85.345052,3.903923,100.53358,101.866658,21.278976440429688,32.387184,48.120251,0.718569,6.997552,25.389632,36.986499,2.868032,11.133752,1.033516,0.070214,3.888547,85.286349,0.8734719753265381,21.279680252075195,10.947487831115723,36.97328186035156,2.856287956237793,11.122112274169922,1.0228159427642822,0.07689599692821503,3.8790719509124756,85.23494720458984,56,6.792967711869442,37094,6518,6306,1
live_a71__favorable_stable,71,split_ae32_uint4_q9800,FAVORABLE_STABLE,715,ue288_live_a71__favorable_stable:715,89,10.795595593750477,1789019551.90625,True,False,True,4,49172,1789019551991742777,1789019551991777706,1,1789019552028210625,1789019552028262573,1789019552028334121,1789019552049412160,1789019552139458645,1789019552140651775,1,0,51.77471227943897,0.003536231815814972,4.425632767379284,25.07511805742979,5.493530072271824,0.11214707046747208,35.147788003087044,46.042652,0.034929,36.519796,36.484867,0.051948,21.149587,90.012507,0.020177,6.533135,0.885128,78.887389,2.884516,90.046485,91.239615,21.429183959960938,32.833051,41.624412,1.219784,8.300279,24.532772,31.018495,2.362286,10.605917,0.52047,0.064349,2.872138,78.833169,1.4678080081939697,21.429920196533203,11.147680282592773,31.31987190246582,2.052799940109253,10.59119987487793,0.5098239779472351,0.07763200253248215,2.8624000549316406,78.66815948486328,47,6.83158707876636,37292,6504,6292,1
live_a71__favorable_stable,71,split_ae32_uint4_q9800,FAVORABLE_STABLE,717,ue288_live_a71__favorable_stable:717,91,10.895595595240593,1789019552.0094128,True,False,True,4,41799,1789019552092872027,1789019552092910998,1,1789019552131549043,1789019552131608369,1789019552131677981,1789019552140662312,1789019552204352951,1789019552205482295,1,0,47.66007233411074,13.065888546407223,5.142667330801487,24.30704887956381,5.018777213990688,0.12571830302476883,34.65005289763212,48.702837,0.038971,38.736342,38.697371,0.059326,9.053943,63.655294,0.020956,14.177202,0.647283,45.141525,2.438174,63.690639,64.819983,15.6843843460083,19.870148,23.812633,0.245225,6.732774,13.137374,16.770264,0.494855,7.042369,0.518834,0.06228,2.423697,45.087513,0.3786559998989105,15.685983657836914,4.041791915893555,16.76652717590332,0.4832639992237091,7.031167984008789,0.5075200200080872,0.07228799909353256,2.415519952774048,45.040672302246094,40,6.792931943439182,37394,6498,6286,1
live_a71__favorable_stable,71,split_ae32_uint4_q9800,FAVORABLE_STABLE,719,ue288_live_a71__favorable_stable:719,93,10.995595596730709,1789019552.1156657,True,False,True,4,45990,1789019552176261925,1789019552176295044,1,1789019552217999068,1789019552218073187,1789019552218150135,1789019552218278129,1789019552365559943,1789019552367358824,1,0,55.104801431298256,20.90135868638754,5.531646311283112,22.826706990599632,5.736402235925198,0.1173233613371849,34.270149655640125,26.219533,0.033119,41.811262,41.778143,0.074119,0.204942,147.197737,0.024432,2.468084,0.809826,137.520985,2.818079,147.281814,149.080695,21.7774715423584,33.036373,96.167878,0.197026,7.034195,26.002178,82.278586,0.51668,13.889292,7.37532,0.078037,2.804167,137.461542,0.18928000330924988,21.783584594726562,11.244416236877441,82.26150512695312,0.5040320158004761,13.874208450317383,7.360352039337158,0.14534400403499603,2.7869760990142822,137.47555541992188,44,6.834434820714945,37612,6442,6230,1
live_a71__favorable_stable,71,split_ae32_uint4_q9800,FAVORABLE_STABLE,721,ue288_live_a71__favorable_stable:721,95,11.095595598220825,1789019552.2576902,True,False,True,4,46046,1789019552318755488,1789019552318787225,1,1789019552358432315,1789019552358484768,1789019552358547141,1789019552367370546,1789019552439028510,1789019552440282980,1,0,60.58389972895384,28.370965272188187,3.503866493701935,23.15894328057766,5.341817624866962,0.12305472046136856,32.188406214118004,28.779889,0.031737,39.72928,39.697543,0.052453,8.885778,71.620794,0.018583,1.233298,1.228708,63.527426,2.707919,71.657964,72.912434,15.26425552368164,18.660597,41.254909,0.324574,7.322356,11.338241,32.461401,2.606124,8.793508,0.501436,0.061616,2.692809,63.481329,0.31644800305366516,15.270751953125,3.382688045501709,32.448158264160156,2.594464063644409,8.782048225402832,0.4910080134868622,0.0759039968252182,2.683583974838257,63.45123291015625,44,6.772321376142243,37876,6382,6170,1
live_a71__favorable_stable,71,split_ae32_uint4_q9800,FAVORABLE_STABLE,723,ue288_live_a71__favorable_stable:723,97,11.195595599710941,1789019552.317355,True,False,True,4,41876,1789019552366350174,1789019552366409126,1,1789019552404594996,1789019552404647765,1789019552404699466,1789019552440296493,1789019552543406663,1789019552546124480,1,0,51.30810756236315,0.00403914600610733,2.4614809080958366,21.811100654304028,5.216849967837334,0.12009032070636749,29.650230892002583,17.035339,0.058952,38.297591,38.238639,0.052769,35.648728,103.067292,0.020764,2.660368,1.059127,95.913473,2.502244,103.11017,105.827987,22.956064224243164,33.66143,60.896058000000004,0.129175,6.736353,26.925077,54.086561,0.498093,6.809497,0.512741,0.066319,2.485721,95.853785,0.12035199999809265,22.96227264404297,10.688960075378418,54.0711669921875,0.4872319996356964,6.796800136566162,0.5019199848175049,0.07532799988985062,2.4938559532165527,95.8043212890625,40,6.813971841952488,38113,6450,6238,1
live_a71__favorable_stable,71,split_ae32_uint4_q9800,FAVORABLE_STABLE,725,ue288_live_a71__favorable_stable:725,99,11.295595601201057,1789019552.4115806,True,False,True,4,50256,1789019552481885236,1789019552481940257,1,1789019552519505009,1789019552519561021,1789019552519625358,1789019552546138430,1789019552630070111,1789019552631228072,1,0,43.01729705184698,5.474411882460117,5.119684152305126,27.036347426474094,5.191467702388763,0.11050887405872345,37.50759270042181,32.711675,0.055021,37.675785,37.620764,0.056012,26.577409,83.895659,0.024712,4.740167,0.748365,74.221471,3.003008,83.931681,85.089642,21.92367935180664,32.869460000000004,40.015325,0.125112,7.124519,25.744941,34.098757,0.506181,5.916568,0.499096,0.066111,2.989015,74.167742,0.11555200070142746,21.92969512939453,10.92908763885498,34.08457565307617,0.49478399753570557,5.9047040939331055,0.48793599009513855,0.0721919983625412,2.9791359901428223,74.11878204345703,48,6.898772496473521,38510,6479,6267,1
live_a71__favorable_stable,71,split_ae32_uint4_q9800,FAVORABLE_STABLE,727,ue288_live_a71__favorable_stable:727,101,11.395595602691174,1789019552.5135326,True,False,True,4,52383,1789019552585707541,1789019552585760881,1,1789019552627158806,1789019552627197973,1789019552627246749,1789019552631236619,1789019552707316834,1789019552709689007,1,0,50.673553720116615,10.968111455440521,5.69782592356205,27.930245734751225,5.916731432080269,0.1183217391371727,39.72315322607756,32.357604,0.05334,41.490432,41.437092,0.039167,4.038646,76.044364,0.022943,4.026579,0.580182,67.669649,3.03917,76.080215,78.452388,21.82899284362793,33.890659,31.623894,0.132713,7.101119,26.78954,19.175243,1.273711,12.448651,0.520739,0.073471,3.026703,67.608541,0.12412799894809723,21.83513641357422,12.047295570373535,19.160064697265625,1.2622720003128052,12.436832427978516,0.5092800259590149,0.08140800148248672,3.016160011291504,67.55865478515625,50,6.819350408673018,38787,6394,6182,1
live_a71__favorable_stable,71,split_ae32_uint4_q9800,FAVORABLE_STABLE,729,ue288_live_a71__favorable_stable:729,103,11.49559560418129,1789019552.6025367,True,False,True,4,39801,1789019552665997510,1789019552666051848,1,1789019552703004568,1789019552703056207,1789019552703113726,1789019552709699635,1789019552785667658,1789019552786857681,1,0,40.221452713012695,10.04365086555481,2.750227227807045,21.689659915864468,5.573607049882412,0.1196274533867836,30.18893115222454,33.176931,0.054338,37.058697,37.004359,0.051639,6.643428,75.928535,0.021429,1.928849,0.952295,69.753451,2.360113,75.968023,77.158046,19.697343826293945,23.400647,43.620076,1.293736,7.056154,16.344493,37.13867,0.498177,6.481406,0.523765,0.057873,2.345846,69.696248,1.7511999607086182,19.69923210144043,3.2352960109710693,37.1247673034668,0.48662400245666504,6.469247817993164,0.5138880014419556,0.06601600348949432,2.3356800079345703,69.64669036865234,38,6.89647961624531,38848,6435,6223,1
live_a71__favorable_stable,71,split_ae32_uint4_q9800,FAVORABLE_STABLE,731,ue288_live_a71__favorable_stable:731,105,11.595595605671406,1789019552.7035155,True,False,True,4,51209,1789019552758741338,1789019552758802380,1,1789019552795450737,1789019552795514274,1789019552795576854,1789019552795722413,1789019552857387133,1789019552858620023,1,0,44.77907624095678,12.585856951773167,3.4936172887682915,23.303063586354256,5.262578837573528,0.12942031025886536,32.24598802626133,22.865536,0.061042,36.772936,36.711894,0.063537,0.208139,61.600306,0.022661,4.457629,0.782276,52.635545,2.910377,61.66472,62.89761,21.46156883239746,28.383598,21.522157,0.116855,6.96422,21.419378,11.258308,1.902161,10.263849,0.501553,0.068023,2.898266,52.583332,0.10704000294208527,21.467679977416992,6.907264232635498,11.280223846435547,1.871392011642456,10.252767562866211,0.49139198660850525,0.07958400249481201,2.889631986618042,52.536319732666016,49,6.811218311449207,38819,6441,6229,1
live_a71__favorable_stable,71,split_ae32_uint4_q9800,FAVORABLE_STABLE,733,ue288_live_a71__favorable_stable:733,107,11.695595607161522,1789019552.803447,True,False,True,4,47116,1789019552853897148,1789019552853952873,1,1789019552894028112,1789019552894089189,1789019552894153366,1789019552894345525,1789019552983498727,1789019552984636485,1,0,44.217574410140514,9.4020189717412,6.148531101644039,23.769131861627102,4.7659240663051605,0.1221243292093277,34.869094379246235,15.476499,0.055725,40.192041,40.136316,0.061077,0.256336,89.100151,0.023003,3.664886,0.60223,78.830335,2.871344,89.153202,90.29096,20.764991760253906,24.336002999999998,52.213275,1.088542,6.866328,17.469675,46.495955,0.494751,5.71732,0.498027,0.059635,2.86073,78.778675,2.246079921722412,20.76665687561035,2.4072000980377197,46.481502532958984,0.4838719964027405,5.706687927246094,0.488319993019104,0.06995200365781784,2.852288007736206,78.73023986816406,45,6.921101575026796,38739,6354,6142,1
live_a71__favorable_stable,71,split_ae32_uint4_q9800,FAVORABLE_STABLE,735,ue288_live_a71__favorable_stable:735,109,11.795595608651638,1789019552.911647,True,False,True,4,49228,1789019552962763102,1789019552962826498,1,1789019553001295444,1789019553001385897,1789019553001449978,1789019553001491010,1789019553086153867,1789019553087398472,1,0,47.3033981397748,12.839741073548794,2.608504146337509,26.953077875077724,4.744792357087135,0.11425092816352844,34.47954449802637,16.53731,0.063396,38.622795,38.559399,0.090453,0.105113,84.585107,1.687271,1.203304,2.313436,74.203495,3.112114,84.662857,85.907462,21.48636817932129,24.051295,28.494488,0.235562,6.875677,17.175618,16.242182,11.518332,12.252306,9.685508,0.068589,3.100771,74.147919,0.22588799893856049,21.49295997619629,2.549247980117798,16.40982437133789,11.342432022094727,12.24118423461914,9.67311954498291,0.07715199887752533,3.0916481018066406,74.09603118896484,47,6.835490503754896,38600,6428,6216,1
live_a71__favorable_stable,71,split_ae32_uint4_q9800,FAVORABLE_STABLE,737,ue288_live_a71__favorable_stable:737,111,11.895595610141754,1789019553.0032008,True,False,True,4,42898,1789019553062639383,1789019553062701286,1,1789019553099521724,1789019553099580255,1789019553099642925,1789019553099812419,1789019553183516295,1789019553184635995,1,0,46.97099793702364,7.542259991168976,5.299250595271587,27.910872362554073,6.033279001712799,0.11979416012763977,39.480493403971195,19.858624,0.061903,36.940872,36.878969,0.058531,0.232164,83.636031,0.02471,2.076133,0.625614,75.121625,2.684145,83.703876,84.823576,19.574207305908203,23.484074,49.813526,0.620976,7.286273,16.197801,43.72536,0.520286,6.088166,0.500479,0.059747,2.672448,75.077501,0.6125440001487732,19.580768585205078,3.895103931427002,43.71161651611328,0.5095999836921692,6.077983856201172,0.49081599712371826,0.07014399766921997,2.663968086242676,75.03766632080078,41,6.882106531418965,38515,6422,6210,1
live_a71__favorable_stable,71,split_ae32_uint4_q9800,FAVORABLE_STABLE,739,ue288_live_a71__favorable_stable:739,113,11.99559561163187,1789019553.1078691,True,False,True,4,40825,1789019553164114471,1789019553164174421,1,1789019553205238670,1789019553205309192,1789019553205377375,1789019553205493319,1789019553289490830,1789019553290639281,1,0,49.177383072674274,11.203153990209103,5.63062634319067,27.43316814303398,4.774047993123531,0.11046044528484344,37.991843186318874,18.160704,0.05995,41.194721,41.134771,0.070522,0.184127,83.92471,0.02304,2.364862,0.692884,77.296862,2.647498,83.997511,85.145962,21.987071990966797,24.604222,50.721685,0.12411,7.610129,16.994093,44.476493,0.594468,6.245192,1.017216,0.072974,2.632718,77.232931,0.11609599739313126,21.992799758911133,2.568063974380493,44.44083023071289,0.5825279951095581,6.231616020202637,1.0062400102615356,0.07974400371313095,2.6230719089508057,77.17715454101562,39,6.794249458489446,38443,6375,6163,1
live_a71__favorable_stable,71,split_ae32_uint4_q9800,FAVORABLE_STABLE,741,ue288_live_a71__favorable_stable:741,115,12.095595613121986,1789019553.2027726,True,False,True,4,36590,1789019553254214783,1789019553254273075,1,1789019553288607454,1789019553288679218,1789019553288738786,1789019553290651330,1789019553379616678,1789019553380683699,1,0,40.28485994786024,10.331977158784866,3.846351057291031,21.097199991345406,4.876788705587387,0.12109149247407913,30.00644873827696,21.332061,0.058292,34.464435,34.406143,0.071764,1.972112,88.930437,0.021212,3.650251,0.728529,79.515733,2.181588,88.965348,90.032369,20.4234561920166,31.174069,46.035217,0.985817,6.921954,24.252115,33.193671,0.504069,12.841546,0.475938,0.064432,2.17041,79.458098,2.331455945968628,20.425119400024414,9.395071983337402,33.17955017089844,0.49353599548339844,12.829248428344727,0.46592000126838684,0.07673600316047668,2.1620800495147705,79.283203125,35,6.840130060851065,38409,6390,6178,1
live_a71__favorable_stable,71,split_ae32_uint4_q9800,FAVORABLE_STABLE,743,ue288_live_a71__favorable_stable:743,117,12.195595614612103,1789019553.3055432,True,False,True,4,42859,1789019553354308345,1789019553354417245,1,1789019553390227263,1789019553390293793,1789019553390360386,1789019553390381435,1789019553485004586,1789019553486182630,1,0,39.857517927885056,12.906964868307114,2.072043716907501,19.588308408856392,5.114688538014889,0.1273583620786667,26.96161810308695,21.695022,0.1089,35.985448,35.876548,0.06653,0.087642,94.566179,0.039957,2.115622,0.831139,86.590275,2.487795,94.623151,95.801195,21.44223976135254,28.201133,57.001129999999996,0.185116,6.832889,21.368244,50.920179,0.507107,6.080951,0.503392,0.059347,2.474632,86.540123,0.3601599931716919,21.442975997924805,6.577023983001709,50.90687942504883,0.4970560073852539,6.069568157196045,0.4938560128211975,0.06950400024652481,2.4656639099121094,86.49628448486328,41,6.772042946733123,38394,6425,6213,1
live_a71__favorable_stable,71,split_ae32_uint4_q9800,FAVORABLE_STABLE,745,ue288_live_a71__favorable_stable:745,119,12.295595616102219,1789019553.4174564,True,False,True,4,32417,1789019553462866748,1789019553462925502,1,1789019553498233905,1789019553498277082,1789019553498336051,1789019553498452369,1789019553582607290,1789019553583643250,1,0,55.065810680389404,25.3928629681468,2.0481105893850327,22.730381228029728,4.764684475958347,0.10848231613636017,29.69788946211338,15.603558,0.058754,35.410334,35.35158,0.043177,0.175287,84.088135,0.021496,2.907277,0.716156,77.548347,2.145649,84.154921,85.190881,19.771263122558594,28.838969,47.387549,0.120257,6.692375,22.146594,35.265292,0.474028,12.122257,0.521157,0.064407,2.134703,77.490357,0.11231999844312668,19.77199935913086,7.879392147064209,35.25088119506836,0.46351999044418335,12.112607955932617,0.5090879797935486,0.07571200281381607,2.1246719360351562,77.44764709472656,31,6.819168845819503,38390,6422,6210,1
live_a71__favorable_stable,71,split_ae32_uint4_q9800,FAVORABLE_STABLE,747,ue288_live_a71__favorable_stable:747,121,12.395595617592335,1789019553.5010977,True,False,True,4,46035,1789019553547243153,1789019553547299588,1,1789019553581564265,1789019553581606258,1789019553581664486,1789019553583655315,1789019553647675489,1789019553648879962,1,0,36.67182009667158,7.997915148735046,2.4290308356285095,20.08144836872816,6.004806607961655,0.12007448822259903,28.69859617203474,17.351984,0.056435,34.363105,34.30667,0.041993,2.049057,63.98525,0.046747,1.256954,0.425685,58.875549,2.712625,64.020174,65.224647,19.77020835876465,26.831104,30.792721999999998,0.092525,7.397134,19.43397,24.96034,0.495731,5.832382,0.491149,0.062426,2.699432,58.831468,0.08441600203514099,19.776063919067383,7.047584056854248,24.946367263793945,0.4841279983520508,5.820576190948486,0.48131200671195984,0.06924799829721451,2.690079927444458,58.8021125793457,44,6.7938679034601686,38472,6353,6141,1
live_a71__favorable_stable,71,split_ae32_uint4_q9800,FAVORABLE_STABLE,749,ue288_live_a71__favorable_stable:749,123,12.49559561908245,1789019553.612405,True,False,True,4,39653,1789019553664759299,1789019553664807710,1,1789019553688289241,1789019553688352942,1789019553688417073,1789019553688443182,1789019553782229402,1789019553784626285,1,0,49.12096448242664,15.262305736541748,4.123835824429989,23.995359428226948,5.59292733669281,0.12159440666437149,33.88705383986235,18.371658,0.048411,23.593643,23.545232,0.063701,0.09024,93.731089,0.0257,8.515978,1.835495,76.552147,3.608472,93.78622,96.183103,19.108095169067383,29.126154,44.993035000000006,1.095034,7.242471,21.883683,37.285051,0.509484,7.707984,0.623309,0.06417,3.594957,76.498714,1.7441279888153076,19.10883140563965,9.363712310791016,37.27119827270508,0.49827200174331665,7.695807933807373,0.613152027130127,1.2538559436798096,2.4503679275512695,77.63072204589844,38,6.828611297246956,38529,6417,6205,1
live_a71__favorable_stable,71,split_ae32_uint4_q9800,FAVORABLE_STABLE,751,ue288_live_a71__favorable_stable:751,125,12.595595620572567,1789019553.7057402,True,False,True,4,46918,1789019553769129146,1789019553769203910,1,1789019553808749207,1789019553808809637,1789019553808871677,1789019553808895673,1789019553893573468,1789019553894816421,1,0,50.15868786722422,10.889183729887009,6.790329702198505,27.247369289398193,5.090552382171154,0.11801812797784805,39.3029497936368,23.989805,0.074764,39.680491,39.605727,0.06043,0.086036,84.625478,0.019821,1.945181,1.588992,75.235358,2.798127,84.677795,85.920748,14.161151885986328,16.838727,55.738853,1.093453,6.961037,9.87769,48.016073,0.489931,7.72278,0.853285,0.071768,2.782341,75.177946,1.458847999572754,14.161888122558594,2.3060801029205322,48.00175857543945,0.47945600748062134,7.710559844970703,0.8376960158348083,0.0796160027384758,2.7719039916992188,75.12761688232422,45,6.754951274207039,38576,6403,6191,1
live_a71__favorable_stable,71,split_ae32_uint4_q9800,FAVORABLE_STABLE,753,ue288_live_a71__favorable_stable:753,127,12.695595622062683,1789019553.8003237,True,False,True,4,44923,1789019553843649305,1789019553843705670,1,1789019553884253918,1789019553884303515,1789019553884373224,1789019553894828758,1789019553982768309,1789019553983987257,1,0,40.718705393373966,10.25134976953268,2.416154369711876,22.715662606060505,5.199425853788853,0.11629238724708557,30.503742396831512,12.702045,0.056365,40.65421,40.597845,0.049597,10.525243,87.901196,0.019402,5.73145,2.322332,74.460022,2.80121,87.939551,89.158499,19.964256286621094,28.46516,44.575519,0.152302,7.146719,21.318441,32.318333,0.51086,12.257186,0.538063,0.061504,2.789101,74.400602,0.14528000354766846,19.96816062927246,8.484224319458008,32.30134582519531,0.49980801343917847,12.245216369628906,0.5275200009346008,0.0753600001335144,2.7800960540771484,74.34873962402344,43,6.823679558115907,38630,6402,6190,1
live_a71__favorable_stable,71,split_ae32_uint4_q9800,FAVORABLE_STABLE,755,ue288_live_a71__favorable_stable:755,129,12.7955956235528,1789019553.908094,True,False,True,4,35451,1789019553968690418,1789019553968755941,1,1789019554005866527,1789019554005938162,1789019554006012525,1789019554006032138,1789019554083248216,1789019554084326393,1,0,55.80197833478451,14.001376926898956,9.801291860640049,27.03777514398098,4.796166904270649,0.11037755757570267,41.80506430566311,18.701428,0.065523,37.247744,37.182221,0.071635,0.093976,77.167146,0.02055,1.842928,0.750005,71.212713,2.131839,77.216078,78.294255,20.318016052246094,24.094701,45.818276,0.110467,6.830176,17.264525,38.570923,0.494056,7.247353,0.50338,0.060923,2.122302,71.164984,0.10108800232410431,20.323871612548828,3.7622718811035156,38.55753707885742,0.483487993478775,7.237055778503418,0.4936000108718872,0.06911999732255936,2.1130239963531494,71.11746978759766,34,6.8739043403316575,38647,6419,6207,1
live_a71__favorable_stable,71,split_ae32_uint4_q9800,FAVORABLE_STABLE,757,ue288_live_a71__favorable_stable:757,131,12.895595625042915,1789019554.003558,True,False,True,4,47071,1789019554054940006,1789019554054998889,1,1789019554088915034,1789019554088951877,1789019554088997891,1789019554089028211,1789019554185986989,1789019554187182315,1,0,47.56641574203968,11.185058392584324,2.7178125455975533,25.726106949150562,7.803557440638542,0.12552551925182343,36.44073475152254,14.852528,0.058883,34.011871,33.952988,0.036843,0.076334,96.923978,0.019765,5.572771,0.729269,87.127501,2.68973,96.958778,98.154104,23.184255599975586,26.293231,59.447529,0.198014,7.872204,18.421027,53.424156,0.50163,6.023373,0.493754,0.059164,2.677282,87.07644,0.31382399797439575,23.184959411621094,2.9866559505462646,53.4114875793457,0.4909439980983734,6.012127876281738,0.48396798968315125,0.07043199986219406,2.6681599617004395,87.0317153930664,45,6.869558972684518,38647,6340,6128,1
live_a71__favorable_stable,71,split_ae32_uint4_q9800,FAVORABLE_STABLE,759,ue288_live_a71__favorable_stable:759,133,12.995595626533031,1789019554.1219866,True,False,True,4,51264,1789019554162338245,1789019554162366179,1,1789019554199972080,1789019554200032449,1789019554200095767,1789019554200262881,1789019554286436636,1789019554288246512,1,0,51.113465800881386,21.880370564758778,5.4764337837696075,21.225803531706333,2.3519564419984818,0.08872430771589279,29.196797870099545,11.076227,0.027934,37.694204,37.66627,0.060369,0.230432,86.092925,0.022533,1.333825,0.909605,79.504772,2.979721,86.173755,87.983631,20.125247955322266,28.290343,40.744988000000006,0.111456,6.917887,21.372456,34.817362,9.659546,5.927626,0.498877,0.062921,2.963412,79.453956,0.10304000228643417,20.131168365478516,8.150912284851074,34.80307388305664,9.647104263305664,5.9165120124816895,0.48873600363731384,0.07017599791288376,2.952255964279175,79.40422058105469,49,6.835237229960197,38644,6380,6168,1
live_a71__favorable_stable,71,split_ae32_uint4_q9800,FAVORABLE_STABLE,761,ue288_live_a71__favorable_stable:761,135,13.095595628023148,1789019554.2060096,True,False,True,4,47094,1789019554242124873,1789019554242156127,1,1789019554282537412,1789019554282590248,1789019554282645247,1789019554288260809,1789019554365771838,1789019554368843327,1,0,38.56417629867792,13.657433912158012,2.813166007399559,19.355283118784428,2.5852276012301445,0.08172169327735901,24.882938712835312,11.136724,0.031254,40.465375,40.434121,0.052836,5.670561,77.472739,0.055029,3.012009,1.18026,69.692487,2.715831,77.511029,80.582518,22.285791397094727,29.195247,38.667548,0.122178,6.773456,22.421791,21.515434,1.021213,17.152114,0.488039,0.062794,2.704464,69.639921,0.11376000195741653,22.291488647460938,6.894527912139893,21.502336502075195,1.0095679759979248,17.139808654785156,0.47734400629997253,0.07718399912118912,2.7067840099334717,69.60073852539062,45,6.891760666640425,38716,6472,6260,1
live_a71__favorable_stable,71,split_ae32_uint4_q9800,FAVORABLE_STABLE,763,ue288_live_a71__favorable_stable:763,137,13.195595629513264,1789019554.3155515,True,False,True,4,38675,1789019554361160770,1789019554361189943,1,1789019554397233483,1789019554397277273,1789019554397339552,1789019554397358601,1789019554483816964,1789019554489642986,1,0,50.043423660099506,22.972874343395233,3.4947730600833893,21.00601326674223,2.4396032094955444,0.08861813694238663,27.077456936240196,18.435803,0.029173,36.116503,36.08733,0.04379,0.081328,86.405989,0.024107,0.947249,1.559502,80.491325,2.333427,86.458363,92.284385,21.95020866394043,28.935100000000002,46.655587,0.173676,6.992276,21.942824,37.819685,1.666652,8.835902,2.848639,0.066311,2.323105,80.436502,0.29155200719833374,21.950944900512695,6.861311912536621,37.925472259521484,1.5529919862747192,8.823616027832031,2.838495969772339,0.07964800298213959,2.315232038497925,80.39100646972656,37,6.8010112730819525,38897,6503,6291,1
live_a71__favorable_stable,71,split_ae32_uint4_q9800,FAVORABLE_STABLE,765,ue288_live_a71__favorable_stable:765,139,13.29559563100338,1789019554.4237823,True,False,True,4,41822,1789019554477745430,1789019554477774841,1,1789019554517731095,1789019554517790682,1789019554517853022,1789019554517994126,1789019554588478085,1789019554589906911,1,0,55.887237191200256,21.216980181634426,2.6270439848303795,29.10322230309248,2.7863672003149986,0.0868057832121849,34.648021683096886,19.112813,0.029411,40.045252,40.015841,0.059587,0.203444,70.413689,0.02272,0.918559,0.796614,65.020562,2.619294,70.483959,71.912785,14.416064262390137,20.057142,42.061043,0.111424,6.938908,13.118234,28.907408,2.070769,13.153635,0.512511,0.071998,2.603545,64.969876,0.10188800096511841,14.422464370727539,5.624383926391602,28.994335174560547,1.9771840572357178,13.142687797546387,0.5020800232887268,0.08383999764919281,2.592992067337036,64.92675018310547,40,6.86036568768143,39060,6452,6240,1
live_a71__favorable_stable,71,split_ae32_uint4_q9800,FAVORABLE_STABLE,767,ue288_live_a71__favorable_stable:767,141,13.395595632493496,1789019554.503157,True,False,True,4,38671,1789019554545958932,1789019554545987793,1,1789019554585965504,1789019554585998920,1789019554586046209,1789019554589920305,1789019554688688213,1789019554689764389,1,0,40.92639498412609,11.050921864807606,3.350517712533474,23.85817188769579,2.4451473727822304,0.08544418960809708,29.7838868573308,12.91364,0.028861,40.039988,40.011127,0.033416,3.921385,98.729396,0.056803,2.23328,0.686836,92.628347,2.310694,98.767908,99.844084,23.569503784179688,26.567601,64.73989,0.125899,7.394599,19.173002,58.391646,0.50492,6.348244,0.493055,0.057469,2.299445,92.579196,0.11612799763679504,23.57548713684082,2.9848639965057373,58.378944396972656,0.49321600794792175,6.337376117706299,0.4838719964027405,0.06460800021886826,2.2907519340515137,92.523681640625,37,6.861408323180202,39111,6459,6247,1
live_a71__favorable_stable,71,split_ae32_uint4_q9800,FAVORABLE_STABLE,769,ue288_live_a71__favorable_stable:769,143,13.495595633983612,1789019554.6199505,True,False,True,4,41808,1789019554663479399,1789019554663506431,1,1789019554707645347,1789019554707754608,1789019554707858306,1789019554708044825,1789019554780323758,1789019554781887992,1,0,55.53815234452486,26.142893359065056,3.5862913355231285,23.359292186796665,2.3232009261846542,0.09521190077066422,29.407288879156113,14.01237,0.027032,44.275209,44.248177,0.109261,0.290217,72.208451,0.02351,2.40768,1.585369,61.976462,2.500276,72.278933,73.843167,14.380352020263672,17.778092,41.697655,0.124576,6.722251,11.055841,22.525907,0.502705,19.171748,1.648905,0.069659,2.488778,61.914724,0.11612799763679504,14.386303901672363,3.382335901260376,22.51091194152832,0.4905279874801636,19.159231185913086,1.6359039545059204,0.07779199630022049,2.479520082473755,61.86272048950195,40,6.844909082996957,39056,6532,6320,1
live_a71__favorable_stable,71,split_ae32_uint4_q9800,FAVORABLE_STABLE,771,ue288_live_a71__favorable_stable:771,145,13.595595635473728,1789019554.7102542,True,False,True,4,39718,1789019554810006897,1789019554810035827,1,1789019554834100159,1789019554834158424,1789019554834227797,1789019554834260424,1789019554919445461,1789019554920555825,1,0,97.38558903336525,7.828062400221825,4.828478209674358,82.26180821657181,2.3267194628715515,0.08816458284854889,89.56202398985624,9.929895,0.02893,24.151527,24.122597,0.058265,0.102,85.135624,0.027292,1.034305,1.33373,79.35404,2.495931,85.185037,86.295401,18.05072021484375,32.566548,43.005455000000005,2.554351,8.026813,24.539735,36.445244,0.519609,6.560211,0.494094,0.063543,2.484,79.299908,2.7644801139831543,18.051424026489258,14.300095558166504,36.43443298339844,0.5063999891281128,6.548768043518066,0.48399999737739563,0.07395199686288834,2.474112033843994,79.24934387207031,38,6.785643117662625,38911,6362,6150,1
live_a71__favorable_stable,71,split_ae32_uint4_q9800,FAVORABLE_STABLE,773,ue288_live_a71__favorable_stable:773,147,13.695595636963844,1789019554.8336046,True,False,True,4,50145,1789019554943587771,1789019554943609739,1,1789019554968627313,1789019554968814165,1789019554968904088,1789019554969056801,1789019555042569261,1789019555043735420,1,0,111.0764304175973,21.268775686621666,6.147452630102634,77.81172636896372,5.73776476085186,0.10372791439294815,89.87357933074236,19.987705,0.021968,25.226394,25.204426,0.186852,0.242636,73.437977,0.022353,4.880165,1.187762,61.39005,2.878615,73.51246,74.678619,19.749088287353516,31.663112,27.388903000000003,1.152742,7.018069,24.645043,21.387834,0.504009,6.001069,0.491676,0.054688,2.865117,61.339532,2.3065600395202637,19.750783920288086,10.75334358215332,21.37651252746582,0.49299201369285583,5.990911960601807,0.4827840030193329,0.0679360032081604,2.855168104171753,61.29414367675781,48,6.823799104864629,38848,6329,6117,1
live_a71__favorable_stable,71,split_ae32_uint4_q9800,FAVORABLE_STABLE,775,ue288_live_a71__favorable_stable:775,149,13.79559563845396,1789019554.9475257,True,False,True,4,44965,1789019555023582012,1789019555023609941,1,1789019555063837807,1789019555063912692,1789019555063987169,1789019555064011130,1789019555173084248,1789019555174274803,1,0,56.58231396228075,3.384774550795555,7.466264069080353,36.11452132463455,6.318366155028343,0.10015442967414856,50.07215775549412,25.904263,0.027929,40.33068,40.302751,0.074885,0.098438,109.008557,0.023117,1.50292,1.165994,101.120933,2.823285,109.073118,110.263673,19.606943130493164,38.880215,60.83967,0.140763,7.236205,31.64401,44.148554,0.506301,16.691116,0.514624,0.065681,2.810967,101.058221,0.13072000443935394,19.613183975219727,19.259424209594727,44.13286590576172,0.49478399753570557,16.678272247314453,0.5040640234947205,0.07846400141716003,2.80131196975708,100.99215698242188,43,6.895338014392557,38963,6389,6177,1
live_a71__favorable_stable,71,split_ae32_uint4_q9800,FAVORABLE_STABLE,777,ue288_live_a71__favorable_stable:777,151,13.895595639944077,1789019555.0708363,True,False,True,4,46047,1789019555168599042,1789019555168625233,1,1789019555207639805,1789019555207715308,1789019555207791206,1789019555208326040,1789019555289628185,1789019555291012807,1,0,61.86162866652012,10.001948103308678,7.481809705495834,38.88263087719679,5.363996140658855,0.08759461343288422,51.862883381545544,45.792437,0.026191,39.116266,39.090075,0.075503,0.610732,81.242997,0.024261,1.575115,0.586803,72.916698,2.691314,81.302145,82.686767,21.571775436401367,25.875443,45.564917,0.193795,7.040944,18.834499,39.611065,0.573734,5.953852,0.498214,0.061747,2.676096,72.862402,0.1844159960746765,21.577472686767578,4.284448146820068,39.59244918823242,0.5613120198249817,5.941952228546143,0.4867520034313202,0.06943999975919724,2.6664319038391113,72.80850982666016,44,6.920648310527652,39033,6309,6097,1
live_a71__favorable_stable,71,split_ae32_uint4_q9800,FAVORABLE_STABLE,779,ue288_live_a71__favorable_stable:779,153,13.995595641434193,1789019555.1392848,True,False,True,4,51266,1789019555209891532,1789019555209919610,1,1789019555228990400,1789019555229043470,1789019555229104148,1789019555291026221,1789019555370079174,1789019555371458173,1,0,73.28959833830595,0.0035446137189865112,2.38155759871006,21.03122230619192,2.3275716230273247,0.08665770292282104,25.855605490505695,14.744849,0.028078,19.151938,19.12386,0.05307,61.982751,79.016897,0.021543,1.921527,0.603813,72.697134,3.131477,79.052953,80.431952,22.402912139892578,30.983714000000003,36.738826,0.56395,7.556546,23.427168,23.188741,0.504997,13.550085,3.686662,0.069529,3.119558,72.639605,0.5550400018692017,22.409088134765625,8.562239646911621,23.173568725585938,0.4935680031776428,13.538528442382812,3.67792010307312,0.14086399972438812,3.0936319828033447,72.65644836425781,49,6.79574706804192,38985,6423,6211,1
live_a71__favorable_stable,71,split_ae32_uint4_q9800,FAVORABLE_STABLE,781,ue288_live_a71__favorable_stable:781,155,14.095595642924309,1789019555.2133167,True,False,True,4,49120,1789019555263961646,1789019555264034827,1,1789019555299415272,1789019555299461226,1789019555299515455,1789019555371470835,1789019555466987247,1789019555468223817,1,0,46.61985859274864,2.7882251888513565,2.370249480009079,19.80514172464609,2.4838894605636597,0.09380094707012177,24.807418696582317,25.730548,0.073181,35.49958,35.426399,0.045954,72.009609,95.481517,0.02021,1.765801,0.46123,89.619015,3.050774,95.516412,96.752982,18.666879653930664,20.945512,62.935629000000006,0.100108,7.32679,13.618722,42.738373,0.835748,20.197256,4.612018,0.068025,3.033273,89.569185,0.09158399701118469,18.672224044799805,2.265471935272217,43.083648681640625,0.4827840030193329,20.183488845825195,4.601183891296387,0.21456000208854675,2.9372799396514893,89.671875,47,6.8349714876733785,38998,6422,6210,1
live_a71__favorable_stable,71,split_ae32_uint4_q9800,FAVORABLE_STABLE,783,ue288_live_a71__favorable_stable:783,157,14.195595644414425,1789019555.3203607,True,False,True,4,56399,1789019555368657508,1789019555368722354,1,1789019555406693570,1789019555406737898,1789019555406792908,1789019555468236102,1789019555548401899,1789019555550561613,1,0,61.258479952812195,23.762380704283714,6.771869026124477,25.762148201465607,4.734213463962078,0.11330656707286835,37.44090627878904,10.078666,0.064846,38.08039,38.015544,0.044328,61.498204,80.127482,0.024079,1.005673,0.503342,74.47037,3.318518,80.165797,82.325511,22.131519317626953,44.924301,27.926616000000003,0.167296,7.025315,37.898986,21.932466,0.504279,5.99415,0.761639,0.065525,3.300062,74.42159,0.3338879942893982,22.13222312927246,22.617311477661133,21.91619110107422,0.49321600794792175,6.011551856994629,0.7394880056381226,0.07292799651622772,3.2900478839874268,74.38813018798828,54,6.881511935588693,39063,6414,6202,1
live_a71__favorable_stable,71,split_ae32_uint4_q9800,FAVORABLE_STABLE,785,ue288_live_a71__favorable_stable:785,159,14.295595645904541,1789019555.429441,True,False,True,4,69995,1789019555510020202,1789019555510080604,1,1789019555551011094,1789019555551054175,1789019555551109487,1789019555551124835,1789019555638994002,1789019555640351722,1,0,50.334203988313675,17.820059321820736,4.665720276534557,22.92619366198778,4.7452859580516815,0.11630356311798096,32.503098249435425,47.984707,0.060402,41.033973,40.973571,0.043081,0.07066,87.8267,0.021093,1.32278,0.710885,78.378267,4.276852,87.869167,89.226887,19.37830352783203,30.379359,45.430501,1.20676,7.172505,23.206854,39.575796,0.519759,5.854705,0.631583,0.073197,4.254076,78.323875,1.8757760524749756,19.380159378051758,10.328384399414062,39.561119079589844,0.5090559720993042,5.842591762542725,0.6211839914321899,0.07494399696588516,4.243072032928467,78.27977752685547,67,6.821045488750678,38981,6407,6195,1
live_a71__favorable_stable,71,split_ae32_uint4_q9800,FAVORABLE_STABLE,787,ue288_live_a71__favorable_stable:787,161,14.395595647394657,1789019555.5095892,True,False,True,4,50184,1789019555587683776,1789019555587747213,1,1789019555626702740,1789019555626773958,1789019555626842562,1789019555640364565,1789019555740016960,1789019555741282399,1,0,38.138353265821934,0.003157183527946472,2.3140674456954002,19.718813709914684,4.814187064766884,0.11647678911685944,27.01406553387642,49.775559,0.063437,39.090182,39.026745,0.071218,13.590607,99.614048,0.020172,1.277256,0.516591,94.307893,2.888755,99.652395,100.917834,16.55686378479004,33.514742999999996,59.496947,0.102681,6.931293,26.58345,53.407247,0.499518,6.0897,0.505122,0.067581,2.873944,94.258914,0.09459199756383896,16.562944412231445,16.944351196289062,53.39299011230469,0.48844799399375916,6.07696008682251,0.4946559965610504,0.07228799909353256,2.8650240898132324,94.22227478027344,48,6.865316218044821,38836,6369,6157,1
live_a71__favorable_stable,71,split_ae32_uint4_q9800,FAVORABLE_STABLE,789,ue288_live_a71__favorable_stable:789,163,14.495595648884773,1789019555.607031,True,False,True,4,59576,1789019555675020672,1789019555675085697,1,1789019555709237269,1789019555709298241,1789019555709364960,1789019555741294576,1789019555828447016,1789019555829705017,1,0,42.24308021366596,9.644527919590473,3.3965548500418663,24.376059882342815,4.7057149931788445,0.11870265007019043,32.649725675582886,35.252358,0.065025,34.277569,34.212544,0.060972,31.996335,87.112463,0.021547,1.123423,0.498692,81.447805,3.399103,87.15244,88.410441,24.074495315551758,33.549839999999996,45.2435,0.106972,6.957363,26.592477,36.551486,1.851476,8.692014,0.503559,0.066928,3.384725,81.396493,0.09836799651384354,24.080703735351562,9.461312294006348,37.58060836791992,0.8148800134658813,8.679903984069824,0.49321600794792175,0.07823999971151352,3.374624013900757,81.36393737792969,57,6.811336562956817,38748,6437,6225,1
live_a71__favorable_stable,71,split_ae32_uint4_q9800,FAVORABLE_STABLE,791,ue288_live_a71__favorable_stable:791,165,14.59559565037489,1789019555.7073848,True,False,True,4,44901,1789019555777369541,1789019555777439635,1,1789019555814711496,1789019555814760997,1789019555814819952,1789019555829717848,1789019555899142611,1789019555904807788,1,0,44.875348918139935,10.388101451098919,5.8786580339074135,23.104325868189335,4.856249317526817,0.1345789059996605,34.03922449797392,35.533032,0.070094,37.391456,37.321362,0.049501,14.956851,69.390066,0.020288,1.076678,0.449208,63.290972,3.984624,69.424763,75.08994,17.314847946166992,33.38652,28.145968000000003,0.096388,7.373865,26.012655,21.060991,0.486711,7.084977,0.996532,0.063849,3.970046,63.246872,0.0875839963555336,17.32089614868164,16.05516815185547,21.04572868347168,0.4752959907054901,7.0731520652771,0.9870079755783081,0.07251200079917908,2.792288064956665,63.21516799926758,43,6.927408086124464,38692,6420,6208,1
live_a71__favorable_stable,71,split_ae32_uint4_q9800,FAVORABLE_STABLE,793,ue288_live_a71__favorable_stable:793,167,14.695595651865005,1789019555.804806,True,False,True,4,52227,1789019555864631089,1789019555864698746,1,1789019555926525463,1789019555926760482,1789019555926842783,1789019555926868240,1789019556007962403,1789019556012410435,1,0,45.30646465718746,10.861512273550034,6.72303419560194,22.534120827913284,5.041266791522503,0.13190601021051407,34.49646010994911,25.078391,0.067657,62.129393,62.061736,0.235019,0.107758,81.041567,0.021136,1.798634,0.623736,74.780455,3.004611,81.094163,85.542195,14.709983825683594,19.450094,53.488017,0.119939,7.796246,11.653848,40.798938,1.02139,12.689079,0.503404,0.061299,2.992458,74.730799,0.11030399799346924,14.716320037841797,4.722559928894043,40.78278350830078,1.0100799798965454,12.67471981048584,0.4927999973297119,0.07583999633789062,2.9844160079956055,74.68985748291016,50,6.8404788434059265,38661,6353,6141,1
live_a71__favorable_stable,71,split_ae32_uint4_q9800,FAVORABLE_STABLE,795,ue288_live_a71__favorable_stable:795,169,14.795595653355122,1789019555.9058995,True,False,True,4,39784,1789019555967529532,1789019555967601705,1,1789019556026347086,1789019556026417595,1789019556026487163,1789019556026513317,1789019556128917494,1789019556130063061,1,0,49.05843921005726,11.920248158276081,8.393301628530025,23.646511137485504,4.855971783399582,0.12017041444778442,37.07664553076029,24.365166,0.072173,58.888063,58.81589,0.070509,0.095722,102.357952,0.019746,1.282886,0.642812,97.047836,2.541951,102.404177,103.549744,18.96963119506836,34.03434,60.05344100000001,0.109732,7.707419,26.326921,50.310481,2.136207,9.74296,0.508541,0.06264,2.527986,96.992191,0.10054399818181992,18.976224899291992,15.0480318069458,50.302433013916016,2.1252799034118652,9.729887962341309,0.4976319968700409,0.07814399898052216,2.518079996109009,96.95203399658203,38,6.877966721608663,38650,6359,6147,1
live_a71__favorable_stable,71,split_ae32_uint4_q9800,FAVORABLE_STABLE,797,ue288_live_a71__favorable_stable:797,171,14.895595654845238,1789019556.0034022,True,False,True,4,48080,1789019556058328653,1789019556058394425,1,1789019556113247602,1789019556113462793,1789019556113528208,1789019556130076743,1789019556205777041,1789019556210159098,1,0,39.30636774748564,12.061179615557194,2.310735173523426,19.34551540762186,5.46504370868206,0.1163361594080925,27.28973049670458,27.534988,0.065772,55.13414,55.068368,0.215191,16.61395,75.663904,0.021089,1.071919,0.430471,70.693267,2.858573,75.700298,80.082355,17.479999542236328,33.325135,35.833397,0.096827,7.032811,26.292324,21.549191,0.749192,14.284206,0.497984,0.069907,2.844574,70.643186,0.08848000317811966,17.48531150817871,15.83084774017334,21.80348777770996,0.4856640100479126,14.270112037658691,0.48611199855804443,0.08086399734020233,2.8353281021118164,70.61433410644531,46,6.803350390461426,38626,6290,6078,1
live_a71__favorable_stable,71,split_ae32_uint4_q9800,FAVORABLE_STABLE,799,ue288_live_a71__favorable_stable:799,173,14.995595656335354,1789019556.1052194,True,False,True,4,47117,1789019556165101796,1789019556165170899,1,1789019556201611151,1789019556201705566,1789019556201774433,1789019556210172864,1789019556288034780,1789019556289721153,1,0,40.66975321620703,12.996139004826546,2.4608466774225235,19.676915369927883,5.27957733720541,0.12009404599666595,27.587981894612312,32.079845,0.069103,36.60377,36.534667,0.094415,8.467298,77.82051,0.020764,3.545874,0.730654,68.560538,2.729,77.861916,79.548289,19.997343063354492,27.796923,39.452312,0.121766,7.265471,20.531452,33.708782,0.498909,5.74353,0.493822,0.060013,2.715523,68.510184,0.11299200356006622,20.002975463867188,7.785823822021484,33.694847106933594,0.48793599009513855,5.731776237487793,0.4837439954280853,0.06870400160551071,2.706592082977295,68.46099090576172,45,6.898186244752484,38621,6365,6153,1
live_a71__favorable_stable,71,split_ae32_uint4_q9800,FAVORABLE_STABLE,801,ue288_live_a71__favorable_stable:801,175,15.09559565782547,1789019556.2032073,True,False,True,4,45942,1789019556254378506,1789019556254449038,1,1789019556290567753,1789019556290609650,1789019556290670395,1789019556290912254,1789019556382725861,1789019556383860270,1,0,40.471578016877174,11.081225238740444,3.300280310213566,21.199800074100494,4.714594222605228,0.1124376431107521,29.373385943472385,21.568601,0.070532,36.231144,36.160612,0.041897,0.302604,91.773778,0.022668,3.618915,1.16734,83.465348,2.692995,91.813607,92.948016,21.695104598999023,28.996544,47.966969000000006,0.125161,7.014069,21.982475,41.957672,5.680289,6.009297,0.490579,0.060257,2.681211,83.410456,0.11609599739313126,21.701087951660156,7.286367893218994,41.94364929199219,5.668064117431641,5.997439861297607,0.48127999901771545,0.06675200164318085,2.6724801063537598,83.35747528076172,44,6.810537944205889,38657,6401,6189,1
live_a71__favorable_stable,71,split_ae32_uint4_q9800,FAVORABLE_STABLE,803,ue288_live_a71__favorable_stable:803,177,15.195595659315586,1789019556.31712,True,False,True,4,47029,1789019556364900728,1789019556364927030,1,1789019556400710822,1789019556400793797,1789019556400871340,1789019556401077416,1789019556468135115,1789019556470249127,1,0,55.72587624192238,25.08477307856083,2.311090938746929,25.740837678313255,2.456745132803917,0.07743295282125473,30.624561943113804,16.829707,0.026302,35.893069,35.866767,0.082975,0.283619,67.001417,0.020166,2.460296,0.769113,60.156131,2.756022,67.057699,69.171711,20.06550407409668,25.585288000000002,31.593466,0.122753,7.517178,18.06811,21.82123,1.281743,9.772236,1.359541,0.067232,2.743273,60.101624,0.11299200356006622,20.071712493896484,5.505216121673584,21.80601692199707,1.2686079740524292,9.759872436523438,1.3480960130691528,0.07727999985218048,2.7340800762176514,60.053409576416016,45,6.9318345911630255,38688,6346,6134,1
live_a71__favorable_stable,71,split_ae32_uint4_q9800,FAVORABLE_STABLE,805,ue288_live_a71__favorable_stable:805,179,15.295595660805702,1789019556.399388,True,False,True,4,53298,1789019556480812999,1789019556480837472,1,1789019556513651000,1789019556513715724,1789019556513786575,1789019556513824227,1789019556588512519,1789019556589776180,1,0,70.65332867205143,7.940847426652908,2.220015972852707,54.90767676383257,5.451284348964691,0.12113340198993683,62.757572159171104,18.567725,0.024473,32.902725,32.878252,0.064724,0.108503,74.632221,0.022679,2.099398,0.705154,67.738201,3.203916,74.688292,75.951953,21.035327911376953,23.732891000000002,42.651303,0.135586,8.170876,15.562015,35.549274,0.505569,7.102029,0.496761,0.060955,3.192228,67.680459,0.12572799623012543,21.04297637939453,2.679392099380493,35.53526306152344,0.4941439926624298,7.090208053588867,0.48611199855804443,0.06857600063085556,3.183199882507324,67.62019348144531,51,6.844813768991843,38693,6347,6135,1
live_a71__favorable_stable,71,split_ae32_uint4_q9800,FAVORABLE_STABLE,807,ue288_live_a71__favorable_stable:807,181,15.395595662295818,1789019556.5025132,True,False,True,4,55431,1789019556575520275,1789019556575555392,1,1789019556610636425,1789019556610701747,1789019556610778071,1789019556610808726,1789019556736863390,1789019556739268864,1,0,49.81927014887333,10.017549619078636,4.485975950956345,28.072810731828213,6.992284208536148,0.15189778059720993,39.85788952559233,33.041589,0.035117,35.181472,35.146355,0.065322,0.106979,125.986679,0.027957,9.304875,0.821258,109.660036,5.11991,126.054664,128.460138,23.00876808166504,40.730419999999995,55.352596999999996,0.160111,12.118903,28.611517,40.200334,7.262274,15.152263,5.846914,0.108118,5.092319,109.578211,0.14950400590896606,23.020736694335938,17.696063995361328,40.17862319946289,7.243775844573975,15.13212776184082,5.830272197723389,0.09967999905347824,5.076863765716553,109.51513671875,53,6.855774591946309,38761,6314,6102,1
live_a71__favorable_stable,71,split_ae32_uint4_q9800,FAVORABLE_STABLE,809,ue288_live_a71__favorable_stable:809,183,15.495595663785934,1789019556.6244779,True,False,True,4,54363,1789019556671628114,1789019556671653408,1,1789019556707980647,1789019556708043481,1789019556708106478,1789019556739286177,1789019556849581536,1789019556862566564,1,0,43.90983656048775,16.283605247735977,3.799187019467354,21.310131065547466,2.3375973105430603,0.08698180317878723,27.58492063730955,19.470665,0.025294,36.415367,36.390073,0.062834,31.242696,110.239454,0.024525,9.077123,0.877989,92.912523,4.987639,110.295359,123.280387,24.81839942932129,33.573282,57.463141,0.183538,11.782115,21.791167,49.259042,0.708319,8.204099,0.690648,0.088197,4.961286,92.832331,0.17174400389194489,24.826847076416016,8.732416152954102,49.23884963989258,0.6943359971046448,8.187775611877441,0.6754879951477051,0.08390399813652039,4.946752071380615,92.75904083251953,52,6.8466515137837956,38843,6375,6163,1
live_a71__favorable_stable,71,split_ae32_uint4_q9800,FAVORABLE_STABLE,811,ue288_live_a71__favorable_stable:811,185,15.59559566527605,1789019556.7128532,True,False,True,4,43833,1789019556784171627,1789019556784201946,1,1789019556824787347,1789019556824847563,1789019556824910228,1789019556862587826,1789019556961989546,1789019556965273825,1,0,42.60930232703686,10.907855816185474,5.57058397680521,23.541491478681564,2.447267062962055,0.10242406278848648,31.726567074656487,39.488207,0.030319,40.675936,40.645617,0.060216,37.740263,99.348068,0.026162,6.082706,0.810694,88.281554,2.789456,99.40172,102.685999,20.09609603881836,23.54073,60.508165,1.30023,10.972066,12.568664,42.749804,0.560727,17.758361,2.099592,0.077526,2.774378,88.201448,1.7026560306549072,20.096799850463867,3.035583972930908,42.73209762573242,0.5483199954032898,17.744192123413086,2.0871360301971436,0.14857600629329681,2.6306560039520264,88.19894409179688,42,6.853273014968248,38777,6399,6187,1
live_a71__favorable_stable,71,split_ae32_uint4_q9800,FAVORABLE_STABLE,813,ue288_live_a71__favorable_stable:813,187,15.695595666766167,1789019556.8065007,True,False,True,4,41780,1789019556863499505,1789019556863513874,1,1789019556901409153,1789019556901592879,1789019556901671888,1789019556965286446,1789019557071356639,1789019557072605448,1,0,44.437226839363575,10.757572017610073,7.248914800584316,23.524271324276924,2.7547255158424377,0.09216554462909698,33.67751371115446,23.240059,0.014369,38.093374,38.079005,0.183726,63.693567,106.034665,0.022434,5.965193,0.645702,94.590213,3.130822,106.070193,107.319002,20.565343856811523,25.521025,62.559028,0.125875,7.0076,18.513425,53.096517,5.611202,9.462511,0.56332,0.065717,3.109177,94.532809,0.11708799749612808,20.571392059326172,4.939839839935303,54.02511978149414,4.670752048492432,9.450240135192871,0.5524479746818542,0.5458880066871643,2.6902079582214355,94.9570541381836,40,6.851374829616968,38754,6450,6238,1
live_a71__favorable_stable,71,split_ae32_uint4_q9800,FAVORABLE_STABLE,815,ue288_live_a71__favorable_stable:815,189,15.795595668256283,1789019556.9117928,True,False,True,4,43949,1789019556960163657,1789019556960186992,1,1789019556997549358,1789019556997634845,1789019556997697391,1789019557072619986,1789019557164994881,1789019557167567879,1,0,40.78749753534794,9.959040209650993,4.9449373036623,23.319595493376255,2.4039139971137047,0.09800586849451065,30.824774876236916,17.445621,0.023335,37.471188,37.447853,0.085487,74.985141,92.337781,0.019973,1.839088,1.222356,83.511527,2.600133,92.374895,94.947893,15.0698881149292,18.116189,62.983404,0.211219,7.827069,10.28912,40.204239,1.039742,22.779165,0.92347,0.072703,2.588521,83.444652,0.20236800611019135,15.07590389251709,3.029695987701416,40.187137603759766,1.027232050895691,22.765504837036133,0.9105280041694641,0.08153600245714188,2.578687906265259,83.39212799072266,42,6.852548594194907,38790,6383,6171,1
live_a71__favorable_stable,71,split_ae32_uint4_q9800,FAVORABLE_STABLE,817,ue288_live_a71__favorable_stable:817,191,15.895595669746399,1789019557.0078888,True,False,True,4,51225,1789019557043641576,1789019557043668831,1,1789019557078221284,1789019557078273012,1789019557078336364,1789019557167580790,1789019557263403379,1789019557264648273,1,0,33.88671111315489,7.096013054251671,2.3643411695957184,21.947884000837803,2.347603440284729,0.08280947804450989,26.7909811809659,8.87176,0.027255,34.631436,34.604181,0.051728,89.307778,95.789359,0.019923,5.389736,0.677451,86.193867,2.93615,95.822589,97.067483,14.338432312011719,16.554538,67.890202,0.117553,6.840012,9.714526,45.422831,0.908765,22.467371,0.512427,0.065208,2.923745,86.137097,0.10921599715948105,14.344287872314453,2.180608034133911,45.47244644165039,0.8490239977836609,22.454463958740234,0.5010240077972412,0.07872000336647034,2.9153599739074707,86.09500885009766,49,6.853402245860953,38810,6352,6140,1
live_a71__favorable_stable,71,split_ae32_uint4_q9800,FAVORABLE_STABLE,819,ue288_live_a71__favorable_stable:819,193,15.995595671236515,1789019557.1098158,True,False,True,4,51144,1789019557162303414,1789019557162338925,1,1789019557198220189,1789019557198267662,1789019557198327187,1789019557264660420,1789019557333465500,1789019557334664409,1,0,41.49682819843292,6.980327889323235,4.7130584716796875,24.383921176195145,4.987029358744621,0.11373870074748993,34.302481450140476,17.905998,0.035511,35.964248,35.928737,0.047473,66.392758,68.772944,0.019892,1.534296,1.302709,59.897014,2.919518,68.80508,70.003989,16.554431915283203,27.125715,28.742642,1.909031,6.80606,20.319655,22.737862,1.443908,6.00478,0.496007,0.05842,2.907148,59.850529,3.063040018081665,16.55516815185547,9.411520004272461,22.74233627319336,1.4303359985351562,5.993951797485352,0.4864319860935211,0.07209599763154984,2.8984639644622803,59.816287994384766,49,6.845315300234158,38837,6290,6078,1
live_a71__favorable_stable,71,split_ae32_uint4_q9800,FAVORABLE_STABLE,821,ue288_live_a71__favorable_stable:821,195,16.09559567272663,1789019557.2057917,True,False,True,4,51188,1789019557259319433,1789019557259350725,1,1789019557296483652,1789019557296535154,1789019557296594574,1789019557334676569,1789019557405913545,1789019557407319987,1,0,40.757748298346996,8.393177762627602,4.686453379690647,21.655944176018238,5.872784182429314,0.12006238102912903,32.40168374031782,21.02403,0.031292,37.215721,37.184429,0.051502,38.141415,71.199504,0.019916,3.72803,0.728924,63.223964,2.925944,71.236976,72.643418,16.44063949584961,21.617738,40.335367000000005,0.13052,6.852082,14.765656,33.909083,0.473073,6.426284,0.480568,0.056531,2.912734,63.174041,0.1250240057706833,16.444576263427734,5.162975788116455,33.893280029296875,0.4636479914188385,6.415040016174316,0.47196799516677856,0.06777600198984146,2.9028480052948,63.13430404663086,49,6.853189155168868,38951,6310,6098,1
live_a71__favorable_stable,71,split_ae32_uint4_q9800,FAVORABLE_STABLE,823,ue288_live_a71__favorable_stable:823,197,16.195595674216747,1789019557.29936,True,False,True,4,53311,1789019557360211534,1789019557360236148,1,1789019557386416408,1789019557386467277,1789019557386528836,1789019557407333293,1789019557527019184,1789019557528347199,1,0,48.85994177311659,11.563741602003574,4.189837723970413,29.179169796407223,3.7898579612374306,0.10793004184961319,37.324272096157074,23.431341,0.024614,26.255743,26.231129,0.050869,20.866016,119.644437,0.021037,3.629975,0.603351,111.423855,3.368899,119.685891,121.013906,21.715871810913086,25.925628,77.111413,0.446873,6.836548,19.08908,65.792446,0.52884,11.318967,7.167522,0.081742,3.35365,111.35715,0.4291839897632599,21.722400665283203,4.193632125854492,65.7775650024414,0.5160959959030151,11.308032035827637,7.152768135070801,0.08156800270080566,3.339616060256958,111.29974365234375,51,6.847264727521065,39189,6371,6159,1
live_a71__favorable_stable,71,split_ae32_uint4_q9800,FAVORABLE_STABLE,825,ue288_live_a71__favorable_stable:825,199,16.295595675706863,1789019557.4376876,True,False,True,4,42913,1789019557479728447,1789019557479777320,1,1789019557517292812,1789019557517347366,1789019557517408864,1789019557528361476,1789019557598010148,1789019557606026860,1,0,49.298913218081,24.092047475278378,1.7148563638329506,20.582675002515316,2.3775575682520866,0.08000992238521576,24.793085642158985,17.142117,0.048873,37.618919,37.570046,0.054554,11.01411,69.472169,0.021637,1.145268,0.512314,64.11352,3.025293,69.648672,77.665384,17.152128219604492,29.524335999999998,33.294022999999996,0.110856,7.025471,22.498865,26.294006,0.492714,7.000017,0.510512,0.062339,3.013191,64.065688,0.10239999741315842,17.158527374267578,12.3569917678833,26.2807674407959,0.48259198665618896,6.9878082275390625,0.5003200173377991,0.0740479975938797,2.531424045562744,64.03600311279297,41,6.851874988075529,39367,6462,6250,1
live_a71__favorable_stable,71,split_ae32_uint4_q9800,FAVORABLE_STABLE,827,ue288_live_a71__favorable_stable:827,201,16.39559567719698,1789019557.503945,True,False,True,4,43926,1789019557559820230,1789019557559873264,1,1789019557599825044,1789019557599866553,1789019557599919838,1789019557606040434,1789019557662640834,1789019557663786677,1,0,37.2174521908164,10.828687809407711,3.8608312606811523,19.908261485397816,2.4754339829087257,0.09218789637088776,26.394824497401714,29.392454,0.053034,40.046323,39.993289,0.041509,6.173881,56.560976,0.019621,3.318967,2.102644,46.984383,2.619355,56.6004,57.746243,16.124895095825195,18.586283,27.115714,0.134825,7.022796,11.563487,21.025713,0.485353,6.090001,0.479238,0.050424,2.608915,46.936605,0.1255040019750595,16.131071090698242,2.4473280906677246,21.012096405029297,0.47574400901794434,6.081376075744629,0.4708159863948822,0.06579200178384781,2.599423885345459,46.89238357543945,42,6.658928191668548,39570,6428,6216,1
live_a71__favorable_stable,71,split_ae32_uint4_q9800,FAVORABLE_STABLE,829,ue288_live_a71__favorable_stable:829,203,16.495595678687096,1789019557.6069155,True,False,True,4,48057,1789019557642422718,1789019557642488639,1,1789019557713049643,1789019557713126055,1789019557713200859,1789019557713226734,1789019557799280064,1789019557804784780,1,0,39.27068319171667,11.779935099184513,4.595520906150341,20.424259826540947,2.3440849035978317,0.08184276521205902,27.49132178723812,7.866424,0.065921,70.703337,70.637416,0.076412,0.100679,85.996732,0.021912,1.419996,1.492186,77.973849,2.908734,86.05333,91.558046,15.642463684082031,17.853217,45.24537599999999,0.1954,7.087294,10.765923,35.788132,0.509205,9.457244,13.931275,0.076352,2.891264,77.906479,0.3124159872531891,15.643199920654297,2.0866880416870117,35.77475357055664,0.4984639883041382,9.445792198181152,13.918399810791016,0.08691199868917465,2.8808319568634033,77.85651397705078,46,6.874974727261047,39779,6400,6188,1
live_a71__favorable_stable,71,split_ae32_uint4_q9800,FAVORABLE_STABLE,831,ue288_live_a71__favorable_stable:831,205,16.59559568017721,1789019557.7658668,True,False,True,4,51211,1789019557834713484,1789019557834739692,1,1789019557855973087,1789019557856058429,1789019557856139508,1789019557856340148,1789019557944355057,1789019557945893382,1,0,49.82896614819765,10.305688716471195,9.169693104922771,26.30320843309164,3.9005111902952194,0.08479878306388855,39.52912241220474,29.134457,0.026208,21.344945,21.318737,0.085342,0.281719,87.946857,0.023247,1.633281,0.581591,81.74291,3.151589,88.014909,89.553234,20.449600219726562,23.077179,53.413193,0.105068,9.408792,13.668387,46.684402,4.289417,6.728791,0.643535,0.069189,3.130722,81.689038,0.09619200229644775,20.455615997314453,2.612287998199463,47.60636901855469,3.3568320274353027,6.71446418762207,0.6325439810752869,0.07353600114583969,3.1190080642700195,81.63577270507812,49,6.726395118600409,39821,6464,6252,1
live_a71__favorable_stable,71,split_ae32_uint4_q9800,FAVORABLE_STABLE,833,ue288_live_a71__favorable_stable:833,207,16.695595681667328,1789019557.8307097,True,False,True,4,52267,1789019557904726261,1789019557904751949,1,1789019557945670139,1789019557945711820,1789019557945825143,1789019557945902519,1789019558064145158,1789019558065502582,1,0,62.46147211641073,0.0041387975215911865,4.77410014718771,27.952049858868122,2.368718385696411,0.0837063416838646,35.23224592208862,33.89744,0.025688,40.985559,40.959871,0.041681,0.190699,118.205956,0.019477,2.780277,0.605485,108.640125,3.18826,118.242639,119.600063,20.774240493774414,35.072871,71.092626,1.110899,7.448911,27.62396,46.816475,0.587752,24.276151,0.55158,0.076084,3.173806,108.582767,2.593791961669922,20.77631950378418,12.807647705078125,46.801822662353516,0.5764480233192444,24.261791229248047,0.539680004119873,0.08355200290679932,3.163583993911743,108.53619384765625,50,6.832002456689665,39745,6479,6267,1
live_a71__favorable_stable,71,split_ae32_uint4_q9800,FAVORABLE_STABLE,835,ue288_live_a71__favorable_stable:835,209,16.795595683157444,1789019557.912371,True,False,True,4,63739,1789019557991093856,1789019557991119527,1,1789019558028406656,1789019558028453972,1789019558028512721,1789019558065514715,1789019558140895987,1789019558142345270,1,0,56.75153061747551,3.7984754890203476,5.03874383866787,39.64520990848541,8.166316896677017,0.08679181337356567,52.98637878149748,25.667909,0.025671,37.360116,37.334445,0.047316,37.060743,75.340773,0.019057,1.453369,1.420543,66.632253,3.838612,75.381272,76.830555,14.356608390808105,16.700493,46.642984,0.176257,7.340214,9.360279,39.758289,0.601987,6.884695,2.317057,0.069169,3.81524,66.580046,0.10275200009346008,14.362655639648438,2.3278720378875732,39.743072509765625,0.5909119844436646,6.8725762367248535,2.3053441047668457,0.15324799716472626,3.775424003601074,66.62290954589844,61,6.751584619775677,39641,6490,6278,1
live_a71__favorable_stable,71,split_ae32_uint4_q9800,FAVORABLE_STABLE,837,ue288_live_a71__favorable_stable:837,211,16.89559568464756,1789019558.013206,True,False,True,4,45933,1789019558059905005,1789019558059938205,1,1789019558096881314,1789019558096929752,1789019558096987429,1789019558142358596,1789019558228121465,1789019558229392503,1,0,44.8744110763073,17.065810970962048,2.405255101621151,20.5074530094862,4.754636436700821,0.1277383416891098,27.854464016854763,18.34846,0.0332,37.024747,36.991547,0.048438,45.428844,85.65536,0.020859,1.958991,1.062062,79.017253,2.952382,85.762869,87.033907,21.83839988708496,28.352099,48.496841,0.114452,7.522292,20.829807,31.250993,0.516943,17.245848,1.302712,0.083262,2.935564,78.949874,0.10623999685049057,21.84796714782715,6.492415904998779,31.235200881958008,0.506496012210846,17.233888626098633,1.289728045463562,0.0902400016784668,2.9231040477752686,78.90620422363281,44,6.852413918403595,39497,6472,6260,1
live_a71__favorable_stable,71,split_ae32_uint4_q9800,FAVORABLE_STABLE,839,ue288_live_a71__favorable_stable:839,213,16.995595686137676,1789019558.1048415,True,False,True,4,42867,1789019558142109686,1789019558142143695,1,1789019558180240118,1789019558180290587,1789019558180354843,1789019558229406957,1789019558311901585,1789019558314806327,1,0,35.48505622893572,9.87390335649252,2.058585174381733,18.648618832230568,4.745856858789921,0.12494344264268875,25.63092578202486,11.392369,0.034009,38.180901,38.146892,0.050469,49.11637,82.449928,0.020287,1.953031,0.557175,76.462155,2.819774,82.494628,85.39937,20.10598373413086,33.556058,36.843402999999995,0.107446,7.477197,26.078861,21.684454,1.125662,15.158949,4.543073,0.078255,2.799431,76.401172,0.09971199929714203,20.112703323364258,13.429727554321289,21.66873550415039,1.1127680540084839,15.145248413085938,4.530720233917236,0.08540800213813782,2.7879679203033447,76.3664321899414,41,6.771239974480663,39415,6473,6261,1
live_a71__favorable_stable,71,split_ae32_uint4_q9800,FAVORABLE_STABLE,841,ue288_live_a71__favorable_stable:841,215,17.095595687627792,1789019558.205494,True,False,True,4,51271,1789019558265597145,1789019558265628918,1,1789019558300766518,1789019558300820386,1789019558300882696,1789019558314819740,1789019558398594237,1789019558403916622,1,0,43.89630910009146,13.413015753030777,2.5055883452296257,22.8868555277586,4.844008944928646,0.11759158223867416,30.40951117873192,29.474185,0.031773,35.223241,35.191468,0.053868,13.999354,83.733796,0.021179,1.24939,0.466503,77.027885,3.152138,83.774497,89.096882,17.544384002685547,21.917634999999997,51.354233,1.11564,7.28248,14.635155,43.926722,0.590875,7.427511,1.842189,0.073068,3.137988,76.974311,2.371295928955078,17.545120239257812,3.1152639389038086,43.911006927490234,0.5807999968528748,7.415999889373779,1.8310400247573853,0.08028800040483475,3.128063917160034,76.93510437011719,49,6.7299216133471464,39473,6468,6256,1
live_a71__favorable_stable,71,split_ae32_uint4_q9800,FAVORABLE_STABLE,843,ue288_live_a71__favorable_stable:843,217,17.19559568911791,1789019558.3038132,True,False,True,4,43954,1789019558351904463,1789019558351934518,1,1789019558392431348,1789019558392499426,1789019558392724839,1789019558403930194,1789019558499921538,1789019558504286828,1,0,46.04089353233576,11.80432178080082,5.053668282926083,23.927985690534115,5.020448938012123,0.1172209158539772,34.180957823991776,13.811377,0.030055,40.594963,40.564908,0.068078,11.430768,95.950001,0.021262,1.273032,1.446658,86.855115,2.936278,95.991344,100.356634,22.60710334777832,26.411678000000002,42.803337,0.144931,7.452892,18.958786,33.975635,9.857774,8.827702,7.388727,0.078954,2.919351,86.784016,0.1353600025177002,22.61350440979004,3.7867839336395264,33.95939254760742,9.842687606811523,8.812704086303711,7.377408027648926,0.08441600203514099,2.7854719161987305,86.72956848144531,42,6.831661410872554,39486,6408,6196,1
live_a71__favorable_stable,71,split_ae32_uint4_q9800,FAVORABLE_STABLE,845,ue288_live_a71__favorable_stable:845,219,17.295595690608025,1789019558.404236,True,False,True,4,38686,1789019558449684980,1789019558449709890,1,1789019558483800278,1789019558483866845,1789019558483936161,1789019558504302339,1789019558585673788,1789019558586877731,1,0,40.62640480697155,10.559267364442348,5.116015672683716,22.327730432152748,2.4058781564235687,0.08513219654560089,30.002199113368988,15.356733,0.02491,34.181865,34.156955,0.066567,20.435494,81.328447,0.023307,1.928745,0.734409,75.347973,2.57512,81.371449,82.575392,21.93120002746582,29.81957,43.814959,0.483261,7.228984,22.590586,37.000341,0.512275,6.814618,0.504321,0.06439,2.561488,75.291024,0.4735040068626404,21.93731117248535,7.870687961578369,36.98303985595703,0.5021759867668152,6.80406379699707,0.4939199984073639,0.07251200079917908,2.5523200035095215,75.24137878417969,37,6.766418316853945,39458,6477,6265,1
live_a71__favorable_stable,71,split_ae32_uint4_q9800,FAVORABLE_STABLE,847,ue288_live_a71__favorable_stable:847,221,17.39559569209814,1789019558.4978864,True,False,True,4,52260,1789019558540102189,1789019558540134848,1,1789019558581015557,1789019558581068920,1789019558581129356,1789019558586890766,1789019558740344210,1789019558741536664,1,0,37.01436799019575,7.985641248524189,4.370847716927528,22.157423198223114,2.312733791768551,0.099879689514637,29.056484811007977,13.060512,0.032659,40.966731,40.934072,0.053363,5.821846,153.414346,0.020636,1.995631,0.52497,147.307706,2.959216,153.453444,154.645898,21.7827205657959,25.961757,114.620877,0.130597,7.561966,18.399791,106.841753,5.79181,7.779124,0.51425,0.066111,2.946912,147.174557,0.12195199728012085,21.789087295532227,4.163167953491211,106.8094711303711,5.773600101470947,7.764800071716309,0.503711998462677,0.07206399738788605,2.935231924057007,147.12460327148438,50,6.714190848370374,39482,6532,6320,1
live_a71__favorable_stable,71,split_ae32_uint4_q9800,FAVORABLE_STABLE,849,ue288_live_a71__favorable_stable:849,223,17.495595693588257,1789019558.6161065,True,False,True,4,57515,1789019558679763176,1789019558679786689,1,1789019558716186930,1789019558716232390,1789019558716365276,1789019558741549152,1789019558815411494,1789019558816729491,1,0,63.0853995680809,18.22911761701107,5.975439213216305,32.36029576510191,5.639730021357536,0.12216996401548386,44.14413869380951,19.429601,0.023513,36.469214,36.445701,0.04546,25.316762,73.824732,0.020444,8.344006,0.665277,60.650885,3.414919,73.862342,75.180339,16.00079917907715,27.968493,30.823738999999996,0.148715,6.798253,21.17024,17.949436,0.973926,12.874303,0.508559,0.065774,3.400096,60.588014,0.1387840062379837,16.007551193237305,11.951423645019531,18.43395233154297,0.48080000281333923,12.86195182800293,0.49689599871635437,0.07734400033950806,3.385632038116455,60.533409118652344,55,6.854888612107961,39550,6429,6217,1
live_a71__favorable_stable,71,split_ae32_uint4_q9800,FAVORABLE_STABLE,851,ue288_live_a71__favorable_stable:851,225,17.595595695078373,1789019558.7202687,True,False,True,4,60689,1789019558778168685,1789019558778192029,1,1789019558812364352,1789019558812427349,1789019558812482520,1789019558816741800,1789019558900453812,1789019558903711813,1,0,56.35857582092285,18.06438621133566,4.359405487775803,31.22945874929428,2.5015482679009438,0.08466746658086777,38.31085376441479,19.496143,0.023344,34.258664,34.23532,0.062997,4.314451,83.671831,0.020536,1.470074,0.518721,74.540726,3.653161,83.712012,86.970013,22.458879470825195,33.78013,32.826009,0.126003,7.034182,26.745948,23.889611,7.102656,8.936398,0.498606,0.064872,3.634025,74.483096,0.11744000017642975,22.465503692626953,11.306879997253418,24.894304275512695,6.08684778213501,8.922847747802734,0.48873600363731384,0.07900799810886383,3.624959945678711,74.4425277709961,58,6.770732415241921,39600,6414,6202,1
live_a71__favorable_stable,71,split_ae32_uint4_q9800,FAVORABLE_STABLE,853,ue288_live_a71__favorable_stable:853,227,17.69559569656849,1789019558.8552747,True,False,True,4,59682,1789019558919270532,1789019558919289683,1,1789019558938694053,1789019558938774459,1789019558938853404,1789019558938960209,1789019559035383566,1789019559036709845,1,0,70.10265719145536,27.417332865297794,2.082514576613903,36.86320222914219,2.7065007016062737,0.41623786091804504,42.130110785365105,21.796751,0.019151,19.503927,19.484776,0.080406,0.18575,96.343346,0.027826,1.688952,0.681294,89.690992,3.37161,96.423357,97.749636,22.804447174072266,31.905598,55.214397000000005,1.130957,6.9615,24.944098,45.812679,0.555129,9.401718,0.666351,0.07097,3.354975,89.633549,1.1229439973831177,22.810752868652344,9.086655616760254,45.79999923706055,0.5212479829788208,9.390303611755371,0.6551039814949036,0.07631999999284744,3.344575881958008,89.58102416992188,57,6.753716663711688,39599,6378,6166,1
live_a71__favorable_stable,71,split_ae32_uint4_q9800,FAVORABLE_STABLE,855,ue288_live_a71__favorable_stable:855,229,17.795595698058605,1789019558.9218175,True,False,True,4,58621,1789019558974520318,1789019558974546904,1,1789019559019077439,1789019559019124153,1789019559019185745,1789019559036722760,1789019559125707427,1789019559127582356,1,0,47.35454544425011,0.9718704968690872,4.068219102919102,23.31100683659315,2.4175960570573807,0.08716154843568802,29.933142475783825,22.688861,0.026586,44.603835,44.577249,0.046714,17.598607,88.941814,0.019609,2.15726,0.557859,80.807506,4.775943,88.984667,90.859596,24.020416259765625,32.349866,47.146549,0.123903,7.522348,24.827518,39.257353,0.50086,7.889196,0.495202,0.061082,4.756748,80.754837,0.11488000303506851,24.026432037353516,8.314751625061035,39.24252700805664,0.4902400076389313,7.878047943115234,0.48499199748039246,0.07161600142717361,3.5970239639282227,80.71641540527344,56,6.628623227358429,39587,6396,6184,1
live_a71__favorable_stable,71,split_ae32_uint4_q9800,FAVORABLE_STABLE,857,ue288_live_a71__favorable_stable:857,231,17.89559569954872,1789019559.0007389,True,False,True,4,54399,1789019559080007881,1789019559080037544,1,1789019559127436492,1789019559127468850,1789019559127516991,1789019559127592966,1789019559208186054,1789019559212521226,1,0,50.99913291633129,10.298333130776882,3.8457000628113747,29.680966399610043,7.003989070653915,0.29707979410886765,40.876139886677265,38.305374,0.029663,47.460969,47.431306,0.032358,0.124116,80.554068,0.021218,4.527427,0.931642,71.048404,3.142901,80.593088,84.92826,15.507488250732422,21.047653,41.98654,0.123113,7.718946,13.328707,34.041128,0.519448,7.945412,7.163257,0.07066,3.128162,70.991769,0.11407999694347382,15.51375961303711,5.525856018066406,34.0266227722168,0.5080959796905518,7.93225622177124,7.149983882904053,0.0788159966468811,3.1188480854034424,70.95081329345703,52,6.079917655983237,39574,6322,6110,1
live_a71__favorable_stable,71,split_ae32_uint4_q9800,FAVORABLE_STABLE,859,ue288_live_a71__favorable_stable:859,233,17.995595701038837,1789019559.1042063,True,False,True,4,60703,1789019559168607596,1789019559168631617,1,1789019559216211911,1789019559216266485,1789019559216325156,1789019559216346034,1789019559296885648,1789019559298336441,1,0,46.239529736340046,11.919315904378891,6.562471389770508,25.225109420716763,2.356584183871746,0.08516665548086166,34.29078496992588,30.028075,0.024021,47.658889,47.634868,0.054574,0.079549,80.106957,0.02042,1.008327,0.515928,74.151415,3.728657,80.539614,81.990407,21.101696014404297,23.344476,48.94709,0.348127,7.140844,16.203632,42.769678,0.736494,6.177412,0.577281,0.070462,3.713793,74.106124,0.33983999490737915,21.107807159423828,2.2274880409240723,42.75689697265625,0.7252799868583679,6.164735794067383,0.5665599703788757,0.21420800685882568,3.6125121116638184,74.19977569580078,58,5.368831063095363,39573,6479,6267,1
live_a71__favorable_stable,71,split_ae32_uint4_q9800,FAVORABLE_STABLE,861,ue288_live_a71__favorable_stable:861,235,18.095595702528954,1789019559.2061033,True,False,True,4,71128,1789019559257933876,1789019559257959890,1,1789019559286340322,1789019559286389024,1789019559286441402,1789019559298347836,1789019559382912897,1789019559386269817,1,0,46.91099934279919,9.67348087579012,4.222054034471512,30.173913575708866,2.3516258224844933,0.08212123066186905,36.87690012156963,14.86435,0.026014,28.455148,28.429134,0.048702,11.958812,84.528985,0.019728,1.202842,1.125959,74.512669,4.15828,84.565061,87.921981,20.520320892333984,25.775612000000002,46.8131,0.199551,7.468834,18.306778,36.944883,1.036402,9.868217,0.500124,0.05866,4.141544,74.46535,0.1706559956073761,20.527584075927734,5.239744186401367,36.93260955810547,1.025056004524231,9.85632038116455,0.4902079999446869,0.07481600344181061,4.131872177124023,74.40025329589844,68,4.6587986973950795,39571,6428,6216,1
live_a71__favorable_stable,71,split_ae32_uint4_q9800,FAVORABLE_STABLE,863,ue288_live_a71__favorable_stable:863,237,18.19559570401907,1789019559.306543,True,False,True,4,58589,1789019559365334530,1789019559365358401,1,1789019559396725026,1789019559396802473,1789019559396892785,1789019559397094306,1789019559482695810,1789019559483914819,1,0,44.97125372290611,11.474541388452053,4.80970274657011,25.924263522028923,2.374897710978985,0.08400902152061462,33.24205707758665,25.461573,0.023871,31.467943,31.444072,0.077447,0.291833,85.53356,0.023292,2.437431,0.934162,75.590134,3.288466,85.601504,86.820513,19.78166389465332,23.180714,46.253296,1.096574,7.008429,16.172285,34.598351,4.348218,11.654945,0.508486,0.064557,3.276461,75.532108,1.6193599700927734,19.783552169799805,2.8678081035614014,34.58464050292969,4.337120056152344,11.642080307006836,0.49699199199676514,0.07711999863386154,3.2675840854644775,75.49385833740234,56,3.9523676724518904,39641,6338,6126,1
live_a71__favorable_stable,71,split_ae32_uint4_q9800,FAVORABLE_STABLE,865,ue288_live_a71__favorable_stable:865,239,18.295595705509186,1789019559.4072664,True,False,False,4,61715,1789019559461529312,1789019559461552208,1,1789019559492991472,1789019559493041505,1789019559493111766,1789019559493271659,1789019560058237784,1789019560059574300,1,0,40.105718187987804,7.192040793597698,5.682135932147503,24.661817587912083,2.3677749559283257,0.08449051529169083,32.84538257867098,21.337931,0.022896,31.512193,31.489297,0.050033,0.230154,564.885858,0.021709,5.094774,0.728892,553.702961,4.570677,564.966125,566.302641,21.23414421081543,73.336212,478.726788,0.128293,6.924183,66.412029,465.230222,0.812584,13.496566,0.499779,0.059536,4.558912,553.647874,0.1186240017414093,21.24064064025879,52.08358383178711,464.6830749511719,0.7576320171356201,13.48528003692627,0.48982399702072144,1.2042880058288574,3.456511974334717,554.732421875,59,3.2507052096378426,39673,6323,6111,1
live_a71__favorable_stable,71,split_ae32_uint4_q9800,FAVORABLE_STABLE,867,ue288_live_a71__favorable_stable:867,241,18.395595706999302,1789019559.5244584,False,,,4,,1789019559567216719,1789019559567243149,1,,,,,,,,,57.76006728410721,21.246192045509815,3.591093234717846,30.359040945768356,2.3444853723049164,0.224212184548378,36.57220769673586,6.096908,0.02643,,,,,,,,,,,,,,,,,,,,,,,,,,,,,,,,,,,,,2.554064589941904,39642,6395,6183,1
live_a71__favorable_stable,71,split_ae32_uint4_q9800,FAVORABLE_STABLE,869,ue288_live_a71__favorable_stable:869,243,18.495595708489418,1789019559.6044056,False,,,4,,1789019559672591007,1789019559672618240,1,,,,,,,,,28.384742327034473,0.004403293132781982,5.105365999042988,20.093543455004692,3.064076416194439,0.08719507604837418,28.38587574660778,16.974543,0.027233,,,,,,,,,,,,,,,,,,,,,,,,,,,,,,,,,,,,,1.8630272724119015,39647,6368,6156,1
live_a71__favorable_stable,71,split_ae32_uint4_q9800,FAVORABLE_STABLE,871,ue288_live_a71__favorable_stable:871,245,18.595595709979534,1789019559.7003665,False,,,4,,1789019559736791193,1789019559736818882,1,,,,,,,,,38.18165510892868,9.71086136996746,3.4003574401140213,22.23141398280859,2.5343280285596848,0.08996948599815369,28.311005793511868,7.966226,0.027689,,,,,,,,,,,,,,,,,,,,,,,,,,,,,,,,,,,,,1.5200529411623702,39617,6414,6202,1
live_a71__favorable_stable,71,split_ae32_uint4_q9800,FAVORABLE_STABLE,873,ue288_live_a71__favorable_stable:873,247,18.69559571146965,1789019559.8036354,False,,,4,,1789019559842140393,1789019559842165813,1,,,,,,,,,36.186338402330875,9.38323326408863,3.5464903339743614,20.75914293527603,2.370051108300686,0.09149033576250076,26.815341785550117,11.590398,0.02542,,,,,,,,,,,,,,,,,,,,,,,,,,,,,,,,,,,,,0.4957344666762856,39614,6472,6260,1
live_a71__favorable_stable,71,split_ae32_uint4_q9800,FAVORABLE_STABLE,875,ue288_live_a71__favorable_stable:875,249,18.795595712959766,1789019559.9012594,True,False,True,4,52283,1789019559949252216,1789019559949276564,1,1789019559976012785,1789019559976073682,1789019559976143468,1789019560059586767,1789019560174293757,1789019560177346028,1,0,43.49968023598194,10.481169447302818,6.569456309080124,23.055145516991615,3.1650951132178307,0.1653013750910759,33.076612278819084,14.736724,0.024348,26.821466,26.797118,0.060897,83.513085,114.672157,0.019968,0.829273,0.452969,108.122301,3.305506,114.70699,117.759261,39.951297760009766,50.615443,51.554923,0.09202,31.668641,18.946802,42.915557,5.050998,8.639366,0.633694,0.061528,3.290269,108.079921,0.08454400300979614,39.95711898803711,10.599007606506348,42.89750289916992,5.0391998291015625,8.626463890075684,0.623520016670227,0.07129599899053574,3.280992031097412,108.052001953125,50,0.008006128196319882,39659,6430,6218,1
live_a71__favorable_stable,71,split_ae32_uint4_q9800,FAVORABLE_STABLE,877,ue288_live_a71__favorable_stable:877,251,18.895595714449883,1789019560.0031457,True,False,True,4,56507,1789019560036862615,1789019560036890402,1,1789019560093027344,1789019560093072761,1789019560093126511,1789019560177358483,1789019560268759201,1789019560270181583,1,0,34.92734953761101,10.207010433077812,2.088789828121662,20.159865729510784,2.3504048585891724,0.08955225348472595,24.73176922649145,8.893027,0.027787,56.210146,56.182359,0.045417,84.285722,91.353711,0.021282,1.056465,0.613927,85.349559,3.469028,91.400718,92.8231,18.319839477539062,27.376173,54.032648,0.173441,7.271637,20.104536,43.110622,1.960895,10.922026,1.611302,0.065883,3.454002,85.299641,0.3596160113811493,18.320575714111328,8.861632347106934,43.508670806884766,1.555840015411377,10.910176277160645,1.5999679565429688,0.07766400277614594,3.4445760250091553,85.26140594482422,54,0.006099071229528293,39643,6440,6228,1
live_a71__favorable_stable,71,split_ae32_uint4_q9800,FAVORABLE_STABLE,879,ue288_live_a71__favorable_stable:879,253,18.99559571594,1789019560.1084485,True,False,True,4,63846,1789019560206630988,1789019560206655139,1,1789019560230528585,1789019560230597051,1789019560230661700,1789019560270196528,1789019560370945569,1789019560372801140,1,0,78.57755944132805,14.931845478713512,35.42528487741947,24.60220456123352,3.482481464743614,0.0777076929807663,63.62542323768139,34.477831,0.024151,23.966063,23.941912,0.068466,39.599477,100.709434,0.023955,1.219115,0.583938,93.008188,5.215775,100.749041,102.604612,22.14316749572754,35.730824999999996,54.329685,0.32164,7.826494,27.904331,40.896053,0.79375,13.433632,1.643104,0.064955,5.198157,92.958664,1.462656021118164,22.143903732299805,12.43660831451416,40.87977600097656,0.7832959890365601,13.421664237976074,1.632032036781311,1.7381759881973267,3.5712320804595947,94.58617401123047,61,0.0,39634,6425,6213,1
live_a71__favorable_stable,71,split_ae32_uint4_q9800,FAVORABLE_STABLE,881,ue288_live_a71__favorable_stable:881,255,19.095595717430115,1789019560.206219,True,False,True,4,67963,1789019560247904508,1789019560247932241,1,1789019560280720274,1789019560280789952,1789019560280858165,1789019560372813776,1789019560453719800,1789019560455036485,1,0,38.835434243083,0.002787448465824127,2.8242943808436394,19.48770508170128,2.478702925145626,0.09262096136808395,24.929692968726158,15.54329,0.027733,32.885444,32.857711,0.069678,92.023824,80.8711,0.019679,1.033132,0.52513,74.969878,3.735173,80.906024,82.222709,20.83625602722168,31.004307,42.640912,0.099161,8.061725,22.942582,35.411162,0.531827,7.22975,0.519093,0.061646,3.720694,74.924237,0.09148799628019333,20.84227180480957,10.146719932556152,35.39673614501953,0.5182080268859863,7.217631816864014,0.5092160105705261,0.0719359964132309,3.711359977722168,74.89759826660156,65,0.0,39665,6365,6153,1
live_a71__favorable_stable,71,split_ae32_uint4_q9800,FAVORABLE_STABLE,883,ue288_live_a71__favorable_stable:883,257,19.19559571892023,1789019560.3082035,True,False,True,4,64891,1789019560346271936,1789019560346300173,1,1789019560377361181,1789019560377403162,1789019560377456008,1789019560455048736,1789019560506041320,1789019560507396474,1,0,37.19300962984562,11.135782115161419,2.500583417713642,20.71443945169449,2.703670412302017,0.08654966950416565,26.049507781863213,11.926967,0.028237,31.131226,31.102989,0.041981,77.645574,50.954879,0.019214,0.869789,0.391858,45.308587,3.812279,50.992584,52.347738,14.317440032958984,16.61658,27.443922999999998,0.083899,7.267345,9.349235,21.61162,0.515266,5.832303,0.48382,0.057407,3.799677,45.269513,0.07587199658155441,14.323328018188477,2.284127950668335,21.597312927246094,0.5036799907684326,5.822432041168213,0.4731520116329193,0.06639999896287918,3.790015935897827,45.247520446777344,62,0.0,39645,6403,6191,1
live_a71__favorable_stable,71,split_ae32_uint4_q9800,FAVORABLE_STABLE,885,ue288_live_a71__favorable_stable:885,259,19.295595720410347,1789019560.4057784,True,False,True,4,69147,1789019560482476719,1789019560482501238,1,1789019560499254845,1789019560499301434,1789019560499363600,1789019560507405894,1789019560604352991,1789019560608516442,1,0,76.10698416829109,8.341697975993156,3.2970737665891647,62.00551241636276,2.346951514482498,0.08745770901441574,67.78448168188334,8.834488,0.024519,16.824715,16.800196,0.046589,8.10446,96.909934,0.023383,1.028593,0.429661,90.693205,4.160626,96.947097,101.110548,15.069664001464844,25.395416,64.024231,0.084754,7.250761,18.144655,47.5168,0.502591,16.507431,0.510504,0.066412,4.143939,90.644222,0.0769599974155426,15.075231552124023,10.31174373626709,47.50153732299805,0.49132800102233887,16.494976043701172,0.5000320076942444,0.08070400357246399,4.136415958404541,90.62569427490234,66,0.0,39621,6408,6196,1
live_a71__favorable_stable,71,split_ae32_uint4_q9800,FAVORABLE_STABLE,887,ue288_live_a71__favorable_stable:887,261,19.395595721900463,1789019560.5701604,True,False,True,4,65967,1789019560609903477,1789019560609923829,1,1789019560641781269,1789019560641852454,1789019560641928185,1789019560642091470,1789019560742039837,1789019560745223622,1,0,45.06288934499025,21.445823833346367,1.8213726580142975,19.29546147584915,2.3374278098344803,0.08841883391141891,23.58754724264145,15.467102,0.020352,31.948977,31.928625,0.071185,0.239016,99.861845,0.026314,0.970354,0.576181,91.105124,3.800682,99.948367,103.132152,23.61199951171875,36.700583,51.828469,1.299431,9.828684,26.871899,39.980795,0.529771,11.847674,0.521193,0.064547,3.780889,91.040181,2.439199924468994,23.612703323364258,11.942496299743652,39.965087890625,0.5177919864654541,11.833919525146484,0.5110080242156982,0.0791039988398552,3.7688000202178955,90.99337768554688,63,0.0,39626,6400,6188,1
live_a71__favorable_stable,71,split_ae32_uint4_q9800,FAVORABLE_STABLE,889,ue288_live_a71__favorable_stable:889,263,19.49559572339058,1789019560.6274338,True,False,True,4,65974,1789019560683148394,1789019560683180871,1,1789019560712339131,1789019560712387170,1789019560712446072,1789019560745237031,1789019560842305540,1789019560844670055,1,0,50.778958946466446,17.074990086257458,3.953170031309128,26.194024831056595,2.3411009460687637,0.09032338857650757,32.62755647301674,22.767066,0.032477,29.238776,29.206299,0.048039,32.849861,97.030402,0.020067,1.154413,0.510123,90.849751,3.686859,97.068509,99.433024,22.603776931762695,29.649820000000002,54.587514,0.160291,7.307361,22.342459,44.601242,5.765965,9.986272,0.509365,0.064785,3.670924,90.803893,0.32339200377464294,22.604480743408203,6.875936031341553,44.586753845214844,5.755712032318115,9.974687576293945,0.4983679950237274,0.07257600128650665,3.6610560417175293,90.77235412597656,63,0.0,39631,6401,6189,1
live_a71__favorable_stable,71,split_ae32_uint4_q9800,FAVORABLE_STABLE,891,ue288_live_a71__favorable_stable:891,265,19.595595724880695,1789019560.7026,True,False,True,4,61733,1789019560772302414,1789019560772329477,1,1789019560794389224,1789019560794431649,1789019560794482302,1789019560844683776,1789019560954500057,1789019560955745697,1,0,47.21509013324976,12.421488761901855,4.725807346403599,27.487879619002342,2.4355975911021233,0.09292922914028168,34.78805162012577,34.834168,0.027063,22.129235,22.102172,0.042425,50.252127,109.780188,0.021295,10.940113,1.040464,92.888051,3.594607,109.816281,111.061921,20.478239059448242,36.232787,55.00316,0.138526,6.925195,29.307592,48.193464,0.821172,6.809696,0.492484,0.056969,3.581997,92.835232,0.12988799810409546,20.484447479248047,15.739583969116211,48.24745559692383,0.7591680288314819,6.79804801940918,0.4822080135345459,0.07027199864387512,3.5721919536590576,92.78707122802734,59,0.0,39611,6395,6183,1
live_a71__favorable_stable,71,split_ae32_uint4_q9800,FAVORABLE_STABLE,893,ue288_live_a71__favorable_stable:893,267,19.69559572637081,1789019560.8093076,True,False,True,4,72163,1789019560895378151,1789019560895408786,1,1789019560930007002,1789019560930051364,1789019560930105363,1789019560955756483,1789019561022397393,1789019561024334457,1,0,72.60255981236696,10.61968132853508,3.9305146783590317,41.21406935155392,16.707483679056168,0.08732359856367111,61.99370976537466,23.9682,0.030635,34.673213,34.642578,0.044362,25.705119,66.603403,0.02034,7.580137,0.659542,53.515753,4.126524,66.64091,68.577974,14.54355239868164,16.778727,30.895624,0.142644,7.321048,9.457679,18.887498,0.928637,12.008126,4.532154,0.069182,4.108022,53.448872,0.13353599607944489,14.55020809173584,2.2200000286102295,18.874143600463867,0.4902400076389313,11.995871543884277,4.5214080810546875,0.07923199981451035,4.0959038734436035,53.391136169433594,69,0.0,39595,6391,6179,1
live_a71__favorable_stable,71,split_ae32_uint4_q9800,FAVORABLE_STABLE,895,ue288_live_a71__favorable_stable:895,269,19.795595727860928,1789019560.9074466,True,False,True,4,69068,1789019560940720893,1789019560940746482,1,1789019560974525459,1789019560974568746,1789019560974624374,1789019561024347868,1789019561168012644,1789019561170384236,1,0,33.05145911872387,7.690172642469406,2.117314375936985,20.785666070878506,2.360934391617775,0.08292216807603836,25.39131138473749,7.799612,0.025589,33.847853,33.822264,0.043287,49.779122,143.625319,0.020386,2.880611,1.660868,132.620426,3.944091,143.664776,146.036368,22.66534423828125,27.006963,98.661043,1.086881,7.093006,19.913957,77.978612,1.054788,20.682431,4.571481,0.074016,3.926874,132.554778,2.2557120323181152,22.667200088500977,3.165855884552002,77.96268463134766,1.0432000160217285,20.670080184936523,4.562079906463623,0.08160000294446945,3.915584087371826,132.49810791015625,66,0.0,39603,6385,6173,1
live_a71__favorable_stable,71,split_ae32_uint4_q9800,FAVORABLE_STABLE,897,ue288_live_a71__favorable_stable:897,271,19.895595729351044,1789019561.0591173,True,False,True,4,62787,1789019561095546689,1789019561095572531,1,1789019561129888994,1789019561129929694,1789019561129980814,1789019561170396784,1789019561253692215,1789019561255056816,1,0,56.12628720700741,33.272625878453255,1.6939928755164146,18.565121106803417,2.457601949572563,0.08211378008127213,22.84273039549589,13.503701,0.025842,34.383005,34.357163,0.0407,40.46709,83.253089,0.019481,0.804024,1.272046,74.07199,3.753023,83.295431,84.660032,14.434271812438965,17.376385,54.814427,0.228853,7.07053,10.305855,42.730556,0.504864,12.083871,0.927023,0.063067,3.741589,74.012475,0.2197760045528412,14.440735816955566,2.9258880615234375,42.714176177978516,0.4922240078449249,12.071488380432129,0.9171839952468872,0.0772479996085167,3.732703924179077,73.96076965332031,60,0.0,39615,6391,6179,1
live_a71__favorable_stable,71,split_ae32_uint4_q9800,FAVORABLE_STABLE,899,ue288_live_a71__favorable_stable:899,273,19.99559573084116,1789019561.1156383,True,False,True,4,67994,1789019561157050037,1789019561157076094,1,1789019561190926270,1789019561190974330,1789019561191029001,1789019561255069403,1789019561307802122,1789019561309131972,1,0,43.13107393682003,15.213364735245705,2.057618461549282,20.415515638887882,5.325709469616413,0.08580368012189865,27.93894801288843,13.046015,0.026057,33.924293,33.898236,0.04806,64.095073,52.698697,0.019802,2.009407,0.406886,45.910519,3.802677,52.732719,54.062569,14.672896385192871,16.837984,27.820923999999998,0.08791,7.190904,9.64708,21.507769,0.493036,6.313155,0.509578,0.061038,3.789163,45.868017,0.08025600016117096,14.678144454956055,2.1536319255828857,21.495935440063477,0.48284798860549927,6.30182409286499,0.5000640153884888,0.0692799985408783,3.780639886856079,45.843711853027344,65,0.0,39617,6416,6204,1
live_a71__favorable_stable,71,split_ae32_uint4_q9800,FAVORABLE_STABLE,901,ue288_live_a71__favorable_stable:901,275,20.095595732331276,1789019561.2077382,True,False,True,4,61769,1789019561248497095,1789019561248524065,1,1789019561287391898,1789019561287427843,1789019561287473224,1789019561309144526,1789019561439048511,1789019561441829528,1,0,38.384330458939075,9.557090699672699,6.961398757994175,19.247058779001236,2.4850191548466682,0.08341390639543533,28.82860228419304,10.318836,0.02697,38.930748,38.903778,0.035945,21.716683,129.868072,0.020147,4.82019,0.740955,119.707235,3.973936,129.903985,132.685002,22.72982406616211,25.678497,85.20818399999999,0.13343,7.155408,18.523089,63.753674,7.936459,21.45451,0.519165,0.071188,3.958651,119.645659,0.12403199821710587,22.73583984375,2.9344000816345215,63.85881423950195,7.821184158325195,21.439104080200195,0.5081920027732849,0.08185599744319916,3.9501121044158936,119.5927963256836,59,0.0,39638,6430,6218,1
live_a71__favorable_stable,71,split_ae32_uint4_q9800,FAVORABLE_STABLE,903,ue288_live_a71__favorable_stable:903,277,20.195595733821392,1789019561.3705316,True,False,True,4,65960,1789019561410424662,1789019561410453388,1,1789019561448276585,1789019561448320983,1789019561448376444,1789019561448798076,1789019561559728447,1789019561568038658,1,0,42.832180857658386,17.634832300245762,2.5943703949451447,20.142870023846626,2.3237448185682297,0.08758623152971268,25.194641202688217,14.579255,0.028726,37.896321,37.867595,0.044398,0.477093,110.875426,0.020574,2.988518,0.601881,100.282828,3.741625,110.930371,119.240582,22.323328018188477,35.928923,56.308564000000004,1.304997,8.145586,27.783337,49.3774,6.004699,6.931164,0.520642,0.063772,3.72591,100.223961,2.4500479698181152,22.324031829833984,12.455007553100586,49.35996627807617,5.992191791534424,6.918623924255371,0.5104640126228333,0.07420799881219864,3.717184066772461,100.17660522460938,63,0.0,39640,6432,6220,1
live_a71__favorable_stable,71,split_ae32_uint4_q9800,FAVORABLE_STABLE,905,ue288_live_a71__favorable_stable:905,279,20.295595735311508,1789019561.4347348,True,False,True,4,59661,1789019561492664146,1789019561492690936,1,1789019561531649729,1789019561531691340,1789019561531743030,1789019561568054955,1789019561670616718,1789019561672019278,1,0,48.7824147567153,14.569591730833054,2.4644052609801292,29.02168594300747,2.594137564301491,0.08148606866598129,34.200734458863735,23.443235,0.02679,39.027194,39.000404,0.041611,36.363615,102.518497,0.023651,1.013348,0.701832,96.626703,3.450444,102.561763,103.964323,19.60620880126953,22.431466999999998,68.74469500000001,0.170994,7.01628,15.415187,51.941197,0.514231,16.803498,4.547975,0.081399,3.432044,96.570737,0.1629440039396286,19.612512588500977,2.810784101486206,51.92652893066406,0.5028480291366577,16.796096801757812,4.534624099731445,0.08636800199747086,3.4204161167144775,96.5274887084961,57,0.0,39626,6445,6233,1
live_a71__favorable_stable,71,split_ae32_uint4_q9800,FAVORABLE_STABLE,907,ue288_live_a71__favorable_stable:907,281,20.395595736801624,1789019561.5256293,True,False,True,4,59701,1789019561599194051,1789019561599334231,1,1789019561637469168,1789019561637517561,1789019561637579222,1789019561672031636,1789019561749101435,1789019561752049214,1,0,45.65266985446215,11.933675035834312,2.0859800279140472,29.123720712959766,2.381613478064537,0.2832980826497078,33.92377682030201,39.554001,0.14018,38.32351,38.18333,0.048393,34.514075,77.033312,0.021277,1.610448,0.594248,70.632567,3.543111,77.069799,80.017578,20.317855834960938,24.130545,42.933397,0.589742,7.186443,16.944102,36.387268,0.52408,6.546129,2.256342,0.063612,3.530611,70.580325,0.580672025680542,20.323808670043945,3.7983360290527344,36.37376022338867,0.512607991695404,6.533919811248779,2.2452480792999268,0.225055992603302,3.416735887527466,70.68905639648438,57,0.0,39625,6447,6235,1
live_a71__favorable_stable,71,split_ae32_uint4_q9800,FAVORABLE_STABLE,909,ue288_live_a71__favorable_stable:909,283,20.49559573829174,1789019561.6193783,True,False,True,4,57521,1789019561670456105,1789019561670488035,1,1789019561705209271,1789019561705259169,1789019561705322786,1789019561752061619,1789019561848290281,1789019561853216772,1,0,56.41576834022999,19.32356506586075,5.077077075839043,27.46790461242199,2.8032250702381134,0.09035784751176834,35.486756823956966,15.495722,0.03193,34.803064,34.771134,0.049898,46.80245,96.189743,0.02014,4.179713,0.763832,87.16014,3.411264,96.228662,101.155153,22.194751739501953,25.376451,53.920782,0.113513,7.559579,17.816872,47.649858,1.587454,6.270924,5.943462,0.072996,3.394138,87.10021,0.10447999835014343,22.200895309448242,3.1673920154571533,48.73811340332031,0.49033600091934204,6.258336067199707,5.931295871734619,0.08291199803352356,3.3848319053649902,87.05836486816406,55,0.0,39620,6415,6203,1
live_a71__favorable_stable,71,split_ae32_uint4_q9800,FAVORABLE_STABLE,911,ue288_live_a71__favorable_stable:911,285,20.595595739781857,1789019561.7088842,True,False,True,4,56549,1789019561746951506,1789019561746984238,1,1789019561788558391,1789019561788605869,1789019561788662902,1789019561853229854,1789019561967172576,1789019561971864339,1,0,40.72161111980677,10.33733505755663,5.983229726552963,21.799991838634014,2.4659717455506325,0.09391363710165024,30.39724938571453,7.595178,0.032732,41.654363,41.621631,0.047478,64.623985,113.905691,0.022208,1.148259,0.490511,107.993301,3.409629,113.942722,118.634485,22.32271957397461,28.741908,76.065527,0.159651,7.698476,21.043432,52.640908,0.524706,23.424619,2.320161,0.064957,3.39757,107.946584,0.27958399057388306,22.323423385620117,6.291296005249023,52.62483215332031,0.5133119821548462,23.411840438842773,2.308288097381592,0.07731200009584427,3.389120101928711,107.91785430908203,54,0.0,39619,6432,6220,1
live_a71__favorable_stable,71,split_ae32_uint4_q9800,FAVORABLE_STABLE,913,ue288_live_a71__favorable_stable:913,287,20.695595741271973,1789019561.8174434,True,False,True,4,60696,1789019561874803964,1789019561874827919,1,1789019561897427499,1789019561897468695,1789019561897518375,1789019561971875885,1789019562040334607,1789019562052768656,1,0,33.73559657484293,9.867968037724495,1.8865205347537994,19.201979972422123,2.652759663760662,0.08963793516159058,23.8844258710742,33.279397,0.023955,22.664731,22.640776,0.041196,74.40719,68.420904,0.02131,0.953859,0.538621,62.560874,3.758964,68.458722,80.892771,14.869600296020508,17.624713999999997,43.475308,0.098176,7.216823,10.407891,37.155493,0.511955,6.319815,0.67391,0.064548,3.741451,62.514833,0.09011200070381165,14.875776290893555,2.7414400577545166,37.141536712646484,0.5001279711723328,6.306975841522217,0.6649919748306274,0.4301440119743347,3.422816038131714,62.84204864501953,58,0.0,39611,6409,6197,1
live_a71__favorable_stable,71,split_ae32_uint4_q9800,FAVORABLE_STABLE,915,ue288_live_a71__favorable_stable:915,289,20.79559574276209,1789019561.9092116,True,False,True,4,63849,1789019561960775398,1789019561960801629,1,1789019561997462954,1789019561997514249,1789019561997576194,1789019562052781850,1789019562141344746,1789019562149821388,1,0,48.66997245699167,17.44625438004732,6.2618134543299675,21.831829100847244,2.9827523976564407,0.09418744593858719,31.225474551320076,20.253913,0.026231,36.738851,36.71262,0.051295,55.267601,88.521507,0.020568,1.161832,0.61211,82.301183,3.628604,88.562896,97.039538,19.8602237701416,31.502859,49.496232,0.095192,7.511506,23.991353,42.704841,0.502453,6.791391,0.51981,0.064431,3.606313,82.25227,0.08720000088214874,19.86636734008789,11.6278076171875,42.691200256347656,0.4912959933280945,6.779712200164795,0.5097600221633911,0.07462400197982788,3.5958080291748047,82.22061157226562,61,0.0,39599,6429,6217,1
live_a71__favorable_stable,71,split_ae32_uint4_q9800,FAVORABLE_STABLE,917,ue288_live_a71__favorable_stable:917,291,20.895595744252205,1789019562.0038157,True,False,True,4,61717,1789019562056383428,1789019562056403895,1,1789019562120922968,1789019562120966266,1789019562121190364,1789019562149834452,1789019562238205221,1789019562239568854,1,0,41.45099688321352,12.963804416358471,5.3195105865597725,20.67791484296322,2.3542363196611404,0.08765328675508499,28.486072085797787,23.892101,0.020467,64.582838,64.562371,0.043298,28.868186,88.33034,0.019852,1.0656,0.702695,81.32208,3.787258,88.370769,89.734402,19.996543884277344,29.464185,48.336855,0.208951,7.036467,22.427718,41.269956,0.509756,7.066899,2.596704,0.073007,3.767423,81.269052,0.3345920145511627,19.99724769592285,9.333760261535645,41.256927490234375,0.49907198548316956,7.055232048034668,2.5767359733581543,0.08092799782752991,3.6666879653930664,81.23113250732422,59,0.0,39599,6447,6235,1
live_a71__favorable_stable,71,split_ae32_uint4_q9800,FAVORABLE_STABLE,919,ue288_live_a71__favorable_stable:919,293,20.99559574574232,1789019562.101544,True,False,True,4,60649,1789019562161792956,1789019562161810548,1,1789019562216184402,1789019562216234818,1789019562216425111,1789019562239579459,1789019562339951670,1789019562341296655,1,0,41.38215724378824,12.632018886506557,4.734713584184647,21.567934192717075,2.321755513548851,0.09194295853376389,28.765257447957993,31.254934,0.017592,54.441862,54.42427,0.050416,23.344641,100.334823,0.020105,5.220751,1.123055,88.863326,3.383374,100.372211,101.717196,23.828672409057617,28.987235,56.737821,0.152067,6.868174,22.119061,50.145483,2.252912,6.592338,0.506055,0.061291,3.367726,88.797046,0.14256000518798828,23.835168838500977,5.143775939941406,50.131553649902344,2.2415359020233154,6.5781121253967285,0.4967679977416992,0.07212799787521362,3.3587520122528076,88.73907470703125,58,0.0,39588,6424,6212,1
live_a71__favorable_stable,71,split_ae32_uint4_q9800,FAVORABLE_STABLE,921,ue288_live_a71__favorable_stable:921,295,21.095595747232437,1789019562.2007911,True,False,True,4,65926,1789019562236490240,1789019562236516647,1,1789019562297070954,1789019562297115240,1789019562297166485,1789019562341313502,1789019562447444809,1789019562450037887,1,0,35.62212083488703,8.887194097042084,3.1434521079063416,20.568354055285454,2.8780335560441017,0.08814595639705658,26.73085406422615,8.839776,0.026407,60.625,60.598593,0.044286,44.198262,106.092974,0.021499,7.746316,0.883918,90.322434,3.978442,106.131307,108.724385,19.692928314208984,24.599942000000002,59.546779,1.103568,6.895727,17.704215,52.817953,4.237037,6.728826,0.512179,0.179176,3.958108,90.26456,1.6646080017089844,19.693632125854492,4.337088108062744,52.88003158569336,4.164608001708984,6.71724796295166,0.50108802318573,0.17151999473571777,3.9470720291137695,90.21315002441406,63,0.0,39611,6426,6214,1
live_a71__favorable_stable,71,split_ae32_uint4_q9800,FAVORABLE_STABLE,923,ue288_live_a71__favorable_stable:923,297,21.195595748722553,1789019562.3024313,True,False,True,4,56389,1789019562331365527,1789019562331392384,1,1789019562372201045,1789019562372245790,1789019562372296335,1789019562450050592,1789019562563012493,1789019562570174824,1,0,33.92099589109421,11.830619536340237,1.7081992700695992,17.886275425553322,2.3206835612654686,0.08800718933343887,22.05033227801323,6.711775,0.026857,40.880263,40.853406,0.044745,77.804802,112.9253,0.020484,0.883859,1.408084,103.859766,3.432404,112.961901,120.124232,19.78598403930664,23.354943,77.714007,1.403228,7.218107,16.136836,56.365384,0.500122,21.348623,0.663798,0.067677,3.420162,103.806489,2.736799955368042,19.786720275878906,2.228991985321045,56.35126495361328,0.48931199312210083,21.336320877075195,0.6529920101165771,0.07916799932718277,3.4108479022979736,103.74457550048828,54,0.0,39650,6409,6197,1
live_a71__favorable_stable,71,split_ae32_uint4_q9800,FAVORABLE_STABLE,925,ue288_live_a71__favorable_stable:925,299,21.29559575021267,1789019562.4009852,True,False,True,4,47079,1789019562437604536,1789019562437635729,1,1789019562476023011,1789019562476075870,1789019562476138603,1789019562570187771,1789019562657013362,1789019562660626494,1,0,36.113183945417404,10.872066020965576,1.7343219369649887,20.971708931028843,2.410423941910267,0.08657295256853104,25.244680233299732,11.258981,0.031193,38.471334,38.440141,0.052859,94.111901,86.792571,0.020038,7.67452,0.693918,74.753313,3.023185,86.825591,90.438723,20.32694435119629,26.133806,47.096913,0.136826,7.251588,18.882218,40.526518,0.695242,6.570395,0.495975,0.056396,3.012565,74.700627,0.1300159990787506,20.3306884765625,5.791808128356934,40.5109748840332,0.6840639710426331,6.558656215667725,0.48655998706817627,0.06796800345182419,3.003999948501587,74.65567779541016,45,0.0,39625,6423,6211,1
live_a71__favorable_stable,71,split_ae32_uint4_q9800,FAVORABLE_STABLE,927,ue288_live_a71__favorable_stable:927,301,21.395595751702785,1789019562.507981,True,False,True,4,59568,1789019562558098083,1789019562558123839,1,1789019562593026283,1789019562593069781,1789019562593121810,1789019562660638593,1789019562779071274,1789019562780422745,1,0,40.424562990665436,16.38372428715229,1.777426339685917,19.750572741031647,2.370641566812992,0.08239131420850754,24.02447536587715,25.99248,0.025756,34.971698,34.945942,0.043498,67.568812,118.397214,0.019732,5.910679,1.014509,107.347831,3.523305,118.432681,119.784152,14.802592277526855,17.410433,78.92992100000001,0.125886,10.679779,6.730654,62.227792,10.140193,16.702129,0.527844,0.07066,3.508587,107.292142,0.11657600104808807,14.8090238571167,2.593183994293213,63.061439514160156,9.29475212097168,16.68764877319336,0.5163519978523254,0.07903999835252762,3.498591899871826,107.24921417236328,57,0.0,39603,6424,6212,1
live_a71__favorable_stable,71,split_ae32_uint4_q9800,FAVORABLE_STABLE,929,ue288_live_a71__favorable_stable:929,303,21.4955957531929,1789019562.6047997,True,False,True,4,52310,1789019562643014158,1789019562643043055,1,1789019562681493101,1789019562681540024,1789019562681597224,1789019562780435540,1789019562886359333,1789019562887781187,1,0,41.58180300146341,16.243789345026016,2.0275693386793137,20.80376911908388,2.3576756939291954,0.08300319314002991,25.315364822745323,12.786966,0.028897,38.525866,38.496969,0.046923,98.895516,105.884405,0.021608,5.959646,0.72944,95.249887,3.231064,105.923793,107.345647,22.7127685546875,25.802343,68.052633,0.130428,7.422463,18.37988,60.756268,0.530923,7.296365,0.470936,0.115938,3.209341,95.190255,0.12188799679279327,22.71900749206543,3.074143886566162,60.739585876464844,0.519648015499115,7.283967971801758,0.4609600007534027,0.10876800119876862,3.1956799030303955,95.13622283935547,50,0.0,39636,6440,6228,1
live_a71__favorable_stable,71,split_ae32_uint4_q9800,FAVORABLE_STABLE,931,ue288_live_a71__favorable_stable:931,305,21.595595754683018,1789019562.7171662,True,False,True,4,54331,1789019562765997175,1789019562766033709,1,1789019562805693936,1789019562805754914,1789019562805852717,1789019562887794599,1789019562990049221,1789019562991446012,1,0,41.39266349375248,18.508177250623703,1.953975297510624,18.433034420013428,2.3434897884726524,0.0926116481423378,22.86894153803587,25.875442,0.036534,39.757739,39.721205,0.060978,82.039685,102.216003,0.019979,4.90919,0.617376,92.563503,3.245945,102.254622,103.651413,21.843679428100586,28.269072,62.924709,0.139071,7.809163,20.459909,56.627701,0.50255,6.297008,0.512138,0.067905,3.228863,92.504125,0.13017599284648895,21.850303649902344,6.406432151794434,56.6124153137207,0.4920960068702698,6.2854719161987305,0.5021119713783264,0.07180800288915634,3.1233599185943604,92.45286560058594,52,0.0,39653,6440,6228,1
live_a71__favorable_stable,71,split_ae32_uint4_q9800,FAVORABLE_STABLE,933,ue288_live_a71__favorable_stable:933,307,21.695595756173134,1789019562.813013,True,False,True,4,61717,1789019562866514279,1789019562866541095,1,1789019562900995542,1789019562901052956,1789019562901105725,1789019562991458373,1789019563091468495,1789019563093374660,1,0,46.7111449688673,21.975236013531685,3.5989228636026382,18.610889092087746,2.4168509989976883,0.09840819984674454,24.77496489882469,28.636209,0.026816,34.538677,34.511861,0.057414,90.405417,99.969261,0.019413,3.354828,0.532878,91.796448,3.673817,100.010122,101.916287,21.707103729248047,27.963558000000003,61.994476,0.107567,6.82815,21.135408,54.260143,0.507351,7.734333,1.026421,0.070206,3.657329,91.745905,0.09942399710416794,21.713600158691406,6.241471767425537,54.24630355834961,0.49616000056266785,7.721471786499023,1.0157760381698608,0.0751039981842041,3.6477439403533936,91.70787048339844,59,0.0,39620,6452,6240,1
live_a71__favorable_stable,71,split_ae32_uint4_q9800,FAVORABLE_STABLE,935,ue288_live_a71__favorable_stable:935,309,21.79559575766325,1789019562.9139535,False,,,4,,1789019562967001726,1789019562967027876,1,,,,,,,,,51.91003251820803,24.823250249028206,4.2678359895944595,20.326861180365086,2.3094136267900467,0.10627228766679764,27.05937623977661,25.888555,0.02615,,,,,,,,,,,,,,,,,,,,,,,,,,,,,,,,,,,,,0.0,39638,6431,6219,1
live_a71__favorable_stable,71,split_ae32_uint4_q9800,FAVORABLE_STABLE,937,ue288_live_a71__favorable_stable:937,311,21.895595759153366,1789019563.0155199,True,False,True,4,56467,1789019563068877121,1789019563068904567,1,1789019563090228194,1789019563090286934,1789019563090353291,1789019563093383367,1789019563194127127,1789019563202356263,1,0,53.55859640985727,25.530321523547173,5.888590589165688,19.62174940854311,2.3750299587845802,0.09225122630596161,28.0194990336895,25.127821,0.027446,21.409813,21.382367,0.05874,3.096433,100.699603,0.019068,7.726451,1.604168,84.714862,3.448017,100.74376,108.972896,21.626144409179688,24.256291,59.057097999999996,0.142131,7.691111,16.56518,48.522593,0.500083,10.534505,0.520479,0.070751,3.43091,84.645907,0.13308799266815186,21.632320404052734,2.617471933364868,48.50931167602539,0.4896000027656555,10.522784233093262,0.5088639855384827,0.07692799717187881,3.421504020690918,84.58732604980469,54,0.0,39635,6403,6191,1
live_a71__favorable_stable,71,split_ae32_uint4_q9800,FAVORABLE_STABLE,939,ue288_live_a71__favorable_stable:939,313,21.995595760643482,1789019563.1016798,True,False,True,4,55375,1789019563145805262,1789019563145831964,1,1789019563184685385,1789019563184732480,1789019563184793982,1789019563202370240,1789019563294431630,1789019563295739692,1,0,38.10841869562864,10.984288528561592,3.4965286031365395,21.164819598197937,2.326682209968567,0.09545963257551193,27.129584923386574,16.897755,0.026702,38.927218,38.900516,0.047095,17.63776,92.02564,0.021119,7.679599,0.749117,79.762603,3.15291,92.06139,93.369452,19.831968307495117,22.318004000000002,55.189491000000004,1.079232,6.924223,15.393781,49.60143,0.49774,5.588061,0.489699,0.053104,3.142163,79.71203,1.4406720399856567,19.832704544067383,2.118720054626465,49.5885124206543,0.48742398619651794,5.578688144683838,0.4811519980430603,0.06598400324583054,3.133023977279663,79.66604614257812,53,0.0,39586,6436,6224,1
live_a71__favorable_stable,71,split_ae32_uint4_q9800,FAVORABLE_STABLE,941,ue288_live_a71__favorable_stable:941,315,22.0955957621336,1789019563.2102106,True,False,True,4,57460,1789019563277142277,1789019563277169495,1,1789019563305731484,1789019563306941461,1789019563307580663,1789019563307711424,1789019563371185978,1789019563375495213,1,0,60.42446196079254,17.47509092092514,13.488185591995716,26.473666541278362,2.3317160084843636,0.09618699550628662,42.44241863489151,23.95086,0.027218,29.799184,29.771966,1.209977,0.769963,63.409895,0.022845,1.558121,0.781313,56.911614,3.30537,63.474554,67.783789,14.351231575012207,16.486309,39.005482,0.109201,6.756406,9.729903,21.421085,0.519203,17.584397,0.579039,0.069101,3.291532,56.855274,0.10022400319576263,14.358048439025879,2.1206719875335693,21.408479690551758,0.5078399777412415,17.57049560546875,0.5678399801254272,0.08057600259780884,3.2835519313812256,56.80918502807617,55,0.0,39618,6437,6225,1
live_a71__favorable_stable,71,split_ae32_uint4_q9800,FAVORABLE_STABLE,943,ue288_live_a71__favorable_stable:943,317,22.195595763623714,1789019563.3708212,True,False,True,4,60659,1789019563434122519,1789019563434149285,1,1789019563470270013,1789019563470333476,1789019563470403392,1789019563470443612,1789019563539220780,1789019563540564880,1,0,54.831964895129204,9.304316714406013,6.5939826890826225,35.00048629939556,2.5600334629416466,0.08825957775115967,44.29591167718172,14.556636,0.026766,36.210957,36.184191,0.063463,0.110136,68.723006,0.021043,1.264415,0.575368,62.674915,3.413643,68.777168,70.121268,19.187519073486328,33.530761999999996,27.867923,0.099951,7.467029,26.063733,21.956547,0.494597,5.911376,0.497965,0.057577,3.398555,62.630412,0.09187199920415878,19.193567276000977,14.328448295593262,21.943584442138672,0.4827199876308441,5.9015679359436035,0.48607999086380005,0.06764800101518631,3.3902080059051514,62.588897705078125,58,0.0,39650,6430,6218,1
live_a71__favorable_stable,71,split_ae32_uint4_q9800,FAVORABLE_STABLE,945,ue288_live_a71__favorable_stable:945,319,22.29559576511383,1789019563.4543638,True,False,True,4,57496,1789019563506757563,1789019563506783724,1,1789019563559228841,1789019563559312199,1789019563559392474,1789019563559440787,1789019563691537784,1789019563699447857,1,0,39.03849422931671,10.418073274195194,2.688922919332981,23.388956673443317,2.400917001068592,0.08785538375377655,28.6175524815917,23.502417,0.026161,52.554636,52.528475,0.083358,0.128588,131.968172,0.022733,3.605356,1.009537,120.493103,5.764372,132.096997,140.00707,16.576576232910156,26.227571,92.657822,0.212607,7.545227,18.682344,71.084239,0.526491,21.573583,0.626582,0.082703,5.726317,120.427542,0.2038400024175644,16.58345603942871,9.63599967956543,71.0696029663086,0.5156159996986389,21.56070327758789,0.6136000156402588,0.08486399799585342,3.666719913482666,120.37059020996094,55,0.0,39628,6412,6200,1
live_a71__favorable_stable,71,split_ae32_uint4_q9800,FAVORABLE_STABLE,947,ue288_live_a71__favorable_stable:947,321,22.395595766603947,1789019563.5908937,True,False,True,4,54415,1789019563638647496,1789019563638676218,1,1789019563694294281,1789019563694345774,1789019563694400990,1789019563699461602,1789019563823864083,1789019563825117232,1,0,48.29891957342625,13.952069915831089,3.3587198704481125,24.356944486498833,6.50373101234436,0.1375032588839531,34.40313879400492,13.076397,0.028722,55.698278,55.669556,0.051493,5.115828,124.360224,0.022199,1.313746,0.534824,118.633007,3.127188,124.402481,125.65563,23.184736251831055,31.073560999999998,86.225436,0.103979,7.858144,23.215417,73.440583,0.523947,12.784853,0.510309,0.064617,3.114506,118.583966,0.09561599791049957,23.191423416137695,7.871456146240234,73.42182159423828,0.5125120282173157,12.772607803344727,0.500544011592865,0.07631999999284744,3.1053121089935303,118.54483032226562,52,0.0,39604,6384,6172,1
live_a71__favorable_stable,71,split_ae32_uint4_q9800,FAVORABLE_STABLE,949,ue288_live_a71__favorable_stable:949,323,22.495595768094063,1789019563.6562476,False,,,4,,1789019563699375301,1789019563700232015,1,,,,,,,,,50.63433572649956,16.727314330637455,1.8415451049804688,21.952941082417965,2.7386751025915146,0.0893566757440567,26.668467558920383,16.364935,0.856714,,,,,,,,,,,,,,,,,,,,,,,,,,,,,,,,,,,,,0.0,39610,6438,6226,1
live_a71__favorable_stable,71,split_ae32_uint4_q9800,FAVORABLE_STABLE,951,ue288_live_a71__favorable_stable:951,325,22.59559576958418,1789019563.732429,True,False,True,4,56481,1789019563777856973,1789019563777888984,1,1789019563809377486,1789019563809442275,1789019563809506435,1789019563825130864,1789019563902946477,1789019563904308180,1,0,58.3433723077178,30.83748836070299,5.028635263442993,17.853849567472935,2.3307353258132935,0.08774455636739731,25.355259887874126,19.965167,0.032011,31.585302,31.553291,0.064789,15.688589,77.776655,0.02025,1.25179,0.462763,72.117165,3.291743,77.815613,79.177316,15.792384147644043,33.087086,37.541084,0.103204,7.678914,25.408172,30.776504,0.562906,6.76458,0.634484,0.066379,3.276747,72.070523,0.09507200121879578,15.798720359802246,17.27788734436035,30.7609920501709,0.5503360033035278,6.75270414352417,0.6239359974861145,0.07238399982452393,3.266432046890259,72.03366088867188,54,0.0,39627,6434,6222,1
live_a71__favorable_stable,71,split_ae32_uint4_q9800,FAVORABLE_STABLE,953,ue288_live_a71__favorable_stable:953,327,22.695595771074295,1789019563.8027072,True,False,True,4,56476,1789019563861488654,1789019563861515333,1,1789019563892342644,1789019563892399834,1789019563892461289,1789019563904321799,1789019564018685123,1789019564020347188,1,0,46.900153160095215,14.697621576488018,5.991599522531033,23.426132276654243,2.627043053507805,0.07938127964735031,32.17889927327633,26.521825,0.026679,30.91118,30.884501,0.05719,11.921965,114.320724,0.02129,3.490394,0.763935,103.383748,5.110535,114.363324,116.025389,22.021760940551758,28.300372000000003,70.939375,0.141151,7.207779,21.092593,60.173099,1.926736,10.766276,1.854968,0.066958,5.08837,103.320581,0.13196800649166107,22.0284481048584,6.263008117675781,60.48601531982422,1.6047359704971313,10.753055572509766,1.8433599472045898,1.747648000717163,3.4533441066741943,104.94051361083984,54,0.0,39600,6426,6214,1
live_a71__favorable_stable,71,split_ae32_uint4_q9800,FAVORABLE_STABLE,955,ue288_live_a71__favorable_stable:955,329,22.79559577256441,1789019563.9307563,True,False,True,4,53281,1789019563987151186,1789019563987299571,1,1789019564013089562,1789019564013151637,1789019564013214719,1789019564020361597,1789019564117805477,1789019564119100609,1,0,25.629241950809956,0.003959052264690399,2.3208046332001686,20.861306227743626,2.3249266669154167,0.15958957374095917,25.707473047077656,27.655156,0.148385,26.000451,25.852066,0.062075,7.20996,97.402066,0.021107,1.413703,0.59342,91.101774,3.631243,97.44388,98.739012,20.134048461914062,22.849431,66.877945,0.107755,7.44789,15.401541,58.149027,0.564868,8.728918,0.510131,0.063825,3.615622,91.051952,0.09884800016880035,20.140575408935547,2.701184034347534,58.135135650634766,0.5528320074081421,8.716256141662598,0.49980801343917847,0.07788799703121185,3.606719970703125,91.01891326904297,51,0.0,39579,6450,6238,1
live_a71__favorable_stable,71,split_ae32_uint4_q9800,FAVORABLE_STABLE,957,ue288_live_a71__favorable_stable:957,331,22.895595774054527,1789019564.0105011,True,False,True,4,50229,1789019564063391235,1789019564063417741,1,1789019564078042373,1789019564078091033,1789019564078148679,1789019564119112609,1789019564212896146,1789019564216558919,1,0,45.78287526965141,12.36974261701107,3.681344911456108,27.21279952675104,2.332143485546112,0.09463541209697723,33.372278325259686,19.430177,0.026506,14.699798,14.673292,0.04866,41.021576,93.747639,0.019951,0.94409,0.462383,88.757304,2.989312,93.783537,97.44631,20.06528091430664,22.830645,64.472781,0.08996,7.887969,14.942676,48.215188,0.5194,16.257593,0.664377,0.071832,2.977208,88.709842,0.08233600109815598,20.071199417114258,2.7531840801239014,48.20240020751953,0.504256010055542,16.24553680419922,0.6527360081672668,0.08076799660921097,2.968735933303833,88.68736267089844,48,0.0,39588,6428,6216,1
live_a71__favorable_stable,71,split_ae32_uint4_q9800,FAVORABLE_STABLE,959,ue288_live_a71__favorable_stable:959,333,22.995595775544643,1789019564.1035972,True,False,True,4,53350,1789019564159419651,1789019564159445563,1,1789019564188560404,1789019564188627431,1789019564188685644,1789019564216574698,1789019564314445580,1789019564315743597,1,0,37.19721361994743,7.028167136013508,2.9585761949419975,23.40642176568508,3.6770543083548546,0.0876057893037796,30.17938695847988,25.475184,0.025912,29.20778,29.181868,0.067027,27.947267,97.83087,0.023162,1.242098,0.59875,92.096163,3.20783,97.870882,99.168899,21.39014434814453,23.746337,61.231046,0.450594,7.330716,16.415621,52.433364,5.931293,8.797682,0.507253,0.070329,3.193328,92.029918,0.424703985452652,21.39628791809082,2.3394880294799805,53.395774841308594,4.9587202072143555,8.784064292907715,0.49673599004745483,0.08150400221347809,3.18339204788208,91.97456359863281,51,0.0,39625,6429,6217,1
live_a71__favorable_stable,71,split_ae32_uint4_q9800,FAVORABLE_STABLE,961,ue288_live_a71__favorable_stable:961,335,23.09559577703476,1789019564.2109728,True,False,True,4,51231,1789019564258754727,1789019564258778487,1,1789019564290821832,1789019564290889373,1789019564290952201,1789019564315756446,1789019564407040789,1789019564411717080,1,0,41.878863237798214,12.195252813398838,6.5212370827794075,20.509534515440464,2.5184210389852524,0.0829482451081276,29.679689556360245,17.921692,0.02376,32.134646,32.110886,0.067541,24.867073,91.24971,0.020459,2.918115,0.729956,83.676548,3.086349,91.284343,95.960634,15.770943641662598,20.937807,54.623321,0.101545,7.381898,13.555909,45.437762,0.499129,9.185559,7.316556,0.074151,3.071966,83.623749,0.09324800223112106,15.776991844177246,5.154399871826172,45.42371368408203,0.4885439872741699,9.17414379119873,7.304768085479736,0.08287999778985977,3.062432050704956,83.59014129638672,49,0.0,39652,6422,6210,1
live_a71__favorable_stable,71,split_ae32_uint4_q9800,FAVORABLE_STABLE,963,ue288_live_a71__favorable_stable:963,337,23.195595778524876,1789019564.3030102,True,False,True,4,53326,1789019564347057440,1789019564347084444,1,1789019564361312799,1789019564361360920,1789019564361420461,1789019564411732593,1789019564510991690,1789019564512824178,1,0,40.05162976682186,11.540194042026997,4.026950336992741,22.048640996217728,2.3125261068344116,0.08301530033349991,28.51364202797413,15.251668,0.027004,14.30348,14.276476,0.048121,50.371673,99.214737,0.025463,1.032773,0.541019,92.17167,4.774817,99.259097,101.091585,21.960224151611328,24.701012,64.501258,0.108466,7.110953,17.590059,50.815876,1.052145,13.685382,1.610771,0.068332,4.758295,92.118095,0.09955199807882309,21.9671688079834,2.722752094268799,50.800479888916016,1.0401920080184937,13.671456336975098,1.599295973777771,1.7707200050354004,3.106816053390503,93.77458953857422,51,0.0,39625,6442,6230,1
live_a71__favorable_stable,71,split_ae32_uint4_q9800,FAVORABLE_STABLE,965,ue288_live_a71__favorable_stable:965,339,23.29559578001499,1789019564.4055028,True,False,True,4,55404,1789019564453988993,1789019564454013198,1,1789019564482207089,1789019564482261248,1789019564482318197,1789019564512837862,1789019564606391087,1789019564609241752,1,0,41.357421316206455,11.230777017772198,3.712773323059082,23.896493948996067,2.3429030552506447,0.10868534445762634,30.111180618405342,18.281071,0.024205,28.272255,28.24805,0.054159,30.576614,93.514672,0.019668,2.785775,1.145807,83.42454,3.221399,93.553225,96.40389,14.140000343322754,20.667357,60.432106999999995,0.925828,6.908584,13.758773,45.279053,0.509098,15.153054,0.511825,0.067834,3.207409,83.368292,1.309823989868164,14.140704154968262,6.132607936859131,45.263328552246094,0.4981760084629059,15.141087532043457,0.5010560154914856,0.0806720033288002,3.197727918624878,83.15977478027344,53,0.0,39632,6419,6207,1
live_a71__favorable_stable,71,split_ae32_uint4_q9800,FAVORABLE_STABLE,967,ue288_live_a71__favorable_stable:967,341,23.395595781505108,1789019564.5045214,True,False,True,4,58553,1789019564542658393,1789019564542684066,1,1789019564573423297,1789019564573495830,1789019564573555332,1789019564609257236,1789019564695171004,1789019564696567170,1,0,42.71500185132027,13.697026297450066,2.558455802500248,23.555646650493145,2.761406823992729,0.08884631097316742,29.014792293310165,9.019855,0.025673,30.837437,30.811764,0.072533,35.761406,85.871954,0.02522,0.952881,0.540444,80.338515,3.357868,85.913768,87.309934,21.939199447631836,26.062662000000003,52.99867,0.11311,7.764915,18.297747,47.053419,0.504491,5.945251,0.483266,0.057556,3.339528,80.293547,0.10460799932479858,21.945344924926758,4.110112190246582,47.03862380981445,0.4938879907131195,5.9337921142578125,0.47443199157714844,0.06950400024652481,3.3296959400177,80.25926208496094,56,0.0,39661,6403,6191,1
live_a71__favorable_stable,71,split_ae32_uint4_q9800,FAVORABLE_STABLE,969,ue288_live_a71__favorable_stable:969,343,23.495595782995224,1789019564.6028285,True,False,True,4,53372,1789019564644056727,1789019564644086093,1,1789019564676456211,1789019564676514220,1789019564676578116,1789019564696580462,1789019564793240315,1789019564794727451,1,0,33.076949417591095,9.444181807339191,1.6842735931277275,19.261782988905907,2.567395567893982,0.0840974971652031,23.637423291802406,17.506739,0.029366,32.457493,32.428127,0.058009,20.066242,96.619031,0.020164,7.714295,1.483665,83.044737,3.044677,96.659853,98.146989,21.36128044128418,28.262147000000002,53.458572000000004,0.135124,7.146847,21.1153,47.124507,0.502554,6.334065,0.492839,0.060635,3.029138,82.993874,0.12624000012874603,21.368576049804688,6.886528015136719,47.111392974853516,0.49273601174354553,6.323872089385986,0.48339200019836426,0.0729919970035553,3.0207359790802,82.95308685302734,51,0.0,39643,6409,6197,1
live_a71__favorable_stable,71,split_ae32_uint4_q9800,FAVORABLE_STABLE,971,ue288_live_a71__favorable_stable:971,345,23.59559578448534,1789019564.7083962,True,False,True,4,52263,1789019564747060667,1789019564747090908,1,1789019564772840242,1789019564772891307,1789019564772948876,1789019564794741492,1789019564898125785,1789019564904370145,1,0,37.17196360230446,11.188022792339325,4.822106100618839,18.614962697029114,2.34789215028286,0.08711591362953186,25.92166792601347,12.64389,0.030241,25.83064,25.800399,0.051065,21.850185,103.345569,0.023912,4.421967,0.654224,93.500134,4.033482,103.384293,109.628653,21.66364860534668,27.913206000000002,64.247021,0.121956,7.439858,20.473348,57.054099,0.508416,7.192922,0.504836,0.064326,4.021882,93.44523,0.11315199732780457,21.669567108154297,6.235648155212402,57.03891372680664,0.49875199794769287,7.181119918823242,0.49459201097488403,0.07417599856853485,2.9259519577026367,93.39945220947266,50,0.0,39641,6397,6185,1
live_a71__favorable_stable,71,split_ae32_uint4_q9800,FAVORABLE_STABLE,973,ue288_live_a71__favorable_stable:973,347,23.695595785975456,1789019564.8289373,True,False,True,4,57550,1789019564875588726,1789019564875616392,1,1789019564908197783,1789019564908255401,1789019564908332531,1789019564908447160,1789019564995509744,1789019564996744471,1,0,52.19908710569143,28.876876458525658,4.476615227758884,16.39590412378311,2.3243334144353867,0.08089840412139893,23.318720050156116,23.262264,0.027666,32.666675,32.639009,0.057618,0.191759,86.999843,0.021151,1.770906,0.737777,80.3096,3.412554,87.062584,88.297311,22.441120147705078,24.783018,54.20469,0.117482,7.571842,17.211176,48.281177,0.513549,5.923513,0.497548,0.060533,3.399418,80.259962,0.10889600217342377,22.447040557861328,2.327712059020996,48.266239166259766,0.502623975276947,5.912415981292725,0.4882879853248596,0.0681919977068901,3.389888048171997,80.21363067626953,55,0.0,39632,6435,6223,1
live_a71__favorable_stable,71,split_ae32_uint4_q9800,FAVORABLE_STABLE,975,ue288_live_a71__favorable_stable:975,349,23.795595787465572,1789019564.905757,True,False,True,4,57534,1789019564950875714,1789019564950905545,1,1789019564979860676,1789019564979911840,1789019564979970871,1789019564996757389,1789019565090402098,1789019565091844144,1,0,40.60141835361719,8.009238168597221,5.46149630099535,24.66523088514805,2.3324312642216682,0.0940375030040741,32.61361364275217,12.414487,0.029831,29.036126,29.006295,0.051164,16.845549,93.606704,0.019343,4.726082,0.748744,84.020858,3.512614,93.644709,95.086755,22.64463996887207,25.525421,56.850363,0.143215,6.863735,18.661686,50.948189,0.777766,5.902174,0.507792,0.065853,3.494888,83.960797,0.13388800621032715,22.65123176574707,2.8661439418792725,50.937278747558594,0.7667840123176575,5.890944004058838,0.49744001030921936,0.07366400212049484,3.484544038772583,83.90838623046875,55,0.0,39606,6425,6213,1
live_a71__favorable_stable,71,split_ae32_uint4_q9800,FAVORABLE_STABLE,977,ue288_live_a71__favorable_stable:977,351,23.89559578895569,1789019565.0279245,True,False,True,4,57514,1789019565064281566,1789019565064308783,1,1789019565091682378,1789019565091727367,1789019565091783726,1789019565091853275,1789019565148168894,1789019565149612742,1,0,46.66530806571245,23.838897235691547,4.111884161829948,16.231569461524487,2.3261690512299538,0.08168071508407593,22.796046920120716,13.447183,0.027217,27.445801,27.418584,0.044989,0.125908,56.277637,0.020042,1.443536,0.508748,50.398082,3.303475,56.315619,57.759467,14.338815689086914,16.548029,32.502858,0.108956,7.554754,8.993275,24.934656,0.541316,7.568202,0.506102,0.063144,3.288311,50.347249,0.10073599964380264,14.34438419342041,2.196608066558838,24.921215057373047,0.5298879742622375,7.5557122230529785,0.4952319860458374,0.07337599992752075,3.2792959213256836,50.30988693237305,55,0.0,39625,6404,6192,1
live_a71__favorable_stable,71,split_ae32_uint4_q9800,FAVORABLE_STABLE,979,ue288_live_a71__favorable_stable:979,353,23.995595790445805,1789019565.1743364,True,False,True,4,55371,1789019565235376248,1789019565235401247,1,1789019565283589905,1789019565283656365,1789019565283723767,1789019565283743012,1789019565351160176,1789019565353852130,1,0,85.50474513322115,46.9139963388443,4.034886136651039,30.39034642279148,4.011794924736023,0.08838437497615814,38.57811447232962,22.278319,0.024999,48.280117,48.255118,0.06646,0.086647,67.365848,0.020457,0.875695,0.528716,61.983619,3.196236,67.417164,70.109118,14.30844783782959,16.6433,43.546139,0.09225,7.053561,9.589739,29.454712,0.993574,14.091427,0.519817,0.064549,3.185571,61.937238,0.08371199667453766,14.31436824798584,2.321183919906616,29.44063949584961,0.8646720051765442,14.079039573669434,0.5093119740486145,0.07734400033950806,3.1771841049194336,61.901248931884766,53,0.0,39643,6399,6187,1
live_a71__favorable_stable,71,split_ae32_uint4_q9800,FAVORABLE_STABLE,981,ue288_live_a71__favorable_stable:981,355,24.09559579193592,1789019565.2350216,True,False,True,4,59571,1789019565277838975,1789019565277867565,1,1789019565309127127,1789019565309168047,1789019565309219521,1789019565353864945,1789019565467276713,1789019565469717557,1,0,53.97638399153948,0.0026905909180641174,2.735658548772335,28.47145777195692,2.4338150396943092,0.12119673192501068,33.80500990897417,7.980879,0.02859,31.329072,31.300482,0.04092,44.696898,113.376453,0.02124,4.719132,1.978084,97.6096,6.26505,113.411768,115.852612,14.174943923950195,17.049595,73.428584,1.176919,7.009444,10.040151,60.459401,4.115734,12.969183,1.607532,0.068357,6.248331,97.543738,1.5357439517974854,14.175647735595703,2.511039972305298,61.266719818115234,3.2986559867858887,12.95638370513916,1.5968960523605347,0.08054400235414505,6.2375359535217285,97.4931869506836,57,0.0,39620,6417,6205,1
live_a71__favorable_stable,71,split_ae32_uint4_q9800,FAVORABLE_STABLE,983,ue288_live_a71__favorable_stable:983,357,24.195595793426037,1789019565.356068,True,False,True,4,54415,1789019565388486628,1789019565388512793,1,1789019565418869920,1789019565418942063,1789019565419006970,1789019565469729585,1789019565564632743,1789019565567912525,1,0,36.666893400251865,14.583732932806015,2.211817540228367,17.395549453794956,2.3342296481132507,0.0914568081498146,22.07937277853489,10.189439,0.026165,30.455435,30.42927,0.072143,50.787522,94.864499,0.020462,1.85856,0.70506,85.588673,3.195427,94.903158,98.18294,21.41539192199707,27.457891,56.36334,0.161116,7.635597,19.822294,42.867987,0.497227,13.495353,0.519764,0.087153,3.181371,85.19248,0.15132799744606018,21.422304153442383,6.029952049255371,42.84806442260742,0.48688000440597534,13.4835844039917,0.5082880258560181,0.0974079966545105,3.17193603515625,85.13238525390625,52,0.0,39614,6427,6215,1
live_a71__favorable_stable,71,split_ae32_uint4_q9800,FAVORABLE_STABLE,985,ue288_live_a71__favorable_stable:985,359,24.295595794916153,1789019565.440106,True,False,True,4,62767,1789019565521556127,1789019565521582164,1,1789019565555389852,1789019565555450202,1789019565555511844,1789019565567925560,1789019565684554645,1789019565685836601,1,0,65.44741336256266,7.673833519220352,8.943574503064156,42.471813037991524,6.185742095112801,0.10007340461015701,57.77087528258562,23.578332,0.026037,33.894075,33.868038,0.06035,12.475358,116.59248,0.020863,0.975819,0.525433,110.313151,3.854784,116.629085,117.911041,20.412639617919922,30.686604,77.803301,0.160686,7.089537,23.597067,60.054846,0.526816,17.748455,0.957694,0.065973,3.633725,110.267685,0.1528320014476776,20.418720245361328,10.259552001953125,60.03852844238281,0.5154560208320618,17.736032485961914,0.9475200176239014,0.0799039974808693,3.6203200817108154,110.24313354492188,60,0.0,39617,6410,6198,1
live_a71__favorable_stable,71,split_ae32_uint4_q9800,FAVORABLE_STABLE,987,ue288_live_a71__favorable_stable:987,361,24.39559579640627,1789019565.5143847,False,,,4,,1789019565599059882,1789019565599252180,1,,,,,,,,,61.58026400953531,0.003582797944545746,5.384339019656181,30.56554216891527,2.391957677900791,0.22293813526630402,38.61575201153755,38.073211,0.192298,,,,,,,,,,,,,,,,,,,,,,,,,,,,,,,,,,,,,0.0,39635,6424,6212,1
live_a71__favorable_stable,71,split_ae32_uint4_q9800,FAVORABLE_STABLE,989,ue288_live_a71__favorable_stable:989,363,24.495595797896385,1789019565.61081,True,False,True,4,62751,1789019565656493675,1789019565656520136,1,1789019565684324533,1789019565684405070,1789019565684471372,1789019565685846315,1789019565786071014,1789019565787575349,1,0,40.382702834904194,10.540531948208809,3.5913940519094467,21.70708868652582,2.4521639570593834,0.09948480874300003,27.907252311706543,17.697647,0.026461,27.911395,27.884934,0.080537,1.441245,100.182424,0.019834,1.346343,0.432588,94.066563,3.741093,100.224699,101.729034,21.796064376831055,25.93126,61.962178,0.108161,8.006425,17.924835,53.313346,5.394069,8.648832,0.494429,0.058861,3.723964,94.019072,0.09987200051546097,21.80191993713379,4.121664047241211,54.30255889892578,4.395359992980957,8.638239860534668,0.48342400789260864,0.06950400024652481,3.7137279510498047,93.98863983154297,60,0.0,39647,6414,6202,1
live_a71__favorable_stable,71,split_ae32_uint4_q9800,FAVORABLE_STABLE,991,ue288_live_a71__favorable_stable:991,365,24.5955957993865,1789019565.713547,True,False,True,4,63774,1789019565761294449,1789019565761323630,1,1789019565817995666,1789019565818082495,1789019565818164387,1789019565818190491,1789019565909531029,1789019565911609072,1,0,48.43913950026035,16.463838517665863,4.515909589827061,25.003723800182343,2.330442890524864,0.08396338671445847,31.9749740883708,15.679207,0.029181,56.788046,56.758865,0.086829,0.107996,91.285734,0.022119,2.125416,0.552832,84.147343,3.636817,91.340538,93.418581,15.242079734802246,23.702187,58.645726,0.100339,7.34601,16.356177,44.238545,0.99207,14.407181,0.503857,0.063799,3.622741,84.095724,0.09164799749851227,15.248191833496094,8.446816444396973,44.215232849121094,0.9651200175285339,14.393952369689941,0.49375998973846436,0.078015998005867,3.614367961883545,84.05731201171875,61,0.0,39596,6432,6220,1
live_a71__favorable_stable,71,split_ae32_uint4_q9800,FAVORABLE_STABLE,993,ue288_live_a71__favorable_stable:993,367,24.695595800876617,1789019565.803753,True,False,True,4,60617,1789019565844282111,1789019565844310700,1,1789019565889338052,1789019565889405068,1789019565889468953,1789019565911623846,1789019566007490622,1789019566009502748,1,0,35.80761142075062,10.323353111743927,2.3687435314059258,20.635977387428284,2.349443733692169,0.11453218758106232,25.51618218421936,14.923364,0.028589,45.122957,45.094368,0.067016,22.218778,95.828668,0.021515,3.110939,0.845785,87.616003,3.430968,95.866776,97.878902,20.13987159729004,23.021118,63.253826000000004,0.130634,6.811093,16.210025,48.309477,0.507731,14.944349,0.484268,0.072463,3.41892,87.55791,0.12115199863910675,20.146207809448242,2.866208076477051,48.29475021362305,0.4965760111808777,14.931167602539062,0.47116801142692566,0.07939200103282928,3.409440040588379,87.5077133178711,58,0.0,39592,6452,6240,1
live_a71__favorable_stable,71,split_ae32_uint4_q9800,FAVORABLE_STABLE,995,ue288_live_a71__favorable_stable:995,369,24.795595802366734,1789019565.9063237,True,False,True,4,66912,1789019565955066744,1789019565955093671,1,1789019565990955148,1789019565991015580,1789019565991079888,1789019566009515794,1789019566096348851,1789019566104598261,1,0,38.69983088225126,12.261992320418358,2.336484380066395,21.59935049712658,2.3755505681037903,0.08692033588886261,26.44104603677988,22.211098,0.026927,35.948836,35.921909,0.060432,18.500214,86.796486,0.020829,1.33059,0.508449,80.475202,3.853306,86.833057,95.082467,17.315040588378906,23.810682999999997,55.346672,0.099774,7.421272,16.389411,48.713298,0.504508,6.633374,0.520104,0.070423,3.834567,80.424928,0.09187199920415878,17.321056365966797,6.483295917510986,48.700225830078125,0.49270400404930115,6.621856212615967,0.5096319913864136,0.07977599650621414,3.823359966278076,80.39282989501953,64,0.0,39604,6453,6241,1
live_a71__favorable_stable,71,split_ae32_uint4_q9800,FAVORABLE_STABLE,997,ue288_live_a71__favorable_stable:997,371,24.89559580385685,1789019566.0034509,True,False,True,4,55428,1789019566056861208,1789019566056896107,1,1789019566085760202,1789019566085809514,1789019566085867433,1789019566104610971,1789019566195711468,1789019566198542617,1,0,44.08071655780077,13.00458237528801,4.052511416375637,24.53614491969347,2.3450851440429688,0.0860411673784256,31.066271476447582,22.254252,0.034899,28.948306,28.913407,0.049312,18.801457,91.058825,0.020322,1.533309,0.801293,82.034398,3.36468,91.100497,93.931646,22.06208038330078,26.252974,53.509208,0.358576,7.192383,19.060591,46.976313,0.855201,6.532895,0.511179,0.065769,3.34624,81.976005,0.4118080139160156,22.062816619873047,4.133312225341797,47.06963348388672,0.7426239848136902,6.520895957946777,0.5001279711723328,0.07407999783754349,3.3362879753112793,81.59430694580078,53,0.0,39606,6451,6239,1
live_a71__favorable_stable,71,split_ae32_uint4_q9800,FAVORABLE_STABLE,999,ue288_live_a71__favorable_stable:999,373,24.995595805346966,1789019566.1078799,True,False,True,4,66924,1789019566145150353,1789019566145177369,1,1789019566193426994,1789019566193477832,1789019566193539128,1789019566198558725,1789019566309514461,1789019566311059242,1,0,38.040452636778355,12.92173657566309,1.8924595788121223,20.329334773123264,2.7433931827545166,0.0871000811457634,25.09392611682415,12.092189,0.027016,48.327479,48.300463,0.050838,5.080893,110.910932,0.024348,1.174204,0.657296,102.096943,3.972509,110.955736,112.500517,16.515199661254883,24.773511,74.485952,1.475832,7.264765,17.508746,60.703139,0.647922,13.782813,0.511466,0.066025,3.954813,102.042692,2.6318719387054443,16.51692771911621,7.093952178955078,60.79302215576172,0.5486400127410889,13.770560264587402,0.5008320212364197,0.2056639939546585,3.870879888534546,102.12963104248047,64,0.0,39625,6454,6242,1
live_a71__favorable_stable,71,split_ae32_uint4_q9800,FAVORABLE_STABLE,1001,ue288_live_a71__favorable_stable:1001,375,25.095595806837082,1789019566.2105827,True,False,True,4,59675,1789019566245837096,1789019566245865509,1,1789019566295375963,1789019566295450103,1789019566295517959,1789019566311071789,1789019566371153751,1789019566372424641,1,0,36.98924835771322,13.139146380126476,1.705205999314785,19.67422664165497,2.33408622443676,0.0921245664358139,23.850162513554096,11.311682,0.028413,49.613007,49.584594,0.07414,15.621686,60.047307,0.021822,2.0505,0.785449,51.610677,3.406881,60.081962,61.352852,20.81500816345215,22.98583,27.345762999999998,0.134625,9.101332,13.884498,21.307463,0.460972,6.0383,0.486214,0.053195,3.393423,51.55651,0.12595200538635254,20.82156753540039,2.1557118892669678,21.295520782470703,0.44944000244140625,6.029600143432617,0.4774079918861389,0.06697600334882736,3.3849599361419678,51.50806427001953,57,0.0,39609,6466,6254,1
live_a71__favorable_stable,71,split_ae32_uint4_q9800,FAVORABLE_STABLE,1003,ue288_live_a71__favorable_stable:1003,377,25.195595808327198,1789019566.3126209,True,False,True,4,60765,1789019566417066911,1789019566417099292,1,1789019566438372255,1789019566438456127,1789019566438531724,1789019566438559731,1789019566536285680,1789019566538498722,1,0,109.8729819059372,21.514108404517174,5.683280527591705,77.36191526055336,5.1514459773898125,0.11957157403230667,88.38666137307882,15.968604,0.032381,21.389216,21.356835,0.083872,0.103604,97.662362,0.020378,0.977346,0.541992,90.887,4.398823,97.725949,99.938991,15.696319580078125,23.827830999999996,64.58798200000001,0.096922,7.067409,16.760422,41.004544,1.436066,23.583438,0.740099,0.065928,4.380654,90.836062,0.08883199840784073,15.702431678771973,8.11580753326416,41.823326110839844,0.6094719767570496,23.571264266967773,0.7286720275878906,0.07817599922418594,4.371007919311523,90.7968978881836,58,0.0,39602,6424,6212,1
live_a71__favorable_stable,71,split_ae32_uint4_q9800,FAVORABLE_STABLE,1005,ue288_live_a71__favorable_stable:1005,379,25.295595809817314,1789019566.5016131,True,False,True,4,72304,1789019566574505393,1789019566574540456,1,1789019566602413931,1789019566602498979,1789019566602577361,1789019566602634858,1789019566726034044,1789019566728344027,1,0,67.9175816476345,22.464314475655556,9.06581524759531,28.678180649876595,7.5400229543447495,0.12025516480207443,45.47819588333368,27.303079,0.035063,27.993586,27.958523,0.085048,0.135879,123.346085,0.020451,1.24138,0.583154,116.448785,4.248002,123.399186,125.709169,19.7706241607666,22.613024,90.796171,0.10769,8.475634,14.13739,70.980436,1.819394,19.815735,0.900209,0.069972,4.228861,116.393322,0.2263679951429367,19.77132797241211,2.717952013015747,72.00006103515625,0.7922559976577759,19.803104400634766,0.8894720077514648,0.08211199939250946,4.118815898895264,116.34992218017578,69,0.0,39607,6441,6229,1
live_a71__favorable_stable,71,split_ae32_uint4_q9800,FAVORABLE_STABLE,1007,ue288_live_a71__favorable_stable:1007,381,25.39559581130743,1789019566.571275,True,False,True,4,63935,1789019566658587977,1789019566658620438,1,1789019566685331081,1789019566685386282,1789019566685450872,1789019566728359764,1789019566840248549,1789019566841769660,1,0,66.31402671337128,0.0036694109439849854,3.0402839183807373,32.96581655740738,6.678351201117039,0.29489584267139435,43.02646033465862,39.960844,0.032461,26.798305,26.765844,0.055201,42.973482,111.847348,0.021325,1.345808,0.570859,105.265478,3.967804,111.888785,113.409896,26.36742401123047,35.567354,68.117984,0.120561,12.230492,23.336862,61.384951,0.607962,6.733033,0.652375,0.06624,3.951657,105.212706,0.11222399771213531,26.373920440673828,9.184927940368652,61.36985778808594,0.5967360138893127,6.720928192138672,0.6418560147285461,0.3944000005722046,3.6715519428253174,105.49183654785156,61,0.0,39606,6428,6216,1
live_a71__favorable_stable,71,split_ae32_uint4_q9800,FAVORABLE_STABLE,1009,ue288_live_a71__favorable_stable:1009,383,25.495595812797546,1789019566.6495497,False,,,4,,1789019566730627557,1789019566730710757,1,,,,,,,,,79.2022030800581,0.004147179424762726,4.82082087546587,32.6969176530838,9.055744856595993,0.1318473368883133,46.76903132349253,23.830308,0.0832,,,,,,,,,,,,,,,,,,,,,,,,,,,,,,,,,,,,,0.0,39622,6428,6216,1
live_a71__favorable_stable,71,split_ae32_uint4_q9800,FAVORABLE_STABLE,1011,ue288_live_a71__favorable_stable:1011,385,25.595595814287663,1789019566.7203414,True,False,True,4,63890,1789019566798844979,1789019566798878872,1,1789019566826216234,1789019566826293201,1789019566826360102,1789019566841782302,1789019566944019618,1789019566945405629,1,0,75.08177682757378,0.004860572516918182,4.741856828331947,29.368190094828606,7.256302051246166,0.1127859577536583,41.58339463174343,24.73366,0.033893,27.448222,27.414329,0.076967,15.489101,102.197193,0.02148,1.398605,0.560198,95.906281,3.672856,102.237316,103.623327,22.08153533935547,27.958717999999998,66.641046,0.100695,7.868117,20.090601,56.496968,0.507464,10.144078,0.507982,0.065906,3.652877,95.854966,0.09228800237178802,22.087135314941406,5.863711833953857,56.4796142578125,0.49667200446128845,10.131967544555664,0.4981760084629059,0.07868800312280655,3.6437439918518066,95.8243179321289,61,0.0,39633,6446,6234,1
live_a71__favorable_stable,71,split_ae32_uint4_q9800,FAVORABLE_STABLE,1013,ue288_live_a71__favorable_stable:1013,387,25.69559581577778,1789019566.8079603,True,False,True,4,62855,1789019566884028496,1789019566884123969,1,1789019566910579690,1789019566910637555,1789019566910715075,1789019566945419482,1789019567056122295,1789019567058163644,1,0,60.710957273840904,8.168057538568974,3.9030686020851135,35.0631857290864,5.267676897346973,1.687539741396904,45.984018594026566,29.924937,0.095473,26.609059,26.513586,0.057865,34.781927,110.665177,0.02062,4.51449,0.660274,98.58907,3.748729,110.702813,112.744162,20.6278076171875,27.535823999999998,68.490093,1.088938,8.076575,19.459249,60.979461,0.627516,7.510632,0.630063,0.066625,3.735936,98.526191,2.6024320125579834,20.629791259765625,5.390944004058838,60.96380615234375,0.6159359812736511,7.4999680519104,0.6194559931755066,0.07280000299215317,3.7277119159698486,98.47666931152344,60,0.0,39641,6397,6185,1
live_a71__favorable_stable,71,split_ae32_uint4_q9800,FAVORABLE_STABLE,1015,ue288_live_a71__favorable_stable:1015,389,25.795595817267895,1789019566.9112885,True,False,True,4,55564,1789019566988252386,1789019566988288105,1,1789019567019621802,1789019567020185598,1789019567020337654,1789019567058175533,1789019567180242904,1789019567181641640,1,0,60.20343862473965,17.300198785960674,4.540836438536644,33.303492702543736,4.812221974134445,0.12556370347738266,42.90943965315819,33.639209,0.035719,31.933212,31.897493,0.563796,37.989935,122.026869,0.018664,2.62523,0.48826,111.975154,3.588386,122.067371,123.466107,18.564607620239258,32.303982,76.128364,1.151249,8.206275,24.097707,58.020006,1.676689,18.108358,0.499064,0.064601,3.57342,111.917362,2.657088041305542,18.5664005279541,12.227487564086914,58.003265380859375,1.665120005607605,18.09587287902832,0.4886080026626587,0.07865600287914276,3.5643839836120605,111.87468719482422,53,0.0,39647,6392,6180,1
live_a71__favorable_stable,71,split_ae32_uint4_q9800,FAVORABLE_STABLE,1017,ue288_live_a71__favorable_stable:1017,391,25.89559581875801,1789019567.0113904,True,False,True,4,58689,1789019567097893705,1789019567097928658,1,1789019567138082701,1789019567138145968,1789019567138211896,1789019567181654620,1789019567284320744,1789019567285568208,1,0,67.47217290103436,19.702118821442127,4.6640001237392426,35.64528841525316,5.807803012430668,0.12636929750442505,46.310627833008766,39.582044,0.034953,40.252263,40.21731,0.063267,43.508652,102.631208,0.019489,2.825821,0.440895,95.340167,3.375768,102.666124,103.913588,21.27302360534668,27.047132,66.869545,0.098981,7.503457,19.543675,59.996218,0.587748,6.873327,0.497261,0.061443,3.363732,95.261666,0.09097599983215332,21.278335571289062,5.759615898132324,59.980960845947266,0.5759360194206238,6.86191987991333,0.487199991941452,0.0681919977068901,3.3547520637512207,95.19792175292969,56,0.0,39629,6418,6206,1
live_a71__favorable_stable,71,split_ae32_uint4_q9800,FAVORABLE_STABLE,1019,ue288_live_a71__favorable_stable:1019,393,25.995595820248127,1789019567.1223242,True,False,True,4,49250,1789019567169438654,1789019567169468090,1,1789019567202710288,1789019567202766946,1789019567202828453,1789019567285579607,1789019567381329616,1789019567387901959,1,0,47.16687835752964,10.136128403246403,7.091308943927288,27.45786029845476,2.3344429209828377,0.09396206587553024,37.03682217746973,9.997026,0.029436,33.328292,33.298856,0.056658,82.812661,95.709806,0.019627,2.858433,0.722477,88.2359,3.213908,95.750009,102.322352,20.568639755249023,26.597572999999997,60.221752,0.194459,7.517175,19.080398,52.934764,0.525443,7.286988,0.494952,0.061923,3.197547,88.182516,0.3125759959220886,20.56934356689453,5.903071880340576,52.9205436706543,0.5145279765129089,7.275712013244629,0.48342400789260864,0.0719040036201477,3.1863040924072266,88.13597106933594,47,0.0,39610,6436,6224,1
live_a71__favorable_stable,71,split_ae32_uint4_q9800,FAVORABLE_STABLE,1021,ue288_live_a71__favorable_stable:1021,395,26.095595821738243,1789019567.2120302,True,False,True,4,56600,1789019567272766313,1789019567272795286,1,1789019567332489139,1789019567332539816,1789019567332599816,1789019567387917153,1789019567510436545,1789019567512401615,1,0,64.34029527008533,19.142983481287956,5.163646303117275,37.5744104385376,2.3375656455755234,0.09768549352884293,45.22543679922819,15.413558,0.028973,59.773503,59.74453,0.050677,55.377337,122.473781,0.020677,1.999489,0.622973,113.802549,5.252921,122.519392,124.484462,22.47043228149414,31.549,79.29645500000001,0.122423,7.37691,24.17209,62.313352,0.639697,16.983103,1.938362,0.108398,5.234831,113.742324,0.6734399795532227,22.47113609313965,8.517984390258789,62.29600143432617,0.6287680268287659,16.969696044921875,1.9274239540100098,0.11535999923944473,3.499552011489868,113.69324493408203,54,0.0,39631,6448,6236,1
live_a71__favorable_stable,71,split_ae32_uint4_q9800,FAVORABLE_STABLE,1023,ue288_live_a71__favorable_stable:1023,397,26.19559582322836,1789019567.315535,False,,,4,,1789019567368031158,1789019567368056375,1,,,,,,,,,59.771678410470486,21.622209809720516,6.39340840280056,29.1731720790267,2.477760426700115,0.07999036461114883,38.15513104200363,14.247146,0.025217,,,,,,,,,,,,,,,,,,,,,,,,,,,,,,,,,,,,,0.0,39643,6427,6215,1
live_a71__favorable_stable,71,split_ae32_uint4_q9800,FAVORABLE_STABLE,1025,ue288_live_a71__favorable_stable:1025,399,26.295595824718475,1789019567.417267,True,False,True,4,48199,1789019567468043799,1789019567468067469,1,1789019567503505545,1789019567503560051,1789019567503622551,1789019567512414986,1789019567592467959,1789019567601863136,1,0,51.65371112525463,14.93741013109684,6.162215024232864,27.849731966853142,2.5850264355540276,0.14253519475460052,36.7890652269125,13.879351,0.02367,35.516252,35.492582,0.054506,8.854935,80.013845,0.018946,0.887074,0.480396,74.12758,3.082584,80.052973,89.44815,20.0732479095459,22.814332,49.914488000000006,0.101639,7.23869,15.575642,43.194861,0.570342,6.719627,0.547576,0.065259,3.068743,74.082309,0.09398400038480759,20.079647064208984,2.725759983062744,43.181663513183594,0.5601279735565186,6.707520008087158,0.535647988319397,0.07465600222349167,3.060703992843628,74.05091094970703,46,0.0,39615,6406,6194,1
live_a71__favorable_stable,71,split_ae32_uint4_q9800,FAVORABLE_STABLE,1027,ue288_live_a71__favorable_stable:1027,401,26.39559582620859,1789019567.5036187,True,False,True,4,52419,1789019567572397520,1789019567572444146,1,1789019567611579557,1789019567611655809,1789019567611728309,1789019567611785452,1789019567692008033,1789019567701446455,1,0,60.083119198679924,12.11207453161478,4.023965448141098,38.800349459052086,4.971452057361603,0.11792220175266266,47.97460976988077,20.644205,0.046626,39.258289,39.211663,0.076252,0.129643,80.166561,0.022022,1.307184,0.90973,73.600383,3.416938,80.222581,89.661003,19.88960075378418,22.206228,50.065781,0.111163,7.322646,14.883582,43.283825,0.501524,6.781956,0.514121,0.066722,3.402122,73.548588,0.1027199998497963,19.895360946655273,2.3023359775543213,43.26921463012695,0.4899519979953766,6.769311904907227,0.5025920271873474,0.07539200037717819,3.3926401138305664,73.50588989257812,50,0.0,39612,6425,6213,1
live_a71__favorable_stable,71,split_ae32_uint4_q9800,FAVORABLE_STABLE,1029,ue288_live_a71__favorable_stable:1029,403,26.495595827698708,1789019567.6031957,True,False,True,4,61769,1789019567660002556,1789019567660036554,1,1789019567698057327,1789019567698103395,1789019567698161591,1789019567701457134,1789019567790890542,1789019567793763444,1,0,45.25759816169739,12.169423513114452,6.165600381791592,21.465417928993702,5.173681303858757,0.16696564853191376,33.040568232536316,23.649286,0.033998,38.100839,38.066841,0.046068,3.353739,89.376916,0.021382,1.839526,1.89016,77.778073,4.271544,89.433408,92.30631,21.4136962890625,24.104839,52.296763,0.146522,7.403187,16.701652,46.317576,0.494886,5.979187,0.51608,0.066135,4.242293,77.717729,0.13734400272369385,21.419551849365234,2.6757760047912598,46.302974700927734,0.4845440089702606,5.967967987060547,0.5058240294456482,0.2120320051908493,4.136096000671387,77.8005142211914,59,0.0,39642,6429,6217,1
live_a71__favorable_stable,71,split_ae32_uint4_q9800,FAVORABLE_STABLE,1031,ue288_live_a71__favorable_stable:1031,405,26.595595829188824,1789019567.7029889,True,False,True,4,60785,1789019567752195966,1789019567752227014,1,1789019567791341957,1789019567791400421,1789019567791481702,1789019567793773015,1789019567886401547,1789019567887700987,1,0,43.99166349321604,13.82099837064743,3.098888322710991,21.61926869302988,5.316191352903843,0.11957157403230667,30.218692496418953,18.882708,0.031048,39.204455,39.173407,0.058464,2.372594,92.587082,0.020401,2.818518,0.674399,81.906463,3.566431,92.628532,93.927972,18.883840560913086,21.570498999999998,58.555501,0.575275,7.5274,14.043099,52.802498,0.501216,5.753003,0.500976,0.059987,3.551282,81.851354,0.5670719742774963,18.88979148864746,2.6733760833740234,52.78886413574219,0.49158400297164917,5.742432117462158,0.4915519952774048,0.06764800101518631,3.542880058288574,81.80284881591797,58,0.0,39655,6441,6229,1
live_a71__favorable_stable,71,split_ae32_uint4_q9800,FAVORABLE_STABLE,1033,ue288_live_a71__favorable_stable:1033,407,26.69559583067894,1789019567.803351,True,False,True,4,49244,1789019567855691248,1789019567855716105,1,1789019567892583472,1789019567892632764,1789019567892699047,1789019567892925850,1789019567993196516,1789019567994437256,1,0,46.393279917538166,11.899445205926895,5.469151772558689,26.369464583694935,2.4385610595345497,0.09812135249376297,34.44278426468372,17.811296,0.024857,36.941516,36.916659,0.049292,0.293086,100.198415,0.023404,10.610353,0.813636,84.572017,3.127179,100.270666,101.511406,21.381439208984375,28.275372,54.875912,0.125563,7.0818,21.193572,48.184209,0.584036,6.691703,0.503576,0.062744,3.108777,84.515086,0.11673600226640701,21.387807846069336,6.879007816314697,48.164703369140625,0.5725119709968567,6.680448055267334,0.4938240051269531,0.0716480016708374,3.0991361141204834,84.4655990600586,47,0.0,39633,6443,6231,1
live_a71__favorable_stable,71,split_ae32_uint4_q9800,FAVORABLE_STABLE,1035,ue288_live_a71__favorable_stable:1035,409,26.795595832169056,1789019567.906564,True,False,True,4,60800,1789019567940934283,1789019567940956421,1,1789019567980700100,1789019567980761645,1789019567980817608,1789019567994449679,1789019568112463665,1789019568115293043,1,0,30.33598233014345,3.9164721965789795,3.210528753697872,20.723202265799046,2.3423824459314346,0.09294971823692322,26.412399485707283,7.873927,0.022138,39.827362,39.805224,0.061545,13.688034,117.973626,0.020304,7.895949,0.680863,102.999988,3.485064,118.013986,120.843364,19.051488876342773,28.823869,64.927485,0.725858,7.23267,21.591199,54.554192,0.484274,10.373293,4.500335,0.069578,3.467581,102.938906,0.6989759802818298,19.056991577148438,9.757311820983887,54.53977584838867,0.4731839895248413,10.359519958496094,4.486752033233643,0.08019199967384338,3.4590399265289307,102.89094543457031,58,0.0,39639,6431,6219,1
live_a71__favorable_stable,71,split_ae32_uint4_q9800,FAVORABLE_STABLE,1037,ue288_live_a71__favorable_stable:1037,411,26.895595833659172,1789019568.012505,True,False,True,4,53521,1789019568058325262,1789019568058349682,1,1789019568092800054,1789019568092854490,1789019568092907206,1789019568115307818,1789019568209361064,1789019568212040877,1,0,39.05495535582304,12.456466443836689,2.4517998099327087,21.627972833812237,2.40135844796896,0.10039564222097397,26.627213694155216,19.095585,0.02442,34.529228,34.504808,0.054436,22.453328,94.013803,0.020221,5.679202,0.64773,83.700691,3.333027,94.053246,96.733059,16.253408432006836,21.794753,60.407058000000006,0.125441,8.23052,13.564233,42.214514,0.539947,18.192544,0.566561,0.114675,3.320307,83.634076,0.1170239970088005,16.25993537902832,5.523712158203125,42.19529724121094,0.5276479721069336,18.180255889892578,0.554144024848938,0.11660800129175186,3.3098559379577637,83.58582305908203,51,0.0,39637,6430,6218,1
live_a71__favorable_stable,71,split_ae32_uint4_q9800,FAVORABLE_STABLE,1039,ue288_live_a71__favorable_stable:1039,413,26.995595835149288,1789019568.1033828,True,False,True,4,63955,1789019568143736807,1789019568143791499,1,1789019568166798431,1789019568166847484,1789019568166905037,1789019568212055745,1789019568306607276,1789019568311157360,1,0,37.321834824979305,13.268668204545975,2.8090961277484894,18.789155408740044,2.3216884583234787,0.0804578885436058,24.04592279344797,16.207553,0.054692,23.110677,23.055985,0.049053,45.208261,94.514964,0.022862,5.952991,1.286847,80.740415,3.607181,94.551531,99.101615,14.173919677734375,17.242102,59.683279,1.004434,7.048224,10.193878,49.000916,0.500252,10.682363,2.010765,0.070039,3.592591,80.675407,1.3999359607696533,14.17580795288086,2.6669440269470215,48.98646545410156,0.4887999892234802,10.671327590942383,1.9987200498580933,0.08198399841785431,3.5808959007263184,80.55935668945312,61,0.0,39598,6423,6211,1
live_a71__favorable_stable,71,split_ae32_uint4_q9800,FAVORABLE_STABLE,1041,ue288_live_a71__favorable_stable:1041,415,27.095595836639404,1789019568.2056525,True,False,True,4,68140,1789019568259590983,1789019568259641775,1,1789019568295014787,1789019568295071425,1789019568295140616,1789019568311170862,1789019568401143904,1789019568414569530,1,0,43.34183316677809,11.95464562624693,6.945902481675148,21.839057095348835,2.3258039727807045,0.08481275290250778,31.24755062162876,22.360082,0.050792,35.480442,35.42965,0.056638,16.099437,89.929,0.021243,1.662118,0.819581,80.007665,3.973913,89.973042,103.398668,22.25868797302246,27.183041000000003,51.449574,0.11864,7.89344,19.289601,45.604991,0.518353,5.844583,0.539271,0.06296,3.95772,79.954292,0.10982400178909302,22.264448165893555,4.9094719886779785,45.59257507324219,0.5066879987716675,5.833248138427734,0.5292800068855286,0.0729919970035553,3.9491519927978516,79.91280364990234,65,0.0,39614,6434,6222,1
live_a71__favorable_stable,71,split_ae32_uint4_q9800,FAVORABLE_STABLE,1043,ue288_live_a71__favorable_stable:1043,417,27.19559583812952,1789019568.3114595,True,False,True,4,62924,1789019568348018539,1789019568348068882,1,1789019568383506641,1789019568383553002,1789019568383609040,1789019568414586288,1789019568533180019,1789019568534751436,1,0,37.804569117724895,10.140631347894669,3.1278152018785477,21.716133691370487,2.3303870111703873,0.08349958807229996,27.300462126731873,8.774186,0.050343,35.534463,35.48412,0.046361,31.033286,118.547506,0.041668,2.809123,4.647081,101.21619,3.729024,118.593731,120.165148,17.814464569091797,36.634439,58.173013,0.478259,10.293457,26.340982,42.713417,4.633606,15.459596,0.516778,0.064466,3.714414,101.150511,0.970687985420227,17.815200805664062,18.32352066040039,43.71923065185547,3.6195199489593506,15.447680473327637,0.5069119930267334,0.0767040029168129,3.7055039405822754,100.55439758300781,60,0.0,39621,6428,6216,1
live_a71__favorable_stable,71,split_ae32_uint4_q9800,FAVORABLE_STABLE,1045,ue288_live_a71__favorable_stable:1045,419,27.295595839619637,1789019568.410748,True,False,True,4,61843,1789019568460878504,1789019568460923714,1,1789019568502055272,1789019568502130550,1789019568502194421,1789019568534764568,1789019568624378827,1789019568625989460,1,0,45.324429869651794,15.34142903983593,4.598635248839855,22.840389981865883,2.392086200416088,0.09705871343612671,29.985335655510426,20.059065,0.04521,41.252046,41.206836,0.075278,32.634018,89.575095,0.019834,1.415328,0.603782,83.173109,3.533399,89.614259,91.224892,21.96112060546875,33.653022,48.145165000000006,0.127922,7.583782,26.06924,32.476339,0.538851,15.668826,0.489515,0.070473,3.518689,83.114359,0.1194240003824234,21.9671688079834,11.676735877990723,32.460960388183594,0.5264639854431152,15.655488014221191,0.4796159863471985,0.08166400343179703,3.508512020111084,83.06934356689453,59,0.0,39641,6433,6221,1
live_a71__favorable_stable,71,split_ae32_uint4_q9800,FAVORABLE_STABLE,1047,ue288_live_a71__favorable_stable:1047,421,27.395595841109753,1789019568.5077283,True,False,True,4,54460,1789019568566328721,1789019568566376307,1,1789019568605591936,1789019568605636873,1789019568605693167,1789019568626004602,1789019568739428991,1789019568740711598,1,0,35.381686873734,8.574857376515865,3.1064776703715324,21.19278535246849,2.3621460422873497,0.08468795567750931,26.79400146007538,31.713511,0.047586,39.308152,39.260566,0.044937,20.367729,113.38212,0.022173,3.903114,0.702607,104.097625,3.991994,113.424389,114.706996,22.28447914123535,39.094157,63.162906,0.135764,6.848765,32.245392,56.703188,0.498989,6.459718,0.955479,0.083284,3.976716,104.025513,0.12745599448680878,22.29030418395996,16.795040130615234,56.68947219848633,0.48790401220321655,6.448319911956787,0.942143976688385,0.9672319889068604,3.1503679752349854,104.8443832397461,52,0.0,39653,6411,6199,1
live_a71__favorable_stable,71,split_ae32_uint4_q9800,FAVORABLE_STABLE,1049,ue288_live_a71__favorable_stable:1049,423,27.49559584259987,1789019568.6195185,True,False,True,4,58619,1789019568668562594,1789019568668607729,1,1789019568702543258,1789019568702591442,1789019568702645747,1789019568740724087,1789019568838475329,1789019568840539833,1,0,52.120160311460495,19.19288281351328,8.365980349481106,21.97394147515297,2.337159588932991,0.08907727897167206,32.82411303371191,16.008015,0.045135,34.028848,33.983713,0.048184,38.132645,97.712542,0.019789,0.762082,0.418438,92.630513,3.29517,97.751242,99.815746,20.234912872314453,25.865575,65.045091,0.099558,7.015917,18.849658,58.913555,0.505222,6.131536,0.930005,0.063963,3.279511,92.579411,0.09164799749851227,20.24083137512207,5.618591785430908,58.901023864746094,0.49513599276542664,6.119999885559082,0.9189760088920593,0.07228799909353256,3.2699520587921143,92.54707336425781,56,0.0,39613,6414,6202,1
live_a71__favorable_stable,71,split_ae32_uint4_q9800,FAVORABLE_STABLE,1051,ue288_live_a71__favorable_stable:1051,425,27.595595844089985,1789019568.702184,True,False,True,4,55584,1789019568737967460,1789019568738017559,1,1789019568774792220,1789019568774832531,1789019568774889119,1789019568840554311,1789019568931754079,1789019568933153209,1,0,36.81265655905008,7.259182631969452,5.268086679279804,20.141156390309334,2.345670945942402,0.09455718100070953,27.91416272521019,7.665222,0.050099,36.865071,36.814972,0.040311,65.72178,91.149685,0.024753,10.589771,1.027052,74.566545,3.446034,91.199768,92.598898,20.571008682250977,28.214788000000002,44.285588000000004,0.792911,7.03799,21.176798,32.481346,0.518952,11.804242,0.515414,0.06211,3.427662,74.500862,0.7829440236091614,20.578432083129883,7.625311851501465,32.46736145019531,0.501695990562439,11.791999816894531,0.5046079754829407,0.07651200145483017,3.417088031768799,74.44166564941406,53,0.0,39619,6404,6192,1
live_a71__favorable_stable,71,split_ae32_uint4_q9800,FAVORABLE_STABLE,1053,ue288_live_a71__favorable_stable:1053,427,27.6955958455801,1789019568.8050745,True,False,True,4,57659,1789019568841556214,1789019568841597271,1,1789019568879932423,1789019568879988559,1789019568880051047,1789019568933168146,1789019569038762871,1789019569049354414,1,0,38.90915494412184,11.036044918000698,4.5116376131772995,20.88663261383772,2.351011149585247,0.09500235319137573,27.892950922250748,8.497639,0.041057,38.432345,38.391288,0.056136,53.179587,105.554512,0.027032,3.744974,0.694375,96.952073,3.426042,105.594725,116.186268,22.772480010986328,25.710625999999998,69.78519899999999,0.135319,6.981264,18.729362,63.332418,0.52544,6.452781,0.563595,0.078755,3.405415,96.888931,0.12720000743865967,22.779232025146484,2.922719955444336,63.31913757324219,0.5139840245246887,6.441152095794678,0.5537919998168945,0.215488001704216,3.3211519718170166,96.97225952148438,55,0.0,39621,6444,6232,1
live_a71__favorable_stable,71,split_ae32_uint4_q9800,FAVORABLE_STABLE,1055,ue288_live_a71__favorable_stable:1055,429,27.795595847070217,1789019568.908993,True,False,True,4,59701,1789019568976365872,1789019568976411352,1,1789019569012205590,1789019569012250466,1789019569012301870,1789019569049368682,1789019569131570400,1789019569132857508,1,0,40.510423481464386,11.963622644543648,5.19160833209753,20.729918964207172,2.4849455803632736,0.12382026761770248,28.585301712155342,38.509752,0.04548,35.884594,35.839114,0.044876,37.118216,82.158067,0.020485,1.46795,0.594779,76.04296,3.387192,82.201718,83.488826,19.884063720703125,27.921022,44.617333,0.136989,7.080994,20.840028,35.317271,2.514357,9.300062,0.631177,0.068959,3.370039,75.974424,0.1276479959487915,19.890399932861328,8.020735740661621,35.30303955078125,2.5024960041046143,9.287103652954102,0.6215680241584778,0.0904960036277771,3.3608639240264893,75.95065307617188,57,0.0,39589,6398,6186,1
live_a71__favorable_stable,71,split_ae32_uint4_q9800,FAVORABLE_STABLE,1057,ue288_live_a71__favorable_stable:1057,431,27.895595848560333,1789019569.0024025,True,False,True,4,64990,1789019569051267749,1789019569051312374,1,1789019569085351641,1789019569085390026,1789019569085437218,1789019569132869914,1789019569212481579,1789019569214382256,1,0,42.796664871275425,12.300396338105202,4.809143021702766,23.2230331748724,2.3237932473421097,0.09402167052030563,30.51511663943529,18.222233,0.044625,34.122277,34.077652,0.038385,47.479888,79.572287,0.019551,1.646069,0.432674,72.761754,4.129038,79.611665,81.512342,20.024383544921875,25.783277,45.518504,0.101143,7.173426,18.609851,30.210126,0.511626,15.308378,0.631718,0.083256,4.110874,72.701839,0.09366399794816971,20.03023910522461,5.745279788970947,30.19593620300293,0.5009920001029968,15.29520034790039,0.6195520162582397,0.08627200126647949,4.09606409072876,72.66851043701172,62,0.0,39593,6428,6216,1
live_a71__favorable_stable,71,split_ae32_uint4_q9800,FAVORABLE_STABLE,1059,ue288_live_a71__favorable_stable:1059,433,27.99559585005045,1789019569.1018407,True,False,True,4,64978,1789019569131127101,1789019569131178742,1,1789019569166684181,1789019569166739688,1789019569166805761,1789019569214395088,1789019569337269728,1789019569338690715,1,0,34.489309415221214,11.52877788990736,2.7856333181262016,17.691402696073055,2.357473596930504,0.09035132825374603,22.97520451247692,5.84487,0.051641,35.612587,35.560946,0.055507,47.6554,122.836384,0.0216,7.091622,0.657148,110.68344,3.708251,122.87464,124.295627,20.3306884765625,39.513828,69.505543,0.120529,6.93197,32.581858,61.123237,0.518813,8.382306,0.814356,0.064275,3.688409,110.624446,0.11235199868679047,20.336639404296875,19.166784286499023,61.10812759399414,0.5077760219573975,8.369376182556152,0.8033599853515625,0.0737600028514862,3.678879976272583,110.57907104492188,62,0.0,39620,6408,6196,1
live_a71__favorable_stable,71,split_ae32_uint4_q9800,FAVORABLE_STABLE,1061,ue288_live_a71__favorable_stable:1061,435,28.095595851540565,1789019569.2073834,True,False,True,4,55529,1789019569257698013,1789019569257746000,1,1789019569314180965,1789019569314496287,1789019569314559683,1789019569338703617,1789019569425706114,1789019569428700089,1,0,37.82996255904436,11.689417064189911,2.8036991134285927,20.778906531631947,2.3975856602191925,0.09380094707012177,26.124990545213223,24.08338,0.047987,56.798274,56.750287,0.315322,24.20733,86.962284,0.020896,11.246236,1.521414,70.112054,3.184575,87.002497,89.996472,21.040672302246094,27.94082,31.823009,0.199766,6.795049,21.145771,20.292323,9.427252,11.530686,0.508961,0.065007,3.167927,70.052565,0.1908479928970337,21.046815872192383,6.886047840118408,20.278112411499023,9.414752006530762,11.518464088439941,0.49907198548316956,0.0793600007891655,3.1585919857025146,70.00947570800781,53,0.0,39630,6430,6218,1
live_a71__favorable_stable,71,split_ae32_uint4_q9800,FAVORABLE_STABLE,1063,ue288_live_a71__favorable_stable:1063,437,28.19559585303068,1789019569.3040493,True,False,True,4,55548,1789019569338539414,1789019569338594978,1,1789019569372403960,1789019569372457739,1789019569372521446,1789019569428711984,1789019569520850736,1789019569522409759,1,0,35.78886669129133,10.475954972207546,1.9513098523020744,20.60297690331936,2.6038018986582756,0.09648129343986511,25.300223380327225,8.870054,0.055564,33.918325,33.862761,0.053779,56.254245,92.10219,0.021831,12.186971,0.666814,74.971028,3.432816,92.138752,93.697775,16.571775436401367,33.205186999999995,38.544852,0.208261,7.207953,25.997234,22.782395,2.143996,15.762457,0.62394,0.071433,3.418971,74.907103,0.19964799284934998,16.572511672973633,16.367488861083984,22.768192291259766,2.1324799060821533,15.749343872070312,0.6130560040473938,0.08099199831485748,3.4100160598754883,74.83618927001953,53,0.0,39627,6430,6218,1
live_a71__favorable_stable,71,split_ae32_uint4_q9800,FAVORABLE_STABLE,1065,ue288_live_a71__favorable_stable:1065,439,28.295595854520798,1789019569.4099112,True,False,True,4,51376,1789019569471215279,1789019569471259829,1,1789019569505408680,1789019569505453528,1789019569505507100,1789019569522422885,1789019569614865939,1789019569616949505,1,0,34.6798449754715,8.005297742784023,2.138695679605007,21.59297466278076,2.7712099254131317,0.10394304990768433,26.65378712117672,34.564386,0.04455,34.238249,34.193699,0.044848,16.969357,92.407994,0.020094,1.547173,1.018711,83.889983,2.990361,92.443054,94.52662,15.049247741699219,37.96821,44.202748,0.466212,11.281973,26.686237,23.3934,0.492273,20.809348,0.536029,0.070844,2.977318,83.828334,0.4591360092163086,15.052767753601074,22.905376434326172,23.37923240661621,0.48150399327278137,20.795808792114258,0.5249279737472534,0.08019199967384338,2.9656639099121094,83.78195190429688,49,0.0,39622,6415,6203,1
live_a71__favorable_stable,71,split_ae32_uint4_q9800,FAVORABLE_STABLE,1067,ue288_live_a71__favorable_stable:1067,441,28.395595856010914,1789019569.511272,True,False,True,4,56582,1789019569559563299,1789019569559612027,1,1789019569593253177,1789019569593322999,1789019569593398610,1789019569616962075,1789019569691210589,1789019569692557555,1,0,37.253486923873425,9.080504067242146,2.8141504153609276,22.80001249164343,2.396509051322937,0.10142195969820023,28.163424693048,19.998165,0.048728,33.7597,33.710972,0.069822,23.639076,74.212568,0.019234,1.186744,1.248461,65.315441,3.465061,74.248514,75.59548,14.371071815490723,16.538042,46.275434,0.274465,6.774675,9.763367,37.013403,1.529238,9.262031,0.503811,0.058499,3.448138,65.264585,0.26499199867248535,14.377152442932129,2.154655933380127,38.06911849975586,0.4699519872665405,9.2510404586792,0.49433600902557373,0.07318399846553802,3.4377920627593994,65.2248306274414,54,0.0,39631,6413,6201,1
live_a71__favorable_stable,71,split_ae32_uint4_q9800,FAVORABLE_STABLE,1069,ue288_live_a71__favorable_stable:1069,443,28.49559585750103,1789019569.6044123,True,False,True,4,54573,1789019569651313589,1789019569651376203,1,1789019569688163072,1789019569688207279,1789019569688265786,1789019569692569881,1789019569799866711,1789019569808594944,1,0,42.4165278673172,9.331007488071918,5.802537314593792,24.67384561896324,2.3824311792850494,0.08580368012189865,33.048163168132305,13.429684,0.062614,36.89369,36.831076,0.044207,4.362602,107.257245,0.020996,5.550613,1.089497,96.731571,3.219712,107.29683,116.025063,22.560991287231445,29.01342,65.854545,0.126136,6.689978,22.323442,54.907055,0.488883,10.94749,1.041715,0.065329,3.204768,96.673913,0.11795199662446976,22.56729507446289,6.437983989715576,54.89267349243164,0.4790079891681671,10.936287879943848,1.0318399667739868,0.07465600222349167,3.19596791267395,96.6289291381836,52,0.0,39634,6423,6211,1
live_a71__favorable_stable,71,split_ae32_uint4_q9800,FAVORABLE_STABLE,1071,ue288_live_a71__favorable_stable:1071,445,28.595595858991146,1789019569.726343,True,False,True,4,61894,1789019569776100078,1789019569776146682,1,1789019569812344755,1789019569812386529,1789019569812444530,1789019569812461465,1789019569899078081,1789019569900440870,1,0,59.25257969647646,26.759999804198742,5.519668571650982,24.38911236822605,2.4063866585493088,0.0878944993019104,32.45705273002386,17.187585,0.046604,36.286451,36.239847,0.041774,0.074936,86.566253,0.032323,2.594408,0.982339,77.421443,3.524334,86.616616,87.979405,20.129823684692383,22.373059,53.54069,0.288468,7.216579,15.15648,46.96329,0.513029,6.5774,0.500101,0.062342,3.507456,77.364748,0.27987200021743774,20.136383056640625,2.229408025741577,46.95030212402344,0.502560019493103,6.565120220184326,0.4896639883518219,0.06844799965620041,3.4976000785827637,77.314208984375,59,0.0,39638,6409,6197,1
live_a71__favorable_stable,71,split_ae32_uint4_q9800,FAVORABLE_STABLE,1073,ue288_live_a71__favorable_stable:1073,447,28.695595860481262,1789019569.8084338,True,False,True,4,59793,1789019569849073693,1789019569849123828,1,1789019569884962823,1789019569885016955,1789019569885069793,1789019569900453296,1789019569994200147,1789019569995508313,1,0,39.53951131552458,11.208337731659412,5.695058032870293,20.123484544456005,2.3523159325122833,0.0860653817653656,28.31647638231516,12.221509,0.050135,35.943262,35.893127,0.054132,15.436341,93.710813,0.020026,1.654697,1.43539,86.64272,3.343578,93.746851,95.055017,22.72230339050293,29.12802,56.180248000000006,0.129311,7.043479,22.084541,50.064002,0.496691,6.116246,0.508705,0.063979,3.329607,86.588498,0.12028799951076508,22.72889518737793,6.391488075256348,50.050689697265625,0.48611199855804443,6.104288101196289,0.49827200174331665,0.07027199864387512,3.3213119506835938,86.54275512695312,57,0.0,39628,6438,6226,1
live_a71__favorable_stable,71,split_ae32_uint4_q9800,FAVORABLE_STABLE,1075,ue288_live_a71__favorable_stable:1075,449,28.79559586197138,1789019569.9246469,True,False,True,4,54519,1789019569976155238,1789019569976201913,1,1789019570010143358,1789019570010189096,1789019570010249271,1789019570010268983,1789019570092663481,1789019570100618219,1,0,50.76659005135298,24.95440561324358,1.9393982365727425,21.318684332072735,2.3327991366386414,0.08552055805921555,25.720627047121525,25.657262,0.046675,34.033858,33.987183,0.045738,0.079887,82.344331,0.025758,1.184473,0.632268,75.843493,3.554348,82.394498,90.349236,21.463104248046875,23.67689,50.687720999999996,0.116024,7.355361,16.321529,41.934894,0.636365,8.752827,0.523132,0.063597,3.536182,75.78935,0.10364799946546555,21.468896865844727,2.200160026550293,41.92118453979492,0.6253439784049988,8.740447998046875,0.5124800205230713,0.07289600372314453,3.523008108139038,75.74342346191406,52,0.0,39604,6436,6224,1
live_a71__favorable_stable,71,split_ae32_uint4_q9800,FAVORABLE_STABLE,1077,ue288_live_a71__favorable_stable:1077,451,28.895595863461494,1789019570.0027902,True,False,True,4,56595,1789019570057594901,1789019570057899777,1,1789019570090699273,1789019570090771787,1789019570090829909,1789019570100631232,1789019570184336076,1789019570185646747,1,0,30.875444412231445,6.251527927815914,2.865769900381565,19.257408566772938,2.3734821006655693,0.08654128760099411,24.626956321299076,30.099354,0.304876,33.176886,32.87201,0.072514,9.859445,83.66885,0.021957,1.12177,0.534845,75.43994,3.164242,83.704844,85.015515,22.62508773803711,25.453162,47.802896,1.033672,7.372197,18.080965,41.717695,0.488642,6.085201,0.466991,0.059274,3.150924,75.389697,1.0237120389938354,22.63155174255371,2.8135359287261963,41.7044792175293,0.47859200835227966,6.0726399421691895,0.4578559994697571,0.07004799693822861,3.1433279514312744,75.34403228759766,54,0.0,39613,6446,6234,1
live_a71__favorable_stable,71,split_ae32_uint4_q9800,FAVORABLE_STABLE,1079,ue288_live_a71__favorable_stable:1079,453,28.99559586495161,1789019570.101312,True,False,True,4,55582,1789019570161815826,1789019570161867781,1,1789019570200030429,1789019570200104626,1789019570200180350,1789019570200320183,1789019570292622461,1789019570300610734,1,0,48.74937701970339,13.575137592852116,4.5016249641776085,28.06303184479475,2.3434478789567947,0.09810645133256912,35.05897242575884,25.308105,0.051955,38.2888,38.236845,0.074197,0.215557,92.241803,0.02285,2.619017,0.813399,83.778157,3.237956,92.302278,100.290551,21.26416015625,29.397154,52.567982,0.12608,7.403847,21.993307,46.063978,0.501596,6.504004,0.950264,0.072605,3.223712,83.718617,0.11631999909877777,21.270496368408203,8.124223709106445,46.050689697265625,0.4915199875831604,6.493696212768555,0.9390079975128174,0.07692799717187881,3.213279962539673,83.65532684326172,53,0.0,39620,6470,6258,1
live_a71__favorable_stable,71,split_ae32_uint4_q9800,FAVORABLE_STABLE,1081,ue288_live_a71__favorable_stable:1081,455,29.095595866441727,1789019570.2069561,True,False,True,4,70218,1789019570252981134,1789019570253017135,1,1789019570287883333,1789019570287942999,1789019570288006782,1789019570300619499,1789019570396424005,1789019570402480364,1,0,35.17478983849287,9.62104368954897,2.4133585393428802,20.061766728758812,2.3322775959968567,0.09789876639842987,24.95900820940733,20.870626,0.036001,34.961865,34.925864,0.059666,12.6765,95.767414,0.021436,12.474777,1.594247,74.655828,3.954642,95.804506,101.860865,15.765824317932129,18.336334,54.334956,0.306862,6.763638,11.572696,47.253169,0.491764,7.081787,0.98227,0.061363,3.941028,74.597523,0.43273600935935974,15.766528129577637,2.4399681091308594,47.2393913269043,0.4824320077896118,7.070464134216309,0.9719359874725342,0.0724480003118515,3.932447910308838,74.55232238769531,67,0.0,39612,6430,6218,1
live_a71__favorable_stable,71,split_ae32_uint4_q9800,FAVORABLE_STABLE,1083,ue288_live_a71__favorable_stable:1083,457,29.195595867931843,1789019570.3020608,True,False,True,4,59749,1789019570366081922,1789019570366107257,1,1789019570404527227,1789019570404564966,1789019570404615985,1789019570404632370,1789019570499308724,1789019570503566621,1,0,34.37746502459049,7.741885259747505,5.139916203916073,18.996397964656353,2.3535778746008873,0.09081605821847916,26.638630777597427,37.296576,0.025335,38.483044,38.457709,0.037739,0.067404,94.632509,0.020499,7.995126,0.697461,81.740286,3.410405,94.676354,98.934251,21.334016799926758,33.261959,46.956209,0.125739,7.211013,26.050946,36.663617,0.66693,10.292592,0.510071,0.073131,3.396935,81.680693,0.11695999652147293,21.340320587158203,11.912960052490234,36.64886474609375,0.650111973285675,10.279744148254395,0.49939200282096863,0.07731200009584427,3.387712001800537,81.62857818603516,57,0.0,39631,6444,6232,1
live_a71__favorable_stable,71,split_ae32_uint4_q9800,FAVORABLE_STABLE,1085,ue288_live_a71__favorable_stable:1085,459,29.29559586942196,1789019570.4030564,True,False,True,4,62922,1789019570448527532,1789019570448554069,1,1789019570484511007,1789019570484560959,1789019570484617686,1789019570503580089,1789019570590508677,1789019570591859597,1,0,40.35808518528938,11.473366059362888,4.293425008654594,21.925748325884342,2.3354049772024155,0.08727796375751495,28.69786135852337,16.676446,0.026537,36.033427,36.00689,0.049952,19.01913,86.891039,0.019733,4.754222,0.732104,76.982528,3.741438,86.928588,88.279508,22.991552352905273,25.65465,49.62937,0.148186,7.424173,18.230477,43.639011,0.834356,5.990359,0.501131,0.05876,3.722418,76.924537,0.1382399946451187,22.998079299926758,2.6470398902893066,43.62579345703125,0.8190400004386902,5.977471828460693,0.4909760057926178,0.06675200164318085,3.7102720737457275,76.86466979980469,60,0.0,39621,6465,6253,1
live_a71__favorable_stable,71,split_ae32_uint4_q9800,FAVORABLE_STABLE,1087,ue288_live_a71__favorable_stable:1087,461,29.395595870912075,1789019570.5043743,True,False,True,4,61887,1789019570544045196,1789019570544076660,1,1789019570579735841,1789019570579802530,1789019570579866056,1789019570591871641,1789019570668379590,1789019570669690553,1,0,38.598790764808655,9.960285387933254,2.6252493262290955,23.527207784354687,2.349473536014557,0.0874614343047142,28.641676530241966,10.852019,0.031464,35.757334,35.72587,0.066689,12.069111,76.469436,0.021149,5.226326,0.753694,65.285902,3.463666,76.507949,77.818912,22.15603256225586,29.503638000000002,34.436617999999996,0.131068,6.783616,22.720022,28.522259,0.511342,5.914359,0.502567,0.058727,3.450818,65.229608,0.1223360002040863,22.16223907470703,7.332159996032715,28.508703231811523,0.5008640289306641,5.903520107269287,0.4922879934310913,0.06569600105285645,3.4417600631713867,65.18025970458984,59,0.0,39642,6458,6246,1
live_a71__favorable_stable,71,split_ae32_uint4_q9800,FAVORABLE_STABLE,1089,ue288_live_a71__favorable_stable:1089,463,29.49559587240219,1789019570.6222258,True,False,True,4,55518,1789019570689764360,1789019570689790687,1,1789019570709786318,1789019570709859038,1789019570709937512,1789019570710073888,1789019570808574145,1789019570813218807,1,0,80.50823677331209,23.69181625545025,1.9769668579101562,47.563555650413036,6.958512589335442,0.13728532940149307,56.685871444642544,10.749162,0.026327,20.094678,20.068351,0.07272,0.21485,98.435097,0.027118,3.633273,0.669632,86.117996,6.968908,98.500257,103.144919,15.127424240112305,26.077526,58.704655,0.17584,6.953075,19.124451,53.050463,0.495211,5.654192,0.485849,0.054098,6.914526,86.072862,0.3529280126094818,15.128128051757812,10.766719818115234,53.0371208190918,0.4849280118942261,5.643616199493408,0.47654399275779724,0.06719999760389328,6.677792072296143,86.03350067138672,53,0.0,39633,6450,6238,1
live_a71__favorable_stable,71,split_ae32_uint4_q9800,FAVORABLE_STABLE,1091,ue288_live_a71__favorable_stable:1091,465,29.595595873892307,1789019570.7704122,True,False,True,4,52397,1789019570813289045,1789019570813344582,1,1789019570843947796,1789019570844007519,1789019570844067203,1789019570844098075,1789019570945188887,1789019570947747200,1,0,45.96925247460604,8.856028318405151,2.63246800750494,30.09228967130184,2.3237019777297974,0.08804444223642349,35.18169466406107,7.602175,0.055537,30.718474,30.662937,0.059723,0.090556,101.03898,0.020188,0.857432,0.531969,95.569242,3.306385,101.090812,103.649125,18.962751388549805,25.764468,66.295678,0.091564,7.145099,18.619369,48.86074,2.71286,17.434938,0.502426,0.068699,3.291475,95.520256,0.08416000008583069,18.96883201599121,6.787839889526367,49.3359375,2.229952096939087,17.42211151123047,0.492031991481781,0.07964800298213959,3.283008098602295,95.4796142578125,50,0.0,39614,6461,6249,1
live_a71__favorable_stable,71,split_ae32_uint4_q9800,FAVORABLE_STABLE,1093,ue288_live_a71__favorable_stable:1093,467,29.695595875382423,1789019570.9136612,True,False,True,4,52429,1789019570957911356,1789019570957940632,1,1789019570987618866,1789019570987681727,1789019570987745000,1789019570987849315,1789019571109001979,1789019571112212469,1,0,48.01933653652668,14.944459311664104,2.2726738825440407,24.869625456631184,4.8958659172058105,0.14151353389024734,32.23621379584074,11.90561,0.029276,29.770371,29.741095,0.062861,0.167588,121.092335,0.027972,11.796784,1.056538,101.023928,3.413635,121.152664,124.363154,22.303199768066406,42.447709,56.474546999999994,0.174187,8.203701,34.244008,40.851623,0.966016,15.622924,0.690548,0.075663,3.390368,100.942734,0.164000004529953,22.310400009155273,20.126239776611328,40.83894348144531,0.9494400024414062,15.6079683303833,0.6785280108451843,0.08256000280380249,3.3864641189575195,100.87567901611328,50,0.0,39643,6447,6235,1
live_a71__favorable_stable,71,split_ae32_uint4_q9800,FAVORABLE_STABLE,1095,ue288_live_a71__favorable_stable:1095,469,29.79559587687254,1789019570.971956,False,,,4,,1789019571048001747,1789019571048028168,1,,,,,,,,,52.30151303112507,13.061492703855038,2.541724592447281,33.38949102908373,3.1692469492554665,0.535835511982441,39.696467109024525,36.259413,0.026421,,,,,,,,,,,,,,,,,,,,,,,,,,,,,,,,,,,,,0.0,39607,6477,6265,1
live_a71__favorable_stable,71,split_ae32_uint4_q9800,FAVORABLE_STABLE,1097,ue288_live_a71__favorable_stable:1097,471,29.895595878362656,1789019571.0403986,True,False,True,4,56551,1789019571082801187,1789019571083025905,1,1789019571091010601,1789019571091060470,1789019571091114787,1789019571112225953,1789019571240992669,1789019571242697841,1,0,58.82706120610237,0.007009133696556091,2.3998236283659935,17.798454500734806,2.3990171030163765,0.08890125900506973,22.72785734385252,10.318879,0.224718,8.259283,8.034565,0.049869,21.165483,128.726978,0.024596,16.693744,1.046241,104.137953,3.20058,128.766716,130.471888,21.896480560302734,25.956195,59.97618,1.083666,6.684424,19.271771,49.383281,16.402702,10.592899,0.507199,0.063666,3.187157,104.077036,2.24454402923584,21.898271560668945,2.8918399810791016,50.31110382080078,15.46560001373291,10.579360008239746,0.4960640072822571,0.07760000228881836,3.178431987762451,104.03350067138672,54,0.0,39610,6477,6265,1
live_a71__favorable_stable,71,split_ae32_uint4_q9800,FAVORABLE_STABLE,1099,ue288_live_a71__favorable_stable:1099,473,29.99559587985277,1789019571.1600018,True,False,True,4,52406,1789019571228621198,1789019571228649701,1,1789019571266008227,1789019571266068384,1789019571266130899,1789019571266280849,1789019571364500280,1789019571367629378,1,0,62.206873670220375,32.87292364984751,3.8086147978901863,22.512883879244328,2.788856625556946,0.14522764831781387,29.30387295782566,39.185308,0.028503,37.447186,37.418683,0.060157,0.212465,98.092421,0.026206,6.105638,1.558101,85.498817,3.459442,98.219431,101.348529,19.63654327392578,32.028545,51.511286999999996,0.207806,7.506523,24.522022,34.240634,0.757262,17.270653,0.770871,0.064177,3.447399,85.436716,1.363808035850525,19.638368606567383,11.229599952697754,34.517120361328125,0.47356799244880676,17.25823974609375,0.7602880001068115,0.07702399790287018,3.4403839111328125,85.38511657714844,50,0.0,39613,6441,6229,1
live_a71__favorable_stable,71,split_ae32_uint4_q9800,FAVORABLE_STABLE,1101,ue288_live_a71__favorable_stable:1101,475,30.095595881342888,1789019571.2274282,True,False,True,4,50365,1789019571304318422,1789019571304343870,1,1789019571339491655,1789019571339530895,1789019571339577424,1789019571367641817,1789019571442362492,1789019571446791182,1,0,56.873527355492115,0.2334238961338997,2.8169602155685425,28.407306410372257,3.753695636987686,0.08704233914613724,35.11350695043802,38.576468,0.025448,35.212473,35.187025,0.03924,28.110922,74.683801,0.018881,5.885487,0.720504,62.132186,3.088898,74.720675,79.149365,14.60416030883789,18.332732,41.373155,1.196513,7.091182,11.24155,26.608836,0.490446,14.764319,0.522935,0.064473,3.073279,62.06969,2.3534719944000244,14.604864120483398,2.5670080184936523,26.596256256103516,0.47868800163269043,14.750880241394043,0.5120639801025391,0.07942400127649307,3.0611519813537598,62.02425765991211,48,0.0,39591,6439,6227,1
live_a71__favorable_stable,71,split_ae32_uint4_q9800,FAVORABLE_STABLE,1103,ue288_live_a71__favorable_stable:1103,477,30.195595882833004,1789019571.3072515,True,False,True,4,53473,1789019571373246195,1789019571373264432,1,1789019571408046063,1789019571408085801,1789019571408134318,1789019571446805156,1789019571559108113,1789019571561621154,1,0,34.600548446178436,0.004251487553119659,1.5906328335404396,27.583101764321327,5.305900238454342,0.09289011359214783,35.6009341776371,27.041914,0.018237,34.839606,34.821369,0.039738,38.719355,112.264657,0.021296,8.171223,0.758601,99.51163,3.158982,112.302957,114.815998,23.281343460083008,25.613402999999998,72.52284,0.139233,7.120367,18.493036,56.566672,0.482564,15.956168,0.516276,0.068986,3.145361,99.443148,0.13043199479579926,23.287616729736328,2.317471981048584,56.55401611328125,0.47046399116516113,15.945119857788086,0.5058240294456482,0.08006399869918823,3.1363840103149414,99.38639831542969,51,0.0,39625,6429,6217,1
live_a71__favorable_stable,71,split_ae32_uint4_q9800,FAVORABLE_STABLE,1105,ue288_live_a71__favorable_stable:1105,479,30.29559588432312,1789019571.4100244,True,False,True,4,52476,1789019571447571910,1789019571447587626,1,1789019571484730724,1789019571484773951,1789019571484827014,1789019571561634511,1789019571850327366,1789019571851641353,1,0,38.67779299616814,11.47722452878952,2.3214127868413925,22.33959175646305,2.403220161795616,0.0851992517709732,27.200626209378242,10.226501,0.015716,37.202041,37.186325,0.043227,76.86056,288.652304,0.019865,9.915297,1.191281,271.387604,3.098993,288.692855,290.006842,17.046239852905273,28.217008,223.520712,0.478975,7.188159,21.028849,148.52202,18.443664,74.998692,0.512654,0.063611,3.082142,271.331601,0.5766400098800659,17.04697608947754,11.06492805480957,148.61871337890625,18.33251190185547,74.98316955566406,0.5023360252380371,0.07487999647855759,3.071039915084839,271.2814636230469,50,0.0,39629,6388,6176,1
live_a71__favorable_stable,71,split_ae32_uint4_q9800,FAVORABLE_STABLE,1107,ue288_live_a71__favorable_stable:1107,481,30.395595885813236,1789019571.515775,False,,,4,,1789019571602546423,1789019571602574465,1,,,,,,,,,44.370234943926334,9.993302635848522,3.5808850079774857,28.000570833683014,2.567429095506668,2.6688938960433006,36.9002390652895,49.770816,0.028042,,,,,,,,,,,,,,,,,,,,,,,,,,,,,,,,,,,,,0.0,39610,6416,6204,1
live_a71__favorable_stable,71,split_ae32_uint4_q9800,FAVORABLE_STABLE,1109,ue288_live_a71__favorable_stable:1109,483,30.495595887303352,1789019571.6043239,False,,,4,,1789019571672543568,1789019571672568878,1,,,,,,,,,61.909438110888004,2.001401036977768,27.66722533851862,21.129286848008633,3.28788161277771,0.10392442345619202,52.25585028529167,14.775834,0.02531,,,,,,,,,,,,,,,,,,,,,,,,,,,,,,,,,,,,,0.0,39610,6425,6213,1
live_a71__favorable_stable,71,split_ae32_uint4_q9800,FAVORABLE_STABLE,1111,ue288_live_a71__favorable_stable:1111,485,30.59559588879347,1789019571.704398,True,False,True,4,51287,1789019571739518212,1789019571739546951,1,1789019571767111655,1789019571767170214,1789019571767228499,1789019571851654146,1789019571968517882,1789019571971194143,1,0,40.814947336912155,11.678872630000114,3.303217701613903,23.397838696837425,2.3101959377527237,0.09000301361083984,29.14588339626789,5.885145,0.028739,27.652002,27.623263,0.058559,84.483932,116.82649,0.019544,7.359704,0.639236,105.079194,3.07984,116.863736,119.539997,19.31452751159668,29.719372,67.558416,0.12405,6.944967,22.774405,54.27064,0.497364,13.287776,6.950799,0.077197,3.064887,105.014743,0.11507199704647064,19.320415496826172,10.390368461608887,54.25529479980469,0.48611199855804443,13.274304389953613,6.932032108306885,0.2059839963912964,2.994976043701172,105.08834838867188,49,0.0,39624,6422,6210,1
live_a71__favorable_stable,71,split_ae32_uint4_q9800,FAVORABLE_STABLE,1113,ue288_live_a71__favorable_stable:1113,487,30.695595890283585,1789019571.8040118,True,False,True,4,52417,1789019571891212140,1789019571891236190,1,1789019571924038061,1789019571924084978,1789019571924256033,1789019571971207661,1789019572055253982,1789019572060804177,1,0,75.79571288079023,12.395871803164482,3.2034963369369507,56.756483390927315,3.3128662034869194,0.08860509842634201,63.40848933905363,23.583325,0.02405,32.872838,32.848788,0.046917,47.122683,84.009915,0.021966,3.664275,1.01083,74.19527,3.217693,84.046321,89.596516,14.980607986450195,26.03224,45.692712,0.129989,6.786992,19.245248,37.704422,0.502696,7.98829,1.639371,0.059866,3.204187,74.139921,0.12121599912643433,14.987135887145996,11.036160469055176,37.69046401977539,0.49116799235343933,7.977471828460693,1.6291840076446533,0.0735040009021759,3.195296049118042,74.10041809082031,50,0.0,39599,6421,6209,1
live_a71__favorable_stable,71,split_ae32_uint4_q9800,FAVORABLE_STABLE,1115,ue288_live_a71__favorable_stable:1115,489,30.7955958917737,1789019571.9174247,True,False,True,4,53450,1789019571966859304,1789019571966885045,1,1789019572001431834,1789019572001474865,1789019572001526034,1789019572060818498,1789019572145265960,1789019572155544626,1,0,55.44097628444433,18.13003420829773,4.209427163004875,30.199572443962097,2.3342883214354515,0.08308328688144684,36.86612658202648,12.380605,0.025741,34.615561,34.58982,0.043031,59.343633,84.409483,0.020861,5.52952,0.669495,74.311542,3.044327,84.447462,94.726128,20.373855590820312,33.011707,39.777694,0.123844,7.539237,25.47247,31.826978,0.506168,7.950716,0.668595,0.069564,3.031047,74.249406,0.11401599645614624,20.37980842590332,12.624032020568848,31.8110408782959,0.495712012052536,7.93884801864624,0.6645439863204956,0.08182399719953537,3.0231359004974365,74.20438385009766,51,0.0,39587,6423,6211,1
live_a71__favorable_stable,71,split_ae32_uint4_q9800,FAVORABLE_STABLE,1117,ue288_live_a71__favorable_stable:1117,491,30.895595893263817,1789019572.0045764,True,False,True,4,49255,1789019572040516391,1789019572040545879,1,1789019572080381552,1789019572080431035,1789019572080491993,1789019572155559099,1789019572241458425,1789019572242708803,1,0,36.892726086080074,11.90067920833826,3.354419022798538,19.157682545483112,2.3592542856931686,0.0840071588754654,24.99998826533556,10.854282,0.029488,39.914644,39.885156,0.049483,75.128064,85.857712,0.023957,5.008529,0.666249,76.574267,2.828874,85.899326,87.149704,21.721759796142578,24.210230000000003,50.302395000000004,0.120908,8.628712,15.581518,40.967078,0.49451,9.335317,1.241635,0.064145,2.816407,76.517638,0.11247999966144562,21.727136611938477,2.474560022354126,40.9529914855957,0.48310399055480957,9.322784423828125,1.2311680316925049,0.07788799703121185,2.809760093688965,76.47913360595703,47,0.0,39614,6427,6215,1
live_a71__favorable_stable,71,split_ae32_uint4_q9800,FAVORABLE_STABLE,1119,ue288_live_a71__favorable_stable:1119,493,30.995595894753933,1789019572.1041367,True,False,True,4,53461,1789019572156683002,1789019572156700402,1,1789019572193065288,1789019572193109681,1789019572193160362,1789019572242720811,1789019572340283147,1789019572341635097,1,0,46.926235780119896,14.846920035779476,7.515403442084789,21.684604696929455,2.7296505868434906,0.10138936340808868,32.09357988089323,20.357803,0.0174,36.426679,36.409279,0.044393,49.61113,97.521893,0.020015,4.614083,0.785875,88.273521,3.205365,97.562336,98.914286,21.550464630126953,23.865783,63.022011000000006,0.119331,6.711876,17.153907,46.91772,0.531575,16.104291,0.528955,0.067422,3.186049,88.21662,0.11062400043010712,21.556640625,2.300640106201172,46.903648376464844,0.5195840001106262,16.0930233001709,0.5179839730262756,0.07756800204515457,3.1906559467315674,88.17314910888672,51,0.0,39619,6391,6179,1
live_a71__favorable_stable,71,split_ae32_uint4_q9800,FAVORABLE_STABLE,1121,ue288_live_a71__favorable_stable:1121,495,31.09559589624405,1789019572.200406,True,False,True,4,50339,1789019572240429727,1789019572240453504,1,1789019572275885164,1789019572275932687,1789019572275979487,1789019572341648305,1789019572426053645,1789019572427293832,1,0,38.378845900297165,10.971317067742348,5.5450741201639175,18.653214909136295,3.036453388631344,0.15799794346094131,27.446714229881763,12.48761,0.023777,35.50296,35.479183,0.047523,65.715618,84.366283,0.019556,1.874136,0.653196,76.92999,3.098369,84.40534,85.645527,23.294368743896484,32.213066,29.29963,0.151797,6.948841,25.264225,19.79228,14.506256,9.50735,0.516338,0.076315,3.084322,76.860629,0.1419840008020401,23.301055908203125,8.903039932250977,19.777408599853516,14.49401569366455,9.493184089660645,0.505407989025116,0.08614400029182434,3.072927951812744,76.80790710449219,48,0.0,39630,6417,6205,1
live_a71__favorable_stable,71,split_ae32_uint4_q9800,FAVORABLE_STABLE,1123,ue288_live_a71__favorable_stable:1123,497,31.195595897734165,1789019572.3128543,True,False,True,4,59783,1789019572378617229,1789019572378640434,1,1789019572416163943,1789019572416211799,1789019572416267351,1789019572427309245,1789019572487610804,1789019572488909586,1,0,39.010909385979176,14.395905658602715,3.4749647602438927,18.406912684440613,2.5815675035119057,0.09346101433038712,24.607395753264427,41.075649,0.023205,37.59457,37.571365,0.047856,11.097446,60.263106,0.019325,0.903819,0.41972,54.892002,3.395404,60.301559,61.600341,15.489119529724121,18.611277,34.591384,0.522952,7.257932,11.353345,28.215666,0.505254,6.375718,0.494469,0.056714,3.380936,54.850001,0.5148159861564636,15.495327949523926,3.107167959213257,28.20195198059082,0.4940800070762634,6.364543914794922,0.48473599553108215,0.06483200192451477,3.371999979019165,54.81635284423828,57,0.0,39629,6404,6192,1
live_a71__favorable_stable,71,split_ae32_uint4_q9800,FAVORABLE_STABLE,1125,ue288_live_a71__favorable_stable:1125,499,31.29559589922428,1789019572.417113,True,False,True,4,56597,1789019572461787569,1789019572461815064,1,1789019572498930273,1789019572498977955,1789019572499044465,1789019572499062674,1789019572616371819,1789019572617692140,1,0,57.790618389844894,21.569963544607162,6.882174871861935,26.842289604246616,2.3084059357643127,0.08315872400999069,36.15931700915098,8.407456,0.027495,37.190386,37.162891,0.047682,0.084719,117.260753,0.020064,0.862682,0.47428,111.80988,3.292168,117.309145,118.629466,19.398815155029297,31.914104,74.3078,0.10298,6.97852,24.935584,59.813956,4.757711,14.493844,0.520122,0.068944,3.277847,111.756629,0.09436800330877304,19.404735565185547,12.500288009643555,59.79939270019531,4.743231773376465,14.479999542236328,0.5092480182647705,0.08182399719953537,3.268831968307495,111.7185287475586,54,0.0,39630,6417,6205,1
live_a71__favorable_stable,71,split_ae32_uint4_q9800,FAVORABLE_STABLE,1127,ue288_live_a71__favorable_stable:1127,501,31.395595900714397,1789019572.559586,True,False,True,4,58756,1789019572615251536,1789019572615279978,1,1789019572653654075,1789019572653729648,1789019572653810008,1789019572653838427,1789019572748000994,1789019572749920263,1,0,56.43734149634838,17.281942069530487,3.96713986992836,32.57864434272051,2.430853433907032,0.10029319673776627,39.13757298141718,16.418276,0.028442,38.478112,38.44967,0.075573,0.108779,94.086322,0.022851,0.81556,0.996446,87.878794,3.531344,94.162567,96.081836,22.004480361938477,30.155547000000002,53.52593,1.075213,7.400977,22.75457,41.35056,0.85268,12.17537,2.008021,0.077774,3.511899,87.818366,1.0665279626846313,22.01091194152832,8.13526439666748,41.42406463623047,0.7709760069847107,12.161696434020996,1.9954559803009033,0.08662399649620056,3.4987521171569824,87.73939514160156,56,0.0,39640,6424,6212,1
live_a71__favorable_stable,71,split_ae32_uint4_q9800,FAVORABLE_STABLE,1129,ue288_live_a71__favorable_stable:1129,503,31.495595902204514,1789019572.636015,True,False,True,4,58765,1789019572706816308,1789019572706847830,1,1789019572743602471,1789019572743650469,1789019572743702494,1789019572749934745,1789019572869299103,1789019572872365598,1,0,48.0605186894536,4.013066180050373,2.8287144377827644,36.83439455926418,2.3760953918099403,0.09394995868206024,42.18330234289169,28.51267,0.031522,36.834161,36.802639,0.047998,6.284276,119.323771,0.021074,9.579535,0.774724,104.700389,3.547797,119.364358,122.430853,18.375200271606445,33.014047,65.094235,0.282099,7.485867,25.52818,52.987001,1.323235,12.107234,4.715553,0.07947,3.530575,104.629594,0.5302720069885254,18.375904083251953,14.379232406616211,52.971614837646484,1.3104640245437622,12.094079971313477,4.701727867126465,0.08723200112581253,3.4199039936065674,104.54176330566406,56,0.0,39647,6409,6197,1
live_a71__favorable_stable,71,split_ae32_uint4_q9800,FAVORABLE_STABLE,1131,ue288_live_a71__favorable_stable:1131,505,31.59559590369463,1789019572.720346,True,False,True,4,59839,1789019572791252131,1789019572791279517,1,1789019572855020786,1789019572855079787,1789019572855147477,1789019572872379471,1789019572969711804,1789019572972604080,1,0,32.66693279147148,8.344321511685848,3.823484294116497,15.933613292872906,2.8602881357073784,0.08938368409872055,22.754824720323086,47.950067,0.027386,63.827656,63.80027,0.059001,17.299684,97.294181,0.02063,3.461504,1.877412,84.866398,3.44903,97.332333,100.224609,15.530816078186035,20.736331,60.792001,1.995303,6.991124,13.745207,49.675471,0.607837,11.11653,0.512855,0.064592,3.433205,84.805997,2.5063679218292236,15.531519889831543,4.686272144317627,49.725120544433594,0.5506560206413269,11.103808403015137,0.5018240213394165,0.07865600287914276,3.4238080978393555,84.75762939453125,57,0.0,39647,6406,6194,1
live_a71__favorable_stable,71,split_ae32_uint4_q9800,FAVORABLE_STABLE,1133,ue288_live_a71__favorable_stable:1133,507,31.695595905184746,1789019572.8320737,True,False,True,4,63972,1789019572904943097,1789019572904970943,1,1789019572945145781,1789019572945191171,1789019572945245842,1789019572972616532,1789019573067053336,1789019573068676640,1,0,57.817431166768074,23.929744958877563,3.6818822845816612,22.93698862195015,6.40734750777483,0.16630999743938446,33.253055065870285,39.526018,0.027846,40.248074,40.220228,0.04539,27.425361,94.394166,0.018989,9.651196,0.681538,78.681347,4.715951,94.436804,96.060108,15.497664451599121,18.823338,58.485620000000004,0.129441,7.005062,11.818276,47.9716,0.51196,10.51402,0.512413,0.06181,4.70061,78.617314,0.12131199985742569,15.503968238830566,3.312000036239624,47.95747375488281,0.5010560154914856,10.501824378967285,0.5023999810218811,1.2536640167236328,3.563839912414551,79.7459487915039,61,0.0,39600,6360,6148,1
live_a71__favorable_stable,71,split_ae32_uint4_q9800,FAVORABLE_STABLE,1135,ue288_live_a71__favorable_stable:1135,509,31.795595906674862,1789019572.917146,True,False,True,4,59808,1789019572964381034,1789019572964411581,1,1789019573005564469,1789019573005624193,1789019573005686036,1789019573068689105,1789019573167701255,1789019573169132076,1,0,45.393469743430614,8.98713618516922,3.0821068212389946,27.80971582978964,5.011300556361675,0.1262100413441658,36.07578482478857,10.929895,0.030547,41.243159,41.212612,0.059724,63.064912,98.975128,0.019442,9.392638,0.765194,84.700716,3.481265,99.01215,100.442971,14.743071556091309,26.597317999999998,56.749746,0.131102,6.821824,19.775494,41.893464,0.505836,14.856282,0.506009,0.064085,3.466668,84.64193,0.12179200351238251,14.749823570251465,11.83670425415039,41.87311935424805,0.4954240024089813,14.843071937561035,0.49696001410484314,0.0785600021481514,3.457695960998535,84.60015869140625,57,0.0,39607,6392,6180,1
live_a71__favorable_stable,71,split_ae32_uint4_q9800,FAVORABLE_STABLE,1137,ue288_live_a71__favorable_stable:1137,511,31.895595908164978,1789019573.0178602,True,False,True,4,59787,1789019573072339246,1789019573072392895,1,1789019573112972833,1789019573113012775,1789019573113060954,1789019573169144912,1789019573254509034,1789019573258255132,1,0,76.74884237349033,31.675185076892376,14.63108230382204,27.986946515738964,2.317320555448532,0.08733663707971573,45.076530426740646,7.269441,0.053649,40.673529,40.61988,0.039942,56.132137,85.325801,0.021077,6.103203,0.792167,73.588405,4.160868,85.364122,89.11022,14.89187240600586,25.863246,46.307522,0.147422,7.402915,18.460331,38.862642,0.517249,7.44488,0.515267,0.068919,4.144924,73.520526,0.1382399946451187,14.898271560668945,10.95411205291748,38.84953689575195,0.506496012210846,7.432000160217285,0.5047039985656738,0.07734400033950806,4.134431838989258,73.46057891845703,57,0.0,39664,6411,6199,1
live_a71__favorable_stable,71,split_ae32_uint4_q9800,FAVORABLE_STABLE,1139,ue288_live_a71__favorable_stable:1139,513,31.995595909655094,1789019573.1057465,True,False,True,4,60802,1789019573141596783,1789019573141653986,1,1789019573181406718,1789019573181453312,1789019573181506622,1789019573258267389,1789019573344938748,1789019573346276297,1,0,29.292427003383636,7.874331437051296,3.4510213881731033,15.507456846535206,2.3140450939536095,0.09355321526527405,21.416552364826202,14.330991,0.057203,39.856529,39.799326,0.046594,76.814077,86.633512,0.01952,3.639869,1.222743,77.483754,3.6389,86.671359,88.008908,20.596799850463867,28.346201999999998,40.809497,0.115482,6.952012,21.39419,34.056897,7.484463,6.7526,0.525604,0.068933,3.62204,77.430454,0.10707200318574905,20.602752685546875,7.7303361892700195,34.99897766113281,6.5316481590271,6.739999771118164,0.5153279900550842,0.07423999905586243,3.6122560501098633,77.38751983642578,58,0.0,39647,6404,6192,1
live_a71__favorable_stable,71,split_ae32_uint4_q9800,FAVORABLE_STABLE,1141,ue288_live_a71__favorable_stable:1141,515,32.09559591114521,1789019573.2046201,True,False,True,4,49251,1789019573236330054,1789019573236386183,1,1789019573271637529,1789019573271676728,1789019573271724406,1789019573346289688,1789019573443655535,1789019573445079707,1,0,31.939850188791752,11.718543246388435,1.5926910564303398,16.170726157724857,2.339450642466545,0.08609890937805176,20.224658772349358,11.401051,0.056129,35.346674,35.290545,0.039199,74.61296,97.327252,0.019716,11.155856,0.759694,81.047491,3.06222,97.365847,98.790019,22.4803524017334,31.874477,47.568203000000004,0.215373,7.003607,24.87087,39.162013,0.510563,8.40619,0.653716,0.063534,3.043942,80.986084,0.20524799823760986,22.486879348754883,9.378944396972656,39.149375915527344,0.4996800124645233,8.394144058227539,0.508512020111084,0.07212799787521362,3.0303680896759033,80.92668914794922,47,0.0,39635,6410,6198,1
live_a71__favorable_stable,71,split_ae32_uint4_q9800,FAVORABLE_STABLE,1143,ue288_live_a71__favorable_stable:1143,517,32.195595912635326,1789019573.3142614,True,False,True,4,55516,1789019573393285654,1789019573393363048,1,1789019573430155610,1789019573430196155,1789019573430245434,1789019573445093360,1789019573576088612,1789019573577439936,1,0,43.737636879086494,11.879924684762955,2.9922937974333763,26.291542686522007,2.4359840899705887,0.08910521864891052,31.845564022660255,47.091383,0.077394,36.910501,36.833107,0.040545,14.897205,130.955428,0.021098,6.063677,0.957653,116.399312,3.333184,130.995252,132.346576,20.556127548217773,48.681394999999995,63.308755000000005,1.20448,7.541484,41.139911,53.061723,2.402097,10.247032,0.595611,0.062675,3.319061,116.341382,1.8945280313491821,20.557920455932617,27.428096771240234,53.45372772216797,2.0,10.235487937927246,0.5857599973678589,0.07683199644088745,3.3095359802246094,116.29833221435547,53,0.0,39633,6400,6188,1
live_a71__favorable_stable,71,split_ae32_uint4_q9800,FAVORABLE_STABLE,1145,ue288_live_a71__favorable_stable:1145,519,32.29559591412544,1789019573.4053206,True,False,True,4,58678,1789019573490669138,1789019573490725191,1,1789019573527534778,1789019573527583620,1789019573527642267,1789019573577452157,1789019573686221204,1789019573687572442,1,0,47.445863485336304,10.763401165604591,11.508924886584282,22.191913798451424,2.348611131310463,0.0919559970498085,36.19976807385683,49.052919,0.056053,36.914482,36.858429,0.048842,49.868537,108.733984,0.033305,8.716072,0.73183,94.936453,3.640828,108.769047,110.120285,21.873727798461914,25.922404,65.545405,0.155208,8.01767,17.904734,55.244883,2.535083,10.300522,0.546075,0.063425,3.628608,94.872209,0.1454399973154068,21.880416870117188,4.031263828277588,55.230369567871094,2.523008108139038,10.288703918457031,0.5359359979629517,0.07657600194215775,3.6200320720672607,94.81340789794922,56,0.0,39655,6381,6169,1
live_a71__favorable_stable,71,split_ae32_uint4_q9800,FAVORABLE_STABLE,1147,ue288_live_a71__favorable_stable:1147,521,32.39559591561556,1789019573.5071955,True,False,True,4,58716,1789019573558150558,1789019573558261866,1,1789019573595682804,1789019573595725229,1789019573595776389,1789019573687585288,1789019573778980552,1789019573780192092,1,0,42.99953952431679,12.429493479430676,3.5169366747140884,22.418572567403316,4.5317914336919785,0.1047719269990921,30.620562843978405,20.251732,0.111308,37.574671,37.463363,0.042425,91.860059,91.360214,0.020432,10.653409,1.471143,73.69486,3.233827,91.395264,92.606804,19.402687072753906,23.738281999999998,48.626193,0.140904,8.000871,15.737411,42.756715,0.482419,5.869478,0.500908,0.054031,3.221786,73.637934,0.131071999669075,19.409503936767578,4.320703983306885,42.741729736328125,0.4732480049133301,5.859007835388184,0.49136000871658325,0.0658240020275116,3.212480068206787,73.58354949951172,56,0.0,39642,6386,6174,1
live_a71__favorable_stable,71,split_ae32_uint4_q9800,FAVORABLE_STABLE,1149,ue288_live_a71__favorable_stable:1149,523,32.495595917105675,1789019573.6131475,True,False,True,4,57665,1789019573669134962,1789019573669225474,1,1789019573703025115,1789019573703063216,1789019573703106879,1789019573780203227,1789019573891611979,1789019573894070047,1,0,49.82151370495558,19.37625091522932,4.558440297842026,22.1575740724802,2.386992797255516,0.0870339572429657,29.236764647066593,26.530788,0.090512,33.928254,33.837742,0.038101,77.140011,111.370135,0.01887,3.985474,0.800873,102.667418,3.341637,111.408752,113.86682,22.929407119750977,33.213583,68.05928300000001,0.129909,7.496908,25.716675,60.921587,0.50374,7.137696,0.539022,0.069688,3.324199,102.605817,0.12086399644613266,22.935487747192383,10.26576042175293,60.904991149902344,0.49215999245643616,7.12505578994751,0.5283839702606201,0.07740800082683563,3.3147521018981934,102.5582046508789,55,0.0,39609,6414,6202,1
live_a71__favorable_stable,71,split_ae32_uint4_q9800,FAVORABLE_STABLE,1151,ue288_live_a71__favorable_stable:1151,525,32.59559591859579,1789019573.7036202,True,False,True,4,58717,1789019573755598733,1789019573755642707,1,1789019573792223999,1789019573792273967,1789019573792347222,1789019573894082461,1789019573983993190,1789019573985901620,1,0,23.24286662042141,0.0028060749173164368,1.4751739799976349,18.83662771433592,2.8099287301301956,0.08536316454410553,23.25095795094967,26.575565,0.043974,36.675234,36.63126,0.049968,101.808494,89.872567,0.021117,2.12716,1.403489,79.869644,3.497612,89.910729,91.819159,18.91244888305664,22.108570999999998,56.010947,0.529425,7.316706,14.791865,43.637544,0.503257,12.373403,0.518855,0.060632,3.480017,79.815425,0.5208960175514221,18.918943405151367,3.181056022644043,43.62556838989258,0.49248000979423523,12.361984252929688,0.508575975894928,0.07433599978685379,3.4705920219421387,79.77686309814453,56,0.0,39616,6398,6186,1
live_a71__favorable_stable,71,split_ae32_uint4_q9800,FAVORABLE_STABLE,1153,ue288_live_a71__favorable_stable:1153,527,32.69559592008591,1789019573.8186636,False,,,4,,1789019573861376527,1789019573861421593,1,,,,,,,,,41.14172328263521,14.196166768670082,2.161574549973011,21.978966891765594,2.653832547366619,0.08369144052267075,26.919285766780376,15.701328,0.045066,,,,,,,,,,,,,,,,,,,,,,,,,,,,,,,,,,,,,0.0,39632,6398,6186,1
live_a71__favorable_stable,71,split_ae32_uint4_q9800,FAVORABLE_STABLE,1155,ue288_live_a71__favorable_stable:1155,529,32.79559592157602,1789019573.9026246,True,False,True,4,57641,1789019573943974302,1789019573944021606,1,1789019573985221924,1789019573985482851,1789019573985530170,1789019573985912152,1789019574076474166,1789019574077818482,1,0,30.551770702004433,7.5336843729019165,1.4524413272738457,17.37719029188156,3.017345443367958,0.09646546095609665,21.990849636495113,19.269353,0.047304,41.508549,41.461245,0.260927,0.429301,90.519468,0.021229,2.270163,0.524438,83.627979,3.43979,90.562014,91.90633,19.217695236206055,26.085365,56.204382,0.118781,7.421926,18.663439,50.375515,0.507027,5.828867,0.491486,0.056289,3.427047,83.582146,0.10899200290441513,19.223936080932617,6.852831840515137,50.36003112792969,0.49619200825691223,5.818079948425293,0.48211199045181274,0.06566400080919266,3.4181439876556396,83.54144287109375,55,0.0,39641,6373,6161,1
live_a71__favorable_stable,71,split_ae32_uint4_q9800,FAVORABLE_STABLE,1157,ue288_live_a71__favorable_stable:1157,531,32.89559592306614,1789019574.0151744,True,False,True,4,55553,1789019574058779216,1789019574058835954,1,1789019574098363421,1789019574098449683,1789019574098531315,1789019574098574282,1789019574212147778,1789019574213658673,1,0,36.26676928251982,14.015226624906063,1.583990640938282,18.192649818956852,2.3270640522241592,0.08548516780138016,22.23078440874815,21.250759,0.056738,39.670467,39.613729,0.086262,0.124599,113.517035,0.023096,3.790899,1.983971,100.399092,4.326941,113.573496,115.084391,19.509504318237305,31.446968,61.594647,1.456781,12.989258,18.45771,48.722486,1.030842,12.872161,4.617622,0.083123,4.306279,100.328933,2.6035521030426025,19.51363182067871,10.780927658081055,48.708961486816406,1.0141760110855103,12.858943939208984,4.604159832000732,0.08659200370311737,4.293024063110352,100.275390625,53,0.0,39642,6354,6142,1
live_a71__favorable_stable,71,split_ae32_uint4_q9800,FAVORABLE_STABLE,1159,ue288_live_a71__favorable_stable:1159,533,32.995595924556255,1789019574.1143508,True,False,True,4,57716,1789019574160644805,1789019574160702987,1,1789019574201683283,1789019574201749828,1789019574201819273,1789019574213671558,1789019574320338681,1789019574321726642,1,0,36.31449490785599,14.31037113070488,1.790819689631462,17.649945802986622,2.377287484705448,0.0956924632191658,21.963068284094334,24.231155,0.058182,41.105023,41.046841,0.066545,11.92173,106.627921,0.020344,1.673677,0.992829,97.364086,3.648703,106.667123,108.055084,14.662528038024902,31.575201,52.136629,0.390852,7.916843,23.658358,39.237205,7.314239,12.899424,5.715496,0.075567,3.626522,97.30019,0.3803200125694275,14.669599533081055,16.84966468811035,40.207393646240234,6.315199851989746,12.885536193847656,5.7017598152160645,0.0799039974808693,3.6152639389038086,97.25308990478516,55,0.0,39628,6368,6156,1
live_a71__favorable_stable,71,split_ae32_uint4_q9800,FAVORABLE_STABLE,1161,ue288_live_a71__favorable_stable:1161,535,33.09559592604637,1789019574.2016993,True,False,True,4,53472,1789019574252045711,1789019574252100503,1,1789019574291905192,1789019574291956536,1789019574292016877,1789019574321739081,1789019574416093438,1789019574419824223,1,0,33.74920412898064,11.06356456875801,1.9032619893550873,18.290625885128975,2.362789586186409,0.08173845708370209,22.68478088080883,27.574995,0.054792,39.910825,39.856033,0.051344,29.782545,94.319139,0.019642,1.112352,0.460134,88.698706,3.321952,94.354357,98.085142,14.93068790435791,18.846424,65.559608,0.100577,7.890427,10.955997,49.698197,1.309883,15.861411,2.683721,0.074184,3.306821,88.646202,0.09151999652385712,14.93734359741211,3.897952079772949,50.50553512573242,0.492576003074646,15.848352432250977,2.66975998878479,0.08073599636554718,3.2975358963012695,88.61660766601562,51,0.0,39610,6372,6160,1
live_a71__favorable_stable,71,split_ae32_uint4_q9800,FAVORABLE_STABLE,1163,ue288_live_a71__favorable_stable:1163,537,33.19559592753649,1789019574.299771,True,False,True,4,55543,1789019574374337741,1789019574374370312,1,1789019574416646139,1789019574416691544,1789019574416746534,1789019574419833825,1789019574515259077,1789019574520049560,1,0,49.65187422931194,11.105364188551903,4.427248612046242,28.625331819057465,5.3504230454564095,0.11443905532360077,38.573780097067356,35.874266,0.032571,42.353803,42.321232,0.045405,3.142281,95.387693,0.019112,1.077576,0.435368,89.176255,4.032918,95.425252,100.215735,15.334431648254395,20.583668,60.125415000000004,0.100217,8.56115,12.022518,49.61882,7.15705,10.506595,1.02509,0.067458,4.014113,89.130516,0.09206400066614151,15.340288162231445,5.2325119972229,50.55865478515625,6.205567836761475,10.449567794799805,1.0133119821548462,0.07648000121116638,4.004576206207275,89.10009765625,53,0.0,39625,6352,6140,1
live_a71__favorable_stable,71,split_ae32_uint4_q9800,FAVORABLE_STABLE,1165,ue288_live_a71__favorable_stable:1165,539,33.295595929026604,1789019574.4029348,True,False,True,4,51357,1789019574466372583,1789019574466402243,1,1789019574502020711,1789019574502075210,1789019574502136412,1789019574520061861,1789019574622433073,1789019574623816417,1,0,48.593027517199516,9.837585501372814,5.928994156420231,28.03026232868433,4.422592930495739,0.12449175119400024,38.581108674407005,24.765184,0.02966,35.702627,35.672967,0.054499,17.986651,102.334071,0.018909,9.332084,0.691361,88.238988,3.431352,102.371212,103.754556,16.439199447631836,19.055749,61.652685999999996,0.131308,7.726178,11.329571,51.409057,1.323718,10.243629,5.853099,0.074077,3.417746,88.177623,0.12240000069141388,16.445791244506836,2.5998079776763916,52.18697738647461,0.5363519787788391,10.231424331665039,5.841055870056152,0.07791999727487564,3.4071359634399414,88.13116455078125,49,0.0,39647,6366,6154,1
live_a71__favorable_stable,71,split_ae32_uint4_q9800,FAVORABLE_STABLE,1167,ue288_live_a71__favorable_stable:1167,541,33.39559593051672,1789019574.501047,True,False,True,4,53484,1789019574566700821,1789019574566729732,1,1789019574606081687,1789019574606138023,1789019574606200769,1789019574623828927,1789019574734860766,1789019574736325785,1,0,46.33744340389967,7.613368332386017,5.375235341489315,29.124319553375244,4.049157723784447,0.1104278489947319,38.72789163142443,26.747149,0.028911,39.437202,39.408291,0.056336,17.690904,110.99031,0.018131,7.982297,0.717774,97.903745,3.649957,111.031839,112.496858,20.1362247467041,35.474405000000004,60.964150000000004,0.137577,9.295164,26.179241,54.576467,0.562505,6.387683,0.556862,0.061518,3.625332,97.849027,0.12742400169372559,20.255327224731445,15.20803165435791,54.56137466430664,0.5496640205383301,6.375487804412842,0.5457919836044312,0.0695360004901886,3.6109120845794678,97.7985610961914,51,0.0,39635,6399,6187,1
live_a71__favorable_stable,71,split_ae32_uint4_q9800,FAVORABLE_STABLE,1169,ue288_live_a71__favorable_stable:1169,543,33.495595932006836,1789019574.6001098,True,False,True,4,52377,1789019574664105732,1789019574664131364,1,1789019574704335622,1789019574704383327,1789019574704438009,1789019574736399505,1789019574830859514,1789019574832162996,1,0,41.61302000284195,6.931843236088753,5.2916184067726135,26.724019087851048,2.5199558585882187,0.08405651897192001,34.67498254030943,29.238058,0.025632,40.277595,40.251963,0.047705,32.016178,94.379867,0.022958,1.560333,1.176505,87.168613,3.262485,94.460009,95.763491,21.25766372680664,32.440522,51.965624,1.290974,7.555826,24.884696,45.70006,0.575246,6.265564,0.561712,0.065822,3.246801,87.041213,3.3630080223083496,21.25836753845215,9.09443187713623,45.68252944946289,0.56358402967453,6.252960205078125,0.5500800013542175,0.0721919983625412,3.2365119457244873,86.98796844482422,50,0.0,39619,6366,6154,1
live_a71__favorable_stable,71,split_ae32_uint4_q9800,FAVORABLE_STABLE,1171,ue288_live_a71__favorable_stable:1171,545,33.59559593349695,1789019574.7022388,True,False,True,4,53499,1789019574771828065,1789019574771854251,1,1789019574809711600,1789019574809763002,1789019574809823197,1789019574832172944,1789019574926057775,1789019574932349786,1,0,37.72677667438984,10.919755324721336,5.00840786844492,19.285487942397594,2.3640226572752,0.08752010762691498,26.799537241458893,42.707979,0.026186,37.934937,37.908751,0.051402,22.409942,93.849316,0.020472,0.952809,0.475172,88.474843,3.289328,93.884831,100.176842,20.39574432373047,34.845032,52.147968,0.098911,7.945738,26.899294,42.23737,0.510323,9.910598,0.686954,0.068905,3.272384,88.426486,0.08560000360012054,20.401824951171875,14.431360244750977,42.22028732299805,0.49795201420783997,9.898816108703613,0.6768959760665894,0.08409599959850311,3.2590079307556152,88.40611267089844,51,0.0,39634,6368,6156,1
live_a71__favorable_stable,71,split_ae32_uint4_q9800,FAVORABLE_STABLE,1173,ue288_live_a71__favorable_stable:1173,547,33.69559593498707,1789019574.7991211,True,False,True,4,48286,1789019574864098457,1789019574864124662,1,1789019574884926505,1789019574884972513,1789019574885028971,1789019574932364168,1789019575026871624,1789019575028072471,1,0,39.07149378210306,10.672654956579208,3.4141214564442635,22.42861595004797,2.355175092816353,0.0884300097823143,28.332960791885853,36.557681,0.026205,20.874056,20.847851,0.046008,47.391655,94.465836,0.020705,1.867385,0.706758,88.302705,2.889177,94.507456,95.708303,20.495744705200195,32.687546999999995,54.266282,0.123262,7.725704,24.961843,45.012983,0.511521,9.253299,0.502596,0.063978,2.873635,88.246466,0.11257600039243698,20.502304077148438,12.177184104919434,44.99919891357422,0.5012480020523071,9.241727828979492,0.4919680058956146,0.07836800068616867,2.8630080223083496,88.20156860351562,46,0.0,39617,6358,6146,1
live_a71__favorable_stable,71,split_ae32_uint4_q9800,FAVORABLE_STABLE,1175,ue288_live_a71__favorable_stable:1175,549,33.795595936477184,1789019574.9123578,True,False,True,4,52433,1789019574968721914,1789019574968748890,1,1789019575004426221,1789019575004469021,1789019575004519375,1789019575028084359,1789019575113060524,1789019575119520832,1,0,41.06443375349045,7.711679674685001,4.70384955406189,26.004663668572903,2.4708490818738937,0.07929373532533646,33.30075368285179,22.816327,0.026976,35.747107,35.720131,0.0428,23.615338,84.935442,0.019436,0.875491,0.410154,79.800322,3.244578,84.976165,91.436473,16.95395278930664,31.161807,47.223479,0.090854,7.31466,23.847147,31.823842,0.524815,15.399637,0.607288,0.071803,3.2306,79.750743,0.08326400071382523,16.96019172668457,14.192543983459473,31.80963134765625,0.5130879878997803,15.386943817138672,0.5952320098876953,0.08070400357246399,3.2207040786743164,79.72223663330078,50,0.0,39587,6391,6179,1
live_a71__favorable_stable,71,split_ae32_uint4_q9800,FAVORABLE_STABLE,1177,ue288_live_a71__favorable_stable:1177,551,33.8955959379673,1789019575.0005143,True,False,True,4,49294,1789019575062273368,1789019575062299270,1,1789019575101418915,1789019575101470520,1789019575101526584,1789019575119532407,1789019575206368543,1789019575209505559,1,0,36.32340580224991,11.067451909184456,1.9251294434070587,20.84820717573166,2.3523718118667603,0.08529797196388245,25.257269851863384,36.414611,0.025902,39.197152,39.17125,0.051605,18.061887,86.797597,0.022575,2.146663,0.48095,80.607064,2.893042,86.836136,89.973152,14.486175537109375,21.242415,53.072165,0.101943,7.406185,13.83623,43.583107,1.468659,9.489058,4.531204,0.071547,2.878259,80.555997,0.09366399794816971,14.491711616516113,6.742847919464111,44.56576156616211,0.47811201214790344,9.476896286010742,4.520031929016113,0.08204799890518188,2.868191957473755,80.52722930908203,47,0.0,39589,6387,6175,1
live_a71__favorable_stable,71,split_ae32_uint4_q9800,FAVORABLE_STABLE,1179,ue288_live_a71__favorable_stable:1179,553,33.99559593945742,1789019575.101771,True,False,True,4,53497,1789019575168817860,1789019575168849852,1,1789019575209164415,1789019575209400746,1789019575209456845,1789019575209514985,1789019575292286842,1789019575300542399,1,0,50.6551144644618,5.853772163391113,6.305552087724209,33.48796349018812,4.822040908038616,0.10802876204252243,44.78109534829855,22.092335,0.031992,40.582886,40.550894,0.236331,0.114239,82.731985,0.020656,0.877597,1.140777,74.3949,3.139014,82.771857,91.027414,14.465824127197266,16.680265,56.192011,0.294909,7.246119,9.434146,49.841819,0.49509,6.350192,0.537127,0.064726,3.123739,74.344533,0.2847360074520111,14.471808433532715,2.201632022857666,49.82828903198242,0.48499199748039246,6.338111877441406,0.526528000831604,0.07331199944019318,3.114367961883545,74.3039321899414,51,0.0,39618,6360,6148,1
live_a71__favorable_stable,71,split_ae32_uint4_q9800,FAVORABLE_STABLE,1181,ue288_live_a71__favorable_stable:1181,555,34.09559594094753,1789019575.1978784,True,False,True,4,43958,1789019575262586311,1789019575262618870,1,1789019575301264079,1789019575301300258,1789019575301358290,1789019575301374334,1789019575365634737,1789019575366777415,1,0,43.776143342256546,7.390040904283524,5.95384556800127,25.058766826987267,5.209474824368954,0.31400006264448166,36.598090082407,28.020033,0.032559,38.713947,38.681388,0.036179,0.074076,64.219252,0.020234,1.327854,0.562668,56.253303,2.593249,64.260403,65.403081,21.987712860107422,24.148303,30.72597,0.222397,7.199972,16.948331,25.22041,0.490339,5.50556,0.47945,0.052445,2.581202,56.206204,0.2123199999332428,21.99407958984375,2.145440101623535,25.207040786743164,0.4798719882965088,5.496384143829346,0.47036799788475037,0.06623999774456024,2.5727360248565674,56.16041564941406,42,0.0,39611,6371,6159,1
live_a71__favorable_stable,71,split_ae32_uint4_q9800,FAVORABLE_STABLE,1183,ue288_live_a71__favorable_stable:1183,557,34.19559594243765,1789019575.3013258,True,False,True,4,48201,1789019575348998145,1789019575349021530,1,1789019575395391733,1789019575395440321,1789019575395497250,1789019575395535523,1789019575505256298,1789019575507895917,1,0,41.01407993584871,4.638560116291046,6.323446519672871,27.320681139826775,2.5526657700538635,0.08386652916669846,36.37311328202486,11.201756,0.023385,46.442176,46.418791,0.048588,0.095202,109.656456,0.066811,2.596107,1.087538,99.904775,2.885593,109.720775,112.360394,21.9270076751709,28.333786000000003,69.65037000000001,0.127435,6.841813,21.491973,54.985677,1.057823,14.664693,0.514108,0.068399,2.869972,99.844222,0.11827199906110764,21.932992935180664,6.391520023345947,54.96873474121094,1.0448319911956787,14.65225601196289,0.5029439926147461,0.08160000294446945,2.860543966293335,99.79945373535156,46,0.0,39593,6384,6172,1
live_a71__favorable_stable,71,split_ae32_uint4_q9800,FAVORABLE_STABLE,1185,ue288_live_a71__favorable_stable:1185,559,34.295595943927765,1789019575.4248166,True,False,True,4,50330,1789019575468877277,1789019575468899321,1,1789019575505801795,1789019575505838576,1789019575505884701,1789019575507907689,1789019575589757546,1789019575590994792,1,0,54.764856584370136,23.503818549215794,4.649581387639046,22.992213256657124,3.4198109060525894,0.08308421820402145,31.230635941028595,12.736638,0.022044,36.961299,36.939255,0.036781,2.069113,81.809603,0.024965,0.794746,0.529938,76.923126,2.876005,81.849857,83.087103,17.276575088500977,23.760676,51.295208,0.096995,7.084817,16.675859,45.483725,0.506407,5.811483,1.069531,0.067815,2.862143,76.874747,0.0883840024471283,17.28278350830078,6.4700798988342285,45.46895980834961,0.49433600902557373,5.799168109893799,1.0586880445480347,0.07321599870920181,2.8597118854522705,76.83494567871094,48,0.0,39585,6367,6155,1
live_a71__favorable_stable,71,split_ae32_uint4_q9800,FAVORABLE_STABLE,1187,ue288_live_a71__favorable_stable:1187,561,34.39559594541788,1789019575.5046284,True,False,True,4,52469,1789019575575807390,1789019575575833758,1,1789019575617022656,1789019575617094986,1789019575617171031,1789019575617198474,1789019575692173683,1789019575699948746,1,0,60.76338607817888,14.209646731615067,11.62321399897337,31.97410237044096,2.6719747111201286,0.08714944124221802,46.41263093799353,24.646562,0.026368,41.287596,41.261228,0.07233,0.103488,74.911097,0.030222,0.869912,0.568383,69.08059,3.46106,74.975209,82.750272,14.331999778747559,17.478449,50.282041,0.096206,7.372962,10.105487,43.662196,0.502982,6.619845,0.522045,0.067418,3.445762,69.031626,0.08835200220346451,14.33801555633545,3.1334400177001953,43.64931106567383,0.4922240078449249,6.607903957366943,0.5118399858474731,0.0761599987745285,3.4357759952545166,68.98857879638672,50,0.0,39583,6346,6134,1
live_a71__favorable_stable,71,split_ae32_uint4_q9800,FAVORABLE_STABLE,1189,ue288_live_a71__favorable_stable:1189,563,34.495595946908,1789019575.5997288,True,False,True,4,55553,1789019575653652337,1789019575653684095,1,1789019575692839290,1789019575692877287,1789019575692924265,1789019575699962460,1789019575766466797,1789019575767711337,1,0,44.812288135290146,11.95778138935566,3.288043662905693,26.79482940584421,2.6150131598114967,0.08428376168012619,32.82948024570942,20.985769,0.031758,39.22495,39.193192,0.037997,7.085173,66.46641,0.022128,2.874396,1.873302,56.755462,3.338472,66.504337,67.748877,15.553055763244629,19.063918,36.25126,0.128118,7.022461,12.041457,30.779523,0.515207,5.471737,0.605015,0.055648,3.32755,56.706317,0.11900799721479416,15.559040069580078,3.498784065246582,30.765567779541016,0.5031359791755676,5.462143898010254,0.5964480042457581,0.06892800331115723,3.2084479331970215,56.6624641418457,53,0.0,39593,6361,6149,1
live_a71__favorable_stable,71,split_ae32_uint4_q9800,FAVORABLE_STABLE,1191,ue288_live_a71__favorable_stable:1191,565,34.59559594839811,1789019575.7005615,True,False,True,4,46120,1789019575755369814,1789019575755394079,1,1789019575791014056,1789019575791088727,1789019575791168603,1789019575791193379,1789019575890038430,1789019575891180369,1,0,48.5646016895771,10.923441499471664,7.227683439850807,27.098451741039753,3.138463944196701,0.20138826221227646,37.736875005066395,16.807657,0.024265,35.718913,35.694648,0.074671,0.104652,98.791885,0.022046,3.059431,0.72952,90.257506,2.628667,98.845051,99.98699,20.341472625732422,34.044331,53.049267,1.899253,6.996253,27.048078,47.053146,0.506499,5.996121,0.54752,0.063251,2.615796,90.20261,3.021536111831665,20.34217643737793,12.576800346374512,47.038814544677734,0.49587199091911316,5.984479904174805,0.5376319885253906,0.07206399738788605,2.607487916946411,90.15238189697266,44,0.0,39612,6377,6165,1
live_a71__favorable_stable,71,split_ae32_uint4_q9800,FAVORABLE_STABLE,1193,ue288_live_a71__favorable_stable:1193,567,34.69559594988823,1789019575.8327668,True,False,True,4,45024,1789019575878838285,1789019575878861580,1,1789019575917272163,1789019575917320050,1789019575917378472,1789019575917400075,1789019576022022891,1789019576024799328,1,0,62.88864929229021,24.98188428580761,3.881745971739292,30.95333743840456,2.777181565761566,0.08689612150192261,37.74609696120024,8.235727,0.023295,38.481765,38.45847,0.047887,0.080025,104.573589,0.020621,1.195011,1.420239,95.706621,2.836741,104.622816,107.399253,17.78188705444336,24.392709,69.509657,0.556955,7.685795,16.706914,59.185536,0.505872,10.324121,0.537114,0.068395,2.819695,95.655868,0.5482239723205566,17.788448333740234,6.595871925354004,59.17273712158203,0.49539199471473694,10.312928199768066,0.5262719988822937,0.07897599786520004,2.8259520530700684,95.61328125,43,0.0,39647,6367,6155,1
live_a71__favorable_stable,71,split_ae32_uint4_q9800,FAVORABLE_STABLE,1195,ue288_live_a71__favorable_stable:1195,569,34.795595951378345,1789019575.9254715,True,False,True,4,49255,1789019575973122691,1789019575973148277,1,1789019576006980619,1789019576007030409,1789019576007089571,1789019576024810738,1789019576104027705,1789019576109225767,1,0,47.09099978208542,21.149711683392525,3.9378292858600616,19.064192660152912,2.5626420974731445,0.0827917829155922,25.69640800356865,21.821512,0.025586,33.907718,33.882132,0.04979,17.780329,79.179887,0.020057,1.712541,1.606901,69.982628,3.074581,79.216967,84.415029,17.4967041015625,35.168931,33.214781,0.321266,6.983399,28.185532,25.026305,0.552059,8.188476,0.512273,0.066109,3.060526,69.924425,0.31088000535964966,17.502784729003906,17.656320571899414,25.011327743530273,0.5401920080184937,8.176639556884766,0.5019840002059937,0.07744000107049942,3.0512640476226807,69.87942504882812,47,0.0,39642,6370,6158,1
live_a71__favorable_stable,71,split_ae32_uint4_q9800,FAVORABLE_STABLE,1197,ue288_live_a71__favorable_stable:1197,571,34.89559595286846,1789019576.0062797,True,False,True,4,52372,1789019576061407739,1789019576061431547,1,1789019576096500041,1789019576096555255,1789019576096611201,1789019576109239122,1789019576200206199,1789019576205307083,1,0,33.2581577822566,0.0038295984268188477,3.4860707819461823,26.96755062788725,2.6565715670585632,0.08626841008663177,33.258226700127125,21.203944,0.023808,35.147516,35.123708,0.055214,12.683867,90.931592,0.022631,1.722034,1.5131,83.80216,3.244298,90.967077,96.067961,23.168352127075195,48.970176,33.503186,0.122352,7.35917,41.611006,24.214994,0.505939,9.288192,0.506159,0.060634,3.216288,83.750302,0.11343999952077866,23.174848556518555,25.787168502807617,24.201440811157227,0.4943999946117401,9.277471542358398,0.49593600630760193,0.07366400212049484,3.2077438831329346,83.70953369140625,50,0.0,39617,6374,6162,1
live_a71__favorable_stable,71,split_ae32_uint4_q9800,FAVORABLE_STABLE,1199,ue288_live_a71__favorable_stable:1199,573,34.99559595435858,1789019576.1094844,True,False,True,4,53445,1789019576159554549,1789019576159577533,1,1789019576193005361,1789019576193056058,1789019576193116372,1789019576205318593,1789019576289491565,1789019576292795109,1,0,42.86615364253521,10.740816593170166,5.7152751833200455,23.61758053302765,2.5199241936206818,0.09913835674524307,31.999790109694004,17.971217,0.022984,33.501509,33.478525,0.050697,12.262535,84.132236,0.019957,1.514561,1.579091,77.255752,3.112162,84.172972,87.476516,23.305280685424805,29.352395,46.581955,0.119058,6.917998,22.434397,40.822739,0.501336,5.759216,0.494692,0.060282,3.093271,77.194796,0.11007999628782272,23.311359405517578,6.032159805297852,40.808799743652344,0.4907520115375519,5.7487359046936035,0.4849280118942261,0.0700799971818924,3.0822720527648926,77.14895629882812,51,0.0,39594,6358,6146,1
live_a71__favorable_stable,71,split_ae32_uint4_q9800,FAVORABLE_STABLE,1201,ue288_live_a71__favorable_stable:1201,575,35.095595955848694,1789019576.205351,True,False,True,4,55591,1789019576257559155,1789019576257579368,1,1789019576297474489,1789019576297528162,1789019576297579134,1789019576297620285,1789019576384087996,1789019576385908459,1,0,41.649927385151386,14.195159077644348,2.5840988382697105,22.204614244401455,2.5248536840081215,0.09510479867458344,27.47224736958742,24.635782,0.020213,39.969007,39.948794,0.053673,0.092123,86.392591,0.021036,1.289122,0.631653,79.742244,3.219312,86.467711,88.288174,22.51910400390625,28.218208,49.926575,0.109152,7.278907,20.939301,43.858312,0.65658,6.068263,0.630269,0.063922,3.201821,79.690331,0.09942399710416794,22.525184631347656,5.685567855834961,43.844478607177734,0.6460480093955994,6.05628776550293,0.6197760105133057,0.07481600344181061,3.1922879219055176,79.64559936523438,53,0.0,39591,6345,6133,1
live_a71__favorable_stable,71,split_ae32_uint4_q9800,FAVORABLE_STABLE,1203,ue288_live_a71__favorable_stable:1203,577,35.19559595733881,1789019576.301608,True,False,True,4,51347,1789019576356728052,1789019576356750715,1,1789019576397521191,1789019576397591985,1789019576397655063,1789019576397681619,1789019576486583274,1789019576487925153,1,0,38.244024850428104,10.414490476250648,2.5683119893074036,22.49774243682623,2.6331478729844093,0.1372033730149269,27.88513246923685,27.145882,0.022663,40.863933,40.84127,0.070794,0.089634,88.841303,0.020029,1.3216,0.750709,82.805789,3.069165,88.901655,90.243534,22.487104415893555,28.412222,51.696537000000006,0.113257,6.994363,21.417859,38.924854,1.849093,12.771683,0.522213,0.065796,3.051381,82.749532,0.10355199873447418,22.492704391479492,5.911007881164551,39.935550689697266,0.8293120265007019,12.759519577026367,0.5114240050315857,0.07731200009584427,3.0410239696502686,82.70291137695312,49,0.0,39610,6372,6160,1
live_a71__favorable_stable,71,split_ae32_uint4_q9800,FAVORABLE_STABLE,1205,ue288_live_a71__favorable_stable:1205,579,35.295595958828926,1789019576.400817,True,False,True,4,51348,1789019576439331159,1789019576439353993,1,1789019576480262717,1789019576480357667,1789019576480419100,1789019576487938383,1789019576587906054,1789019576589208602,1,0,40.13114050030708,11.822852306067944,3.442860208451748,21.072705276310444,2.678908407688141,0.08616317063570023,27.330869808793068,11.04877,0.022834,41.026508,41.003674,0.09495,7.580716,99.928244,0.021948,3.247089,0.672597,91.800571,2.97372,99.967671,101.270219,22.916383743286133,26.546553,58.686998,0.136608,7.445868,19.100685,50.743052,5.677072,7.943946,0.532463,0.067776,2.957472,91.739619,0.12694400548934937,22.922624588012695,3.6139841079711914,50.72796630859375,5.665855884552002,7.930431842803955,0.5205119848251343,0.07184000313282013,2.948415994644165,91.68402862548828,49,0.0,39627,6411,6199,1
live_a71__favorable_stable,71,split_ae32_uint4_q9800,FAVORABLE_STABLE,1207,ue288_live_a71__favorable_stable:1207,581,35.39559596031904,1789019576.5162385,True,False,True,4,48183,1789019576560499270,1789019576560519628,1,1789019576601198968,1789019576601274676,1789019576601357747,1789019576601403669,1789019576702614154,1789019576703931734,1,0,47.2627142444253,23.22495263069868,2.643479034304619,18.356970511376858,2.8122318908572197,0.07913913577795029,23.93647376447916,20.226363,0.020358,40.775406,40.755048,0.075708,0.128993,101.138836,0.022467,12.438589,0.917103,83.697339,3.19054,101.210485,102.528065,22.65065574645996,26.012978,56.237841,0.142474,8.714759,17.298219,49.789503,0.527044,6.448338,0.509397,0.059991,3.170544,83.631044,0.1319359987974167,22.657344818115234,3.3450560569763184,49.77372741699219,0.515999972820282,6.436255931854248,0.4987199902534485,0.07072000205516815,3.158655881881714,83.56352233886719,46,0.0,39614,6382,6170,1
live_a71__favorable_stable,71,split_ae32_uint4_q9800,FAVORABLE_STABLE,1209,ue288_live_a71__favorable_stable:1209,583,35.49559596180916,1789019576.6068954,True,False,True,4,49273,1789019576662267039,1789019576662291102,1,1789019576700048503,1789019576700092541,1789019576700148295,1789019576703941994,1789019576802282286,1789019576807131625,1,0,45.91341316699982,9.870332665741444,6.60507008433342,26.601926423609257,2.699519507586956,0.08612032979726791,36.05527151376009,18.930913,0.024063,37.825502,37.801439,0.044038,3.849453,98.303989,0.019409,4.218015,0.952431,88.821404,2.879343,98.340292,103.189631,21.223712921142578,28.96497,50.779281999999995,0.128695,7.08474,21.88023,43.00154,1.309501,7.777742,7.422829,0.070796,2.865773,88.762721,0.11999999731779099,21.229536056518555,7.726240158081055,42.987327575683594,1.297152042388916,7.765408039093018,7.413055896759033,0.08006399869918823,2.858367919921875,88.71798706054688,47,0.0,39636,6365,6153,1
live_a71__favorable_stable,71,split_ae32_uint4_q9800,FAVORABLE_STABLE,1211,ue288_live_a71__favorable_stable:1211,585,35.595595963299274,1789019576.7121673,True,False,True,4,54496,1789019576746221625,1789019576746250757,1,1789019576782292555,1789019576782335249,1789019576782396603,1789019576807145085,1789019576894249838,1789019576895556127,1,0,35.858205519616604,12.362624518573284,2.4548564106225967,18.433403223752975,2.4569323286414146,0.08893944323062897,23.485414683818817,10.477787,0.029132,36.113624,36.084492,0.042694,24.809836,87.064164,0.022288,1.633353,0.887673,80.414984,3.453017,87.104753,88.411042,20.715839385986328,27.998047999999997,51.110026,0.111635,7.227852,20.770196,44.117278,0.492012,6.992748,0.511697,0.065212,3.43657,80.366448,0.10268799960613251,20.717439651489258,7.003424167633057,44.105377197265625,0.4813759922981262,6.980703830718994,0.5007680058479309,0.07606399804353714,3.4257919788360596,80.32892608642578,52,0.0,39657,6338,6126,1
live_a71__favorable_stable,71,split_ae32_uint4_q9800,FAVORABLE_STABLE,1213,ue288_live_a71__favorable_stable:1213,587,35.69559596478939,1789019576.8006477,True,False,True,4,51373,1789019576839608362,1789019576839636770,1,1789019576879084223,1789019576879129348,1789019576879175144,1789019576895568515,1789019576993214562,1789019576994600550,1,0,33.38116407394409,8.073843084275723,4.690825007855892,18.105188384652138,2.335331402719021,0.0841403380036354,25.260701775550842,13.607151,0.028408,39.520986,39.492578,0.045125,16.439167,97.60631,0.018573,2.020081,0.611201,88.793883,2.990072,97.646047,99.032035,20.421951293945312,31.176389,55.828849999999996,0.622506,7.454725,23.721664,49.079204,0.493221,6.749646,0.501415,0.059883,2.974529,88.749016,0.6130239963531494,20.428607940673828,10.737215995788574,49.062591552734375,0.4819839894771576,6.737855911254883,0.4914880096912384,0.06684800237417221,2.9643518924713135,88.71932983398438,49,0.0,39614,6393,6181,1
live_a71__favorable_stable,71,split_ae32_uint4_q9800,FAVORABLE_STABLE,1215,ue288_live_a71__favorable_stable:1215,589,35.79559596627951,1789019576.903955,True,False,True,4,55645,1789019576945849289,1789019576945873903,1,1789019576984813803,1789019576984856512,1789019576984909309,1789019576994614802,1789019577075705701,1789019577082938232,1,0,37.89050038903952,12.467775493860245,3.0355649068951607,19.720938988029957,2.5221211835741997,0.09040627628564835,25.417779572308064,16.396511,0.024614,39.007223,38.982609,0.042709,9.75829,81.049639,0.019677,2.167781,0.630875,74.187097,3.352139,81.090899,88.32343,23.75641632080078,26.420557,45.227742,0.220719,8.686895,17.733662,27.774827,0.50587,17.452915,1.579177,0.07251,3.334381,74.117217,0.21139200031757355,23.76246452331543,2.647808074951172,27.758975982666016,0.49459201097488403,17.441055297851562,1.5703680515289307,0.14204800128936768,3.316096067428589,74.13148498535156,53,0.0,39610,6384,6172,1
live_a71__favorable_stable,71,split_ae32_uint4_q9800,FAVORABLE_STABLE,1217,ue288_live_a71__favorable_stable:1217,591,35.89559596776962,1789019577.0232368,True,False,True,4,54406,1789019577078013120,1789019577078044287,1,1789019577115223909,1789019577115289308,1789019577115356273,1789019577115438164,1789019577319079323,1789019577321748626,1,0,58.2394003868103,25.038552470505238,4.186668433248997,24.06522911041975,4.631148651242256,0.157172791659832,33.10946933925152,21.556563,0.031167,37.276188,37.245021,0.065399,0.148856,203.585295,0.023214,2.771795,1.504167,194.254266,3.166462,203.641159,206.310462,19.997631072998047,51.092962,140.616494,1.10166,7.120692,43.97227,122.034125,0.534903,18.582369,0.671699,0.073974,3.153223,194.191817,1.091647982597351,20.003583908081055,31.075679779052734,122.01628875732422,0.5227839946746826,18.57027244567871,0.6605759859085083,0.08144000172615051,3.144063949584961,194.13644409179688,52,0.0,39616,6379,6167,1
live_a71__favorable_stable,71,split_ae32_uint4_q9800,FAVORABLE_STABLE,1219,ue288_live_a71__favorable_stable:1219,593,35.99559596925974,1789019577.146634,True,False,True,4,53449,1789019577201657738,1789019577201688409,1,1789019577236882990,1789019577236939972,1789019577237005371,1789019577321760568,1789019577401372769,1789019577402866521,1,0,63.91483172774315,30.693259090185165,4.974381998181343,23.06442428380251,5.011295899748802,0.12700539082288742,33.23930036276579,21.677822,0.030671,35.282234,35.251563,0.056982,84.820596,79.575422,0.018993,3.088227,0.859073,70.550427,3.048239,79.612201,81.105953,14.410271644592285,17.146197,51.959431,0.154521,7.443315,9.702882,45.948495,0.506511,6.010936,0.490876,0.054535,3.033081,70.497419,0.13449600338935852,14.41708755493164,2.720479965209961,45.9354248046875,0.49532800912857056,5.999904155731201,0.4814079999923706,0.06611199676990509,3.021375894546509,70.35542297363281,51,0.0,39605,6357,6145,1
live_a71__favorable_stable,71,split_ae32_uint4_q9800,FAVORABLE_STABLE,1221,ue288_live_a71__favorable_stable:1221,595,36.095595970749855,1789019577.2216067,True,False,True,4,53465,1789019577290783756,1789019577290815659,1,1789019577327288667,1789019577327333871,1789019577327389035,1789019577402881476,1789019577520258966,1789019577521485017,1,0,62.61405348777771,11.724836193025112,4.576731473207474,38.569104857742786,7.590915076434612,0.11206138879060745,50.8973253890872,17.490419,0.031903,36.550115,36.518212,0.045204,75.547605,117.339894,0.020821,3.310799,1.041378,109.19918,3.103264,117.37749,118.603541,22.11942481994629,28.616884,77.315402,0.117425,7.699558,20.917326,68.251216,0.518963,9.064186,2.424452,0.067373,3.087476,109.143115,0.10918399691581726,22.12563133239746,6.481503963470459,68.23638153076172,0.5079360008239746,9.050911903381348,2.4035840034484863,0.07702399790287018,3.07859206199646,109.0987548828125,51,0.0,39619,6369,6157,1
live_a71__favorable_stable,71,split_ae32_uint4_q9800,FAVORABLE_STABLE,1223,ue288_live_a71__favorable_stable:1223,597,36.19559597223997,1789019577.3105147,True,False,True,4,53452,1789019577371212439,1789019577371237303,1,1789019577410346870,1789019577410401059,1789019577410446518,1789019577521497702,1789019577616468302,1789019577619528898,1,0,44.24452781677246,11.967428959906101,6.82847760617733,22.904624231159687,2.4095354601740837,0.08408073335886002,32.277959398925304,28.335309,0.024864,39.18862,39.163756,0.054189,111.096643,94.936763,0.020944,2.559294,1.116159,85.831206,3.328553,94.9706,98.031196,14.90982437133789,25.930444,58.454158,0.130991,7.652315,18.278129,47.369427,0.543885,11.084731,0.559285,0.064776,3.31543,85.774184,0.12243200093507767,14.916223526000977,11.006848335266113,47.35532760620117,0.5318400263786316,11.070816040039062,0.5488319993019104,0.07603199779987335,3.305919885635376,85.72688293457031,51,0.0,39633,6388,6176,1
live_a71__favorable_stable,71,split_ae32_uint4_q9800,FAVORABLE_STABLE,1225,ue288_live_a71__favorable_stable:1225,599,36.29559597373009,1789019577.4281154,False,,,4,,1789019577484532592,1789019577484558877,1,,,,,,,,,51.21742654591799,11.422066017985344,4.831195808947086,31.191629357635975,3.635469824075699,0.08932780474424362,39.80234079062939,16.441603,0.026285,,,,,,,,,,,,,,,,,,,,,,,,,,,,,,,,,,,,,0.0,39623,6380,6168,1
live_a71__favorable_stable,71,split_ae32_uint4_q9800,FAVORABLE_STABLE,1227,ue288_live_a71__favorable_stable:1227,601,36.3955959752202,1789019577.5056453,True,False,True,4,47154,1789019577566345681,1789019577566373471,1,1789019577606819260,1789019577606869654,1789019577606928234,1789019577619540696,1789019577715076846,1789019577716397089,1,0,54.22115698456764,13.405600562691689,4.414930939674377,33.24159514158964,2.6141442358493805,0.08257757872343063,40.39930831640959,20.208552,0.02779,40.523973,40.496183,0.050394,12.671042,95.495374,0.019085,2.250506,0.515562,87.590481,4.552803,95.53615,96.856393,14.498687744140625,17.812033,66.692102,0.109014,7.516666,10.295367,51.93978,0.909529,14.752322,1.875376,0.065981,4.536054,87.539425,0.10044799745082855,14.504927635192871,3.298111915588379,51.98720169067383,0.8521599769592285,14.741279602050781,1.8635200262069702,0.07747200131416321,2.8108479976654053,87.5060806274414,45,0.0,39599,6383,6171,1
live_a71__favorable_stable,71,split_ae32_uint4_q9800,FAVORABLE_STABLE,1229,ue288_live_a71__favorable_stable:1229,603,36.49559597671032,1789019577.6007717,True,False,True,4,46102,1789019577680688075,1789019577680711224,1,1789019577718961731,1789019577719012809,1789019577719071976,1789019577719122497,1789019577817094592,1789019577820582445,1,0,64.25408646464348,8.57073999941349,11.534364894032478,41.40047263354063,2.609935589134693,0.08607190102338791,55.68657722324133,24.074888,0.023149,38.324734,38.301585,0.051078,0.109688,97.906046,0.021387,2.571857,0.657065,91.157831,2.738909,97.972095,101.459948,19.78780746459961,22.087469,53.952799,0.11447,7.086739,15.00073,44.901128,14.316098,9.051671,0.495363,0.06249,2.723629,91.10969,0.10550399869680405,19.794336318969727,2.2840640544891357,44.88636779785156,14.302847862243652,9.038880348205566,0.4854080080986023,0.07680000364780426,2.7230401039123535,91.07331085205078,44,0.24944996153326307,39571,6401,6189,1
live_a71__favorable_stable,71,split_ae32_uint4_q9800,FAVORABLE_STABLE,1231,ue288_live_a71__favorable_stable:1231,605,36.595595978200436,1789019577.7159538,True,False,True,4,45090,1789019577782943166,1789019577782974175,1,1789019577824106799,1789019577824145216,1789019577824199293,1789019577824230060,1789019577898357846,1789019577906371351,1,0,28.04324310272932,0.008786097168922424,2.6183100417256355,22.881047800183296,2.387857995927334,0.09442679584026337,28.024896048009396,18.669937,0.031009,41.20205,41.171041,0.038417,0.084844,74.082363,0.026361,1.146042,0.578302,68.409055,2.641331,74.127786,82.141291,14.308992385864258,17.643283,49.006122,0.103897,7.208624,10.434659,42.704811,0.510994,6.301311,0.946067,0.064418,2.629757,68.357197,0.09532800316810608,14.315168380737305,3.3204801082611084,42.691871643066406,0.5004799962043762,6.28879976272583,0.9355840086936951,0.07500799745321274,2.621407985687256,68.31391906738281,43,0.553309052607967,39605,6458,6246,1
live_a71__favorable_stable,71,split_ae32_uint4_q9800,FAVORABLE_STABLE,1233,ue288_live_a71__favorable_stable:1233,607,36.69559597969055,1789019577.8064163,True,False,True,4,51364,1789019577868652780,1789019577868681064,1,1789019577928002202,1789019577928068068,1789019577928133989,1789019577928196451,1789019577981645511,1789019577982797684,1,0,40.372501127421856,10.758503340184689,2.9311664402484894,24.205773137509823,2.3510288447141647,0.08890591561794281,29.62430939078331,32.493595,0.028284,59.415288,59.387004,0.065866,0.128383,53.368,0.023037,1.317659,0.561331,47.741721,2.888688,53.44906,54.601233,14.344320297241211,16.507272999999998,29.978197,0.095269,6.804976,9.702297,23.450813,0.505218,6.527384,0.490543,0.051823,2.877977,47.702765,0.08687999844551086,14.350367546081543,2.1488959789276123,23.4388484954834,0.4946880042552948,6.517824172973633,0.4811840057373047,0.06374400109052658,2.869215965270996,47.663230895996094,49,0.8566619849554427,39630,6454,6242,1
