profile_id,step_index,state_index,target_snr_db,command_noise_power_db,command_ack_latency_ms,schedule_status,frame_id,compute_ms,capture_raw_ns,local_result_available_raw_ns,payload_bytes,chunks,application_send_attempts,send_start_raw_ns,send_end_raw_ns,ack_status,edge_first_datagram_raw_ns,edge_complete_raw_ns,edge_install_raw_ns,feedback_emit_raw_ns,ack_receive_raw_ns,local_to_first_datagram_ms,local_to_complete_message_ms,local_to_map_install_ms,map_install_to_ack_ms,local_to_ack_ms,capture_to_map_install_ms,capture_to_ack_ms,fresh_150ms,fresh_200ms,fresh_250ms
ADVERSE_STABLE,0,0,9.015869562465037,-4.25,0.169192,SENT_ONCE,0,24.650146,6005688129037663,6005688153687809,6782,1,1,6005688154754271,6005688154786814,ACK_INSTALLED,6005688352273134,6005688352273134,6005688352686101,6005688352687775,6005688355501516,198.585325,198.585325,198.998292,2.815415,201.813707,223.648438,226.463853,False,False,True
ADVERSE_STABLE,1,0,10.568298505338438,-5.25,0.075944,SENT_ONCE,1,24.979108,6005688229026645,6005688254005753,4880,1,1,6005688254820758,6005688254919608,ACK_INSTALLED,6005688352764101,6005688352764101,6005688353006624,6005688353007656,6005688355854982,98.758348,98.758348,99.000871,2.848358,101.849229,123.979979,126.828337,True,True,True
ADVERSE_STABLE,2,0,9.337281403927916,-4.5,0.10611,SENT_ONCE,2,25.653976,6005688352106193,6005688377760169,6180,1,1,6005688378521779,6005688378542959,ACK_INSTALLED,6005688448844567,6005688448844567,6005688449155791,6005688449157573,6005688454752969,71.084398,71.084398,71.395622,5.597178,76.9928,97.049598,102.646776,True,True,True
ADVERSE_STABLE,3,0,10.567672117513975,-5.25,0.273658,SENT_ONCE,3,27.037632,6005688429045501,6005688456083133,9197,1,1,6005688457195227,6005688457216153,ACK_INSTALLED,6005688513718268,6005688513718268,6005688514167323,6005688514169139,6005688520971719,57.635135,57.635135,58.08419,6.804396,64.888586,85.121822,91.926218,True,True,True
ADVERSE_STABLE,4,0,6.170814220080276,-2.75,0.295085,SENT_ONCE,4,26.604897,6005688529042396,6005688555647293,10421,1,1,6005688556966875,6005688556994685,ACK_INSTALLED,6005688679690584,6005688679690584,6005688680177730,6005688680179562,6005688686597581,124.043291,124.043291,124.530437,6.419851,130.950288,151.135334,157.555185,False,True,True
ADVERSE_STABLE,5,0,8.328968368116803,-4.0,0.266245,SENT_ONCE,5,25.093664,6005688629034604,6005688654128268,8534,1,1,6005688655184029,6005688655212716,ACK_INSTALLED,6005688696746884,6005688696746884,6005688697176769,6005688697178628,6005688703570258,42.618616,42.618616,43.048501,6.393489,49.44199,68.142165,74.535654,True,True,True
ADVERSE_STABLE,6,0,7.4369867938310685,-3.5,0.2685,SENT_ONCE,6,27.852846,6005688729067188,6005688756920034,17923,2,1,6005688758829897,6005688758862072,ACK_INSTALLED,6005688833171121,6005688834012536,6005688834792869,6005688834794437,6005688839635605,76.251087,77.092502,77.872835,4.842736,82.715571,105.725681,110.568417,True,True,True
ADVERSE_STABLE,7,0,8.392462410029085,-4.0,0.099827,SENT_ONCE,7,27.935446,6005688829069562,6005688857005008,13010,2,1,6005688858721291,6005688858752003,ACK_INSTALLED,6005688892189237,6005688892247115,6005688892901666,6005688893006754,6005688898567413,35.184229,35.242107,35.896658,5.665747,41.562405,63.832104,69.497851,True,True,True
ADVERSE_STABLE,8,0,8.699425365993267,-4.25,0.078582,SENT_ONCE,8,26.02081,6005688929020544,6005688955041354,10692,1,1,6005688956348019,6005688956376833,ACK_INSTALLED,6005688997706432,6005688997706432,6005688998268990,6005688998270835,6005689004305965,42.665078,42.665078,43.227636,6.036975,49.264611,69.248446,75.285421,True,True,True
ADVERSE_STABLE,9,0,9.388247540994417,-4.5,0.090208,SENT_ONCE,9,27.192923,6005689029053746,6005689056246669,13609,2,1,6005689057883927,6005689057915039,ACK_INSTALLED,6005689097446584,6005689097499995,6005689098171455,6005689098173248,6005689104469553,41.199915,41.253326,41.924786,6.298098,48.222884,69.117709,75.415807,True,True,True
ADVERSE_STABLE,10,0,7.637585617717211,-3.5,0.2813,SENT_ONCE,10,26.291638,6005689129006840,6005689155298478,9173,1,1,6005689156428847,6005689156453118,ACK_INSTALLED,6005689195852774,6005689195852774,6005689196351677,6005689196353550,6005689202948050,40.554296,40.554296,41.053199,6.596373,47.649572,67.344837,73.94121,True,True,True
ADVERSE_STABLE,11,0,8.817077598683067,-4.25,0.349133,SENT_ONCE,11,26.556377,6005689229028754,6005689255585131,16238,2,1,6005689257441966,6005689257469318,ACK_INSTALLED,6005689295992069,6005689296855824,6005689297594269,6005689297596182,6005689303937626,40.406938,41.270693,42.009138,6.343357,48.352495,68.565515,74.908872,True,True,True
ADVERSE_STABLE,12,0,7.17156822551567,-3.25,0.288561,SENT_ONCE,12,26.41591,6005689353113834,6005689379529744,9437,1,1,6005689380746446,6005689380773010,ACK_INSTALLED,6005689477093925,6005689477093925,6005689477662369,6005689477664111,6005689480048461,97.564181,97.564181,98.132625,2.386092,100.518717,124.548535,126.934627,True,True,True
ADVERSE_STABLE,13,0,7.595540447930826,-3.5,0.277698,SENT_ONCE,13,29.236938,6005689429117017,6005689458353955,9127,1,1,6005689459417452,6005689459440470,ACK_INSTALLED,6005689477883967,6005689477883967,6005689478301848,6005689478303002,6005689484665955,19.530012,19.530012,19.947893,6.364107,26.312,49.184831,55.548938,True,True,True
ADVERSE_STABLE,14,0,9.528625183745039,-4.75,0.372233,SENT_ONCE,14,29.487494,6005689529134033,6005689558621527,9782,1,1,6005689559973981,6005689560000680,ACK_INSTALLED,6005689598814794,6005689598814794,6005689599327411,6005689599329180,6005689605383113,40.193267,40.193267,40.705884,6.055702,46.761586,70.193378,76.24908,True,True,True
ADVERSE_STABLE,15,0,7.375731943136289,-3.5,0.304133,SENT_ONCE,15,28.920532,6005689629159683,6005689658080215,10392,1,1,6005689659248055,6005689659274694,ACK_INSTALLED,6005689698616512,6005689698616512,6005689699083045,6005689699084812,6005689705247449,40.536297,40.536297,41.00283,6.164404,47.167234,69.923362,76.087766,True,True,True
ADVERSE_STABLE,16,0,7.12210315108742,-3.25,0.284001,SENT_ONCE,16,26.944373,6005689729024255,6005689755968628,9808,1,1,6005689757077660,6005689757121762,ACK_INSTALLED,6005689779010767,6005689779010767,6005689779531534,6005689779533620,6005689786341270,23.042139,23.042139,23.562906,6.809736,30.372642,50.507279,57.317015,True,True,True
ADVERSE_STABLE,17,0,9.765986700697587,-4.75,0.371281,SENT_ONCE,17,28.117675,6005689829145592,6005689857263267,11186,1,1,6005689858646490,6005689858695324,ACK_INSTALLED,6005689894043729,6005689894043729,6005689894576857,6005689894578681,6005689900709996,36.780462,36.780462,37.31359,6.133139,43.446729,65.431265,71.564404,True,True,True
ADVERSE_STABLE,18,0,8.759539039728915,-4.25,0.32108,SENT_ONCE,18,25.317585,6005689929104535,6005689954422120,5849,1,1,6005689955421098,6005689955443699,ACK_INSTALLED,6005689993858713,6005689993858713,6005689994267481,6005689994269469,6005689996527349,39.436593,39.436593,39.845361,2.259868,42.105229,65.162946,67.422814,True,True,True
ADVERSE_STABLE,19,0,7.565898644409557,-3.5,0.24394,SENT_ONCE,19,28.258062,6005690029001874,6005690057259936,7668,1,1,6005690058272923,6005690058297207,ACK_INSTALLED,6005690094398665,6005690094398665,6005690094847876,6005690094849497,6005690101124503,37.138729,37.138729,37.58794,6.276627,43.864567,65.846002,72.122629,True,True,True
ADVERSE_STABLE,20,0,9.163886048322459,-4.5,0.309507,SENT_ONCE,20,26.226237,6005690129102477,6005690155328714,7952,1,1,6005690156412372,6005690156435761,ACK_INSTALLED,6005690193024405,6005690193024405,6005690193515975,6005690193517828,6005690200944640,37.695691,37.695691,38.187261,7.428665,45.615926,64.413498,71.842163,True,True,True
ADVERSE_STABLE,21,0,8.226428588997432,-3.75,0.09406,SENT_ONCE,21,26.635227,6005690229010658,6005690255645885,8256,1,1,6005690256669619,6005690256693655,ACK_INSTALLED,6005690318783753,6005690318783753,6005690319242790,6005690319244495,6005690325192587,63.137868,63.137868,63.596905,5.949797,69.546702,90.232132,96.181929,True,True,True
ADVERSE_STABLE,22,0,8.401049341053522,-4.0,0.087647,SENT_ONCE,22,26.151353,6005690328998868,6005690355150221,11680,1,1,6005690356440014,6005690356465095,ACK_INSTALLED,6005690394155026,6005690394155026,6005690394761314,6005690394763266,6005690400627847,39.004805,39.004805,39.611093,5.866533,45.477626,65.762446,71.628979,True,True,True
ADVERSE_STABLE,23,0,10.85438467830233,-5.5,0.078878,SENT_ONCE,23,26.041624,6005690428998047,6005690455039671,10471,1,1,6005690456493918,6005690456523334,ACK_INSTALLED,6005690499972281,6005690499972281,6005690500566693,6005690500568410,6005690507048515,44.93261,44.93261,45.527022,6.481822,52.008844,71.568646,78.050468,True,True,True
ADVERSE_STABLE,24,0,11.023408817835744,-5.5,0.072623,SENT_ONCE,24,26.497735,6005690528997576,6005690555495311,11060,1,1,6005690557029330,6005690557062210,ACK_INSTALLED,6005690599988159,6005690599988159,6005690601090095,6005690601092080,6005690604363174,44.492848,44.492848,45.594784,3.273079,48.867863,72.092519,75.365598,True,True,True
ADVERSE_STABLE,25,0,9.080920891266897,-4.5,0.079807,SENT_ONCE,25,27.228143,6005690629046547,6005690656274690,9246,1,1,6005690657708757,6005690657733370,ACK_INSTALLED,6005690696218426,6005690696218426,6005690696649275,6005690696650814,6005690702391021,39.943736,39.943736,40.374585,5.741746,46.116331,67.602728,73.344474,True,True,True
ADVERSE_STABLE,26,0,6.7362914395671165,-3.0,0.580548,SENT_ONCE,26,26.626735,6005690729008920,6005690755635655,11045,1,1,6005690759278446,6005690759301078,ACK_INSTALLED,6005690863962212,6005690863962212,6005690864474131,6005690864475996,6005690870315259,108.326557,108.326557,108.838476,5.841128,114.679604,135.465211,141.306339,True,True,True
ADVERSE_STABLE,27,0,8.781099744507506,-4.25,0.258651,SENT_ONCE,27,27.999985,6005690829004848,6005690857004833,11614,1,1,6005690858377324,6005690858399193,ACK_INSTALLED,6005690871161432,6005690871161432,6005690871628262,6005690871629571,6005690877147893,14.156599,14.156599,14.623429,5.519631,20.14306,42.623414,48.143045,True,True,True
ADVERSE_STABLE,28,0,8.215176801487408,-3.75,0.117478,SENT_ONCE,28,27.374578,6005690928981180,6005690956355758,11954,1,1,6005690957694021,6005690957719703,ACK_INSTALLED,6005691001173738,6005691001173738,6005691001810454,6005691001812260,6005691007621757,44.81798,44.81798,45.454696,5.811303,51.265999,72.829274,78.640577,True,True,True
ADVERSE_STABLE,29,0,9.562802032060004,-4.75,0.084044,SENT_ONCE,29,27.353705,6005691028956006,6005691056309711,9498,1,1,6005691057412379,6005691057433778,ACK_INSTALLED,6005691099363988,6005691099363988,6005691099831087,6005691099832806,6005691105522061,43.054277,43.054277,43.521376,5.690974,49.21235,70.875081,76.566055,True,True,True
ADVERSE_STABLE,30,0,8.154064108350017,-3.75,0.107514,SENT_ONCE,30,27.341106,6005691129064482,6005691156405588,16028,2,1,6005691158215975,6005691158244845,ACK_INSTALLED,6005691200036049,6005691200276998,6005691201034490,6005691201036145,6005691206020972,43.630461,43.87141,44.628902,4.986482,49.615384,71.970008,76.95649,True,True,True
ADVERSE_STABLE,31,0,7.008164455115708,-3.25,0.417227,SENT_ONCE,31,28.040974,6005691229513539,6005691257554513,13057,2,1,6005691259073047,6005691259101501,ACK_INSTALLED,6005691310853674,6005691310987676,6005691311672978,6005691311674944,6005691318112743,53.299161,53.433163,54.118465,6.439765,60.55823,82.159439,88.599204,True,True,True
ADVERSE_STABLE,32,0,8.452025035394911,-4.0,0.085331,SENT_ONCE,32,25.693461,6005691328987747,6005691354681208,8477,1,1,6005691355768744,6005691355794612,ACK_INSTALLED,6005691392223723,6005691392223723,6005691392753026,6005691392754861,6005691399196818,37.542515,37.542515,38.071818,6.443792,44.51561,63.765279,70.209071,True,True,True
ADVERSE_STABLE,33,0,9.510102335560434,-4.75,0.34237,SENT_ONCE,33,26.302538,6005691429035531,6005691455338069,7633,1,1,6005691456519410,6005691456545901,ACK_INSTALLED,6005691494832690,6005691494832690,6005691495263556,6005691495265555,6005691502024230,39.494621,39.494621,39.925487,6.760674,46.686161,66.228025,72.988699,True,True,True
ADVERSE_STABLE,34,1,14.316460100483301,-7.25,0.065064,SENT_ONCE,34,27.292434,6005691529169729,6005691556462163,12699,2,1,6005691558009083,6005691558037684,ACK_INSTALLED,6005691595639929,6005691595659656,6005691596312046,6005691596313737,6005691602120290,39.177766,39.197493,39.849883,5.808244,45.658127,67.142317,72.950561,True,True,True
ADVERSE_STABLE,35,1,15.214994060713092,-7.75,0.159991,SENT_ONCE,35,25.470223,6005691628988712,6005691654458935,8121,1,1,6005691655481132,6005691655503211,ACK_INSTALLED,6005691695111450,6005691695111450,6005691695510835,6005691695512658,6005691701609493,40.652515,40.652515,41.0519,6.098658,47.150558,66.522123,72.620781,True,True,True
ADVERSE_STABLE,36,1,12.961362545887198,-6.5,0.114608,SENT_ONCE,36,25.720219,6005691728984222,6005691754704441,8298,1,1,6005691755990517,6005691756017849,ACK_INSTALLED,6005691793361918,6005691793361918,6005691793740970,6005691793742802,6005691799831255,38.657477,38.657477,39.036529,6.090285,45.126814,64.756748,70.847033,True,True,True
ADVERSE_STABLE,37,1,13.986201576337118,-7.0,0.290608,SENT_ONCE,37,27.483916,6005691829069110,6005691856553026,7427,1,1,6005691857578492,6005691857603478,ACK_INSTALLED,6005691900900241,6005691900900241,6005691901247117,6005691901248901,6005691907746817,44.347215,44.347215,44.694091,6.4997,51.193791,72.178007,78.677707,True,True,True
ADVERSE_STABLE,38,1,13.215106118113443,-6.5,0.280055,SENT_ONCE,38,27.328787,6005691929096293,6005691956425080,12807,2,1,6005691957900432,6005691957955018,ACK_INSTALLED,6005691995410675,6005691995564747,6005691996089766,6005691996091393,6005692001695532,38.985595,39.139667,39.664686,5.605766,45.270452,66.993473,72.599239,True,True,True
ADVERSE_STABLE,39,1,12.92150123729404,-6.5,0.240195,SENT_ONCE,39,28.271816,6005692029003512,6005692057275328,12092,1,1,6005692058764555,6005692058791141,ACK_INSTALLED,6005692096765885,6005692096765885,6005692097277523,6005692097279191,6005692103769918,39.490557,39.490557,40.002195,6.492395,46.49459,68.274011,74.766406,True,True,True
ADVERSE_STABLE,40,1,13.720687171061021,-6.75,0.237771,SENT_ONCE,40,27.574953,6005692128972424,6005692156547377,14766,2,1,6005692158153872,6005692158178992,ACK_INSTALLED,6005692197540114,6005692198244341,6005692198858701,6005692198860465,6005692203866459,40.992737,41.696964,42.311324,5.007758,47.319082,69.886277,74.894035,True,True,True
ADVERSE_STABLE,41,1,15.93909041659756,-8.25,0.236641,SENT_ONCE,41,27.425607,6005692228983465,6005692256409072,10399,1,1,6005692257661319,6005692257686510,ACK_INSTALLED,6005692300349807,6005692300349807,6005692300814037,6005692300815816,6005692307114987,43.940735,43.940735,44.404965,6.30095,50.705915,71.830572,78.131522,True,True,True
ADVERSE_STABLE,42,1,17.030378952960035,-8.75,0.329416,SENT_ONCE,42,26.628155,6005692328971108,6005692355599263,11577,1,1,6005692357077581,6005692357103591,ACK_INSTALLED,6005692403291836,6005692403291836,6005692403809093,6005692403810741,6005692409462991,47.692573,47.692573,48.20983,5.653898,53.863728,74.837985,80.491883,True,True,True
ADVERSE_STABLE,43,1,15.072792554252212,-7.75,0.227516,SENT_ONCE,43,26.219271,6005692429001790,6005692455221061,11404,1,1,6005692456727708,6005692456754413,ACK_INSTALLED,6005692498262442,6005692498262442,6005692498768519,6005692498770385,6005692503665787,43.041381,43.041381,43.547458,4.897268,48.444726,69.766729,74.663997,True,True,True
ADVERSE_STABLE,44,1,14.845387394537546,-7.5,0.199312,SENT_ONCE,44,28.777324,6005692528994550,6005692557771874,12212,1,1,6005692559259648,6005692559288350,ACK_INSTALLED,6005692600003702,6005692600003702,6005692600519945,6005692600521660,6005692606347604,42.231828,42.231828,42.748071,5.827659,48.57573,71.525395,77.353054,True,True,True
ADVERSE_STABLE,45,1,14.271717890122524,-7.25,0.08377,SENT_ONCE,45,28.736399,6005692628980267,6005692657716666,14299,2,1,6005692659596394,6005692659626790,ACK_INSTALLED,6005692702138618,6005692702259170,6005692702925490,6005692702927081,6005692708485584,44.421952,44.542504,45.208824,5.560094,50.768918,73.945223,79.505317,True,True,True
ADVERSE_STABLE,46,0,7.890983247299973,-3.75,0.096406,SENT_ONCE,46,26.681062,6005692729151238,6005692755832300,9502,1,1,6005692756969626,6005692756998480,ACK_INSTALLED,6005692821600957,6005692821600957,6005692822036904,6005692822038722,6005692827546609,65.768657,65.768657,66.204604,5.509705,71.714309,92.885666,98.395371,True,True,True
ADVERSE_STABLE,47,0,8.142969828902345,-3.75,0.074344,SENT_ONCE,47,26.767899,6005692828974848,6005692855742747,13494,2,1,6005692857273840,6005692857300691,ACK_INSTALLED,6005692905253936,6005692905305031,6005692905934887,6005692905936668,6005692911799134,49.511189,49.562284,50.19214,5.864247,56.056387,76.960039,82.824286,True,True,True
ADVERSE_STABLE,48,0,7.957423321927993,-3.75,0.079475,SENT_ONCE,48,27.835336,6005692928985645,6005692956820981,11915,1,1,6005692958234735,6005692958261281,ACK_INSTALLED,6005693012899757,6005693012899757,6005693013418133,6005693013420348,6005693019111894,56.078776,56.078776,56.597152,5.693761,62.290913,84.432488,90.126249,True,True,True
ADVERSE_STABLE,49,0,8.052219344917674,-3.75,0.084904,SENT_ONCE,49,26.762244,6005693028984871,6005693055747115,8261,1,1,6005693056824361,6005693056849654,ACK_INSTALLED,6005693086765267,6005693086765267,6005693087137168,6005693087139175,6005693093143472,31.018152,31.018152,31.390053,6.006304,37.396357,58.152297,64.158601,True,True,True
ADVERSE_STABLE,50,0,9.703358013130215,-4.75,0.074137,SENT_ONCE,50,25.581211,6005693128962155,6005693154543366,7923,1,1,6005693155519492,6005693155541385,ACK_INSTALLED,6005693197906125,6005693197906125,6005693198292550,6005693198294462,6005693205017728,43.362759,43.362759,43.749184,6.725178,50.474362,69.330395,76.055573,True,True,True
ADVERSE_STABLE,51,0,7.422680271862852,-3.5,0.124053,SENT_ONCE,51,26.061994,6005693229064770,6005693255126764,7050,1,1,6005693256013553,6005693256036988,ACK_INSTALLED,6005693295539129,6005693295539129,6005693295874082,6005693295876010,6005693302880755,40.412365,40.412365,40.747318,7.006673,47.753991,66.809312,73.815985,True,True,True
ADVERSE_STABLE,52,0,5.667020780841742,-2.5,0.076015,SENT_ONCE,52,26.38383,6005693328976544,6005693355360374,9507,1,1,6005693356530630,6005693356556738,ACK_INSTALLED,6005693491573300,6005693491573300,6005693492034986,6005693492036821,6005693498239522,136.212926,136.212926,136.674612,6.204536,142.879148,163.058442,169.262978,False,True,True
ADVERSE_STABLE,53,0,8.36824273369148,-4.0,0.084745,SENT_ONCE,53,27.487758,6005693440612963,6005693468100721,14026,2,1,6005693470021788,6005693470053081,ACK_INSTALLED,6005693492901676,6005693492913933,6005693493454571,6005693493455863,6005693498933506,24.800955,24.813212,25.35385,5.478935,30.832785,52.841608,58.320543,True,True,True
ADVERSE_STABLE,54,0,9.904942847057754,-5.0,0.073899,SENT_ONCE,54,24.834093,6005693529004617,6005693553838710,8783,1,1,6005693555027098,6005693555054185,ACK_INSTALLED,6005693596659153,6005693596659153,6005693597058821,6005693597060673,6005693603393570,42.820443,42.820443,43.220111,6.334749,49.55486,68.054204,74.388953,True,True,True
ADVERSE_STABLE,55,0,9.118884468840703,-4.5,0.073155,SENT_ONCE,55,24.849721,6005693628975657,6005693653825378,7734,1,1,6005693654939269,6005693654966008,ACK_INSTALLED,6005693694854410,6005693694854410,6005693695213979,6005693695215607,6005693702670948,41.029032,41.029032,41.388601,7.456969,48.84557,66.238322,73.695291,True,True,True
ADVERSE_STABLE,56,0,6.156057402218904,-2.75,0.069334,SENT_ONCE,56,26.723191,6005693728964752,6005693755687943,8245,1,1,6005693756800773,6005693756852594,ACK_INSTALLED,6005693932212357,6005693932212357,6005693932586018,6005693932587686,6005693938300939,176.524414,176.524414,176.898075,5.714921,182.612996,203.621266,209.336187,False,False,True
ADVERSE_STABLE,57,0,6.110976035680039,-2.75,0.076253,SENT_ONCE,57,24.6215,6005693828949420,6005693853570920,8239,1,1,6005693854641717,6005693854666450,ACK_INSTALLED,6005693932775632,6005693932775632,6005693933069668,6005693933070635,6005693938335660,79.204712,79.204712,79.498748,5.265992,84.76474,104.120248,109.38624,True,True,True
ADVERSE_STABLE,58,0,9.366529314908687,-4.5,0.078819,SENT_ONCE,58,26.285921,6005693928948782,6005693955234703,11476,1,1,6005693957749180,6005693957773502,ACK_INSTALLED,6005693984915266,6005693984915266,6005693985530137,6005693985532108,6005693991614444,29.680563,29.680563,30.295434,6.084307,36.379741,56.581355,62.665662,True,True,True
ADVERSE_STABLE,59,0,7.007752219390381,-3.25,0.097513,SENT_ONCE,59,27.869617,6005694029045785,6005694056915402,11638,1,1,6005694058231066,6005694058258954,ACK_INSTALLED,6005694098652798,6005694098652798,6005694099153059,6005694099155036,6005694105428625,41.737396,41.737396,42.237657,6.275566,48.513223,70.107274,76.38284,True,True,True
ADVERSE_STABLE,60,0,8.167539270539228,-3.75,0.075512,SENT_ONCE,60,25.163495,6005694128961525,6005694154125020,9341,1,1,6005694155236005,6005694155261041,ACK_INSTALLED,6005694195663882,6005694195663882,6005694196111757,6005694196113762,6005694201674143,41.538862,41.538862,41.986737,5.562386,47.549123,67.150232,72.712618,True,True,True
ADVERSE_STABLE,61,0,8.574300714044844,-4.0,0.080093,SENT_ONCE,61,25.628565,6005694229128949,6005694254757514,9026,1,1,6005694255888235,6005694255911611,ACK_INSTALLED,6005694291515775,6005694291515775,6005694291935449,6005694291937271,6005694298095241,36.758261,36.758261,37.177935,6.159792,43.337727,62.8065,68.966292,True,True,True
ADVERSE_STABLE,62,0,9.765415209378265,-4.75,0.081425,SENT_ONCE,62,26.022463,6005694329071213,6005694355093676,11542,1,1,6005694356435338,6005694356461077,ACK_INSTALLED,6005694393297329,6005694393297329,6005694393798770,6005694393800712,6005694399627749,38.203653,38.203653,38.705094,5.828979,44.534073,64.727557,70.556536,True,True,True
ADVERSE_STABLE,63,0,7.646326618864417,-3.5,0.084503,SENT_ONCE,63,27.40025,6005694452052279,6005694479452529,12191,1,1,6005694480793196,6005694480813380,ACK_INSTALLED,6005694518589385,6005694518589385,6005694519117116,6005694519118848,6005694524988422,39.136856,39.136856,39.664587,5.871306,45.535893,67.064837,72.936143,True,True,True
ADVERSE_STABLE,64,0,7.795870986155533,-3.75,0.076154,SENT_ONCE,64,27.302265,6005694528961432,6005694556263697,10127,1,1,6005694557455873,6005694557480327,ACK_INSTALLED,6005694593529519,6005694593529519,6005694593987622,6005694593989769,6005694600775815,37.265822,37.265822,37.723925,6.788193,44.512118,65.02619,71.814383,True,True,True
ADVERSE_STABLE,65,0,7.334475642445715,-3.5,0.077664,SENT_ONCE,65,27.676605,6005694628952775,6005694656629380,15800,2,1,6005694658526230,6005694658555715,ACK_INSTALLED,6005694697869800,6005694698584672,6005694699272796,6005694699274614,6005694704247395,41.24042,41.955292,42.643416,4.974599,47.618015,70.320021,75.29462,True,True,True
ADVERSE_STABLE,66,0,9.16744398613828,-4.5,0.115141,SENT_ONCE,66,28.227906,6005694728942851,6005694757170757,17381,2,1,6005694759194636,6005694759227629,ACK_INSTALLED,6005694801661441,6005694802139347,6005694803416675,6005694803418580,6005694807707363,44.490684,44.96859,46.245918,4.290688,50.536606,74.473824,78.764512,True,True,True
ADVERSE_STABLE,67,0,7.6355298909959775,-3.5,0.108305,SENT_ONCE,67,25.376028,6005694828979699,6005694854355727,8859,1,1,6005694855481936,6005694855505604,ACK_INSTALLED,6005694894868329,6005694894868329,6005694895283238,6005694895284855,6005694901244687,40.512602,40.512602,40.927511,5.961449,46.88896,66.303539,72.264988,True,True,True
ADVERSE_STABLE,68,0,5.650568462485284,-2.5,0.236525,SENT_ONCE,68,25.899502,6005694929076246,6005694954975748,8567,1,1,6005694956057687,6005694956084075,ACK_INSTALLED,6005695003350080,6005695003350080,6005695003747153,6005695003749081,6005695010042567,48.374332,48.374332,48.771405,6.295414,55.066819,74.670907,80.966321,True,True,True
ADVERSE_STABLE,69,0,7.80107375637443,-3.75,0.086762,SENT_ONCE,69,24.634376,6005695028963385,6005695053597761,5181,1,1,6005695054453656,6005695054479957,ACK_INSTALLED,6005695076229132,6005695076229132,6005695076513082,6005695076515195,6005695082823421,22.631371,22.631371,22.915321,6.310339,29.22566,47.549697,53.860036,True,True,True
ADVERSE_STABLE,70,0,8.417731365127699,-4.0,0.106333,SENT_ONCE,70,24.687144,6005695129084574,6005695153771718,8516,1,1,6005695154800754,6005695154827649,ACK_INSTALLED,6005695196430258,6005695196430258,6005695196826552,6005695196828276,6005695203075215,42.65854,42.65854,43.054834,6.248663,49.303497,67.741978,73.990641,True,True,True
ADVERSE_STABLE,71,0,8.450680479305099,-4.0,0.079965,SENT_ONCE,71,24.457432,6005695228962038,6005695253419470,7977,1,1,6005695254606298,6005695254629974,ACK_INSTALLED,6005695293487148,6005695293487148,6005695293938490,6005695293940311,6005695299555671,40.067678,40.067678,40.51902,5.617181,46.136201,64.976452,70.593633,True,True,True
ADVERSE_STABLE,72,1,15.541254161920678,-8.0,0.081484,SENT_ONCE,72,25.027514,6005695328933277,6005695353960791,9613,1,1,6005695355095900,6005695355119459,ACK_INSTALLED,6005695393497005,6005695393497005,6005695393933376,6005695393934983,6005695401142293,39.536214,39.536214,39.972585,7.208917,47.181502,65.000099,72.209016,True,True,True
ADVERSE_STABLE,73,1,14.8305927487032,-7.5,0.080432,SENT_ONCE,73,25.38715,6005695428940269,6005695454327419,5865,1,1,6005695455153811,6005695455177948,ACK_INSTALLED,6005695489450611,6005695489450611,6005695489751703,6005695489753472,6005695496197508,35.123192,35.123192,35.424284,6.445805,41.870089,60.811434,67.257239,True,True,True
ADVERSE_STABLE,74,1,14.374896946239485,-7.25,0.081936,SENT_ONCE,74,26.26429,6005695528949781,6005695555214071,10586,1,1,6005695556583197,6005695556608463,ACK_INSTALLED,6005695594291670,6005695594291670,6005695594760758,6005695594762734,6005695602004710,39.077599,39.077599,39.546687,7.243952,46.790639,65.810977,73.054929,True,True,True
ADVERSE_STABLE,75,1,15.829372096400903,-8.25,0.082653,SENT_ONCE,75,24.895824,6005695628937258,6005695653833082,8517,1,1,6005695654836842,6005695654860549,ACK_INSTALLED,6005695697701328,6005695697701328,6005695698102661,6005695698104433,6005695700788818,43.868246,43.868246,44.269579,2.686157,46.955736,69.165403,71.85156,True,True,True
ADVERSE_STABLE,76,1,13.574725927980552,-6.75,0.083609,SENT_ONCE,76,27.404948,6005695728944686,6005695756349634,9743,1,1,6005695757456240,6005695757480264,ACK_INSTALLED,6005695794185523,6005695794185523,6005695794666614,6005695794668551,6005695797715315,37.835889,37.835889,38.31698,3.048701,41.365681,65.721928,68.770629,True,True,True
ADVERSE_STABLE,77,1,14.109510650243093,-7.0,0.078754,SENT_ONCE,77,25.595956,6005695828938186,6005695854534142,10937,1,1,6005695855895596,6005695855921152,ACK_INSTALLED,6005695892747223,6005695892747223,6005695893228471,6005695893230189,6005695899600527,38.213081,38.213081,38.694329,6.372056,45.066385,64.290285,70.662341,True,True,True
ADVERSE_STABLE,78,1,14.965978066822192,-7.75,0.088677,SENT_ONCE,78,27.152858,6005695928956603,6005695956109461,11619,1,1,6005695957484290,6005695957511481,ACK_INSTALLED,6005696000196345,6005696000196345,6005696000701635,6005696000703495,6005696006807593,44.086884,44.086884,44.592174,6.105958,50.698132,71.745032,77.85099,True,True,True
ADVERSE_STABLE,79,1,13.495017121682368,-6.75,0.094013,SENT_ONCE,79,26.648204,6005696028929634,6005696055577838,15656,2,1,6005696057462192,6005696057492047,ACK_INSTALLED,6005696092921240,6005696093426885,6005696094075477,6005696094077106,6005696100827121,37.343402,37.849047,38.497639,6.751644,45.249283,65.145843,71.897487,True,True,True
ADVERSE_STABLE,80,1,15.80616801818305,-8.25,0.082135,SENT_ONCE,80,27.202074,6005696128957492,6005696156159566,9261,1,1,6005696157257122,6005696157282460,ACK_INSTALLED,6005696192960402,6005696192960402,6005696193390866,6005696193392523,6005696200423557,36.800836,36.800836,37.2313,7.032691,44.263991,64.433374,71.466065,True,True,True
ADVERSE_STABLE,81,1,14.588333566281548,-7.5,0.09405,SENT_ONCE,81,26.580065,6005696228929521,6005696255509586,9584,1,1,6005696256645095,6005696256678179,ACK_INSTALLED,6005696294632795,6005696294632795,6005696295063386,6005696295065294,6005696297406145,39.123209,39.123209,39.5538,2.342759,41.896559,66.133865,68.476624,True,True,True
ADVERSE_STABLE,82,1,12.697042238643018,-6.25,0.06953,SENT_ONCE,82,27.315741,6005696328933894,6005696356249635,9434,1,1,6005696357385360,6005696357410394,ACK_INSTALLED,6005696395140320,6005696395140320,6005696395561912,6005696395563818,6005696401965059,38.890685,38.890685,39.312277,6.403147,45.715424,66.628018,73.031165,True,True,True
ADVERSE_STABLE,83,1,13.470422343652608,-6.75,0.075848,SENT_ONCE,83,26.583488,6005696428934745,6005696455518233,8153,1,1,6005696456692875,6005696456717385,ACK_INSTALLED,6005696490957798,6005696490957798,6005696491348005,6005696491349896,6005696498278174,35.439565,35.439565,35.829772,6.930169,42.759941,62.41326,69.343429,True,True,True
ADVERSE_STABLE,84,1,15.838911775962346,-8.25,0.077904,SENT_ONCE,84,27.894887,6005696528941441,6005696556836328,7048,1,1,6005696557733168,6005696557756896,ACK_INSTALLED,6005696593078091,6005696593078091,6005696593415075,6005696593417235,6005696596039844,36.241763,36.241763,36.578747,2.624769,39.203516,64.473634,67.098403,True,True,True
ADVERSE_STABLE,85,1,12.33229997653856,-6.25,0.085945,SENT_ONCE,85,25.316108,6005696628923919,6005696654240027,5256,1,1,6005696655021855,6005696655045455,ACK_INSTALLED,6005696695829104,6005696695829104,6005696696099828,6005696696101904,6005696698670158,41.589077,41.589077,41.859801,2.57033,44.430131,67.175909,69.746239,True,True,True
ADVERSE_STABLE,86,1,14.136312800760969,-7.0,0.079567,SENT_ONCE,86,27.763683,6005696728940321,6005696756704004,9463,1,1,6005696757796876,6005696757820733,ACK_INSTALLED,6005696794189907,6005696794189907,6005696794628495,6005696794630269,6005696796753917,37.485903,37.485903,37.924491,2.125422,40.049913,65.688174,67.813596,True,True,True
ADVERSE_STABLE,87,0,6.968864597408004,-3.25,0.099341,SENT_ONCE,87,27.201758,6005696828927841,6005696856129599,15698,2,1,6005696857839360,6005696857870017,ACK_INSTALLED,6005696959797906,6005696959851894,6005696960492239,6005696960493932,6005696965801871,103.668307,103.722295,104.36264,5.309632,109.672272,131.564398,136.87403,True,True,True
ADVERSE_STABLE,88,0,7.910183561807258,-3.75,0.093777,SENT_ONCE,88,25.518583,6005696928913837,6005696954432420,11788,1,1,6005696955856550,6005696955885133,ACK_INSTALLED,6005697011286186,6005697011286186,6005697011813505,6005697011815215,6005697014631334,56.853766,56.853766,57.381085,2.817829,60.198914,82.899668,85.717497,True,True,True
ADVERSE_STABLE,89,0,7.830256565978964,-3.75,0.085601,SENT_ONCE,89,26.087262,6005697028931688,6005697055018950,7326,1,1,6005697056012856,6005697056038972,ACK_INSTALLED,6005697097439346,6005697097439346,6005697097793419,6005697097795557,6005697103840007,42.420396,42.420396,42.774469,6.046588,48.821057,68.861731,74.908319,True,True,True
ADVERSE_STABLE,90,0,8.056100508578337,-3.75,0.08071,SENT_ONCE,90,29.037054,6005697128927038,6005697157964092,7063,1,1,6005697158923265,6005697158948026,ACK_INSTALLED,6005697198394950,6005697198394950,6005697198735857,6005697198737740,6005697205191838,40.430858,40.430858,40.771765,6.455981,47.227746,69.808819,76.2648,True,True,True
ADVERSE_STABLE,91,0,8.761558777629869,-4.25,0.086005,SENT_ONCE,91,27.124629,6005697228915916,6005697256040545,8847,1,1,6005697257112169,6005697257135752,ACK_INSTALLED,6005697294065432,6005697294065432,6005697294480469,6005697294482293,6005697301239163,38.024887,38.024887,38.439924,6.758694,45.198618,65.564553,72.323247,True,True,True
ADVERSE_STABLE,92,0,9.128730707306786,-4.5,0.075485,SENT_ONCE,92,28.145299,6005697328910037,6005697357055336,11308,1,1,6005697358419461,6005697358444600,ACK_INSTALLED,6005697395032160,6005697395032160,6005697395528553,6005697395530415,6005697401226830,37.976824,37.976824,38.473217,5.698277,44.171494,66.618516,72.316793,True,True,True
ADVERSE_STABLE,93,0,8.327347124429092,-4.0,0.091369,SENT_ONCE,93,29.316341,6005697428939838,6005697458256179,7377,1,1,6005697459217473,6005697459241338,ACK_INSTALLED,6005697495492103,6005697495492103,6005697495854031,6005697495855864,6005697502541883,37.235924,37.235924,37.597852,6.687852,44.285704,66.914193,73.602045,True,True,True
ADVERSE_STABLE,94,0,9.315031937249316,-4.5,0.072806,SENT_ONCE,94,26.757308,6005697528918748,6005697555676056,8253,1,1,6005697556745125,6005697556769900,ACK_INSTALLED,6005697591164552,6005697591164552,6005697591556656,6005697591558425,6005697597809182,35.488496,35.488496,35.8806,6.252526,42.133126,62.637908,68.890434,True,True,True
ADVERSE_STABLE,95,0,9.021537423146112,-4.25,0.102135,SENT_ONCE,95,25.844858,6005697628907816,6005697654752674,11866,1,1,6005697656079727,6005697656106265,ACK_INSTALLED,6005697690162168,6005697690162168,6005697690901675,6005697690903515,6005697696496146,35.409494,35.409494,36.149001,5.594471,41.743472,61.993859,67.58833,True,True,True
ADVERSE_STABLE,96,0,7.148941508299211,-3.25,0.078129,SENT_ONCE,96,26.33463,6005697728930202,6005697755264832,11543,1,1,6005697756742076,6005697756767342,ACK_INSTALLED,6005697816476568,6005697816476568,6005697817026040,6005697817027897,6005697823621629,61.211736,61.211736,61.761208,6.595589,68.356797,88.095838,94.691427,True,True,True
ADVERSE_STABLE,97,0,9.607925789736075,-4.75,0.098181,SENT_ONCE,97,26.969763,6005697828913723,6005697855883486,14194,2,1,6005697857452829,6005697857481932,ACK_INSTALLED,6005697895112462,6005697895781195,6005697896373848,6005697896375667,6005697902282230,39.228976,39.897709,40.490362,5.908382,46.398744,67.460125,73.368507,True,True,True
ADVERSE_STABLE,98,0,7.458620237934409,-3.5,0.076045,SENT_ONCE,98,26.741371,6005697928912550,6005697955653921,7597,1,1,6005697956908304,6005697956934080,ACK_INSTALLED,6005697995079464,6005697995079464,6005697995449752,6005697995451534,6005698001506163,39.425543,39.425543,39.795831,6.056411,45.852242,66.537202,72.593613,True,True,True
ADVERSE_STABLE,99,0,9.45470419653904,-4.75,0.096111,SENT_ONCE,99,29.438217,6005698028923511,6005698058361728,11027,1,1,6005698059880605,6005698059905870,ACK_INSTALLED,6005698095184772,6005698095184772,6005698095708600,6005698095711396,6005698101351989,36.823044,36.823044,37.346872,5.643389,42.990261,66.785089,72.428478,True,True,True
ADVERSE_STABLE,100,0,8.253172572028186,-4.0,0.077234,SENT_ONCE,100,25.763462,6005698128908344,6005698154671806,9076,1,1,6005698155732006,6005698155757963,ACK_INSTALLED,6005698195015123,6005698195015123,6005698195448170,6005698195450158,6005698200943589,40.343317,40.343317,40.776364,5.495419,46.271783,66.539826,72.035245,True,True,True
ADVERSE_STABLE,101,0,10.54337970276512,-5.25,0.08003,SENT_ONCE,101,25.843586,6005698228899606,6005698254743192,7659,1,1,6005698255690280,6005698255714481,ACK_INSTALLED,6005698297386837,6005698297386837,6005698297770587,6005698297772304,6005698304283434,42.643645,42.643645,43.027395,6.512847,49.540242,68.870981,75.383828,True,True,True
ADVERSE_STABLE,102,0,10.807709816214917,-5.5,0.074352,SENT_ONCE,102,27.064161,6005698328900256,6005698355964417,7693,1,1,6005698356898186,6005698356921228,ACK_INSTALLED,6005698398569001,6005698398569001,6005698399194461,6005698399196313,6005698405386184,42.604584,42.604584,43.230044,6.191723,49.421767,70.294205,76.485928,True,True,True
ADVERSE_STABLE,103,0,6.818109506238936,-3.25,0.085327,SENT_ONCE,103,24.746704,6005698428908828,6005698453655532,7612,1,1,6005698454765111,6005698454798755,ACK_INSTALLED,6005698517257318,6005698517257318,6005698517637932,6005698517639873,6005698523675014,63.601786,63.601786,63.9824,6.037082,70.019482,88.729104,94.766186,True,True,True
ADVERSE_STABLE,104,0,7.381368166201319,-3.5,0.094206,SENT_ONCE,104,26.971096,6005698528904120,6005698555875216,8836,1,1,6005698557116582,6005698557143030,ACK_INSTALLED,6005698602980271,6005698602980271,6005698603417437,6005698603419318,6005698609392001,47.105055,47.105055,47.542221,5.974564,53.516785,74.513317,80.487881,True,True,True
ADVERSE_STABLE,105,0,7.786922281925454,-3.75,0.118513,SENT_ONCE,105,25.495957,6005698628905115,6005698654401072,8581,1,1,6005698655598889,6005698655624998,ACK_INSTALLED,6005698708980751,6005698708980751,6005698709376470,6005698709378393,6005698715567088,54.579679,54.579679,54.975398,6.190618,61.166016,80.471355,86.661973,True,True,True
ADVERSE_STABLE,106,0,9.109152316574361,-4.5,0.077644,SENT_ONCE,106,26.17249,6005698728906461,6005698755078951,5222,1,1,6005698755915584,6005698755938539,ACK_INSTALLED,6005698793304499,6005698793304499,6005698793609200,6005698793611036,6005698796104816,38.225548,38.225548,38.530249,2.495616,41.025865,64.702739,67.198355,True,True,True
ADVERSE_STABLE,107,0,9.566358366639443,-4.75,0.109798,SENT_ONCE,107,27.159706,6005698829039885,6005698856199591,7091,1,1,6005698857152239,6005698857172958,ACK_INSTALLED,6005698892848723,6005698892848723,6005698893415417,6005698893417458,6005698899869770,36.649132,36.649132,37.215826,6.454353,43.670179,64.375532,70.829885,True,True,True
ADVERSE_STABLE,108,0,7.73021947454012,-3.5,0.068765,SENT_ONCE,108,26.689947,6005698928915153,6005698955605100,14465,2,1,6005698957878949,6005698957906836,ACK_INSTALLED,6005698994167214,6005698994853738,6005698995516575,6005698995518375,6005699000502067,38.562114,39.248638,39.911475,4.985492,44.896967,66.601422,71.586914,True,True,True
ADVERSE_STABLE,109,0,8.198405458019964,-3.75,0.076664,SENT_ONCE,109,27.369527,6005699028904309,6005699056273836,16493,2,1,6005699058161790,6005699058189388,ACK_INSTALLED,6005699100998325,6005699101541979,6005699102244304,6005699102246074,6005699108412601,44.724489,45.268143,45.970468,6.168297,52.138765,73.339995,79.508292,True,True,True
ADVERSE_STABLE,110,0,7.637018648576903,-3.5,0.063451,SENT_ONCE,110,28.021283,6005699128895914,6005699156917197,11824,1,1,6005699158193355,6005699158215459,ACK_INSTALLED,6005699193819043,6005699193819043,6005699194501685,6005699194503577,6005699200274486,36.901846,36.901846,37.584488,5.772801,43.357289,65.605771,71.378572,True,True,True
ADVERSE_STABLE,111,0,8.512815333069733,-4.0,0.066769,SENT_ONCE,111,27.646362,6005699228896994,6005699256543356,11219,1,1,6005699257842501,6005699257862592,ACK_INSTALLED,6005699294453533,6005699294453533,6005699295048220,6005699295049801,6005699301215364,37.910177,37.910177,38.504864,6.167144,44.672008,66.151226,72.31837,True,True,True
ADVERSE_STABLE,112,0,9.554910110040078,-4.75,0.072553,SENT_ONCE,112,28.310424,6005699328893941,6005699357204365,14872,2,1,6005699358973416,6005699358999676,ACK_INSTALLED,6005699394357528,6005699395135139,6005699395977914,6005699395979725,6005699402540621,37.153163,37.930774,38.773549,6.562707,45.336256,67.083973,73.64668,True,True,True
ADVERSE_STABLE,113,0,8.305670187416892,-4.0,0.06483,SENT_ONCE,113,26.143558,6005699428903575,6005699455047133,13991,2,1,6005699456559102,6005699456585174,ACK_INSTALLED,6005699496902294,6005699497614943,6005699498238479,6005699498240200,6005699503605771,41.855161,42.56781,43.191346,5.367292,48.558638,69.334904,74.702196,True,True,True
ADVERSE_STABLE,114,0,6.78406926905979,-3.25,0.08136,SENT_ONCE,114,31.035999,6005699528902900,6005699559938899,19353,2,1,6005699561981155,6005699562012041,ACK_INSTALLED,6005699610315015,6005699610944151,6005699611801822,6005699611803336,6005699617840161,50.376116,51.005252,51.862923,6.038339,57.901262,82.898922,88.937261,True,True,True
ADVERSE_STABLE,115,0,10.146950391928174,-5.0,0.07315,SENT_ONCE,115,26.529688,6005699628955882,6005699655485570,16033,2,1,6005699657311891,6005699657340120,ACK_INSTALLED,6005699699268868,6005699699852638,6005699700770970,6005699700772780,6005699706352359,43.783298,44.367068,45.2854,5.581389,50.866789,71.815088,77.396477,True,True,True
ADVERSE_STABLE,116,0,7.458184643787316,-3.5,0.06645,SENT_ONCE,116,26.271055,6005699728894275,6005699755165330,15608,2,1,6005699757101326,6005699757128849,ACK_INSTALLED,6005699795550656,6005699796204373,6005699796894508,6005699796896532,6005699804863905,40.385326,41.039043,41.729178,7.969397,49.698575,68.000233,75.96963,True,True,True
ADVERSE_STABLE,117,0,10.596105426824929,-5.25,0.072099,SENT_ONCE,117,28.487356,6005699828890411,6005699857377767,19434,2,1,6005699859911012,6005699859943340,ACK_INSTALLED,6005699888344207,6005699888733589,6005699889585834,6005699889587846,6005699896214156,30.96644,31.355822,32.208067,6.628322,38.836389,60.695423,67.323745,True,True,True
ADVERSE_STABLE,118,0,7.280915699990132,-3.5,0.087704,SENT_ONCE,118,27.232158,6005699928883451,6005699956115609,15317,2,1,6005699957949947,6005699957980662,ACK_INSTALLED,6005700005519664,6005700005595646,6005700006250822,6005700006252373,6005700013413746,49.404055,49.480037,50.135213,7.162924,57.298137,77.367371,84.530295,True,True,True
ADVERSE_STABLE,119,0,6.431004410571166,-3.0,0.097427,SENT_ONCE,119,26.444921,6005700028885899,6005700055330820,14555,2,1,6005700057045982,6005700057098518,ACK_INSTALLED,6005700134743179,6005700135135069,6005700135749704,6005700135751590,6005700142341678,79.412359,79.804249,80.418884,6.591974,87.010858,106.863805,113.455779,True,True,True
ADVERSE_STABLE,120,0,8.020592439258685,-3.75,0.081129,SENT_ONCE,120,27.933057,6005700128901822,6005700156834879,7349,1,1,6005700157778584,6005700157842069,ACK_INSTALLED,6005700195778189,6005700195778189,6005700196203922,6005700196205679,6005700203626032,38.94331,38.94331,39.369043,7.42211,46.791153,67.3021,74.72421,True,True,True
ADVERSE_STABLE,121,0,7.765634149133994,-3.75,0.080218,SENT_ONCE,121,25.062232,6005700228885388,6005700253947620,9221,1,1,6005700255070059,6005700255095151,ACK_INSTALLED,6005700294333767,6005700294333767,6005700294774576,6005700294776389,6005700301671969,40.386147,40.386147,40.826956,6.897393,47.724349,65.889188,72.786581,True,True,True
ADVERSE_STABLE,122,0,8.983077969000528,-4.25,0.077417,SENT_ONCE,122,26.278783,6005700328875836,6005700355154619,7713,1,1,6005700356097702,6005700356119627,ACK_INSTALLED,6005700396946184,6005700396946184,6005700397385530,6005700397387435,6005700403699130,41.791565,41.791565,42.230911,6.3136,48.544511,68.509694,74.823294,True,True,True
ADVERSE_STABLE,123,0,9.645049103837692,-4.75,0.073686,SENT_ONCE,123,26.490821,6005700428892464,6005700455383285,7307,1,1,6005700456567827,6005700456591245,ACK_INSTALLED,6005700495391685,6005700495391685,6005700495792881,6005700495794709,6005700501615848,40.0084,40.0084,40.409596,5.822967,46.232563,66.900417,72.723384,True,True,True
ADVERSE_STABLE,124,0,7.13910907901904,-3.25,0.073615,SENT_ONCE,124,26.799232,6005700528883058,6005700555682290,13884,2,1,6005700557348874,6005700557377576,ACK_INSTALLED,6005700593404922,6005700593963241,6005700594616171,6005700594617975,6005700601675378,37.722632,38.280951,38.933881,7.059207,45.993088,65.733113,72.79232,True,True,True
ADVERSE_STABLE,125,0,8.618800306184525,-4.0,0.129577,SENT_ONCE,125,26.397775,6005700628890205,6005700655287980,6461,1,1,6005700656141494,6005700656166035,ACK_INSTALLED,6005700687508457,6005700687508457,6005700687862655,6005700687864282,6005700694841877,32.220477,32.220477,32.574675,6.979222,39.553897,58.97245,65.951672,True,True,True
ADVERSE_STABLE,126,0,7.427340556454702,-3.5,0.085337,SENT_ONCE,126,26.392468,6005700728881661,6005700755274129,11206,1,1,6005700756583864,6005700756609061,ACK_INSTALLED,6005700787340412,6005700787340412,6005700787854520,6005700787856631,6005700794858308,32.066283,32.066283,32.580391,7.003788,39.584179,58.972859,65.976647,True,True,True
ADVERSE_STABLE,127,0,7.298153148241013,-3.5,0.206228,SENT_ONCE,127,29.428775,6005700828889647,6005700858318422,13630,2,1,6005700859873934,6005700859902371,ACK_INSTALLED,6005700897127180,6005700897167080,6005700897735829,6005700897737459,6005700904070930,38.808758,38.848658,39.417407,6.335101,45.752508,68.846182,75.181283,True,True,True
ADVERSE_STABLE,128,0,7.261701758693083,-3.5,0.072403,SENT_ONCE,128,27.002455,6005700928877117,6005700955879572,7307,1,1,6005700956786535,6005700956809759,ACK_INSTALLED,6005700994790257,6005700994790257,6005700995146520,6005700995148633,6005700997771308,38.910685,38.910685,39.266948,2.624788,41.891736,66.269403,68.894191,True,True,True
ADVERSE_STABLE,129,0,9.432453913640455,-4.5,0.10073,SENT_ONCE,129,27.780555,6005701028885826,6005701056666381,13908,2,1,6005701058464002,6005701058505417,ACK_INSTALLED,6005701092539421,6005701093307396,6005701093892527,6005701093894274,6005701099148093,35.87304,36.641015,37.226146,5.255566,42.481712,65.006701,70.262267,True,True,True
ADVERSE_STABLE,130,0,9.296182626659647,-4.5,0.10387,SENT_ONCE,130,27.069426,6005701128857604,6005701155927030,8481,1,1,6005701157074726,6005701157101410,ACK_INSTALLED,6005701190132641,6005701190132641,6005701190533457,6005701190535366,6005701196987324,34.205611,34.205611,34.606427,6.453867,41.060294,61.675853,68.12972,True,True,True
ADVERSE_STABLE,131,0,8.677046154658953,-4.0,0.10712,SENT_ONCE,131,27.681091,6005701228873687,6005701256554778,8155,1,1,6005701257567443,6005701257589687,ACK_INSTALLED,6005701295950616,6005701295950616,6005701296349050,6005701296350974,6005701303119878,39.395838,39.395838,39.794272,6.770828,46.5651,67.475363,74.246191,True,True,True
ADVERSE_STABLE,132,0,8.277067216513178,-4.0,0.070633,SENT_ONCE,132,26.905736,6005701328867656,6005701355773392,6619,1,1,6005701356647039,6005701356667869,ACK_INSTALLED,6005701394825771,6005701394825771,6005701395147595,6005701395149513,6005701397746618,39.052379,39.052379,39.374203,2.599023,41.973226,66.279939,68.878962,True,True,True
ADVERSE_STABLE,133,0,7.832488964783337,-3.75,0.071089,SENT_ONCE,133,27.727657,6005701428868041,6005701456595698,15643,2,1,6005701458373227,6005701458400831,ACK_INSTALLED,6005701493932070,6005701494606826,6005701495288485,6005701495290286,6005701500962782,37.336372,38.011128,38.692787,5.674297,44.367084,66.420444,72.094741,True,True,True
ADVERSE_STABLE,134,0,8.095146215299524,-3.75,0.059923,SENT_ONCE,134,27.367406,6005701530780395,6005701558147801,13013,2,1,6005701559669397,6005701559695881,ACK_INSTALLED,6005701595218048,6005701595265817,6005701596020628,6005701596022681,6005701601966548,37.070247,37.118016,37.872827,5.94592,43.818747,65.240233,71.186153,True,True,True
ADVERSE_STABLE,135,0,7.127169803696404,-3.25,0.066911,SENT_ONCE,135,26.026532,6005701628863777,6005701654890309,9759,1,1,6005701656076271,6005701656098100,ACK_INSTALLED,6005701694813985,6005701694813985,6005701695342172,6005701695343901,6005701701811192,39.923676,39.923676,40.451863,6.46902,46.920883,66.478395,72.947415,True,True,True
ADVERSE_STABLE,136,0,7.812868274036022,-3.75,0.101001,SENT_ONCE,136,26.98897,6005701728868469,6005701755857439,9477,1,1,6005701757007774,6005701757031629,ACK_INSTALLED,6005701800350554,6005701800350554,6005701800853550,6005701800855376,6005701806733156,44.493115,44.493115,44.996111,5.879606,50.875717,71.985081,77.864687,True,True,True
ADVERSE_STABLE,137,0,8.86100546411848,-4.25,0.062239,SENT_ONCE,137,26.43637,6005701828873846,6005701855310216,10615,1,1,6005701856539997,6005701856564000,ACK_INSTALLED,6005701895951305,6005701895951305,6005701896531574,6005701896533306,6005701903096020,40.641089,40.641089,41.221358,6.564446,47.785804,67.657728,74.222174,True,True,True
ADVERSE_STABLE,138,0,5.842130459185414,-2.5,0.082922,SENT_ONCE,138,26.820762,6005701928857740,6005701955678502,9511,1,1,6005701956848379,6005701956870286,ACK_INSTALLED,6005702065047140,6005702065047140,6005702065642178,6005702065644363,6005702072633321,109.368638,109.368638,109.963676,6.991143,116.954819,136.784438,143.775581,True,True,True
ADVERSE_STABLE,139,0,10.004721612267964,-5.0,0.090561,SENT_ONCE,139,26.067505,6005702028862452,6005702054929957,7604,1,1,6005702055916467,6005702055939702,ACK_INSTALLED,6005702072485608,6005702072485608,6005702072797136,6005702072798527,6005702079152984,17.555651,17.555651,17.867179,6.355848,24.223027,43.934684,50.290532,True,True,True
ADVERSE_STABLE,140,0,8.087430112298781,-3.75,0.067995,SENT_ONCE,140,26.236593,6005702128871600,6005702155108193,10721,1,1,6005702156429827,6005702156455631,ACK_INSTALLED,6005702198202550,6005702198202550,6005702198689095,6005702198690900,6005702204368657,43.094357,43.094357,43.580902,5.679562,49.260464,69.817495,75.497057,True,True,True
ADVERSE_STABLE,141,0,9.440642364042793,-4.75,0.097783,SENT_ONCE,141,26.44621,6005702228874332,6005702255320542,11873,1,1,6005702256756323,6005702256780145,ACK_INSTALLED,6005702292236315,6005702292236315,6005702292758934,6005702292760665,6005702298909620,36.915773,36.915773,37.438392,6.150686,43.589078,63.884602,70.035288,True,True,True
ADVERSE_STABLE,142,0,9.412286517720261,-4.5,0.067399,SENT_ONCE,142,26.159139,6005702328865304,6005702355024443,8657,1,1,6005702356107693,6005702356128432,ACK_INSTALLED,6005702390956671,6005702390956671,6005702391359823,6005702391363378,6005702397265086,35.932228,35.932228,36.33538,5.905263,42.240643,62.494519,68.399782,True,True,True
ADVERSE_STABLE,143,0,7.3901214723097155,-3.5,0.074885,SENT_ONCE,143,27.903332,6005702428867475,6005702456770807,9185,1,1,6005702457914519,6005702457936676,ACK_INSTALLED,6005702492164824,6005702492164824,6005702492667026,6005702492668783,6005702498784582,35.394017,35.394017,35.896219,6.117556,42.013775,63.799551,69.917107,True,True,True
ADVERSE_STABLE,144,0,9.352067202349719,-4.5,0.087006,SENT_ONCE,144,25.495832,6005702543330053,6005702568825885,7975,1,1,6005702569903364,6005702569930181,ACK_INSTALLED,6005702604512752,6005702604512752,6005702604977537,6005702604979466,6005702612389746,35.686867,35.686867,36.151652,7.412209,43.563861,61.647484,69.059693,True,True,True
ADVERSE_STABLE,145,0,7.827063680905853,-3.75,0.072058,SENT_ONCE,145,23.855274,6005702628852858,6005702652708132,3091,1,1,6005702653231481,6005702653255221,ACK_INSTALLED,6005702690403670,6005702690403670,6005702690618625,6005702690620627,6005702696775632,37.695538,37.695538,37.910493,6.157007,44.0675,61.765767,67.922774,True,True,True
ADVERSE_STABLE,146,0,8.05400103976838,-3.75,0.09885,SENT_ONCE,146,26.250325,6005702728898403,6005702755148728,11867,1,1,6005702756540314,6005702756566582,ACK_INSTALLED,6005702799265297,6005702799265297,6005702799787768,6005702799789509,6005702805380201,44.116569,44.116569,44.63904,5.592433,50.231473,70.889365,76.481798,True,True,True
ADVERSE_STABLE,147,0,8.2537109071673,-4.0,0.075664,SENT_ONCE,147,26.839532,6005702828859110,6005702855698642,14470,2,1,6005702857284390,6005702857314685,ACK_INSTALLED,6005702893124755,6005702893336882,6005702894000343,6005702894002020,6005702899618881,37.426113,37.63824,38.301701,5.618538,43.920239,65.141233,70.759771,True,True,True
ADVERSE_STABLE,148,0,9.020030253302817,-4.25,0.09003,SENT_ONCE,148,26.277517,6005702928856169,6005702955133686,12990,2,1,6005702956703222,6005702956775432,ACK_INSTALLED,6005702993745507,6005702993799246,6005702994447420,6005702994449181,6005703001372089,38.611821,38.66556,39.313734,6.924669,46.238403,65.591251,72.51592,True,True,True
ADVERSE_STABLE,149,0,10.152972197837283,-5.0,0.077188,SENT_ONCE,149,26.910514,6005703028846153,6005703055756667,11187,1,1,6005703057167024,6005703057193071,ACK_INSTALLED,6005703100331533,6005703100331533,6005703100971173,6005703100972788,6005703106744137,44.574866,44.574866,45.214506,5.772964,50.98747,72.12502,77.897984,True,True,True
ADVERSE_STABLE,150,0,9.487235985695413,-4.75,0.069519,SENT_ONCE,150,26.320895,6005703128846567,6005703155167462,13276,2,1,6005703156870666,6005703156898475,ACK_INSTALLED,6005703190979103,6005703191033858,6005703191672519,6005703191674590,6005703197149454,35.811641,35.866396,36.505057,5.476935,41.981992,62.825952,68.302887,True,True,True
ADVERSE_STABLE,151,0,9.828825785322595,-5.0,0.088239,SENT_ONCE,151,25.493622,6005703228849299,6005703254342921,13845,2,1,6005703255967482,6005703255993064,ACK_INSTALLED,6005703295407510,6005703295965529,6005703296619097,6005703296620800,6005703303281008,41.064589,41.622608,42.276176,6.661911,48.938087,67.769798,74.431709,True,True,True
ADVERSE_STABLE,152,1,14.825579502234573,-7.5,0.073622,SENT_ONCE,152,25.998105,6005703328847794,6005703354845899,12358,1,1,6005703356259845,6005703356282430,ACK_INSTALLED,6005703394427945,6005703394427945,6005703395126618,6005703395128273,6005703401540558,39.582046,39.582046,40.280719,6.41394,46.694659,66.278824,72.692764,True,True,True
ADVERSE_STABLE,153,1,15.860660259251295,-8.25,0.063228,SENT_ONCE,153,26.943437,6005703428850770,6005703455794207,11618,1,1,6005703457360483,6005703457383045,ACK_INSTALLED,6005703493523487,6005703493523487,6005703494218945,6005703494220920,6005703500523291,37.72928,37.72928,38.424738,6.304346,44.729084,65.368175,71.672521,True,True,True
ADVERSE_STABLE,154,1,15.392596015966673,-8.0,0.090313,SENT_ONCE,154,26.846172,6005703553939125,6005703580785297,12027,1,1,6005703582158132,6005703582182037,ACK_INSTALLED,6005703623988001,6005703623988001,6005703624609815,6005703624611540,6005703632295852,43.202704,43.202704,43.824518,7.686037,51.510555,70.67069,78.356727,True,True,True
ADVERSE_STABLE,155,1,14.84623633255843,-7.5,0.07566,SENT_ONCE,155,25.661919,6005703628838552,6005703654500471,12937,2,1,6005703655978030,6005703656007132,ACK_INSTALLED,6005703690845499,6005703691256418,6005703691962374,6005703691964298,6005703698980408,36.345028,36.755947,37.461903,7.018034,44.479937,63.123822,70.141856,True,True,True
ADVERSE_STABLE,156,1,14.675242915954556,-7.5,0.079045,SENT_ONCE,156,24.341298,6005703728835497,6005703753176795,8244,1,1,6005703754305020,6005703754329181,ACK_INSTALLED,6005703791814770,6005703791814770,6005703792295586,6005703792297624,6005703794920722,38.637975,38.637975,39.118791,2.625136,41.743927,63.460089,66.085225,True,True,True
ADVERSE_STABLE,157,1,15.991731988744064,-8.25,0.074934,SENT_ONCE,157,25.391529,6005703828839117,6005703854230646,10975,1,1,6005703855474949,6005703855502357,ACK_INSTALLED,6005703890369355,6005703890369355,6005703890899291,6005703890901044,6005703899112810,36.138709,36.138709,36.668645,8.213519,44.882164,62.060174,70.273693,True,True,True
ADVERSE_STABLE,158,1,13.384061709076377,-6.75,0.079918,SENT_ONCE,158,24.856551,6005703928870239,6005703953726790,8603,1,1,6005703954759639,6005703954784957,ACK_INSTALLED,6005703995791694,6005703995791694,6005703996364733,6005703996366563,6005703998637197,42.064904,42.064904,42.637943,2.272464,44.910407,67.494494,69.766958,True,True,True
ADVERSE_STABLE,159,1,14.405428995450304,-7.25,0.100537,SENT_ONCE,159,27.298135,6005704028837610,6005704056135745,8310,1,1,6005704057291234,6005704057314830,ACK_INSTALLED,6005704094016241,6005704094016241,6005704094486382,6005704094488539,6005704100865402,37.880496,37.880496,38.350637,6.37902,44.729657,65.648772,72.027792,True,True,True
ADVERSE_STABLE,160,1,14.783452190083036,-7.5,0.07304,SENT_ONCE,160,26.471281,6005704128850386,6005704155321667,6811,1,1,6005704156308768,6005704156333501,ACK_INSTALLED,6005704198043256,6005704198043256,6005704198439149,6005704198440922,6005704201247151,42.721589,42.721589,43.117482,2.808002,45.925484,69.588763,72.396765,True,True,True
ADVERSE_STABLE,161,1,15.218785622945756,-7.75,0.101442,SENT_ONCE,161,25.473127,6005704228833100,6005704254306227,4046,1,1,6005704254874030,6005704254897556,ACK_INSTALLED,6005704290170424,6005704290170424,6005704290547434,6005704290548999,6005704293443849,35.864197,35.864197,36.241207,2.896415,39.137622,61.714334,64.610749,True,True,True
ADVERSE_STABLE,162,1,13.828173066432319,-7.0,0.266726,SENT_ONCE,162,26.832036,6005704328840657,6005704355672693,8923,1,1,6005704356923382,6005704356953093,ACK_INSTALLED,6005704394179569,6005704394179569,6005704394582560,6005704394584222,6005704401488151,38.506876,38.506876,38.909867,6.905591,45.815458,65.741903,72.647494,True,True,True
ADVERSE_STABLE,163,1,15.926389291998591,-8.25,0.095955,SENT_ONCE,163,26.616723,6005704428844666,6005704455461389,9353,1,1,6005704456739626,6005704456765538,ACK_INSTALLED,6005704498628551,6005704498628551,6005704499037402,6005704499039184,6005704501467480,43.167162,43.167162,43.576013,2.430078,46.006091,70.192736,72.622814,True,True,True
ADVERSE_STABLE,164,1,13.828314694560241,-7.0,0.074943,SENT_ONCE,164,29.168026,6005704528836464,6005704558004490,15741,2,1,6005704559823755,6005704559854783,ACK_INSTALLED,6005704602668118,6005704603467362,6005704604263990,6005704604265638,6005704611217609,44.663628,45.462872,46.2595,6.953619,53.213119,75.427526,82.381145,True,True,True
ADVERSE_STABLE,165,1,11.65429288511119,-5.75,0.113988,SENT_ONCE,165,29.400317,6005704628937929,6005704658338246,14221,2,1,6005704659876684,6005704659912133,ACK_INSTALLED,6005704708042004,6005704713237588,6005704713831085,6005704713832927,6005704716427602,49.703758,54.899342,55.492839,2.596517,58.089356,84.893156,87.489673,True,True,True
ADVERSE_STABLE,166,1,14.819894733477362,-7.5,0.100691,SENT_ONCE,166,28.328407,6005704728847131,6005704757175538,11407,1,1,6005704758561700,6005704758586258,ACK_INSTALLED,6005704795498634,6005704795498634,6005704796104251,6005704796106377,6005704802138516,38.323096,38.323096,38.928713,6.034265,44.962978,67.25712,73.291385,True,True,True
ADVERSE_STABLE,167,0,9.21866338440662,-4.5,0.106981,SENT_ONCE,167,24.967563,6005704828850579,6005704853818142,9258,1,1,6005704854913453,6005704854938492,ACK_INSTALLED,6005704928038793,6005704928038793,6005704928562549,6005704928564395,6005704935989983,74.220651,74.220651,74.744407,7.427434,82.171841,99.71197,107.139404,True,True,True
ADVERSE_STABLE,168,0,8.731111235785214,-4.25,0.081874,SENT_ONCE,168,25.291643,6005704928829095,6005704954120738,8566,1,1,6005704955239823,6005704955265594,ACK_INSTALLED,6005705002107418,6005705002107418,6005705002508831,6005705002511093,6005705008578265,47.98668,47.98668,48.388093,6.069434,54.457527,73.679736,79.74917,True,True,True
ADVERSE_STABLE,169,0,9.277847006596444,-4.5,0.108759,SENT_ONCE,169,28.100242,6005705028834126,6005705056934368,11260,1,1,6005705058384767,6005705058412845,ACK_INSTALLED,6005705097699087,6005705097699087,6005705098191141,6005705098193074,6005705105252690,40.764719,40.764719,41.256773,7.061549,48.318322,69.357015,76.418564,True,True,True
ADVERSE_STABLE,170,0,8.413066148572753,-4.0,0.074879,SENT_ONCE,170,26.464574,6005705128828590,6005705155293164,10641,1,1,6005705156609428,6005705156636068,ACK_INSTALLED,6005705200447945,6005705200447945,6005705200915473,6005705200917364,6005705208139626,45.154781,45.154781,45.622309,7.224153,52.846462,72.086883,79.311036,True,True,True
ADVERSE_STABLE,171,0,9.794904083104342,-4.75,0.091894,SENT_ONCE,171,24.667607,6005705228822279,6005705253489886,6709,1,1,6005705254493367,6005705254523310,ACK_INSTALLED,6005705291406800,6005705291406800,6005705291786309,6005705291788377,6005705299336987,37.916914,37.916914,38.296423,7.550678,45.847101,62.96403,70.514708,True,True,True
ADVERSE_STABLE,172,0,7.321458169429441,-3.5,0.103807,SENT_ONCE,172,25.574978,6005705328825906,6005705354400884,8246,1,1,6005705355561049,6005705355590599,ACK_INSTALLED,6005705420926842,6005705420926842,6005705421322192,6005705421324379,6005705428137701,66.525958,66.525958,66.921308,6.815509,73.736817,92.496286,99.311795,True,True,True
ADVERSE_STABLE,173,0,9.317792803120756,-4.5,0.089656,SENT_ONCE,173,26.178092,6005705428955914,6005705455134006,13886,2,1,6005705456973586,6005705457001598,ACK_INSTALLED,6005705493020872,6005705493763140,6005705494340442,6005705494342186,6005705499286085,37.886866,38.629134,39.206436,4.945643,44.152079,65.384528,70.330171,True,True,True
ADVERSE_STABLE,174,0,8.080954887833505,-3.75,0.11096,SENT_ONCE,174,24.763264,6005705528830307,6005705553593571,3917,1,1,6005705554157893,6005705554179488,ACK_INSTALLED,6005705588486666,6005705588486666,6005705588805599,6005705588807331,6005705591126383,34.893095,34.893095,35.212028,2.320784,37.532812,59.975292,62.296076,True,True,True
ADVERSE_STABLE,175,0,9.96430509548539,-5.0,0.084736,SENT_ONCE,175,25.539712,6005705628810949,6005705654350661,3678,1,1,6005705654861459,6005705654883574,ACK_INSTALLED,6005705690314985,6005705690314985,6005705690521919,6005705690523799,6005705696702501,35.964324,35.964324,36.171258,6.180582,42.35184,61.71097,67.891552,True,True,True
ADVERSE_STABLE,176,0,8.39432391603417,-4.0,0.094004,SENT_ONCE,176,24.557856,6005705728826422,6005705753384278,3369,1,1,6005705754069858,6005705754093102,ACK_INSTALLED,6005705788735942,6005705788735942,6005705788989534,6005705788991412,6005705795488385,35.351664,35.351664,35.605256,6.498851,42.104107,60.163112,66.661963,True,True,True
ADVERSE_STABLE,177,0,7.375556114570862,-3.5,0.066211,SENT_ONCE,177,24.45465,6005705828808619,6005705853263269,3373,1,1,6005705853763283,6005705853784201,ACK_INSTALLED,6005705896056221,6005705896056221,6005705896245257,6005705896247000,6005705901099721,42.792952,42.792952,42.981988,4.854464,47.836452,67.436638,72.291102,True,True,True
ADVERSE_STABLE,178,0,11.319220030107234,-5.75,0.097355,SENT_ONCE,178,25.254751,6005705928817125,6005705954071876,3041,1,1,6005705954548629,6005705954567597,ACK_INSTALLED,6005705989304498,6005705989304498,6005705989490871,6005705989492869,6005705991400735,35.232622,35.232622,35.418995,1.909864,37.328859,60.673746,62.58361,True,True,True
ADVERSE_STABLE,179,0,7.148833790361833,-3.25,0.073355,SENT_ONCE,179,26.262031,6005706028812568,6005706055074599,5835,1,1,6005706055981773,6005706056004874,ACK_INSTALLED,6005706109293736,6005706109293736,6005706109606559,6005706109608457,6005706115326855,54.219137,54.219137,54.53196,5.720296,60.252256,80.793991,86.514287,True,True,True
ADVERSE_STABLE,180,0,7.6074946814360125,-3.5,0.084818,SENT_ONCE,180,24.932354,6005706128807692,6005706153740046,9146,1,1,6005706154808283,6005706154833328,ACK_INSTALLED,6005706182180897,6005706182180897,6005706182692830,6005706182694954,6005706188380934,28.440851,28.440851,28.952784,5.688104,34.640888,53.885138,59.573242,True,True,True
ADVERSE_STABLE,181,0,6.91999688938,-3.25,0.071645,SENT_ONCE,181,25.1132,6005706228799836,6005706253913036,7390,1,1,6005706254870392,6005706254894750,ACK_INSTALLED,6005706298799349,6005706298799349,6005706299191636,6005706299193239,6005706304910634,44.886313,44.886313,45.2786,5.718998,50.997598,70.3918,76.110798,True,True,True
ADVERSE_STABLE,182,0,9.121586611063162,-4.5,0.091084,SENT_ONCE,182,26.566905,6005706328802335,6005706355369240,10976,1,1,6005706357118437,6005706357151115,ACK_INSTALLED,6005706392351109,6005706392351109,6005706392919943,6005706392921882,6005706400598466,36.981869,36.981869,37.550703,7.678523,45.229226,64.117608,71.796131,True,True,True
ADVERSE_STABLE,183,0,9.479467357548517,-4.75,0.084103,SENT_ONCE,183,26.678535,6005706428904551,6005706455583086,9209,1,1,6005706456850455,6005706456880018,ACK_INSTALLED,6005706488894254,6005706488894254,6005706489368769,6005706489370864,6005706495337877,33.311168,33.311168,33.785683,5.969108,39.754791,60.464218,66.433326,True,True,True
ADVERSE_STABLE,184,0,8.963384925893983,-4.25,0.098977,SENT_ONCE,184,26.406539,6005706528798490,6005706555205029,14467,2,1,6005706557369886,6005706557509736,ACK_INSTALLED,6005706592670048,6005706593618637,6005706594802991,6005706594804752,6005706599777229,37.465019,38.413608,39.597962,4.974238,44.5722,66.004501,70.978739,True,True,True
ADVERSE_STABLE,185,0,9.41725602502748,-4.5,0.068788,SENT_ONCE,185,25.22461,6005706628807024,6005706654031634,12797,2,1,6005706655605038,6005706655630995,ACK_INSTALLED,6005706690839664,6005706690897619,6005706691422860,6005706691424688,6005706697228915,36.80803,36.865985,37.391226,5.806055,43.197281,62.615836,68.421891,True,True,True
ADVERSE_STABLE,186,0,7.070544876270581,-3.25,0.088359,SENT_ONCE,186,26.223201,6005706728821635,6005706755044836,4889,1,1,6005706755787203,6005706755808675,ACK_INSTALLED,6005706803740482,6005706803740482,6005706804007904,6005706804009845,6005706808366956,48.695646,48.695646,48.963068,4.359052,53.32212,75.186269,79.545321,True,True,True
ADVERSE_STABLE,187,0,6.779945597274992,-3.25,0.066354,SENT_ONCE,187,25.269406,6005706828810838,6005706854080244,11223,1,1,6005706855441517,6005706855467043,ACK_INSTALLED,6005706894655727,6005706894655727,6005706895298022,6005706895300141,6005706900648576,40.575483,40.575483,41.217778,5.350554,46.568332,66.487184,71.837738,True,True,True
ADVERSE_STABLE,188,0,9.483898298157635,-4.75,0.083851,SENT_ONCE,188,27.918673,6005706928803576,6005706956722249,14905,2,1,6005706958326685,6005706958354785,ACK_INSTALLED,6005706995049736,6005706995382970,6005706996032830,6005706996034610,6005707002071473,38.327487,38.660721,39.310581,6.038643,45.349224,67.229254,73.267897,True,True,True
ADVERSE_STABLE,189,0,9.60325013432596,-4.75,0.087669,SENT_ONCE,189,28.87592,6005707028783679,6005707057659599,14292,2,1,6005707059203319,6005707059250619,ACK_INSTALLED,6005707095055973,6005707095849549,6005707096457821,6005707096459836,6005707101746735,37.396374,38.18995,38.798222,5.288914,44.087136,67.674142,72.963056,True,True,True
ADVERSE_STABLE,190,0,9.129392406641703,-4.5,0.08176,SENT_ONCE,190,27.069221,6005707128789341,6005707155858562,9488,1,1,6005707156959913,6005707157001098,ACK_INSTALLED,6005707195146951,6005707195146951,6005707195656153,6005707195657840,6005707202350552,39.288389,39.288389,39.797591,6.694399,46.49199,66.866812,73.561211,True,True,True
ADVERSE_STABLE,191,0,7.465490414716564,-3.5,0.076263,SENT_ONCE,191,27.904823,6005707228794281,6005707256699104,12447,1,1,6005707258091267,6005707258135295,ACK_INSTALLED,6005707293479174,6005707293479174,6005707294088572,6005707294090436,6005707299830667,36.78007,36.78007,37.389468,5.742095,43.131563,65.294291,71.036386,True,True,True
ADVERSE_STABLE,192,0,8.72021387148274,-4.25,0.119428,SENT_ONCE,192,29.057777,6005707329458412,6005707358516189,16845,2,1,6005707360338622,6005707360369311,ACK_INSTALLED,6005707393191396,6005707393874944,6005707394580636,6005707394582515,6005707400177127,34.675207,35.358755,36.064447,5.596491,41.660938,65.122224,70.718715,True,True,True
ADVERSE_STABLE,193,0,8.618261306124486,-4.0,0.090627,SENT_ONCE,193,29.07484,6005707428794910,6005707457869750,10325,1,1,6005707459115416,6005707459141843,ACK_INSTALLED,6005707492137291,6005707492137291,6005707492700416,6005707492702353,6005707499093624,34.267541,34.267541,34.830666,6.393208,41.223874,63.905506,70.298714,True,True,True
ADVERSE_STABLE,194,0,7.494901745904113,-3.5,0.073411,SENT_ONCE,194,26.130716,6005707528811692,6005707554942408,9093,1,1,6005707556010878,6005707556035169,ACK_INSTALLED,6005707594418224,6005707594418224,6005707594907422,6005707594909137,6005707601436878,39.475816,39.475816,39.965014,6.529456,46.49447,66.09573,72.625186,True,True,True
ADVERSE_STABLE,195,0,9.426218295856758,-4.5,0.0694,SENT_ONCE,195,26.164326,6005707640169452,6005707666333778,11794,1,1,6005707667935664,6005707667959217,ACK_INSTALLED,6005707709332491,6005707709332491,6005707710463748,6005707710465926,6005707715697559,42.998713,42.998713,44.12997,5.233811,49.363781,70.294296,75.528107,True,True,True
ADVERSE_STABLE,196,0,7.647263035189406,-3.5,0.12111,SENT_ONCE,196,26.47338,6005707728837578,6005707755310958,10895,1,1,6005707756654517,6005707756702063,ACK_INSTALLED,6005707793914650,6005707793914650,6005707794483407,6005707794485926,6005707800689444,38.603692,38.603692,39.172449,6.206037,45.378486,65.645829,71.851866,True,True,True
ADVERSE_STABLE,197,0,10.090257952132859,-5.0,0.087839,SENT_ONCE,197,25.394015,6005707828802128,6005707854196143,7744,1,1,6005707855106703,6005707855169588,ACK_INSTALLED,6005707890863069,6005707890863069,6005707891267082,6005707891268830,6005707898156130,36.666926,36.666926,37.070939,6.889048,43.959987,62.464954,69.354002,True,True,True
ADVERSE_STABLE,198,0,8.051469010690345,-3.75,0.071556,SENT_ONCE,198,27.024539,6005707928798740,6005707955823279,10692,1,1,6005707957095562,6005707957120972,ACK_INSTALLED,6005707994392640,6005707994392640,6005707994939819,6005707994941427,6005708001186975,38.569361,38.569361,39.11654,6.247156,45.363696,66.141079,72.388235,True,True,True
ADVERSE_STABLE,199,0,7.903582653171533,-3.75,0.101436,SENT_ONCE,199,27.54453,6005708028801378,6005708056345908,5862,1,1,6005708057245946,6005708057267614,ACK_INSTALLED,6005708091661186,6005708091661186,6005708092014504,6005708092016555,6005708099110707,35.315278,35.315278,35.668596,7.096203,42.764799,63.213126,70.309329,True,True,True
ADVERSE_STABLE,200,0,8.96689671421292,-4.25,0.073334,SENT_ONCE,200,26.246387,6005708128785648,6005708155032035,8485,1,1,6005708156056081,6005708156078062,ACK_INSTALLED,6005708189404598,6005708189404598,6005708189864162,6005708189866334,6005708196436533,34.372563,34.372563,34.832127,6.572371,41.404498,61.078514,67.650885,True,True,True
ADVERSE_STABLE,201,0,6.870331869096395,-3.25,0.063563,SENT_ONCE,201,27.036005,6005708228782216,6005708255818221,5598,1,1,6005708256602388,6005708256622765,ACK_INSTALLED,6005708301933300,6005708301933300,6005708302219698,6005708302221637,6005708309098241,46.115079,46.115079,46.401477,6.878543,53.28002,73.437482,80.316025,True,True,True
ADVERSE_STABLE,202,0,10.685924480475496,-5.25,0.070472,SENT_ONCE,202,27.924625,6005708328783031,6005708356707656,7960,1,1,6005708357806998,6005708357838914,ACK_INSTALLED,6005708392144180,6005708392144180,6005708392608020,6005708392610330,6005708396267024,35.436524,35.436524,35.900364,3.659004,39.559368,63.824989,67.483993,True,True,True
ADVERSE_STABLE,203,0,8.60853000871791,-4.0,0.127708,SENT_ONCE,203,26.434588,6005708428776005,6005708455210593,9467,1,1,6005708456505157,6005708456531710,ACK_INSTALLED,6005708492033814,6005708492033814,6005708492817577,6005708492819815,6005708498501274,36.823221,36.823221,37.606984,5.683697,43.290681,64.041572,69.725269,True,True,True
ADVERSE_STABLE,204,0,9.009447409200082,-4.25,0.093292,SENT_ONCE,204,25.82572,6005708528802639,6005708554628359,12346,1,1,6005708556135230,6005708556160109,ACK_INSTALLED,6005708593098349,6005708593098349,6005708593665767,6005708593667756,6005708599479382,38.46999,38.46999,39.037408,5.813615,44.851023,64.863128,70.676743,True,True,True
ADVERSE_STABLE,205,0,6.947584949609604,-3.25,0.105991,SENT_ONCE,205,26.463344,6005708647927063,6005708674390407,11902,1,1,6005708675860152,6005708675888081,ACK_INSTALLED,6005708717913727,6005708717913727,6005708718448273,6005708718449978,6005708725181425,43.52332,43.52332,44.057866,6.733152,50.791018,70.52121,77.254362,True,True,True
ADVERSE_STABLE,206,0,8.011630609404918,-3.75,0.093436,SENT_ONCE,206,26.144611,6005708728792489,6005708754937100,13850,2,1,6005708756473088,6005708756503934,ACK_INSTALLED,6005708788751174,6005708789313085,6005708789981791,6005708789983953,6005708794767267,33.814074,34.375985,35.044691,4.785476,39.830167,61.189302,65.974778,True,True,True
ADVERSE_STABLE,207,0,9.354558817791753,-4.5,0.12144,SENT_ONCE,207,27.165095,6005708828806449,6005708855971544,12698,2,1,6005708857470934,6005708857499568,ACK_INSTALLED,6005708893276572,6005708893302043,6005708893854599,6005708893856279,6005708900393527,37.305028,37.330499,37.883055,6.538928,44.421983,65.04815,71.587078,True,True,True
ADVERSE_STABLE,208,0,8.671336122172514,-4.0,0.079426,SENT_ONCE,208,26.082398,6005708928943176,6005708955025574,9522,1,1,6005708956337811,6005708956364896,ACK_INSTALLED,6005708991944887,6005708991944887,6005708992384990,6005708992386773,6005708998720042,36.919313,36.919313,37.359416,6.335052,43.694468,63.441814,69.776866,True,True,True
ADVERSE_STABLE,209,0,9.270196773316517,-4.5,0.083674,SENT_ONCE,209,27.792291,6005709028883130,6005709056675421,8293,1,1,6005709057675637,6005709057701510,ACK_INSTALLED,6005709090577486,6005709090577486,6005709091092942,6005709091094794,6005709097972351,33.902065,33.902065,34.417521,6.879409,41.29693,62.209812,69.089221,True,True,True
ADVERSE_STABLE,210,0,8.929637451078339,-4.25,0.108648,SENT_ONCE,210,25.866379,6005709128793915,6005709154660294,8550,1,1,6005709155683391,6005709155708231,ACK_INSTALLED,6005709191634097,6005709191634097,6005709192143440,6005709192145248,6005709197861428,36.973803,36.973803,37.483146,5.717988,43.201134,63.349525,69.067513,True,True,True
ADVERSE_STABLE,211,0,7.422079024840694,-3.5,0.076931,SENT_ONCE,211,25.7694,6005709228769498,6005709254538898,9432,1,1,6005709255627656,6005709255653013,ACK_INSTALLED,6005709310315752,6005709310315752,6005709310856368,6005709310857981,6005709318441805,55.776854,55.776854,56.31747,7.585437,63.902907,82.08687,89.672307,True,True,True
ADVERSE_STABLE,212,0,8.306691289860268,-4.0,0.104363,SENT_ONCE,212,25.781079,6005709328860215,6005709354641294,12640,2,1,6005709356060140,6005709356088822,ACK_INSTALLED,6005709388852337,6005709388904329,6005709389648182,6005709389649948,6005709395532790,34.211043,34.263035,35.006888,5.884608,40.891496,60.787967,66.672575,True,True,True
ADVERSE_STABLE,213,0,8.565787515684324,-4.0,0.068649,SENT_ONCE,213,27.349546,6005709428790176,6005709456139722,10361,1,1,6005709457321014,6005709457351852,ACK_INSTALLED,6005709492374044,6005709492374044,6005709492924673,6005709492926236,6005709498705199,36.234322,36.234322,36.784951,5.780526,42.565477,64.134497,69.915023,True,True,True
ADVERSE_STABLE,214,0,8.923729464212393,-4.25,0.079265,SENT_ONCE,214,26.018752,6005709528896439,6005709554915191,6707,1,1,6005709555900081,6005709555925343,ACK_INSTALLED,6005709587368521,6005709587368521,6005709587728433,6005709587730119,6005709591062661,32.45333,32.45333,32.813242,3.334228,36.14747,58.831994,62.166222,True,True,True
ADVERSE_STABLE,215,0,8.383178666241658,-4.0,0.101896,SENT_ONCE,215,25.583795,6005709653047207,6005709678631002,7574,1,1,6005709679534840,6005709679560293,ACK_INSTALLED,6005709713072086,6005709713072086,6005709713487911,6005709713489922,6005709719644558,34.441084,34.441084,34.856909,6.156647,41.013556,60.440704,66.597351,True,True,True
ADVERSE_STABLE,216,0,5.537339983992278,-2.25,0.086701,SENT_ONCE,216,26.617371,6005709728884795,6005709755502166,6155,1,1,6005709756322219,6005709756346970,ACK_INSTALLED,6005709878815505,6005709878815505,6005709879116445,6005709879117968,6005709885635071,123.313339,123.313339,123.614279,6.518626,130.132905,150.23165,156.750276,False,True,True
ADVERSE_STABLE,217,0,6.476346922938516,-3.0,0.081658,SENT_ONCE,217,28.718481,6005709828917290,6005709857635771,15202,2,1,6005709859357306,6005709859384761,ACK_INSTALLED,6005709879842642,6005709880330237,6005709880879880,6005709880880971,6005709885688012,22.206871,22.694466,23.244109,4.808132,28.052241,51.96259,56.770722,True,True,True
ADVERSE_STABLE,218,0,11.011475382554849,-5.5,0.060798,SENT_ONCE,218,25.916378,6005709928753439,6005709954669817,15877,2,1,6005709956448257,6005709956476845,ACK_INSTALLED,6005709990295223,6005709991011586,6005709991859038,6005709991860752,6005709996756167,35.625406,36.341769,37.189221,4.897129,42.08635,63.105599,68.002728,True,True,True
ADVERSE_STABLE,219,0,9.361891828925923,-4.5,0.071315,SENT_ONCE,219,29.7374,6005710028784525,6005710058521925,16111,2,1,6005710060392617,6005710060422250,ACK_INSTALLED,6005710094977615,6005710095418661,6005710096298535,6005710096300322,6005710101879549,36.45569,36.896736,37.77661,5.581014,43.357624,67.51401,73.095024,True,True,True
ADVERSE_STABLE,220,0,8.409413888694539,-4.0,0.073299,SENT_ONCE,220,29.16237,6005710128770399,6005710157932769,19816,2,1,6005710160146595,6005710160177987,ACK_INSTALLED,6005710198244516,6005710198916231,6005710199865146,6005710199866915,6005710205412889,40.311747,40.983462,41.932377,5.547743,47.48012,71.094747,76.64249,True,True,True
ADVERSE_STABLE,221,0,7.284083999944649,-3.5,0.063208,SENT_ONCE,221,26.343882,6005710228790677,6005710255134559,10127,1,1,6005710256993575,6005710257016870,ACK_INSTALLED,6005710303446833,6005710303446833,6005710303908110,6005710303909792,6005710307282224,48.312274,48.312274,48.773551,3.374114,52.147665,75.117433,78.491547,True,True,True
ADVERSE_STABLE,222,0,6.505714448653196,-3.0,0.06992,SENT_ONCE,222,27.14877,6005710328761237,6005710355910007,11911,1,1,6005710358134713,6005710358158216,ACK_INSTALLED,6005710465066751,6005710465066751,6005710465618793,6005710465620612,6005710471688163,109.156744,109.156744,109.708786,6.06937,115.778156,136.857556,142.926926,True,True,True
ADVERSE_STABLE,223,0,7.896453152325956,-3.75,0.071664,SENT_ONCE,223,28.273563,6005710428748752,6005710457022315,10139,1,1,6005710458382950,6005710458421431,ACK_INSTALLED,6005710471234098,6005710471234098,6005710471800208,6005710471801358,6005710474466078,14.211783,14.211783,14.777893,2.66587,17.443763,43.051456,45.717326,True,True,True
ADVERSE_STABLE,224,0,7.139946293965317,-3.25,0.082936,SENT_ONCE,224,25.717489,6005710528753974,6005710554471463,11085,1,1,6005710555740109,6005710555766375,ACK_INSTALLED,6005710590388444,6005710590388444,6005710591006167,6005710591007900,6005710598121270,35.916981,35.916981,36.534704,7.115103,43.649807,62.252193,69.367296,True,True,True
ADVERSE_STABLE,225,0,8.421856035700023,-4.0,0.066155,SENT_ONCE,225,28.953494,6005710628762160,6005710657715654,14089,2,1,6005710659268177,6005710659295005,ACK_INSTALLED,6005710694472619,6005710695166277,6005710695751153,6005710695752784,6005710701554818,36.756965,37.450623,38.035499,5.803665,43.839164,66.988993,72.792658,True,True,True
ADVERSE_STABLE,226,0,6.733122881047984,-3.0,0.093729,SENT_ONCE,226,29.248848,6005710728760031,6005710758008879,8870,1,1,6005710759129699,6005710759151318,ACK_INSTALLED,6005710801342308,6005710801342308,6005710801886774,6005710801888685,6005710808187233,43.333429,43.333429,43.877895,6.300459,50.178354,73.126743,79.427202,True,True,True
ADVERSE_STABLE,227,0,8.147090822467868,-3.75,0.068885,SENT_ONCE,227,24.834852,6005710828762655,6005710853597507,7354,1,1,6005710854542249,6005710854562802,ACK_INSTALLED,6005710890801971,6005710890801971,6005710891200464,6005710891202361,6005710893089467,37.204464,37.204464,37.602957,1.889003,39.49196,62.437809,64.326812,True,True,True
ADVERSE_STABLE,228,0,9.332095813813321,-4.5,0.106533,SENT_ONCE,228,25.433397,6005710928754350,6005710954187747,8192,1,1,6005710955195544,6005710955215813,ACK_INSTALLED,6005710994492650,6005710994492650,6005710994875596,6005710994877379,6005711000273093,40.304903,40.304903,40.687849,5.397497,46.085346,66.121246,71.518743,True,True,True
ADVERSE_STABLE,229,0,8.134488534178804,-3.75,0.117676,SENT_ONCE,229,26.235568,6005711028749520,6005711054985088,6170,1,1,6005711055810296,6005711055831172,ACK_INSTALLED,6005711089426963,6005711089426963,6005711089747690,6005711089749643,6005711092106306,34.441875,34.441875,34.762602,2.358616,37.121218,60.99817,63.356786,True,True,True
ADVERSE_STABLE,230,0,7.297410299404362,-3.5,0.070691,SENT_ONCE,230,28.10293,6005711128771123,6005711156874053,10929,1,1,6005711158251935,6005711158278337,ACK_INSTALLED,6005711193816568,6005711193816568,6005711194295997,6005711194297945,6005711199897092,36.942515,36.942515,37.421944,5.601095,43.023039,65.524874,71.125969,True,True,True
ADVERSE_STABLE,231,0,7.588129953056035,-3.5,0.054907,SENT_ONCE,231,26.85473,6005711228750555,6005711255605285,8258,1,1,6005711256653420,6005711256675695,ACK_INSTALLED,6005711290164303,6005711290164303,6005711290736679,6005711290738609,6005711296334246,34.559018,34.559018,35.131394,5.597567,40.728961,61.986124,67.583691,True,True,True
ADVERSE_STABLE,232,0,8.580049335377678,-4.0,0.069654,SENT_ONCE,232,23.723952,6005711328751168,6005711352475120,5809,1,1,6005711353251651,6005711353271673,ACK_INSTALLED,6005711389205934,6005711389205934,6005711389599851,6005711389601565,6005711391640812,36.730814,36.730814,37.124731,2.040961,39.165692,60.848683,62.889644,True,True,True
ADVERSE_STABLE,233,0,8.0995592521253,-3.75,0.125808,SENT_ONCE,233,27.665681,6005711428743346,6005711456409027,15322,2,1,6005711458097203,6005711458123378,ACK_INSTALLED,6005711501384000,6005711501687490,6005711502481443,6005711502483046,6005711507861029,44.974973,45.278463,46.072416,5.379586,51.452002,73.738097,79.117683,True,True,True
ADVERSE_STABLE,234,0,7.962484725153383,-3.75,0.088887,SENT_ONCE,234,26.549831,6005711528745936,6005711555295767,16061,2,1,6005711557179197,6005711557236397,ACK_INSTALLED,6005711591485236,6005711592049705,6005711592817797,6005711592819553,6005711598180098,36.189469,36.753938,37.52203,5.362301,42.884331,64.071861,69.434162,True,True,True
ADVERSE_STABLE,235,0,8.15933279383984,-3.75,0.155012,SENT_ONCE,235,27.642499,6005711628750386,6005711656392885,15230,2,1,6005711658325262,6005711658353724,ACK_INSTALLED,6005711694313139,6005711695016653,6005711695792481,6005711695794414,6005711700694339,37.920254,38.623768,39.399596,4.901858,44.301454,67.042095,71.943953,True,True,True
ADVERSE_STABLE,236,0,8.975553659157683,-4.25,0.085902,SENT_ONCE,236,27.802317,6005711728743003,6005711756545320,10670,1,1,6005711757803684,6005711757827805,ACK_INSTALLED,6005711790979376,6005711790979376,6005711791484686,6005711791486794,6005711797013236,34.434056,34.434056,34.939366,5.52855,40.467916,62.741683,68.270233,True,True,True
ADVERSE_STABLE,237,0,10.013519160728883,-5.0,0.063246,SENT_ONCE,237,27.524207,6005711828743133,6005711856267340,11322,1,1,6005711857599590,6005711857623556,ACK_INSTALLED,6005711894108116,6005711894108116,6005711894609492,6005711894611346,6005711900637317,37.840776,37.840776,38.342152,6.027825,44.369977,65.866359,71.894184,True,True,True
ADVERSE_STABLE,238,0,8.498328943974396,-4.0,0.079595,SENT_ONCE,238,26.490894,6005711928773823,6005711955264717,15980,2,1,6005711957020667,6005711957046815,ACK_INSTALLED,6005711990386114,6005711990921512,6005711991597115,6005711991599006,6005711996456826,35.121397,35.656795,36.332398,4.859711,41.192109,62.823292,67.683003,True,True,True
ADVERSE_STABLE,239,0,7.918437426853685,-3.75,0.064697,SENT_ONCE,239,25.738733,6005712028745572,6005712054484305,7646,1,1,6005712055455539,6005712055478981,ACK_INSTALLED,6005712093585769,6005712093585769,6005712094135488,6005712094137194,6005712100145873,39.101464,39.101464,39.651183,6.010385,45.661568,65.389916,71.400301,True,True,True
ADVERSE_STABLE,240,0,7.558030880548934,-3.5,0.062109,SENT_ONCE,240,27.472336,6005712128751729,6005712156224065,11460,1,1,6005712157749237,6005712157781114,ACK_INSTALLED,6005712197714248,6005712197714248,6005712198207487,6005712198209081,6005712205117827,41.490183,41.490183,41.983422,6.91034,48.893762,69.455758,76.366098,True,True,True
ADVERSE_STABLE,241,0,8.40347094121433,-4.0,0.095448,SENT_ONCE,241,26.54518,6005712228778130,6005712255323310,12517,2,1,6005712256799961,6005712256829211,ACK_INSTALLED,6005712291330232,6005712291391487,6005712291941915,6005712291943696,6005712297630719,36.006922,36.068177,36.618605,5.688804,42.307409,63.163785,68.852589,True,True,True
ADVERSE_STABLE,242,0,7.241016335771981,-3.25,0.091457,SENT_ONCE,242,25.361829,6005712328766222,6005712354128051,7065,1,1,6005712355056257,6005712355078305,ACK_INSTALLED,6005712394009335,6005712394009335,6005712394348248,6005712394349992,6005712400997370,39.881284,39.881284,40.220197,6.649122,46.869319,65.582026,72.231148,True,True,True
ADVERSE_STABLE,243,0,8.957234362013137,-4.25,0.062157,SENT_ONCE,243,24.940094,6005712428731327,6005712453671421,6738,1,1,6005712454570614,6005712454593081,ACK_INSTALLED,6005712493801362,6005712493801362,6005712494218522,6005712494220369,6005712496221932,40.129941,40.129941,40.547101,2.00341,42.550511,65.487195,67.490605,True,True,True
ADVERSE_STABLE,244,0,8.883865192590026,-4.25,0.094579,SENT_ONCE,244,23.893154,6005712528735971,6005712552629125,3393,1,1,6005712553145011,6005712553167780,ACK_INSTALLED,6005712585063857,6005712585063857,6005712585287807,6005712585289827,6005712587678208,32.434732,32.434732,32.658682,2.390401,35.049083,56.551836,58.942237,True,True,True
ADVERSE_STABLE,245,0,8.926426698331866,-4.25,0.08243,SENT_ONCE,245,26.105656,6005712628848833,6005712654954489,11988,1,1,6005712656297893,6005712656324511,ACK_INSTALLED,6005712688897269,6005712688897269,6005712689604557,6005712689606157,6005712694959357,33.94278,33.94278,34.650068,5.3548,40.004868,60.755724,66.110524,True,True,True
ADVERSE_STABLE,246,0,7.922268202279668,-3.75,0.071543,SENT_ONCE,246,25.881957,6005712741189514,6005712767071471,10922,1,1,6005712768396075,6005712768421222,ACK_INSTALLED,6005712806761580,6005712806761580,6005712807287613,6005712807289750,6005712813050383,39.690109,39.690109,40.216142,5.76277,45.978912,66.098099,71.860869,True,True,True
ADVERSE_STABLE,247,0,9.815876915627477,-5.0,0.065066,SENT_ONCE,247,27.104685,6005712828689317,6005712855794002,12428,1,1,6005712857308119,6005712857332775,ACK_INSTALLED,6005712889933621,6005712889933621,6005712890497857,6005712890500044,6005712896380097,34.139619,34.139619,34.703855,5.88224,40.586095,61.80854,67.69078,True,True,True
ADVERSE_STABLE,248,0,7.483046445638035,-3.5,0.065782,SENT_ONCE,248,27.045625,6005712928735503,6005712955781128,10678,1,1,6005712957139971,6005712957164635,ACK_INSTALLED,6005712993814652,6005712993814652,6005712994315888,6005712994317350,6005713000492455,38.033524,38.033524,38.53476,6.176567,44.711327,65.580385,71.756952,True,True,True
ADVERSE_STABLE,249,0,8.190838667602584,-3.75,0.082472,SENT_ONCE,249,27.843752,6005713028731780,6005713056575532,15687,2,1,6005713058384882,6005713058412380,ACK_INSTALLED,6005713096902204,6005713097536458,6005713098186630,6005713098188561,6005713103591985,40.326672,40.960926,41.611098,5.405355,47.016453,69.45485,74.860205,True,True,True
ADVERSE_STABLE,250,0,7.5953340622351675,-3.5,0.089246,SENT_ONCE,250,25.961942,6005713128733987,6005713154695929,12276,1,1,6005713156309485,6005713156340588,ACK_INSTALLED,6005713194132888,6005713194132888,6005713194695611,6005713194697422,6005713200286290,39.436959,39.436959,39.999682,5.590679,45.590361,65.961624,71.552303,True,True,True
ADVERSE_STABLE,251,0,11.627365681977482,-5.75,0.126987,SENT_ONCE,251,27.010304,6005713228709564,6005713255719868,9115,1,1,6005713256971402,6005713256996721,ACK_INSTALLED,6005713292977905,6005713292977905,6005713293447302,6005713293449206,6005713299998997,37.258037,37.258037,37.727434,6.551695,44.279129,64.737738,71.289433,True,True,True
ADVERSE_STABLE,252,0,6.599236364105099,-3.0,0.1237,SENT_ONCE,252,25.918743,6005713328775414,6005713354694157,6144,1,1,6005713356132668,6005713356661872,ACK_INSTALLED,6005713427061049,6005713427061049,6005713427382622,6005713427384290,6005713433691121,72.366892,72.366892,72.688465,6.308499,78.996964,98.607208,104.915707,True,True,True
ADVERSE_STABLE,253,0,7.155500030106418,-3.25,0.068938,SENT_ONCE,253,27.982013,6005713428718310,6005713456700323,7333,1,1,6005713457647869,6005713457669385,ACK_INSTALLED,6005713544451798,6005713544451798,6005713544810370,6005713544811998,6005713547272267,87.751475,87.751475,88.110047,2.461897,90.571944,116.09206,118.553957,True,True,True
ADVERSE_STABLE,254,0,7.853980185259068,-3.75,0.074055,SENT_ONCE,254,26.513963,6005713528783500,6005713555297463,11425,1,1,6005713556726107,6005713556747669,ACK_INSTALLED,6005713590403367,6005713590403367,6005713590948735,6005713590950830,6005713595934172,35.105904,35.105904,35.651272,4.985437,40.636709,62.165235,67.150672,True,True,True
ADVERSE_STABLE,255,0,8.538053388892248,-4.0,0.063589,SENT_ONCE,255,25.697749,6005713628724917,6005713654422666,8479,1,1,6005713655491426,6005713655515062,ACK_INSTALLED,6005713689956255,6005713689956255,6005713690389822,6005713690391559,6005713696571482,35.533589,35.533589,35.967156,6.18166,42.148816,61.664905,67.846565,True,True,True
ADVERSE_STABLE,256,0,6.372168005928353,-3.0,0.095418,SENT_ONCE,256,25.478711,6005713751735966,6005713777214677,6654,1,1,6005713778131419,6005713778177300,ACK_INSTALLED,6005713817824589,6005713817824589,6005713818159382,6005713818161190,6005713822972375,40.609912,40.609912,40.944705,4.812993,45.757698,66.423416,71.236409,True,True,True
ADVERSE_STABLE,257,0,8.101218090011017,-3.75,0.103854,SENT_ONCE,257,25.503727,6005713828730748,6005713854234475,8844,1,1,6005713855385814,6005713855426542,ACK_INSTALLED,6005713892681614,6005713892681614,6005713893120438,6005713893122150,6005713897534953,38.447139,38.447139,38.885963,4.414515,43.300478,64.38969,68.804205,True,True,True
ADVERSE_STABLE,258,0,8.969298174885385,-4.25,0.06948,SENT_ONCE,258,25.789499,6005713928716220,6005713954505719,6748,1,1,6005713955346203,6005713955387111,ACK_INSTALLED,6005713988069208,6005713988069208,6005713988419632,6005713988421611,6005713990975154,33.563489,33.563489,33.913913,2.555522,36.469435,59.703412,62.258934,True,True,True
ADVERSE_STABLE,259,0,9.313683803159039,-4.5,0.122585,SENT_ONCE,259,28.156841,6005714028760495,6005714056917336,11951,1,1,6005714058328598,6005714058352937,ACK_INSTALLED,6005714090400126,6005714090400126,6005714091001456,6005714091003041,6005714096205825,33.48279,33.48279,34.08412,5.204369,39.288489,62.240961,67.44533,True,True,True
ADVERSE_STABLE,260,0,7.438228568779131,-3.5,0.065157,SENT_ONCE,260,26.480349,6005714128717104,6005714155197453,11310,1,1,6005714156593688,6005714156616659,ACK_INSTALLED,6005714191353448,6005714191353448,6005714191922419,6005714191924011,6005714197248930,36.155995,36.155995,36.724966,5.326511,42.051477,63.205315,68.531826,True,True,True
ADVERSE_STABLE,261,0,7.683795894232032,-3.5,0.105945,SENT_ONCE,261,28.549807,6005714228713110,6005714257262917,8639,1,1,6005714258443229,6005714258465622,ACK_INSTALLED,6005714286045599,6005714286045599,6005714286531931,6005714286533885,6005714293121772,28.782682,28.782682,29.269014,6.589841,35.858855,57.818821,64.408662,True,True,True
ADVERSE_STABLE,262,0,11.177747419689767,-5.5,0.075712,SENT_ONCE,262,26.722373,6005714328706038,6005714355428411,13222,2,1,6005714356879829,6005714356909106,ACK_INSTALLED,6005714384920101,6005714384973096,6005714385535038,6005714385536991,6005714390788590,29.49169,29.544685,30.106627,5.253552,35.360179,56.829,62.082552,True,True,True
ADVERSE_STABLE,263,0,9.92996588308851,-5.0,0.131672,SENT_ONCE,263,27.061897,6005714428717508,6005714455779405,15414,2,1,6005714457419834,6005714457449351,ACK_INSTALLED,6005714485276321,6005714485907685,6005714486565281,6005714486566989,6005714491342250,29.496916,30.12828,30.785876,4.776969,35.562845,57.847773,62.624742,True,True,True
ADVERSE_STABLE,264,0,9.170930904223157,-4.5,0.09098,SENT_ONCE,264,26.514597,6005714528717661,6005714555232258,11314,1,1,6005714556606336,6005714556630128,ACK_INSTALLED,6005714587220811,6005714587220811,6005714587801429,6005714587803291,6005714592596488,31.988553,31.988553,32.569171,4.795059,37.36423,59.083768,63.878827,True,True,True
ADVERSE_STABLE,265,0,8.744801471170906,-4.25,0.076141,SENT_ONCE,265,27.256947,6005714628710823,6005714655967770,13035,2,1,6005714657407916,6005714657437321,ACK_INSTALLED,6005714698324910,6005714698403732,6005714698939996,6005714698941669,6005714704408916,42.35714,42.435962,42.972226,5.46892,48.441146,70.229173,75.698093,True,True,True
ADVERSE_STABLE,266,0,8.580655587669934,-4.0,0.076907,SENT_ONCE,266,28.260105,6005714751512247,6005714779772352,14434,2,1,6005714782777563,6005714782809148,ACK_INSTALLED,6005714819162855,6005714819904924,6005714820525097,6005714820526817,6005714827461186,39.390503,40.132572,40.752745,6.936089,47.688834,69.01285,75.948939,True,True,True
ADVERSE_STABLE,267,0,10.097700029661151,-5.0,0.123785,SENT_ONCE,267,26.165241,6005714828703455,6005714854868696,11511,1,1,6005714856173604,6005714856196499,ACK_INSTALLED,6005714896649171,6005714896649171,6005714897203182,6005714897205357,6005714903956169,41.780475,41.780475,42.334486,6.752987,49.087473,68.499727,75.252714,True,True,True
ADVERSE_STABLE,268,0,9.563145454866168,-4.75,0.097935,SENT_ONCE,268,31.390314,6005714928709483,6005714960099797,13667,2,1,6005714961580453,6005714961608731,ACK_INSTALLED,6005714998023536,6005714998053589,6005714998635813,6005714998637397,6005715004266200,37.923739,37.953792,38.536016,5.630387,44.166403,69.92633,75.556717,True,True,True
ADVERSE_STABLE,269,0,7.8484938709678564,-3.75,0.109705,SENT_ONCE,269,26.336427,6005715028874954,6005715055211381,12247,1,1,6005715056669479,6005715056695718,ACK_INSTALLED,6005715097173234,6005715097173234,6005715097729630,6005715097731377,6005715103742059,41.961853,41.961853,42.518249,6.012429,48.530678,68.854676,74.867105,True,True,True
ADVERSE_STABLE,270,0,8.016743453854986,-3.75,0.103711,SENT_ONCE,270,27.288929,6005715128722775,6005715156011704,15411,2,1,6005715157798581,6005715157827081,ACK_INSTALLED,6005715204883637,6005715205540335,6005715206267082,6005715206269159,6005715210998898,48.871933,49.528631,50.255378,4.731816,54.987194,77.544307,82.276123,True,True,True
ADVERSE_STABLE,271,0,8.748981899155142,-4.25,0.079511,SENT_ONCE,271,31.319045,6005715228716270,6005715260035315,15638,2,1,6005715261689314,6005715261719169,ACK_INSTALLED,6005715297411978,6005715297894419,6005715298570299,6005715298572179,6005715304800666,37.376663,37.859104,38.534984,6.230367,44.765351,69.854029,76.084396,True,True,True
ADVERSE_STABLE,272,0,7.520625693270985,-3.5,0.077302,SENT_ONCE,272,25.569175,6005715328825464,6005715354394639,8903,1,1,6005715355423663,6005715355449340,ACK_INSTALLED,6005715392521924,6005715392521924,6005715392989608,6005715392991358,6005715398742274,38.127285,38.127285,38.594969,5.752666,44.347635,64.164144,69.91681,True,True,True
ADVERSE_STABLE,273,0,7.593329836153573,-3.5,0.088848,SENT_ONCE,273,25.397863,6005715428691366,6005715454089229,10047,1,1,6005715455213746,6005715455238863,ACK_INSTALLED,6005715490927637,6005715490927637,6005715491401484,6005715491403040,6005715497700234,36.838408,36.838408,37.312255,6.29875,43.611005,62.710118,69.008868,True,True,True
ADVERSE_STABLE,274,0,6.83995686032605,-3.25,0.096775,SENT_ONCE,274,26.720536,6005715528850837,6005715555571373,11206,1,1,6005715556921598,6005715556949071,ACK_INSTALLED,6005715593170631,6005715593170631,6005715593664326,6005715593666149,6005715600025891,37.599258,37.599258,38.092953,6.361565,44.454518,64.813489,71.175054,True,True,True
ADVERSE_STABLE,275,0,8.199649594902057,-3.75,0.089725,SENT_ONCE,275,27.410272,6005715628808697,6005715656218969,15198,2,1,6005715658020766,6005715658049536,ACK_INSTALLED,6005715680271403,6005715681099119,6005715681746849,6005715681748719,6005715687105898,24.052434,24.88015,25.52788,5.359049,30.886929,52.938152,58.297201,True,True,True
ADVERSE_STABLE,276,0,10.240817899887169,-5.0,0.08007,SENT_ONCE,276,25.573948,6005715751689025,6005715777262973,8304,1,1,6005715778251218,6005715778277412,ACK_INSTALLED,6005715817231204,6005715817231204,6005715817647727,6005715817649685,6005715824405480,39.968231,39.968231,40.384754,6.757753,47.142507,65.958702,72.716455,True,True,True
ADVERSE_STABLE,277,0,10.154687059151811,-5.0,0.07781,SENT_ONCE,277,26.954825,6005715828698490,6005715855653315,8043,1,1,6005715856594044,6005715856639886,ACK_INSTALLED,6005715890626007,6005715890626007,6005715890996061,6005715890997663,6005715897895898,34.972692,34.972692,35.342746,6.899837,42.242583,62.297571,69.197408,True,True,True
ADVERSE_STABLE,278,0,7.858766897950038,-3.75,0.082602,SENT_ONCE,278,24.731921,6005715928705523,6005715953437444,6661,1,1,6005715954319420,6005715954366065,ACK_INSTALLED,6005715990173479,6005715990173479,6005715990526140,6005715990527849,6005715993176780,36.736035,36.736035,37.088696,2.65064,39.739336,61.820617,64.471257,True,True,True
ADVERSE_STABLE,279,0,7.057446570203665,-3.25,0.089509,SENT_ONCE,279,26.942749,6005716028819782,6005716055762531,11792,1,1,6005716057129563,6005716057174055,ACK_INSTALLED,6005716114927209,6005716114927209,6005716115617968,6005716115619400,6005716118396583,59.164678,59.164678,59.855437,2.778615,62.634052,86.798186,89.576801,True,True,True
ADVERSE_STABLE,280,0,8.730147188841162,-4.25,0.083974,SENT_ONCE,280,25.4294,6005716128703219,6005716154132619,9773,1,1,6005716155255801,6005716155301762,ACK_INSTALLED,6005716195449680,6005716195449680,6005716195910728,6005716195912553,6005716202460460,41.317061,41.317061,41.778109,6.549732,48.327841,67.207509,73.757241,True,True,True
ADVERSE_STABLE,281,0,9.25756479353644,-4.5,0.09602,SENT_ONCE,281,26.604217,6005716228713456,6005716255317673,11984,1,1,6005716256836183,6005716256903180,ACK_INSTALLED,6005716292296408,6005716292296408,6005716292833990,6005716292835920,6005716299848052,36.978735,36.978735,37.516317,7.014062,44.530379,64.120534,71.134596,True,True,True
ADVERSE_STABLE,282,0,8.523766249579403,-4.0,0.118704,SENT_ONCE,282,27.301896,6005716328703462,6005716356005358,10375,1,1,6005716357244104,6005716357288464,ACK_INSTALLED,6005716396287111,6005716396287111,6005716396763940,6005716396765856,6005716403110580,40.281753,40.281753,40.758582,6.34664,47.105222,68.060478,74.407118,True,True,True
ADVERSE_STABLE,283,0,9.3201380183595,-4.5,0.086742,SENT_ONCE,283,26.509941,6005716428691275,6005716455201216,8893,1,1,6005716456415206,6005716456437913,ACK_INSTALLED,6005716497063522,6005716497063522,6005716497702301,6005716497704339,6005716504697180,41.862306,41.862306,42.501085,6.994879,49.495964,69.011026,76.005905,True,True,True
ADVERSE_STABLE,284,0,8.596650306634547,-4.0,0.063468,SENT_ONCE,284,27.5067,6005716528693288,6005716556199988,15810,2,1,6005716557923157,6005716557951673,ACK_INSTALLED,6005716596031582,6005716596961990,6005716597856754,6005716597858458,6005716603179960,39.831594,40.762002,41.656766,5.323206,46.979972,69.163466,74.486672,True,True,True
ADVERSE_STABLE,285,0,8.293945802743877,-4.0,0.07718,SENT_ONCE,285,25.20751,6005716628706695,6005716653914205,6433,1,1,6005716654751024,6005716654771393,ACK_INSTALLED,6005716692291076,6005716692291076,6005716692720827,6005716692723055,6005716700004134,38.376871,38.376871,38.806622,7.283307,46.089929,64.014132,71.297439,True,True,True
ADVERSE_STABLE,286,0,9.209594067284817,-4.5,0.072376,SENT_ONCE,286,27.195386,6005716728686101,6005716755881487,10159,1,1,6005716757549065,6005716757575681,ACK_INSTALLED,6005716792818520,6005716792818520,6005716793302831,6005716793304588,6005716800349324,36.937033,36.937033,37.421344,7.046493,44.467837,64.61673,71.663223,True,True,True
ADVERSE_STABLE,287,0,6.602422968405882,-3.0,0.101175,SENT_ONCE,287,25.696157,6005716828695429,6005716854391586,10364,1,1,6005716855559926,6005716855586997,ACK_INSTALLED,6005716979617995,6005716979617995,6005716980076408,6005716980077895,6005716983994250,125.226409,125.226409,125.684822,3.917842,129.602664,151.380979,155.298821,False,True,True
ADVERSE_STABLE,288,0,8.060442664400751,-3.75,0.114639,SENT_ONCE,288,25.780212,6005716928803196,6005716954583408,10347,1,1,6005716955790288,6005716955812922,ACK_INSTALLED,6005716981947578,6005716981947578,6005716982392638,6005716982394495,6005716988506539,27.36417,27.36417,27.80923,6.113901,33.923131,53.589442,59.703343,True,True,True
ADVERSE_STABLE,289,0,8.09345092390902,-3.75,0.074123,SENT_ONCE,289,26.836777,6005717028681943,6005717055518720,13400,2,1,6005717057033201,6005717057059374,ACK_INSTALLED,6005717089894248,6005717089935243,6005717090496082,6005717090497649,6005717096878917,34.375528,34.416523,34.977362,6.382835,41.360197,61.814139,68.196974,True,True,True
ADVERSE_STABLE,290,0,8.840939783110104,-4.25,0.090028,SENT_ONCE,290,25.611374,6005717128691365,6005717154302739,9732,1,1,6005717155408158,6005717155431504,ACK_INSTALLED,6005717188898307,6005717188898307,6005717189351315,6005717189352988,6005717195468026,34.595568,34.595568,35.048576,6.116711,41.165287,60.65995,66.776661,True,True,True
ADVERSE_STABLE,291,0,9.39973194170449,-4.5,0.078452,SENT_ONCE,291,27.355236,6005717228689102,6005717256044338,12447,1,1,6005717257454827,6005717257480288,ACK_INSTALLED,6005717297814994,6005717297814994,6005717298355007,6005717298356562,6005717305090952,41.770656,41.770656,42.310669,6.735945,49.046614,69.665905,76.40185,True,True,True
ADVERSE_STABLE,292,0,9.132878547941644,-4.5,0.100832,SENT_ONCE,292,26.354802,6005717328800616,6005717355155418,9756,1,1,6005717356347055,6005717356372459,ACK_INSTALLED,6005717392154578,6005717392154578,6005717392608245,6005717392609885,6005717398977622,36.99916,36.99916,37.452827,6.369377,43.822204,63.807629,70.177006,True,True,True
ADVERSE_STABLE,293,0,9.836802323208786,-5.0,0.10591,SENT_ONCE,293,27.151342,6005717428684342,6005717455835684,7919,1,1,6005717456776189,6005717456802406,ACK_INSTALLED,6005717491331852,6005717491331852,6005717491712414,6005717491714374,6005717497905195,35.496168,35.496168,35.87673,6.192781,42.069511,63.028072,69.220853,True,True,True
ADVERSE_STABLE,294,0,7.627871489201865,-3.5,0.113808,SENT_ONCE,294,26.028949,6005717528779517,6005717554808466,7969,1,1,6005717555949367,6005717555975050,ACK_INSTALLED,6005717590590089,6005717590590089,6005717590964932,6005717590966776,6005717597243585,35.781623,35.781623,36.156466,6.278653,42.435119,62.185415,68.464068,True,True,True
ADVERSE_STABLE,295,0,10.181249024972596,-5.0,0.078058,SENT_ONCE,295,29.162749,6005717628685521,6005717657848270,8589,1,1,6005717659016136,6005717659059057,ACK_INSTALLED,6005717695739235,6005717695739235,6005717696127612,6005717696129373,6005717702272126,37.890965,37.890965,38.279342,6.144514,44.423856,67.442091,73.586605,True,True,True
ADVERSE_STABLE,296,0,8.1204266240519,-3.75,0.078173,SENT_ONCE,296,26.127879,6005717728674484,6005717754802363,6986,1,1,6005717755917890,6005717755959886,ACK_INSTALLED,6005717795572163,6005717795572163,6005717796224937,6005717796226962,6005717800382780,40.7698,40.7698,41.422574,4.157843,45.580417,67.550453,71.708296,True,True,True
ADVERSE_STABLE,297,0,8.290204903359145,-4.0,0.084562,SENT_ONCE,297,25.126486,6005717828670976,6005717853797462,8194,1,1,6005717854971846,6005717854997182,ACK_INSTALLED,6005717895656051,6005717895656051,6005717896045015,6005717896047013,6005717902278684,41.858589,41.858589,42.247553,6.233669,48.481222,67.374039,73.607708,True,True,True
ADVERSE_STABLE,298,0,8.786809959199726,-4.25,0.072433,SENT_ONCE,298,25.568019,6005717928687418,6005717954255437,7562,1,1,6005717955440418,6005717955465115,ACK_INSTALLED,6005717994939027,6005717994939027,6005717995344784,6005717995346787,6005717997678032,40.68359,40.68359,41.089347,2.333248,43.422595,66.657366,68.990614,True,True,True
ADVERSE_STABLE,299,0,8.13991750816159,-3.75,0.083772,SENT_ONCE,299,26.448888,6005718028673453,6005718055122341,9517,1,1,6005718056432793,6005718056457271,ACK_INSTALLED,6005718098324159,6005718098324159,6005718098745091,6005718098746725,6005718105288574,43.201818,43.201818,43.62275,6.543483,50.166233,70.071638,76.615121,True,True,True
